feat_3,feat_12,feat_33,feat_155,feat_187,feat_245,feat_37,feat_5,feat_19,feat_180,feat_185,feat_255,feat_189,feat_149,feat_230,feat_175,feat_145,feat_254,feat_39,feat_169,feat_164,feat_213,feat_107,feat_194,feat_163,feat_198,feat_229,feat_205,feat_18,feat_223,feat_139,feat_25,feat_36,feat_40,feat_127,feat_190,feat_210,feat_28,feat_158,feat_13,feat_15,feat_150,feat_250,feat_20,feat_144,feat_239,feat_218,feat_209
-0.809327,0.791922,0.559389,0.438495,0.360722,0.388055,-1.223781,0.204238,0.515070,0.242913,0.423321,0.425653,0.734470,0.749554,0.458141,0.522616,0.474534,0.793232,-1.198821,1.157939,1.356106,-0.765236,-1.503385,1.486605,-0.756705,-1.405684,1.075989,0.295082,-0.560886,-0.542940,0.250431,0.257924,293.108758,1.156442,-1.875874,0.249569,0.396587,1.482541,-0.473214,0.289114,0.151944,0.292477,0.312357,0.314236,2.427825,0.590849,-1.016824,1.120550
0.413161,1.049666,0.381976,0.027232,0.319396,0.044101,-0.858802,0.074565,-0.548044,0.032870,0.068394,0.121663,0.418022,-0.001625,0.037739,0.043828,0.016485,0.106799,-1.015861,0.553485,0.088889,-0.190198,-1.325968,0.072091,0.041382,-0.170080,0.349245,0.083356,-0.647739,-0.378276,0.152845,0.149855,163.751903,0.950772,-1.584093,0.044172,0.063370,1.007149,-0.294222,0.932190,0.069244,0.002747,0.080301,0.031052,0.165323,0.081963,0.392116,0.183904
1.814680,0.624426,0.300088,0.058758,0.336957,0.379371,-1.428980,0.156245,-0.175860,0.023055,0.059862,0.408000,0.379111,0.013998,0.211023,0.124665,0.036213,1.021573,-0.984550,0.979523,0.135040,-0.010198,-1.558352,0.454893,0.050437,-0.019415,0.599033,0.077012,-0.430432,-0.319820,0.150560,0.284132,135.308098,0.850653,-1.633402,0.015056,0.140123,1.229508,-0.303782,0.583456,0.029206,0.014051,0.234386,0.090893,0.167520,0.738914,0.213604,0.305680
-0.692626,0.661267,4.653386,0.214398,0.550213,0.388110,-1.668912,1.121718,-0.017715,0.132616,0.328046,0.508846,0.952141,0.527886,0.519368,0.393464,0.307341,0.966672,-1.745017,0.588743,0.115799,-0.653259,-1.459617,0.338489,-0.935338,-0.949512,0.787304,0.250178,-0.834883,-0.656609,0.285654,0.538028,1718.318310,1.530777,-1.646320,0.190620,0.237158,1.840116,-0.519000,-0.587506,0.399879,0.126058,0.395547,0.205920,1.371709,0.784113,-1.186553,0.772817
-0.692626,0.710935,0.887776,0.314172,0.640826,0.275358,-1.609938,0.861680,1.532900,0.178212,0.433363,0.462172,0.952141,0.527886,0.619933,0.495892,0.337784,0.966672,-1.586461,1.435954,1.165432,-0.653259,-1.660543,0.739138,-0.935338,-0.949512,1.247021,0.262802,-0.834883,-0.635658,0.285654,1.224708,377.472509,1.407008,-1.545635,0.680922,0.292691,1.380654,-0.990302,-1.160777,0.730679,0.125464,0.357930,0.857801,1.371709,0.784113,-1.186553,0.772817
-0.796630,0.517338,0.295952,0.388982,0.681650,0.416922,-1.634344,0.655660,1.532900,0.441386,0.462835,0.374567,1.074263,1.086249,0.704886,0.599560,0.374125,0.847131,-1.610888,1.435954,1.165432,-1.455026,-1.703298,1.870433,-1.348090,-1.379989,1.117849,0.539013,0.686945,-1.051252,2.291126,0.936865,134.942868,1.428229,-1.819417,0.721103,0.563274,1.065717,-0.985036,-1.159584,0.593069,0.404212,0.526639,0.244539,1.295177,0.842703,-1.657758,1.883917
-0.796630,0.498435,1.968558,0.289589,0.594589,0.257697,-1.511281,0.678659,1.094114,0.336731,0.435970,0.407489,1.074263,1.086249,0.603949,0.538438,0.316855,0.756463,-1.280821,0.754910,0.081360,-1.455026,-1.896405,1.870433,-1.348090,-1.379989,1.167413,0.442772,-0.695501,-1.189778,2.291126,0.167717,681.663842,1.073195,-1.698403,0.166689,0.539455,1.694036,-0.325471,0.273529,0.215147,0.207724,0.575799,0.503958,1.295177,0.842703,-1.657758,1.883917
-1.473139,0.637542,2.024813,0.291975,0.657606,0.416818,-1.465523,0.919031,0.613105,0.165835,0.584510,0.696038,1.087481,1.140596,0.697528,0.454855,0.321105,1.267332,-1.459430,0.635900,0.075909,-0.452044,-1.759736,0.377933,-1.353276,-1.398095,1.167413,0.284403,-1.380597,-1.189778,0.157823,0.508615,886.703318,1.310105,-1.668242,0.197585,0.385805,1.786757,-0.850396,-0.682335,0.421442,0.233482,0.453834,0.617464,1.375178,1.083337,-1.076251,1.525908
-1.473139,0.719728,0.716347,0.413684,0.769982,0.333151,-1.572641,0.911536,1.003707,0.230739,0.608655,0.738032,1.087481,1.140596,0.701665,0.535375,0.305547,1.267332,-1.448986,1.076006,1.127537,-0.452044,-1.762695,0.885303,-1.353276,-1.398095,1.206739,0.337762,-1.380597,-0.839766,0.347546,0.969940,349.704912,1.326243,-1.796910,0.821926,0.434000,1.694921,-1.137143,-1.101441,0.792161,0.240267,0.365327,0.850835,1.375178,1.083337,-1.076251,1.525908
-0.750009,0.542025,0.500656,0.680151,0.826867,0.356434,-1.653980,0.559669,1.003707,0.449366,0.578721,0.428562,1.254109,1.420959,0.697330,0.704846,0.551109,1.184281,-1.625713,1.108035,1.154939,-1.311928,-1.795676,1.767378,-1.533057,-1.386129,1.206739,0.599382,0.041111,-0.986040,1.804663,0.540390,196.270401,1.531901,-1.837746,0.871715,0.461841,1.452555,-1.137143,-1.038797,0.592737,0.500356,0.317427,0.215435,1.502986,1.232306,-0.681284,1.180366
-0.750009,0.565876,1.383705,0.512999,0.618146,0.260546,-1.100712,0.517965,0.572592,0.308070,0.639110,0.868186,1.254109,1.420959,0.673196,0.687386,0.397385,1.529983,-0.475138,1.108035,0.119395,-1.311928,-1.716388,1.767378,-1.533057,-1.312048,1.292497,0.347612,-0.840010,-1.278932,1.804663,0.187500,518.468449,0.425566,-1.673740,0.226624,0.359218,1.474615,-0.321092,0.308467,0.223965,0.297962,0.446721,0.408743,1.502986,1.232306,-0.681284,1.180366
-1.767143,0.653678,1.293475,0.276126,0.638431,0.461230,-1.662543,0.905131,0.154839,0.187508,0.683914,0.931026,1.090921,1.103552,0.827338,0.516298,0.331230,1.744390,-1.590438,0.562452,0.119395,-0.916242,-1.859126,0.410474,-1.485252,-1.399690,1.292497,0.331215,-1.502841,-1.278932,0.132547,0.741364,623.167038,1.370132,-1.714507,0.208743,0.400933,1.516505,-0.962999,-0.723195,0.431120,0.220949,0.432710,0.519632,1.944740,1.373651,-1.047633,1.577535
-1.767143,0.715554,0.595921,0.358336,0.754106,0.504388,-1.581844,0.941852,0.913495,0.254883,0.674873,0.737011,1.090921,1.103552,0.815682,0.563655,0.307353,1.744390,-1.294733,1.148222,1.363125,-0.916242,-1.782234,0.355392,-1.485252,-1.399690,1.191977,0.363662,-1.502841,-0.702696,0.394838,1.028584,310.783470,1.098368,-1.567284,0.803145,0.456252,1.114680,-1.117252,-1.102046,0.785930,0.241629,0.390351,0.882071,1.944740,1.373651,-1.047633,1.577535
-1.021900,0.563540,0.397719,0.591348,0.777436,0.281489,-1.581354,0.629323,0.913495,0.399567,0.500374,0.432946,1.190730,1.458336,0.633655,0.785535,0.596625,0.666032,-1.535613,1.043380,1.363125,-1.913490,-1.649895,1.444982,-1.703125,-1.398726,1.191977,0.606532,-0.073762,-0.837177,1.281441,0.923183,169.317313,1.306706,-1.589146,0.820885,0.555880,1.121724,-1.112107,-1.025325,0.595619,0.558305,0.350465,0.214977,2.421172,0.889168,-1.332190,1.235676
-1.021900,0.674055,1.491914,0.465749,0.585670,0.287461,-0.525711,0.568270,0.510625,0.260754,0.452056,0.857311,1.190730,1.458336,0.716239,0.777588,0.480528,1.266693,-0.190510,0.938122,0.060741,-1.913490,-1.339704,1.444982,-1.703125,-1.398726,1.435092,0.381634,-1.022452,-1.245975,1.281441,0.308240,572.793257,0.200328,-1.627389,0.212831,0.448457,1.506003,-0.347424,0.381464,0.233607,0.382970,0.647231,0.473109,2.421172,0.889168,-1.332190,1.235676
-2.262482,0.692272,1.648890,0.287391,0.629825,0.330230,-1.501674,0.969382,-0.027472,0.150709,0.758777,1.138008,0.928341,0.863636,0.669380,0.591321,0.404244,2.040979,-1.426982,0.629909,0.077123,-0.448201,-1.537315,0.221152,-1.511161,-1.389954,1.435092,0.295935,-1.574536,-1.245975,0.151715,0.414481,748.251234,1.180139,-1.678191,0.204827,0.413565,1.670743,-1.030817,-0.775667,0.485161,0.181842,0.608830,0.475857,1.922283,1.127775,-0.942596,1.424460
-2.262482,0.658887,0.821461,0.438524,0.746720,0.559447,-1.612117,1.084835,0.773073,0.233639,0.728890,0.936190,0.928341,0.863636,0.573880,0.577264,0.379548,2.040979,-1.535112,0.968611,1.410853,-0.448201,-1.659932,0.692338,-1.511161,-1.389954,1.091505,0.325466,-1.574536,-0.650282,0.278704,0.694139,372.836793,1.309159,-1.726438,0.791597,0.474032,1.926465,-1.456363,-1.111419,0.727700,0.237492,0.455467,0.858992,1.922283,1.127775,-0.942596,1.424460
-1.113407,0.575588,0.665603,0.682036,0.759027,0.325754,-1.648412,0.607684,0.773073,0.474672,0.565112,0.262323,1.047691,2.262908,0.503623,1.184722,0.611557,0.668048,-1.602992,1.432283,1.410853,-1.826530,-1.668585,1.536079,-1.669046,-1.423557,0.941076,0.615923,-0.342151,-1.005774,1.653628,0.904350,251.531495,1.441744,-1.719166,0.799984,0.727678,0.998389,-1.276759,-0.964564,0.570977,0.509381,0.386803,0.253242,2.666885,1.132293,-0.917682,1.616067
-1.113407,0.734664,2.620951,0.564837,0.548315,0.417948,-1.347537,0.435890,0.444111,0.354736,0.565939,1.090525,1.047691,2.262908,0.591022,1.123551,0.394978,2.671109,-1.386497,1.432283,0.208083,-1.826530,-1.408930,1.536079,-1.669046,-1.423557,1.317035,0.389874,-1.138726,-1.074442,1.653628,0.408050,859.302862,1.242881,-1.657049,0.198399,0.669492,1.183095,-0.655149,0.455794,0.204793,0.327784,0.631127,0.447115,2.666885,1.132293,-0.659601,1.616067
-1.721671,0.737997,2.258831,0.428503,0.620285,0.441738,-1.705493,0.732930,-0.293201,0.193690,0.767589,1.175979,1.020298,1.090065,0.626720,0.590933,0.329738,2.671109,-1.646262,0.638809,0.035895,-0.145845,-1.351990,0.231594,-1.275772,-1.395107,1.317035,0.343428,-1.515565,-1.074442,0.290213,0.324469,926.150958,1.411605,-1.601762,0.218667,0.445966,1.459461,-0.953083,-0.856343,0.514981,0.199256,0.579462,0.412154,1.477595,0.887546,-0.519424,1.782351
-1.721671,0.704553,0.763913,0.592431,0.738136,0.411440,-1.717111,0.890684,0.858504,0.258335,0.704334,0.742695,1.020298,1.090065,0.559575,0.671322,0.389305,1.669808,-1.788723,0.908224,1.490874,-0.145845,-1.830942,1.170017,-1.275772,-1.395107,0.923049,0.384716,-1.515565,-0.565774,0.290213,0.394905,347.013741,1.541915,-1.516485,0.786227,0.494192,1.266835,-1.231230,-1.155885,0.768568,0.241452,0.390356,0.893496,1.477595,0.887546,-0.966754,1.782351
-1.036873,0.578555,0.708255,0.690988,0.748210,0.293380,-1.646528,0.580912,0.858504,0.459242,0.638360,0.268010,0.998685,1.686458,0.510063,1.020154,0.751969,0.777519,-1.506193,1.203906,1.492263,-1.256621,-1.381938,1.698831,-1.756667,-1.386632,0.762854,0.652047,-0.043388,-1.039198,2.137013,0.419629,274.488896,1.365083,-1.611677,0.787316,0.816212,1.546053,-1.230207,-1.026349,0.599230,0.472142,0.434794,0.190268,2.536069,1.177245,-1.331084,2.015965
-1.036873,0.679995,2.593793,0.514699,0.544528,0.332768,-1.516152,0.454518,0.605129,0.354499,0.616299,1.051021,0.998685,1.686458,0.561000,0.836642,0.427241,2.429655,-1.339284,1.203906,0.161291,-1.256621,-1.546254,1.698831,-1.756667,-1.386632,1.070676,0.479074,-0.890799,-1.068570,2.137013,0.370404,874.175287,1.201766,-1.573237,0.199534,0.792340,1.537938,-0.532965,0.419529,0.194495,0.294102,0.670913,0.426014,2.536069,1.177245,-0.399507,2.015965
-0.657692,0.711035,2.237095,0.550738,0.626853,0.603021,-1.497267,0.419917,0.049964,0.134548,1.061483,1.031863,1.134442,1.010772,0.723712,0.738543,0.397509,2.429655,-1.371855,0.947300,0.046150,-0.282475,-1.488540,0.364021,-1.195221,-1.394679,1.082569,0.353239,-1.350134,-1.068570,0.373636,0.260922,943.627029,1.162848,-1.671823,0.256512,0.452215,1.525593,-0.694762,-1.045897,0.558919,0.225085,0.567286,0.421310,2.052899,0.682248,-0.629912,1.571957
-0.657692,0.701501,0.732385,0.676551,0.760901,0.544731,-1.589977,0.536630,0.813824,0.270422,1.030947,0.525694,1.134442,1.010772,0.726254,0.763049,0.416750,0.993410,-1.464745,0.947300,1.685109,-0.282475,-1.627944,0.992034,-1.195221,-1.394679,1.242919,0.376348,-1.350134,-0.572228,0.373636,0.359441,336.936432,1.243577,-1.604661,0.810356,0.503410,1.220295,-1.096824,-1.195990,0.767551,0.258330,0.379652,0.814410,2.052899,0.676806,-0.971466,1.571957
-0.734893,0.561939,0.321195,0.695026,0.737878,0.245909,-1.767060,0.540442,0.813824,0.467869,0.788407,0.486171,1.021027,1.004050,0.558233,0.763083,0.638327,1.088963,-1.669672,1.067952,1.685109,-1.515823,-1.679729,1.959104,-1.087956,-1.419847,1.242919,0.579329,-0.138973,-0.874466,2.467831,0.377518,140.528805,1.410370,-1.709376,0.782698,0.554137,1.161085,-1.095646,-0.968049,0.550868,0.435555,0.382725,0.228814,2.352956,1.092146,-1.300294,1.522332
-0.734893,0.689345,1.893120,0.524644,0.586124,0.379904,-1.409197,0.674751,0.398555,0.268310,0.756740,0.783633,1.021027,1.004050,0.525686,0.608399,0.373961,1.428810,-0.951738,1.067952,0.107365,-1.127164,-1.671514,1.959104,-1.087956,-1.419847,1.230701,0.331750,-1.053530,-1.171159,2.467831,0.153597,629.349809,0.881990,-1.517921,0.157567,0.440476,1.380583,-0.487868,0.475925,0.178256,0.206673,0.440818,0.425602,2.352956,1.092146,-0.837773,1.522332
-2.027816,0.700316,2.043918,0.277563,0.650347,0.380788,-1.352048,1.052999,-0.084620,0.184437,0.647466,0.806323,0.997009,0.925621,0.599963,0.464423,0.338484,1.428810,-0.882273,0.577383,0.101187,-0.469622,-1.642026,0.543368,-1.324896,-1.380985,1.230701,0.311165,-1.585425,-1.171159,0.231823,0.387326,861.846411,0.852464,-1.633855,0.185779,0.391035,1.454053,-1.023823,-0.730523,0.444008,0.208868,0.381600,0.480076,1.648283,1.239910,-0.948149,1.702666
-2.027816,0.699059,0.902602,0.451520,0.734021,0.246683,-1.512203,1.086190,0.899809,0.227777,0.670582,0.654403,0.997009,0.925621,0.636214,0.515341,0.324091,1.423821,-1.436938,1.058880,0.994968,-0.469622,-1.644766,1.072665,-1.324896,-1.380985,1.131115,0.351002,-1.585425,-0.625512,0.321326,1.056499,428.954402,1.339252,-1.617141,0.779482,0.465220,1.394136,-1.175096,-1.113611,0.766241,0.234598,0.348228,0.920615,1.648283,1.239910,-1.099231,1.702666
-1.193586,0.604174,0.367314,0.832979,0.769118,0.275135,-1.613349,0.626344,0.899809,0.515967,0.805923,0.414342,1.121628,1.645757,0.669449,1.046975,0.639875,0.864801,-1.776684,1.187431,1.061358,-1.530158,-1.723022,2.629287,-1.882364,-1.405140,1.131115,0.643998,0.130775,-1.323944,2.699104,0.817283,161.629254,1.518835,-1.776622,0.811070,0.620303,1.132715,-1.162321,-1.050239,0.635563,0.446551,0.416907,0.223644,2.262900,1.398454,-1.120214,1.667484
-1.193586,0.665253,1.586102,0.670833,0.596883,0.283705,-1.478766,0.572387,0.408570,0.449475,0.808274,0.762595,1.121628,1.645757,0.660964,1.031305,0.522381,1.723172,-1.520034,1.187431,0.148273,-1.530158,-1.883154,2.629287,-1.882364,-1.405140,1.324560,0.463681,-0.926787,-1.323944,2.699104,0.189573,553.476515,1.282565,-1.586105,0.210807,0.564929,1.184868,-0.390843,0.440483,0.180888,0.307631,0.572987,0.407258,2.262900,1.398454,-1.120214,1.667484
-0.886281,0.673305,1.517377,0.199776,0.652197,0.377378,-1.429578,0.592010,0.308170,0.141950,0.460116,0.815696,1.116011,0.853751,0.718911,0.414718,0.365614,1.723172,-1.432224,0.772977,0.487531,-0.708390,-1.735320,0.382059,-1.044743,-1.397940,1.324560,0.369617,-1.374988,-1.096457,0.298498,0.534049,663.863477,1.268104,-1.762358,0.242144,0.404290,1.423483,-0.625953,-0.854301,0.512660,0.222768,0.508611,0.454749,1.642104,0.877731,-1.391457,1.644130
-0.886281,0.719909,0.658532,0.376049,0.743076,0.298083,-1.486155,0.622727,0.720288,0.216329,0.456101,0.712170,1.116011,0.853751,0.709096,0.544705,0.424674,1.101464,-1.447205,1.150803,0.790697,-0.708390,-1.417682,1.239626,-1.044743,-1.397940,1.337586,0.381972,-1.374988,-0.638768,0.319952,0.980326,305.956265,1.239225,-1.687636,0.794870,0.370263,1.566746,-1.008492,-1.099712,0.771862,0.215042,0.438933,0.821410,1.642104,0.877731,-1.391457,0.838939
-0.826862,0.577451,0.425810,0.704659,0.744826,0.312566,-1.580995,0.501447,0.720288,0.444924,0.399262,0.545482,1.069713,1.724299,0.583979,0.697742,0.399381,0.824291,-1.623996,1.095469,0.790697,-0.874076,-1.652375,1.766599,-1.250857,-1.383082,1.322690,0.569640,-0.029611,-0.780310,1.915115,0.469556,180.008507,1.405405,-1.744614,0.783523,0.487788,1.129349,-1.008492,-1.048408,0.611023,0.481140,0.586043,0.187764,1.294893,0.604211,-1.227404,1.384173
-0.826862,0.668616,1.612323,0.530449,0.574344,0.274871,-1.088667,0.476244,0.398159,0.322871,0.432121,0.806756,1.069713,1.724299,0.487554,0.629375,0.293481,1.363405,-1.061593,1.095469,0.114974,-0.874076,-1.780680,1.766599,-1.250857,-1.383082,1.027003,0.341965,-0.834375,-1.166470,1.915115,0.335531,550.090387,0.992890,-1.685768,0.190466,0.448543,1.457444,-0.461873,0.448906,0.200772,0.292299,0.559513,0.369430,1.294893,0.604211,-1.227404,1.384173
-1.629127,0.702246,1.468829,0.240374,0.626060,0.368900,-1.382839,0.714556,0.136069,0.137467,0.625197,0.731189,1.063544,1.353704,0.520649,0.494279,0.262393,1.363405,-1.165978,0.748315,0.074346,-0.791156,-1.712239,0.287421,-1.368064,-1.379802,1.027003,0.359205,-1.226973,-1.166470,0.142567,0.207363,630.327829,1.028819,-1.781389,0.226014,0.325579,1.393868,-1.108693,-0.866623,0.513178,0.258466,0.502287,0.391545,1.305691,0.835330,-1.073043,1.627836
-1.629127,0.706697,0.567896,0.332099,0.736146,0.339393,-1.560452,0.833131,0.761366,0.260611,0.710909,0.598801,1.063544,1.353704,0.534802,0.597744,0.278339,0.806065,-1.462527,1.092215,1.429417,-0.791156,-1.778555,0.787259,-1.368064,-1.379802,1.110664,0.395703,-1.226973,-0.653206,0.396237,0.243493,269.044316,1.324020,-1.615573,0.781208,0.400262,1.097741,-1.391841,-1.184823,0.780706,0.280850,0.462271,0.749352,1.305691,0.835330,-1.073043,1.627836
-1.026649,0.609119,0.335487,0.602415,0.710271,0.431342,-1.690889,0.613653,0.761366,0.378987,0.374407,0.437829,0.932100,2.144590,0.622748,0.671739,0.530419,0.964742,-1.536475,1.300062,1.429417,-1.102500,-1.776317,1.047590,-1.464102,-1.397127,1.110664,0.526157,-0.175932,-0.794165,1.009835,0.696459,157.576471,1.281329,-1.794487,0.748613,0.653441,1.232206,-1.186333,-1.144374,0.637438,0.507455,0.311272,0.224089,2.893189,0.527389,-1.136688,1.740317
-1.026649,0.710716,1.608890,0.437049,0.572049,0.340503,-1.290159,0.677861,0.375235,0.221944,0.330662,0.572175,0.932100,2.144590,0.573180,0.644971,0.412764,0.964742,-1.188990,1.300062,0.236168,-1.102500,-1.556829,1.047590,-1.464102,-1.397127,1.095779,0.264824,-0.831284,-0.951887,1.009835,0.264761,539.617276,1.101732,-1.641157,0.147582,0.573713,1.846935,-0.477648,0.544233,0.131656,0.407898,0.354836,0.370101,2.893189,0.527389,-1.136688,1.740317
0.243849,0.789266,1.470338,0.326131,0.610687,0.434797,-1.411756,0.367832,0.581504,0.080347,0.307936,0.504464,1.187145,0.760497,0.598843,0.367038,0.257574,0.944588,-1.407538,1.177315,0.735521,-0.846751,-1.506657,0.460770,-1.065097,-1.328166,1.123129,0.382704,-1.022918,-0.951887,0.466731,0.890774,600.255773,1.271185,-1.730081,0.489769,0.241909,1.904149,-0.912966,-1.107620,0.830660,0.221557,0.359800,0.484613,0.932812,0.501038,-1.361954,0.643526
-1.048364,0.643960,0.603928,0.617068,0.504564,0.259624,-1.409946,0.544682,0.707017,0.311004,0.478648,0.454492,0.811065,2.044596,0.325855,0.757549,0.582328,0.829528,-1.290693,1.325284,1.161863,-2.062610,-1.624215,1.638822,-1.430100,-1.396752,0.536085,0.453338,-0.194121,-0.832913,0.901078,0.375055,322.115054,1.323271,-1.686354,0.550551,0.579929,1.401287,-0.987891,-0.894723,0.449560,0.392340,0.492369,0.280700,3.657552,0.381353,-1.133471,1.302869
0.041372,1.070743,0.419609,0.007028,0.333071,0.178894,-0.951196,0.172354,-0.553440,0.021745,0.043772,0.127735,0.379238,-0.010645,0.148888,0.072440,0.016611,0.151579,-1.074980,0.562566,0.105457,-0.006766,-1.190129,0.093908,0.042434,-0.104788,0.581200,0.066526,-0.866019,-0.393131,0.124932,0.159413,199.159746,0.983641,-1.503845,0.028743,0.088163,1.210991,-0.281229,1.043569,0.008084,0.003266,0.151360,0.069799,0.159557,0.421460,0.491737,0.334625
0.592899,1.070656,3.794868,0.008738,0.300913,0.182037,-1.061317,0.062656,-0.813171,0.019450,0.038836,0.404380,0.342438,0.022974,0.169852,0.101023,0.015784,0.492400,-0.805603,0.545023,0.077345,-0.052592,-0.989788,0.039646,0.000316,-0.088180,0.399203,0.058712,-1.345964,-0.525376,0.123429,0.285455,1195.854553,0.691848,-1.634902,0.017550,0.073592,1.668144,-0.279762,1.000382,0.038042,0.007264,0.198231,0.158550,0.147603,0.394268,0.728918,0.217556
-0.636056,0.679164,0.417176,0.364236,0.444517,0.205860,-1.270092,0.667960,0.724192,0.173617,0.432119,0.261052,0.585746,0.628526,0.229358,0.381142,0.271292,0.363757,-1.205981,0.871550,1.363918,-0.633844,-1.620426,0.891193,-0.527873,-0.786939,0.702514,0.231920,-0.007206,-0.566431,0.543272,0.395864,234.524764,1.095033,-1.680467,0.468101,0.356174,1.325711,-0.812782,-1.201799,0.704505,0.217072,0.228335,0.223955,0.698289,0.318736,-0.171847,0.715035
0.203366,0.831515,0.283625,0.017529,0.338434,0.145840,-1.630964,0.346635,-0.114239,0.025410,0.093013,0.118895,0.369918,-0.003271,0.098648,0.062028,0.018067,0.406954,-1.492612,1.118654,0.087603,-0.001921,-1.291388,0.193713,0.028676,-0.084790,0.508755,0.050924,-0.564595,-0.393973,0.123933,0.116245,138.671801,1.355679,-1.478003,0.023791,0.093735,1.140513,-0.280193,0.778639,0.031941,0.004342,0.158448,0.151413,0.153731,0.262106,0.413173,0.232286
1.547781,0.714895,0.741745,0.034589,0.361677,0.357964,-1.703858,0.218458,-0.360791,0.022155,0.088588,0.477835,0.402234,0.007887,0.272053,0.091756,0.024334,1.208627,-1.646912,0.589048,0.113603,-0.205369,-1.552153,0.408299,0.048206,-0.003073,0.708818,0.054645,-0.532770,-0.434601,0.146968,0.809723,246.633481,1.418057,-1.651326,0.018072,0.115885,1.722379,-0.281940,0.679226,0.021095,0.006346,0.270475,0.043858,0.174014,0.916061,0.398087,0.348067
-1.372662,0.673494,3.606204,0.192310,0.554995,0.323460,-1.604988,1.245366,0.196682,0.133190,0.338936,0.424706,0.916771,0.638781,0.581151,0.383478,0.227115,0.837661,-1.500724,0.607290,0.095849,-0.460948,-1.490300,0.328549,-0.995640,-0.855375,1.089255,0.257630,-0.877988,-0.659438,0.324081,0.781943,1270.689847,1.250711,-1.696426,0.173472,0.185060,1.751377,-0.801226,-0.704667,0.456745,0.155670,0.427335,0.238809,1.064493,0.868198,-0.848586,0.687425
-1.372662,0.655935,1.051896,0.329667,0.650188,0.303205,-1.667155,0.971077,1.373045,0.172619,0.463788,0.387122,0.916771,0.638781,0.632541,0.482479,0.281531,0.837661,-1.525305,0.889612,1.060220,-0.460948,-1.771427,0.895363,-0.995640,-0.855375,1.147969,0.268724,-0.877988,-0.509268,0.324081,0.727814,427.549585,1.275607,-1.832832,0.694980,0.245575,1.079254,-1.078674,-1.062679,0.677463,0.155502,0.249500,0.818502,1.064493,0.854431,-0.848586,0.687425
-0.707685,0.539565,0.355133,0.474244,0.718401,0.290086,-1.611271,0.581888,1.373045,0.449387,0.556727,0.359871,1.020099,0.958199,0.641273,0.687419,0.457830,0.754466,-1.754595,0.917443,0.745125,-1.756565,-1.762319,2.023162,-1.432823,-1.387447,0.922534,0.630186,0.589261,-1.272222,2.182077,0.744065,161.431319,1.550264,-1.903294,0.754476,0.563259,1.046317,-1.006862,-1.034657,0.572217,0.416951,0.418971,0.204915,1.699913,1.229768,-1.230135,1.419980
-0.707685,0.612279,2.170106,0.311241,0.577296,0.252072,-1.333193,0.542210,1.007911,0.357623,0.564456,0.467569,1.020099,0.958199,0.605959,0.648921,0.313374,0.606026,-1.465267,0.832041,0.095585,-1.756565,-2.104493,2.023162,-1.432823,-1.387447,1.166498,0.465873,-0.751482,-1.272222,2.182077,0.273524,746.395568,1.128897,-1.428982,0.169795,0.526337,1.373720,-0.329217,0.362446,0.229423,0.213365,0.370640,0.508409,1.699913,1.229768,-1.230135,1.419980
-1.702934,0.717391,2.150388,0.329229,0.650222,0.423268,-1.324843,0.894006,0.404188,0.147186,0.658561,0.750924,1.041535,0.999172,0.677889,0.488767,0.343837,1.589686,-1.066054,0.569230,0.093651,-0.615952,-1.817842,0.394856,-1.401392,-1.389194,1.166498,0.298351,-1.486716,-1.153385,0.134646,0.470256,925.566250,0.963996,-1.764367,0.201597,0.366005,1.668263,-0.808098,-0.678132,0.442833,0.195202,0.321154,0.574770,1.844550,1.268895,-1.066486,1.574872
-1.702934,0.728324,0.652036,0.402137,0.755879,0.357536,-1.611669,0.931305,0.817523,0.211550,0.666123,0.765395,1.041535,0.999172,0.668041,0.527073,0.314221,1.589686,-1.537093,1.116303,1.040911,-0.615952,-1.799922,0.574151,-1.401392,-1.389194,1.215177,0.347638,-1.486716,-0.690983,0.374724,0.725188,303.903658,1.357376,-1.380094,0.805050,0.409715,1.331069,-1.124876,-1.113679,0.802552,0.222214,0.326358,0.817730,1.844550,1.268895,-1.215018,1.574872
-1.026552,0.578574,0.329533,0.616225,0.813845,0.288300,-1.628853,0.581833,0.817523,0.464472,0.730945,0.512966,1.238467,1.349834,0.699299,0.834111,0.594791,1.189090,-1.587855,1.142586,1.040911,-1.416515,-1.809967,2.119725,-1.873043,-1.402151,1.132526,0.607775,0.093980,-0.952955,2.555835,0.442281,147.652795,1.219803,-1.847853,0.854394,0.459159,1.002425,-1.124876,-1.030785,0.605947,0.461009,0.330774,0.166183,1.412533,1.136381,-0.561935,1.412263
-1.026552,0.643970,1.768238,0.442068,0.603513,0.329830,-1.333672,0.633263,0.491637,0.327355,0.740890,0.819272,1.238467,1.349834,0.725732,0.849785,0.379974,1.189090,-1.389889,0.870148,0.085444,-1.295043,-2.084922,2.119725,-1.873043,-1.402151,1.225896,0.356823,-0.848121,-1.247171,2.555835,0.308432,592.540204,1.122964,-1.458725,0.213011,0.408109,1.732927,-0.354479,0.359618,0.224264,0.233646,0.381511,0.399171,1.412533,1.136381,-0.080205,1.412263
-1.666004,0.708851,1.756349,0.280879,0.643945,0.418027,-1.356222,0.907566,0.093980,0.161947,0.686915,0.882558,1.062831,1.071854,0.717322,0.496751,0.317544,1.616782,-1.174901,0.543330,0.085444,-0.729606,-1.933049,0.468046,-1.353728,-1.263390,1.225896,0.281469,-1.594612,-1.247171,0.133652,0.795545,771.455185,1.001965,-1.635427,0.200375,0.289579,1.819023,-0.928783,-0.717354,0.449517,0.207670,0.463541,0.526952,1.536297,1.308021,-1.386446,1.298921
-1.666004,0.712731,0.591561,0.383287,0.765286,0.499698,-1.391969,0.908175,0.940585,0.241042,0.621812,0.770432,1.062831,1.071854,0.708235,0.541883,0.290620,1.616782,-1.061780,1.104560,1.174347,-0.729606,-1.413343,0.332937,-1.353728,-1.263390,1.233866,0.327244,-1.594612,-0.697498,0.378842,0.938799,318.368940,0.924593,-1.741513,0.819556,0.369969,1.521167,-1.112223,-1.105489,0.783390,0.229138,0.446151,0.922398,1.536297,1.308021,-1.386446,1.298921
-1.048643,0.578211,0.511028,0.664558,0.788245,0.239549,-1.790371,0.642290,0.940585,0.459167,0.484789,0.430483,1.149814,1.464618,0.600381,0.671904,0.534774,0.650817,-1.787198,1.040750,1.185659,-1.473386,-1.609586,1.524195,-1.448998,-1.384062,1.233866,0.618670,-0.133800,-0.976603,1.759448,0.834762,199.484181,1.569534,-1.766626,0.834155,0.537165,1.558428,-1.112223,-1.008843,0.585331,0.513043,0.378719,0.246796,2.059926,1.115500,-0.847814,1.332062
-1.048643,0.689628,1.770207,0.538805,0.572389,0.266910,-1.325433,0.524814,0.517519,0.200856,0.471308,1.072617,1.149814,1.464618,0.663296,0.656835,0.317834,2.067049,-1.304883,0.922737,0.089461,-1.104659,-1.723125,1.524195,-1.448998,-1.384062,1.435182,0.369661,-1.254545,-1.159899,1.759448,0.279827,639.293953,1.199013,-1.671646,0.190061,0.452778,1.445662,-0.351258,0.427272,0.215285,0.259154,0.560110,0.499204,2.059926,1.115500,-0.847814,1.332062
-1.806487,0.732622,1.492302,0.324598,0.633755,0.346831,-1.387599,0.838349,-0.193588,0.189486,0.732356,1.384635,0.996946,0.828078,0.750269,0.550079,0.318144,2.578317,-1.296007,0.644884,0.057328,-0.351784,-1.692387,0.081708,-1.635326,-1.412693,1.435182,0.298983,-1.726919,-1.159899,0.213188,0.283049,709.355233,1.148672,-1.761070,0.201809,0.412687,1.538914,-0.800929,-0.872129,0.501669,0.183978,0.669373,0.508020,1.667839,1.593823,-0.988150,1.748544
-1.806487,0.711599,0.449763,0.453453,0.739747,0.594050,-1.476664,0.944646,0.851857,0.255784,0.769113,1.052178,0.996946,0.828078,0.669010,0.597213,0.335898,2.578317,-1.385306,1.087610,1.693639,-0.351784,-1.731838,1.325711,-1.635326,-1.412693,0.920699,0.331275,-1.726919,-0.617034,0.213188,0.476122,245.815423,1.123177,-1.722307,0.788996,0.472816,1.340010,-1.260363,-1.141470,0.767810,0.219326,0.602623,0.949823,1.667839,1.593823,-0.988150,1.748544
-0.985786,0.570381,0.561242,0.672071,0.756424,0.187573,-1.776233,0.548827,0.851857,0.461856,0.762667,0.301710,1.060530,1.271941,0.507885,1.095062,0.600389,0.552466,-1.897263,1.158721,1.695379,-1.377068,-1.650006,1.427499,-1.086564,-1.415018,0.903746,0.596415,-0.271661,-0.895557,1.998980,0.675044,230.325387,1.523256,-1.631688,0.797584,0.596233,1.527661,-1.260363,-0.997123,0.581996,0.441563,0.393566,0.252128,1.788022,0.994304,-0.945876,1.322653
-0.985786,0.736278,2.610053,0.487468,0.545954,0.374398,-1.134134,0.473567,0.435783,0.193746,0.744878,1.062555,1.060530,1.271941,0.572227,0.922069,0.324254,2.666067,-0.897074,1.158721,0.120495,-0.702795,-1.310094,1.427499,-1.086564,-1.415018,1.299697,0.339777,-0.914497,-1.089082,1.758929,0.412224,947.710829,0.917808,-1.649683,0.197117,0.517674,1.233835,-0.571504,0.449394,0.224848,0.236836,0.634553,0.392975,1.788022,0.994304,-0.233631,1.322653
-1.474442,0.753300,2.372483,0.443971,0.619553,0.573764,-1.465464,0.718654,-0.199318,0.186204,0.812029,1.167539,0.994819,1.014228,0.611887,0.580610,0.321743,2.666067,-1.071075,0.698955,0.062916,-0.149533,-1.478705,0.273739,-1.196069,-1.248662,1.299697,0.302371,-1.420306,-1.089082,0.271962,0.387757,1057.793913,0.991619,-1.587959,0.219793,0.421390,1.409071,-0.908190,-0.859336,0.533625,0.185444,0.580367,0.385130,1.419592,0.998567,-0.787013,1.763569
-1.474442,0.692158,0.709102,0.574573,0.741014,0.475295,-1.600745,0.840508,0.881707,0.259224,0.739427,0.767611,0.994819,1.014228,0.528758,0.618905,0.348084,1.502731,-1.515888,0.922841,1.438552,-0.149533,-1.713420,0.919689,-1.196069,-1.248662,0.893531,0.338072,-1.420306,-0.586185,0.271962,0.306067,325.984203,1.364019,-1.668672,0.788724,0.449060,0.884400,-1.199289,-1.123641,0.758137,0.224505,0.414667,0.850106,1.419592,0.998567,-0.938966,1.763569
-0.685394,0.593849,0.629638,0.614768,0.745602,0.256452,-1.558094,0.554858,0.881707,0.422022,0.574311,0.341198,0.939303,1.171446,0.465588,0.737513,0.630798,0.792022,-1.414315,0.980457,1.438552,-1.278391,-1.833386,1.192395,-1.063698,-1.403602,0.718808,0.563768,-0.253070,-0.933482,1.561468,0.594177,236.488412,1.307735,-1.694065,0.782043,0.571129,1.593511,-1.182073,-1.005909,0.590573,0.437162,0.426788,0.253632,2.349810,1.162141,-0.647046,1.461588
-0.685394,0.741879,2.626740,0.461167,0.536449,0.266380,-1.392742,0.376133,0.534970,0.286582,0.581911,0.969171,0.939303,1.171446,0.529001,0.586755,0.352881,2.088625,-1.245997,0.963355,0.283229,-0.899049,-1.306678,1.192395,-1.063698,-1.403602,1.189692,0.331762,-1.092691,-1.189928,1.561468,0.314194,934.949027,1.218291,-1.587068,0.168226,0.534529,1.508414,-0.399528,0.503606,0.204961,0.224010,0.636493,0.490643,2.349810,1.162141,-0.160370,1.461588
-1.149042,0.752241,2.291186,0.566650,0.616669,0.439352,-1.393332,0.531048,-0.095279,0.150872,0.929163,1.020913,1.047788,0.836322,0.638693,0.695412,0.352156,2.088625,-1.104499,0.790768,0.075650,-0.201260,-1.446239,0.485570,-1.487691,-1.396113,1.189692,0.391710,-1.414304,-1.189928,0.307844,0.323217,1018.956153,1.049010,-1.631093,0.234796,0.438977,1.695417,-0.839742,-0.981450,0.569736,0.200399,0.578805,0.390531,1.719902,0.765051,-0.570305,1.694177
-1.149042,0.714885,0.749564,0.695966,0.719006,0.455895,-1.497744,0.695593,0.939753,0.216982,0.853771,0.602899,1.047788,0.836322,0.600188,0.730533,0.373858,1.681807,-1.385301,1.016658,1.278926,-0.201260,-1.768236,1.662451,-1.487691,-1.396113,0.950042,0.408866,-1.414304,-0.547633,0.307844,0.518598,324.802892,1.248658,-1.485283,0.767129,0.507717,1.489542,-1.140969,-1.151593,0.773627,0.248885,0.439442,0.888878,1.719902,0.765051,-1.028852,1.694177
-0.904854,0.576959,0.396892,0.670075,0.723945,0.304780,-1.637162,0.594071,0.939753,0.369485,0.756458,0.492045,1.087922,1.811418,0.563044,0.832769,0.698553,1.416071,-1.591037,1.031668,1.278926,-0.982393,-1.722548,1.662451,-1.080233,-1.406887,0.780184,0.544493,-0.123063,-1.053462,1.516082,0.548796,169.441790,1.481565,-1.724052,0.760328,0.604699,1.329013,-1.119670,-0.998252,0.591631,0.480700,0.378167,0.247907,1.973284,1.130558,-1.112600,1.291638
-0.904854,0.691489,1.916223,0.429574,0.570466,0.329883,-1.131086,0.538590,0.535485,0.227297,0.621770,0.761477,1.087922,1.811418,0.614971,0.591242,0.359449,1.431650,-1.090907,1.019419,0.196636,-0.874144,-1.598101,1.035710,-1.080233,-1.406887,1.143523,0.329853,-0.883126,-1.172388,1.516082,0.343084,655.781995,1.075792,-1.579287,0.171959,0.523672,1.572089,-0.327486,0.451257,0.184882,0.296111,0.609404,0.411054,1.973284,1.130558,-0.767054,1.291638
-1.006798,0.706190,1.990615,0.347515,0.640252,0.542590,-1.288105,0.557009,-0.089273,0.109115,0.498163,0.649391,1.097173,0.759151,0.552380,0.368936,0.378287,1.431650,-1.079371,0.849592,0.676392,-0.557210,-1.454046,0.428623,-1.023541,-1.217597,1.143523,0.320526,-1.197062,-1.172388,0.137479,0.446799,818.126827,0.954353,-1.658877,0.216243,0.317685,1.695671,-0.802111,-0.782227,0.502232,0.175545,0.500832,0.376934,1.471429,0.606379,-1.118008,1.009122
-1.006798,0.728400,0.817753,0.449588,0.696382,0.293687,-1.584473,0.630372,0.820373,0.176307,0.510212,0.525064,1.097173,0.759151,0.543277,0.418568,0.376664,0.562320,-1.430626,1.165697,0.977110,-0.557210,-1.752724,1.036307,-1.023541,-1.217597,1.017252,0.340014,-1.197062,-0.573938,0.450222,0.698010,352.411148,1.207985,-1.646931,0.737629,0.347526,1.043549,-1.018581,-1.113263,0.782866,0.194335,0.319754,0.753685,1.471429,0.606379,-1.159064,1.009122
-0.583280,0.624941,0.621429,0.620219,0.675448,0.251507,-1.599544,0.416965,0.820373,0.449634,0.605145,0.441676,0.943848,1.721180,0.553554,0.446927,0.455743,0.623644,-1.129739,1.161075,0.977110,-1.779020,-1.685582,1.296591,-1.483212,-1.407606,1.017252,0.582800,-0.144144,-0.921909,1.572924,0.300470,248.739010,0.951498,-1.610819,0.712872,0.745536,1.531711,-1.018581,-1.107084,0.674225,0.443177,0.366528,0.243682,1.365074,0.647808,-0.780850,1.764630
-0.583280,0.722834,2.089494,0.489160,0.550678,0.250851,-1.411805,0.351805,0.417100,0.350161,0.524808,0.648643,0.943848,1.721180,0.559527,0.461280,0.340735,1.431354,-1.232332,1.161075,0.315999,-1.779020,-1.865566,1.296591,-1.483212,-1.407606,1.162483,0.385191,-0.891932,-1.059979,1.572924,0.186494,676.793639,1.109786,-1.747269,0.157928,0.716719,1.695567,-0.404320,0.489738,0.178906,0.350333,0.444008,0.417320,1.365074,0.647808,-0.780850,1.764630
-0.810777,0.729448,1.866248,0.276390,0.634082,0.413907,-1.381457,0.477449,0.102095,0.105782,0.484280,0.576888,1.099128,0.944808,0.535721,0.439085,0.363959,1.431354,-1.302602,0.702906,0.550834,-0.579985,-1.763890,0.249976,-1.131254,-1.376200,1.162483,0.366827,-1.271584,-1.059979,0.352071,0.274919,746.355106,1.249038,-1.663780,0.237522,0.296579,1.677754,-0.826567,-0.887694,0.536219,0.233514,0.368394,0.370377,1.528830,0.699550,-1.320744,1.436693
-0.810777,0.723930,0.611831,0.382628,0.736324,0.292964,-1.472202,0.572363,0.956854,0.217507,0.518548,0.496470,1.099128,0.944808,0.585207,0.587648,0.428111,0.583301,-1.317598,1.179653,0.907213,-0.711580,-1.424561,0.938031,-1.131254,-1.376200,1.240149,0.394618,-1.271584,-0.534783,0.418745,0.545282,296.529994,1.133193,-1.735569,0.787487,0.301100,1.101200,-1.063880,-1.150559,0.777209,0.234334,0.338878,0.841557,1.528830,0.699550,-1.320744,0.837089
-0.901282,0.608135,0.511791,0.542714,0.710070,0.315552,-1.574026,0.611649,0.956854,0.449994,0.470098,0.487049,0.965477,1.047334,0.538667,0.671839,0.507529,0.597684,-1.572447,0.913867,0.815769,-1.110595,-1.377571,1.694966,-1.583015,-1.393472,1.090025,0.561440,-0.223502,-0.770360,2.096908,0.426430,198.263848,1.432574,-1.539674,0.749449,0.434607,0.609532,-1.063880,-1.053236,0.611509,0.393615,0.456266,0.294743,1.709583,0.726714,-0.652264,1.362024
-0.901282,0.774539,2.300671,0.393233,0.547205,0.293308,-1.102421,0.543274,0.447868,0.170016,0.425197,0.797914,0.965477,1.047334,0.462801,0.572208,0.365468,1.414745,-1.075462,0.811404,0.123459,-0.930888,-1.689641,1.694966,-1.583015,-1.393472,1.062144,0.310719,-0.902255,-1.020261,2.096908,0.193836,737.813916,0.983397,-1.530954,0.161803,0.381089,1.403738,-0.325355,0.540780,0.195086,0.181165,0.532450,0.391423,1.571337,0.726714,-0.652264,1.362024
-1.407790,0.768918,2.192607,0.304239,0.634645,0.326102,-1.289094,0.713526,-0.240378,0.168524,0.689322,0.998499,1.039813,1.029783,0.528478,0.509487,0.327935,1.910004,-1.301764,0.595821,0.061869,-0.411107,-1.539543,0.249632,-1.447457,-1.406933,1.062144,0.341945,-1.459248,-1.020261,0.264487,0.307191,872.409805,1.133915,-1.553154,0.214799,0.418027,1.451676,-0.947602,-0.843212,0.512014,0.202134,0.443081,0.388805,1.386098,1.282545,-1.079883,1.802360
-1.407790,0.708469,0.574643,0.421497,0.731223,0.375849,-1.497465,0.811555,0.801122,0.211049,0.696664,0.816504,1.039813,1.029783,0.535061,0.547273,0.290205,1.910004,-1.514712,1.097641,1.029548,-0.411107,-1.725585,0.447243,-1.447457,-1.406933,0.906385,0.369814,-1.459248,-0.456847,0.342579,0.516014,261.043759,1.270240,-1.641716,0.781194,0.482524,1.162970,-1.071416,-1.165034,0.762704,0.252430,0.343520,0.842370,1.386098,1.282545,-1.079883,1.802360
-1.161288,0.605965,0.414340,0.628255,0.767294,0.301509,-1.508938,0.690967,0.801122,0.486021,0.699312,0.490949,1.044499,2.063341,0.541065,1.013620,0.692146,0.759428,-1.290022,1.300839,1.029548,-1.017332,-1.646443,3.123742,-1.519349,-1.388953,0.903853,0.582377,-0.036075,-0.985103,2.703334,0.552884,169.510141,1.240438,-1.673075,0.807447,0.477754,1.239153,-1.070474,-0.972364,0.587413,0.513685,0.550076,0.198621,2.829975,1.305638,-0.832427,1.517809
-1.161288,0.672980,1.660913,0.485133,0.566307,0.373529,-1.166039,0.671429,0.395947,0.218031,0.630074,0.847426,1.044499,2.063341,0.593399,1.002212,0.531787,1.403794,-1.178084,1.300839,0.191763,-0.844526,-1.722385,3.123742,-1.519349,-1.385176,1.079158,0.339981,-0.978223,-1.007919,2.703334,0.261414,558.382540,1.121313,-1.595700,0.193804,0.392500,1.258708,-0.423728,0.455565,0.193499,0.340225,0.635033,0.381727,2.829975,1.305638,-0.832427,1.517809
-0.838014,0.817837,1.118223,0.259228,0.595925,0.254861,-1.564629,0.628222,0.441346,0.105608,0.537651,0.890519,1.045787,0.795711,0.554592,0.446452,0.302753,1.403794,-1.446810,1.135031,0.848163,-0.527258,-1.335035,0.248817,-1.056029,-1.229077,1.079158,0.323426,-1.381425,-1.002193,0.326713,0.779338,499.437350,1.316921,-1.731285,0.437864,0.282958,1.516971,-1.035307,-1.142578,0.847821,0.216289,0.371927,0.549371,1.479880,1.189741,-1.283717,1.001519
-1.097586,0.608456,0.664706,0.519202,0.567754,0.219684,-1.774955,0.669912,0.690834,0.261900,0.411514,0.555983,0.814926,0.859791,0.463991,0.663513,0.340435,1.218045,-1.774967,1.094830,1.143449,-1.376174,-1.644477,1.030254,-1.019522,-1.392850,0.744621,0.388904,-0.175471,-0.613791,0.807501,0.658581,345.130665,1.578627,-1.564568,0.616305,0.399193,1.518364,-1.098714,-0.901651,0.463426,0.343397,0.365200,0.272208,2.101545,0.677261,-0.579472,0.974660
0.268045,0.983269,0.531133,0.017565,0.339174,0.245319,-0.870651,0.182561,-0.493132,0.034546,0.053743,0.160113,0.401344,0.008241,0.244796,0.069857,0.024471,0.178212,-0.971606,0.556873,0.101414,-0.133023,-1.074503,0.176982,0.058958,-0.036674,0.739466,0.093817,-0.861719,-0.364950,0.140736,0.147778,197.343102,0.943805,-1.342100,0.037354,0.086838,1.417140,-0.277622,0.936732,0.023607,0.005189,0.148438,0.096794,0.177816,0.301121,0.455370,0.250854
0.225601,1.129347,4.430398,0.056190,0.317015,0.137588,-1.355565,0.178561,-0.879137,0.018645,0.108464,0.381010,0.386027,0.024702,0.233798,0.119712,0.021845,0.565441,-1.319895,0.574227,0.102558,0.023832,-1.028725,-0.002781,-0.016066,-0.146275,0.815200,0.077274,-1.436609,-0.321255,0.123577,0.175447,1492.522887,1.184249,-1.667678,0.030602,0.105602,1.732157,-0.282446,1.080521,0.035272,0.008688,0.119103,0.219892,0.155274,0.789905,0.988497,0.292286
0.747916,1.058490,0.348004,0.023009,1.287958,0.036932,-0.700950,0.022925,-0.622995,0.044943,0.058171,0.183265,1.328947,-3.028239,0.130298,0.249996,0.104346,-7.585577,-0.860811,6.200296,-0.392138,-3.480960,-0.864246,-6.474589,-0.432333,3.685392,-4.994902,0.127499,-0.714893,0.405496,0.459032,0.074181,195.172100,0.878340,-1.342561,0.023736,0.037266,1.130380,-1.180388,1.029743,0.015372,0.074587,0.284222,0.020350,4.683896,-9.832768,-5.046976,-1.454736
0.654611,1.056372,0.332295,0.023009,0.912900,0.036932,-0.925145,0.032420,-0.392138,0.044943,0.058171,0.183265,0.953889,-1.849672,0.130298,0.249996,0.104346,-4.689759,-1.119171,4.158701,-0.208236,-2.166174,-0.856107,-3.914512,-0.248432,2.288715,-2.936031,0.127499,-0.451362,0.205092,0.336028,0.140572,182.948453,0.965143,-1.415723,0.023736,0.037266,1.137912,-0.853432,1.043363,0.006372,0.074587,0.284222,0.015133,3.035097,-5.907709,-3.026077,-0.865890
0.708274,1.074105,0.403449,0.018412,0.529793,0.029553,-0.732482,0.022964,-0.521296,0.035963,0.046549,0.146648,0.562567,-0.671621,0.104264,0.200046,0.083497,-1.795209,-0.876591,2.028574,-0.024416,-0.794374,-0.797312,-1.355556,-0.056556,0.892650,-0.878062,0.102025,-0.563562,0.004775,0.207691,0.101387,185.449197,0.834802,-1.400730,0.018993,0.029820,1.279171,-0.512298,1.048037,0.010123,0.059684,0.227434,0.013805,1.314800,-1.984369,-0.917544,-0.277302
0.669211,1.066634,0.335737,0.001035,0.286058,0.006248,-0.768681,0.038682,-0.481983,0.002429,0.001855,0.014531,0.289229,-0.004700,0.007349,0.002798,0.001717,-0.050628,-0.870710,0.525245,0.082934,0.165992,-0.780689,0.090580,0.075971,0.094946,0.309946,0.003226,-0.516711,-0.116345,0.118798,0.045357,157.261206,0.832896,-1.433140,0.001546,0.002298,1.185782,-0.272634,1.057508,0.004251,0.000652,0.021649,0.009438,0.101357,0.253937,0.562727,0.051160
-0.312920,0.683971,3.477274,0.224242,0.553546,0.245377,-1.556655,0.870070,0.327524,0.106929,0.205305,0.365405,0.879224,0.432451,0.445082,0.273258,0.190949,0.373094,-1.470536,0.726167,0.105977,-0.386058,-1.268430,0.194736,-0.845870,-0.836794,0.870735,0.218368,-0.573131,-0.492148,0.265342,0.329772,1221.890291,1.361620,-1.508318,0.203376,0.206836,2.110094,-0.629452,-0.875886,0.561331,0.121266,0.363334,0.217035,0.774311,0.705657,-1.160515,0.705112
-0.312920,0.640028,0.321279,0.376150,0.622679,0.221364,-1.573177,0.676410,1.466317,0.154655,0.324145,0.383132,0.879224,0.432451,0.457874,0.347077,0.251293,0.479030,-1.678958,0.852495,0.955228,-0.386058,-1.613420,0.520869,-0.845870,-0.836794,0.870735,0.224433,-0.525040,-0.317379,0.265342,0.644525,179.999933,1.484937,-1.540823,0.666732,0.270524,1.189835,-0.925246,-1.150219,0.598434,0.125845,0.290178,0.744058,0.774311,0.633336,-1.160515,0.705112
-0.520260,0.541761,0.312926,0.393017,0.640558,0.311690,-1.708462,0.575502,1.466317,0.443235,0.427877,0.404235,0.924065,0.998219,0.476389,0.397920,0.547778,0.479030,-1.618051,0.922365,0.656012,-0.981910,-1.584100,2.053980,-0.603053,-1.379290,0.867689,0.493636,0.290022,-1.105152,2.278347,0.287366,138.673557,1.497733,-1.823558,0.656698,0.474710,1.258657,-0.884463,-0.796463,0.444009,0.391267,0.445219,0.318705,2.100903,1.057975,-0.830041,1.462494
-0.520260,0.674697,1.486642,0.203455,0.556353,0.298666,-1.142425,0.690547,0.721882,0.100379,0.361623,0.490708,0.872033,0.913507,0.299330,0.202274,0.229325,0.533173,-1.062740,0.922365,0.116134,-0.367828,-1.706761,1.157715,-0.603053,-0.203016,0.946119,0.171757,-0.710258,-1.059923,0.573114,0.203022,525.196002,0.988110,-1.561655,0.108973,0.414067,1.445464,-0.294012,0.492769,0.165505,0.148932,0.419872,0.430840,1.469874,0.517058,-0.822766,1.462494
-1.579721,0.705981,1.708184,0.300528,0.625335,0.321430,-1.538740,1.001308,0.008522,0.142926,0.578321,0.774207,1.004150,0.771049,0.520280,0.366448,0.250861,1.832874,-1.515722,0.576335,0.077127,-0.469741,-1.558068,0.417855,-1.240153,-1.194068,0.946119,0.279226,-1.350532,-1.059923,0.145669,0.440242,787.226285,1.330433,-1.746098,0.165828,0.309171,1.596741,-0.861254,-0.652990,0.428425,0.176435,0.538639,0.437995,0.956795,1.255679,-1.492070,1.171556
-1.579721,0.668823,0.531754,0.372762,0.688827,0.335377,-1.755894,0.942236,1.029545,0.187913,0.626499,0.788042,1.004150,0.771049,0.541792,0.415942,0.225492,1.832874,-1.697415,1.045640,0.977696,-0.469741,-1.986737,0.924747,-1.240153,-1.194068,1.002589,0.301663,-1.350532,-0.475790,0.309119,0.708001,292.186595,1.315591,-1.887459,0.736447,0.356083,1.470840,-1.069322,-1.076649,0.709047,0.209139,0.509815,0.883694,0.956795,1.255679,-1.492070,1.171556
-0.481436,0.575725,0.445880,0.482504,0.740788,0.274383,-1.724013,0.525312,1.029545,0.393411,0.497389,0.398155,1.085256,1.068433,0.518154,0.571992,0.499248,0.702877,-1.577732,0.985178,0.977696,-1.392266,-1.625368,1.734894,-1.453699,-1.389390,0.949100,0.581021,0.019533,-0.801797,2.200898,0.244408,180.404905,1.331817,-1.856537,0.776353,0.518065,1.454292,-1.005168,-0.947530,0.560049,0.350484,0.455039,0.255778,1.208909,1.368340,-0.345532,1.705705
-0.481436,0.717862,2.042908,0.250933,0.577500,0.375068,-1.431062,0.497006,0.437176,0.151041,0.451977,0.862321,1.085256,0.502664,0.574503,0.528164,0.231309,1.314887,-1.373939,0.954337,0.121776,-1.392266,-1.896394,1.228931,-0.892928,-1.384478,1.136676,0.331278,-0.710415,-1.079427,0.208779,0.274491,677.504647,1.233327,-1.608583,0.163594,0.510281,1.648016,-0.278259,0.441801,0.216466,0.122130,0.560753,0.321022,0.787503,0.988064,-0.345532,1.705705
-1.625189,0.766038,1.855498,0.254088,0.647998,0.403375,-1.693680,0.845510,-0.153758,0.151647,0.555985,1.024547,1.071321,1.318886,0.663987,0.424868,0.320787,2.100025,-1.708823,0.717376,0.068485,-0.670145,-1.719489,0.299899,-1.527574,-1.260096,1.136676,0.314074,-1.458331,-1.079427,0.151610,0.582103,790.141047,1.510545,-1.620685,0.192225,0.312118,1.601090,-1.094829,-0.742481,0.484732,0.254954,0.694548,0.451963,1.333781,1.344039,-2.274125,1.138377
-1.625189,0.647580,0.511024,0.342540,0.746239,0.544948,-1.693934,0.937545,0.967122,0.240377,0.617212,0.696615,1.071321,1.318886,0.652042,0.510850,0.299543,2.100025,-1.717453,1.143876,1.007702,-0.649340,-2.219799,0.811565,-1.527574,-1.260096,1.131972,0.363013,-1.458331,-0.558743,0.428068,0.457892,263.751821,1.483633,-1.785702,0.791278,0.352250,1.297226,-1.213942,-1.034344,0.706599,0.269975,0.639344,0.872793,1.333781,1.344039,-2.274125,1.138377
-0.540777,0.539420,0.452611,0.499491,0.729702,0.303298,-1.683636,0.554719,0.967122,0.424473,0.529107,0.571648,1.073122,1.191860,0.510707,0.505967,0.531320,0.773346,-1.816573,1.040783,1.007702,-1.435835,-1.854548,2.224444,-0.959186,-1.376037,1.107463,0.602699,0.035956,-1.188528,1.984241,0.699312,177.678137,1.466187,-1.736572,0.771490,0.633786,1.320843,-1.076444,-0.809544,0.480110,0.386378,0.383955,0.225987,1.768546,1.371505,-0.495889,2.008592
-0.540777,0.636480,2.221001,0.330449,0.551940,0.273626,-1.464450,0.419034,0.397082,0.162615,0.609508,0.969334,1.073122,1.191860,0.651211,0.502346,0.319162,1.887520,-1.296805,1.040783,0.056512,-1.027603,-1.304892,2.224444,-0.737574,-1.368804,1.575224,0.405251,-0.911276,-0.959044,0.533074,0.343253,683.966597,1.097823,-1.448329,0.188535,0.613758,1.656925,-0.306623,0.379923,0.207667,0.213761,0.553754,0.365111,1.117990,1.129988,-0.495889,2.008592
-0.722723,0.694690,2.323234,0.415310,0.621551,0.313567,-1.555290,0.577368,-0.146896,0.129538,0.686075,1.143030,1.062022,0.808883,0.700670,0.599501,0.354714,2.624448,-1.508179,0.758259,0.226978,-0.194611,-1.663005,0.276165,-1.432789,-1.397358,1.575224,0.300062,-1.386353,-0.959044,0.320429,0.255258,884.311160,1.320315,-1.569956,0.228328,0.352710,1.754068,-0.662814,-0.840812,0.506581,0.194662,0.771342,0.418115,1.552394,1.146948,-1.628060,1.374962
-0.722723,0.674711,0.703258,0.515372,0.719657,0.548357,-1.538428,0.698613,0.774312,0.215361,0.642164,0.942758,1.062022,0.808883,0.593392,0.575896,0.308356,2.624448,-1.477130,0.954977,1.348713,-0.181527,-2.023295,0.606684,-1.432789,-1.397358,1.018407,0.347341,-1.386353,-0.482007,0.320429,0.796205,295.390914,1.299283,-1.725996,0.771557,0.427228,0.363895,-1.043880,-1.029827,0.725891,0.224047,0.645572,0.786436,1.552394,1.146948,-1.628060,1.374962
-0.682416,0.589534,0.422064,0.488210,0.739825,0.398851,-1.452602,0.639231,0.774312,0.341485,0.721455,0.403795,1.049878,1.583274,0.438903,0.583165,0.559276,0.791195,-1.488799,0.974305,1.348713,-0.996438,-1.947714,1.344493,-0.710532,-1.406375,0.796469,0.546499,-0.040475,-0.853361,1.451371,0.454563,186.900262,1.272448,-1.838091,0.776838,0.622737,1.351577,-1.026658,-0.972711,0.580568,0.442172,0.319898,0.195939,1.893466,1.230549,-0.585258,1.701810
-0.682416,0.664907,2.209668,0.278008,0.572193,0.526313,-1.236075,0.499209,0.431827,0.125785,0.797591,1.042052,1.049878,1.558768,0.556824,0.522389,0.376374,2.155945,-1.321542,0.847219,0.085874,-0.882803,-1.155819,1.326691,-0.710532,-1.384939,1.228826,0.299065,-0.817463,-1.011261,0.145249,0.286363,753.198808,1.145128,-1.524420,0.183586,0.580347,1.558698,-0.365482,0.463381,0.175215,0.233689,0.483762,0.331897,1.893466,1.169860,-0.296834,1.701810
-1.445654,0.687043,2.112243,0.386000,0.621778,0.431364,-1.474762,0.718817,-0.125235,0.127791,0.719484,1.126597,0.984889,0.949790,0.639132,0.589977,0.304271,2.155945,-1.281507,0.834657,0.033360,-0.257124,-1.468961,0.482820,-1.132911,-1.297915,1.228826,0.305407,-1.239797,-1.011261,0.190419,0.208856,871.768302,1.173595,-1.712498,0.213571,0.346469,1.625482,-0.988269,-0.949123,0.546103,0.175820,0.556753,0.417283,1.397210,0.941299,-0.629767,1.155726
-1.445654,0.660423,0.400008,0.503582,0.706876,0.408500,-1.543917,0.804030,0.727982,0.219243,0.697463,0.735197,0.984889,0.949790,0.604117,0.615275,0.324147,1.621407,-1.502208,0.936822,1.558549,-0.182632,-1.906864,1.013098,-1.132911,-1.297915,0.873046,0.329586,-1.239797,-0.446972,0.199250,0.216040,197.168848,1.343225,-1.801125,0.760523,0.369622,1.209473,-1.085766,-1.134678,0.691446,0.234597,0.359015,0.760620,1.397210,0.941299,-0.634678,1.155726
-0.783206,0.581580,0.332522,0.510925,0.693791,0.145613,-1.715986,0.606952,0.727982,0.308013,0.619558,0.530128,0.889501,0.811750,0.432512,0.632864,0.535131,1.110305,-1.644995,0.894689,1.558549,-0.983820,-1.630258,1.463821,-1.289386,-1.399506,0.741419,0.517142,-0.121470,-0.702871,1.262086,0.658144,146.075049,1.423941,-1.673842,0.730980,0.470904,1.150563,-1.008359,-0.858277,0.481561,0.383755,0.359476,0.201972,1.986689,1.164598,-0.643775,1.052228
-0.783206,0.770740,3.078094,0.341300,0.519849,0.305777,-1.218599,0.515618,0.470305,0.083423,0.556500,0.972595,0.888266,0.796795,0.410218,0.500829,0.338367,1.834140,-1.156918,0.745966,0.085261,-0.751656,-1.213873,1.463821,-1.289386,-0.688426,1.175828,0.212189,-0.887424,-1.033405,0.165214,0.425015,985.618324,1.121366,-1.659328,0.149473,0.401494,1.437511,-0.477340,0.538742,0.189076,0.128551,0.540885,0.376827,1.986689,0.779730,-0.643775,1.052228
-1.574231,0.766775,4.092873,0.457589,0.599304,0.490067,-1.557548,0.787941,-0.250273,0.116009,0.703893,1.110947,0.982112,0.500684,0.542618,0.476693,0.335319,2.376559,-1.522344,0.539404,0.741435,-0.170381,-1.101209,0.368789,-0.923778,-1.097708,1.175828,0.264996,-1.238217,-1.033405,0.138858,0.616207,1629.674236,1.408410,-1.775723,0.189000,0.338238,2.076696,-0.648914,-0.568131,0.447208,0.121902,0.636236,0.343678,1.519027,1.151343,-1.391907,0.963911
-1.574231,0.668848,0.657629,0.518751,0.671178,0.284789,-1.641717,0.910793,1.004641,0.162944,0.606593,0.806251,0.982112,0.500684,0.540661,0.413809,0.290946,2.376559,-1.491232,0.914947,1.164723,-0.065463,-2.039534,0.481398,-0.923778,-1.097708,0.934052,0.297091,-1.238217,-0.375638,0.231540,0.466895,288.753874,1.336253,-1.711783,0.711942,0.359840,0.919430,-1.068373,-1.018907,0.724353,0.168285,0.465067,0.830710,1.519027,1.151343,-1.391907,0.963911
-1.133703,0.567086,0.310809,0.537744,0.753357,0.421016,-1.532179,0.686144,1.004641,0.447850,0.708045,0.396636,1.103025,1.383051,0.553154,0.620507,0.637809,0.866553,-1.400115,1.014024,1.164723,-1.042763,-1.581788,2.839073,-0.751190,-1.396596,0.873759,0.554873,0.137389,-0.841962,2.635531,0.193040,138.915746,1.230566,-1.648716,0.785783,0.434365,0.994181,-1.042697,-0.966186,0.569602,0.469773,0.368114,0.212028,1.499216,1.560981,-0.572645,0.873458
-1.133703,0.617447,1.486281,0.344153,0.598350,0.366758,-1.165151,0.746859,0.588000,0.306492,0.666861,0.767897,1.103025,1.383051,0.602498,0.599367,0.460336,1.393965,-1.028306,0.976467,0.108965,-1.042763,-1.824683,2.839073,-0.751190,-1.396596,1.194437,0.332406,-0.791247,-1.259508,2.635531,0.187866,533.244037,0.936100,-1.376583,0.183183,0.398373,1.362778,-0.347400,0.392868,0.190131,0.290950,0.448839,0.393994,1.499216,1.560981,-0.572645,0.873458
-1.143236,0.670951,1.539856,0.292156,0.640533,0.447879,-1.422956,0.750061,-0.020701,0.134366,0.602096,0.899184,1.014991,1.105616,0.585038,0.428705,0.288086,1.393965,-1.076571,0.661200,0.048344,-0.716588,-1.580927,0.446060,-1.141861,-1.277242,1.194437,0.299627,-1.320765,-1.259508,0.312997,0.304443,680.510695,0.927944,-1.598091,0.204652,0.273918,1.571182,-1.005475,-0.825491,0.498995,0.230353,0.512181,0.408496,1.050044,1.240873,-1.646065,1.210290
-1.143236,0.638116,0.503495,0.420619,0.741335,0.384404,-1.760892,0.761066,0.966318,0.210611,0.628868,0.659481,1.014991,1.105616,0.562380,0.530390,0.299621,1.301313,-1.685032,1.069505,1.084542,-0.716588,-1.690034,1.169370,-1.141861,-1.277242,1.166418,0.339593,-1.320765,-0.640268,0.360854,0.626334,248.137169,1.417443,-1.735810,0.792066,0.331140,1.242652,-1.087254,-1.043553,0.689438,0.244561,0.476763,0.845837,1.050044,1.240873,-1.646065,1.210290
-0.917063,0.572098,0.767874,0.660520,0.745990,0.388128,-1.686409,0.595822,0.966318,0.435799,0.571162,0.536807,1.022378,1.515299,0.550219,0.716714,0.612108,0.796548,-1.630453,1.095965,1.084542,-1.181318,-1.662379,2.773812,-1.368114,-1.389352,1.166418,0.608083,0.004130,-0.908748,2.475603,0.336748,292.200601,1.334041,-1.825007,0.789391,0.422039,1.278624,-1.082187,-0.839878,0.500535,0.433867,0.601442,0.222760,2.317653,1.317433,-0.857377,0.979721
-0.917063,0.692189,2.386953,0.457245,0.581628,0.502942,-1.739902,0.513076,0.568550,0.136057,0.549784,0.783357,1.022378,1.515299,0.548397,0.664613,0.463508,1.299178,-1.758348,1.095965,0.104981,-1.181318,-1.555338,2.773812,-1.368114,-1.389352,1.181097,0.400269,-0.819197,-1.005976,2.475603,0.180400,823.039142,1.391694,-1.568813,0.198198,0.381279,1.361056,-0.418190,0.496543,0.170460,0.283420,0.674214,0.372539,2.317653,1.270259,-0.857377,0.979721
-1.138048,0.698318,2.007504,0.269205,0.631520,0.525427,-1.488197,0.640912,-0.140122,0.117226,0.460408,0.916033,1.064456,0.950635,0.620444,0.389219,0.298215,1.483802,-1.035881,0.675992,0.168862,-0.407651,-1.357367,0.405963,-1.366320,-1.217085,1.181097,0.279628,-1.274337,-1.005976,0.255424,0.690418,886.188668,0.774960,-1.657323,0.206779,0.276984,1.516882,-0.834734,-0.742790,0.467819,0.193742,0.397527,0.396919,1.335343,1.601073,-1.482930,0.786158
-1.138048,0.656724,0.586202,0.439978,0.737444,0.425517,-1.609126,0.771781,1.085359,0.200327,0.479551,0.690796,1.064456,0.950635,0.630575,0.609197,0.404462,1.483802,-1.616192,1.079010,1.016922,-0.447246,-1.244667,1.376773,-1.366320,-1.217085,1.184696,0.316725,-1.274337,-0.485651,0.321721,0.977414,306.169223,1.319310,-1.611666,0.787405,0.380518,1.437130,-1.023670,-1.057509,0.709368,0.213712,0.370650,0.888698,1.335343,1.601073,-1.482930,0.786158
-1.253451,0.576045,0.387274,0.696048,0.759605,0.267477,-1.643830,0.685999,1.085359,0.471751,0.519392,0.563843,1.026061,2.547302,0.505027,0.965136,0.568766,0.581950,-1.755640,1.258632,0.748693,-1.181796,-1.689533,2.575928,-0.989490,-1.386668,1.184696,0.637312,-0.045886,-0.958517,2.340251,0.511455,180.295515,1.543413,-1.747136,0.798931,0.583153,1.238096,-1.023670,-1.006612,0.564258,0.505485,0.532224,0.273970,2.646093,1.128679,-1.111907,2.010026
-1.253451,0.717803,1.508802,0.510172,0.543115,0.287970,-1.132821,0.550812,0.608439,0.350091,0.517480,0.892991,1.026061,2.547302,0.517746,0.892420,0.452760,1.789947,-1.161600,1.258632,0.123547,-1.181796,-1.396777,2.575928,-0.989490,-1.386668,1.091658,0.417815,-0.774690,-1.027800,2.340251,0.256696,523.454979,1.033797,-1.381017,0.188286,0.588906,1.549982,-0.708433,0.503087,0.191004,0.322135,0.563441,0.377678,2.646093,1.128679,-1.111907,2.010026
-0.603874,0.744207,1.763006,0.427238,0.623553,0.372964,-0.980982,0.449413,-0.119454,0.076626,0.635718,0.817939,1.043947,1.022035,0.510199,0.496851,0.369807,1.789947,-0.358321,1.106205,0.073608,-1.048074,-1.243960,0.269104,-1.212283,-1.147682,1.091658,0.290233,-1.037631,-1.027800,0.204126,0.180137,733.257925,0.338377,-1.598192,0.235286,0.238257,1.681896,-0.910349,-0.863032,0.565997,0.208161,0.462876,0.301191,1.969495,1.051151,-1.208232,0.578285
-0.603874,0.695473,0.911351,0.496069,0.710347,0.351650,-1.725478,0.553410,0.516514,0.307226,0.784626,0.514171,1.043947,1.022035,0.462626,0.579667,0.435909,0.800846,-1.757932,1.127211,1.484875,-1.048074,-1.360394,0.826826,-1.212283,-1.366552,1.040322,0.437419,-1.037631,-0.646335,0.459364,0.177777,400.038283,1.630788,-1.633560,0.754868,0.277772,1.819618,-1.082923,-1.167785,0.766057,0.258344,0.394515,0.600626,1.969495,1.051151,-1.208232,0.583076
-0.111917,0.569623,0.309332,0.517599,0.610024,0.288665,-1.690484,0.359466,0.516514,0.359755,0.522386,0.367177,0.596242,1.027796,0.549087,0.431930,0.408532,0.689739,-1.630773,0.990989,1.484875,-1.964530,-1.680007,0.826826,-0.575071,-1.366552,1.197250,0.486742,-0.200406,-0.900764,0.457101,0.286131,132.866457,1.369706,-1.514426,0.653659,0.471567,1.097313,-1.082923,-1.093737,0.575383,0.314807,0.313372,0.180238,1.011631,0.694255,-0.162595,0.871821
-0.111917,0.793046,2.550231,0.322462,0.491321,0.233206,-0.978312,0.437456,0.298054,0.098996,0.398780,0.431319,0.596242,1.027796,0.493763,0.338483,0.246484,0.925882,-1.071122,0.572315,0.106095,-0.348741,-1.303260,0.514391,-0.575071,-1.087580,1.197250,0.101312,-0.775868,-0.885572,0.457101,0.171742,855.158602,0.930886,-1.516750,0.054359,0.409246,1.852627,-0.369375,0.594307,0.156049,0.163967,0.344138,0.323022,1.011631,0.694255,0.148280,0.871821
-0.168461,0.806089,2.164422,0.247422,0.572125,0.280001,-1.418170,0.478202,0.540442,0.061438,0.281532,0.422102,1.034502,0.616458,0.494902,0.270085,0.237780,0.925882,-1.444676,1.105636,0.744689,-0.636808,-1.397219,0.342299,-0.949870,-1.357650,1.000796,0.283670,-0.907053,-0.885572,0.347495,0.382481,906.137791,1.366745,-1.763692,0.419646,0.244323,1.835315,-0.915888,-1.057456,0.841114,0.159942,0.309374,0.447718,0.885977,0.627572,-0.952410,0.624732
-0.981768,0.648452,0.417144,0.386683,0.497642,0.241693,-1.561008,0.592442,0.799912,0.297386,0.373522,0.339004,0.703992,0.755629,0.265158,0.386445,0.360555,0.764252,-1.548557,0.979948,1.228051,-1.105377,-1.468565,1.451205,-0.864238,-1.387330,0.676620,0.389306,-0.139727,-0.825208,1.203497,0.370356,223.502607,1.434724,-1.707563,0.530477,0.289827,1.279852,-0.930828,-0.793634,0.435505,0.256133,0.430110,0.299789,2.143457,0.879435,-0.129610,0.982354
0.053782,1.046128,0.354175,0.009607,0.332225,0.200459,-0.854825,0.149847,-0.383629,0.015549,0.030582,0.153687,0.354475,-0.005228,0.221873,0.054242,0.014877,0.241171,-1.139353,0.553776,0.080803,0.058641,-1.278261,0.026900,0.041341,-0.048563,0.707392,0.055172,-0.662714,-0.450563,0.122994,0.115209,167.929780,0.962631,-1.533381,0.013758,0.066380,1.140396,-0.303228,0.948769,0.039480,0.003975,0.130853,0.071942,0.149781,0.367103,0.419349,0.279824
0.457039,0.992205,5.546111,0.023556,0.309963,0.144900,-1.333474,0.096865,-0.438543,0.022221,0.093662,0.369803,0.421184,0.073063,0.196326,0.121849,0.018974,0.322643,-1.197572,0.535721,0.083131,-0.031921,-1.317948,-0.043284,-0.126863,-0.199057,0.406307,0.056989,-0.922038,-0.510257,0.150186,0.232450,1619.255908,1.148323,-1.557262,0.039566,0.071175,1.547920,-0.303985,0.893031,0.076994,0.018341,0.086844,0.166546,0.125805,0.688792,0.923131,0.177907
0.019726,0.567933,0.363357,0.315203,0.425022,0.396787,-1.591832,0.267959,0.473193,0.236809,0.704888,0.497450,0.582131,0.905658,0.143363,0.398394,0.269800,1.155303,-1.582267,0.760778,2.060165,-2.370238,-1.633214,0.939510,-0.233576,-0.953431,0.526357,0.351989,-0.265181,-0.586191,0.222039,0.527121,158.107860,1.376884,-1.824321,0.420975,0.527903,1.319677,-0.895668,-0.457246,0.291131,0.273245,0.281454,0.232570,0.907272,0.379956,-0.385025,1.356079
0.415686,0.796885,1.524417,0.039708,0.375029,0.234241,-1.038427,0.197815,-0.131466,0.022695,0.109657,0.365563,0.540370,0.015018,0.104999,0.085067,0.015116,0.988944,-1.093375,0.550462,0.081397,-0.062196,-1.138459,0.481563,-0.005478,-0.255636,0.469873,0.086254,-0.482733,-0.437237,0.133746,0.079192,537.978664,0.982688,-1.704446,0.056273,0.114368,1.805587,-0.292781,0.638208,0.099120,0.005325,0.128907,0.089626,0.156931,0.364954,0.161421,0.225854
0.773990,0.587563,1.242646,0.091653,0.431540,0.166815,-1.391823,0.196597,-0.105036,0.050855,0.187099,0.212941,0.683592,0.320894,0.249160,0.141931,0.097794,0.200062,-1.139971,0.883301,0.825086,-0.593882,-1.034315,0.374808,-0.572686,-0.533551,0.763509,0.200752,-0.532260,-0.437237,0.286635,0.402074,563.017517,0.965506,-1.520983,0.191997,0.182886,1.796484,-0.571452,-0.479511,0.530275,0.066153,0.218255,0.139253,0.431438,0.388477,0.015966,0.362580
0.914300,0.435847,0.309256,0.213006,0.222608,0.221040,-1.540705,0.335300,-0.005938,0.167971,0.367708,0.219271,0.538160,0.320894,0.152694,0.230646,0.223945,0.310368,-1.461959,0.906415,0.934794,-0.511142,-1.518092,0.387137,-0.367930,-0.320947,0.593772,0.202539,-0.511431,-0.527594,0.286635,0.390368,182.383588,1.260968,-1.617438,0.213681,0.142986,0.997485,-0.631997,-0.479511,0.453740,0.087799,0.113230,0.160155,0.431438,0.222791,0.015966,0.212474
0.934460,0.732903,0.323999,0.040550,0.323848,0.134628,-1.631521,0.292593,-0.275638,0.018632,0.080438,0.144567,0.375761,0.008900,0.089474,0.048711,0.021300,0.322203,-1.593971,0.574328,0.110423,0.075335,-1.365819,0.248119,0.013897,-0.014963,0.518476,0.045194,-0.518355,-0.241276,0.140605,0.148475,147.496178,1.462853,-1.558279,0.041178,0.054650,1.052523,-0.279206,0.636424,0.053151,0.007297,0.199548,0.088528,0.146854,0.751112,0.251367,0.137281
1.767126,0.697116,2.838362,0.066407,0.352764,0.241239,-1.330657,0.139133,-0.300394,0.020050,0.066245,0.312544,0.412226,0.018144,0.266899,0.140179,0.044857,1.038307,-1.356896,0.600690,0.140236,-0.059334,-1.536055,0.507946,0.026391,-0.043377,0.728358,0.045782,-0.543482,-0.533738,0.139284,0.622969,760.348334,1.236437,-1.308026,0.033219,0.167264,1.095870,-0.287338,0.613128,0.075872,0.009354,0.264680,0.054960,0.191241,0.728600,0.291359,0.502567
-1.529248,0.654689,5.495181,0.207044,0.552171,0.288717,-1.436408,1.287489,-0.067085,0.110029,0.322153,0.524793,0.874114,0.576862,0.439840,0.302541,0.241631,1.304462,-1.331426,0.600690,0.483558,-0.361674,-1.362737,0.055569,-0.978058,-0.951810,0.990019,0.215256,-0.887130,-0.618435,0.209668,0.463492,1810.194113,1.103574,-1.660929,0.173211,0.270170,1.563172,-0.722331,-0.673002,0.433814,0.119757,0.370663,0.193502,1.019522,0.993919,-1.006533,0.717432
-1.529248,0.631754,0.850362,0.398687,0.655195,0.278485,-1.611012,1.006296,1.477993,0.177246,0.351646,0.546719,0.874114,0.576862,0.480800,0.380303,0.272170,1.304462,-1.646305,0.823227,0.960094,-0.361674,-1.696116,0.853122,-0.978058,-0.951810,0.990019,0.234241,-0.887130,-0.429840,0.243831,1.054255,319.503600,1.365803,-1.811582,0.699099,0.322350,0.509968,-1.046674,-1.104076,0.657515,0.136097,0.365848,0.897300,1.019522,0.993919,-1.006533,0.717432
-0.752102,0.561786,0.381952,0.416731,0.718963,0.274476,-1.805040,0.655075,1.477993,0.347121,0.468804,0.520078,0.965206,1.031965,0.585425,0.400089,0.388088,0.751502,-2.032658,0.890857,0.965680,-0.904634,-1.640678,1.088326,-1.016959,-1.379816,0.869969,0.474618,0.352514,-0.766769,1.338718,0.502521,167.526381,1.649296,-1.867313,0.751768,0.366229,1.166062,-1.016462,-1.033385,0.566054,0.409194,0.433122,0.311399,1.195275,1.126614,-0.877160,1.208940
-0.752102,0.616553,1.864971,0.212440,0.581977,0.220964,-1.105940,0.655549,0.881841,0.096292,0.357526,0.612801,0.965206,1.031965,0.403946,0.240883,0.154988,0.559560,-1.026082,0.714652,0.094992,-0.904634,-1.612433,0.629455,-0.557875,-0.323016,0.873079,0.204856,-0.758684,-1.052074,0.221849,0.186987,646.786957,0.976519,-1.653239,0.153938,0.300015,1.275250,-0.306800,0.430969,0.167589,0.151575,0.479315,0.466451,0.721454,0.736830,-0.877160,1.208940
-1.687472,0.673370,1.807990,0.247226,0.626001,0.370684,-1.249225,0.918827,0.129988,0.124384,0.500828,0.719271,0.995315,0.647662,0.584141,0.349423,0.249501,1.213237,-0.954096,0.698156,0.052950,-0.591546,-1.490616,0.407736,-1.165507,-1.220868,0.875169,0.265300,-1.322190,-1.052074,0.130750,0.577334,818.211500,0.863668,-1.674901,0.182926,0.279539,1.546653,-0.845936,-0.731367,0.441168,0.158799,0.335830,0.453419,0.967179,1.436974,-1.041243,1.169875
-1.687472,0.671091,0.410562,0.372158,0.708846,0.390108,-1.507240,0.942465,0.839433,0.181637,0.520789,0.616166,0.995315,0.647662,0.604966,0.369038,0.225820,1.213237,-1.451778,1.034013,0.912957,-0.591546,-1.775528,0.960244,-1.165507,-1.220868,0.987894,0.288055,-1.322190,-0.557908,0.290939,1.021127,237.411435,1.207970,-1.663897,0.760632,0.324361,1.391146,-1.135389,-1.071615,0.713338,0.211174,0.255691,0.792684,0.967179,1.436974,-1.041243,1.169875
-1.016395,0.568769,0.410986,0.533147,0.758089,0.392937,-1.756763,0.626489,0.839433,0.384924,0.610451,0.480886,1.038714,1.311184,0.570538,0.718600,0.559242,0.710995,-1.857147,0.998651,0.911790,-0.713247,-1.597114,1.872159,-1.176680,-1.387912,0.809854,0.512756,0.092182,-0.780927,1.931187,0.228827,178.795500,1.659438,-1.794649,0.794617,0.318214,1.245116,-1.013374,-0.919213,0.528051,0.441239,0.383510,0.173920,1.840267,1.874113,-0.519344,0.781667
-1.016395,0.655368,1.781009,0.273173,0.554883,0.416211,-1.076478,0.660867,0.472104,0.087099,0.504907,0.732178,1.038714,1.311184,0.358702,0.565397,0.289808,1.190843,-0.801589,0.942955,0.162259,-0.470682,-1.696259,0.729564,-0.609701,-0.887909,0.919255,0.201406,-0.837299,-1.017901,0.170169,0.188700,584.191535,0.740044,-1.521261,0.163991,0.259055,1.503924,-0.435279,0.438085,0.193013,0.169525,0.493707,0.344265,1.840267,0.643526,-0.519344,0.753700
-1.631482,0.709815,1.734940,0.259159,0.612963,0.356589,-1.485444,0.921398,-0.063812,0.148449,0.602740,0.915413,0.955557,1.186393,0.555567,0.429900,0.263288,1.282577,-1.239141,0.914650,0.056260,-0.654063,-1.403450,0.308320,-1.412298,-1.296911,0.919255,0.276913,-1.355549,-1.017901,0.122883,0.605685,723.528950,1.189566,-1.563156,0.183296,0.316649,1.483500,-1.135413,-0.804687,0.487631,0.202455,0.414502,0.467422,1.158362,1.490640,-1.434731,1.249164
-1.631482,0.668607,0.407304,0.351441,0.702203,0.406773,-1.514165,0.928153,0.883802,0.217006,0.643203,0.720779,0.955557,1.186393,0.575967,0.505116,0.242937,1.282577,-1.344950,1.105592,0.890987,-0.654063,-1.585618,0.491364,-1.412298,-1.296911,1.069789,0.301534,-1.355549,-0.430032,0.376852,0.702727,235.692772,1.194468,-1.679548,0.751150,0.367447,1.279428,-1.157626,-1.101545,0.710784,0.239077,0.311234,0.836672,1.158362,1.490640,-1.434731,1.249164
-0.863130,0.567338,0.518031,0.500787,0.706664,0.169432,-1.575832,0.626612,0.883802,0.325474,0.484257,0.459160,0.993432,1.513037,0.570123,0.439832,0.379394,0.695464,-1.492313,0.908720,0.890987,-0.804337,-1.701370,1.050484,-1.201747,-1.384464,1.002753,0.484746,-0.219061,-0.740688,0.986949,0.426356,227.944125,1.298422,-1.745048,0.745190,0.324578,1.222977,-0.997841,-0.903611,0.502705,0.439621,0.390289,0.280858,1.135828,1.332529,0.086816,0.519211
-0.863130,0.773261,1.898217,0.244016,0.519677,0.253287,-1.461691,0.523909,0.383861,0.087572,0.408791,1.040765,0.924546,0.571994,0.408145,0.300199,0.200424,1.875653,-1.263963,0.807137,0.116579,-0.580012,-1.489832,0.592034,-0.455296,-0.245896,1.134006,0.194830,-0.971630,-1.110447,0.600485,0.173816,645.119479,1.242583,-1.610774,0.137815,0.251394,1.648197,-0.298942,0.501521,0.229434,0.079066,0.580631,0.343317,1.135828,0.940683,0.155736,0.482261
-1.677109,0.792067,1.546790,0.336746,0.632141,0.287781,-1.325645,0.873964,-0.169322,0.141320,0.703956,1.201580,0.945495,0.612003,0.616456,0.485342,0.301232,2.432818,-0.987999,0.759854,0.172935,-0.261005,-1.410152,0.220129,-1.353759,-1.357739,1.134006,0.293612,-1.440233,-1.110447,0.133547,0.401529,630.084525,0.988770,-1.754534,0.182601,0.325068,1.721549,-0.968186,-0.823360,0.531722,0.159138,0.780922,0.405622,1.451244,1.255035,-1.656299,1.344977
-1.677109,0.660054,0.287148,0.429301,0.684589,0.461828,-1.587841,0.969282,0.947739,0.185815,0.670252,0.827424,0.945495,0.612003,0.580768,0.452174,0.246932,2.432818,-1.754577,0.995911,1.079093,-0.191609,-1.925671,1.058764,-1.353759,-1.357739,0.815943,0.315252,-1.440233,-0.285882,0.265373,0.695868,158.370627,1.549005,-1.747959,0.732157,0.391688,1.021161,-1.163902,-1.102627,0.700256,0.217772,0.670961,0.875591,1.451244,1.255035,-1.656299,1.344977
-1.126177,0.567184,0.373470,0.505434,0.722552,0.278005,-1.494647,0.634526,0.947739,0.317988,0.437336,0.421501,1.053182,2.249566,0.458709,0.675290,0.466547,0.763427,-1.375219,1.046732,1.079093,-1.202865,-1.600198,2.366138,-1.211774,-1.376044,0.693164,0.597513,0.075081,-0.732172,1.587280,0.290657,164.701330,1.214454,-1.739192,0.756081,0.440964,0.749218,-0.960320,-0.790365,0.466274,0.458401,0.296763,0.208584,1.675556,1.387709,-0.711746,1.342876
-1.126177,0.642675,2.444718,0.270807,0.534101,0.406369,-1.418167,0.533702,0.546484,0.111152,0.220266,0.995573,1.053182,2.249566,0.442526,0.514219,0.216345,1.760239,-1.406142,1.046732,0.136913,-1.202865,-1.158957,1.108555,-0.858984,-0.864797,1.000570,0.304884,-0.898116,-1.049562,0.266615,0.635986,840.434276,1.241039,-1.667073,0.197269,0.470875,1.655549,-0.633060,0.362815,0.243842,0.245483,0.452073,0.389736,1.675556,0.678334,-0.711746,1.342876
-1.535347,0.734356,2.257845,0.347942,0.604162,0.465562,-1.568284,0.759771,-0.003395,0.133742,0.600539,1.194648,0.978877,0.731715,0.544804,0.405711,0.276324,1.760239,-1.421205,0.747897,0.359867,-0.463585,-1.120059,0.385658,-0.980054,-0.986401,1.000570,0.269040,-1.298634,-1.049562,0.249358,0.363821,1004.273766,1.270054,-1.804632,0.202988,0.381619,1.603741,-0.840869,-0.798318,0.502713,0.140871,0.541754,0.425702,1.247213,1.224743,-0.812914,1.213156
-1.535347,0.651284,0.325970,0.498175,0.674726,0.336017,-1.519283,0.876310,0.924682,0.224191,0.535403,0.746324,0.978877,0.731715,0.511928,0.387650,0.254819,1.702857,-1.320550,0.971978,1.276055,-0.141305,-2.064614,0.969832,-0.980054,-0.986401,0.845447,0.292925,-1.298634,-0.374753,0.259559,0.817981,196.693810,1.245678,-1.793617,0.725917,0.374087,0.965684,-1.086953,-1.052298,0.703283,0.184766,0.340527,0.827846,1.247213,1.224743,-0.998595,1.213156
-1.079999,0.555665,0.690746,0.547188,0.670144,0.267945,-1.842654,0.664333,0.924682,0.318958,0.500211,0.323698,0.943606,1.334952,0.492329,0.526788,0.488710,0.597451,-1.806770,0.895994,1.276055,-0.655506,-1.598604,1.120072,-0.891120,-1.395136,0.867357,0.464337,-0.158005,-0.781808,1.034895,0.276696,273.634789,1.683271,-1.764942,0.710310,0.400948,1.479047,-0.968997,-0.847527,0.477068,0.419302,0.390030,0.297130,1.851767,1.048938,-0.380676,0.916128
-1.068142,0.731027,2.506364,0.135424,0.498116,0.361580,-1.219028,0.423066,0.428364,0.049029,0.418736,0.851890,0.870931,0.260936,0.394229,0.284375,0.134217,1.064391,-1.231877,0.844939,0.148821,-0.655506,-1.188038,0.491929,-0.078305,-0.856818,0.936213,0.174165,-0.947199,-1.000676,0.170573,0.211265,858.527356,1.165045,-1.538753,0.142858,0.315697,1.596934,-0.340351,0.517060,0.203513,0.041727,0.522544,0.344014,0.534147,0.748843,-0.115232,0.916128
-1.045557,0.736338,1.799867,0.486999,0.598578,0.340571,-1.369908,0.555034,-0.235628,0.123580,0.870439,1.019187,0.944425,0.813224,0.599178,0.512111,0.287420,1.672084,-1.261998,0.745637,0.127584,-0.252261,-1.315778,0.154618,-1.069114,-1.156247,1.152850,0.267339,-1.359957,-1.000676,0.209365,0.266222,801.321150,1.116381,-1.751691,0.196630,0.315269,1.605756,-0.854136,-0.892232,0.540148,0.159542,0.465348,0.397362,1.240259,1.030886,-0.855715,1.239572
-1.045557,0.649044,0.314259,0.685688,0.685218,0.352842,-1.496569,0.733408,0.877616,0.206150,0.787886,0.592651,0.944425,0.813224,0.546404,0.604626,0.339785,1.672084,-1.469633,0.901361,1.619120,0.112915,-1.685658,2.184519,-1.069114,-1.156247,1.152850,0.292704,-1.359957,-0.244110,0.243603,0.317153,177.774774,1.297208,-1.509184,0.731828,0.392812,0.825586,-1.044969,-1.123519,0.685593,0.204268,0.349092,0.842252,1.240259,1.030886,-0.855715,1.239572
-0.891364,0.593856,0.370035,0.758685,0.711840,0.207000,-1.656050,0.634977,0.877616,0.375095,0.777403,0.328537,0.914025,0.957158,0.407383,0.777517,0.648261,0.557255,-1.636345,1.193965,1.619120,-0.506704,-1.694437,2.184519,-1.233205,-1.309619,0.832029,0.490371,-0.090014,-0.708721,1.733616,0.198182,170.394562,1.367503,-1.804353,0.743604,0.486377,1.456542,-0.967136,-0.898727,0.524689,0.359988,0.416929,0.259720,1.921063,1.190638,-1.109106,0.979728
-0.891364,0.741295,2.303432,0.427793,0.542554,0.352182,-1.165390,0.568874,0.419001,0.108508,0.663139,0.584173,0.914025,0.957158,0.418612,0.516606,0.328390,0.977881,-1.117428,1.193965,0.125969,-0.340682,-1.636305,0.688802,-1.233205,-0.515250,0.940634,0.205638,-0.966034,-1.042788,0.150024,0.213845,820.704322,1.031278,-1.738061,0.157113,0.346342,1.344853,-0.560812,0.550611,0.170539,0.143232,0.564727,0.374453,1.921063,0.561388,-0.536022,0.839833
-0.937021,0.721549,1.992773,0.316530,0.604287,0.452829,-1.373040,0.575465,-0.164197,0.079681,0.597856,0.632662,0.941424,0.580948,0.484345,0.358897,0.314442,1.566633,-1.257561,0.824438,0.621093,-0.419729,-1.247211,0.259029,-1.115839,-0.941827,0.940634,0.263267,-1.286548,-1.042788,0.256550,0.474824,887.235493,1.060128,-1.707629,0.198912,0.298252,1.499545,-0.650056,-0.795056,0.514487,0.123209,0.515267,0.374231,1.374881,0.920865,-0.934872,1.111064
-0.937021,0.645103,0.352971,0.486875,0.661061,0.232499,-1.625267,0.673503,0.732738,0.133671,0.569687,0.463628,0.941424,0.580948,0.469788,0.373458,0.298997,1.566633,-1.495053,1.054072,0.812679,-0.419729,-1.966360,1.111804,-1.115839,-0.941827,0.780372,0.265828,-1.286548,-0.375808,0.270132,0.978969,192.982718,1.242650,-1.451429,0.711049,0.335201,1.253968,-0.967802,-1.021261,0.684915,0.167294,0.385934,0.774555,1.374881,0.959801,-0.934872,1.111064
-0.889728,0.614390,0.616092,0.659727,0.675045,0.380932,-1.601935,0.566806,0.732738,0.479777,0.627505,0.322353,0.905705,1.333592,0.504072,0.757977,0.648275,0.369741,-1.399015,1.221595,0.806159,-1.307340,-1.758622,2.245129,-1.436829,-1.383854,0.758311,0.630089,-0.207294,-1.085791,2.598561,0.089737,238.727925,1.309215,-1.810766,0.711688,0.438720,1.541883,-0.925672,-0.918256,0.553091,0.451405,0.429383,0.259112,2.355953,1.484929,-0.480141,1.127744
-0.889728,0.804053,2.001088,0.394426,0.525154,0.435197,-1.470720,0.481036,0.284051,0.163515,0.547490,0.518728,0.905705,1.333592,0.521495,0.718677,0.389631,0.680246,-1.266821,1.221595,0.169867,-1.307340,-1.616773,1.608285,-1.218752,-1.383854,1.071326,0.400867,-0.891587,-1.085791,0.474960,0.208306,585.970659,1.193495,-1.705648,0.149330,0.393252,1.470993,-0.306179,0.587946,0.183446,0.278483,0.525319,0.297256,1.282622,1.181135,-0.480141,1.127744
-0.691614,0.790213,1.746106,0.197346,0.619608,0.318051,-1.446462,0.513885,-0.081229,0.083687,0.418405,0.504575,1.046137,0.704766,0.514110,0.328909,0.283170,0.680246,-1.382851,0.880737,0.746083,-0.555329,-1.505686,0.086280,-1.156831,-1.233035,1.071326,0.317042,-1.121230,-0.996308,0.382347,0.571206,647.693405,1.226577,-1.730425,0.227842,0.253069,1.726760,-0.740968,-0.896655,0.594953,0.177633,0.446370,0.313205,1.123935,1.103569,-1.179562,0.658090
-0.691614,0.682204,0.369382,0.370454,0.695332,0.352221,-1.596672,0.584131,0.778586,0.190371,0.434755,0.368629,1.046137,0.704766,0.508043,0.454486,0.331062,0.545297,-1.490893,1.183502,0.849503,-0.555329,-1.528719,0.859790,-1.156831,-1.233035,0.972999,0.342503,-1.121230,-0.479144,0.416862,0.689826,203.771530,1.287017,-1.764135,0.749566,0.293160,1.180896,-0.973733,-1.110662,0.715558,0.193933,0.371901,0.744211,1.123935,1.103569,-1.179562,0.658090
-0.637028,0.590673,0.377768,0.506747,0.664902,0.304993,-1.708035,0.513176,0.778586,0.292110,0.510185,0.580989,0.951459,1.129105,0.441655,0.514147,0.401077,0.494138,-1.542907,0.982891,0.743942,-0.991390,-1.800717,1.324708,-1.389074,-1.363968,0.822391,0.471119,-0.049222,-0.676011,1.171777,0.214579,165.930302,1.388971,-1.813894,0.695193,0.311817,1.185382,-0.957302,-0.837861,0.473403,0.365987,0.428877,0.229051,1.114221,0.875883,-0.627265,0.836613
-0.577588,0.767808,1.685001,0.128998,0.511582,0.296830,-1.194466,0.485223,0.407719,0.053727,0.421995,0.682221,0.780713,0.145973,0.255575,0.222843,0.056454,0.676925,-1.183311,0.573733,0.071073,-0.954935,-1.406463,0.505493,-0.122705,-0.171210,0.822391,0.147130,-0.771082,-0.971807,0.121178,0.182899,589.722715,1.070693,-1.574014,0.089870,0.206798,1.536175,-0.314480,0.546407,0.177043,0.024494,0.458443,0.303795,0.215976,0.522057,-0.126075,0.836613
-1.428057,0.761332,1.753216,0.225520,0.605645,0.280996,-1.633206,0.848321,-0.154035,0.154908,0.477875,0.771118,0.935869,1.149869,0.464859,0.360257,0.271166,1.519955,-1.598093,1.106035,0.041726,-0.501574,-1.396751,0.239261,-1.470828,-1.084500,0.807276,0.256524,-1.247841,-0.971807,0.308779,0.283411,730.644713,1.387135,-1.496691,0.170770,0.316927,1.484573,-1.072881,-0.752964,0.507872,0.204018,0.407086,0.369884,1.096195,1.241133,-1.122993,1.049610
-1.428057,0.657042,0.399299,0.323141,0.691104,0.381986,-1.647482,0.872920,0.931524,0.214147,0.538854,0.622064,0.935869,1.149869,0.503666,0.440711,0.250359,1.519955,-1.634684,1.106035,1.090519,-0.501574,-1.937967,0.632679,-1.470828,-1.084500,1.017313,0.275818,-1.247841,-0.369130,0.405808,0.348610,202.014528,1.359099,-1.624694,0.738500,0.356925,0.912017,-1.074984,-1.068384,0.693129,0.230638,0.292313,0.825406,1.096195,1.241133,-1.143364,1.049610
-0.644247,0.581547,0.349586,0.556690,0.723562,0.344216,-1.727505,0.609297,0.931524,0.362934,0.617031,0.558375,1.047944,1.021587,0.481157,0.502971,0.516478,0.635555,-1.722124,1.084125,1.090519,-0.666174,-1.935347,2.113413,-1.033179,-1.379639,0.745727,0.534107,-0.009375,-0.749772,1.849424,0.371815,152.668860,1.512921,-1.639418,0.756808,0.523183,1.095091,-0.978740,-0.802926,0.475624,0.385940,0.445592,0.244958,1.530991,1.310287,-0.670234,1.899590
-0.644247,0.657534,2.005954,0.364075,0.547333,0.260148,-1.317250,0.639490,0.446789,0.091891,0.514128,0.799902,0.923661,0.484537,0.361581,0.263218,0.254766,1.255468,-1.337072,1.084125,0.081735,-0.666174,-1.301812,1.124233,-0.888790,-0.666718,1.174086,0.181730,-0.997487,-0.942880,0.130637,0.219365,679.557360,1.222488,-1.325623,0.128445,0.478090,1.510588,-0.351570,0.445737,0.167067,0.082024,0.508895,0.394318,1.530991,0.623785,-0.515530,1.899590
-0.758271,0.767893,1.470908,0.300916,0.581094,0.283047,-1.594346,0.702954,0.401136,0.093060,0.605872,0.892348,0.947646,0.588443,0.552058,0.442015,0.309931,1.363014,-1.683078,1.126248,0.777643,-0.558268,-1.524638,0.584571,-0.831097,-1.163667,0.891140,0.277882,-1.502551,-0.878790,0.288570,0.998109,611.363272,1.420865,-1.552441,0.400524,0.379677,1.487298,-1.010731,-1.104105,0.795930,0.170131,0.331149,0.562415,1.416527,1.576732,-1.259694,1.135679
-0.966936,0.572577,0.465618,0.368050,0.531724,0.212757,-1.534324,0.682638,0.776315,0.242730,0.291348,0.412510,0.762439,1.864634,0.285262,0.470893,0.335023,0.713572,-1.623933,1.234311,1.036513,-0.567612,-1.612481,0.970015,-0.666931,-1.387914,0.555453,0.294555,0.041635,-0.490337,0.978906,0.296822,237.595524,1.449603,-1.682238,0.557852,0.308870,1.216313,-0.963312,-0.862404,0.454279,0.326871,0.325201,0.229003,2.019547,0.715565,-0.334418,0.868686
0.302227,0.878288,0.438971,0.046916,0.313418,0.176741,-1.099597,0.125566,-0.207910,0.024558,0.137276,0.250584,0.372200,0.023990,0.183879,0.081353,0.020059,0.272019,-1.229971,0.647636,0.078157,-0.227487,-1.162861,0.080725,-0.016521,-0.137413,0.611084,0.066926,-0.730627,-0.591562,0.153653,0.178776,180.001480,1.003764,-1.494703,0.036797,0.111950,1.340784,-0.295757,0.667368,0.121486,0.019067,0.125737,0.161330,0.169376,0.337571,0.422860,0.269599
0.907894,0.978617,1.821351,0.012610,0.303630,0.383136,-1.101246,0.059376,-0.683346,0.007296,0.068693,0.259680,0.312075,-0.002832,0.113778,0.044381,0.011078,0.614272,-1.151215,0.549552,0.084667,0.128027,-1.096901,0.141866,0.058499,0.036350,0.464225,0.030305,-0.803226,-0.315326,0.124702,0.308539,510.311390,0.965317,-1.605825,0.005153,0.054812,1.554631,-0.293032,0.932195,0.026750,0.003467,0.228334,0.032976,0.136655,0.421167,0.582407,0.202132
-0.330944,0.724664,4.484288,0.469223,0.474526,0.231450,-1.451135,0.369465,-0.143927,0.036982,0.283978,0.362541,0.760931,0.270836,0.157053,0.328281,0.179831,0.614272,-1.489553,0.656608,0.121241,0.064468,-1.277875,-0.003952,-0.582005,-0.507016,0.597580,0.214156,-0.730316,-0.446018,0.124702,0.532853,1661.125817,1.219834,-1.636612,0.163569,0.271277,1.810605,-0.282274,-0.522766,0.465596,0.053633,0.456868,0.113110,1.158554,0.417279,-0.571379,0.947873
-0.340159,0.695866,3.878919,0.509557,0.464202,0.249440,-1.464584,0.432939,0.308570,0.055061,0.514691,0.370620,0.760931,0.293746,0.161275,0.402379,0.300280,0.859266,-1.364195,0.797326,1.209744,0.064468,-1.329888,-0.270660,-0.582005,-0.507016,0.597580,0.232353,-0.717772,-0.446018,0.174603,0.631053,1473.899005,1.172874,-1.555190,0.206167,0.284048,1.710839,-0.751172,-1.001344,0.710457,0.081535,0.337613,0.314799,1.377487,0.350253,-0.893288,0.947873
-0.340159,0.630810,0.560861,0.496819,0.484545,0.144481,-1.551181,0.544344,0.818278,0.075437,0.458957,0.389067,0.760931,0.293746,0.190927,0.355296,0.286721,0.859266,-1.516224,0.797326,1.209744,0.064468,-2.101316,0.460282,-0.582005,-0.507016,0.597580,0.262598,-0.660202,0.052561,0.174603,0.651865,222.804653,1.305032,-1.533355,0.460106,0.368298,1.662556,-0.797442,-1.003712,0.578718,0.118966,0.237505,0.498561,1.377487,0.322998,-0.893288,0.947873
-0.340159,0.593209,0.274656,0.759626,0.497348,0.124086,-1.586183,0.604981,0.912026,0.109363,0.482830,0.323447,0.760931,0.293746,0.145509,0.384561,0.305112,0.859266,-1.581517,0.797326,1.209744,0.087724,-2.093269,1.161829,-0.582005,-0.484471,0.597580,0.116346,-0.643347,-0.298357,0.174603,0.882826,132.931993,1.341507,-1.550704,0.539531,0.427041,0.966763,-0.797442,-1.003712,0.370201,0.150016,0.189054,0.488881,1.377487,0.684722,-0.893288,0.947873
-0.833901,0.751916,0.418805,0.377811,0.451897,0.215121,-1.391895,0.420603,0.510296,0.203663,0.338173,0.408960,0.698312,0.686729,0.282805,0.314714,0.243367,0.879803,-1.244881,0.841386,1.085973,-0.256204,-1.506174,1.028602,-0.919564,-1.033695,0.722819,0.257090,-0.079570,-0.513050,0.955352,0.245172,182.022345,1.206044,-1.446148,0.186553,0.207181,1.307956,-0.475511,0.683939,0.063942,0.256349,0.270525,0.223451,1.303160,0.868092,-0.806437,0.385078
-0.105887,0.796653,0.535585,0.015182,0.361539,0.390035,-0.945225,0.231374,0.024834,0.019699,0.114989,0.398051,0.426003,-0.003773,0.081953,0.062012,0.012571,0.879803,-0.968802,0.551121,0.101358,-0.060063,-1.246211,0.441435,0.043159,-0.065309,0.443538,0.046830,-0.314507,-0.409096,0.137466,0.191881,214.175925,0.935998,-1.455252,0.026051,0.093155,1.043678,-0.282352,0.688953,0.061228,0.002840,0.149722,0.104443,0.136618,0.369513,0.387990,0.236884
0.453731,0.540572,0.738120,0.125499,0.391218,0.231704,-1.545914,0.552918,0.058938,0.061754,0.188416,0.159237,0.654719,0.241719,0.100781,0.139568,0.141365,0.126909,-1.636824,0.807288,0.658709,-0.436363,-1.306365,0.431222,-0.494225,-0.479785,0.483693,0.220835,-0.400119,-0.351462,3.959011,0.525638,333.944142,1.427072,-1.624679,0.221989,0.158969,2.082646,-0.566901,-0.089286,0.390139,0.059333,0.134728,0.155241,0.879709,0.369513,-0.114178,0.256662
0.671897,0.572880,0.340926,0.274086,0.232851,0.166653,-1.541560,0.579443,0.058790,0.190344,0.348977,0.147125,0.431829,0.233357,0.179201,0.245071,0.253636,0.380965,-1.374810,0.782723,0.826737,-1.131597,-1.480983,0.591349,-0.337458,-0.370835,0.623754,0.214378,-0.480032,-0.764120,0.375950,0.297734,191.420911,1.228096,-1.620524,0.186390,0.268861,1.318372,-0.566901,-0.089286,0.356482,0.086570,0.221126,0.200968,0.733238,0.292471,0.022781,0.539994
0.751625,0.777847,0.307207,0.034995,0.314712,0.032615,-1.724538,0.338883,-0.333367,0.023867,0.064560,0.075687,0.364185,0.015273,0.053328,0.050440,0.030865,0.168718,-1.804896,0.545321,0.111522,0.093253,-1.376792,0.238691,0.004986,-0.034693,0.363382,0.052918,-0.469065,-0.170676,0.136677,0.231138,133.755035,1.565168,-1.737713,0.040231,0.045439,1.073420,-0.283173,0.692766,0.067657,0.005624,0.099958,0.040845,0.290386,0.322821,0.346239,0.145697
1.690642,0.659936,0.858682,0.023009,0.354754,0.273950,-1.384978,0.247868,-0.338231,0.020238,0.123271,0.384434,0.427740,0.012866,0.164824,0.077817,0.023494,0.955403,-1.419514,0.583875,0.134950,-0.055617,-1.386408,0.324468,0.016448,0.009084,0.664507,0.053423,-0.584882,-0.541942,0.205338,0.345485,293.714436,1.345472,-1.445608,0.022380,0.076209,1.022859,-0.297394,0.599867,0.041670,0.024711,0.159681,0.051211,0.143097,0.674752,0.458525,0.288394
-1.339984,0.627865,4.319303,0.162792,0.557295,0.289382,-1.222261,1.291372,0.156174,0.116923,0.296581,0.423388,0.893528,0.808242,0.478983,0.476741,0.287013,0.987680,-0.913683,0.650009,0.115645,-0.460793,-1.636906,0.336944,-1.158646,-0.814172,1.042865,0.202081,-0.824060,-0.578321,0.255691,0.435605,1520.289506,0.823126,-1.802685,0.167586,0.272104,2.032000,-0.917126,-0.895872,0.477156,0.154271,0.469729,0.227358,1.207703,1.222765,-0.405919,0.832476
-1.339984,0.665594,0.700835,0.312029,0.625184,0.297566,-1.603061,1.022886,1.463646,0.170113,0.477343,0.445373,0.893528,0.808242,0.573662,0.572868,0.357428,0.987680,-1.725031,0.943579,1.344057,-0.431423,-1.587519,0.888086,-1.158646,-0.814172,1.081626,0.229883,-0.824060,-0.392568,0.255691,0.697980,332.091789,1.472583,-1.832417,0.663285,0.327038,1.896176,-1.026531,-1.142138,0.647767,0.167061,0.395611,0.862470,1.207703,1.222765,-0.950919,0.832476
-0.646799,0.530631,0.438221,0.377641,0.655525,0.278108,-1.741772,0.717920,1.463646,0.403070,0.559378,0.342696,1.003691,0.841044,0.553671,0.617095,0.478463,0.536000,-2.123354,0.925557,0.797240,-1.024672,-1.582218,2.279625,-1.568990,-1.373635,1.081626,0.493174,0.443262,-0.892938,2.487727,0.298997,170.654026,1.738986,-1.801748,0.683958,0.485157,1.026485,-0.929036,-0.992021,0.514956,0.347581,0.343798,0.296719,1.767735,1.173044,-1.108148,1.712597
-0.646799,0.633022,2.144557,0.214918,0.558977,0.282017,-1.258361,0.580295,0.798712,0.096250,0.417069,0.496157,1.003691,0.841044,0.347236,0.257885,0.216421,0.504485,-0.817879,0.925557,0.279577,-1.024672,-1.479363,0.716002,-0.623594,-0.884650,0.925452,0.265364,-0.691261,-1.154252,0.315098,0.206548,708.671630,0.583032,-1.566599,0.147431,0.431259,1.593996,-0.284307,0.404462,0.213104,0.139425,0.326277,0.442093,1.294294,0.520978,-1.108148,1.712597
-1.622200,0.724875,2.130398,0.266244,0.635780,0.307182,-1.536486,0.877968,0.234239,0.131969,0.548978,0.726144,1.003463,1.047929,0.552275,0.394006,0.266022,1.410005,-1.456514,0.587740,0.036766,-0.465990,-1.593837,0.312464,-1.331165,-1.160744,0.925452,0.259804,-1.332360,-1.154252,0.137706,0.419725,924.623224,1.342913,-1.689001,0.189995,0.296102,1.584485,-0.951316,-0.707208,0.454929,0.194743,0.332945,0.495769,0.986213,1.235414,-1.115465,1.221245
-1.622200,0.697570,0.497695,0.365587,0.724294,0.280804,-1.619601,0.955911,1.052846,0.193426,0.563931,0.652366,1.003463,1.047929,0.543011,0.455429,0.241240,1.410005,-1.616500,1.063742,0.927353,-0.465990,-1.932600,0.694886,-1.331165,-1.160744,1.062366,0.291971,-1.332360,-0.513964,0.329331,0.782534,268.208647,1.393693,-1.778682,0.772694,0.355818,1.306262,-1.085683,-1.080238,0.747822,0.226143,0.303378,0.881376,0.986213,1.235414,-1.115465,1.221245
-0.839104,0.549113,0.745232,0.545494,0.769263,0.239326,-1.555156,0.639403,1.052846,0.313706,0.528510,0.465082,1.126149,1.777533,0.557906,0.641494,0.468581,0.654099,-1.353098,0.986469,0.934568,-0.963200,-1.648563,1.669259,-1.937978,-1.390893,1.039747,0.538652,0.260885,-0.678063,1.212185,0.345397,291.036376,1.285525,-1.775039,0.807870,0.379954,1.335115,-1.024894,-0.979445,0.554541,0.455285,0.424038,0.196594,1.115115,1.439789,-0.593568,0.587129
-0.839104,0.581186,2.269705,0.359676,0.556595,0.277026,-1.297300,0.530176,0.649500,0.109042,0.344353,0.727616,1.126149,0.738671,0.455152,0.446587,0.219615,0.976821,-1.256449,0.855114,0.071971,-0.963200,-1.472436,0.692590,-0.395780,-0.765063,0.929907,0.222966,-0.759983,-1.037805,0.165326,0.159763,790.698596,1.153724,-1.616261,0.195987,0.300697,1.425387,-0.323078,0.327823,0.216729,0.142888,0.500520,0.393941,1.115115,0.519334,-0.593568,0.587129
-1.437699,0.669350,1.660627,0.241246,0.609415,0.412202,-1.430556,0.762266,0.149248,0.126039,0.427536,0.836830,0.947087,0.922225,0.587178,0.321054,0.243920,1.057595,-1.176227,0.688798,0.180848,-0.802652,-1.526983,0.347643,-1.062029,-1.033660,0.929907,0.225542,-1.258156,-1.037805,0.222131,0.706742,733.291642,0.943653,-1.629594,0.193015,0.227698,1.547402,-1.035048,-0.751044,0.468877,0.179786,0.357902,0.483257,0.976975,1.351572,-1.023199,0.776102
-1.437699,0.633964,0.327434,0.338521,0.676167,0.458341,-1.633040,0.899364,0.848820,0.190791,0.454969,0.542226,0.947087,0.922225,0.600546,0.377794,0.228363,1.057595,-1.633888,1.011508,0.917055,-0.464813,-1.958538,0.587752,-1.062029,-1.033660,1.103919,0.249773,-1.258156,-0.283384,0.350910,1.004757,188.841663,1.406900,-1.804249,0.721914,0.273313,0.999298,-1.035048,-1.033207,0.660191,0.207064,0.249246,0.798203,0.976975,1.351572,-1.023199,0.776102
-0.687517,0.487971,0.417032,0.471400,0.673517,0.233796,-1.626685,0.600216,0.848820,0.269513,0.443677,0.535445,1.015427,1.414483,0.439224,0.488145,0.361885,0.681054,-1.585604,1.029610,0.917055,-0.599412,-1.562371,1.172025,-1.684314,-1.379947,0.827957,0.481106,-0.037156,-0.657442,0.886106,0.479162,180.705886,1.456022,-1.823167,0.701100,0.321496,1.216487,-0.916919,-0.766291,0.414790,0.407212,0.391999,0.229533,1.271214,1.056832,-0.183548,0.660814
-0.536943,0.638762,1.915685,0.093688,0.493586,0.213088,-1.339024,0.427242,0.435953,0.044032,0.240368,0.720257,0.786886,0.109675,0.326595,0.213389,0.055454,0.900836,-1.344624,0.651653,0.064853,-0.429129,-1.455816,0.624584,-0.098749,-0.174131,0.937340,0.134484,-0.980363,-0.987170,0.139704,0.142610,663.402345,1.195245,-1.678708,0.106307,0.192474,1.389079,-0.332246,0.368473,0.222597,0.020743,0.513734,0.360011,0.219080,0.644813,-0.153106,0.660814
-1.017261,0.692213,2.038470,0.334926,0.605303,0.225299,-1.192731,0.711435,-0.162195,0.107318,0.672043,1.045810,0.922685,0.798804,0.491707,0.490312,0.261744,1.612009,-0.764179,0.781420,0.041059,-0.315552,-1.334505,0.098467,-1.150279,-1.367929,0.933141,0.282143,-1.417422,-0.987170,0.225594,0.466195,880.744985,0.714763,-1.622410,0.180713,0.373038,1.571707,-0.932486,-0.957954,0.538062,0.157762,0.508218,0.415893,1.062381,1.139690,-1.215736,1.526553
-1.017261,0.613367,0.587090,0.451500,0.633857,0.445814,-1.488435,0.783899,0.927097,0.158440,0.674988,0.816753,0.922685,0.798804,0.485411,0.485392,0.201830,1.612009,-1.415067,0.954135,1.088950,-0.071070,-2.022855,1.014951,-1.150279,-1.367929,0.793908,0.306826,-1.417422,-0.197626,0.208636,0.673935,294.952292,1.296243,-1.530252,0.676403,0.433826,1.474020,-1.093561,-1.142645,0.610074,0.208462,0.399054,0.862674,1.062381,1.139690,-1.215736,1.526553
-1.251817,0.561022,0.392011,0.555636,0.641107,0.399248,-1.592193,0.647889,0.927097,0.292312,0.652895,0.466185,0.958636,0.793615,0.386124,0.818029,0.477280,0.790351,-1.583658,1.079565,1.088950,-0.598151,-1.609051,1.928050,-1.185534,-1.379600,0.669530,0.441512,0.159966,-0.682417,1.528732,0.512383,176.252881,1.504479,-1.612437,0.652475,0.277393,1.237269,-0.792639,-0.430747,0.321384,0.344497,0.341739,0.193571,2.089974,1.186332,-0.969815,0.947437
-0.728302,0.717144,3.271531,0.062460,0.473723,0.382575,-1.162615,0.449629,0.662617,0.034217,0.383919,0.820147,0.913617,0.038768,0.250118,0.216315,0.021904,1.382212,-0.952172,1.079565,0.088864,-0.188623,-1.142489,0.810014,-0.039586,-0.331610,0.801335,0.147391,-0.728965,-1.068686,0.131511,0.221971,947.302683,0.778211,-1.543779,0.116109,0.245413,1.820955,-0.309806,0.429086,0.234743,0.011876,0.306764,0.355439,0.153653,0.470248,-0.133490,0.947437
-1.212181,0.745818,2.659137,0.288427,0.602830,0.318043,-1.271296,0.768272,0.000053,0.136927,0.570154,0.842569,0.906895,0.684810,0.436104,0.388327,0.237663,1.382212,-0.865313,0.742673,0.090849,-0.173859,-1.341184,0.229513,-0.989632,-0.955416,0.801335,0.246397,-1.177718,-1.068686,0.256997,0.172667,959.570233,0.751152,-1.586438,0.190186,0.348048,1.856961,-0.861292,-0.891631,0.565831,0.129638,0.427323,0.389912,0.921360,1.037750,-0.601223,1.250588
-1.212181,0.624721,0.274654,0.418132,0.646074,0.253627,-1.570986,0.783886,0.923259,0.208654,0.532994,0.487492,0.906895,0.684810,0.430272,0.377526,0.200405,1.348353,-1.521037,1.193812,1.221693,-0.173859,-1.972850,0.583664,-0.989632,-0.955416,0.761418,0.265363,-1.177718,-0.242704,0.259343,0.512730,167.697281,1.385621,-1.558275,0.696647,0.402461,0.964074,-1.023119,-1.097518,0.646098,0.171620,0.338533,0.779826,0.921360,1.037750,-0.601223,1.250588
-0.928410,0.554322,0.466178,0.552843,0.641541,0.250270,-1.395706,0.607551,0.923259,0.262279,0.430620,0.443868,0.867035,1.344735,0.469361,0.522198,0.328635,0.540700,-1.134335,1.017016,1.221693,-0.530028,-1.648129,0.986367,-0.961235,-1.139350,0.966131,0.382594,-0.022470,-0.726600,0.772385,0.361651,188.569491,1.010142,-1.600283,0.672501,0.442062,0.723549,-0.922097,-0.767546,0.441675,0.403703,0.429772,0.259712,1.331078,1.080444,-0.566681,1.173180
-0.920567,0.707697,2.241266,0.110982,0.507463,0.295879,-1.099778,0.501499,0.444073,0.032506,0.298681,0.736952,0.867035,0.246651,0.362392,0.367289,0.115456,1.017010,-1.076797,0.914527,0.095762,-0.530028,-1.146970,0.565800,-0.098630,-0.562899,0.966131,0.131911,-0.826904,-0.910139,0.143256,0.225592,759.334556,1.012993,-1.539775,0.127377,0.333439,1.409463,-0.363992,0.530009,0.156881,0.043350,0.444016,0.324136,0.383804,0.615078,-0.566681,1.173180
-0.666998,0.710695,1.784931,0.464601,0.600519,0.368693,-1.378092,0.550943,-0.100794,0.129917,0.837456,0.906603,0.975262,0.853814,0.512010,0.592097,0.279137,1.804164,-1.176802,1.393282,0.052020,-0.375753,-1.457807,0.191919,-1.170769,-1.207907,0.918681,0.305447,-1.201307,-0.910139,0.282285,0.237343,780.596666,1.108076,-1.667780,0.202893,0.337322,1.538850,-0.796660,-1.048260,0.589911,0.182079,0.365327,0.382617,1.412673,0.953027,-0.773920,1.359841
-0.666998,0.633841,0.296910,0.586538,0.626707,0.478560,-1.547971,0.598477,0.877110,0.199870,0.855442,0.633391,0.975262,0.853814,0.482452,0.676397,0.306696,1.804164,-1.531964,1.203412,1.454286,0.043879,-2.019889,1.548666,-1.170769,-1.207907,0.840744,0.335791,-1.201307,-0.197764,0.282285,0.344387,173.156004,1.406685,-1.710935,0.675233,0.390518,1.016530,-0.983630,-1.141378,0.626757,0.242717,0.268608,0.784638,1.412673,0.953027,-0.773920,1.359841
-0.963452,0.562812,0.340020,0.616577,0.602071,0.217646,-1.591700,0.550568,0.877110,0.301474,0.612427,0.319864,0.918613,0.795953,0.341016,0.648255,0.495551,0.635281,-1.555283,1.078412,1.454286,-0.368924,-1.573633,1.548666,-1.017349,-1.319958,0.753587,0.399148,-0.041457,-0.646800,1.571057,0.123099,156.468452,1.397002,-1.647004,0.623434,0.402130,1.211024,-0.833353,-0.645612,0.407408,0.302389,0.409905,0.278288,1.804794,1.004791,-0.490068,1.091184
-0.963452,0.754538,1.964211,0.148570,0.517844,0.312452,-1.093122,0.542139,0.295368,0.041403,0.322507,0.494101,0.918613,0.321051,0.290244,0.345458,0.186753,0.795798,-1.000343,0.984943,0.157244,-0.368924,-1.596378,0.599767,-0.060564,-1.097080,0.888214,0.160812,-0.917187,-0.998471,0.157497,0.137693,654.470323,0.963736,-1.467354,0.140010,0.330200,1.610003,-0.351386,0.563379,0.173667,0.057163,0.426445,0.338287,0.691662,0.455044,-0.409814,1.091184
-1.065721,0.732623,1.867628,0.180992,0.599025,0.379621,-1.331509,0.687000,-0.213655,0.095934,0.506941,0.523260,0.891245,0.488352,0.447428,0.346736,0.211722,0.979851,-1.149737,0.822735,0.031092,-0.479003,-1.020852,0.274563,-0.927807,-0.957275,0.888214,0.248513,-1.250077,-0.998471,0.150011,0.310485,758.067031,1.033243,-1.576738,0.177971,0.289672,1.749178,-0.742800,-0.763434,0.510235,0.113782,0.446211,0.356369,0.992389,1.045265,-0.845260,0.922158
-1.065721,0.626196,0.285158,0.356073,0.641760,0.240474,-1.635866,0.751851,0.710724,0.145848,0.527763,0.383203,0.891245,0.488352,0.438992,0.367461,0.189468,0.979851,-1.577557,1.019650,0.779774,-0.479003,-1.941235,1.129109,-0.927807,-0.957275,0.845154,0.257274,-1.250077,-0.312147,0.265196,0.688173,165.566495,1.450070,-1.637535,0.686729,0.328621,1.153333,-0.971404,-1.027212,0.658295,0.156138,0.333117,0.740200,0.992389,1.045265,-0.845260,0.922158
-1.042007,0.620175,0.403327,0.688545,0.659969,0.324721,-1.641088,0.611930,0.710724,0.464578,0.594174,0.354330,0.929222,2.334724,0.383881,0.771777,0.585808,0.505883,-1.523081,1.331351,0.761032,-0.602557,-1.627254,2.199853,-0.890265,-1.391053,0.549613,0.531060,-0.052072,-1.120966,2.432494,0.108826,172.452381,1.315890,-1.828099,0.695179,0.379784,1.342085,-0.932727,-0.840453,0.519259,0.447315,0.437693,0.223637,2.092687,1.303403,-0.394311,1.045720
-1.042007,0.777550,1.616965,0.478384,0.548165,0.401606,-1.285970,0.566175,0.235487,0.148025,0.557277,0.476926,0.929222,2.334724,0.400166,0.756795,0.380439,0.711117,-1.111658,1.331351,0.316789,-0.602557,-1.700374,1.579185,-0.890265,-1.371143,0.950557,0.311272,-0.789053,-1.027307,0.288581,0.257123,554.425004,1.147637,-1.641082,0.143375,0.327120,1.630357,-0.501661,0.615215,0.135779,0.319620,0.489794,0.274418,1.403683,0.931510,-0.394311,1.045720
-0.912369,0.751390,1.370525,0.275682,0.616932,0.304348,-1.450543,0.574274,-0.033329,0.070479,0.425152,0.491951,0.957417,0.865943,0.493765,0.345190,0.256248,1.063421,-1.298680,0.989518,0.300072,-0.635914,-1.311092,0.326606,-1.051539,-1.098970,0.950557,0.283569,-1.113963,-1.027307,0.335675,0.468877,594.805102,1.185441,-1.746697,0.200985,0.185913,1.619909,-0.888629,-0.902189,0.582646,0.187772,0.349344,0.315703,1.244304,1.059072,-1.297606,0.657758
-0.912369,0.683431,0.353947,0.352325,0.672664,0.319546,-1.494063,0.669768,0.867283,0.154918,0.471471,0.515508,0.957417,0.865943,0.489509,0.471750,0.298357,1.063421,-1.392655,1.111534,0.878289,-0.635914,-1.505818,0.825376,-1.051539,-1.098970,0.933802,0.303470,-1.113963,-0.413213,0.365940,0.581834,194.109847,1.272900,-1.621842,0.725918,0.230931,1.194723,-0.963929,-1.100074,0.681237,0.206141,0.321815,0.764760,1.244304,1.059072,-1.297606,0.657758
-0.973737,0.588927,0.475636,0.604622,0.668953,0.465902,-1.520497,0.571111,0.867283,0.398714,0.494431,0.505320,0.931058,2.102665,0.414478,0.686781,0.460898,0.611929,-1.405569,1.381826,0.678576,-0.768299,-1.549042,2.354504,-1.211163,-1.376295,0.543762,0.481226,-0.090621,-0.718391,1.951463,0.316832,186.577289,1.299525,-1.910124,0.698351,0.356799,1.246210,-0.958098,-0.856734,0.464861,0.411003,0.438996,0.270480,1.860186,1.260166,-0.740144,1.076055
-0.972067,0.700947,1.698424,0.110394,0.526990,0.466988,-1.100971,0.537363,0.308383,0.039481,0.309820,0.666306,0.911262,0.284536,0.202230,0.351239,0.100792,0.801549,-1.047910,1.016881,0.067295,-0.768299,-1.504295,0.734495,-0.110879,-1.017666,0.751319,0.162422,-0.710893,-0.881363,0.182863,0.218468,604.924561,1.050979,-1.767732,0.136195,0.298814,1.605277,-0.321176,0.532907,0.150764,0.047359,0.380932,0.251536,0.437030,0.464876,-0.653201,1.076055
-1.561431,0.710678,1.312278,0.233225,0.603069,0.285855,-1.616247,0.846532,-0.144169,0.135792,0.414663,0.665612,0.966624,1.158077,0.453103,0.343703,0.234752,1.152433,-1.569196,0.697982,0.054255,-0.628981,-1.666833,0.288254,-1.377900,-1.006413,0.751319,0.245758,-1.267945,-0.881363,0.199967,0.344374,590.170699,1.373305,-1.777513,0.172793,0.269491,1.580647,-1.041991,-0.825900,0.483782,0.194859,0.310549,0.400443,0.983502,1.175583,-0.955643,1.003882
-1.561431,0.649374,0.337308,0.295651,0.665313,0.386307,-1.658580,0.891967,0.946050,0.179934,0.500766,0.535305,0.966624,1.158077,0.483183,0.428824,0.210615,1.152433,-1.739996,1.098259,0.860828,-0.436929,-1.929966,0.692206,-1.377900,-1.006413,0.947939,0.264002,-1.267945,-0.315545,0.341915,0.420178,193.299504,1.520272,-1.643197,0.714307,0.299297,1.244678,-1.045132,-1.059552,0.666071,0.230269,0.212528,0.832008,0.983502,1.175583,-0.955643,1.003882
-0.697549,0.594465,0.342110,0.492051,0.695974,0.296234,-1.684429,0.593336,0.946050,0.344706,0.506573,0.621942,0.970602,1.036244,0.400625,0.501325,0.523613,0.782192,-1.908258,0.994510,0.854552,-0.596503,-1.656655,2.107698,-1.025544,-1.386957,0.616321,0.512399,-0.134235,-0.699584,2.133855,0.379406,154.050230,1.691983,-1.723401,0.721953,0.498049,0.848916,-0.941620,-0.794191,0.455922,0.369376,0.457500,0.290230,1.543301,1.276655,-0.389061,1.838987
-0.697549,0.693169,1.503815,0.273581,0.533794,0.262770,-1.209501,0.652950,0.380728,0.073718,0.324922,0.782647,0.828004,0.614830,0.280604,0.208244,0.231108,1.135931,-1.239568,0.977646,0.086986,-0.596503,-1.539052,1.100755,-0.808689,-0.440501,1.045490,0.127220,-1.049939,-0.954807,0.163432,0.258298,500.765898,1.228893,-1.709154,0.111238,0.393809,1.715632,-0.325060,0.515679,0.167642,0.081853,0.471306,0.376635,1.543301,0.627952,-0.384664,1.838987
-0.824865,0.774886,1.174755,0.250677,0.581448,0.249186,-1.582794,0.759771,0.540721,0.106728,0.537799,0.724576,0.904464,0.580922,0.464842,0.393840,0.230792,1.185392,-1.559141,1.059045,0.781716,-0.527033,-1.611490,0.577785,-0.899263,-0.966814,0.788632,0.241253,-1.484441,-0.787794,0.224187,0.868091,484.315362,1.377373,-1.696964,0.426982,0.309360,1.765599,-1.018826,-1.101766,0.816918,0.163415,0.319929,0.605781,1.087281,1.407142,-1.223824,0.962741
-1.333358,0.558555,0.769175,0.330948,0.501504,0.269028,-1.416800,0.625619,0.903807,0.265470,0.322830,0.503992,0.955049,1.865951,0.329385,0.679286,0.540244,0.760067,-1.345952,1.638981,0.787831,-0.675398,-1.966750,1.449161,-1.032046,-1.409950,0.718023,0.352487,-0.013363,-0.629662,1.420058,0.297919,383.937803,1.244280,-1.759057,0.500233,0.436545,1.601657,-0.791741,-0.512421,0.290343,0.576711,0.353086,0.273756,4.590180,0.941837,-1.162647,1.681564
0.247324,1.108871,0.329324,0.014784,0.325035,0.067903,-0.895024,0.163361,-0.564322,0.024147,0.081307,0.323343,0.359990,-0.006926,0.107646,0.073063,0.014905,0.839108,-1.096187,0.569304,0.122683,-0.003441,-0.916719,0.066213,0.058745,-0.054577,0.525551,0.098096,-0.882178,-0.569593,0.120655,0.074429,153.334078,1.092810,-1.519521,0.016963,0.077341,1.074891,-0.278771,0.998957,0.044874,0.002664,0.086407,0.077351,0.160171,0.267137,0.489030,0.312354
0.725940,1.008835,4.857470,0.046089,0.306431,0.176139,-1.299295,0.101746,-0.685109,0.023860,0.116640,0.390131,0.404475,0.082540,0.181122,0.110319,0.024330,0.677159,-1.170414,0.590607,0.070928,0.010582,-1.063686,-0.001908,-0.053003,-0.154634,0.498657,0.082735,-1.334941,-0.552913,0.141053,0.140172,1399.373609,1.109380,-1.680209,0.046421,0.089875,0.894331,-0.287466,0.919183,0.078785,0.013919,0.084434,0.208945,0.129093,0.655122,0.857534,0.244707
-0.224857,0.581526,0.812583,0.069763,0.508793,0.270452,-1.117844,0.395132,0.567377,0.082806,0.339886,0.836522,0.912702,0.148152,0.526050,0.246240,0.043242,1.404408,-1.183579,0.875622,0.104669,-0.964063,-1.305003,0.681545,-0.053154,-0.803938,1.113740,0.292351,-0.495530,-0.941869,0.147877,0.758788,286.704543,1.027342,-1.469132,0.189875,0.413213,1.477715,-0.307535,0.275370,0.223672,0.032546,0.375967,0.294640,0.186502,0.648119,-0.020864,1.774822
0.750765,0.687380,0.544646,0.528931,0.270172,0.675437,-1.300578,0.265061,0.425183,0.192798,1.473729,0.489417,0.416483,0.256709,0.299221,0.642115,0.401207,1.718158,-1.078858,1.242034,3.127115,-0.623687,-1.318346,1.542179,-0.316927,-0.997510,0.830323,0.317875,-0.307411,-0.716011,0.268062,0.595315,264.964843,0.882771,-1.570837,0.333424,0.472302,1.558149,-1.072283,-0.810786,0.543542,0.200128,0.253430,0.240581,1.112372,0.288757,-0.695797,0.937037
0.646794,1.050670,0.338245,0.003137,0.280278,0.086151,-0.826177,0.024439,-0.362898,0.004334,0.084171,0.103971,0.322834,-0.004381,0.024245,0.011957,0.002892,0.062868,-1.028009,0.534969,0.085712,0.100857,-0.844338,0.086675,0.071786,0.086327,0.349909,0.014554,-0.511856,-0.111643,0.117898,0.083656,201.112921,0.921259,-1.536855,0.006796,0.026810,1.267826,-0.273995,1.023630,0.018095,0.001080,0.113043,0.043313,0.108467,0.262896,0.452744,0.134710
0.356400,1.116071,0.360696,0.001433,0.287265,0.026699,-0.880573,0.038282,-0.507026,0.001881,0.005849,0.023346,0.291221,-0.007924,0.019730,0.005550,0.001870,-0.030650,-1.038632,0.522146,0.083401,0.181193,-1.367649,0.106157,0.079026,0.058057,0.346814,0.004424,-0.566015,-0.118661,0.117873,0.021061,165.229040,0.912134,-1.438523,0.001636,0.005373,1.216482,-0.271923,1.102247,0.007615,0.000923,0.065023,0.014637,0.119355,0.237783,0.555203,0.035422
0.372137,1.069736,0.327029,0.004911,0.284530,0.026843,-0.809358,0.025132,-0.385463,0.003068,0.021982,0.069939,0.297640,-0.007377,0.019945,0.010116,0.003218,-0.039803,-1.006317,0.525554,0.085370,0.128850,-1.002380,0.122327,0.078820,0.040905,0.323152,0.014413,-0.561980,-0.122678,0.117004,0.162060,152.822808,0.888247,-1.403693,0.003272,0.018409,1.289592,-0.271770,1.048636,0.009829,0.000930,0.085166,0.059579,0.126366,0.212811,0.466657,0.101503
-0.786377,0.671237,3.071696,0.176412,0.565244,0.308001,-1.476594,1.065259,0.149437,0.122657,0.318866,0.343244,0.926445,0.763774,0.428099,0.335162,0.247830,0.726852,-1.493276,0.580410,0.062671,-0.191838,-1.342631,0.265623,-0.892260,-0.773196,0.806247,0.231910,-0.671086,-0.612469,0.343054,0.443128,1332.966888,1.316312,-1.633689,0.176013,0.241887,1.778660,-0.734212,-0.781050,0.463492,0.174030,0.374043,0.169777,1.031898,0.853329,-0.619009,0.855856
-0.786377,0.641491,0.637229,0.380181,0.687244,0.293770,-1.451467,0.819932,1.502443,0.211852,0.483870,0.319627,0.926445,0.763774,0.531411,0.442586,0.289078,0.726852,-1.429751,0.799084,1.074416,-0.191838,-1.624854,0.705727,-0.892260,-0.773196,1.025108,0.247891,-0.671086,-0.453239,0.343054,0.719367,302.050196,1.227094,-1.708313,0.736796,0.281316,1.066550,-1.007931,-1.087195,0.669487,0.162421,0.372534,0.829543,1.031898,0.659916,-0.619009,0.855856
-1.008687,0.531281,0.388799,0.537646,0.750200,0.321316,-1.778764,0.669559,1.502443,0.465126,0.497719,0.557893,0.991203,1.429311,0.502248,0.618734,0.621030,1.070114,-1.687666,1.013431,1.074416,-1.234081,-1.758825,2.287898,-0.934291,-1.384271,0.913594,0.581745,0.430071,-1.171198,2.408553,0.596121,174.607560,1.227947,-1.851395,0.783096,0.424128,1.388312,-0.973901,-0.938766,0.497816,0.504112,0.442570,0.281313,2.159409,1.305697,-1.323046,1.030566
-1.008687,0.620209,1.602971,0.337699,0.566135,0.298725,-1.385670,0.661913,0.898949,0.086149,0.295374,0.669130,0.985229,1.429311,0.345545,0.405710,0.222121,0.947659,-1.217921,1.013431,0.107556,-0.952215,-1.667304,1.325530,-0.934291,-0.632072,0.937097,0.252206,-0.687859,-1.029957,0.263633,0.376224,559.392741,1.151522,-1.488303,0.152678,0.344203,1.288064,-0.404316,0.397085,0.197035,0.214762,0.391095,0.428708,1.299922,0.594293,-1.323046,1.010906
-1.784433,0.706789,1.514905,0.214213,0.622104,0.375441,-1.384627,0.965174,0.215591,0.143794,0.542934,0.972100,1.038493,0.817086,0.613556,0.420539,0.318431,1.569119,-1.313337,0.608186,0.093669,-0.696594,-1.596631,0.405623,-1.532770,-1.392984,0.937097,0.275666,-1.257081,-1.029957,0.137663,0.661885,687.301419,1.196506,-1.697172,0.182995,0.347860,1.617645,-0.957330,-0.738793,0.440881,0.180089,0.373737,0.491699,1.766717,1.514790,-0.896973,1.455690
-1.784433,0.668760,0.352361,0.329638,0.715500,0.386953,-1.549299,0.998213,0.961004,0.203388,0.550442,0.842417,1.038493,0.817086,0.629313,0.458061,0.297188,1.569119,-1.518242,1.141593,1.001343,-0.696594,-1.866072,0.716726,-1.532770,-1.392984,1.129009,0.301017,-1.257081,-0.538581,0.355784,1.079088,197.283823,1.186984,-1.645335,0.765748,0.390212,1.425806,-1.078421,-1.015925,0.718689,0.221897,0.320232,0.825508,1.766717,1.514790,-1.067895,1.455690
-0.733197,0.546164,0.444270,0.556404,0.747861,0.318053,-1.587782,0.568079,0.961004,0.367751,0.658966,0.466998,1.140412,1.358112,0.490508,0.510034,0.455579,0.767566,-1.735271,0.991238,1.001343,-0.830447,-1.670362,1.812887,-1.421318,-1.393569,0.884839,0.601950,0.170545,-0.810141,1.675628,0.333347,194.602284,1.340720,-1.741939,0.790084,0.518996,1.172869,-1.035990,-0.886698,0.514294,0.410624,0.381047,0.203502,1.068718,1.396352,-0.503438,1.531826
-0.733197,0.668130,1.486171,0.326768,0.565193,0.385975,-1.275731,0.554328,0.535216,0.103531,0.657572,0.753631,1.140412,0.792875,0.501133,0.416111,0.128274,1.040281,-1.068297,0.803531,0.096570,-0.758499,-1.700701,0.787840,-0.413004,-1.198405,1.016036,0.319371,-0.773817,-1.127946,0.344951,0.315112,491.484542,0.788843,-1.631413,0.164085,0.503279,1.162059,-0.321925,0.394332,0.226667,0.123619,0.535514,0.356138,0.658798,0.552990,-0.503438,1.531826
-1.344649,0.743211,1.490882,0.224435,0.638776,0.535307,-1.554916,0.824881,0.007260,0.156017,0.581740,0.907307,1.028561,0.852745,0.694405,0.408875,0.260273,1.637521,-1.494154,0.638618,0.033177,-0.711101,-1.526500,0.317550,-1.233695,-1.281956,1.044429,0.237480,-1.425422,-1.127946,0.201480,0.850601,616.735015,1.313698,-1.613096,0.181155,0.309350,1.641279,-0.868117,-0.718296,0.457025,0.180006,0.647784,0.492906,1.531661,1.368648,-1.468993,1.108460
-1.344649,0.691781,0.461224,0.308643,0.704349,0.601183,-1.465976,0.884560,0.985166,0.203406,0.573106,0.652274,1.028561,0.852745,0.683438,0.433759,0.230590,1.637521,-1.401424,1.025352,0.872771,-0.711101,-2.128794,0.612887,-1.233695,-1.281956,1.101145,0.272171,-1.425422,-0.488271,0.270710,1.057193,243.839048,1.291468,-1.611434,0.750030,0.341412,0.877115,-1.052969,-1.027706,0.744283,0.212838,0.579833,0.896475,1.531661,1.368648,-1.468993,1.108460
-1.150221,0.558855,0.352529,0.470647,0.726285,0.320442,-1.756498,0.724210,0.985166,0.278805,0.474275,0.426953,1.099412,1.617374,0.588985,0.653499,0.446159,0.543430,-1.828630,0.955062,0.872771,-0.913130,-1.548238,1.326815,-1.802637,-1.386032,0.937883,0.511114,0.179003,-0.673692,0.994894,0.357068,159.810812,1.644553,-1.836874,0.766459,0.363865,1.132933,-1.033070,-0.988301,0.556887,0.482285,0.255847,0.184554,1.670608,1.322387,-0.534416,1.127547
-1.150221,0.650427,1.484401,0.324954,0.561786,0.270968,-1.126004,0.675730,0.641465,0.119885,0.433659,0.783349,1.099412,1.323087,0.577146,0.523774,0.269369,1.099403,-1.131809,0.873032,0.075496,-0.913130,-1.566656,1.089230,-0.717595,-0.759187,1.096323,0.264189,-0.751783,-1.156012,0.179278,0.170187,483.895581,1.086563,-1.509949,0.185506,0.314834,1.638742,-0.401595,0.393725,0.217195,0.183939,0.467627,0.398929,1.670608,0.707794,-0.534416,1.127547
-1.448432,0.707417,1.515020,0.293769,0.626978,0.248467,-1.257151,0.800265,0.044997,0.124189,0.762776,0.921423,0.961670,0.917734,0.560600,0.538158,0.290172,1.419419,-1.288931,0.731086,0.041331,-0.304859,-1.697204,0.197473,-1.436066,-1.384267,1.096323,0.286460,-1.281387,-1.156012,0.126467,0.262035,632.492197,1.160523,-1.619552,0.198089,0.355502,1.605181,-1.056176,-0.859099,0.500635,0.192018,0.441279,0.425977,1.333739,0.951546,-0.747096,1.636894
-1.448432,0.684464,0.327551,0.421113,0.706002,0.433231,-1.620949,0.857297,1.013249,0.207685,0.811957,0.700038,0.961670,0.917734,0.511693,0.563128,0.259248,1.419419,-1.685939,1.037384,1.273803,-0.304859,-1.855134,0.523748,-1.436066,-1.384267,0.893288,0.324442,-1.281387,-0.479437,0.303154,0.353885,179.539936,1.461762,-1.642755,0.756814,0.417798,0.959688,-1.166651,-1.179514,0.722427,0.243655,0.257213,0.867757,1.333739,0.951546,-0.747096,1.636894
-0.842643,0.580149,0.728499,0.593827,0.697047,0.234218,-1.611511,0.621703,1.013249,0.364107,0.486844,0.467841,0.928817,1.145219,0.406585,0.886040,0.480009,1.201120,-1.537984,1.037384,1.273803,-0.797866,-1.729410,1.669065,-1.183063,-1.385301,0.677172,0.528875,-0.105528,-0.697229,1.614071,0.638330,278.792997,1.438858,-1.664300,0.739663,0.474190,1.400924,-1.037762,-0.932573,0.513543,0.411107,0.343757,0.300894,2.268053,1.071654,-1.067018,1.278729
-0.842643,0.769143,2.586799,0.238862,0.505643,0.354874,-1.246200,0.408711,0.459240,0.087967,0.380935,0.975874,0.914037,0.480149,0.389195,0.675559,0.216590,1.839077,-1.200591,0.986116,0.080154,-0.797866,-1.057682,1.669065,-0.934848,-1.303558,1.063458,0.226634,-0.787078,-1.030532,0.213268,0.321054,845.600151,1.175433,-1.534480,0.164139,0.377610,1.443582,-0.561880,0.516143,0.215781,0.060186,0.578043,0.324587,1.534552,0.748873,-1.067018,1.278729
-1.292045,0.763595,1.896138,0.424523,0.610907,0.411078,-1.412207,0.632691,-0.079071,0.143921,0.703889,1.076444,0.935538,0.800063,0.567767,0.439541,0.251970,1.839077,-1.347356,0.788434,0.025195,-0.124723,-1.343721,0.287079,-1.022521,-1.258890,1.063458,0.271505,-1.120712,-1.030532,0.250636,0.374399,801.232955,1.186720,-1.603920,0.202012,0.332598,1.499514,-0.884565,-0.942602,0.587119,0.155749,0.477854,0.352901,0.963835,0.895842,-0.506411,1.292089
-1.292045,0.646840,0.409652,0.541490,0.661036,0.435258,-1.562984,0.782026,1.004739,0.210759,0.626743,0.637429,0.935538,0.800063,0.516438,0.538819,0.307582,1.301848,-1.458142,0.942175,1.337593,-0.035642,-1.836670,1.130257,-1.022521,-1.258890,0.818893,0.288913,-1.120712,-0.231902,0.254979,0.218362,205.231989,1.247655,-1.693349,0.710942,0.395399,0.824310,-1.118051,-1.102904,0.661517,0.210901,0.295361,0.799713,0.980421,0.895842,-0.530285,1.292089
-0.865204,0.538449,0.498575,0.501402,0.654281,0.156033,-1.694075,0.573239,1.004739,0.279298,0.523135,0.310248,0.933778,1.767646,0.480948,0.684414,0.580647,0.759705,-1.722584,0.874772,1.337593,-0.608095,-1.599077,1.130257,-1.264883,-1.159295,0.854588,0.441404,0.027533,-0.760596,0.604140,0.649130,199.501371,1.504897,-1.648373,0.689766,0.463279,1.159637,-0.953210,-0.848100,0.468864,0.486370,0.408600,0.253427,2.556026,1.019150,-0.262285,0.974079
-0.856960,0.750102,2.785425,0.127177,0.502385,0.281522,-1.434243,0.463863,0.654939,0.061721,0.399032,0.736289,0.851711,0.280555,0.425312,0.336288,0.169167,1.355487,-1.290880,0.805125,0.139507,-0.608095,-1.090353,0.703443,-0.070670,-0.385022,1.088732,0.197087,-0.773793,-1.021025,0.178785,0.380917,898.480272,1.242228,-1.361707,0.129147,0.310843,1.801999,-0.328015,0.481485,0.213904,0.051907,0.528188,0.392193,0.738031,0.538705,-0.246781,0.974079
-1.410377,0.747227,2.526971,0.407687,0.619042,0.366475,-1.377733,0.765555,-0.035019,0.130404,0.892218,0.880181,0.915682,0.754846,0.531568,0.551241,0.272606,1.648223,-1.081539,0.831538,0.143198,-0.043182,-1.337032,0.146756,-1.130611,-1.262096,1.088732,0.283039,-1.093869,-1.021025,0.233582,0.418487,1008.506042,0.969733,-1.568240,0.180891,0.374480,1.880441,-0.901317,-0.904544,0.563803,0.148432,0.522998,0.342396,1.201521,0.795559,-0.913332,1.431115
-1.410377,0.664017,0.342328,0.492881,0.677768,0.349638,-1.618423,0.813155,1.012121,0.175813,0.861009,0.656752,0.915682,0.754846,0.530002,0.529724,0.235048,1.648223,-1.533252,0.956377,1.170986,0.024501,-1.728770,0.800098,-1.130611,-1.262096,0.983388,0.300580,-1.093869,-0.206200,0.252412,0.179672,186.613566,1.416318,-1.544281,0.726092,0.439937,1.080026,-1.077996,-1.183219,0.680301,0.194530,0.413318,0.791164,1.201521,0.795559,-0.913332,1.431115
-1.140631,0.562427,0.353409,0.692730,0.735704,0.453729,-1.492641,0.626607,1.012121,0.400515,0.647621,0.447085,1.015623,2.867635,0.437186,0.827922,0.508051,0.631262,-1.494217,1.271473,1.170986,-0.794874,-1.669928,2.173063,-1.035729,-1.391753,0.771895,0.542906,0.198411,-0.795090,2.391946,0.355082,164.354576,1.415394,-1.713970,0.772257,0.532325,1.075350,-0.953461,-0.907318,0.509039,0.501296,0.311235,0.196185,1.463277,1.216589,-1.074774,1.132576
-1.140631,0.593941,1.590973,0.549462,0.589420,0.389209,-1.272105,0.818420,0.622259,0.142952,0.456154,0.731450,1.015623,2.867635,0.403791,0.803358,0.275707,1.712519,-1.097980,1.271473,0.099222,-0.512593,-1.739341,1.971923,-1.035729,-1.391753,0.997286,0.299288,-0.688932,-1.043066,0.314147,0.239921,567.230034,1.010627,-1.681922,0.185765,0.502959,0.961471,-0.733876,0.394668,0.169145,0.336580,0.394665,0.373554,1.463277,0.892305,-1.074774,1.132576
-1.470901,0.641281,1.731999,0.386062,0.619529,0.390862,-1.612501,0.909095,0.023310,0.141130,0.581909,0.833631,0.950488,0.852815,0.578893,0.393448,0.321714,1.712519,-1.572022,0.742344,0.076398,-0.628833,-1.647429,0.523650,-0.892963,-1.227698,0.997286,0.291269,-1.176956,-1.043066,0.182699,0.306343,759.258715,1.318476,-1.717282,0.182309,0.343576,1.950266,-0.798693,-0.763440,0.464344,0.174182,0.371749,0.401131,1.420406,1.496526,-1.397485,1.236701
-1.470901,0.679677,0.436028,0.453803,0.696464,0.347978,-1.636698,0.860681,1.013365,0.187750,0.633800,0.630942,0.950488,0.852815,0.609626,0.463828,0.304812,1.706733,-1.606482,1.035403,0.929289,-0.628833,-1.676087,0.543880,-0.892963,-1.227698,1.089464,0.316668,-1.176956,-0.572536,0.303028,0.665145,229.289409,1.307895,-1.805157,0.746779,0.362816,1.230525,-1.041504,-1.118424,0.703459,0.188510,0.313517,0.822007,1.420406,1.496526,-1.397485,1.236701
-1.006634,0.607971,0.524061,0.554185,0.726287,0.298937,-1.573189,0.608159,1.013365,0.394491,0.555844,0.481240,1.035190,1.489102,0.541124,0.710807,0.520482,0.935135,-1.421917,0.936278,0.953281,-1.055054,-1.775738,2.502013,-1.388925,-1.385117,0.973644,0.573995,0.196042,-0.856329,2.594812,0.502119,215.556296,1.195208,-1.756245,0.768221,0.359391,1.317661,-1.041504,-0.984356,0.591075,0.407590,0.490584,0.200250,1.585294,1.102120,-0.796496,0.870899
-1.006634,0.701278,2.414212,0.419100,0.568125,0.332870,-1.782344,0.624986,0.597430,0.159043,0.571553,0.818372,1.035190,1.489102,0.582011,0.678021,0.336800,1.601710,-1.905129,0.932413,0.150042,-1.055054,-1.321373,2.502013,-1.388925,-1.382533,1.036600,0.329665,-0.926760,-1.016385,1.776460,0.151929,768.200354,1.656879,-1.500485,0.182853,0.328290,1.409883,-0.325349,0.497922,0.175427,0.236336,0.637704,0.417344,1.348086,1.102120,-0.796496,0.870899
-0.744928,0.714098,2.083847,0.359902,0.638326,0.460264,-1.831961,0.585040,-0.003598,0.123051,0.700253,0.948480,1.000078,0.459525,0.622269,0.448126,0.304668,1.601710,-2.018899,0.788872,0.405431,-0.491804,-1.398538,0.306831,-1.266819,-1.253525,1.036600,0.274759,-1.271740,-1.016385,0.170548,0.702775,843.798733,1.740188,-1.695846,0.200683,0.330294,1.585949,-0.574979,-0.781526,0.477434,0.142435,0.394766,0.431675,1.534258,1.363278,-1.416341,1.222561
-0.744928,0.663679,0.327454,0.486919,0.696443,0.351650,-1.631252,0.671725,0.785661,0.166065,0.660193,0.642045,1.000078,0.459525,0.618282,0.623216,0.417796,1.268631,-1.641419,1.057584,0.836413,-0.491804,-1.398048,1.281991,-1.266819,-1.253525,1.012787,0.291601,-1.271740,-0.454569,0.277383,1.365879,183.657707,1.421581,-1.691172,0.746101,0.456532,0.825205,-0.963845,-1.106822,0.703007,0.175024,0.253561,0.794806,1.534258,1.363278,-1.416341,1.222561
-0.812821,0.569626,0.375199,0.523465,0.706693,0.251885,-1.618025,0.589715,0.785661,0.317291,0.456399,0.591887,0.965154,0.993119,0.551711,0.706088,0.500919,0.905612,-1.742234,1.014037,0.779707,-1.228785,-1.612068,2.096592,-1.585362,-1.381867,0.839875,0.547654,0.072289,-0.694689,1.635841,0.405323,164.994676,1.530883,-1.857675,0.741707,0.385845,1.482768,-0.935619,-0.841901,0.498581,0.411412,0.379191,0.168009,1.744630,1.080749,-0.690899,0.781627
-0.812821,0.689682,1.826448,0.299214,0.561544,0.286722,-1.199672,0.501652,0.519122,0.082491,0.327413,0.920693,0.965154,0.970099,0.409646,0.405107,0.282797,1.869483,-1.171568,0.758005,0.076397,-1.228785,-1.199775,0.723973,-0.591012,-0.756350,0.961847,0.316338,-0.746067,-0.958163,0.212855,0.326052,644.044373,1.179180,-1.492192,0.159318,0.344296,1.533988,-0.328254,0.487331,0.177966,0.150556,0.567819,0.329285,1.744630,0.617992,-0.690899,0.781627
-0.404216,0.711301,1.518087,0.147764,0.630804,0.253636,-1.377205,0.405278,-0.092285,0.071493,0.427997,0.928069,1.075236,0.975912,0.563719,0.315688,0.237547,1.869483,-1.207007,0.802630,0.058369,-0.417955,-1.451874,0.128073,-0.921591,-1.182736,0.961847,0.316395,-1.102065,-0.958163,0.333727,0.211984,667.098316,1.086840,-1.742640,0.219376,0.239997,1.426893,-0.933234,-0.830076,0.514998,0.227703,0.514229,0.344618,1.012078,1.036032,-0.892154,1.176933
-0.404216,0.649289,0.535688,0.269771,0.706648,0.252513,-1.388885,0.507181,0.843323,0.251406,0.515576,0.550138,1.075236,0.975912,0.537846,0.424997,0.284021,0.903019,-1.022410,1.044768,1.267178,-0.417955,-1.532935,0.284272,-0.921591,-1.182736,0.855952,0.398304,-1.102065,-0.565301,0.359516,0.373224,259.164633,0.960770,-1.607460,0.753443,0.312474,1.119658,-1.049943,-1.066415,0.709688,0.253377,0.369417,0.753361,1.012078,1.036032,-0.892154,1.176933
-0.057335,0.578220,0.324966,0.387692,0.623412,0.349873,-1.690696,0.451356,0.843323,0.367110,0.426394,0.372841,0.649374,0.749030,0.493309,0.329437,0.316455,0.784661,-1.650934,0.850429,1.267178,-1.867425,-1.799207,0.737860,-0.826759,-1.371279,0.951004,0.504747,-0.042379,-0.722954,1.120503,0.672848,148.505335,1.460700,-1.709608,0.660482,0.418365,1.120120,-1.049943,-0.937139,0.562062,0.330758,0.276227,0.262352,0.957520,0.627854,-0.077226,1.086052
-0.057335,0.785361,2.314564,0.250438,0.500989,0.341697,-1.106433,0.442632,0.539057,0.148457,0.296309,0.504960,0.649374,0.749030,0.474839,0.244401,0.180147,0.784661,-0.881661,0.607902,0.079413,-0.559493,-1.361516,0.737860,-0.826759,-1.269148,0.951004,0.173111,-0.701111,-0.772502,1.120503,0.246374,724.286491,0.838373,-1.496248,0.064074,0.305244,2.189327,-0.299756,0.613882,0.140857,0.147566,0.348446,0.319698,0.957520,0.627854,-0.077226,1.086052
-0.100564,0.774941,2.127217,0.274834,0.607100,0.289137,-1.480746,0.526466,0.870935,0.069642,0.290251,0.320099,1.024434,0.729224,0.532415,0.281806,0.197529,0.229057,-1.536007,1.065681,0.732287,-0.657162,-1.672729,0.710388,-0.901231,-1.277509,0.897930,0.288629,-0.837888,-0.772502,0.323976,0.559773,807.856546,1.336351,-1.633322,0.560921,0.255865,2.133468,-0.934301,-1.046443,0.820743,0.166710,0.365025,0.551997,0.797413,0.684735,-0.924099,0.505160
-1.019108,0.797499,0.404296,0.314491,0.398153,0.401410,-1.121186,0.332353,0.461210,0.138827,0.279935,0.316971,0.680894,0.603363,0.230161,0.381926,0.261030,0.848120,-0.960666,0.938730,0.105594,-0.952311,-1.275153,0.906904,-0.928881,-1.235431,0.650229,0.162428,-0.386024,-0.515042,0.855710,0.134219,212.191449,0.703351,-1.532413,0.104800,0.221766,1.167512,-0.323905,0.686914,0.090696,0.164574,0.335185,0.206470,1.440641,0.456492,-0.114909,0.831747
0.523002,1.080255,0.333591,0.007572,0.301354,0.049858,-0.709061,0.039648,-0.497238,0.005687,0.026631,0.063031,0.320883,-0.004682,0.021493,0.018910,0.005437,-0.006668,-0.918881,0.554713,0.083826,-0.049093,-1.079541,0.187514,0.063282,0.017595,0.321948,0.039283,-0.536996,-0.208385,0.119741,0.115773,160.935534,0.854751,-1.500689,0.008731,0.032608,1.097295,-0.276447,1.048321,0.018082,0.002083,0.039420,0.012129,0.122304,0.027429,0.523284,0.132880
-0.051388,1.076378,5.208916,0.087635,0.347513,0.208804,-1.270276,0.226445,-0.531006,0.020627,0.141468,0.224587,0.491654,0.070166,0.191747,0.091704,0.024329,-0.018347,-1.262491,0.534653,0.077098,0.076660,-1.087612,-0.158406,-0.170277,-0.294762,0.389056,0.066308,-1.207963,-0.413583,0.126671,0.389379,1590.368081,1.211091,-1.691326,0.058256,0.060737,1.671195,-0.273949,0.862963,0.068205,0.018654,0.211629,0.235393,0.163947,0.735721,0.946139,0.199764
0.515086,1.118832,0.313224,0.001664,0.289037,0.005238,-0.709812,0.041604,-0.567400,0.017470,0.001687,0.018979,0.290561,-0.756635,0.435135,0.011343,0.070446,-0.030979,-0.971320,1.908750,0.075163,0.168494,-0.998941,0.104678,0.070018,-0.631948,-14.762012,0.029106,-0.626281,-0.115515,1.894547,0.058026,182.560357,0.841693,-1.522839,0.001116,0.016293,1.083120,-0.271026,1.088066,0.011599,0.021640,0.013939,0.012896,-2.333923,-1.365789,0.520184,-0.513259
0.625903,1.016529,0.344155,0.003058,0.289039,0.013980,-0.692935,0.014730,-0.513222,0.017470,0.004435,0.015883,0.291422,-0.464576,0.435135,0.011343,0.070446,-0.038971,-0.934019,1.415630,0.072702,0.165029,-1.023547,0.101478,0.066702,-0.368466,-8.889214,0.029106,-0.586802,-0.123820,1.263523,0.117122,192.250270,0.888400,-1.432391,0.001688,0.016293,1.236606,-0.272975,0.983293,0.026983,0.021640,0.023878,0.021346,-1.383142,-0.765285,0.508315,-0.293358
0.543868,1.107612,0.324734,0.007098,0.289535,0.079308,-0.806611,0.037072,-0.344603,0.013980,0.012874,0.021614,0.293265,-0.172517,0.348195,0.009077,0.056371,-0.031239,-1.040113,0.897222,0.076879,0.149694,-0.929235,0.104811,0.065642,-0.091472,-3.016415,0.023290,-0.473635,-0.118047,0.600138,0.086965,144.507493,0.908492,-1.416846,0.002426,0.013038,1.193536,-0.271417,1.094780,0.005856,0.017316,0.022323,0.035005,-0.432361,-0.164781,0.512507,-0.073458
0.571089,1.054054,0.281921,0.012665,0.301895,0.038329,-0.748632,0.072677,-0.354594,0.014264,0.032776,0.076267,0.362157,-0.002736,0.014405,0.032615,0.010661,0.084925,-0.955120,0.558550,0.090760,-0.157860,-1.210407,0.106580,0.054879,-0.206322,0.341472,0.094293,-0.427954,-0.112787,0.140974,0.153696,130.243487,0.846055,-1.440652,0.024598,0.031425,1.186074,-0.277447,0.893610,0.052344,0.001825,0.051441,0.015113,0.147365,0.312411,0.384518,0.175422
-0.377682,0.648708,2.784101,0.179793,0.528021,0.232486,-1.460482,0.818555,0.336720,0.041976,0.119808,0.160168,0.805693,0.388574,0.301149,0.143123,0.145764,0.169660,-1.200845,0.904788,0.429151,-0.247422,-1.641622,0.063166,-0.662218,-0.639182,0.719550,0.178085,-0.504846,-0.432072,0.216972,0.265390,901.327761,1.026613,-1.587272,0.178916,0.154469,1.588962,-0.698993,-0.872172,0.564118,0.081211,0.352588,0.205813,0.746040,0.528093,-0.347941,0.432352
-0.377682,0.579757,0.269744,0.323739,0.531584,0.197253,-1.306474,0.600455,1.013899,0.108603,0.173152,0.147941,0.805693,0.388574,0.238065,0.212265,0.173400,0.140146,-0.825957,0.904788,0.718524,-0.247422,-1.879652,0.792760,-0.662218,-0.632010,0.719550,0.216966,-0.389114,-0.328797,0.216972,0.468161,165.242039,0.725991,-1.669329,0.574942,0.162099,1.089922,-0.915736,-1.036313,0.563260,0.125431,0.316305,0.485092,0.746040,0.618640,-0.347941,0.422159
-0.553073,0.632168,0.496152,0.283445,0.513396,0.336822,-1.653231,0.340957,0.963533,0.308629,0.346613,0.317423,0.810427,0.784330,0.367907,0.311632,0.389380,0.937467,-1.610411,0.898471,0.695381,-0.833056,-1.755370,1.526547,-0.729168,-1.230639,0.829245,0.412400,0.150871,-0.761809,1.503118,0.266734,183.195990,1.336057,-1.575165,0.473992,0.303558,1.219122,-0.655793,-0.046098,0.182359,0.308047,0.405400,0.250109,1.497111,0.958477,-0.335851,0.506763
-0.169401,0.874363,1.857927,0.119431,0.458226,0.343069,-1.664084,0.422246,0.432132,0.036690,0.172530,0.430141,0.582708,0.027541,0.218020,0.129331,0.048551,0.937467,-1.623922,0.575752,0.161681,-0.130322,-1.128509,0.305453,-0.130513,-0.126205,0.861472,0.109121,-0.763167,-0.853220,0.141078,0.194283,607.688889,1.473608,-1.483174,0.077035,0.083375,1.881705,-0.295453,0.638737,0.171638,0.021035,0.181283,0.315983,0.242884,0.662370,0.374566,0.345808
-1.372234,0.766209,1.834261,0.149215,0.613183,0.260174,-1.393145,0.925517,-0.083693,0.090972,0.351717,0.622752,0.872892,0.408982,0.337487,0.281376,0.156409,1.171276,-1.145794,0.829437,0.057258,-0.589813,-1.315720,0.104443,-0.921614,-0.634158,0.722766,0.235924,-1.032372,-0.853220,0.123507,0.236411,755.893195,1.023198,-1.610743,0.130894,0.242779,1.775160,-0.915324,-0.805226,0.574775,0.101636,0.382477,0.295177,0.769421,1.032749,-1.249709,0.812008
-1.372234,0.565660,0.286081,0.298395,0.540044,0.384303,-1.567140,0.975940,0.920028,0.125537,0.475853,0.615625,0.872892,0.408982,0.239317,0.341182,0.202828,1.171276,-1.569156,1.005830,0.753478,-0.589813,-2.162492,0.807960,-0.921614,-0.634158,0.819048,0.223297,-1.032372,-0.256368,0.246260,0.667128,165.396301,1.280368,-1.509572,0.583857,0.298479,1.120645,-1.075371,-0.958789,0.522480,0.173337,0.384200,0.693587,0.769421,0.921756,-1.249709,0.812008
-0.522230,0.593452,0.357502,0.436244,0.565136,0.281662,-1.542972,0.467428,0.920028,0.241516,0.428239,0.347145,0.795336,0.687988,0.363026,0.401590,0.361470,0.633062,-1.223238,0.808266,0.591347,-0.446792,-1.696879,1.189329,-0.843104,-1.212039,0.719984,0.352014,0.061736,-0.552081,1.239870,0.132919,155.730791,1.231120,-1.797971,0.557834,0.304589,1.269702,-0.685937,-0.393708,0.317985,0.286727,0.368214,0.227560,1.129419,1.217778,-0.210122,0.999237
-0.361405,0.784479,1.181671,0.065783,0.495794,0.254873,-1.244752,0.458334,0.387442,0.028878,0.315852,0.376472,0.694157,0.072101,0.262502,0.176895,0.047750,0.733474,-1.197815,0.679897,0.099210,-0.292559,-1.722463,0.445984,-0.097888,0.003084,0.792379,0.085319,-0.847156,-0.830790,0.130625,0.102059,447.807331,1.123352,-1.593535,0.070508,0.128649,1.513499,-0.298974,0.587809,0.150270,0.013685,0.197839,0.326773,0.357397,0.835194,-0.165286,0.708003
-1.626190,0.731851,1.282586,0.140908,0.597707,0.264040,-1.476963,0.913541,-0.083972,0.111215,0.359251,0.479937,0.937398,0.760998,0.381961,0.275474,0.226746,0.890586,-0.922731,0.921991,0.119486,-0.456189,-1.438972,0.140227,-1.095357,-0.792247,0.745439,0.245905,-1.237005,-0.830790,0.120035,0.340443,596.370568,0.717697,-1.644079,0.143712,0.267525,1.520704,-1.154280,-0.843646,0.543047,0.149018,0.227459,0.369315,0.930454,1.143519,-0.945862,0.857856
-1.626190,0.611529,0.413188,0.269881,0.572678,0.364205,-1.786314,0.944390,1.065780,0.158626,0.426054,0.461650,0.937398,0.760998,0.412696,0.340268,0.241053,0.890586,-1.850125,1.019775,0.740621,-0.456189,-2.014103,0.772086,-1.095357,-0.792247,0.949927,0.255470,-1.237005,-0.212840,0.358376,0.557279,215.264018,1.610754,-1.747893,0.613418,0.302192,1.368044,-1.226423,-1.054899,0.577923,0.200395,0.229323,0.828049,0.930454,1.143519,-0.945862,0.857856
-1.017243,0.514362,0.341256,0.452179,0.571995,0.477775,-1.645782,0.591249,1.065780,0.174425,0.319120,0.461709,0.883402,1.040219,0.464180,0.330883,0.254580,0.409574,-1.700462,0.785143,0.569963,-1.025037,-1.658510,0.879812,-1.233665,-1.371062,0.861474,0.375554,0.317883,-0.613282,0.491828,0.346893,150.500759,1.518268,-1.721034,0.581064,0.308460,1.360828,-0.738787,-0.524311,0.332660,0.363370,0.281813,0.201610,1.096264,1.100982,-0.437823,0.897058
-0.374075,0.659319,1.518883,0.051436,0.469742,0.349641,-1.100927,0.407842,0.712966,0.018170,0.262468,0.485023,0.743658,0.014385,0.169050,0.160434,0.034070,0.619181,-1.129180,0.649142,0.078134,-0.121326,-1.156145,0.365526,-0.017806,-0.100297,0.861474,0.083531,-0.657985,-0.776861,0.166535,0.218413,562.928809,1.079261,-1.649988,0.075426,0.176548,1.565844,-0.321316,0.458283,0.157367,0.007773,0.255193,0.341672,0.186188,0.630430,0.129110,0.897058
-0.148999,0.677257,1.366459,0.119885,0.579998,0.232499,-1.290482,0.449059,0.040527,0.028671,0.246009,0.390489,0.881080,0.531233,0.405297,0.187405,0.178024,0.648370,-1.254188,0.933737,0.078134,-0.667583,-1.403040,0.174093,-0.834317,-0.659915,0.638830,0.189065,-0.948465,-0.776861,0.300196,0.192806,619.909717,1.116524,-1.548266,0.176169,0.224710,1.515772,-0.602597,-0.790264,0.521512,0.114216,0.262882,0.335876,0.720708,1.225390,-0.674516,0.617642
-0.148999,0.540069,0.298093,0.218362,0.510546,0.279601,-1.620044,0.513677,0.738390,0.161815,0.365809,0.298674,0.881080,0.531233,0.399238,0.255998,0.231344,0.648370,-1.547832,1.027573,0.985689,-0.667583,-1.890545,0.608587,-0.834317,-0.659915,0.780216,0.234557,-0.948465,-0.210532,0.305439,0.315960,176.973565,1.401876,-1.669950,0.561380,0.241398,1.092311,-0.899630,-0.934960,0.525783,0.155952,0.249820,0.617030,0.720708,1.225390,-0.674516,0.617642
0.271609,0.462404,0.580494,0.306137,0.386565,0.285019,-1.693068,0.297338,0.738390,0.241562,0.416380,0.219982,0.602893,0.783868,0.371174,0.267013,0.278227,0.649833,-1.809352,0.683363,0.985689,-0.392833,-1.549430,0.608587,-0.487731,-0.833788,1.079730,0.180429,-0.156720,-0.684655,0.556652,0.278232,210.065810,1.579169,-1.578003,0.371473,0.315982,1.124376,-0.697136,-0.420102,0.303799,0.249654,0.247585,0.289478,1.041745,0.473722,0.122490,0.669799
0.490931,0.882789,3.215249,0.051799,0.424867,0.301358,-1.399538,0.207586,0.206038,0.030542,0.184640,0.395574,0.545575,0.003658,0.314695,0.161799,0.029113,0.649833,-1.308989,0.576066,0.125040,-0.392833,-1.100245,0.435558,-0.073519,-0.079518,1.079730,0.082049,-0.902312,-0.713685,0.139336,0.102044,1038.017237,1.198121,-1.575441,0.052420,0.184774,1.144210,-0.270539,0.578756,0.128591,0.010249,0.135137,0.273636,0.231257,0.749584,0.695998,0.669799
-1.640595,0.735541,2.416971,0.222173,0.577378,0.255174,-1.473669,0.974315,-0.105937,0.084099,0.499352,0.599502,0.812924,0.524620,0.414588,0.276339,0.194462,1.086643,-1.332017,0.861416,0.256933,-0.088744,-1.269272,-0.087764,-0.937404,-0.723022,0.732124,0.210877,-1.248247,-0.593024,0.139199,0.181641,1042.376817,1.219556,-1.589194,0.130230,0.230942,1.564653,-0.954270,-0.820642,0.559338,0.105219,0.310641,0.327334,0.906362,1.040314,-0.723447,0.747831
-1.640595,0.533011,0.494453,0.322687,0.502469,0.342223,-1.528684,0.989857,0.920829,0.139488,0.519111,0.400608,0.812924,0.524620,0.238187,0.276454,0.146700,1.086643,-1.438499,0.923066,1.044902,-0.026174,-2.093110,0.630406,-0.937404,-0.723022,0.732124,0.223539,-1.244307,-0.221679,0.197542,0.491232,258.594350,1.218872,-1.582762,0.541272,0.252356,1.386924,-1.128613,-0.977422,0.495474,0.166226,0.264515,0.722808,0.906362,0.549999,-0.723447,0.747831
-0.793168,0.589811,0.344995,0.335866,0.514857,0.262068,-1.624606,0.590710,0.920829,0.224199,0.392246,0.332642,0.776752,1.075328,0.328815,0.425640,0.372414,0.670948,-1.488631,0.808494,0.861761,-0.606428,-1.687681,1.350060,-0.660627,-1.375519,0.568944,0.311784,0.003355,-0.546646,1.135909,0.368596,154.432567,1.227322,-1.607950,0.495718,0.294207,1.160437,-0.628221,-0.171339,0.247268,0.283700,0.306906,0.260408,1.357244,1.083601,-0.238960,0.929455
-0.468829,0.793681,2.646805,0.048388,0.460126,0.308908,-1.094747,0.362092,0.318293,0.017961,0.319332,0.492363,0.655732,0.043022,0.230993,0.183265,0.030304,0.774276,-1.184708,0.759447,0.074075,-0.067798,-1.077040,0.459068,-0.036857,-0.132759,0.863794,0.084690,-0.851595,-0.744733,0.127575,0.255401,859.377971,1.088684,-1.422649,0.075568,0.162090,1.669091,-0.306722,0.592402,0.172133,0.009770,0.191217,0.294816,0.219503,0.533791,0.176993,0.415664
-1.080735,0.746252,2.692273,0.305849,0.587045,0.245864,-1.064775,0.678199,-0.160752,0.074403,0.433396,0.617981,0.887912,0.593094,0.324543,0.288545,0.211104,1.144857,-0.466342,0.929625,0.263992,-0.088637,-1.661052,0.185769,-0.803668,-0.666826,0.603531,0.232837,-1.077682,-0.744733,0.228957,0.303317,1103.895059,0.341868,-1.623488,0.170051,0.245701,1.808673,-0.776937,-0.851447,0.576581,0.109552,0.323698,0.293141,0.807106,0.849641,-0.684253,0.921232
-1.080735,0.561321,0.309136,0.514236,0.558939,0.341951,-1.649460,0.820695,0.849312,0.160345,0.491340,0.523834,0.887912,0.593094,0.299048,0.333855,0.233410,1.144857,-1.589885,0.977040,1.025017,-0.088637,-2.133289,1.198355,-0.803668,-0.666826,0.669145,0.241822,-1.077682,-0.087158,0.228957,0.370573,172.231305,1.356966,-1.475598,0.605993,0.312667,1.106109,-1.040265,-1.008920,0.535541,0.173611,0.307463,0.715500,0.807106,0.717687,-0.684253,0.921232
-0.899156,0.592996,0.586271,0.539867,0.524744,0.167829,-1.392478,0.539564,0.849312,0.298862,0.599354,0.253642,0.756287,1.105993,0.305979,0.425994,0.430211,0.616820,-1.089750,1.020692,1.018080,-0.877062,-1.692545,1.198355,-0.830385,-1.083353,0.864038,0.317918,-0.094409,-0.689402,1.157995,0.278959,230.064560,1.045559,-1.606621,0.515798,0.454107,1.180691,-0.642107,-0.281236,0.269236,0.312497,0.410536,0.300486,2.036069,0.778609,-0.199076,1.075252
-0.287790,0.862747,3.029671,0.092306,0.455573,0.223472,-1.522193,0.269471,0.192465,0.024533,0.186235,0.364714,0.592140,0.010704,0.227194,0.144359,0.043138,0.686131,-1.403465,0.926378,0.070802,-0.253750,-1.108549,0.336200,-0.061830,-0.115270,0.864038,0.106652,-0.815539,-0.724815,0.132442,0.273337,997.453033,1.392423,-1.311311,0.066559,0.234098,1.430427,-0.295876,0.666721,0.149670,0.015491,0.174984,0.243566,0.239488,0.555064,-0.069525,1.075252
-0.800500,0.758305,2.496789,0.272219,0.605262,0.252584,-1.344070,0.527848,-0.156450,0.054867,0.383127,0.410723,0.856621,0.527954,0.316953,0.235317,0.227121,0.762433,-1.135241,0.873734,0.590206,0.029704,-1.669476,-0.045619,-0.799549,-0.674429,0.689927,0.204556,-0.899460,-0.709137,0.221099,0.239900,1021.856626,1.113200,-1.499248,0.137883,0.195281,1.380062,-0.640355,-0.830308,0.584628,0.094357,0.230988,0.237439,0.950406,0.819645,-0.496553,0.597311
-0.800500,0.574436,0.289748,0.448667,0.556851,0.212556,-1.525642,0.708311,0.927147,0.141340,0.461396,0.344813,0.856621,0.527954,0.270853,0.225241,0.217961,0.762433,-1.325203,0.908907,1.036537,0.029704,-2.040999,1.015887,-0.799549,-0.674429,0.689927,0.208190,-0.899460,-0.192179,0.221099,0.135902,169.520970,1.294608,-1.608343,0.604196,0.241693,1.054449,-0.947775,-1.020324,0.553840,0.143084,0.263305,0.687199,0.950406,0.664620,-0.496553,0.597311
-0.715387,0.566350,0.359662,0.498911,0.563615,0.292832,-1.622174,0.509953,0.927147,0.273367,0.531878,0.317291,0.775201,0.765019,0.363742,0.354280,0.369266,0.744454,-1.575300,0.812349,0.903352,-0.319876,-1.581622,1.015887,-0.606354,-1.345435,0.948346,0.304970,-0.062806,-0.605069,0.937932,0.149780,155.497831,1.486231,-1.696238,0.558573,0.256820,1.327664,-0.702522,-0.372814,0.285070,0.297262,0.398876,0.290499,1.613068,0.995412,-0.009035,0.574818
-0.180288,0.776208,2.060823,0.046448,0.462865,0.292582,-1.094460,0.380002,0.256562,0.019383,0.302650,0.363352,0.694923,0.019223,0.242880,0.160155,0.029009,0.752801,-1.072600,0.812349,0.071062,-0.200444,-1.275486,0.407290,-0.018623,-0.068963,0.948346,0.050291,-0.652001,-0.734717,0.131831,0.191078,662.223010,1.074517,-1.564158,0.069747,0.134703,1.829855,-0.299043,0.597835,0.145804,0.009428,0.207279,0.229695,0.181273,0.428147,0.000887,0.574818
-0.593601,0.731287,1.978774,0.190498,0.592837,0.229152,-1.201799,0.554996,-0.125500,0.058311,0.247941,0.319443,0.917299,0.722859,0.336352,0.190097,0.210245,0.608261,-0.776013,1.096129,0.193707,-0.410935,-1.475734,0.157737,-0.887949,-0.697183,0.620420,0.195010,-1.009350,-0.734717,0.233191,0.190401,776.072515,0.864614,-1.636454,0.181547,0.200043,1.962203,-0.766861,-0.819244,0.562076,0.132607,0.298632,0.283517,1.050585,0.926113,-0.635134,0.571683
-0.593601,0.596907,0.296947,0.298837,0.580880,0.220299,-1.593336,0.607456,0.718027,0.146311,0.327846,0.248785,0.917299,0.722859,0.335383,0.281016,0.239109,0.608261,-1.517925,1.096129,0.741909,-0.410935,-1.823970,0.852152,-0.887949,-0.697183,0.725776,0.214723,-1.009350,-0.302119,0.369782,0.336692,160.787618,1.355327,-1.556910,0.630140,0.236169,1.071122,-0.930287,-1.013255,0.572084,0.162947,0.303293,0.652629,1.050585,0.926113,-0.635134,0.571683
-0.634679,0.596695,0.356924,0.407387,0.522359,0.221208,-1.670339,0.457829,0.718027,0.323263,0.312771,0.314624,0.736424,0.821883,0.221189,0.285033,0.376172,0.637364,-1.586909,0.873728,0.741909,-0.715597,-1.699311,1.276355,-0.668910,-1.200435,0.590681,0.400727,-0.128808,-0.856978,1.375684,0.230032,157.644408,1.408594,-1.757419,0.530749,0.349190,1.230655,-0.776263,-0.513256,0.348176,0.270742,0.484481,0.221212,1.606009,0.861367,-0.104404,1.097324
-0.286726,0.868805,2.272261,0.049608,0.469929,0.276151,-1.054484,0.356981,0.290661,0.025453,0.140501,0.314185,0.736424,0.006186,0.241822,0.124409,0.064294,0.675659,-1.028578,0.873728,0.114674,-0.715597,-1.281527,0.413862,-0.027265,-0.035862,0.995906,0.088437,-0.834813,-0.673207,0.156599,0.218553,736.017017,0.839026,-1.399345,0.066204,0.258395,1.604123,-0.297990,0.701499,0.114110,0.014940,0.231442,0.283721,0.585118,0.616944,0.057875,1.097324
-0.317355,0.767365,2.145983,0.149407,0.589279,0.236758,-1.212228,0.439558,-0.129922,0.043305,0.300703,0.372753,0.877564,0.373126,0.370722,0.232675,0.200981,0.728219,-0.944134,0.895875,0.409227,-0.317429,-1.269804,0.066882,-0.863789,-0.983662,0.825271,0.232656,-1.012819,-0.671960,0.262521,0.327253,870.128092,0.851225,-1.519579,0.166480,0.180038,1.700403,-0.571076,-0.911814,0.588345,0.110958,0.213199,0.269627,0.813129,1.017611,-0.739499,0.514384
-0.317355,0.596626,0.268511,0.305603,0.559036,0.257332,-1.550939,0.545451,0.866663,0.108924,0.327983,0.343780,0.877564,0.373126,0.369862,0.304913,0.248313,0.728219,-1.486031,1.052928,0.835568,-0.317429,-2.056486,0.705941,-0.863789,-0.983662,0.676181,0.245854,-1.012819,-0.367499,0.267400,0.572829,169.394160,1.332756,-1.672973,0.605246,0.212726,1.038264,-0.889923,-1.041355,0.573773,0.129546,0.213805,0.688729,0.813129,0.972937,-0.739499,0.514384
-0.824759,0.632284,0.323640,0.457631,0.518179,0.268787,-1.594800,0.475854,0.866663,0.268052,0.388505,0.332538,0.724405,0.828087,0.316055,0.415190,0.327587,0.652399,-1.495766,0.851887,0.508386,-0.538756,-1.616401,1.263030,-1.078667,-0.930646,0.665337,0.343246,0.071955,-0.555709,1.349451,0.193976,154.257444,1.387845,-1.618565,0.508988,0.263638,0.940853,-0.675498,-0.318745,0.282640,0.273577,0.360369,0.206685,1.141005,0.872128,-0.398971,0.707208
-0.244065,0.856920,2.125899,0.029119,0.458534,0.184320,-1.149028,0.351892,0.488373,0.024088,0.256168,0.374817,0.636913,0.019939,0.132305,0.119558,0.027405,0.715631,-1.201166,0.851887,0.078433,-0.267923,-1.161313,0.447813,-0.037635,-0.048083,0.665337,0.082010,-0.609837,-0.667585,0.126365,0.188615,709.930809,1.088908,-1.519319,0.049286,0.168596,1.680078,-0.292337,0.659675,0.136732,0.010882,0.148429,0.252291,0.198474,0.324500,0.044825,0.707208
-0.720202,0.759216,2.032431,0.314683,0.593105,0.164872,-1.498376,0.574881,-0.019616,0.045849,0.428969,0.370666,0.878714,0.519067,0.298701,0.278560,0.236245,0.775001,-1.414707,1.001805,0.070267,-0.415032,-1.631655,0.094232,-0.776741,-0.842739,0.636391,0.207019,-0.872154,-0.667585,0.145362,0.161438,845.091463,1.204177,-1.433471,0.163492,0.215422,1.635295,-0.876337,-0.842456,0.585870,0.115485,0.323951,0.280032,1.263142,0.821131,-0.334397,0.725582
-0.720202,0.566245,0.292534,0.396350,0.537163,0.214597,-1.585997,0.712085,0.804495,0.109221,0.494992,0.326421,0.878714,0.519067,0.282795,0.318608,0.242679,0.775001,-1.417153,1.001805,0.741026,-0.415032,-2.051619,0.576060,-0.776741,-0.842739,0.685040,0.209960,-0.865280,-0.189329,0.210323,0.295690,178.464475,1.248282,-1.605489,0.588018,0.261882,1.023987,-0.977818,-0.989171,0.524503,0.163402,0.310153,0.617150,1.263142,0.794409,-0.334397,0.725582
-0.880722,0.611686,0.342216,0.373736,0.519501,0.249089,-1.618912,0.560552,0.804495,0.294377,0.320198,0.424229,0.752837,1.169578,0.297334,0.553310,0.459491,0.833837,-1.469647,1.269395,0.573809,-0.734015,-1.543467,1.400030,-0.944159,-1.261110,0.663478,0.296241,-0.008777,-0.553110,1.391471,0.250696,150.556505,1.350983,-1.427732,0.496504,0.381453,1.159428,-0.707237,-0.195839,0.233958,0.334863,0.426265,0.225347,2.223803,0.929512,-0.433125,1.311554
-0.275603,0.823493,1.364810,0.032062,0.435242,0.257911,-0.934370,0.409264,0.364731,0.013704,0.156807,0.372278,0.540013,-0.001319,0.115234,0.084126,0.018749,0.833837,-1.027935,0.775120,0.068990,-0.048097,-1.092976,0.309745,-0.019312,-0.043158,0.656322,0.037204,-0.625239,-0.628371,0.124515,0.195608,447.986829,0.942621,-1.439836,0.050421,0.157747,1.652143,-0.286362,0.636885,0.140028,0.005214,0.125313,0.234174,0.258837,0.449027,0.296348,0.752351
0.235857,0.753279,1.502363,0.102509,0.574153,0.150956,-1.203378,0.366806,-0.048461,0.037283,0.106900,0.213920,0.863827,0.375040,0.355344,0.138014,0.104869,0.241822,-0.785121,1.010537,0.059124,-0.314573,-1.230073,0.209935,-0.627427,-0.658189,0.713172,0.190034,-0.778553,-0.628371,0.200686,0.276277,605.792744,0.673079,-1.483903,0.159688,0.135673,1.971352,-0.508172,-0.712008,0.531637,0.085447,0.260059,0.234532,0.581878,0.771970,-0.491339,0.406520
0.235857,0.598974,0.404983,0.179533,0.526291,0.240726,-1.660282,0.421374,0.363693,0.242011,0.381165,0.181377,0.863827,0.375040,0.350345,0.228463,0.276146,0.241822,-1.649388,1.133104,1.250340,-0.314573,-1.540328,0.544708,-0.627427,-0.658189,0.713172,0.266620,-0.778553,-0.269863,0.307439,0.415602,207.348142,1.451381,-1.601472,0.529113,0.181019,1.349438,-0.856409,-0.985399,0.655423,0.163289,0.298668,0.442219,0.722931,0.771970,-0.491339,0.406520
1.084723,0.506259,0.356482,0.200193,0.360054,0.254836,-1.375897,0.092903,0.363693,0.330571,0.500490,0.239432,0.511129,0.281014,0.217746,0.393164,0.340490,0.683477,-1.173690,1.034943,1.250340,-2.301864,-1.560150,0.709371,-0.562727,-1.389270,0.634908,0.373133,-0.217909,-1.235712,0.419804,0.445542,154.856379,0.922915,-1.623797,0.383269,0.387169,1.325065,-0.856409,-0.944516,0.546284,0.155222,0.209573,0.210268,1.083502,0.886582,-0.040538,1.183069
1.247436,0.754036,3.686606,0.029396,0.367242,0.334696,-1.333912,0.139659,-0.095545,0.020732,0.165151,0.275305,0.577456,0.043429,0.224737,0.186836,0.055204,0.590669,-1.358253,1.034943,0.125813,-0.099610,-1.368146,0.345563,0.025866,-0.648420,0.634908,0.109044,-0.443171,-0.518447,0.151597,0.277203,1111.972124,1.198907,-1.457761,0.063214,0.286763,1.900351,-0.291684,0.520826,0.111043,0.011745,0.211423,0.103901,0.291467,0.886582,0.526353,1.140867
-0.401675,0.730401,3.226359,0.161589,0.514715,0.222413,-1.461426,0.737776,0.731958,0.042266,0.169147,0.186886,0.875340,0.503002,0.394521,0.158895,0.162914,0.171664,-1.405965,1.180860,0.743502,-0.283528,-1.671060,0.219224,-0.678824,-0.782569,1.032031,0.210127,-0.491493,-0.518447,0.302497,0.299675,1216.749015,1.248561,-1.546880,0.329429,0.146080,1.866744,-0.886373,-1.075412,0.772359,0.120539,0.326073,0.386667,0.842905,0.502047,-0.792338,0.330152
-1.170736,0.723267,0.359636,0.407456,0.458266,0.223569,-1.351433,0.781170,1.017701,0.204195,0.304445,0.216910,0.666629,1.480292,0.233365,0.426844,0.272688,0.401141,-1.221326,1.029767,0.848320,-0.304413,-1.635669,0.873774,-0.806337,-1.042077,0.517874,0.213536,-0.039566,-0.569042,0.967846,0.321922,206.901523,1.148363,-1.643994,0.482322,0.353982,1.179567,-0.873441,-1.062687,0.676581,0.273666,0.349941,0.317141,1.520881,0.380446,-0.875759,0.902582
-0.087610,1.009837,0.368124,0.014697,0.332793,0.249652,-0.826895,0.186680,-0.013516,0.022034,0.068433,0.330778,0.356471,0.001429,0.314662,0.113019,0.026087,0.423640,-0.888029,0.575951,0.111828,-0.115271,-1.202731,0.137637,0.042038,-0.098582,0.955875,0.072459,-0.565712,-0.394655,0.124541,0.303116,158.345799,0.801015,-1.505086,0.017324,0.153256,1.050514,-0.293754,0.949761,0.042430,0.006203,0.246136,0.191306,0.175709,0.577340,0.317679,0.526307
0.600295,1.079830,1.579831,0.016352,0.308288,0.291950,-0.983633,0.036639,-0.331154,0.007105,0.038280,0.370706,0.337979,0.002316,0.078275,0.059651,0.014967,0.723933,-1.000215,0.548216,0.122732,0.188620,-1.017798,0.145379,0.042919,0.039608,0.419565,0.032166,-0.474957,-0.246676,0.125413,0.125060,496.945388,0.897715,-1.606636,0.008381,0.083963,1.157220,-0.284719,1.048898,0.014609,0.003457,0.166800,0.028949,0.126274,0.251432,0.778215,0.250700
-0.326312,0.741859,3.384420,0.356192,0.435519,0.159657,-1.610666,0.324219,-0.294218,0.051589,0.200369,0.355218,0.591266,0.117652,0.210595,0.135121,0.145503,0.460991,-1.458300,0.720562,0.529917,0.025425,-0.895944,-0.200821,-0.608966,-0.284149,0.626562,0.117201,-0.699951,-0.209770,0.133250,1.060154,1277.955731,1.230845,-1.544723,0.100899,0.143272,1.702738,-0.436468,-0.227843,0.433076,0.021660,0.297418,0.132696,1.037682,0.398850,-0.078129,0.404575
-0.326312,0.552299,2.507163,0.343663,0.398566,0.121882,-1.702340,0.391091,0.074332,0.055074,0.377483,0.521785,0.591266,0.117652,0.222928,0.197809,0.165508,0.466881,-1.780607,0.777329,0.941882,0.025425,-1.544031,-0.364564,-0.608966,-0.284149,0.626562,0.123562,-0.699951,-0.199419,0.133250,0.957789,994.891190,1.505302,-1.641739,0.169316,0.145323,1.658258,-0.620152,-0.415451,0.561060,0.075116,0.213233,0.233003,1.037682,0.398850,-0.553514,0.404575
-0.326312,0.301057,0.284483,0.395277,0.280148,0.042690,-1.734524,0.761869,0.609907,0.064652,0.323436,0.434589,0.591266,0.117652,0.112532,0.160215,0.159109,0.466881,-1.851454,0.777329,1.066655,0.221371,-2.122719,0.841582,-0.608966,-0.253214,0.626562,0.126059,-0.682145,0.015500,0.118834,1.121413,139.243501,1.578137,-1.625855,0.286509,0.220072,1.117860,-0.620770,-0.415451,0.237084,0.078104,0.260304,0.386551,1.037682,0.322224,-0.553514,0.404575
-0.222794,0.296251,0.268888,0.430902,0.203323,0.026207,-1.564563,0.591026,0.735519,0.044836,0.374487,0.159811,0.450812,0.154452,0.078802,0.223589,0.151022,0.466881,-1.631133,0.777329,1.066655,0.150050,-2.100579,1.558840,0.384637,-0.177891,0.564423,0.094494,-0.296556,-0.150204,0.118834,1.278187,126.470881,1.412890,-1.557901,0.218248,0.190441,1.086498,-0.620770,-0.415451,0.201897,0.090546,0.266108,0.352911,0.939120,0.426852,-0.553514,0.270826
0.151463,0.664553,0.492818,0.166523,0.383042,0.364630,-1.358747,0.638465,0.464348,0.375052,0.616344,0.423578,0.617484,0.342128,0.325463,0.342965,0.307881,1.016527,-1.097545,1.127200,1.893298,-2.799247,-1.443742,0.889058,-0.253341,-0.748123,0.767288,0.446628,-0.332641,-0.900751,0.634856,0.624516,262.466099,1.183014,-1.677971,0.433323,0.532568,1.469784,-0.941199,-0.840131,0.634717,0.226592,0.313434,0.245388,1.135593,0.471750,-0.808461,1.240973
0.265338,0.826797,0.344696,0.076256,0.342522,0.097757,-1.638207,0.392285,-0.252993,0.042663,0.222211,0.216938,0.407964,0.041086,0.110871,0.197908,0.093031,0.484515,-1.537670,0.678412,0.142205,-0.063231,-1.436019,0.458584,-0.293061,-0.511388,0.453961,0.106760,-0.391632,-0.207892,0.161543,0.261760,156.928556,1.360317,-1.657513,0.034212,0.092967,1.311283,-0.344090,0.658308,0.112231,0.016808,0.203935,0.037270,0.305688,0.421438,0.119404,0.290918
1.341724,0.749885,0.698789,0.033900,0.340846,0.137947,-1.410246,0.168798,-0.278829,0.016113,0.059268,0.180208,0.400365,0.010330,0.135325,0.083438,0.028355,0.386726,-1.119796,0.563396,0.101762,-0.035552,-1.424146,0.405569,0.017163,-0.031722,0.618918,0.036126,-0.435483,-0.392326,0.130216,0.287331,276.400031,0.839842,-1.548543,0.043321,0.126316,0.836753,-0.282070,0.663382,0.048705,0.005144,0.131073,0.048605,0.146480,0.679951,0.456592,0.363920
-0.725143,0.657927,4.617704,0.186915,0.550208,0.120812,-1.341590,0.898543,0.273586,0.065074,0.138516,0.346355,0.828073,0.642647,0.398035,0.143885,0.183430,0.770026,-0.899165,0.971673,0.524999,-0.243874,-1.334532,0.065368,-0.758166,-1.009930,0.826435,0.182094,-0.654898,-0.427149,0.255375,0.160665,1488.420748,0.747676,-1.705469,0.164589,0.177058,2.286222,-0.641964,-0.753836,0.516081,0.108908,0.251537,0.205338,0.993403,0.799320,-0.603215,0.581910
-0.725143,0.589087,0.362463,0.310747,0.548785,0.165286,-1.639526,0.685627,1.021418,0.099082,0.209461,0.268280,0.828073,0.642647,0.239342,0.205333,0.192038,0.770026,-1.552108,0.971673,0.665718,-0.243874,-1.777405,0.652858,-0.758166,-0.688750,0.826435,0.183872,-0.602907,-0.278932,0.255375,0.401829,209.262857,1.424814,-1.502830,0.590310,0.185057,1.144771,-0.901551,-1.089572,0.563093,0.128678,0.210897,0.589652,0.993403,0.435482,-0.603215,0.517973
-0.866262,0.563683,0.272251,0.344307,0.550839,0.172033,-1.658901,0.607440,1.021418,0.208481,0.361565,0.332858,0.768419,0.751730,0.460159,0.293672,0.278486,0.278066,-1.691951,0.802450,0.680660,-0.625747,-1.664108,0.935980,-0.947656,-1.376156,0.961051,0.320338,0.239221,-0.598809,1.079914,0.127404,133.904623,1.437012,-1.796769,0.564823,0.225501,1.090117,-0.806516,-0.607337,0.384959,0.287944,0.281405,0.200470,0.714474,0.608036,-0.424920,0.532341
-0.858464,0.742521,2.288125,0.090010,0.501815,0.195492,-1.121422,0.627538,0.565331,0.047047,0.277300,0.502618,0.748953,0.523964,0.317884,0.166068,0.112916,0.608436,-0.961012,0.634526,0.076251,-0.502799,-1.324824,0.616896,-0.192030,-0.345893,1.004908,0.117939,-0.771483,-0.878492,0.152218,0.286663,762.142742,0.838147,-1.420856,0.108387,0.161936,1.795761,-0.324684,0.574171,0.181374,0.045125,0.372740,0.358319,0.659716,0.431065,-0.424920,0.544914
-0.925259,0.756975,2.403104,0.227623,0.602830,0.296645,-1.615787,0.667838,-0.000512,0.092819,0.373715,0.553716,0.924527,0.760596,0.508438,0.277403,0.243795,1.356448,-1.723693,0.820048,0.183501,-0.604594,-1.282033,0.445858,-0.900037,-0.680658,1.004908,0.262142,-1.201087,-0.878492,0.334195,0.419263,984.508240,1.451453,-1.682395,0.189775,0.323151,1.718576,-0.774716,-0.781023,0.540160,0.154371,0.406842,0.396494,0.988073,0.834594,-0.905490,1.223207
-0.925259,0.623319,0.325121,0.346037,0.622218,0.200957,-1.614528,0.686722,0.907653,0.144308,0.445880,0.510879,0.924527,0.760596,0.401961,0.322171,0.220375,1.356448,-1.534519,1.000950,0.705250,-0.604594,-1.912683,0.861435,-0.900037,-0.680658,0.760653,0.265129,-1.201087,-0.283627,0.337245,0.415751,173.120684,1.330670,-1.689128,0.670709,0.345338,1.162936,-0.897357,-1.016850,0.638628,0.181272,0.367121,0.785155,0.988073,0.834594,-0.905490,1.223207
-0.610669,0.581803,0.396784,0.481810,0.632264,0.254322,-1.713786,0.465187,0.907653,0.327289,0.475478,0.370302,0.846252,1.098904,0.427636,0.548660,0.395938,0.460215,-1.591665,0.911174,0.705250,-0.904561,-1.696765,1.631619,-1.265706,-0.932883,0.927042,0.420560,-0.180066,-0.685169,1.945033,0.212097,174.386898,1.436437,-1.748475,0.647832,0.339886,1.314793,-0.822496,-0.677829,0.408116,0.360878,0.459486,0.322085,1.351925,1.042153,-0.282377,0.613579
-0.488927,0.751868,1.824653,0.081800,0.506369,0.214343,-1.102646,0.402267,0.225124,0.031478,0.301252,0.452106,0.766301,0.090230,0.194171,0.179001,0.075382,0.643143,-1.170465,0.906086,0.152237,-0.904561,-1.413681,0.722600,-0.031582,-0.120664,0.927042,0.122972,-0.802137,-0.906615,0.200931,0.132218,635.022571,1.055126,-1.488407,0.095344,0.196571,1.697798,-0.306261,0.579644,0.149522,0.019915,0.333486,0.250501,0.444064,0.501662,-0.043428,0.599747
-1.387314,0.726628,1.402213,0.241647,0.598981,0.187994,-1.586488,0.801923,-0.178118,0.102938,0.436122,0.588604,0.912018,0.918052,0.429920,0.307246,0.222724,1.121686,-1.527513,0.882997,0.039245,-0.419905,-1.384575,0.208340,-1.137405,-0.891539,0.753656,0.241041,-1.172868,-0.906615,0.230070,0.148613,619.108577,1.356344,-1.541506,0.161260,0.251831,1.648928,-1.013747,-0.839746,0.536964,0.160840,0.298075,0.329959,0.891803,1.090085,-0.873104,0.806036
-1.387314,0.636736,0.352339,0.356188,0.642296,0.250495,-1.622056,0.818132,0.971242,0.179069,0.492312,0.545320,0.912018,0.918052,0.453824,0.390534,0.243408,1.121686,-1.517569,1.002929,0.917089,-0.419905,-1.686581,0.868059,-1.137405,-0.891539,0.780530,0.269546,-1.172868,-0.373560,0.339679,0.399754,194.788732,1.286720,-1.772678,0.687781,0.293541,1.147818,-1.029231,-1.096959,0.635896,0.189921,0.264400,0.815140,0.891803,1.090085,-0.873104,0.806036
-1.047196,0.559775,0.404639,0.436926,0.608584,0.289560,-1.754698,0.563164,0.971242,0.343231,0.505132,0.567434,0.854096,1.024491,0.432688,0.458498,0.343808,0.717278,-1.830051,0.884992,0.917089,-0.836699,-1.566017,2.046954,-1.049729,-1.303953,0.658038,0.385906,-0.018728,-0.632216,1.610229,0.292371,172.969719,1.545017,-1.616605,0.628935,0.269875,1.313766,-0.943144,-0.640344,0.369385,0.340640,0.364816,0.268723,1.337268,0.980461,-0.762902,0.543893
-0.690729,0.764068,1.792771,0.055865,0.491441,0.194227,-1.165890,0.471607,0.425690,0.026078,0.228178,0.650204,0.783128,0.061414,0.210269,0.119882,0.050586,0.687812,-1.239839,0.884992,0.082115,-0.651389,-1.134499,0.756796,-0.032438,-0.074734,0.836842,0.115818,-0.762075,-0.983961,0.141724,0.232481,615.790345,1.163769,-1.550954,0.090899,0.124738,1.527597,-0.322253,0.541990,0.187184,0.013153,0.361520,0.295090,0.401692,0.555819,-0.150348,0.543893
-0.786553,0.750556,1.682903,0.180593,0.604227,0.218298,-1.188086,0.594431,-0.085008,0.073149,0.361920,0.561957,0.927992,0.815989,0.368324,0.287285,0.220704,0.702738,-0.784997,1.039834,0.206022,-0.590862,-1.407455,0.940668,-0.949994,-0.848318,0.783547,0.240889,-0.998872,-0.983961,0.336946,0.209941,731.988131,0.611412,-1.604925,0.180358,0.190138,1.490779,-0.900192,-0.924005,0.599503,0.152374,0.422943,0.302723,0.851560,0.881518,-0.914689,0.574884
-0.786553,0.630640,0.290899,0.305097,0.606746,0.300833,-1.513419,0.606221,0.780698,0.155097,0.424423,0.388553,0.927992,0.815989,0.363598,0.345703,0.222884,0.702738,-1.393761,1.066181,0.892904,-0.590862,-1.763450,0.940668,-0.949994,-0.848318,0.794659,0.280906,-0.998872,-0.398287,0.368909,0.266614,170.097048,1.174207,-1.454274,0.656802,0.233309,1.056662,-0.941665,-1.099283,0.617185,0.187033,0.369697,0.656809,0.851560,0.881518,-0.914689,0.574884
-0.726645,0.626509,0.359682,0.410980,0.553090,0.300678,-1.571492,0.517111,0.780543,0.239675,0.535179,0.431758,0.772423,0.893570,0.433678,0.342032,0.289798,0.909260,-1.611876,0.901833,0.874010,-0.651734,-1.681969,0.782368,-0.799683,-1.380603,1.013314,0.355997,-0.025515,-0.647718,0.880219,0.312707,157.918537,1.487196,-1.505385,0.556052,0.288747,1.199163,-0.831482,-0.478282,0.329882,0.294655,0.358213,0.211026,0.609281,0.841298,-0.364326,0.874455
-0.533254,0.884848,3.528676,0.046984,0.454517,0.248704,-1.224686,0.333429,0.400829,0.021302,0.426567,0.579451,0.646433,0.012616,0.236455,0.158700,0.028449,0.979743,-1.266233,0.637436,0.081234,-0.175504,-1.099052,0.399386,-0.065305,-0.136273,1.013314,0.069819,-0.842766,-0.856822,0.126857,0.152728,1176.372151,1.172256,-1.696128,0.069424,0.141770,1.780029,-0.299718,0.661816,0.169126,0.008719,0.271729,0.300093,0.320106,0.333505,0.255793,0.668586
-1.129941,0.791332,3.666664,0.372770,0.593626,0.226088,-1.415992,0.614475,-0.139792,0.077019,0.682446,0.578356,0.869463,0.574383,0.409222,0.409119,0.248398,1.213145,-1.359120,0.895300,0.297884,-0.175504,-1.581304,-0.060284,-1.054313,-0.876387,0.889233,0.255656,-1.109595,-0.856822,0.198358,0.277007,1418.938928,1.216230,-1.700808,0.176201,0.290645,1.858320,-0.840378,-0.891601,0.615332,0.102313,0.361667,0.325546,1.049386,0.619487,-0.707914,1.093838
-1.129941,0.595738,0.313181,0.489096,0.585859,0.452494,-1.510626,0.738902,0.715578,0.136972,0.636373,0.496552,0.869463,0.574383,0.398151,0.387430,0.189882,1.213145,-1.362032,1.083367,1.104457,-0.149026,-1.871902,0.838065,-1.054313,-0.876387,0.889233,0.265714,-1.109595,-0.197933,0.254392,0.468908,186.996431,1.188520,-1.658141,0.634787,0.357178,1.074230,-1.002509,-1.085371,0.582442,0.163304,0.311158,0.676707,1.049386,0.558440,-0.707914,1.093838
-0.804717,0.582675,0.421590,0.428218,0.581940,0.332061,-1.755003,0.551223,0.715578,0.263422,0.562947,0.460849,0.872012,1.013130,0.460699,0.461289,0.413515,0.754449,-1.634550,1.083367,1.104457,-0.816814,-1.509050,1.315036,-0.738185,-1.380605,0.809725,0.383433,-0.014190,-0.593403,1.139978,0.429948,191.065677,1.437260,-1.679397,0.586617,0.432727,1.371173,-0.767890,-0.419376,0.315261,0.342664,0.394843,0.196608,1.782366,1.104289,-0.432201,1.474657
-0.554035,0.797133,2.960037,0.066472,0.464215,0.296607,-0.991147,0.361370,0.430297,0.022919,0.407519,0.557606,0.707904,0.051690,0.195447,0.231763,0.035476,0.880496,-0.906731,0.688570,0.084952,-0.101003,-1.162713,0.586606,-0.043663,-0.296550,0.809725,0.085867,-0.777706,-0.876215,0.146525,0.235336,953.080839,0.814877,-1.692256,0.090626,0.166701,1.796381,-0.318104,0.552076,0.194550,0.014411,0.281199,0.303812,0.342058,0.448759,-0.097352,0.993227
-1.145681,0.760865,2.586517,0.306497,0.590032,0.293614,-1.273542,0.653769,-0.063683,0.099702,0.482453,0.612998,0.881705,0.517942,0.356359,0.333159,0.258483,1.026362,-1.078434,0.844254,0.451350,-0.087306,-1.618581,0.111843,-0.834200,-0.701586,0.649842,0.237498,-1.076449,-0.876215,0.236963,0.270945,1031.639945,1.031824,-1.731418,0.190196,0.275951,2.003587,-0.754013,-0.891077,0.605718,0.099533,0.392921,0.308852,1.153461,0.599775,-0.695629,0.989841
-1.145681,0.585011,0.296557,0.443784,0.602330,0.373771,-1.560727,0.761507,0.770801,0.173237,0.425996,0.551427,0.881705,0.517942,0.330868,0.306317,0.224534,1.026362,-1.484821,0.958377,1.129986,-0.085303,-1.979139,0.759110,-0.834200,-0.701586,0.685355,0.255675,-1.076449,-0.180394,0.236963,0.525107,177.268869,1.385901,-1.649609,0.649876,0.336450,1.086373,-1.022653,-1.016566,0.585957,0.155524,0.320702,0.694988,1.153461,0.588837,-0.695629,0.989841
-0.851070,0.605177,0.598130,0.404279,0.558312,0.172112,-1.583506,0.568689,0.770801,0.253563,0.400865,0.529538,0.721360,0.858329,0.402994,0.376477,0.339903,1.001902,-1.507631,0.976927,1.129986,-0.704319,-1.586394,0.760299,-0.730553,-0.874418,1.036370,0.334402,-0.195003,-0.717980,0.752240,0.492052,245.331193,1.273759,-1.573618,0.568515,0.360276,1.351014,-0.802471,-0.461515,0.332413,0.315365,0.511965,0.277985,1.390095,0.826231,-0.168744,0.850257
-0.647861,0.901540,2.988626,0.032452,0.454805,0.194091,-1.195682,0.285356,0.230420,0.019088,0.164280,0.632418,0.721360,0.014492,0.264534,0.146518,0.030782,1.062193,-1.150597,0.976927,0.106770,-0.261355,-1.122214,0.504981,-0.090646,-0.139108,1.036370,0.102288,-0.791013,-0.835841,0.141503,0.435578,950.244213,1.074885,-1.573202,0.077620,0.190222,1.653739,-0.283351,0.654594,0.159037,0.008514,0.356619,0.265173,0.342719,0.478102,0.396287,0.850257
-1.260332,0.787696,2.349957,0.516483,0.602414,0.240333,-1.335663,0.598840,-0.191518,0.095693,0.756483,0.660693,0.875314,0.388727,0.377989,0.396405,0.311624,1.100552,-1.305903,0.779734,0.690146,-0.079795,-1.466066,-0.008566,-0.961147,-0.835028,0.981056,0.238643,-1.024466,-0.835841,0.206501,0.354540,909.075873,1.212651,-1.677580,0.166636,0.278869,1.712301,-0.651938,-0.888862,0.618024,0.091013,0.515557,0.255497,1.525139,0.571892,-0.802497,1.069544
-1.260332,0.635211,0.334020,0.597172,0.611432,0.296490,-1.451302,0.788998,0.816643,0.152870,0.680875,0.561830,0.875314,0.388727,0.376141,0.378059,0.299834,1.100552,-1.403049,0.930684,1.060395,-0.079795,-1.884295,0.766115,-0.961147,-0.835028,0.751740,0.254629,-1.024466,-0.246797,0.249558,0.212647,181.812548,1.170116,-1.545915,0.654685,0.359271,1.067018,-1.112058,-1.141878,0.627760,0.157942,0.419004,0.697668,1.525139,0.571892,-0.802497,1.069544
-0.782656,0.571504,0.339582,0.449567,0.626080,0.356226,-1.627133,0.584532,0.816643,0.282326,0.476379,0.452061,0.806887,0.858731,0.423338,0.318667,0.394530,0.490372,-1.497812,0.879617,1.060395,-0.515265,-1.625702,0.922589,-0.444107,-1.389330,1.022323,0.406102,0.045069,-0.708826,0.845116,0.247306,152.860315,1.327459,-1.746044,0.650772,0.354570,1.123868,-0.926429,-0.836864,0.481689,0.375179,0.437420,0.211960,0.953569,0.948111,-0.127331,0.756236
-0.782656,0.746172,1.924327,0.098488,0.498367,0.242976,-1.224440,0.540203,0.496068,0.043394,0.259848,0.537929,0.775518,0.174956,0.316220,0.187676,0.162429,0.674061,-1.243711,0.706044,0.058660,-0.496011,-1.320134,0.569869,-0.162615,-0.431497,1.022323,0.115253,-0.756693,-0.888855,0.126059,0.148020,652.863102,1.199841,-1.694825,0.111381,0.266982,1.745540,-0.386974,0.563206,0.169602,0.029320,0.463238,0.332292,0.953569,0.390682,-0.127331,0.756236
-0.869743,0.757814,2.020976,0.223259,0.606884,0.331092,-1.298479,0.593490,-0.094424,0.066078,0.277796,0.493879,0.969231,0.716462,0.479106,0.205906,0.240777,0.883965,-1.002042,1.069771,0.490132,-0.611544,-1.200029,0.287990,-0.913100,-1.063328,0.815036,0.259018,-1.134029,-0.888855,0.138471,0.284024,828.684331,0.856425,-1.689293,0.205581,0.241452,1.826709,-0.758945,-0.823913,0.575043,0.146705,0.367464,0.348326,1.227646,0.954575,-1.030280,0.537541
-0.869743,0.673632,0.377082,0.369214,0.642529,0.212086,-1.580195,0.633782,0.805587,0.139547,0.334646,0.350990,0.969231,0.716462,0.455979,0.285399,0.239638,0.883965,-1.443149,1.069771,0.868210,-0.611544,-1.730693,0.821093,-0.913100,-1.063328,0.815036,0.264025,-1.134029,-0.417194,0.386416,0.316634,188.439459,1.267630,-1.888919,0.693414,0.282312,0.440024,-0.936146,-1.102301,0.670072,0.172506,0.305915,0.722155,1.227646,0.954575,-1.030280,0.537541
-1.094711,0.631160,0.380525,0.632723,0.630121,0.241305,-1.405488,0.584912,0.805587,0.384222,0.463843,0.385912,0.935649,1.650594,0.269805,0.629460,0.501906,0.735838,-1.373528,1.347137,0.868210,-0.569372,-1.716938,1.955033,-0.934197,-1.379153,0.590921,0.490680,-0.151098,-0.813289,2.034464,0.259957,168.769190,1.117876,-1.745304,0.660427,0.416249,1.195817,-0.899232,-0.854194,0.498104,0.390521,0.490319,0.275426,2.687848,1.102959,-0.329065,1.406919
-1.094711,0.787321,1.610461,0.106372,0.511673,0.286192,-1.166630,0.484370,0.151347,0.050606,0.284037,0.581141,0.935649,0.333683,0.216855,0.405589,0.180481,1.107316,-1.141418,1.347137,0.270581,-0.569372,-1.673489,0.704155,-0.311636,-1.378304,0.928593,0.186134,-0.787841,-0.909422,0.371742,0.169811,587.076778,1.101320,-1.462593,0.137990,0.344750,1.330690,-0.420693,0.613212,0.145782,0.052323,0.394122,0.244520,0.667932,0.609702,-0.329065,1.406919
-0.972696,0.747564,1.356220,0.280177,0.597776,0.276406,-1.539555,0.570967,-0.180076,0.074927,0.429926,0.450683,0.923240,0.736034,0.428520,0.302256,0.238920,0.871366,-1.511447,0.971438,0.215502,-0.603446,-1.590436,0.244671,-0.985099,-0.914028,0.928593,0.249124,-1.141330,-0.909422,0.316540,0.294631,600.071091,1.347204,-1.534826,0.188136,0.208872,1.569424,-0.900557,-0.865381,0.573839,0.152272,0.406041,0.317798,0.987347,1.208074,-1.029200,0.594052
-0.972696,0.645624,0.284596,0.342161,0.628092,0.335323,-1.655038,0.672180,0.720545,0.142613,0.489119,0.322290,0.923240,0.736034,0.417900,0.415689,0.260847,0.871366,-1.508163,1.085120,0.877866,-0.603446,-1.889908,0.842860,-0.985099,-0.914028,0.790260,0.269465,-1.141330,-0.348323,0.398160,0.442737,157.164826,1.389716,-1.646848,0.679482,0.234201,1.094310,-0.958796,-1.078891,0.638715,0.183897,0.395322,0.693694,0.987347,1.208074,-1.029200,0.594052
-0.908729,0.613981,0.441200,0.535895,0.617863,0.329844,-1.804341,0.510742,0.720545,0.338919,0.448566,0.524273,0.853316,1.717640,0.360371,0.575899,0.488395,0.705489,-1.763605,1.240503,0.640147,-0.649558,-1.537890,2.258950,-0.989774,-1.385019,0.598440,0.446436,-0.151492,-0.684078,2.049358,0.437538,173.273210,1.445019,-1.652649,0.629111,0.311074,0.753685,-0.861842,-0.568382,0.347590,0.390663,0.428122,0.240458,1.996780,1.139491,-0.471604,0.805464
-0.608236,0.779972,1.880316,0.048086,0.487520,0.261579,-1.109138,0.373636,0.244457,0.024486,0.219168,0.580318,0.853316,0.007879,0.172261,0.135261,0.042308,0.768476,-1.083040,2.420278,0.079713,-0.610545,-1.246522,0.628348,-0.041768,-0.118322,0.684420,0.119745,-0.694509,-0.852886,0.122339,0.190902,666.671746,0.965735,-1.624373,0.095674,0.213201,1.605505,-0.316826,0.605773,0.139492,0.011722,0.219683,0.227093,0.344050,0.327158,-0.362297,0.805464
-1.134222,0.714764,1.330071,0.290216,0.579057,0.165962,-1.431282,0.708321,-0.193043,0.103381,0.519813,0.480080,0.872107,0.709921,0.355118,0.379794,0.260987,1.011394,-1.115355,2.420278,0.055124,-0.544382,-1.245462,0.250174,-1.118327,-0.789158,0.728241,0.204199,-1.030697,-0.852277,0.274314,0.240715,585.582173,0.854901,-1.588940,0.165419,0.250140,1.555757,-1.177738,-0.888603,0.578603,0.153911,0.298963,0.294404,1.103109,0.994981,-0.531021,0.823937
-1.134222,0.595328,0.277164,0.347779,0.550135,0.260031,-1.343444,0.801126,0.789479,0.155354,0.629936,0.403476,0.872107,0.709921,0.323135,0.458533,0.296787,1.011394,-0.900040,0.931514,1.000069,-0.544382,-1.743663,0.780287,-1.118327,-0.987947,0.822460,0.254075,-1.030697,-0.264768,0.275188,0.404603,164.496580,0.816324,-1.754805,0.587809,0.294473,1.138991,-1.177738,-1.015433,0.579643,0.203565,0.254520,0.658759,1.103109,0.604472,-0.531021,0.823937
-1.272147,0.710515,0.459555,0.501296,0.523345,0.291025,-1.531539,0.618630,0.717325,0.341792,0.558431,0.594458,0.850744,1.915742,0.433762,1.026436,0.713450,1.191154,-1.152535,1.688982,1.000069,-0.804701,-1.610316,2.266264,-1.053852,-1.401884,0.768454,0.424199,-0.086561,-0.927922,1.783345,0.257361,179.186143,0.892491,-1.737791,0.446615,0.485798,1.244255,-0.680235,0.234964,0.114093,0.382903,0.561129,0.258013,3.992538,1.202619,-0.519608,1.693458
-0.008538,0.850105,1.459878,0.153790,0.491108,0.181247,-1.490490,0.416082,0.011155,0.059866,0.168294,0.515549,0.585639,0.025702,0.121255,0.144170,0.059501,1.191154,-1.238066,0.732761,0.102917,-0.158680,-1.268678,0.454062,-0.121250,-0.105187,0.768454,0.107695,-1.011638,-0.685176,0.123867,0.141999,487.761782,0.979502,-1.623212,0.062956,0.133737,1.556440,-0.337525,0.652513,0.097395,0.021735,0.269803,0.297393,0.251545,0.631587,0.444362,0.342024
-1.946102,0.696002,1.653373,0.216708,0.516876,0.253040,-1.613467,1.169012,0.153884,0.121888,0.427168,0.777664,0.832866,0.609418,0.530101,0.266681,0.216095,1.614593,-1.378579,1.052227,0.724902,-0.360602,-1.416296,0.901876,-0.930030,-0.909434,1.133285,0.209494,-1.440801,-0.526859,0.190853,1.054921,741.615418,1.193828,-1.719345,0.346784,0.338490,1.856151,-1.212732,-0.974135,0.731868,0.195773,0.508151,0.494229,0.881207,1.384384,-1.350821,0.902441
-1.298407,0.678810,0.401069,0.413415,0.480031,0.263823,-1.694808,0.771334,0.720569,0.317298,0.502708,0.415359,0.730117,1.168713,0.359531,0.668873,0.511772,1.035936,-1.820071,1.376032,1.029720,-0.723983,-1.629893,1.996871,-0.935861,-1.392756,0.662027,0.332576,-0.107762,-0.607384,1.916968,0.269596,231.599330,1.509428,-1.575850,0.468751,0.402742,1.165662,-0.685359,-0.378069,0.317619,0.299216,0.332772,0.273327,2.843167,0.964665,-0.588969,1.601810
0.144035,1.064207,0.578726,0.030759,0.315850,0.105771,-1.151543,0.106773,-0.482673,0.020961,0.071802,0.250141,0.352173,0.005574,0.150950,0.051839,0.015375,0.316559,-1.181345,0.550323,0.083844,0.029970,-0.989442,0.144872,0.016802,-0.091334,0.559911,0.088953,-0.725730,-0.493338,0.141982,0.097493,206.007146,1.018190,-1.590167,0.022893,0.068843,1.676270,-0.279008,0.947095,0.060923,0.006293,0.126357,0.061040,0.171322,0.483332,0.471272,0.237313
0.659380,0.950010,0.364821,0.020513,0.311178,0.374199,-1.150356,0.116526,-0.638655,0.020608,0.056285,0.233475,0.342549,0.012983,0.087498,0.063504,0.020852,0.631535,-1.081310,0.586119,0.087477,-0.231128,-1.705375,0.094371,0.012875,-0.165296,0.406593,0.068588,-0.746659,-0.170903,0.137513,0.772067,151.067713,1.010144,-1.557185,0.015664,0.061215,1.183457,-0.306221,0.883793,0.072973,0.007213,0.119483,0.022839,0.175970,0.522788,0.458269,0.214235
-0.354651,0.670214,4.380304,0.514918,0.449519,0.084547,-1.366911,0.426868,-0.451284,0.058504,0.265949,0.345821,0.700915,0.230159,0.244886,0.236717,0.218896,0.640982,-1.234964,0.543406,0.707972,0.161132,-1.368616,-0.177390,-0.746150,-0.397179,0.860736,0.180844,-0.865916,-0.450944,0.136914,0.398385,1475.046441,1.150421,-1.660715,0.141186,0.184176,2.082787,-0.371215,-0.286239,0.377267,0.046402,0.403544,0.077343,1.343333,0.522788,-0.261744,0.713407
-0.354651,0.602657,4.306732,0.535246,0.455089,0.084430,-1.586135,0.425707,0.078948,0.059152,0.593340,0.524003,0.700915,0.230159,0.254084,0.324581,0.244285,0.924363,-1.601154,0.696818,1.209944,0.161132,-2.160834,-0.330086,-0.746150,-0.397179,0.860736,0.204583,-0.865916,-0.450944,0.136914,0.393194,1454.908034,1.403944,-1.624594,0.153993,0.212594,2.076797,-0.602820,-0.773936,0.579485,0.067510,0.358247,0.226731,1.343333,0.431117,-0.811569,0.713407
-0.354651,0.517262,0.372151,0.482903,0.438062,0.101570,-1.622638,0.576871,0.667886,0.073254,0.506402,0.518977,0.700915,0.230159,0.280409,0.296198,0.247133,0.924363,-1.619855,0.696818,1.209944,0.200957,-2.265448,-0.092241,-0.746150,-0.391608,0.860736,0.218435,-0.865916,-0.128531,0.126053,0.626058,172.207352,1.454338,-1.567079,0.356165,0.247270,0.948393,-0.728380,-0.822645,0.540647,0.097618,0.275854,0.469412,1.343333,0.307905,-0.811569,0.713407
-0.354651,0.478429,0.288625,0.630420,0.427242,0.102136,-1.598936,0.665533,0.929349,0.070116,0.422250,0.394409,0.700915,0.230159,0.193704,0.246766,0.229710,0.924363,-1.588246,0.696818,1.209944,0.200957,-2.247593,0.822446,-0.746150,-0.384043,0.860736,0.122379,-0.860336,-0.160690,0.126053,0.881316,141.077901,1.446879,-1.598502,0.470205,0.331650,1.046923,-0.728380,-0.822645,0.296940,0.096579,0.245089,0.587398,1.343333,0.526639,-0.811569,0.713407
-1.085584,0.656842,0.353414,0.518600,0.412983,0.333238,-1.469425,0.709962,0.717197,0.159313,0.556868,0.325706,0.641674,1.712705,0.358123,0.547821,0.391691,0.873428,-1.458268,0.868646,1.441568,-0.353851,-1.578986,1.544182,-0.847554,-1.372300,1.011390,0.189241,-0.109184,-0.472983,0.206177,0.556106,207.515196,1.289738,-1.520612,0.440929,0.358139,1.260239,-0.838005,-0.763489,0.478166,0.330535,0.254553,0.279356,1.138021,0.535387,-0.480271,1.069263
0.043458,1.084075,0.764094,0.018224,0.337020,0.130726,-0.964013,0.138658,-0.226402,0.015136,0.058309,0.178517,0.374552,0.007907,0.113643,0.087996,0.028603,0.299925,-1.136365,0.573704,0.081269,-0.071833,-1.244594,0.198129,-0.074760,-0.079674,0.505684,0.059703,-0.636158,-0.535763,0.143207,0.249502,259.334949,0.986510,-1.459493,0.013530,0.108105,1.788384,-0.281088,0.938633,0.078360,0.005627,0.197598,0.106058,0.233321,0.263740,0.336728,0.266070
0.985467,0.849318,0.284622,0.026539,0.327823,0.181266,-0.982208,0.228019,-0.318206,0.012977,0.093117,0.262290,0.362835,0.000243,0.241192,0.086184,0.015641,0.655807,-1.100082,0.600116,0.113951,-0.027726,-1.306484,0.349186,0.029055,-0.032569,0.692888,0.052951,-0.605413,-0.248860,0.127542,0.343205,139.204062,0.969651,-1.714800,0.013724,0.090019,1.037678,-0.288098,0.806149,0.030471,0.003073,0.244817,0.086283,0.129421,0.442204,0.358588,0.257638
0.024940,0.663507,3.147648,0.133167,0.517899,0.169420,-1.433128,0.620412,0.220174,0.033038,0.185375,0.227095,0.789689,0.383149,0.308965,0.136011,0.143253,0.209010,-1.393764,0.930278,0.386236,-0.251916,-1.475834,0.311251,-0.649328,-0.558013,0.861187,0.150316,-0.612666,-0.488606,0.266182,0.218038,1137.352946,1.226638,-1.678611,0.162489,0.164764,2.073772,-0.631758,-0.803950,0.541561,0.074042,0.263444,0.218101,0.664443,0.430354,-0.567966,0.572945
0.024940,0.549145,0.294160,0.204235,0.484602,0.161648,-1.456451,0.488121,1.008606,0.086803,0.297892,0.169656,0.789689,0.383149,0.243254,0.205247,0.172978,0.108060,-1.497827,0.930278,0.829387,-0.251916,-1.906570,0.458580,-0.649328,-0.541966,0.861187,0.167858,-0.535611,-0.287195,0.266182,0.486105,173.836735,1.388238,-1.641671,0.524362,0.154937,1.052593,-0.788344,-0.998439,0.532320,0.096182,0.285851,0.549784,0.664443,0.265789,-0.567966,0.318958
-0.803035,0.635246,0.305530,0.235650,0.442940,0.141262,-1.504967,0.451182,0.996961,0.184029,0.213732,0.176785,0.668600,0.799410,0.351931,0.176866,0.226357,0.377588,-1.413012,0.719428,0.679730,-0.360356,-1.897547,0.569478,-0.664209,-0.812532,0.870997,0.247517,0.098223,-0.620999,0.645902,0.203679,152.604395,1.402033,-1.753789,0.432276,0.199840,1.108053,-0.558807,-0.358041,0.311987,0.254880,0.169922,0.250626,0.913342,0.300886,0.011403,0.367892
-0.495432,0.817465,2.654768,0.041035,0.476032,0.206229,-1.128374,0.579028,0.371948,0.042673,0.117524,0.333818,0.641333,0.024559,0.173015,0.077593,0.042746,0.423640,-1.199169,0.687194,0.085806,-0.061317,-1.355944,0.569478,-0.034287,-0.075044,0.870997,0.090460,-0.393662,-0.620999,0.135544,0.350479,854.343742,1.136946,-1.706766,0.033741,0.112545,1.924371,-0.303798,0.737556,0.035340,0.011271,0.182616,0.184152,0.268564,0.313845,0.220806,0.367892
-0.488456,0.667743,2.736646,0.093063,0.582761,0.312287,-1.174935,0.615038,0.033830,0.062549,0.200692,0.426705,0.869144,0.478362,0.323546,0.189132,0.191463,0.557079,-1.143875,0.926858,0.219882,-0.381961,-1.384912,0.173318,-0.700913,-0.616146,0.677517,0.201159,-0.747164,-0.514831,0.257166,0.550096,1101.808360,0.968107,-1.704744,0.159385,0.150734,1.920638,-0.623538,-0.787813,0.511828,0.106915,0.308761,0.231796,0.710722,0.653776,-0.621753,0.569390
-0.488456,0.573861,0.264150,0.249879,0.548146,0.326957,-1.464357,0.579239,0.935913,0.118476,0.307930,0.447019,0.869144,0.478362,0.305362,0.232724,0.185677,0.557079,-1.272750,0.996819,0.751850,-0.381961,-1.899828,0.552709,-0.700913,-0.616146,0.677517,0.202338,-0.747164,-0.301847,0.276327,0.704698,167.465737,1.068610,-1.701005,0.597059,0.210897,1.080929,-0.865489,-1.014193,0.562353,0.138296,0.351253,0.616142,0.710722,0.653776,-0.621753,0.569390
-0.485555,0.607603,0.380450,0.321118,0.521623,0.156671,-1.810435,0.418245,0.935843,0.211073,0.339233,0.287282,0.676781,0.755905,0.368465,0.300139,0.254882,0.477475,-1.841262,0.771333,0.634433,-0.332840,-1.733257,1.012341,-0.925545,-0.847615,0.883500,0.298148,0.004331,-0.558023,0.872812,0.207120,158.172145,1.652649,-1.751590,0.516916,0.258761,1.308413,-0.694588,-0.374251,0.298675,0.274534,0.395069,0.279996,0.914842,0.555148,-0.019815,0.458734
-0.414610,0.867612,2.321332,0.034306,0.463420,0.147602,-1.662811,0.362984,0.220553,0.014841,0.161716,0.279119,0.610093,0.032129,0.205457,0.099363,0.026479,0.549064,-1.621267,0.707949,0.123813,-0.203632,-1.255074,0.627859,-0.076422,-0.108764,0.883500,0.049871,-0.736685,-0.822189,0.130336,0.130009,741.734895,1.459992,-1.595063,0.058965,0.109939,1.489562,-0.267874,0.663842,0.166555,0.010316,0.188118,0.255837,0.214078,0.350459,0.172607,0.420497
-1.303963,0.798034,1.870332,0.110005,0.600437,0.139167,-1.569436,0.713556,-0.113667,0.076486,0.336152,0.316563,0.869717,1.007184,0.331983,0.265731,0.217211,0.401962,-1.549432,0.943082,0.066491,-0.796254,-1.279289,0.139398,-0.942034,-0.852719,0.657153,0.235831,-1.029300,-0.822189,0.148469,0.143434,781.949693,1.293792,-1.677282,0.170608,0.244669,1.550866,-1.165257,-0.880909,0.606179,0.171134,0.323638,0.286815,1.096499,0.772830,-0.614119,0.587640
-1.303963,0.599416,0.273538,0.257470,0.617081,0.196560,-1.492139,0.754458,0.940933,0.185677,0.410774,0.324285,0.869717,1.007184,0.350913,0.335955,0.248831,0.423510,-1.342324,1.017234,0.987218,-0.796254,-1.748923,0.929567,-0.942034,-0.852719,0.719217,0.306870,-1.029300,-0.315167,0.430844,0.276516,159.447190,1.067932,-1.719682,0.661413,0.293666,0.982473,-1.185964,-1.078486,0.632608,0.211403,0.358499,0.724808,1.096499,0.772830,-0.614119,0.587640
-0.593664,0.617751,0.373732,0.410860,0.554360,0.169172,-1.604195,0.420135,0.940933,0.251295,0.436432,0.335778,0.752394,0.719619,0.382575,0.413989,0.308359,0.498241,-1.546332,0.845542,0.906912,-0.878886,-1.593127,0.929567,-1.203158,-0.847414,0.851946,0.365880,-0.017754,-0.597268,0.991526,0.185858,162.706293,1.345854,-1.792011,0.559554,0.287734,1.365832,-0.808600,-0.426659,0.313913,0.281277,0.404278,0.274064,0.933942,0.721564,-0.119657,0.484003
-0.290723,0.875345,2.138266,0.039064,0.470770,0.180083,-1.267312,0.370449,0.264172,0.019679,0.255958,0.322616,0.634410,0.010439,0.161004,0.115510,0.026967,0.498241,-1.318801,0.763948,0.070396,-0.300773,-1.188731,0.525036,-0.024678,-0.064305,0.851946,0.091630,-0.629827,-0.774537,0.127042,0.119183,768.795086,1.179238,-1.620087,0.049715,0.127172,1.465339,-0.283943,0.659457,0.161465,0.009211,0.151748,0.226943,0.238213,0.255250,0.345701,0.459457
-0.784042,0.790614,2.046340,0.143366,0.599625,0.188628,-1.718887,0.612313,0.091890,0.069751,0.301013,0.323314,0.898592,0.709786,0.413703,0.232488,0.198532,0.479967,-1.638638,1.015709,0.114781,-0.344580,-1.284576,0.145736,-0.884246,-1.021797,0.863715,0.207258,-0.931803,-0.774059,0.294069,0.201861,892.263994,1.544360,-1.573200,0.171601,0.165481,1.629356,-0.907912,-0.815570,0.617687,0.135471,0.216968,0.294800,0.786923,0.651734,-0.654609,0.523812
-0.784042,0.599895,0.278614,0.255237,0.562545,0.255703,-1.556456,0.664402,0.968803,0.135357,0.384519,0.267427,0.898592,0.709786,0.327781,0.269074,0.192264,0.479967,-1.286762,1.015709,0.887283,-0.344580,-1.995852,0.746345,-0.884246,-1.021797,0.863715,0.234146,-0.931803,-0.229900,0.324974,0.354538,166.906322,1.062622,-1.630232,0.611248,0.201649,1.026548,-0.913848,-1.046577,0.578089,0.181845,0.180182,0.660172,0.786923,0.416650,-0.654609,0.523812
-0.932720,0.670310,0.329133,0.426820,0.547232,0.208084,-1.431222,0.524734,0.968029,0.287065,0.386783,0.314733,0.779586,1.158392,0.283180,0.511431,0.462308,0.686687,-1.334726,1.083514,0.596046,-0.362408,-1.634382,1.563778,-0.908481,-1.383703,0.422031,0.366637,0.038925,-0.741430,1.468166,0.285854,144.009642,1.110507,-1.629956,0.508106,0.298946,1.219967,-0.726375,-0.064142,0.199309,0.345079,0.495378,0.241396,2.055870,1.019788,-0.048987,0.799311
-0.174767,0.833254,2.207992,0.031403,0.464438,0.121736,-1.231797,0.358525,0.365202,0.023169,0.157184,0.429215,0.589987,0.031434,0.141880,0.121085,0.022041,0.686687,-1.256325,0.600916,0.058312,-0.119248,-1.077525,0.153513,-0.060926,-0.044621,0.666529,0.064263,-0.959396,-0.721779,0.127442,0.197114,681.322111,1.113492,-1.404992,0.062060,0.120510,1.801118,-0.291745,0.637488,0.136946,0.011413,0.260001,0.333252,0.155396,0.579653,0.459498,0.680037
-1.103010,0.724214,1.977286,0.228427,0.590122,0.182581,-1.552902,0.793272,-0.210373,0.095828,0.460495,0.715731,0.828882,0.512148,0.395965,0.306781,0.197499,1.343761,-1.557528,0.857943,0.130547,-0.119248,-1.550906,-0.059828,-0.879285,-0.958791,0.612548,0.213039,-1.450548,-0.721779,0.127442,0.363870,793.966103,1.368283,-1.569523,0.132564,0.269275,1.676587,-1.052693,-0.815455,0.551289,0.108346,0.246746,0.375148,0.767890,1.007654,-0.658224,0.875627
-1.103010,0.540115,0.278787,0.288719,0.514174,0.284476,-1.665805,0.887025,0.652347,0.130718,0.521758,0.484851,0.828882,0.512148,0.291988,0.291157,0.129611,1.343761,-1.759068,0.893244,1.019515,0.036891,-2.097835,0.535973,-0.879285,-0.958791,0.645990,0.213880,-1.449352,-0.089925,0.224767,0.694023,165.776802,1.477035,-1.613159,0.553874,0.313676,1.061159,-1.095655,-0.968828,0.506258,0.168836,0.230828,0.721205,0.767890,0.434589,-0.658224,0.875627
-0.826630,0.590230,0.560072,0.364691,0.538226,0.352465,-1.674315,0.575964,0.652347,0.108943,0.396888,0.288913,0.848292,1.119127,0.453588,0.305195,0.228384,0.636064,-1.709341,0.821131,0.855513,-0.774974,-1.688943,1.070713,-0.688453,-1.383754,0.784746,0.336951,0.096098,-0.650905,0.187367,0.311450,232.787956,1.417689,-1.633058,0.524755,0.345709,1.180974,-0.689670,-0.028210,0.200289,0.358383,0.173702,0.164153,0.907375,1.095321,-0.652026,0.705662
-0.347101,0.736061,2.058621,0.038219,0.456633,0.233572,-1.156822,0.291676,0.338001,0.018597,0.119633,0.433162,0.636003,0.001244,0.136942,0.100544,0.022162,0.834692,-1.099387,0.543215,0.072213,-0.143909,-1.129030,0.764708,-0.030965,-0.113547,0.784746,0.050767,-0.737010,-0.865701,0.127537,0.324499,715.013010,1.021727,-1.557498,0.074566,0.219000,1.472755,-0.320394,0.499444,0.190220,0.004626,0.160214,0.285019,0.197189,0.274751,-0.116334,0.705662
-0.926807,0.734538,1.777271,0.220057,0.585579,0.259625,-1.614157,0.622444,-0.049855,0.075447,0.426398,0.492658,0.832246,0.654856,0.384308,0.339904,0.218088,0.886615,-1.553691,0.816515,0.064578,-0.221176,-1.572742,0.285704,-0.912442,-0.674398,0.631039,0.199668,-0.975365,-0.865701,0.199772,0.114030,804.268379,1.366118,-1.703047,0.162836,0.274800,1.528522,-0.842531,-0.879021,0.575094,0.107789,0.318017,0.270314,0.898044,0.639450,-0.553935,0.961491
-0.926807,0.568940,0.273824,0.357937,0.573225,0.247612,-1.556405,0.715585,0.936352,0.152349,0.479303,0.366256,0.832246,0.654856,0.365982,0.348809,0.205757,0.886615,-1.318707,0.918059,1.003219,-0.221176,-2.105265,0.589851,-0.912442,-0.674398,0.670351,0.228949,-0.975365,-0.204794,0.214636,0.326671,149.945325,1.084739,-1.699005,0.617356,0.299290,1.055571,-0.949399,-1.029741,0.562570,0.156022,0.278353,0.703782,0.898044,0.609933,-0.553935,0.961491
-0.883837,0.620047,0.307492,0.380849,0.532848,0.174183,-1.652104,0.559253,0.935405,0.239111,0.480590,0.389582,0.711606,0.883070,0.295038,0.482294,0.418385,0.613780,-1.764111,1.024290,0.973788,-0.671596,-1.759414,0.932048,-0.628605,-1.351887,0.678880,0.262595,0.108650,-0.602379,0.895506,0.367726,140.573882,1.503643,-1.627192,0.527368,0.351146,1.112110,-0.735163,-0.286213,0.279923,0.304456,0.369609,0.254992,2.170401,0.662936,-0.070563,1.081167
-0.517199,0.871028,2.401862,0.031455,0.453466,0.143920,-1.170271,0.392248,0.358008,0.023246,0.270115,0.401150,0.652434,0.019948,0.140654,0.142490,0.021740,0.613780,-1.136284,1.024290,0.076555,-0.088120,-1.272857,0.466257,-0.059174,-0.210705,0.678880,0.075979,-0.725588,-0.827508,0.128019,0.315046,785.298375,1.074058,-1.358734,0.068439,0.168288,1.726646,-0.293691,0.672546,0.153547,0.008083,0.156101,0.293008,0.205962,0.341050,0.181956,0.601783
-0.607532,0.772998,2.338865,0.423773,0.595273,0.219671,-1.353118,0.571012,0.012798,0.078914,0.704969,0.418099,0.887255,0.582273,0.403791,0.400770,0.261311,0.892020,-1.027664,0.919935,0.162417,-0.088120,-1.635318,0.057812,-0.892466,-0.834507,0.849241,0.216546,-0.912529,-0.827508,0.240877,0.341913,910.235877,0.864048,-1.529867,0.173820,0.273364,1.740506,-0.781514,-1.003435,0.654533,0.107649,0.256280,0.277191,1.508927,0.778806,-0.490166,0.830972
-0.607532,0.610138,0.273380,0.564145,0.567361,0.308336,-1.694373,0.609980,0.818072,0.155179,0.701607,0.340243,0.887255,0.582273,0.373244,0.460629,0.288901,0.892020,-1.719566,0.961933,1.243195,-0.057550,-1.981650,0.992058,-0.892466,-0.834507,0.849241,0.234373,-0.912529,-0.258144,0.247364,0.329643,156.468568,1.492437,-1.335495,0.616622,0.341626,0.985518,-0.965969,-1.137579,0.568544,0.175149,0.276844,0.634944,1.508927,0.571463,-0.490166,0.830972
-0.794067,0.575170,0.592367,0.532419,0.553904,0.283964,-1.763108,0.473282,0.818072,0.231033,0.345870,0.397827,0.828413,1.860821,0.449824,0.286684,0.423179,0.674946,-1.709251,0.859716,0.986659,-0.541063,-1.675476,0.992058,-0.699051,-0.884669,1.144465,0.323961,-0.128814,-0.652217,0.592546,0.196918,240.178137,1.486083,-1.519596,0.546699,0.346118,0.942208,-0.689663,-0.275139,0.251434,0.410723,0.429254,0.274214,1.487634,0.794151,-0.401229,0.726138
0.020227,0.813626,2.181398,0.030974,0.441733,0.336692,-1.205752,0.223360,0.308359,0.017336,0.110323,0.455256,0.566082,0.006322,0.286481,0.088006,0.019623,0.734751,-1.055908,0.557799,0.129256,-0.275456,-1.017130,0.620660,-0.066212,-0.236180,1.144465,0.075417,-0.810963,-0.829908,0.125194,0.157145,764.931509,0.867547,-1.548496,0.042457,0.171210,1.721907,-0.280427,0.594864,0.153293,0.009553,0.164316,0.249425,0.168078,0.413507,0.268991,0.726138
-0.763123,0.746029,1.623357,0.172683,0.581030,0.235564,-1.395729,0.580505,-0.101353,0.069772,0.388296,0.483988,0.841422,0.552639,0.339269,0.298382,0.193330,0.813278,-1.303170,0.858034,0.176702,-0.175905,-1.401455,0.135870,-0.906379,-0.933089,0.677150,0.214999,-1.036464,-0.742357,0.293797,0.288075,729.089138,1.084737,-1.506467,0.164616,0.193329,1.728540,-0.821686,-0.837165,0.569001,0.112648,0.251377,0.292582,0.897326,0.931740,-0.742423,0.619780
-0.763123,0.583019,0.301384,0.361689,0.588716,0.246534,-1.408442,0.688048,0.834529,0.127940,0.431345,0.356683,0.841422,0.552639,0.334712,0.327065,0.184778,0.813278,-1.198305,0.986583,0.861827,-0.175905,-1.943326,0.950081,-0.906379,-0.933089,0.711048,0.230723,-1.036464,-0.284649,0.294621,0.434412,170.473126,0.978475,-1.495785,0.634880,0.236122,1.113602,-0.915334,-1.003644,0.580308,0.153117,0.266140,0.695978,0.897326,0.921696,-0.742423,0.619780
-0.764508,0.609404,0.484552,0.453789,0.573778,0.264094,-1.491245,0.529262,0.834529,0.309727,0.432628,0.257128,0.753414,1.483612,0.335220,0.496099,0.447903,0.655226,-1.297673,1.224714,0.853426,-0.889647,-1.572480,1.683479,-0.745386,-1.257508,0.665161,0.425076,-0.103150,-0.725106,1.683710,0.151818,184.326224,1.003489,-1.654598,0.581278,0.263704,1.359242,-0.766780,-0.397732,0.304336,0.342964,0.452936,0.260549,1.637878,1.105413,-0.243486,0.622864
-0.586287,0.816795,1.976538,0.080623,0.490212,0.251635,-1.540133,0.389651,0.220199,0.025442,0.325521,0.394024,0.752478,0.143641,0.203933,0.163384,0.121041,0.733414,-1.356346,1.224714,0.202367,-0.888306,-1.266413,0.718570,-0.065200,-0.128830,0.867354,0.114516,-0.801176,-0.909229,0.184176,0.150255,653.791995,1.274510,-1.520204,0.084691,0.164393,1.476714,-0.298900,0.623084,0.161165,0.026253,0.202947,0.271882,0.614989,0.418577,-0.243486,0.622864
-0.825896,0.763924,1.595721,0.200639,0.609391,0.265083,-1.493908,0.584331,-0.072437,0.078102,0.390847,0.317103,0.916661,0.944359,0.388887,0.298306,0.237014,0.420330,-1.330929,0.982481,0.174808,-0.554367,-1.247276,0.084983,-0.920192,-0.900161,0.867354,0.247514,-1.075513,-0.909229,0.369519,0.527774,702.618196,1.110048,-1.676577,0.175032,0.201852,1.455810,-0.992217,-0.841466,0.597705,0.173964,0.363427,0.290649,0.937612,1.013946,-1.021515,0.544029
-0.825896,0.606773,0.348821,0.294074,0.633787,0.366610,-1.648720,0.658897,0.909051,0.164321,0.458935,0.274717,0.916661,0.944359,0.399034,0.401467,0.264183,0.420330,-1.628339,0.982481,0.944141,-0.554367,-1.567993,0.630977,-0.920192,-0.900161,0.842757,0.287720,-1.075513,-0.370888,0.372577,0.683207,179.656966,1.363437,-1.758764,0.680715,0.240580,1.190367,-0.992217,-1.032071,0.621597,0.203707,0.371116,0.722604,0.937612,1.013946,-1.021515,0.544029
-0.873966,0.591953,0.388270,0.511994,0.616999,0.356452,-1.736682,0.569976,0.909051,0.289024,0.343224,0.512554,0.808045,1.338317,0.377968,0.379786,0.384568,0.572821,-1.651605,0.955731,0.808049,-0.455958,-1.507923,1.651628,-0.793040,-1.379287,0.573850,0.360155,0.037063,-0.620630,1.333878,0.265904,161.495704,1.450226,-1.642873,0.626605,0.288020,1.216735,-0.855700,-0.537835,0.343980,0.354294,0.484755,0.232224,1.758616,1.096058,-0.615695,0.683174
-0.856910,0.699168,1.643399,0.114919,0.499446,0.331632,-1.277644,0.567598,0.362205,0.048184,0.228058,0.624681,0.808045,0.172049,0.145584,0.209680,0.068163,0.863383,-1.351658,0.955731,0.067586,-0.405538,-1.208380,0.847276,-0.267483,-0.500281,0.598868,0.103280,-0.550598,-0.835815,0.172821,0.243182,532.775791,1.287812,-1.523786,0.126702,0.177222,1.214866,-0.346250,0.572761,0.133542,0.027237,0.373993,0.237077,0.241172,0.344549,-0.118722,0.683174
-0.177866,0.685364,1.550326,0.154951,0.580453,0.322419,-1.406474,0.466318,0.128595,0.049340,0.275681,0.331147,0.927182,0.514737,0.443441,0.238028,0.221815,0.709616,-1.390367,0.943669,0.312716,-0.680324,-1.182104,0.395612,-0.834180,-0.762867,0.712639,0.222023,-0.712833,-0.835815,0.326250,0.507755,656.999326,1.203687,-1.544088,0.197687,0.210653,1.673234,-0.574648,-0.813203,0.545110,0.122105,0.375711,0.265243,0.945240,0.785979,-1.161260,0.518995
-0.177866,0.615144,0.297868,0.281682,0.593744,0.280721,-1.485941,0.473720,0.910228,0.124545,0.306987,0.172943,0.927182,0.514737,0.436811,0.381371,0.277884,0.258749,-1.484338,1.003993,0.676935,-0.680324,-1.614637,0.776828,-0.834180,-0.762867,0.712639,0.231910,-0.712833,-0.361143,0.326250,0.801078,167.825517,1.231669,-1.728549,0.643909,0.248585,1.023238,-0.877735,-1.009449,0.587566,0.132641,0.329974,0.603056,0.945240,0.785979,-1.161260,0.518995
-0.757345,0.597042,0.405046,0.534477,0.540828,0.254076,-1.266024,0.437158,0.910228,0.323376,0.355323,0.375947,0.790116,0.714279,0.298195,0.429149,0.385207,0.493329,-1.003331,0.988008,0.524094,-0.918738,-1.529946,1.363496,-1.190032,-1.399172,0.581657,0.401453,0.031810,-0.840218,1.310668,0.305849,175.927146,1.080555,-1.864571,0.552122,0.513482,1.185171,-0.807632,-0.595034,0.363654,0.294396,0.467380,0.236205,1.708292,0.845178,-0.733506,1.467420
-0.324538,0.867643,2.030839,0.042818,0.441181,0.240739,-1.155972,0.300764,0.404803,0.026536,0.200983,0.523082,0.719448,0.007714,0.122613,0.170817,0.045459,0.710121,-1.076560,0.958019,0.095306,-0.918738,-1.153491,0.576990,-0.076880,-0.083660,0.692940,0.164595,-0.596364,-0.854239,0.163504,0.265435,671.299155,0.940162,-1.348476,0.067178,0.329053,1.671864,-0.294653,0.638334,0.163139,0.010025,0.217099,0.258374,0.376730,0.350923,0.101894,1.467420
-0.921887,0.805081,1.744930,0.160160,0.597462,0.154550,-1.429943,0.577613,0.065903,0.052840,0.380790,0.371655,0.930562,0.681459,0.324046,0.253435,0.161372,0.672915,-1.522194,1.119797,0.056356,-0.438047,-1.422903,0.222464,-0.718630,-0.895011,0.912672,0.251769,-0.773318,-0.854239,0.124280,0.223407,747.286246,1.282046,-1.564058,0.188437,0.184814,1.520831,-0.875981,-0.987309,0.671939,0.139359,0.274968,0.255059,0.801623,0.740674,-0.679584,0.523443
-0.921887,0.653011,0.275521,0.290955,0.558900,0.247279,-1.625528,0.646399,0.860598,0.160321,0.414618,0.316303,0.930562,0.681459,0.339455,0.280069,0.199073,0.396668,-1.724221,1.119797,0.819153,-0.438047,-1.858374,0.544153,-0.718630,-0.895011,0.912672,0.291610,-0.773318,-0.416050,0.290150,0.265922,162.133742,1.494469,-1.435669,0.611123,0.237028,1.118961,-1.048133,-1.189607,0.621362,0.209637,0.274265,0.577569,0.801623,0.740674,-0.679584,0.523443
-0.553310,0.608201,0.327194,0.396325,0.481249,0.139330,-1.383789,0.390863,0.860598,0.244004,0.316198,0.320112,0.686224,1.210342,0.386335,0.306798,0.368142,0.571604,-1.428315,0.734762,0.764414,-0.451113,-1.797236,0.717416,-0.635122,-0.614994,1.125108,0.253642,0.000399,-0.684855,0.400483,0.142330,145.746718,1.276848,-1.557331,0.469054,0.359505,1.159208,-0.781509,-0.464131,0.333292,0.332459,0.293867,0.249674,1.490046,0.364139,-0.088223,0.732564
0.034840,0.814459,1.903505,0.025911,0.446389,0.289341,-1.003965,0.344669,0.186426,0.032770,0.087690,0.254283,0.507251,0.003245,0.267866,0.068157,0.020387,0.571604,-1.052205,0.556281,0.077853,-0.049140,-1.153494,0.413322,0.023351,-0.077081,1.125108,0.072525,-0.531399,-0.580319,0.123634,0.146542,654.742700,0.891701,-1.496123,0.028386,0.110212,1.516884,-0.295527,0.727876,0.059958,0.007505,0.147749,0.182517,0.232155,0.257556,0.434400,0.727466
-0.057769,0.722396,0.991029,0.111526,0.513381,0.160394,-1.424472,0.471794,0.791659,0.043646,0.218555,0.123540,0.851351,0.449389,0.270305,0.207878,0.150199,0.128869,-1.433531,0.958009,0.750195,-0.560022,-1.767322,0.162038,-0.689877,-0.663374,0.597066,0.201858,-0.663206,-0.470187,0.245452,0.344374,434.999019,1.272862,-1.703950,0.416485,0.162605,1.754025,-0.857515,-1.086953,0.773602,0.110608,0.206250,0.476533,0.616829,0.405602,-0.585745,0.354879
-1.025184,0.796829,0.361109,0.182198,0.367657,0.124570,-1.523908,0.408894,0.608538,0.135991,0.188894,0.248053,0.630435,0.739127,0.225203,0.258730,0.178281,0.443306,-1.437581,0.901849,0.505113,-0.283743,-1.458773,0.711438,-0.620662,-1.025774,0.638687,0.179396,-0.065802,-0.502929,0.462712,0.116233,201.852825,1.286579,-1.620270,0.137798,0.227857,1.331019,-0.480456,0.590951,0.063443,0.198912,0.332320,0.212292,1.102002,0.302018,-0.419444,0.701933
0.386441,1.130910,0.324750,0.008072,0.308516,0.070244,-0.911774,0.103853,-0.512191,0.010635,0.024947,0.094327,0.336975,-0.007051,0.076090,0.022168,0.007375,0.270942,-1.074987,0.536692,0.082771,-0.040821,-1.083954,0.074119,0.059717,-0.095393,0.555127,0.045663,-0.606555,-0.271945,0.119546,0.260605,145.136085,0.985835,-1.693053,0.008645,0.045013,1.125639,-0.277582,1.090934,0.016128,0.002039,0.095446,0.025819,0.135089,0.168074,0.525112,0.240030
0.032726,1.020363,5.541969,0.143102,0.392677,0.072170,-1.398077,0.284235,-0.604288,0.021301,0.168491,0.356604,0.583516,0.075076,0.239186,0.110493,0.031125,-0.175799,-1.278119,0.538182,0.059403,0.028705,-1.111067,-0.226919,-0.300159,-0.331219,0.484284,0.062585,-1.105171,-0.552044,0.128592,0.275231,1438.283223,1.178054,-1.630487,0.085450,0.106790,1.957250,-0.279298,0.744496,0.079474,0.026676,0.281079,0.175894,0.191332,0.623864,0.923267,0.387689
-0.794530,0.730134,0.628288,0.273423,0.392320,0.224526,-1.573284,0.349417,0.696611,0.195071,0.274406,0.493027,0.627507,1.202292,0.315571,0.322245,0.294007,0.732066,-1.565850,0.859310,0.674020,-0.753580,-1.589694,0.895108,-0.398108,-0.807471,0.870701,0.237796,-0.133149,-0.602431,0.358599,0.250041,260.361080,1.330551,-1.482459,0.194938,0.354934,1.297413,-0.526550,0.544201,0.074163,0.317227,0.474305,0.266837,1.429269,0.347348,-0.283238,0.740445
-0.033452,0.996630,1.813199,0.041992,0.371992,0.246642,-1.071664,0.222335,0.031757,0.019275,0.104801,0.488016,0.518306,-0.003152,0.103139,0.073156,0.016355,0.732066,-1.172220,0.574849,0.094308,-0.067397,-0.881832,0.401810,-0.006936,-0.148942,0.545907,0.041637,-0.570309,-0.602431,0.132294,0.178602,583.538089,0.996137,-1.483348,0.059886,0.129497,1.806708,-0.286444,0.745812,0.133257,0.005198,0.210526,0.158026,0.161400,0.345439,0.407259,0.334531
0.332834,0.579506,1.117252,0.154111,0.447123,0.254373,-1.476390,0.442894,0.163827,0.107245,0.301295,0.287335,0.810391,0.408028,0.204495,0.146962,0.143499,0.291547,-1.482855,0.902023,1.035166,-0.734143,-1.313647,0.186631,-0.479904,-0.590108,0.620085,0.247638,-0.618262,-0.399241,0.410367,0.377038,446.605466,1.433689,-1.503587,0.352527,0.179732,2.028420,-0.651136,-0.440766,0.608946,0.086412,0.282122,0.295671,0.624754,0.345439,-0.200088,0.337574
0.463078,0.903869,0.432712,0.129274,0.265436,0.226224,-0.863929,0.193993,0.052433,0.206660,0.329436,0.181996,0.485109,0.400582,0.172249,0.290733,0.229364,0.298860,-1.109551,0.826619,0.355766,-1.554659,-1.089043,0.676666,-0.337107,-0.632947,0.716162,0.212218,-0.507135,-0.837420,0.481242,0.346137,239.743274,0.959189,-1.645245,0.087833,0.305912,1.158614,-0.386376,0.298537,0.218605,0.110318,0.198324,0.147423,0.553548,0.336667,-0.041972,0.889367
0.607089,0.947860,0.318844,0.013876,0.321908,0.072293,-1.127518,0.241470,-0.273161,0.027000,0.044101,0.165458,0.385560,-0.002808,0.114253,0.037947,0.012012,0.292197,-1.087335,0.556268,0.086082,-0.120081,-1.274062,0.153172,0.054277,-0.177715,0.515812,0.080718,-0.469471,-0.196296,0.126868,0.106060,156.810858,1.002541,-1.789925,0.033575,0.034347,1.103275,-0.275011,0.739838,0.125911,0.002068,0.131804,0.061610,0.134271,0.219646,0.259324,0.106981
1.359055,0.749500,1.419908,0.017294,0.335557,0.171370,-1.105271,0.112037,-0.214750,0.011267,0.064478,0.179012,0.370816,-0.000827,0.119870,0.084871,0.018376,0.419005,-1.299817,0.572426,0.134348,-0.065883,-1.429705,0.398004,0.029561,0.011029,0.488848,0.034880,-0.491703,-0.395099,0.129867,0.330419,421.997937,1.133451,-1.566323,0.011225,0.088729,1.504264,-0.279270,0.718064,0.024115,0.003222,0.128577,0.070702,0.152166,0.636484,0.422568,0.346747
-0.540747,0.641657,2.746428,0.152384,0.515926,0.146624,-1.255539,0.736476,0.044899,0.035695,0.127353,0.171037,0.767057,0.485181,0.262809,0.119630,0.134804,0.168016,-0.927111,0.950789,0.107957,-0.292962,-1.450781,0.415032,-0.654135,-0.373746,0.681655,0.153029,-0.783644,-0.434005,0.133815,0.199144,1051.563714,0.838241,-1.626682,0.134363,0.106614,1.797081,-0.591132,-0.720056,0.487903,0.085017,0.148467,0.202960,0.663057,0.619699,-0.511709,0.318451
-0.540747,0.549659,0.334107,0.203186,0.511321,0.143814,-1.597644,0.611500,0.862153,0.124684,0.299641,0.201170,0.767057,0.485181,0.181197,0.229615,0.205378,0.168016,-1.580714,0.955876,0.852014,-0.292962,-1.601122,0.675953,-0.654135,-0.500024,0.681655,0.200777,-0.775925,-0.458542,0.271492,0.588367,190.212225,1.426703,-1.570372,0.549729,0.126078,0.972670,-0.900602,-0.933759,0.566100,0.123000,0.175017,0.601030,0.694504,0.305051,-0.511709,0.235844
-0.561247,0.741822,0.309022,0.249729,0.458572,0.218962,-1.540239,0.434854,0.853802,0.219693,0.328843,0.223310,0.617132,0.584890,0.319021,0.199655,0.250957,0.507700,-1.478740,0.761116,0.734961,-0.214788,-1.641183,0.682943,-0.595849,-0.537004,0.921392,0.259068,-0.138299,-0.548504,0.746934,0.316122,150.012983,1.352353,-1.723270,0.450952,0.152753,1.008313,-0.710776,-0.343729,0.319564,0.228735,0.268444,0.264131,0.750842,0.424183,0.041287,0.380772
-0.310042,0.920293,2.142951,0.027297,0.464410,0.195107,-1.203477,0.505219,0.229519,0.034760,0.134319,0.233165,0.551339,0.029923,0.210921,0.095861,0.025151,0.507700,-1.314700,0.606970,0.066343,-0.163214,-1.210934,0.427926,-0.037270,-0.187042,0.921392,0.055193,-0.528309,-0.560833,0.135547,0.192008,735.926305,1.175490,-1.676965,0.026599,0.091600,1.816695,-0.300466,0.862629,0.037693,0.009525,0.184720,0.192241,0.189317,0.377398,0.358981,0.380772
-0.591023,0.718600,2.233883,0.123902,0.587116,0.276152,-1.340366,0.666578,-0.134848,0.050784,0.211239,0.444113,0.823897,0.301394,0.341606,0.222767,0.159808,0.681033,-1.148639,0.851936,0.038733,-0.190758,-1.658744,0.041920,-0.741404,-0.559843,0.614648,0.172115,-0.805895,-0.560833,0.201480,0.298812,937.192840,1.097130,-1.744814,0.152125,0.151145,1.883206,-0.572411,-0.722342,0.525063,0.084325,0.436518,0.180381,0.694468,0.737196,-0.440994,0.649647
-0.591023,0.523554,0.282652,0.272833,0.513206,0.253800,-1.420668,0.699563,0.926273,0.128463,0.348221,0.447871,0.823897,0.301394,0.274303,0.275936,0.223565,0.681033,-1.146573,1.165471,0.827396,-0.177810,-2.051593,0.585544,-0.741404,-0.559843,0.743300,0.184479,-0.805895,-0.369102,0.201480,0.597482,167.189045,0.931650,-1.436217,0.563174,0.186396,1.026945,-0.872185,-0.928833,0.508122,0.127500,0.391690,0.651164,0.694468,0.582750,-0.440994,0.649647
-0.206584,0.628841,0.419728,0.287675,0.476539,0.166245,-1.490629,0.395461,0.926273,0.188556,0.221934,0.297791,0.594993,0.659665,0.341270,0.164421,0.223247,0.376261,-1.450495,1.165471,0.738648,-0.200960,-1.838700,0.594758,-0.408205,-0.699685,0.959932,0.240393,0.063554,-0.514945,0.459956,0.204422,178.288720,1.212990,-1.783966,0.456235,0.169260,1.162908,-0.655519,-0.315904,0.285602,0.237457,0.357006,0.286585,0.582723,0.490682,0.066107,0.358708
-0.058507,0.842076,1.995893,0.083948,0.441831,0.129368,-1.528939,0.322040,0.262562,0.018209,0.127576,0.180623,0.587845,-0.000339,0.221067,0.050608,0.028341,0.376261,-1.426292,0.605141,0.089529,-0.186062,-1.110989,0.424681,-0.081153,-0.002475,0.959932,0.044195,-0.591290,-0.632326,0.131814,0.076570,663.894973,1.183247,-1.555794,0.080152,0.090979,1.483333,-0.297966,0.717693,0.104510,0.012273,0.129181,0.219289,0.215265,0.327657,0.082842,0.358708
-1.000064,0.754264,1.627054,0.176616,0.572887,0.236452,-1.492138,0.649651,0.179660,0.058263,0.346375,0.206524,0.926573,0.596354,0.361448,0.225122,0.161066,0.421502,-1.414812,1.023582,0.032155,-0.419021,-1.503546,0.214672,-0.815393,-0.673614,0.866885,0.215183,-0.910550,-0.632326,0.131814,0.223379,683.026230,1.174109,-1.593040,0.184870,0.172429,1.549859,-0.940076,-0.845318,0.571706,0.128784,0.291607,0.299715,0.723245,1.012453,-0.482064,0.618899
-1.000064,0.570130,0.298155,0.268981,0.550108,0.263633,-1.401758,0.734564,1.012421,0.130538,0.380674,0.222791,0.926573,0.596354,0.368218,0.286822,0.163744,0.421502,-1.148640,1.023582,0.776455,-0.419021,-1.985477,0.551361,-0.815393,-0.673614,0.866885,0.237435,-0.910550,-0.245068,0.290006,0.350229,173.764794,1.081065,-1.651260,0.597350,0.235527,1.161937,-1.068257,-1.023198,0.580673,0.161317,0.291772,0.654371,0.723245,1.000433,-0.482064,0.618899
-0.356042,0.632687,0.373857,0.321617,0.505197,0.168985,-1.667768,0.394543,1.009872,0.214063,0.251539,0.376705,0.684571,0.775176,0.337886,0.232084,0.240883,0.544145,-1.580385,0.806091,0.524231,-0.491589,-1.909782,0.811015,-0.707971,-0.521647,0.872427,0.263487,0.099642,-0.558024,0.812475,0.180214,160.669664,1.393068,-1.726701,0.490818,0.244447,1.188112,-0.727017,-0.206690,0.255680,0.263538,0.429744,0.262637,0.836462,0.774636,-0.287481,0.606958
-0.182214,0.785705,1.750763,0.060214,0.485378,0.119455,-1.193323,0.403665,0.362646,0.035440,0.173874,0.347212,0.599433,0.011411,0.169612,0.086798,0.028287,0.567830,-1.250558,0.587792,0.074450,-0.260456,-1.501777,0.498180,-0.001826,-0.029890,0.872427,0.063249,-0.489047,-0.644898,0.123159,0.128005,634.435252,1.196628,-1.534028,0.040053,0.125709,1.459728,-0.283625,0.660706,0.086599,0.008289,0.264869,0.226373,0.260079,0.370660,0.175847,0.598820
-0.721506,0.693368,1.241657,0.180351,0.579161,0.215640,-1.181129,0.615632,0.087359,0.053876,0.288253,0.290034,0.870317,0.620148,0.338408,0.233872,0.181864,0.534004,-0.877638,0.963611,0.041682,-0.378337,-1.925911,0.189989,-0.868080,-0.650168,0.927979,0.195533,-0.851547,-0.644898,0.288180,0.268076,607.495995,0.815550,-1.639088,0.154616,0.196391,1.397873,-0.932616,-0.885724,0.558995,0.130688,0.200455,0.274128,0.789959,0.756544,-0.506499,0.506602
-0.721506,0.610559,0.309091,0.224903,0.562814,0.252784,-1.598654,0.672882,1.117751,0.118189,0.367737,0.198402,0.870317,0.620148,0.270772,0.299208,0.184715,0.534004,-1.620835,1.005542,0.943094,-0.378337,-2.071016,0.599900,-0.868080,-0.650168,0.927979,0.231395,-0.848732,-0.323163,0.290095,0.365771,173.929196,1.439548,-1.659423,0.606838,0.187078,1.012292,-0.932616,-1.074839,0.598340,0.174902,0.176980,0.703852,0.789959,0.442442,-0.506499,0.506602
-0.746123,0.694625,0.467682,0.285705,0.520944,0.155647,-1.628243,0.479900,1.067079,0.227943,0.362292,0.373501,0.702424,0.760304,0.300025,0.312685,0.372586,0.576832,-1.617478,0.815822,0.802362,-0.706747,-1.665861,1.292908,-0.852665,-1.229050,0.572025,0.376320,0.052162,-0.674392,1.005663,0.496679,180.010625,1.387651,-1.645617,0.474031,0.273349,1.364607,-0.712800,0.079273,0.153724,0.277263,0.406202,0.311648,1.529108,0.905280,-0.004636,0.753943
-0.146385,0.911204,2.817095,0.052328,0.461009,0.137032,-1.532033,0.407553,0.333535,0.030604,0.205845,0.415017,0.564106,0.014865,0.152104,0.127596,0.029776,0.576832,-1.333002,0.555577,0.082205,-0.104591,-1.068922,0.282296,-0.102687,-0.210735,0.759247,0.092058,-0.906293,-0.818978,0.122351,0.335290,876.356683,1.274216,-1.591139,0.068867,0.104281,1.539187,-0.281940,0.661842,0.151008,0.010929,0.192491,0.345231,0.190052,0.535552,0.443916,0.267210
-1.653469,0.769576,2.309099,0.190437,0.601908,0.222985,-1.271935,0.943113,-0.085370,0.105577,0.415043,0.697103,0.833581,0.403898,0.341610,0.305954,0.206484,1.402299,-0.957263,0.968070,0.038344,-0.176993,-1.671231,-0.054799,-0.998838,-0.872119,0.609228,0.240171,-1.261412,-0.818978,0.141606,0.364324,922.503422,0.833643,-1.793550,0.137603,0.270175,1.833781,-1.135633,-0.860003,0.607141,0.090481,0.299132,0.324421,0.891838,1.082456,-0.643727,0.973437
-1.653469,0.548674,0.306428,0.293037,0.508319,0.378826,-1.722600,1.000972,0.938249,0.129954,0.484353,0.458042,0.833581,0.403898,0.275453,0.270229,0.182480,1.402299,-1.826621,0.968070,1.052178,-0.002971,-2.020794,0.825435,-0.998838,-0.837943,0.713696,0.234474,-1.253593,-0.181677,0.233663,0.606366,183.406402,1.482943,-1.765984,0.547047,0.297748,1.208467,-1.292713,-0.954955,0.510483,0.177705,0.311231,0.728313,0.891838,0.717601,-0.643727,0.973437
-1.073762,0.658437,0.386538,0.369922,0.529247,0.297736,-1.733251,0.576021,0.938249,0.192166,0.560917,0.329818,0.846690,1.209269,0.344928,0.475205,0.390594,0.586651,-1.900781,0.821075,1.021197,-1.075013,-1.688509,1.837055,-1.033287,-1.380878,0.596772,0.352085,0.340223,-0.579782,1.066367,0.390868,169.660162,1.630610,-1.726914,0.511493,0.379856,1.450510,-0.611026,0.059994,0.193876,0.352865,0.229832,0.166630,2.311022,1.099227,-0.608358,0.938900
-0.406894,0.756284,2.505266,0.032692,0.443639,0.203288,-1.004168,0.413946,0.672020,0.024763,0.240447,0.423094,0.651915,0.025449,0.142539,0.162447,0.019458,0.532634,-0.957762,0.747249,0.082301,-0.075656,-1.228122,0.480708,-0.036141,-0.101767,0.735593,0.083388,-0.639822,-0.813964,0.132084,0.208357,813.237383,0.929711,-1.463552,0.068307,0.127186,1.523794,-0.306970,0.552621,0.189040,0.008204,0.186837,0.346894,0.209545,0.288127,-0.209822,0.460788
-0.496380,0.756076,2.510254,0.303467,0.584344,0.186924,-1.095307,0.517168,0.097472,0.050889,0.437410,0.538126,0.882815,0.471731,0.351471,0.258169,0.222210,1.072803,-0.834310,0.776060,0.391775,-0.181385,-1.673554,0.144061,-0.805718,-0.670448,0.604632,0.229479,-1.027480,-0.813964,0.184457,0.262997,986.060368,0.636210,-1.701789,0.188108,0.249239,1.741022,-0.636426,-0.771856,0.562818,0.092895,0.319419,0.332544,1.053889,0.671183,-0.604852,0.912364
-0.496380,0.534584,0.329502,0.418499,0.556615,0.281413,-1.604419,0.650321,0.919997,0.128850,0.446934,0.381967,0.882815,0.471731,0.225864,0.255252,0.187861,1.072803,-1.629833,0.926960,0.995538,-0.181385,-2.087126,0.754658,-0.805718,-0.670448,0.630136,0.234324,-1.027480,-0.150067,0.184457,0.551851,191.597385,1.408781,-1.584643,0.608095,0.279182,1.166994,-0.904795,-0.940362,0.531172,0.142313,0.287776,0.695414,1.053889,0.397428,-0.604852,0.912364
-0.639324,0.647434,0.536347,0.311572,0.513239,0.207224,-1.772368,0.509268,0.919997,0.257570,0.481075,0.417448,0.695449,0.912809,0.384327,0.374762,0.380306,0.945470,-1.987522,0.825886,0.880067,-0.929949,-1.691528,1.155771,-0.667897,-0.735244,0.927323,0.295658,-0.103255,-0.697463,0.895685,0.531129,214.033395,1.625147,-1.554547,0.506764,0.410729,1.377102,-0.648965,-0.205459,0.265605,0.307879,0.428314,0.307512,1.458025,0.773869,-0.279041,1.218366
-0.409897,0.937527,2.891454,0.056907,0.448506,0.175378,-1.300144,0.284487,0.321349,0.011987,0.234591,0.467691,0.549396,0.037985,0.167733,0.126476,0.028350,0.951622,-1.360742,0.571785,0.089030,-0.093526,-1.053438,0.270275,-0.076567,-0.088087,0.927323,0.043696,-0.824327,-0.764401,0.124741,0.461521,940.283743,1.219820,-1.572789,0.051214,0.115193,1.612967,-0.278805,0.739702,0.133205,0.011907,0.210996,0.273341,0.169254,0.374359,0.353708,0.271340
-0.706124,0.775696,2.278238,0.462005,0.592969,0.210408,-1.345831,0.497417,-0.126352,0.073200,0.622377,0.632033,0.854536,0.363077,0.332696,0.365042,0.245369,1.172707,-1.417051,0.810580,0.487772,-0.052501,-1.261798,-0.038402,-1.020759,-0.638060,0.696557,0.210584,-0.987647,-0.714943,0.184994,0.314287,935.296149,1.259921,-1.627797,0.165220,0.264183,1.639133,-0.618225,-0.902906,0.642988,0.080634,0.298370,0.256595,1.413475,0.550344,-0.772791,0.749169
-0.706124,0.567897,0.293701,0.569829,0.565401,0.207923,-1.544388,0.689624,0.865845,0.145230,0.586874,0.507445,0.854536,0.363077,0.242745,0.344382,0.232921,1.172707,-1.499145,0.896344,1.197183,-0.052501,-1.991484,0.949747,-1.020759,-0.638060,0.696557,0.234207,-0.987647,-0.225816,0.184994,0.337379,184.684372,1.244503,-1.663928,0.613623,0.314358,0.986689,-1.023479,-1.020228,0.541010,0.142248,0.290505,0.684137,1.413475,0.356549,-0.772791,0.749169
-0.954096,0.582858,0.318653,0.399004,0.561599,0.267002,-1.574116,0.529539,0.865845,0.294254,0.264094,0.389658,0.747486,0.938783,0.401874,0.284787,0.320732,0.576793,-1.569679,0.845056,0.906793,-0.542187,-1.559255,1.299417,-0.724954,-1.266906,0.953094,0.363917,0.003690,-0.690812,1.280388,0.287955,146.715112,1.392203,-1.763595,0.555414,0.331416,1.153915,-0.695714,-0.275180,0.260799,0.309932,0.415221,0.265714,0.813492,0.886837,-0.390115,0.815221
-0.265795,0.820258,2.223353,0.040224,0.449256,0.198322,-1.104811,0.348406,0.333495,0.016558,0.135273,0.418933,0.591236,0.021787,0.198739,0.067437,0.023186,0.598890,-1.004436,0.789589,0.064879,-0.244913,-1.012871,0.567633,-0.028984,-0.076677,0.953094,0.070687,-0.759667,-0.821475,0.125292,0.213064,719.383944,0.930230,-1.631052,0.056272,0.200742,1.689938,-0.296693,0.635345,0.164319,0.009322,0.187737,0.271956,0.212383,0.268302,0.102766,0.815221
-0.133102,0.751948,2.386870,0.152564,0.585455,0.282683,-1.349426,0.409456,-0.038686,0.060613,0.201171,0.356441,0.880578,0.396049,0.441945,0.212084,0.153880,0.617290,-1.379769,0.857239,0.219868,-0.443615,-1.401307,0.132360,-0.973960,-0.801559,0.850490,0.232750,-0.955316,-0.821475,0.261551,0.311232,987.167404,1.248602,-1.525718,0.183987,0.216813,1.625874,-0.546842,-0.747988,0.570078,0.096770,0.362944,0.282499,0.756140,0.607451,-0.725145,0.653490
-0.133102,0.544961,0.312722,0.332367,0.562199,0.262425,-1.408120,0.517244,0.794677,0.116783,0.313496,0.346391,0.880578,0.396049,0.354946,0.243388,0.178965,0.617290,-1.242064,0.908574,0.851694,-0.443615,-1.860790,0.879189,-0.973960,-0.801559,0.850490,0.238275,-0.955316,-0.262641,0.261551,0.575166,181.943751,1.064279,-1.673555,0.612911,0.250407,0.985274,-0.849772,-0.939279,0.538242,0.125171,0.380692,0.635396,0.756140,0.363275,-0.725145,0.653490
-0.898019,0.609794,0.352455,0.430508,0.560675,0.225401,-1.729514,0.570072,0.794677,0.330882,0.348286,0.310814,0.791332,1.280356,0.299062,0.588766,0.548682,0.748774,-1.844077,1.268013,0.779868,-0.750518,-1.697157,1.915052,-0.926891,-1.381257,0.550016,0.389027,-0.164268,-0.792489,1.897478,0.175802,160.355572,1.611280,-1.744665,0.558379,0.360202,1.280443,-0.708417,-0.379716,0.313247,0.358390,0.525298,0.296091,2.476138,1.026543,-0.309888,1.048975
-0.582131,0.786292,1.469054,0.080642,0.489679,0.225385,-1.279021,0.468190,0.107403,0.028339,0.248974,0.400408,0.784838,0.011034,0.128773,0.123316,0.070478,0.760407,-1.281514,1.268013,0.136678,-0.330462,-1.320252,0.710658,-0.069669,-0.114499,0.787516,0.111119,-0.827427,-0.736301,0.153837,0.226169,501.215783,1.173426,-1.627894,0.072439,0.215600,1.527157,-0.299057,0.645623,0.108143,0.014938,0.207615,0.243012,0.659875,0.481980,0.085070,1.048975
-0.974202,0.701575,1.368898,0.166752,0.582615,0.273391,-1.333648,0.682432,-0.136318,0.079929,0.402133,0.385105,0.925724,0.577285,0.365004,0.257292,0.202728,0.485124,-0.997475,0.904067,0.041950,-0.392356,-1.184009,0.214594,-1.025873,-0.791930,0.824633,0.217327,-1.208326,-0.736301,0.116223,0.551541,571.593466,0.870956,-1.674136,0.150590,0.193072,1.533173,-0.875934,-0.718972,0.503611,0.117461,0.308981,0.348049,0.863861,1.107646,-0.791678,0.633773
-0.974202,0.580382,0.289171,0.225174,0.593722,0.345018,-1.628196,0.756049,0.744891,0.154994,0.475308,0.317191,0.925724,0.577285,0.375268,0.367505,0.236068,0.540603,-1.658037,1.017993,0.838711,-0.344924,-1.816911,0.412377,-1.025873,-0.791930,0.874696,0.242133,-1.208326,-0.292573,0.339404,0.897320,171.070961,1.441961,-1.827399,0.639287,0.224688,1.119767,-1.039918,-0.991029,0.585484,0.163541,0.333946,0.737869,0.863861,1.107646,-0.791678,0.633773
-0.623960,0.594574,0.328916,0.388055,0.569019,0.263592,-1.667768,0.538314,0.744891,0.240329,0.301376,0.476431,0.774016,0.960174,0.318952,0.390063,0.375512,0.559186,-1.714854,0.816859,0.838711,-0.799739,-1.615613,1.449678,-0.991773,-1.383530,0.455927,0.398111,-0.112352,-0.725117,1.087435,0.334846,151.775807,1.503520,-1.915351,0.581172,0.346750,1.244560,-0.858499,-0.540055,0.338783,0.312915,0.612162,0.240405,1.133002,0.936843,-0.303123,1.114291
-0.500252,0.835122,1.959898,0.075378,0.474754,0.234356,-1.108782,0.404017,0.304857,0.033155,0.221674,0.493729,0.677018,0.051672,0.196734,0.148835,0.064247,0.613535,-1.206342,0.773632,0.089467,-0.205094,-1.144209,0.609154,-0.068928,-0.198836,0.825877,0.112838,-0.827701,-0.890096,0.127534,0.201030,662.402402,1.028734,-1.697452,0.077587,0.189610,1.495722,-0.313592,0.629859,0.169285,0.014552,0.262777,0.307765,0.532738,0.493507,0.139300,0.985132
-0.360184,0.761954,1.768924,0.117593,0.593948,0.343438,-1.058262,0.498346,-0.059545,0.058802,0.219730,0.350329,0.863169,0.441280,0.373278,0.208111,0.177118,0.596024,-0.759221,0.882157,0.083940,-0.399333,-1.121509,0.291009,-0.844340,-0.824686,0.772858,0.209980,-1.067501,-0.890096,0.274343,0.334662,739.805568,0.652128,-1.613221,0.166919,0.221170,1.520228,-0.612230,-0.761169,0.566352,0.111607,0.279439,0.296529,0.797143,0.917181,-1.032481,0.411774
-0.360184,0.589834,0.308848,0.290228,0.558485,0.303953,-1.572467,0.556108,0.778648,0.110273,0.270508,0.228936,0.863169,0.441280,0.370910,0.397112,0.299699,0.292718,-1.531560,1.034354,0.607685,-0.465420,-1.423765,1.143093,-0.844340,-0.824686,0.772858,0.215185,-1.067501,-0.339112,0.274343,0.622156,184.967222,1.387087,-1.564208,0.604395,0.236911,0.998781,-0.886355,-1.013630,0.564276,0.134893,0.290636,0.680181,0.797143,0.917181,-1.032481,0.411774
-0.871480,0.600701,0.423977,0.507122,0.544248,0.266554,-1.638683,0.505001,0.778648,0.229986,0.330846,0.422398,0.868145,1.081342,0.309399,0.365902,0.297942,0.389344,-1.712391,0.995385,0.638261,-0.481758,-1.524075,1.178264,-0.724999,-1.110371,0.664565,0.334887,-0.003210,-0.575236,1.064900,0.349249,176.694109,1.426350,-1.636786,0.545666,0.298093,0.338783,-0.712502,-0.518544,0.333904,0.306336,0.339698,0.178839,1.046634,0.680708,-0.618117,0.900675
-0.380948,0.796154,1.842496,0.070509,0.461769,0.263932,-1.111925,0.308483,0.417818,0.026837,0.219447,0.511185,0.843175,-0.000164,0.191965,0.103516,0.054868,0.718800,-1.141109,0.995385,0.086344,-0.481758,-1.189582,0.609734,-0.020453,-0.119253,0.675302,0.104211,-0.667251,-0.830658,0.154075,0.211115,628.499743,1.080915,-1.390704,0.092948,0.212076,1.279285,-0.304603,0.616775,0.154452,0.010959,0.217974,0.273376,0.564614,0.249974,-0.331625,0.900675
-0.612934,0.766209,1.410745,0.220095,0.580026,0.188516,-1.442958,0.482126,-0.025557,0.044702,0.398797,0.340990,0.931360,0.608477,0.357735,0.260372,0.198612,0.536946,-1.351682,1.033925,0.080370,-0.612616,-1.841517,0.220861,-0.707965,-0.806331,0.863744,0.228411,-0.848542,-0.830658,0.178329,0.252747,621.164765,1.252516,-1.566280,0.190978,0.208018,1.148265,-0.867729,-0.922998,0.622374,0.131713,0.271851,0.261737,0.951671,0.718869,-0.877565,0.482365
-0.612934,0.635958,0.304710,0.295699,0.566839,0.287994,-1.550985,0.544614,0.837599,0.197270,0.423960,0.321052,0.931360,0.608477,0.348705,0.300674,0.261726,0.344075,-1.458143,1.054279,0.988756,-0.612616,-1.931983,0.506491,-0.707965,-0.806331,0.863744,0.315443,-0.844036,-0.512039,0.333839,0.282484,175.688541,1.136497,-1.596586,0.624448,0.251300,1.083594,-0.949521,-1.129717,0.632009,0.207012,0.280258,0.615982,0.951671,0.718869,-0.877565,0.482365
-0.321195,0.617245,0.463227,0.318762,0.472785,0.175208,-1.537122,0.345077,0.837163,0.275846,0.319126,0.270884,0.613947,1.203018,0.371485,0.334612,0.356465,0.660358,-1.516508,0.766243,0.988756,-0.547024,-1.715400,0.771879,-0.709781,-0.626388,0.991709,0.286918,-0.133538,-0.620407,0.499406,0.230387,199.413526,1.152669,-1.590037,0.465880,0.336808,1.317190,-0.860246,-0.470396,0.325993,0.299860,0.344306,0.292987,1.789052,0.267130,-0.404275,0.725993
0.041540,0.911989,2.495726,0.022534,0.421124,0.321834,-0.991978,0.273632,0.108791,0.030667,0.083451,0.298272,0.524923,0.017212,0.216953,0.062349,0.018544,0.660358,-1.068309,0.566898,0.086346,-0.029787,-1.066824,0.457016,-0.019750,-0.100449,0.991709,0.089966,-0.755014,-0.610787,0.130880,0.076811,785.028877,0.945799,-1.394015,0.031643,0.066668,1.595875,-0.292867,0.736007,0.098923,0.007207,0.121172,0.234161,0.172896,0.345923,0.530976,0.521426
-0.139361,0.698016,0.887018,0.202430,0.511244,0.187446,-1.480774,0.481722,0.663568,0.062995,0.287641,0.212459,0.840664,0.303647,0.312738,0.228997,0.155894,0.214958,-1.555813,0.950838,0.828905,-0.343371,-1.836281,0.758145,-0.689834,-0.722112,0.738894,0.190052,-0.816236,-0.303109,0.208225,0.254808,392.175539,1.418486,-1.757375,0.458815,0.165016,1.783994,-0.828907,-0.963265,0.744862,0.100425,0.255728,0.546292,0.577802,0.429018,-0.487276,0.312034
-0.624275,0.870709,0.339654,0.106287,0.402426,0.185691,-1.404600,0.307796,0.428025,0.112759,0.188908,0.394024,0.536463,0.579482,0.250209,0.181497,0.137532,0.801274,-1.035944,0.728463,0.081789,-0.322743,-1.513232,0.688998,-0.586029,-0.241114,0.670911,0.120469,-0.080242,-0.412180,0.839049,0.100484,195.658579,0.807730,-1.633426,0.063516,0.151607,1.195497,-0.283426,0.829302,0.033153,0.130428,0.359334,0.156898,0.921652,0.361801,-0.159093,0.385240
0.644715,1.056483,0.343095,0.003347,0.295548,0.052688,-0.767780,0.031880,-0.613752,0.006745,0.018354,0.038611,0.308486,-0.005902,0.019916,0.008752,0.002598,0.001195,-0.857658,0.536006,0.078325,0.143591,-0.969139,0.084266,0.068196,0.030086,0.312705,0.032505,-0.679067,-0.272177,0.118864,0.226859,162.420694,0.780622,-1.506048,0.006420,0.031711,1.264118,-0.276343,1.004149,0.032165,0.001400,0.053608,0.017550,0.110194,0.193976,0.551136,0.110484
0.760758,1.115860,0.385736,0.005339,0.288692,0.264726,-0.728188,0.030488,-0.424002,0.007907,0.040160,0.194674,0.303997,-0.001005,0.060063,0.045768,0.011598,0.538398,-0.871326,0.557481,0.102914,0.060618,-0.820869,0.163360,0.055458,0.005271,0.426643,0.026640,-0.709650,-0.149935,0.125458,0.253556,174.138189,0.771124,-1.612557,0.006604,0.067993,1.139358,-0.282910,1.076581,0.012622,0.002037,0.191140,0.092321,0.122441,0.185128,0.525427,0.253921
-0.042766,0.701566,2.984886,0.444651,0.469921,0.158871,-1.312084,0.342300,-0.237387,0.049328,0.287947,0.309741,0.683312,0.141709,0.210542,0.249709,0.163401,0.343403,-1.300563,0.650799,0.353124,0.057462,-1.466869,-0.018062,-0.715463,-0.446563,0.618007,0.156064,-0.638713,-0.202065,0.136099,0.944687,1169.719001,1.143252,-1.636279,0.126510,0.196733,1.930400,-0.379272,-0.405309,0.464213,0.035783,0.436438,0.086587,1.080866,0.261433,-0.147699,0.626988
-0.042766,0.603606,2.167776,0.435714,0.442242,0.157021,-1.598413,0.392852,0.261265,0.049957,0.453573,0.430469,0.683312,0.141709,0.228553,0.321415,0.204376,0.343403,-1.608703,0.710101,0.996045,0.057462,-1.604262,-0.295551,-0.715463,-0.446563,0.618007,0.160653,-0.638713,-0.142166,0.136099,0.901992,914.664857,1.365891,-1.672159,0.188007,0.192463,1.829973,-0.649780,-0.801881,0.645140,0.074507,0.348165,0.260567,1.080866,0.261433,-0.731619,0.626988
-0.042766,0.500406,0.270532,0.441744,0.392981,0.139312,-1.657746,0.557034,0.845457,0.059188,0.330259,0.355644,0.683312,0.141709,0.144732,0.213439,0.164340,0.343403,-1.729355,0.710101,0.996045,0.305594,-1.988023,0.459824,-0.715463,-0.446563,0.618007,0.167600,-0.638713,0.066241,0.114943,1.131989,132.090515,1.502883,-1.684671,0.399981,0.273178,1.009830,-0.686328,-0.813252,0.372201,0.085312,0.357520,0.474308,1.080866,0.430288,-0.731619,0.626988
-0.363334,0.536032,0.272664,0.534932,0.372403,0.084064,-1.654334,0.627980,0.900680,0.127739,0.454619,0.212826,0.564998,0.141709,0.117304,0.288247,0.218927,0.546260,-1.774916,0.710101,0.996045,0.097264,-1.863224,0.920688,-0.353889,-0.273472,0.519611,0.111246,-0.358659,-0.427955,0.114943,1.010835,133.113622,1.535252,-1.609869,0.381404,0.258099,1.075008,-0.686328,-0.813252,0.398364,0.084459,0.166789,0.410208,1.080866,0.519300,-0.731619,0.476688
-0.652046,0.681341,0.619116,0.358527,0.375714,0.544472,-0.953383,0.465082,0.291922,0.242262,0.620422,0.700697,0.720885,0.518372,0.407926,0.476927,0.184471,1.108218,-1.033550,0.932155,0.316964,-1.460896,-1.425093,0.689566,-1.447879,-1.386410,0.746540,0.399475,-0.237171,-1.158326,0.371819,0.215577,231.948212,0.995762,-1.625112,0.137684,0.492854,1.396425,-0.726327,0.520778,0.114198,0.196581,0.540496,0.146540,0.985035,0.718664,-0.177595,1.192893
0.662947,0.768387,0.369702,0.025493,0.347804,0.281097,-1.042921,0.300698,-0.030839,0.037496,0.135632,0.541196,0.432251,-0.002308,0.231373,0.084729,0.017506,0.499007,-1.135138,0.579315,0.033319,-0.500178,-1.571735,-0.172668,-0.028136,-0.109091,0.746540,0.106119,-0.237171,-0.482812,0.122393,0.600480,162.302994,0.972388,-1.489871,0.057473,0.152415,1.349146,-0.306810,0.592816,0.069117,0.005946,0.286602,0.049101,0.191824,0.356567,0.402876,0.825395
0.720152,0.695249,0.386786,0.170431,0.372351,0.502258,-1.687370,0.526397,0.078505,0.047632,0.308719,0.562943,0.441852,0.050600,0.404940,0.180790,0.155769,0.399418,-1.742192,0.646254,0.023467,-0.500178,-1.547542,1.635744,-1.232719,-0.281900,1.212263,0.100635,-0.234836,-0.355079,0.126718,0.608927,197.769291,1.605216,-1.519914,0.051632,0.214055,1.355103,-0.460573,0.213200,0.159056,0.014227,0.271307,0.069521,0.807418,0.356567,0.402876,0.558524
1.191611,0.477279,0.389142,0.451884,0.297078,0.585821,-1.692528,0.438849,0.078505,0.066362,0.385012,0.396237,0.441852,0.681036,0.439005,0.508110,0.416297,0.399418,-1.796099,0.715423,0.386704,-0.735312,-1.715867,1.952963,-1.232719,-0.281900,1.212263,0.123951,-0.277195,-0.458581,0.323143,0.573118,195.214859,1.622449,-1.434995,0.128388,0.243623,1.285161,-0.613595,0.157755,0.217720,0.147684,0.355372,0.090236,1.330458,0.266741,-0.413971,0.558524
1.405695,0.524298,0.341543,0.490847,0.190098,0.260480,-1.437749,0.492126,0.078505,0.085077,0.524297,0.417824,0.316266,0.681036,0.391972,0.484197,0.420646,0.400295,-1.326826,0.778499,0.386704,-0.735312,-1.663606,1.952963,-1.058245,-1.239502,0.929258,0.173728,-0.505640,-0.653445,0.323143,0.380758,143.894789,1.073335,-1.181121,0.069057,0.212713,1.396420,-0.613595,0.157755,0.279618,0.167153,0.242135,0.184589,1.330458,0.600001,-0.413971,0.493233
1.405695,0.800638,2.767399,0.091330,0.262100,0.259106,-1.643510,0.084490,-0.268107,0.047454,0.346497,0.383448,0.510294,0.113747,0.300929,0.268394,0.047675,0.400295,-1.868561,0.778499,0.137472,-0.452559,-1.606190,0.367578,-0.051186,-1.239502,0.929258,0.167051,-0.505640,-0.653445,0.233484,0.329479,719.223946,1.594569,-1.443994,0.066572,0.141434,1.951176,-0.453213,0.514517,0.076395,0.035045,0.167713,0.070648,0.202864,0.888387,0.244293,0.493233
1.405695,0.695753,2.458480,0.130414,0.424002,0.361848,-1.489677,0.326547,1.280962,0.112490,0.130603,0.257319,0.840458,0.434007,0.253489,0.161210,0.173774,0.358825,-1.458029,0.733993,0.128028,-0.076816,-1.668885,0.871950,-0.662082,-1.115712,0.929258,0.259919,-0.505640,-0.241031,0.557886,0.782039,791.504073,1.277559,-1.657694,0.225029,0.234869,1.973227,-0.455662,-0.943113,0.591212,0.109307,0.198349,0.585830,0.757558,0.888387,-0.601129,0.802366
0.306544,0.533701,1.283474,0.237193,0.454672,0.318310,-1.543177,0.672995,1.577003,0.182612,0.182033,0.263518,0.840458,0.434007,0.245734,0.223869,0.201287,0.542330,-1.426165,0.775509,0.758842,-0.076816,-1.422123,0.944189,-0.662082,-1.115712,0.786990,0.268022,-0.329003,-0.251997,0.557886,0.598583,437.315380,1.346540,-1.763548,0.497665,0.241221,1.622537,-0.536382,-0.950998,0.574013,0.164065,0.190848,0.675755,0.757558,0.735283,-0.601129,0.802366
-0.144374,0.348166,0.383485,0.237290,0.474121,0.282019,-1.753972,0.381153,1.577003,0.416292,0.472170,0.407675,0.796546,0.993015,0.391520,0.402844,0.419611,0.613487,-1.878748,0.813672,0.758842,-1.225045,-2.040057,2.114348,-0.829521,-1.384888,0.651669,0.434364,0.418680,-1.154162,2.426971,0.633126,137.879069,1.534988,-1.775221,0.454998,0.411479,1.292214,-0.533607,-0.607914,0.303822,0.335815,0.688429,0.379923,1.885230,0.940985,-0.478463,1.010291
-0.144374,0.661742,3.134013,0.153883,0.507248,0.188925,-1.610822,0.542276,0.956195,0.082813,0.442551,0.508192,0.796546,0.843711,0.300730,0.274853,0.204900,0.583646,-1.650542,0.805704,0.131015,-1.015628,-1.652155,0.877564,-0.333913,-0.337169,1.113645,0.244229,-0.587391,-1.046026,0.218911,0.240387,910.093176,1.421465,-1.504763,0.092824,0.420280,0.895349,-0.294975,0.361880,0.244031,0.112004,0.459449,0.439531,1.067098,0.636003,-0.478463,1.010291
-1.709357,0.742786,3.468968,0.300349,0.645793,0.345903,-1.523960,1.019571,0.388742,0.179995,0.468123,0.635781,1.071458,1.204132,0.602189,0.401278,0.335914,1.039664,-1.351570,0.666141,0.115447,-0.499960,-1.381982,0.268058,-1.360276,-1.205863,1.113645,0.296357,-1.075681,-1.046026,0.480168,0.430202,1298.280763,1.103158,-1.655634,0.198405,0.280826,2.028872,-0.951776,-0.700723,0.467014,0.224202,0.276268,0.466115,1.330194,1.483289,-1.625067,1.065594
-1.709357,0.743654,1.180858,0.415603,0.755906,0.362476,-1.675483,1.018735,1.198264,0.228410,0.526722,0.620392,1.071458,1.204132,0.642093,0.462582,0.338027,1.237148,-1.694240,0.940688,0.949257,-0.499960,-1.692185,0.621721,-1.360276,-1.205863,1.294340,0.330816,-1.075681,-0.648676,0.480168,0.808407,479.280629,1.483204,-1.709674,0.804395,0.329548,1.046108,-1.125022,-1.158153,0.806485,0.237910,0.267124,0.831951,1.330194,1.483289,-1.625067,1.065594
-0.941457,0.583313,0.332939,0.678858,0.827728,0.348045,-1.581989,0.670724,1.198264,0.530673,0.620873,0.276355,1.148727,0.815448,0.670006,0.751502,0.587908,0.571980,-1.589276,0.973677,0.927249,-1.330008,-1.677947,3.038687,-1.265114,-1.415156,1.294340,0.688759,0.468935,-1.364326,2.442545,0.429853,147.789943,1.468010,-1.767130,0.865644,0.666431,1.139011,-1.090945,-1.131726,0.640577,0.481061,0.413204,0.196264,1.278328,1.711972,-1.140975,1.813411
-0.941457,0.557663,1.206587,0.524932,0.629765,0.376710,-1.502206,0.673465,0.818135,0.448918,0.624672,0.772198,1.148727,0.815448,0.677923,0.767818,0.476731,1.189485,-1.329427,0.739852,0.241790,-1.330008,-1.757165,3.038687,-1.265114,-1.415156,1.262286,0.489239,-0.588804,-1.364326,2.442545,0.213857,439.960775,1.132856,-1.546239,0.222464,0.628078,1.443032,-0.341416,0.306863,0.211450,0.231159,0.605479,0.411337,1.278328,1.711972,-1.140975,1.813411
-1.513982,0.629099,1.271357,0.300665,0.650141,0.473759,-1.713590,0.898016,0.550800,0.165700,0.560666,0.887339,1.090049,1.235597,0.642632,0.517387,0.328920,1.717812,-1.643222,0.585441,0.101951,-0.457939,-1.703128,0.411732,-1.346029,-1.384479,1.262286,0.332359,-1.163115,-1.310651,0.300321,0.531806,578.155919,1.455862,-1.770455,0.217083,0.304492,1.637291,-1.103953,-0.814706,0.463165,0.254303,0.517631,0.468472,1.335257,1.148993,-1.029493,1.292093
-1.513982,0.683646,0.635096,0.367945,0.756617,0.295593,-1.616838,0.930592,1.010889,0.268355,0.635086,0.678712,1.090049,1.235597,0.672223,0.577891,0.346324,1.717812,-1.418832,1.043218,1.066137,-0.457939,-1.809014,0.730118,-1.346029,-1.384479,1.308345,0.383276,-1.163115,-0.732168,0.344559,0.829303,310.149860,1.251859,-1.755842,0.807152,0.338535,1.314602,-1.103953,-1.098112,0.749837,0.261552,0.429631,0.770537,1.335257,1.148993,-1.193375,1.292093
-0.528169,0.489450,0.339597,0.557606,0.772400,0.492817,-1.874669,0.527742,1.010889,0.487217,0.544656,0.337343,1.086695,1.248042,0.664326,0.587209,0.516770,0.886609,-2.068216,0.982010,1.066137,-2.208841,-1.606784,1.873054,-1.459284,-1.411871,1.308345,0.670108,0.056033,-1.320890,1.735528,0.354903,155.231898,1.748252,-1.608508,0.812608,0.618565,1.130700,-1.085841,-0.998841,0.531377,0.443224,0.293268,0.214003,1.693577,1.383491,-1.077173,1.896543
-0.528169,0.586212,1.708261,0.407879,0.596028,0.337215,-1.239536,0.555858,0.678107,0.350781,0.474941,0.707400,1.086695,1.248042,0.640484,0.556256,0.400476,1.349012,-0.621063,0.982010,0.157478,-2.208841,-1.725543,1.873054,-1.459284,-1.411871,1.369029,0.430601,-0.738989,-1.320890,1.735528,0.329633,610.550411,0.581246,-1.522423,0.181680,0.567387,1.832974,-0.323514,0.325338,0.222837,0.243862,0.327148,0.409040,1.693577,1.383491,-0.637952,1.896543
-1.810326,0.649648,1.923883,0.321495,0.643408,0.489521,-1.641740,1.036691,0.149331,0.193470,0.566822,0.802468,1.095967,1.130970,0.645742,0.412889,0.291684,1.349012,-1.508046,0.545828,0.085789,-0.469177,-1.524382,0.216550,-1.309179,-1.214313,1.369029,0.284005,-1.190548,-1.267905,0.367403,0.881670,854.384250,1.353886,-1.807008,0.191387,0.272422,1.871228,-0.872180,-0.713009,0.447444,0.209495,0.585289,0.409125,1.384102,1.300056,-1.217294,1.121221
-1.810326,0.717486,0.838566,0.505557,0.752637,0.430295,-1.545700,1.080578,1.099435,0.230285,0.613742,0.675540,1.095967,1.130970,0.588537,0.479294,0.302876,1.488588,-1.375994,0.993769,0.670502,-0.469177,-1.435478,0.952930,-1.309179,-1.214313,1.068297,0.327948,-1.190548,-0.652990,0.367403,1.094833,393.532864,1.195778,-1.363091,0.805489,0.371185,1.290559,-1.136709,-1.113021,0.765302,0.243624,0.633609,0.850023,1.384102,1.300056,-1.217294,1.121221
-0.810045,0.550713,0.447408,0.609214,0.821554,0.412269,-1.698351,0.702150,1.099435,0.392936,0.548381,0.533189,1.288305,1.904363,0.692978,0.709972,0.513343,0.671788,-1.903488,1.279938,0.750953,-1.004626,-1.566534,1.670709,-2.012812,-1.389202,1.068297,0.640488,0.246764,-0.925374,1.313585,0.593501,186.702404,1.533080,-1.899771,0.871640,0.540224,1.417695,-1.136709,-1.048660,0.611568,0.541853,0.345200,0.216648,1.609716,1.334049,-0.333457,1.144542
-0.810045,0.502444,1.275387,0.358201,0.605274,0.374316,-0.964286,0.601461,0.752958,0.196387,0.528632,0.690253,1.288305,1.904363,0.688988,0.683508,0.290783,0.693059,-0.405122,1.279938,0.094511,-1.004626,-1.648185,1.670709,-2.012812,-1.389202,1.089186,0.399108,-0.562933,-1.114890,1.313585,0.670693,448.921178,0.343605,-1.544049,0.232257,0.451151,1.580508,-0.311424,0.241710,0.210915,0.269542,0.493702,0.365869,1.609716,1.334049,-0.333457,1.144542
-0.773209,0.604208,1.053963,0.291884,0.618021,0.358676,-1.483548,0.612480,0.223136,0.098378,0.450475,0.656284,0.999811,0.970840,0.602739,0.363641,0.314328,0.955238,-1.442301,0.711269,0.352932,-0.571364,-1.480503,0.516997,-1.339828,-1.283560,1.089186,0.268833,-1.150197,-1.114890,0.316684,0.540706,463.448200,1.256237,-1.556010,0.207060,0.227366,1.558629,-0.811135,-0.855813,0.481125,0.217180,0.426761,0.458203,1.373969,1.359829,-1.361371,0.591555
-0.773209,0.694484,0.333770,0.406252,0.744145,0.324954,-1.577312,0.701518,0.904072,0.227178,0.575109,0.448455,0.999811,0.970840,0.591092,0.570324,0.498089,0.955238,-1.553814,1.114467,1.079873,-1.273890,-1.208155,1.427840,-1.339828,-1.283560,1.052077,0.328941,-1.150197,-0.594103,0.362674,0.755496,177.366060,1.384142,-1.621379,0.803765,0.326107,1.196994,-1.061293,-1.142810,0.722183,0.243141,0.288303,0.758036,1.373969,1.359829,-1.361371,1.007277
0.093050,0.534991,0.330786,0.732186,0.726173,0.583807,-1.612064,0.431241,0.904072,0.502258,0.764935,0.589647,1.061979,1.309076,0.530784,0.871393,0.705682,1.007620,-1.894079,1.455577,0.541842,-2.043262,-1.442941,1.712699,-1.828700,-1.432304,0.952546,0.723439,0.189625,-1.264121,2.093586,0.312523,140.222315,1.654473,-1.826105,0.783188,0.847941,1.075526,-1.061293,-1.047617,0.511250,0.447637,0.432971,0.217944,3.158068,1.189502,-2.206604,2.011120
0.095684,0.628093,1.011586,0.101871,0.506325,0.543902,-1.360530,0.403521,0.573812,0.082305,0.454239,0.464397,1.028259,0.091703,0.427043,0.344094,0.173523,1.007620,-1.283650,1.455577,0.262420,-2.043262,-1.867873,0.387043,-0.140694,-1.432304,1.173681,0.365843,-0.739465,-0.879740,0.804879,0.427031,382.630081,1.117477,-1.438449,0.134760,0.713946,1.266369,-0.339477,0.411578,0.162613,0.021267,0.398997,0.338914,0.298590,0.758154,-2.072128,2.011120
-1.287569,0.670234,1.290699,0.405859,0.581091,0.425416,-1.471107,1.024419,0.099905,0.141311,0.487387,0.617156,0.952017,0.777625,0.549738,0.287409,0.289248,0.561850,-1.450718,0.715471,0.065263,-0.710750,-1.644391,0.655180,-1.155147,-1.099590,1.173681,0.269916,-1.263085,-0.732706,0.221005,0.807312,580.423300,1.237630,-1.739671,0.154944,0.244952,1.403982,-0.756841,-0.842355,0.456134,0.169835,0.311977,0.459070,1.140652,1.360535,-1.393051,0.801175
-1.287569,0.701048,0.445020,0.444492,0.667633,0.321340,-1.477726,0.954702,0.728123,0.172912,0.564696,0.708161,0.952017,0.777625,0.582026,0.597359,0.461468,0.561850,-1.421326,1.064655,0.857320,-0.987541,-1.328997,1.792618,-1.155147,-1.099590,0.995691,0.303392,-1.263085,-0.392147,0.280767,1.111646,229.061061,1.180592,-1.779837,0.715677,0.346762,1.422012,-1.122749,-1.209145,0.700424,0.210649,0.324282,0.772660,1.140652,1.360535,-1.393051,0.801175
0.317982,0.508793,0.349237,0.717492,0.673421,0.768504,-1.772986,0.335505,0.882850,0.340133,0.692585,0.569231,1.185337,0.993066,0.730179,1.215533,0.533539,0.889641,-1.990870,1.611237,0.600042,-2.123800,-1.728808,2.157996,-2.412451,-1.435253,0.950185,0.614838,0.424653,-0.808926,2.269418,0.488077,143.425578,1.725614,-1.540108,0.722551,0.743849,1.247965,-1.012689,-0.923464,0.481287,0.366833,0.352058,0.137995,2.949314,1.102614,-1.346132,2.024411
0.335019,0.622197,1.675340,0.213334,0.517625,0.603903,-1.125646,0.296209,0.882850,0.109563,0.531513,0.423093,1.073146,0.159407,0.430798,0.222195,0.127120,0.390878,-0.523754,1.611237,0.533173,-2.123800,-1.562539,0.816826,-0.350240,-1.435253,1.302417,0.372546,-0.632439,-0.808926,0.468098,0.752522,584.580581,0.322472,-1.680893,0.120880,0.702890,1.786290,-0.277619,0.385000,0.175712,0.045186,0.402293,0.378043,0.567888,0.499727,-1.346132,2.024411
-1.877850,0.681626,2.216577,0.455596,0.596351,0.431592,-1.549023,1.134815,0.289140,0.146020,0.868980,0.717175,0.999397,1.022019,0.638366,0.408214,0.295139,1.235645,-1.110399,0.649789,0.397496,-0.995646,-1.982241,0.457352,-0.888975,-1.087720,1.302417,0.212367,-1.289437,-0.792118,0.167235,1.017800,976.708368,0.795309,-1.776731,0.141810,0.363585,1.768488,-0.751738,-0.509502,0.312024,0.208724,0.290911,0.565369,1.378723,1.413376,-0.751596,1.432307
-1.877850,0.704564,1.065001,0.550462,0.676381,0.371727,-1.608217,1.221219,1.226028,0.169201,0.907264,0.778835,0.999397,1.022019,0.643105,0.534713,0.374416,1.235645,-1.395412,0.929726,0.636978,-0.995646,-1.983399,2.006121,-0.888975,-1.087720,1.188529,0.248476,-1.289437,-0.450560,0.264901,1.197918,492.169310,1.097621,-1.688690,0.723364,0.466106,1.724331,-1.295892,-1.085943,0.735656,0.259841,0.316314,0.923018,1.378723,1.413376,-1.471677,1.432307
-0.419828,0.570586,0.427530,0.726169,0.806058,0.419960,-1.580321,0.647121,1.226028,0.440552,0.700072,0.527305,1.216175,1.233765,0.754887,0.968215,0.591858,1.138524,-1.575180,1.193391,0.806722,-1.834847,-1.814783,2.006121,-2.168581,-1.426026,1.188529,0.676219,0.509505,-0.896343,2.413527,0.856377,174.346265,1.442696,-1.766904,0.835040,0.765083,0.972273,-1.069133,-1.005642,0.619541,0.433194,0.333607,0.190787,2.023032,1.289589,-1.366058,2.013090
-0.419828,0.550878,1.739268,0.393324,0.601710,0.402732,-1.310991,0.421984,0.935866,0.364899,0.612955,0.585032,1.216175,1.233765,0.741289,0.918749,0.376733,1.138524,-1.015277,1.193391,0.074590,-1.834847,-2.009128,1.953889,-2.168581,-1.426026,1.237478,0.417755,-0.340043,-1.091257,2.413527,0.520059,627.048776,0.939327,-1.621390,0.201126,0.662308,1.424478,-0.306320,0.299332,0.194004,0.232197,0.433536,0.358575,2.023032,1.289589,-1.366058,2.013090
-1.710003,0.628434,1.556906,0.296994,0.635835,0.417310,-1.581781,0.932395,0.437649,0.151154,0.559541,0.553270,1.033953,1.086358,0.617193,0.405045,0.316742,0.855765,-1.765187,0.592903,0.074590,-0.634173,-1.833977,0.314878,-1.414277,-1.294782,1.237478,0.277680,-1.108762,-1.091257,0.137931,0.688650,713.416105,1.387105,-1.708167,0.190724,0.328894,1.434285,-0.970748,-0.709277,0.413481,0.211314,0.339030,0.510450,1.273924,1.006000,-1.131511,1.221883
-1.710003,0.719776,0.542967,0.372188,0.746504,0.456642,-1.534624,1.019955,1.174539,0.218480,0.607258,0.613731,1.033953,1.086358,0.636920,0.559980,0.359194,0.855765,-1.514715,1.115327,0.820562,-0.634173,-1.726030,0.887498,-1.414277,-1.294782,1.312992,0.329317,-1.108762,-0.769526,0.429879,0.807114,272.718647,1.216972,-1.537095,0.801333,0.383428,1.290288,-1.134929,-1.121140,0.773285,0.244644,0.341512,0.822757,1.273924,1.006000,-1.301781,1.221883
-0.804576,0.574779,0.391527,0.614213,0.828716,0.531180,-1.633824,0.685432,1.174539,0.542292,0.584548,0.546339,1.190714,1.121623,0.626928,0.959882,0.520534,0.846266,-1.429365,1.068150,1.030041,-1.572558,-1.491481,2.590830,-1.694680,-1.403663,1.312992,0.696825,0.206994,-1.194344,2.468152,0.822513,167.658711,1.270749,-1.792809,0.868535,0.612465,1.125306,-1.099820,-1.093244,0.631130,0.496781,0.503954,0.233519,1.867050,1.093308,-1.121135,1.556902
-0.804576,0.544047,1.739196,0.432947,0.613811,0.372751,-1.244141,0.656468,0.722563,0.411341,0.569727,0.821757,1.190714,1.121623,0.620215,0.923883,0.381054,0.846266,-1.173743,0.865826,0.063154,-1.572558,-1.641890,2.590830,-1.694680,-1.403663,1.103318,0.444867,-0.688118,-1.194344,2.468152,0.238683,574.166064,1.097757,-1.549414,0.218491,0.462295,1.494787,-0.377530,0.269370,0.206925,0.260986,0.404521,0.426160,1.867050,1.093308,-1.121135,1.556902
-1.742969,0.611767,1.704588,0.336882,0.632380,0.404908,-1.628912,0.978782,0.190640,0.169244,0.561624,0.859737,1.070572,1.263740,0.639525,0.461603,0.356526,1.657946,-1.601456,0.734126,0.145553,-0.572775,-1.501856,0.269104,-1.712109,-1.398697,1.103318,0.300119,-1.245435,-1.156634,0.252384,0.417587,726.508832,1.448950,-1.588391,0.199286,0.290369,1.531068,-1.043289,-0.756283,0.448243,0.219377,0.531820,0.453114,1.472755,1.256240,-2.075385,1.513614
-1.742969,0.676210,0.492859,0.461215,0.751993,0.426807,-1.580440,0.937239,0.938438,0.228176,0.638099,0.749142,1.070572,1.263740,0.652403,0.530109,0.337558,1.657946,-1.486147,1.182924,1.352007,-0.572775,-1.616480,1.398516,-1.712109,-1.398697,1.192699,0.346556,-1.245435,-0.640353,0.384183,0.836885,254.420687,1.364424,-1.681445,0.810283,0.358374,1.418328,-1.128468,-1.078600,0.724742,0.265581,0.535415,0.827285,1.472755,1.256240,-2.075385,1.513614
-1.128343,0.530432,0.425574,0.711094,0.830438,0.302702,-1.749068,0.657221,0.938438,0.515562,0.665034,0.539941,1.172051,1.491775,0.598698,0.943808,0.740263,1.015032,-1.907040,1.191781,1.364717,-1.187557,-1.699818,2.964017,-1.136805,-1.402679,1.192699,0.647463,0.114290,-1.042992,2.701959,0.346417,165.608144,1.629608,-1.768416,0.873807,0.507439,0.589688,-1.128468,-0.982598,0.539827,0.517623,0.467157,0.198871,1.980509,1.527833,-0.835216,0.900785
-1.128343,0.538488,1.306524,0.487650,0.593814,0.381646,-1.333282,0.660396,0.606241,0.176569,0.548073,0.871758,1.172051,1.491775,0.571645,0.883795,0.456784,1.080434,-1.339539,1.112557,0.098189,-1.085843,-1.787421,1.862774,-0.838145,-1.355993,1.052679,0.367331,-0.751647,-1.054371,0.199625,0.250815,500.013661,1.157020,-1.316715,0.218663,0.400722,1.621481,-0.383705,0.287369,0.206988,0.273831,0.516609,0.344330,1.790743,0.898277,-0.835216,0.900785
0.399478,0.671113,0.841067,0.239935,0.597260,0.308766,-1.548283,0.279124,0.425766,0.073899,0.524151,1.252454,1.095651,0.927456,0.745474,0.417216,0.289673,3.429805,-1.356859,1.174717,0.550538,-0.787498,-1.658634,0.386763,-1.177434,-1.395808,1.052679,0.313867,-1.220283,-1.054371,0.347009,0.732934,387.463813,1.325309,-1.771172,0.274697,0.326363,1.736419,-0.873436,-1.136857,0.655692,0.206331,0.516551,0.457917,1.720810,1.267490,-1.586815,1.231906
-0.447132,0.715863,0.551400,0.429200,0.503540,0.607841,-1.544648,0.766698,0.943840,0.342320,0.657829,0.854142,1.095651,1.114080,0.431006,0.743294,0.635336,3.429805,-1.363360,1.339208,1.487791,-1.942046,-1.729528,1.217404,-1.177434,-1.395808,0.749739,0.414225,-0.972794,-1.272670,0.638036,0.921697,277.355223,1.335884,-1.675322,0.569731,0.567826,1.301671,-1.037205,-1.157855,0.749836,0.359587,0.487580,0.474489,2.947813,0.358852,-1.586815,1.231906
-0.267501,1.005701,0.493560,0.031148,0.316932,0.185483,-0.922550,0.152874,-0.061829,0.031680,0.114909,0.616343,0.377683,-0.012841,0.266685,0.165921,0.043584,0.764888,-0.830709,0.637010,0.194133,-0.498416,-1.365324,0.418257,0.041298,-0.300812,1.077516,0.071956,-0.522716,-0.681198,0.122187,0.208714,219.878803,0.863852,-1.565383,0.028468,0.250354,1.348350,-0.284445,0.868499,0.046778,0.009049,0.373599,0.132105,0.301837,0.254571,-0.066204,1.190599
0.182043,1.029039,0.305762,0.007094,0.292829,0.038612,-0.687114,0.060420,-0.342196,0.010802,0.033722,0.121309,0.304847,-0.013672,0.058377,0.033686,0.012953,0.239013,-0.764141,0.536635,0.074906,0.083763,-1.103283,0.051978,0.048633,-0.021279,0.419400,0.025896,-0.522716,-0.143915,0.127525,0.114330,140.184989,0.654461,-1.525216,0.006049,0.034607,1.095481,-0.287749,0.983680,0.029753,0.003217,0.086677,0.052328,0.182995,0.301458,0.542025,0.169300
0.292096,0.787714,0.307754,0.112467,0.366943,0.289246,-1.754158,0.511822,0.720446,0.058355,0.229517,0.101677,0.568302,0.257942,0.146900,0.153732,0.061796,0.067619,-1.847142,0.534715,0.081158,-0.257816,-1.448647,0.676893,-0.569408,-0.570254,0.556403,0.148414,-0.428672,-0.110756,0.480380,0.317571,181.608321,1.599398,-1.738609,0.094259,0.129376,1.092148,-0.368302,-0.146700,0.337250,0.076139,0.238837,0.322158,0.381757,0.511379,-0.072563,0.143134
0.354933,0.506521,0.294717,0.126713,0.340062,0.343157,-1.687567,0.600488,1.029942,0.093984,0.329510,0.133559,0.568302,0.257942,0.169928,0.245699,0.114893,0.430189,-1.712270,0.534715,0.081158,-0.530630,-1.434361,0.755128,-0.569408,-0.570254,0.556403,0.122175,-0.376669,-0.173619,0.496229,0.415087,180.319206,1.530792,-1.760623,0.291483,0.130877,1.099959,-0.501821,-0.280757,0.498599,0.082602,0.225393,0.514870,0.381757,0.511379,-0.072563,0.156880
0.089819,0.309956,0.283814,0.147474,0.283513,0.206554,-1.660969,0.760666,1.029942,0.199443,0.195136,0.355016,0.650086,0.257942,0.188447,0.331106,0.182193,0.714068,-1.682887,0.738126,-0.124256,-0.646362,-1.305748,0.755128,-0.569408,-0.517840,0.517460,0.200101,0.360086,-0.369921,0.496229,1.048236,133.700766,1.572065,-1.741174,0.323459,0.147525,1.097806,-0.501821,-0.280757,0.352613,0.217176,0.202444,0.150824,0.800311,0.511379,0.031843,0.210973
-0.078510,0.514735,0.523187,0.270951,0.393335,0.183203,-1.689831,0.373681,1.029942,0.242695,0.382006,0.544240,0.654085,0.537738,0.198872,0.422872,0.380177,0.714068,-1.738026,0.817147,0.084303,-0.723623,-1.415307,0.952682,-0.808675,-0.982816,0.675752,0.339672,0.171433,-0.719304,1.057595,0.587940,215.422450,1.545613,-1.502950,0.372511,0.403120,1.380116,-0.493390,-0.180736,0.273941,0.215721,0.414743,0.248629,1.673191,0.609367,-0.851564,1.444164
-0.070786,0.505755,0.398387,0.601156,0.486097,0.601162,-1.051686,0.467716,0.478842,0.283404,0.532259,0.461441,0.964125,1.343630,0.426751,0.545553,0.509947,0.183850,-1.184068,1.140605,0.329782,-1.557206,-1.651552,1.312782,-1.561850,-1.417616,0.956059,0.451828,-0.004783,-0.965148,1.681206,0.418196,171.980836,1.116282,-1.516369,0.180744,0.719404,1.314749,-0.386748,0.367071,0.078788,0.213946,0.512481,0.138218,2.201855,1.006755,-1.104052,1.938663
1.148378,0.513657,0.510196,0.019986,0.419251,0.263043,-1.138824,0.328661,0.207493,0.037313,0.155488,0.251253,0.509135,0.022779,0.267207,0.093540,0.023523,-0.026769,-1.149789,0.610625,0.049315,-0.430535,-1.553799,0.034454,-0.128985,-0.024676,0.956059,0.040006,-0.004783,-0.448414,0.128746,0.347641,195.182306,1.070714,-1.581379,0.053264,0.085009,1.491871,-0.286220,0.395278,0.058199,0.007956,0.128380,0.065739,0.184393,0.570483,0.472398,0.416471
1.446566,0.403863,0.424032,0.339683,0.438583,0.297824,-1.464230,0.303768,0.223272,0.064654,0.380165,0.324957,0.610236,0.120944,0.405363,0.186439,0.100068,0.263417,-1.135356,0.964731,0.032612,-1.095406,-1.273742,2.198152,-1.403087,-0.902857,1.052419,0.186166,-0.028003,-0.302064,0.256390,0.465351,219.299931,0.940598,-1.576386,0.115861,0.295860,1.281604,-0.610165,-0.442705,0.334389,0.049398,0.194468,0.072691,0.501034,0.679376,0.084232,0.416471
0.923106,0.365897,0.513547,0.553602,0.276708,0.342836,-1.594207,0.435362,0.223272,0.204732,0.795245,0.318903,0.610236,1.080980,0.384524,0.758158,0.485571,0.263417,-1.521216,0.964731,0.561196,-1.167261,-1.433913,2.492552,-1.403087,-0.902857,1.052419,0.277571,-0.312799,-1.034794,0.524561,0.298897,262.206239,1.317168,-1.701821,0.306874,0.439832,1.577486,-0.735086,-0.459894,0.422389,0.177756,0.166713,0.180294,0.920733,0.591261,-0.304811,0.637939
0.781158,0.961718,0.440151,0.059312,0.249109,0.254340,-0.930980,0.138243,-0.253311,0.025914,0.441246,0.336333,0.305994,0.067973,0.344276,0.234165,0.119080,0.483182,-1.020987,0.868701,0.399712,-0.475851,-1.072863,0.705801,-0.070185,-0.667991,0.788588,0.153656,-0.491092,-0.876811,0.178138,0.199142,188.963634,0.904602,-1.718658,0.047302,0.204436,1.209311,-0.319951,0.550520,0.131486,0.021579,0.245201,0.065939,0.564985,0.612317,0.150639,0.637939
0.720461,1.029115,0.305150,0.020116,0.292998,0.187566,-1.058423,0.047693,-0.225899,0.031263,0.075660,0.281523,0.409785,0.017022,0.110075,0.066651,0.022573,0.567418,-1.065623,0.553531,0.102736,-0.102572,-1.542032,0.158106,0.026112,-0.170755,0.512550,0.105366,-0.459401,-0.196074,0.126898,0.647701,143.872396,0.993306,-1.653822,0.041637,0.085594,0.816173,-0.286525,0.944809,0.032753,0.005260,0.101622,0.064985,0.150771,0.498585,0.537047,0.232434
0.720461,0.763216,2.609306,0.151795,0.437746,0.374079,-1.433579,0.408240,1.054014,0.096559,0.194666,0.272009,0.807302,0.332155,0.180474,0.185783,0.195352,0.567418,-1.344413,0.852458,0.991437,-0.303999,-1.527447,0.393383,-0.863960,-0.978803,0.739137,0.244274,-0.408897,-0.196074,0.568962,0.776067,923.488073,1.194830,-1.776945,0.211188,0.172888,2.016409,-0.459354,-0.867161,0.681991,0.091705,0.206629,0.534744,1.002677,1.078884,-0.646963,0.642228
0.350950,0.479574,1.208513,0.242992,0.419252,0.269893,-1.171092,0.540489,1.467983,0.146516,0.284795,0.181806,0.807302,0.332155,0.265061,0.281165,0.237824,0.321930,-0.660543,0.852458,0.991437,-0.435917,-1.373804,0.393383,-0.863960,-0.978803,0.739137,0.270483,-0.270034,-0.182908,0.568962,0.658789,462.607975,0.505743,-1.771898,0.465609,0.233073,1.094864,-0.572741,-0.867161,0.501443,0.159620,0.226592,0.514784,1.002677,1.078884,-0.646963,0.642228
-0.426085,0.352082,0.291781,0.273522,0.477175,0.234287,-1.696276,0.352323,1.467983,0.226880,0.398390,0.376573,0.766903,0.873484,0.389807,0.302699,0.252931,0.437139,-1.793327,0.751791,0.583158,-0.575556,-1.605252,1.205969,-0.930580,-1.377748,0.648726,0.324794,0.562103,-0.649153,1.240193,0.547973,143.691197,1.507850,-1.689900,0.418353,0.188792,1.065695,-0.572741,-0.325508,0.184052,0.280404,0.426791,0.284404,1.199977,0.880733,-0.506868,0.641915
-0.354234,0.586056,2.276775,0.157713,0.504238,0.200733,-1.303086,0.689189,0.946997,0.036084,0.411732,0.402299,0.695616,0.229146,0.227847,0.170081,0.059833,0.435237,-1.433927,0.607484,0.094215,-0.252709,-1.446247,0.655583,-0.130525,-0.272376,0.972081,0.100349,-0.647164,-0.937210,0.158764,0.243409,730.085227,1.169282,-1.693096,0.077406,0.141733,1.748936,-0.288485,0.367222,0.211829,0.034656,0.322180,0.466421,0.428873,0.822350,-0.243927,0.641915
-1.580046,0.678945,2.538221,0.257786,0.625378,0.459887,-1.502101,1.092135,0.452588,0.160699,0.518335,0.493273,1.025273,1.091477,0.569831,0.437098,0.284781,0.870651,-1.571167,0.608073,0.027058,-0.753735,-1.324583,0.433249,-1.389770,-1.011502,0.972081,0.251497,-1.051365,-0.937210,0.353618,0.606383,1041.475031,1.318392,-1.690938,0.191548,0.289876,1.868980,-0.916675,-0.763432,0.461948,0.196905,0.257664,0.474668,1.117788,1.350681,-1.360442,1.221395
-1.580046,0.693036,0.643140,0.362927,0.730144,0.491474,-1.604647,0.968146,1.198857,0.202966,0.569310,0.494192,1.025273,1.091477,0.628216,0.522650,0.280969,0.870651,-1.688335,1.079723,0.877502,-0.753735,-1.633176,0.656530,-1.389770,-1.011502,1.294584,0.279306,-1.051365,-0.532571,0.353618,1.254006,292.177933,1.424716,-1.749791,0.784656,0.353887,1.268461,-1.050620,-1.068433,0.724872,0.240897,0.266890,0.835343,1.117788,1.350681,-1.360442,1.221395
-1.319301,0.556786,0.468857,0.594854,0.803031,0.352371,-1.835394,0.702418,1.198857,0.517365,0.681753,0.491349,1.164843,1.623098,0.552749,0.985999,0.656823,1.134115,-1.962010,1.134868,0.881821,-1.356533,-1.732994,3.362666,-1.403817,-1.396936,1.154519,0.700529,0.357761,-1.167164,2.691435,0.610975,192.581196,1.710487,-1.567194,0.847500,0.628260,1.634567,-1.050620,-1.003501,0.580616,0.514928,0.349253,0.209313,2.160663,1.407764,-1.314340,2.012051
-1.319301,0.562754,1.657369,0.428872,0.570641,0.393226,-1.646576,0.722164,0.814886,0.205940,0.562549,0.788621,1.164843,1.623098,0.618055,0.934493,0.425775,1.056509,-1.818208,1.134868,0.116246,-1.356533,-1.742034,3.362666,-1.403817,-1.396936,1.032816,0.451319,-0.617474,-1.146421,1.254835,0.318298,562.889961,1.519415,-1.585127,0.223403,0.576254,1.522529,-0.452288,0.269954,0.239292,0.254480,0.427635,0.367701,2.160663,1.355418,-1.314340,2.012051
-1.425847,0.664005,1.669632,0.333514,0.624281,0.384930,-1.712466,0.806912,0.232569,0.141535,0.646659,0.871009,0.987023,0.917198,0.615996,0.425771,0.312810,1.056509,-1.939678,0.745223,0.099373,-0.541746,-1.542733,0.367103,-1.082903,-1.343263,1.032816,0.299084,-1.034754,-1.146421,0.210863,0.482035,754.223883,1.601625,-1.539530,0.216600,0.230686,1.675337,-1.015430,-0.791465,0.488936,0.197556,0.371270,0.442072,1.384888,1.429458,-1.431366,1.095631
-1.425847,0.729017,0.614185,0.420251,0.731518,0.391340,-1.665209,0.833313,1.049452,0.192551,0.680333,0.636323,0.987023,0.917198,0.627939,0.544159,0.322497,0.938182,-1.818640,1.133365,0.866261,-0.541746,-1.592308,0.434262,-1.082903,-1.343263,1.230372,0.325655,-1.034754,-0.606365,0.427671,0.916586,325.995799,1.543266,-1.794685,0.780575,0.299875,1.595738,-1.047485,-1.185699,0.774055,0.228562,0.372105,0.769795,1.384888,1.429458,-1.431366,1.095631
-1.025938,0.597732,0.345862,0.555427,0.778761,0.304695,-1.839050,0.573252,1.049452,0.490488,0.661931,0.332370,1.051983,1.791556,0.610874,0.742950,0.605108,0.692942,-1.909061,1.131027,0.899407,-0.947031,-1.706299,2.708554,-1.474707,-1.381457,1.230372,0.649011,0.435393,-0.940684,2.699562,0.424412,149.986460,1.622142,-1.512249,0.817138,0.533161,1.246678,-1.019628,-1.083181,0.632652,0.478979,0.373050,0.143397,2.709634,1.350453,-0.768623,1.605891
-1.025938,0.597098,1.812029,0.421992,0.593740,0.313469,-1.121818,0.658626,0.849430,0.386646,0.668242,0.793267,1.051983,1.791556,0.610003,0.715201,0.442411,1.519054,-0.702210,1.131027,0.114214,-0.947031,-1.324679,2.708554,-1.474707,-1.377251,1.232189,0.411210,-0.628059,-1.142462,2.699562,0.318439,621.526659,0.697796,-1.576485,0.185055,0.479101,1.700968,-0.468258,0.366562,0.186647,0.256658,0.420821,0.419710,2.709634,1.350453,-0.768623,1.605891
-1.441921,0.665999,1.756446,0.322258,0.637441,0.326967,-1.550903,0.820851,0.381964,0.149142,0.495753,0.902591,1.041183,1.230205,0.651989,0.394753,0.319374,1.519054,-1.532659,0.648701,0.043135,-0.551721,-1.453099,0.401855,-1.343367,-1.276847,1.232189,0.291085,-1.197020,-1.142462,0.283188,0.611488,773.325971,1.257976,-1.696043,0.196138,0.248757,1.768510,-0.924563,-0.683814,0.438405,0.219897,0.386279,0.486338,1.348062,1.364773,-1.407109,0.997888
-1.441921,0.706437,0.514100,0.443473,0.745925,0.292682,-1.593861,0.844257,1.074998,0.219973,0.560120,0.706899,1.041183,1.230205,0.648260,0.497954,0.314820,1.562548,-1.493586,1.036638,1.276879,-0.551721,-1.366722,0.947258,-1.343367,-1.276847,1.223156,0.334060,-1.197020,-0.717786,0.348976,0.701380,273.786979,1.193696,-1.631474,0.801231,0.326070,1.498647,-1.071070,-1.135696,0.766253,0.232633,0.317277,0.848808,1.348062,1.364773,-1.407109,0.997888
-1.071959,0.534783,0.330431,0.640757,0.806609,0.307496,-1.518856,0.693825,1.074998,0.393106,0.547190,0.559756,1.151312,0.977137,0.610523,0.574794,0.479662,0.821947,-1.491036,1.044794,1.304004,-1.039011,-1.670941,1.950616,-1.470927,-1.382978,1.223156,0.587788,0.205891,-0.788085,2.093228,0.521488,144.029249,1.208663,-1.719593,0.850452,0.482080,1.131556,-1.071070,-1.015186,0.559712,0.456560,0.415792,0.208131,1.619370,1.392115,-0.948079,1.084497
-1.071959,0.565389,1.214759,0.421159,0.592567,0.346831,-1.154723,0.735340,0.689986,0.149182,0.523533,0.882309,1.151312,0.977137,0.615202,0.526651,0.242467,1.393576,-1.075829,0.728991,0.071705,-1.019522,-1.684417,1.950616,-1.444387,-1.306365,1.139980,0.292387,-0.582986,-1.080820,1.482069,0.504650,440.104739,0.974776,-1.452997,0.217384,0.419800,1.541340,-0.325578,0.304041,0.205375,0.181080,0.583934,0.383854,1.619370,1.392115,-0.948079,1.084497
-0.454990,0.648240,1.136065,0.183430,0.616796,0.458453,-1.351822,0.544701,0.138570,0.107071,0.381836,0.849116,1.018968,0.750731,0.587466,0.333484,0.318728,1.393576,-1.334759,0.847746,0.940553,-1.161738,-1.558311,0.968653,-1.284727,-1.263652,1.139980,0.301493,-0.977733,-1.080820,0.294635,0.435542,530.300519,1.159895,-1.621649,0.222810,0.300272,1.542761,-0.382447,-0.869722,0.516179,0.194502,0.370016,0.364997,1.340705,1.125925,-1.541832,0.692619
-0.454990,0.731301,0.421636,0.386624,0.724787,0.293324,-1.601770,0.599935,0.997730,0.168621,0.538639,0.556638,1.018968,0.750731,0.585156,0.650451,0.480308,1.049768,-1.559446,1.055306,1.026195,-1.161738,-1.198989,1.570101,-1.284727,-1.263652,1.146270,0.321724,-0.977733,-0.603025,0.294635,0.881308,229.890228,1.265355,-1.654052,0.776184,0.316785,1.106744,-1.058323,-1.185479,0.751327,0.199523,0.281241,0.749039,1.340705,1.125925,-1.541832,0.692619
-0.096307,0.551951,0.314837,0.589352,0.717943,0.403031,-1.647089,0.390550,0.997730,0.311225,0.584345,0.868150,1.123195,2.202202,0.658550,0.755208,0.483645,0.768967,-1.459015,1.800341,0.817505,-1.367743,-1.664707,1.540379,-1.653028,-1.423452,1.146270,0.617471,0.254464,-0.931427,0.864932,0.774919,130.110845,1.238706,-1.832727,0.758787,0.446173,1.113566,-1.058323,-1.161166,0.604473,0.541212,0.451971,0.207704,1.999709,1.133718,-0.256324,1.513982
-0.096307,0.604878,0.998994,0.294545,0.540982,0.308665,-1.251538,0.455805,0.596621,0.119982,0.444320,0.723247,1.123195,2.153926,0.648211,0.431047,0.297042,0.739455,-1.081072,1.800341,0.207997,-1.367743,-1.517625,0.423400,-0.937478,-1.423452,1.091629,0.400982,-0.406762,-0.931427,0.367598,0.753070,362.820222,0.926979,-1.637534,0.181709,0.440324,1.579204,-0.311343,0.374683,0.195760,0.270362,0.450315,0.289038,1.999709,1.110069,-0.256324,1.513982
0.124188,0.667984,0.998137,0.208093,0.600280,0.214267,-1.365338,0.428260,0.235097,0.059097,0.316114,0.421112,1.005948,0.785961,0.584675,0.238588,0.286538,0.739455,-1.368283,0.863691,0.160915,-0.810430,-1.440094,1.004739,-1.078126,-1.318385,1.091629,0.284453,-0.851698,-0.877704,0.281798,0.625087,450.907342,1.254455,-1.617793,0.204646,0.207690,1.579559,-0.491744,-0.813495,0.497308,0.206052,0.310338,0.347304,1.252206,0.988064,-1.377129,0.715363
0.124188,0.746645,0.429536,0.289990,0.666692,0.372938,-1.519935,0.447796,1.125456,0.118129,0.368406,0.399511,1.005948,0.785961,0.588387,0.579903,0.425166,0.419699,-1.481904,1.106643,0.688475,-0.810430,-1.377556,1.813530,-1.078126,-1.318385,1.120164,0.299401,-0.851698,-0.509583,0.345234,0.705439,216.484934,1.290617,-1.734323,0.716215,0.249314,1.302145,-0.961556,-1.189025,0.744560,0.204551,0.327642,0.732352,1.252206,0.988064,-1.377129,0.715363
-0.665507,0.613250,0.398184,0.419548,0.640577,0.297156,-1.583020,0.580545,1.125456,0.329513,0.296557,0.483238,0.804451,0.750605,0.535498,0.571503,0.448006,0.636212,-1.322597,0.834183,0.657525,-1.204259,-1.696902,1.319426,-1.521690,-1.355871,1.120164,0.500320,0.246576,-0.732943,1.273004,0.541989,161.426483,1.006744,-1.798012,0.672162,0.412599,1.464699,-0.961556,-1.160009,0.646419,0.388495,0.481490,0.225362,1.262203,0.904362,-0.347674,1.536796
-0.665507,0.768133,1.649990,0.257121,0.494143,0.313427,-1.621349,0.481042,0.774873,0.134956,0.242697,0.629097,0.804451,0.750605,0.488782,0.348020,0.262381,0.886758,-1.599918,0.772122,0.102560,-1.080449,-1.329747,0.920274,-1.521690,-1.355871,1.043367,0.261428,-0.484276,-1.091196,1.179869,0.157369,595.916163,1.355868,-1.637502,0.122476,0.356036,2.046636,-0.298465,0.538849,0.196366,0.152321,0.524846,0.339956,1.262203,0.904362,-0.347674,1.536796
0.391666,0.776015,1.674747,0.229698,0.597936,0.504867,-1.572063,0.374161,0.369397,0.080007,0.248820,0.518374,1.087845,0.958256,0.478361,0.304909,0.269059,0.886758,-1.643887,1.008553,0.855405,-0.948262,-1.138014,1.667234,-1.466050,-1.330835,1.043367,0.327336,-0.677487,-1.091196,0.493827,0.267694,759.493741,1.490398,-1.496085,0.258082,0.292484,2.117632,-0.443546,-0.919655,0.632627,0.226582,0.307616,0.299008,1.525605,0.842679,-1.455881,0.427866
0.632401,0.659734,0.520142,0.561152,0.684999,0.278557,-1.603311,0.287033,0.952415,0.224009,0.621826,0.365959,1.087845,0.958256,0.476821,0.615553,0.615517,0.539052,-1.520671,1.098351,0.930508,-2.139276,-1.246797,2.472459,-1.466050,-1.330835,0.949315,0.478010,-0.677487,-0.529802,0.493827,0.474464,273.883118,1.422795,-1.599826,0.740796,0.405929,0.851126,-0.934560,-1.062765,0.709583,0.247090,0.239447,0.608725,1.525605,0.842679,-1.455881,1.225064
0.963082,0.542200,0.365782,0.655165,0.572954,0.429177,-1.440579,0.229011,0.952415,0.229239,0.560557,0.637744,0.763879,1.552156,0.460481,0.634167,0.634249,0.796490,-1.180526,1.017423,0.214420,-2.139276,-1.624988,2.472459,-0.900626,-1.390950,0.872103,0.508299,0.282622,-0.643164,0.284401,0.363940,149.726994,1.116129,-1.656547,0.618232,0.529861,1.131073,-0.934560,-0.910644,0.481210,0.337040,0.422616,0.218058,2.523326,0.539954,-0.686941,1.262513
1.068692,0.810312,2.791060,0.090569,0.441586,0.355615,-1.349358,0.114518,0.470536,0.045620,0.267575,0.578047,0.714710,0.053844,0.272800,0.234483,0.091979,0.503274,-1.214559,1.017423,0.057585,-0.992708,-1.537551,0.146376,-0.109963,-0.476078,0.923796,0.204094,-0.411506,-0.765310,0.245367,0.288924,886.423466,1.036625,-1.572354,0.064706,0.374612,1.865965,-0.305621,0.559422,0.177937,0.020797,0.311626,0.220354,0.468763,0.565507,-0.686941,1.262513
-1.554107,0.785330,2.947944,0.186782,0.596658,0.309171,-1.504329,1.027944,0.271127,0.146217,0.299076,0.605602,0.981049,1.033653,0.444578,0.275638,0.268794,0.490355,-1.380644,0.840752,0.038997,-0.605896,-1.461984,0.224100,-1.271722,-0.893201,0.923796,0.261272,-0.808785,-0.765310,0.309672,0.226044,1091.980462,1.145503,-1.620591,0.200389,0.315303,2.062244,-0.949770,-0.741758,0.522515,0.176032,0.312975,0.372234,1.135469,0.860954,-1.126166,1.085192
-1.554107,0.709773,0.512862,0.324685,0.706738,0.406477,-1.500010,0.958549,1.202521,0.209140,0.422495,0.637141,0.981049,1.033653,0.491380,0.402858,0.287020,0.558140,-1.396579,1.069417,0.837986,-0.605896,-1.544156,0.937273,-1.271722,-0.893201,1.100386,0.286681,-0.808785,-0.465919,0.343394,0.329533,232.230871,1.156222,-1.668297,0.762523,0.339003,0.435773,-1.030798,-1.081168,0.750550,0.223982,0.313781,0.727584,1.135469,0.860954,-1.126166,1.085192
-0.550523,0.575274,0.383955,0.577284,0.741318,0.302029,-1.618617,0.570314,1.202521,0.405732,0.583973,0.559496,1.100903,1.303484,0.526901,0.723332,0.582564,1.263194,-1.541003,1.056400,0.823590,-1.071712,-1.680374,1.183505,-1.770857,-1.384192,1.064799,0.594013,0.199788,-0.774392,1.996294,0.602529,163.160073,1.262310,-1.754391,0.784808,0.482796,1.318712,-1.030798,-1.048932,0.599149,0.437710,0.368576,0.258897,2.320587,1.094563,-0.498308,1.603822
-0.550523,0.703383,1.997749,0.357813,0.544862,0.257822,-1.313510,0.517182,0.686001,0.159992,0.469800,0.702317,1.100903,0.907219,0.578988,0.582507,0.393254,1.263194,-1.228417,1.056400,0.394061,-0.992178,-1.545474,0.710881,-0.948372,-1.299805,1.142768,0.344497,-0.583091,-1.062800,0.453018,0.339556,652.240507,1.034522,-1.320950,0.182506,0.417223,1.575673,-0.313307,0.418670,0.227808,0.133150,0.427363,0.345875,2.320587,0.895093,-0.498308,1.603822
-1.248189,0.742962,1.998708,0.228821,0.618168,0.315621,-1.643130,0.769709,0.164579,0.115166,0.418466,0.511684,0.955678,1.068426,0.587807,0.332105,0.293853,0.772762,-1.583970,0.768709,0.073519,-0.322864,-1.506677,0.209826,-1.193212,-1.250027,1.142768,0.263566,-1.097424,-1.062800,0.380190,0.518736,817.808574,1.347047,-1.795257,0.200670,0.275615,1.632437,-1.016826,-0.770352,0.503971,0.212039,0.394512,0.418917,1.273307,1.186265,-1.094664,0.812569
-1.248189,0.701575,0.600326,0.384026,0.719424,0.395915,-1.721754,0.839729,1.237397,0.234280,0.491726,0.343581,0.955678,1.068426,0.549006,0.496357,0.344619,0.604288,-1.805620,0.996334,1.069253,-0.322864,-1.824350,1.122740,-1.193212,-1.250027,1.086626,0.298228,-1.097424,-0.551942,0.384576,0.715779,281.699020,1.503926,-1.685673,0.769786,0.316121,1.241817,-1.019318,-1.087854,0.748999,0.221866,0.319548,0.862767,1.273307,1.186265,-1.094664,0.812569
-1.121209,0.586246,0.330140,0.685181,0.743368,0.313157,-1.506933,0.671164,1.237397,0.481364,0.618486,0.631632,1.010468,1.969071,0.471733,0.799523,0.484738,0.976810,-1.488852,1.223946,1.090454,-1.124556,-1.591670,1.969283,-1.070284,-1.397356,1.068600,0.623553,0.082587,-1.020694,2.535297,0.521739,150.081870,1.326353,-1.752759,0.784996,0.638074,1.142479,-1.019318,-1.039160,0.603826,0.464435,0.531026,0.320234,1.423266,1.346967,-1.052916,1.982202
-1.121209,0.697568,1.716936,0.489059,0.576443,0.281759,-1.208200,0.654681,0.572634,0.162616,0.617112,0.848970,1.010468,1.969071,0.550316,0.729731,0.357735,1.089813,-1.071854,1.223946,0.252302,-1.124556,-1.433987,1.969283,-1.070284,-1.397356,1.223003,0.387826,-0.748768,-1.048341,1.450403,0.326511,571.621135,0.950672,-1.646029,0.176777,0.595824,1.643603,-0.505326,0.465112,0.180195,0.242767,0.672439,0.352021,1.208587,1.335219,-1.052916,1.982202
-1.477987,0.712624,1.787410,0.294232,0.618829,0.350409,-1.392441,0.878912,-0.015364,0.127314,0.581411,0.915179,0.969326,0.839400,0.630088,0.416799,0.276239,1.515437,-1.250505,0.698803,0.061256,-0.426844,-1.577971,0.273754,-1.208762,-1.164185,1.223003,0.249602,-1.221327,-1.048341,0.171591,0.509533,766.684027,1.030979,-1.697434,0.178872,0.271898,1.747704,-0.905699,-0.725493,0.462724,0.170170,0.576790,0.425022,1.173848,1.571202,-1.588936,1.010053
-1.477987,0.655892,0.380663,0.422534,0.707856,0.403531,-1.490349,0.892504,0.959176,0.182602,0.600295,0.568626,0.969326,0.839400,0.625761,0.485703,0.256860,1.515437,-1.444670,1.061872,1.176823,-0.426844,-1.625108,1.065208,-1.208762,-1.164185,1.082570,0.275599,-1.221327,-0.473928,0.324838,0.833947,209.023726,1.239956,-1.841430,0.764209,0.324172,0.582398,-1.025731,-1.047682,0.700645,0.213362,0.494434,0.821571,1.173848,1.571202,-1.588936,1.010053
-1.139711,0.542814,0.607463,0.745795,0.785020,0.238449,-1.606954,0.664862,0.959176,0.459915,0.706681,0.475789,1.183366,1.227734,0.468224,0.846262,0.570603,0.999229,-1.583249,1.215621,1.195055,-0.936702,-1.686994,2.043929,-1.474231,-1.399250,0.731367,0.589825,0.234314,-0.796027,2.189289,0.453872,263.353523,1.364031,-1.604521,0.825926,0.475342,1.443014,-0.995226,-0.874794,0.497933,0.469770,0.466991,0.178652,1.376184,1.516810,-0.652839,0.936438
-1.117130,0.562183,1.386347,0.246287,0.562310,0.240042,-1.157873,0.598478,0.761183,0.083883,0.581220,0.899859,1.036635,0.508255,0.365541,0.496360,0.212490,1.425018,-1.121132,0.783122,0.070097,-0.704484,-1.177067,0.658424,-0.249963,-0.641364,0.985731,0.222611,-0.926862,-1.040115,0.156422,0.276807,516.020829,1.014347,-1.526904,0.160860,0.390226,1.645318,-0.335883,0.354891,0.187326,0.061672,0.530254,0.454657,0.558179,0.701665,-0.652839,0.936438
0.231504,0.619849,0.855807,0.078260,0.613946,0.375528,-1.405589,0.350004,0.130102,0.079769,0.393955,1.136826,0.929159,0.776191,0.710065,0.308962,0.194784,2.049749,-1.383670,0.869371,0.013863,-0.546813,-1.514624,0.351703,-0.863128,-1.247839,0.985731,0.201995,-1.370133,-1.040115,0.354621,0.700205,391.933664,1.166453,-1.750395,0.166343,0.237522,1.561363,-0.606879,-0.885044,0.460075,0.177195,0.632701,0.496364,0.933101,1.625954,-1.374797,0.610141
0.231504,0.610604,0.373631,0.270045,0.561451,0.476485,-1.587327,0.530615,0.519711,0.267176,0.661617,0.774182,0.929159,0.776191,0.633806,0.515532,0.357053,2.049749,-1.595802,1.194760,1.279442,-0.458977,-1.855197,1.082899,-0.863128,-1.247839,0.849202,0.319182,-1.370133,-0.712955,0.354621,1.345481,209.086903,1.431427,-1.576535,0.611303,0.352142,1.355755,-0.944124,-1.132067,0.654135,0.285154,0.605735,0.711927,0.933101,1.625954,-1.374797,0.610141
0.380957,0.655384,0.406397,0.219577,0.326902,0.391044,-1.184031,0.582165,0.519710,0.342378,0.561282,0.652377,0.389232,1.359781,0.332334,0.310014,0.365635,1.377020,-1.316240,1.084877,1.279442,-0.787587,-1.612630,0.636652,-0.241134,-1.013063,1.065150,0.266211,-0.377756,-0.969757,0.493679,0.625686,177.399340,1.156055,-1.622373,0.365920,0.299772,1.342869,-0.870711,-0.751680,0.494719,0.263780,0.326768,0.285061,1.158375,0.292187,0.108755,0.470883
0.442933,1.031382,0.359090,0.015526,0.340597,0.142754,-0.763136,0.164012,-0.235074,0.022269,0.068989,0.410110,0.529047,0.004941,0.244764,0.067376,0.020077,0.628690,-0.912273,0.561948,0.094240,0.122613,-0.980405,0.187335,0.054008,-0.186565,1.065150,0.116360,-0.423432,-0.526037,0.176794,0.141273,162.664450,0.772305,-1.675404,0.060005,0.100027,0.518201,-0.284146,0.826383,0.067907,0.004396,0.225767,0.055141,0.230409,0.354516,0.265919,0.470883
0.539182,0.757169,0.617813,0.128859,0.430388,0.406874,-1.498832,0.369466,0.734155,0.070966,0.265078,0.171101,0.603923,0.263355,0.138652,0.183110,0.095746,0.469885,-1.517230,0.689559,0.093620,-0.210578,-1.506203,0.970304,-0.855268,-0.616849,0.522823,0.131045,-0.423432,-0.298289,0.383202,0.342532,274.956277,1.218968,-1.702772,0.120305,0.087540,1.648897,-0.475853,-0.688622,0.613935,0.063537,0.124408,0.378854,0.446688,0.592186,0.112611,0.111368
0.493981,0.503743,0.616492,0.176515,0.400806,0.245042,-1.514543,0.262316,0.964939,0.091616,0.349920,0.263927,0.603923,0.263355,0.157743,0.242606,0.162058,0.535872,-1.544522,0.689559,0.235398,-0.485784,-1.481476,1.190683,-0.855268,-0.616849,0.609556,0.102199,-0.353932,-0.288102,0.383202,0.401330,279.740140,1.229273,-1.845319,0.394486,0.097654,1.623923,-0.585350,-0.721059,0.556934,0.068291,0.125092,0.458484,0.446688,0.592186,0.112611,0.168457
-0.306383,0.533158,0.288628,0.296355,0.312379,0.086909,-1.575841,0.576229,0.964939,0.247607,0.504750,0.236202,0.622777,0.726598,0.313827,0.452242,0.283880,0.649502,-1.554313,0.879866,0.235398,-0.594499,-1.556051,1.190683,-1.016199,-0.987629,0.609556,0.218217,0.461168,-0.869151,1.302456,0.683071,147.632833,1.359561,-1.697260,0.334309,0.124396,1.083160,-0.626776,-0.721059,0.576420,0.273801,0.234437,0.147853,1.520797,0.622197,0.118693,0.363661
-0.336196,0.781464,0.336814,0.361958,0.425122,0.206730,-1.549117,0.231839,0.924442,0.239656,0.618075,0.388633,0.622777,0.726598,0.338816,0.482046,0.306679,0.649502,-1.475946,0.879866,0.067141,-0.776378,-1.495486,0.997950,-1.016199,-0.987629,0.803960,0.329196,-0.151165,-0.986926,1.302456,0.854872,148.907760,1.298851,-1.569039,0.303250,0.248508,1.112407,-0.626776,0.183976,0.183064,0.255948,0.325939,0.318433,1.520797,0.622197,-0.526593,0.704346
-0.092343,1.114762,0.369343,0.016249,0.331311,0.229529,-1.061555,0.198679,0.093561,0.021226,0.085792,0.472360,0.363916,-0.009214,0.146329,0.076933,0.013982,0.777529,-1.124064,0.553389,0.079425,-0.177491,-0.853113,0.127561,0.040358,-0.029007,0.596087,0.065290,-0.306849,-0.389285,0.123410,0.224960,214.300942,1.030468,-1.514930,0.019105,0.108699,1.233411,-0.283704,1.060376,0.024033,0.003646,0.394203,0.119633,0.165618,0.194549,0.255214,0.515590
0.602413,0.723645,0.361246,0.194188,0.316962,0.113043,-1.546615,0.372935,-0.020941,0.088992,0.233111,0.189920,0.473306,0.207151,0.071573,0.259986,0.233198,0.198126,-1.665605,0.651673,0.502090,-0.300769,-1.613568,0.326587,-0.171191,-0.250510,0.413111,0.174862,-0.296394,-0.444257,0.297012,0.267492,148.223493,1.577444,-1.484512,0.081762,0.258429,1.361351,-0.353790,0.471959,0.182736,0.064355,0.174307,0.081951,0.556160,0.367009,0.223667,0.312716
0.824123,1.003148,0.353084,0.011140,0.287365,0.180808,-1.556286,0.042913,-0.289799,0.009730,0.040423,0.172557,0.307333,-0.000337,0.044769,0.036865,0.008851,0.138735,-1.515745,0.553822,0.097071,0.025836,-1.104102,0.160911,0.060520,-0.147703,0.442629,0.073847,-0.468979,-0.410213,0.125022,0.149568,152.725986,1.446869,-1.532435,0.013611,0.073618,1.308689,-0.280774,0.860608,0.057661,0.003407,0.149771,0.052828,0.116937,0.554749,0.377213,0.220870
0.921053,0.769196,2.427456,0.192752,0.437364,0.177114,-1.672073,0.384199,0.942182,0.086475,0.242583,0.184946,0.806604,0.651203,0.123892,0.172235,0.211243,0.225156,-1.414306,0.819198,0.737802,-0.442804,-1.225115,0.426622,-1.017680,-1.111626,0.623579,0.260971,-0.435313,-0.167731,0.495270,0.611968,748.817889,1.293592,-1.761796,0.208173,0.112620,2.041939,-0.418449,-0.945345,0.717546,0.121674,0.207389,0.444334,1.052210,1.073103,-0.405671,0.290709
0.335393,0.534706,1.282695,0.248156,0.423247,0.115203,-1.520825,0.547723,1.295052,0.112191,0.324110,0.208294,0.806604,0.651203,0.169082,0.197776,0.230324,0.316509,-1.440746,0.819198,0.737802,-0.442804,-1.289809,0.699365,-1.017680,-1.111626,0.630883,0.269439,-0.258449,-0.314526,0.495270,0.438953,354.976276,1.263164,-1.771942,0.469562,0.179891,0.986415,-0.609509,-0.951434,0.528692,0.154666,0.203349,0.538844,1.052210,1.073103,-0.405671,0.290709
-0.696687,0.326053,0.315962,0.242262,0.488337,0.281598,-1.654203,0.408946,1.295052,0.167372,0.465977,0.334285,0.916263,1.355236,0.313370,0.406638,0.316744,0.552356,-1.639343,0.898752,0.712210,-1.004260,-1.707983,1.183605,-0.999998,-1.382575,0.700410,0.476760,0.595936,-0.774075,0.874561,0.437422,136.140570,1.466870,-1.758136,0.457161,0.319478,1.197664,-0.583130,-0.474384,0.248229,0.349008,0.392038,0.202338,1.238452,0.869084,-0.676287,0.681279
-0.570879,0.503655,1.699470,0.105628,0.517516,0.291011,-1.424573,0.633044,1.063066,0.046830,0.417748,0.556228,0.908046,0.114947,0.344533,0.222795,0.129962,0.706230,-1.468545,0.898752,0.180428,-1.004260,-1.686302,0.582457,-0.195255,-0.640097,0.853899,0.241151,-0.249612,-0.958159,0.207467,0.255302,573.889182,1.307892,-1.640004,0.115128,0.231551,1.100478,-0.312436,0.223772,0.223544,0.024424,0.355605,0.403935,0.502781,0.387836,-0.266244,0.681279
-1.370268,0.644706,1.823559,0.315634,0.623257,0.489156,-1.479478,0.982318,0.490889,0.156998,0.550446,0.787534,1.010943,1.070852,0.559540,0.406489,0.297958,1.170853,-1.435191,0.568420,0.107672,-0.796395,-1.684845,0.354583,-1.184963,-1.172072,0.853899,0.286069,-0.947274,-0.958159,0.293278,0.509999,797.688566,1.231504,-1.461159,0.197623,0.369172,1.584596,-0.720886,-0.670758,0.416829,0.188307,0.366637,0.424089,1.306897,1.380159,-1.533542,1.206219
-1.370268,0.728378,0.562283,0.420365,0.713069,0.449533,-1.508597,0.887095,1.209028,0.183772,0.583429,0.768571,1.010943,1.070852,0.630526,0.501658,0.292793,1.299698,-1.502879,1.085905,0.682916,-0.796395,-1.377756,0.724493,-1.184963,-1.172072,1.192605,0.321721,-0.947274,-0.685119,0.293278,0.906580,283.367355,1.328410,-1.835442,0.762395,0.417915,0.881407,-1.081856,-1.092001,0.766960,0.207750,0.335508,0.754215,1.306897,1.380159,-1.533542,1.206219
-1.144317,0.608181,0.430689,0.714266,0.800274,0.229380,-1.595882,0.667511,1.209028,0.497457,0.581886,0.438566,1.117968,1.317333,0.624976,0.693297,0.597439,0.743356,-1.185901,1.166970,1.048409,-0.973003,-1.604739,2.751950,-1.739576,-1.413161,1.192605,0.687979,0.394095,-1.087220,2.687460,0.703993,181.256782,1.057754,-1.751488,0.839453,0.721159,1.296669,-1.081856,-1.078711,0.651603,0.481360,0.377991,0.200770,1.914252,1.578712,-1.524750,2.005858
-1.144317,0.660508,1.546396,0.571597,0.592490,0.345842,-1.396319,0.614411,0.765444,0.403933,0.625867,1.123100,1.117968,1.317333,0.665359,0.686333,0.445440,2.476476,-1.299799,1.166970,0.202249,-0.973003,-1.520583,2.751950,-1.739576,-1.413161,1.306546,0.495549,-0.621380,-1.200297,2.687460,0.347342,577.255690,1.139095,-1.529950,0.234344,0.701021,1.591681,-0.507174,0.371028,0.231467,0.216751,0.520939,0.434568,1.914252,1.578712,-1.524750,2.005858
-1.297946,0.716049,1.426530,0.277124,0.635199,0.451252,-1.440951,0.734992,0.198739,0.145797,0.676344,1.139417,1.010550,0.812179,0.665648,0.507273,0.320206,2.476476,-1.314856,0.700487,0.093126,-0.634281,-1.621345,0.334713,-1.377540,-1.390749,1.306546,0.306676,-1.319329,-1.200297,0.160124,0.537086,655.919541,0.995372,-1.660769,0.218931,0.361870,1.656989,-0.910085,-0.790678,0.482491,0.186829,0.490184,0.470106,1.352719,1.328762,-1.124262,1.322456
-1.297946,0.723634,0.437248,0.371772,0.733298,0.360291,-1.642858,0.794967,0.902225,0.199879,0.671224,0.659876,1.010550,0.812179,0.621675,0.577265,0.325841,1.746897,-1.670568,1.095321,1.020298,-0.634281,-1.607737,0.657148,-1.377540,-1.390749,1.139781,0.321762,-1.319329,-0.589775,0.371888,0.926207,221.584656,1.375646,-1.858222,0.785400,0.372721,1.077871,-1.067843,-1.134195,0.781854,0.209618,0.355057,0.799067,1.352719,1.328762,-1.241630,1.322456
-1.026404,0.579058,0.339896,0.629128,0.778301,0.365398,-1.752416,0.616672,0.902225,0.440410,0.561013,0.526624,1.072692,1.189555,0.587475,0.700940,0.527253,0.983214,-1.899280,0.961731,1.156808,-0.987209,-1.642104,2.263389,-1.088256,-1.389898,1.139781,0.567035,0.197979,-0.883561,2.605210,0.432638,151.778445,1.672306,-1.704195,0.817656,0.431741,1.272737,-1.067843,-1.033599,0.599606,0.448430,0.422281,0.161839,1.687113,1.430575,-0.421496,0.992640
-1.026404,0.623875,1.656026,0.471377,0.589909,0.412767,-1.237097,0.680915,0.615173,0.198165,0.603668,0.891651,1.072692,1.189555,0.576676,0.688762,0.300923,1.687486,-1.192804,0.961731,0.110052,-0.861902,-1.627808,2.263389,-1.088256,-1.389898,1.090462,0.280455,-0.686994,-1.100880,2.605210,0.256770,611.525755,1.087073,-1.613645,0.192120,0.399551,1.789302,-0.427440,0.412944,0.195626,0.211278,0.551291,0.348568,1.666489,1.422296,-0.421496,0.992640
-1.640769,0.688876,1.718674,0.204126,0.626260,0.392449,-1.297854,0.924057,0.113845,0.158734,0.432660,0.963005,1.005620,1.042771,0.625829,0.331043,0.257403,1.687486,-1.172839,0.587943,0.061620,-0.640277,-1.693415,0.248257,-1.269165,-1.116260,1.090462,0.245528,-1.203735,-1.100880,0.236734,0.538128,772.569079,0.884749,-1.656881,0.187149,0.234785,1.744326,-0.989692,-0.662086,0.438815,0.188449,0.486944,0.458608,0.979035,1.338450,-1.220806,0.741630
-1.640769,0.711502,0.516807,0.366495,0.707223,0.376032,-1.620995,0.974740,1.072929,0.207215,0.486466,0.672206,1.005620,1.042771,0.654299,0.403176,0.254685,1.355827,-1.736172,0.990676,0.895192,-0.640277,-1.577206,1.370572,-1.269165,-1.116260,1.238053,0.280321,-1.203735,-0.654549,0.317178,0.755995,271.354166,1.435848,-1.784374,0.757819,0.289000,1.117258,-1.054397,-1.022334,0.757563,0.215838,0.374958,0.837067,0.979035,1.338450,-1.220806,0.741630
-1.105419,0.528354,0.468097,0.597417,0.771474,0.202953,-1.707402,0.738640,1.072929,0.366213,0.547891,0.515564,1.248320,1.546194,0.610915,0.727669,0.573716,0.998232,-1.703771,1.405726,1.075715,-1.064393,-1.655819,1.436108,-2.053830,-1.389109,1.224913,0.618159,0.205340,-0.853717,1.454772,0.503118,192.290479,1.403249,-1.725129,0.815031,0.535102,1.325271,-1.054397,-1.022195,0.580432,0.522415,0.368410,0.211003,2.529745,1.346823,-0.854967,1.507629
-1.105419,0.548763,1.655919,0.377055,0.561014,0.267724,-1.871527,0.655912,0.715505,0.154734,0.516562,0.826077,1.248320,1.546194,0.643618,0.610267,0.390069,1.007284,-2.127176,1.405726,0.333947,-1.064393,-1.523449,0.873364,-1.129092,-1.322277,1.098674,0.354569,-0.674679,-1.105402,0.560103,0.382954,545.746033,1.814942,-1.611413,0.234786,0.454033,1.664174,-0.326469,0.265429,0.235645,0.209245,0.515763,0.386593,2.529745,1.346823,-0.854967,1.507629
-0.835133,0.656596,1.490821,0.227456,0.614612,0.435615,-1.600153,0.619322,0.143389,0.120905,0.590307,0.741562,1.013498,0.868679,0.606856,0.442667,0.302545,1.007284,-1.386236,0.735816,0.201209,-0.604650,-1.543752,0.271562,-1.169725,-1.196618,1.098674,0.290976,-1.063567,-1.105402,0.380369,0.360113,636.048775,1.122273,-1.743387,0.234042,0.233745,1.545189,-0.865139,-0.805297,0.495157,0.207274,0.365007,0.416734,1.369212,1.297679,-1.534424,0.657791
-0.835133,0.686871,0.516652,0.530091,0.748072,0.335383,-1.407015,0.688378,0.839770,0.211834,0.668488,0.446215,1.013498,0.868679,0.587467,0.601098,0.443466,0.938701,-1.276412,1.104705,0.872790,-0.604650,-1.198575,2.150337,-1.169725,-1.196618,1.052997,0.325687,-1.063567,-0.682600,0.388050,0.775218,266.742836,1.140636,-1.679034,0.806009,0.363661,1.062210,-1.025753,-1.066201,0.740715,0.254667,0.242939,0.731067,1.369212,1.297679,-1.534424,1.377209
0.031358,0.565522,0.495998,0.891568,0.735944,0.638767,-1.619157,0.389739,0.839770,0.454169,0.792902,0.647128,1.102890,1.631582,0.593987,0.937120,0.706503,1.130786,-1.347851,1.564178,0.725008,-2.701257,-1.738629,2.150337,-1.849024,-1.433155,1.052997,0.686061,0.010015,-0.987484,2.531219,0.377406,198.923596,1.251278,-1.670840,0.787712,0.927086,1.324503,-1.025753,-1.037188,0.581737,0.448523,0.446870,0.244185,2.962036,1.051269,-1.719578,2.008718
0.031358,0.652419,1.284095,0.543367,0.516711,0.715729,-1.197631,0.344549,0.409589,0.209494,0.641712,0.652745,1.102890,1.631582,0.553731,0.576488,0.390230,1.130786,-1.142453,1.564178,0.369524,-1.873142,-1.570838,1.945295,-1.849024,-1.433155,0.764711,0.433491,-0.509420,-0.987484,1.900708,0.474538,474.210306,1.064898,-1.538016,0.193151,0.774194,1.121386,-0.322267,0.441782,0.156503,0.217130,0.434213,0.222852,1.103696,1.010427,-1.719578,2.008718
-0.543781,0.660143,1.048424,0.317824,0.566041,0.258874,-1.425183,0.573477,0.070475,0.079529,0.266536,0.303904,0.953661,0.933831,0.495577,0.211111,0.226480,0.003595,-1.347689,1.002392,0.057121,-0.991477,-1.628957,1.261958,-1.132363,-1.179486,0.907906,0.244632,-0.896893,-0.739486,0.167170,0.950708,510.203312,1.167856,-1.646141,0.184317,0.263697,1.430817,-0.833560,-0.727137,0.471191,0.208096,0.281238,0.333383,1.141268,1.142350,-1.228040,0.678757
-0.543781,0.669329,0.391276,0.305395,0.663749,0.277625,-1.506615,0.652314,1.246458,0.135252,0.469408,0.314082,0.953661,0.933831,0.528610,0.587794,0.395486,0.385086,-1.310845,1.014830,1.182183,-0.991477,-1.309121,1.799244,-1.132363,-1.179486,0.985304,0.260703,-0.896893,-0.413561,0.421063,0.720176,203.957584,1.130841,-1.716123,0.711969,0.274374,1.399231,-0.997824,-1.058025,0.687268,0.217006,0.292556,0.801991,1.141268,1.142350,-1.228040,0.678757
-0.634862,0.604048,0.357381,0.453210,0.673320,0.546849,-1.929374,0.681821,1.246458,0.336222,0.545617,0.507330,0.933675,1.323826,0.666798,0.821315,0.506966,0.772862,-2.291832,0.965027,0.890976,-2.024214,-1.799618,1.505681,-2.171622,-1.373771,1.020658,0.539801,0.394650,-0.737001,1.429973,0.701903,144.176293,1.896452,-1.764803,0.710078,0.532024,1.130313,-0.997824,-1.041956,0.605998,0.459626,0.524808,0.236934,1.474627,0.790113,-0.830130,1.611767
-0.634862,0.707698,1.556598,0.207791,0.523277,0.380105,-1.176925,0.495267,0.809963,0.108047,0.257957,0.588359,0.933675,0.979627,0.589527,0.345339,0.204445,1.001348,-0.897001,0.755176,0.089837,-2.024214,-1.010157,0.517092,-0.406783,-0.837387,1.020658,0.272815,-0.541687,-0.923922,0.125092,0.239314,582.666828,0.705986,-1.687323,0.136307,0.446868,1.357079,-0.289902,0.499357,0.185441,0.165855,0.444125,0.372260,1.222702,0.587387,-0.830130,1.611767
0.374906,0.732792,1.548253,0.179704,0.613119,0.591802,-1.472787,0.353450,0.350441,0.069990,0.223441,0.498424,1.085473,0.962049,0.479753,0.241339,0.288796,1.001348,-1.440234,0.910207,0.739794,-0.860205,-1.104197,1.762814,-1.380721,-1.336366,0.902564,0.313383,-0.750584,-0.923922,0.528268,0.367338,723.848995,1.224172,-1.692816,0.233156,0.313543,1.542805,-0.458102,-0.834453,0.560761,0.222255,0.319404,0.348736,1.413318,0.705005,-1.376730,0.563252
0.752073,0.645248,0.605919,0.651239,0.697482,0.391313,-1.449704,0.289668,0.976444,0.201272,0.575958,0.354261,1.085473,0.962049,0.491163,0.644230,0.628003,0.565709,-1.357855,1.012337,0.875559,-2.466044,-1.413594,3.059950,-1.380721,-1.336366,0.923118,0.429705,-0.750584,-0.508384,0.528268,0.774684,299.667442,1.162726,-1.606982,0.743773,0.494934,1.326394,-0.958850,-1.012369,0.706643,0.228293,0.339880,0.647178,1.413318,0.705005,-1.376730,1.677959
1.133421,0.514389,0.342792,0.809498,0.602276,0.533856,-1.469499,0.242422,0.976444,0.238522,0.614669,0.410845,0.780914,1.261284,0.405329,0.822029,0.600692,1.003634,-1.390219,0.981830,0.225731,-2.466044,-1.793233,3.059950,-0.828943,-1.396890,0.880146,0.541427,0.207346,-0.614222,0.515194,0.206374,145.097922,1.251320,-1.788293,0.642633,0.708537,1.194969,-0.958850,-0.959365,0.504718,0.335608,0.272571,0.225190,2.203884,0.528613,-1.189200,1.677959
1.268882,0.711540,3.002755,0.233934,0.468389,0.394297,-1.379212,0.211382,0.552651,0.058175,0.270768,0.348027,0.780914,0.571054,0.381357,0.398020,0.146837,0.977938,-1.301105,0.875088,0.048700,-1.581441,-1.442063,0.098333,-0.180153,-0.816531,1.062492,0.267147,-0.587016,-0.831868,0.181634,0.312201,958.411172,1.216056,-1.622057,0.099043,0.538812,1.675433,-0.301953,0.508039,0.175956,0.086229,0.305871,0.312180,0.239153,0.592829,-0.307956,1.503124
-1.276998,0.731877,3.226722,0.221217,0.597405,0.267372,-1.640231,1.069081,0.233243,0.157178,0.347612,0.405568,1.025604,1.221162,0.573463,0.339442,0.311768,0.616317,-1.766056,0.811869,0.048700,-0.564823,-1.326953,0.207092,-1.235526,-0.992368,1.068814,0.279968,-0.980493,-0.831868,0.392435,0.561044,1262.374132,1.502112,-1.559098,0.209827,0.266983,1.647809,-0.897003,-0.718950,0.483789,0.222390,0.340004,0.400996,1.267826,0.971570,-1.099737,0.903826
-1.276998,0.723825,1.178992,0.414435,0.730401,0.330031,-1.609862,0.915848,1.243404,0.214984,0.486710,0.487570,1.025604,1.221162,0.623642,0.510135,0.353034,0.697602,-1.773607,1.068445,0.955141,-0.564823,-1.355694,1.331396,-1.235526,-0.992368,1.318169,0.308764,-0.980493,-0.602335,0.392435,0.726566,486.610701,1.455929,-1.561528,0.786930,0.319489,0.768840,-1.089806,-1.084250,0.775824,0.246867,0.294027,0.822264,1.267826,0.971570,-1.099737,0.903826
-0.742748,0.565850,0.355481,0.711922,0.802283,0.461404,-1.691730,0.611646,1.243404,0.547827,0.658648,0.475022,1.121729,1.481979,0.603236,0.898692,0.653268,0.922053,-1.579626,1.130952,0.931282,-1.461255,-1.472089,2.274062,-1.709533,-1.403102,1.318169,0.706666,0.316079,-1.129394,2.513520,0.655581,155.618185,1.415488,-1.780006,0.843666,0.752814,1.381571,-1.089806,-1.062043,0.614831,0.492759,0.409659,0.239378,2.387607,1.096683,-1.243838,2.006665
-0.742748,0.610610,1.830077,0.494782,0.577996,0.345662,-1.326290,0.569120,0.740973,0.427583,0.658791,0.734601,1.121729,1.481979,0.658736,0.860858,0.528268,0.922053,-1.168203,1.130952,0.271373,-1.461255,-1.728640,2.274062,-1.709533,-1.403102,1.270169,0.481903,-0.545663,-1.163530,2.513520,0.297630,644.948031,0.988650,-1.452265,0.216320,0.658798,1.395561,-0.348365,0.307799,0.236951,0.270991,0.413340,0.372924,2.387607,1.096683,-1.243838,2.006665
-1.352185,0.682764,1.607710,0.212199,0.625857,0.529623,-1.383632,0.826544,0.327352,0.176712,0.509574,0.652736,1.015012,1.068698,0.651147,0.412733,0.320429,0.625770,-1.174730,0.632198,0.181241,-0.500176,-1.632275,0.191919,-1.224408,-1.290764,1.270169,0.309660,-1.093699,-1.163530,0.351397,0.490065,724.651316,0.989530,-1.561095,0.215041,0.302862,1.452495,-0.995976,-0.747978,0.475651,0.218083,0.491023,0.438644,1.183748,1.218745,-1.217241,1.049310
-1.352185,0.714508,0.442402,0.388521,0.742927,0.419134,-1.354450,0.884982,1.071161,0.238607,0.547582,0.529337,1.015012,1.068698,0.606413,0.525992,0.341986,0.625770,-1.118815,1.122648,1.149482,-0.500176,-1.366880,1.161396,-1.224408,-1.290764,1.152582,0.333239,-1.093699,-0.705850,0.428229,0.920006,236.469321,1.021823,-1.706377,0.798041,0.354575,1.384673,-1.010241,-1.068319,0.778649,0.263343,0.525723,0.774996,1.183748,1.218745,-1.242295,1.049310
-0.836875,0.561871,0.509884,0.735043,0.810804,0.374541,-1.693496,0.629825,1.071161,0.549030,0.646229,0.489095,1.206461,1.413820,0.580759,0.902318,0.601208,1.061688,-1.682561,1.102243,1.149482,-1.491754,-1.740205,2.457425,-1.482516,-1.405967,1.152582,0.725128,0.086379,-1.315750,2.524235,0.625465,209.823447,1.457162,-1.851686,0.852210,0.708596,1.337636,-1.010241,-1.042469,0.612430,0.508092,0.374835,0.236413,1.622986,1.502566,-1.569981,1.915304
-0.836875,0.549742,1.663301,0.531732,0.609255,0.381721,-1.370259,0.519437,0.625721,0.424422,0.650054,0.947063,1.206461,1.413820,0.608366,0.877130,0.462405,1.069974,-1.252086,1.102243,0.217139,-1.491754,-1.608366,2.457425,-1.482516,-1.405967,1.164963,0.482316,-0.395586,-1.315750,2.524235,0.358840,635.802773,1.114303,-1.661290,0.212533,0.585432,1.654325,-0.501732,0.302207,0.176311,0.275053,0.503552,0.286202,1.622986,1.502566,-1.569981,1.915304
-2.029148,0.593550,1.381877,0.324655,0.618217,0.403512,-1.452012,1.021193,0.056005,0.147598,0.509408,0.939487,0.999936,1.050814,0.650567,0.446853,0.346927,1.275220,-1.265774,0.658316,0.048039,-0.512215,-1.652978,0.234940,-1.661703,-1.367349,1.164963,0.262471,-1.204879,-1.087230,0.131203,0.616877,662.912591,1.108755,-1.620126,0.167395,0.305983,1.672741,-1.125177,-0.738842,0.413694,0.203530,0.623234,0.457040,1.396701,1.219177,-1.639091,1.348070
-2.029148,0.643973,0.367960,0.454790,0.709581,0.402224,-1.536636,1.057652,0.950177,0.210219,0.598144,0.672628,0.999936,1.050814,0.660446,0.522372,0.338994,1.389718,-1.322300,1.166580,1.144159,-0.512215,-1.749881,1.259640,-1.661703,-1.367349,1.061835,0.295130,-1.204879,-0.518267,0.377891,0.768348,199.824593,1.160345,-1.583629,0.762235,0.371448,1.285169,-1.174562,-1.028739,0.668143,0.258118,0.537213,0.792950,1.396701,1.219177,-1.639091,1.348070
-0.968516,0.498663,0.527049,0.670916,0.785896,0.259011,-1.666251,0.646332,0.950177,0.517789,0.703351,0.414008,1.162519,1.231376,0.431188,1.062787,0.644158,0.644722,-1.732938,1.158041,1.174507,-1.061802,-1.685588,2.408213,-1.123219,-1.384199,0.896822,0.595753,0.183325,-0.810822,2.571338,0.365058,219.537715,1.492239,-1.632491,0.822899,0.408387,1.197215,-1.021499,-0.905083,0.490944,0.458558,0.319968,0.215875,1.945179,1.322330,-0.805031,0.992606
-0.950954,0.454304,1.389139,0.253616,0.540431,0.508286,-1.509968,0.634299,0.466456,0.077592,0.590133,0.696011,0.997305,0.469832,0.455594,0.561938,0.255407,0.493104,-1.501153,0.913296,0.039818,-1.061802,-1.357027,1.005331,-0.505131,-0.421536,1.063211,0.216591,-0.862439,-0.998649,0.162006,0.297915,507.721510,1.277385,-1.608255,0.187107,0.331495,1.467964,-0.340941,0.215663,0.188980,0.073009,0.385268,0.336490,0.791478,0.775697,-0.805031,0.992606
0.618360,0.675048,0.906867,0.210994,0.575889,0.333178,-1.476717,0.374126,0.459907,0.052637,0.469714,0.961321,1.037640,0.771301,0.675808,0.405324,0.331071,2.122902,-1.312025,1.303545,0.747987,-0.428148,-1.534099,0.750101,-1.258703,-1.392277,1.145678,0.277876,-1.365364,-0.853531,0.348956,1.180772,373.284867,1.171874,-1.692246,0.348880,0.281482,1.608115,-0.903697,-1.203355,0.698407,0.222726,0.589324,0.531646,1.758437,1.782400,-1.778532,0.493626
0.219808,0.838154,0.518505,0.259318,0.393831,0.487295,-1.006148,0.830021,0.699364,0.389455,0.484295,0.698510,0.480655,1.035540,0.472595,0.430076,0.338257,1.597875,-0.584908,1.324504,1.381195,-0.991533,-1.776386,0.967692,-0.372207,-1.167237,1.285312,0.354969,-0.419909,-0.888406,0.673520,0.668072,266.632908,0.434821,-1.686750,0.463233,0.388060,1.246818,-0.970590,-1.201568,0.764427,0.237565,0.333422,0.403631,1.523462,0.249255,-0.550107,0.663448
0.437373,1.137286,0.350043,0.006727,0.300829,0.024326,-0.814095,0.093304,-0.445599,0.008509,0.021772,0.172194,0.321455,-0.007733,0.042629,0.021073,0.006244,0.254403,-0.999525,0.537811,0.083383,0.078837,-0.981991,0.107563,0.063315,0.080282,0.346971,0.033014,-0.504121,-0.163682,0.118791,0.052041,143.915221,0.831618,-1.203408,0.012644,0.036997,1.228373,-0.277235,1.122441,0.009180,0.002005,0.065320,0.020027,0.128185,0.239547,0.439541,0.147076
0.603626,1.154003,0.401017,0.004732,0.291908,0.045124,-0.778952,0.033019,-0.331655,0.004660,0.024732,0.035138,0.298880,-0.007766,0.026632,0.015408,0.003943,0.029703,-1.030577,0.537636,0.100170,0.173777,-0.795898,0.116730,0.076113,0.104031,0.337330,0.013293,-0.468408,-0.135536,0.117579,0.085310,172.570753,0.796806,-1.400110,0.003659,0.010081,1.313442,-0.305182,1.123193,0.013688,0.001377,0.046264,0.035466,0.121111,0.251261,0.550099,0.125034
0.663563,0.855426,0.635510,0.179531,0.392373,0.466717,-1.558353,0.518837,0.976847,0.072660,0.326156,0.248893,0.656255,0.500044,0.184482,0.109554,0.093185,-0.006006,-1.554344,0.663825,0.100170,-0.596635,-1.296384,1.302066,-0.794945,-0.698461,0.684255,0.182649,-0.431816,-0.128715,0.490320,0.383455,274.427050,1.273395,-1.702668,0.131095,0.165596,1.366931,-0.519357,-0.517191,0.555151,0.095222,0.374753,0.422405,0.470376,0.420093,0.043570,0.125034
0.532556,0.536081,0.606354,0.173534,0.384801,0.362436,-1.537113,0.480861,1.155130,0.099756,0.328586,0.322331,0.656255,0.500044,0.203818,0.179449,0.126069,0.307219,-1.504659,0.689019,0.078170,-0.596635,-1.343411,1.559904,-0.794945,-0.698461,0.684255,0.160174,-0.354710,-0.403344,0.490320,0.351258,259.891398,1.210338,-1.748379,0.379487,0.184725,1.406213,-0.546022,-0.563078,0.619793,0.092334,0.326536,0.600854,0.470376,0.420093,0.043570,0.273770
-0.436630,0.540041,0.260108,0.223362,0.290189,0.386112,-1.664661,0.816407,1.155130,0.226387,0.244858,0.221363,0.553825,0.557461,0.295076,0.323933,0.267321,0.569323,-1.783922,0.894458,0.053178,-0.512034,-1.791172,1.559904,-0.870091,-1.068586,0.568062,0.174005,0.478498,-0.913389,1.095629,0.344911,117.476762,1.518893,-1.745247,0.314719,0.080070,1.148571,-0.562080,-0.563078,0.570044,0.222858,0.276818,0.201980,1.347975,0.700339,0.145643,0.273770
-0.466231,0.847990,0.291145,0.252065,0.411691,0.237597,-1.632031,0.264069,1.064539,0.211626,0.317033,0.286917,0.575071,0.557461,0.348369,0.304360,0.283048,0.569323,-1.655798,0.894458,0.053178,-0.938348,-1.896066,0.764816,-0.870091,-1.068586,0.929896,0.294367,-0.019227,-0.913389,1.095629,0.611318,132.337275,1.396369,-1.564228,0.290002,0.254972,1.159908,-0.562080,0.215813,0.193896,0.209805,0.299631,0.335802,1.347975,0.700339,-0.372429,0.857061
0.721265,1.090042,0.375318,0.010065,0.289379,0.061168,-0.724791,0.021308,-0.491200,0.063880,0.015734,0.027003,0.292828,-1.066143,0.359954,0.022148,0.080764,-0.045160,-0.927278,-2.487067,0.082763,0.141815,-0.952505,0.118101,0.060566,0.619701,17.804173,0.044246,-0.566499,-0.129123,1.909155,0.035090,204.838445,0.880848,-1.340144,0.002077,0.080904,1.274862,-0.272067,1.078498,0.006702,0.023500,0.036267,0.022900,-3.552716,-2.403506,0.513909,-3.572204
0.686405,1.127223,0.359703,0.002746,0.288380,0.018662,-0.713526,0.014958,-0.512973,0.063880,0.003232,0.012074,0.290444,-0.684733,0.359954,0.022148,0.080764,-0.071883,-0.906453,-1.404629,0.076073,0.166281,-0.833122,0.113240,0.068506,0.431301,11.961973,0.044246,-0.599013,-0.121431,1.310581,0.074911,210.378815,0.896753,-1.389568,0.001773,0.080904,1.113667,-0.271753,1.087367,0.015111,0.023500,0.010208,0.024007,-2.241884,-1.436445,0.521420,-2.259097
0.779105,1.079639,0.325922,0.004926,0.288808,0.040139,-0.741834,0.011219,-0.372799,0.051117,0.005847,0.035630,0.291834,-0.303322,0.288035,0.017723,0.064627,0.016626,-0.987833,-0.322192,0.075941,0.164838,-0.927082,0.106192,0.065502,0.242900,5.870640,0.035406,-0.422018,-0.115763,0.686482,0.041286,142.416130,0.895634,-1.613378,0.002281,0.064739,1.231757,-0.271691,1.055665,0.009461,0.018804,0.026376,0.011730,-0.931051,-0.469384,0.511266,-0.945990
0.712752,1.084494,0.456645,0.006018,0.285421,0.020847,-0.668076,0.020692,-0.240856,0.002747,0.007469,0.030405,0.288602,-0.001672,0.056778,0.004080,0.002018,0.001339,-0.864573,0.533044,0.084701,0.160895,-0.929938,0.111855,0.073393,0.079943,0.398563,0.006012,-0.411034,-0.120564,0.118894,0.111242,193.401445,0.783095,-1.606227,0.002362,0.007097,1.340897,-0.272663,1.054622,0.013800,0.001275,0.035655,0.052646,0.101936,0.521227,0.516817,0.100503
0.930533,0.654755,0.833119,0.116405,0.391481,0.192869,-1.587155,0.525572,1.269045,0.104592,0.133348,0.138945,0.665900,0.421972,0.165622,0.176320,0.139782,0.243447,-1.508518,0.687443,0.101592,-0.262918,-1.297732,0.382316,-0.600418,-1.059296,0.627584,0.249624,-0.155326,-0.181581,0.530962,0.685815,358.005800,1.394127,-1.659269,0.179289,0.123066,1.868923,-0.474226,-0.569717,0.518026,0.078277,0.246770,0.493943,0.652277,0.640453,-0.076481,0.467159
0.125972,0.377617,0.304275,0.170629,0.327770,0.166996,-1.605022,0.777279,1.537806,0.115882,0.188022,0.144589,0.665900,0.421972,0.194500,0.189874,0.170457,0.323325,-1.564702,0.687443,0.587125,-0.262918,-1.501528,0.505596,-0.600418,-1.059296,0.627584,0.234695,0.014760,-0.249590,0.530962,0.466225,173.980378,1.467872,-1.710200,0.376101,0.126002,0.987850,-0.521779,-0.569717,0.423902,0.129692,0.190342,0.478966,0.652277,0.546129,-0.076481,0.467159
-0.744540,0.558125,0.349266,0.176386,0.439069,0.276946,-1.638133,0.368263,1.537806,0.129995,0.285425,0.386129,0.706212,0.656260,0.383355,0.249542,0.118034,0.572252,-1.667403,0.685568,0.587125,-0.306549,-1.774036,0.786314,-0.517265,-1.218810,0.865984,0.274300,0.386167,-0.613377,0.629838,0.417711,158.412906,1.433906,-1.795318,0.346188,0.247828,0.930181,-0.521779,0.082370,0.138846,0.242735,0.530784,0.361187,0.263785,0.615532,-0.316251,0.715186
-0.502259,0.734028,1.950103,0.058351,0.491225,0.267758,-1.284691,0.519810,0.847388,0.029112,0.307105,0.497932,0.664688,0.040107,0.192596,0.173134,0.045563,0.669193,-1.267945,0.624000,0.085664,-0.199942,-1.414868,0.769367,-0.109849,-0.146353,0.865984,0.078414,-0.510200,-0.925323,0.129088,0.204435,653.568511,1.119002,-1.666623,0.066386,0.228277,1.528970,-0.283746,0.560330,0.152742,0.015975,0.417881,0.363720,0.261130,0.382865,0.039739,0.715186
-1.114227,0.727937,1.998636,0.271942,0.602584,0.343237,-1.454232,0.829428,0.261729,0.116100,0.464439,0.498681,0.934674,0.595611,0.448257,0.341828,0.211200,0.669193,-1.385215,0.704113,0.092134,-0.535400,-1.360918,0.478337,-1.140964,-0.819852,0.728348,0.228694,-1.013318,-0.925323,0.216075,0.293086,872.090988,1.219354,-1.712566,0.170654,0.255980,1.539951,-0.730078,-0.759560,0.489840,0.140698,0.354453,0.418019,0.896070,1.183203,-1.130367,0.916844
-1.114227,0.646339,0.458968,0.389537,0.647415,0.347322,-1.543296,0.792090,1.017776,0.149544,0.548995,0.439906,0.934674,0.595611,0.459136,0.392280,0.201902,0.719842,-1.542291,1.014162,0.741145,-0.535400,-2.040441,0.822225,-1.140964,-0.819852,0.893419,0.243179,-1.013318,-0.400177,0.259845,0.652959,228.259194,1.356219,-1.810098,0.697771,0.285343,2.083358,-0.973798,-1.019274,0.663949,0.182714,0.307536,0.755148,0.896070,1.183203,-1.130367,0.916844
-1.067878,0.574813,0.440117,0.568441,0.716104,0.313450,-1.673166,0.636538,1.017776,0.339691,0.498098,0.392709,0.956504,1.665699,0.427650,0.526375,0.502960,0.574197,-1.633780,1.042483,0.750895,-0.926340,-1.732268,2.199142,-1.106500,-1.338697,0.630638,0.534716,0.247266,-0.665498,1.850258,0.268372,190.043462,1.399032,-1.642443,0.746458,0.430545,1.446679,-0.942711,-0.861614,0.503203,0.449175,0.444956,0.191294,1.809220,1.283008,-0.917955,1.213028
-1.067878,0.671124,1.840462,0.273906,0.543028,0.361584,-1.623859,0.623873,0.628594,0.069281,0.252519,0.655759,0.956504,1.665699,0.332521,0.376891,0.252286,1.090678,-1.372982,0.995082,0.138475,-0.926340,-1.662868,0.593425,-0.806710,-1.152020,1.010508,0.245336,-0.706238,-1.010297,0.212559,0.136334,646.618272,1.407003,-1.460745,0.167763,0.369157,1.514784,-0.372982,0.433635,0.201177,0.209354,0.441498,0.378184,1.809220,0.666425,-0.917955,1.213028
-1.987628,0.711422,1.695791,0.269874,0.619376,0.365559,-1.391704,0.974576,0.026961,0.121008,0.476338,0.874315,0.962095,0.971147,0.511425,0.363199,0.249466,1.193106,-0.924823,0.783182,0.018953,-0.635281,-1.567554,0.329471,-1.394633,-1.024319,1.010508,0.256202,-1.181004,-1.010297,0.131569,0.338054,753.433905,0.853292,-1.702950,0.175914,0.284804,1.354564,-1.061172,-0.827917,0.498878,0.176109,0.420077,0.416387,1.080320,1.354890,-1.401829,1.125765
-1.987628,0.654194,0.503750,0.338849,0.685206,0.395328,-1.819967,1.000089,1.072403,0.191709,0.541156,0.640009,0.962095,0.971147,0.507715,0.463206,0.255544,1.201610,-1.819782,1.141580,0.837927,-0.371927,-1.934944,0.308857,-1.394633,-1.024319,0.941692,0.288176,-1.181004,-0.412391,0.339681,0.724676,253.686272,1.452047,-1.846880,0.733240,0.320144,1.099418,-1.130793,-1.082207,0.675982,0.216920,0.404438,0.839734,1.080320,1.354890,-1.401829,1.125765
-0.528435,0.610376,0.346745,0.462103,0.686118,0.271545,-1.632693,0.542121,1.072403,0.414706,0.517379,0.489458,0.887931,0.893790,0.484700,0.437193,0.486675,0.805105,-1.614506,0.922346,0.837927,-1.134274,-1.709500,2.509742,-0.983483,-1.390846,0.898049,0.542075,0.314769,-0.906984,2.141548,0.508833,154.577225,1.287175,-1.744969,0.721955,0.533898,1.205415,-0.981262,-0.886629,0.511722,0.371466,0.444184,0.187798,1.305405,1.454476,-0.669497,1.403274
-0.528435,0.715447,2.114350,0.210323,0.546948,0.272189,-1.349161,0.612975,0.696394,0.071853,0.248066,0.574896,0.882689,0.735729,0.339507,0.147252,0.271634,0.839064,-1.191360,0.787101,0.145929,-1.134274,-1.574337,0.871257,-0.545814,-0.602705,0.898049,0.187384,-0.626938,-1.034039,0.308991,0.171943,666.917569,0.960283,-1.440625,0.116691,0.514603,1.811138,-0.289988,0.531432,0.170463,0.128312,0.442294,0.392496,1.287206,0.455001,-0.669497,1.403274
-1.397360,0.724454,2.298129,0.258630,0.625688,0.306814,-1.348603,0.816898,0.198351,0.118655,0.437354,0.647592,0.951244,1.045038,0.485170,0.331573,0.245667,1.188301,-1.171897,0.838615,0.053609,-0.556885,-1.366488,0.389449,-1.143062,-0.933112,0.881354,0.264238,-1.073468,-1.034039,0.280879,0.290386,936.000072,0.919713,-1.665159,0.185890,0.241371,1.961654,-0.964428,-0.831038,0.532021,0.194540,0.371996,0.393167,1.018764,0.963516,-1.239641,1.078684
-1.397360,0.665622,0.427229,0.376280,0.701684,0.291524,-1.675846,0.842154,1.202357,0.191327,0.513267,0.529456,0.951244,1.045038,0.484107,0.423639,0.236591,1.198605,-1.703363,1.018995,0.826072,-0.556885,-1.519277,0.621288,-1.143062,-0.933112,0.899152,0.287292,-1.073468,-0.322425,0.348074,0.636421,242.549904,1.501370,-1.741239,0.753941,0.300321,1.011998,-1.046800,-1.094724,0.690695,0.230412,0.345099,0.844933,1.018764,0.963516,-1.239641,1.078684
-0.512016,0.580527,0.588045,0.498904,0.712703,0.235539,-1.710274,0.497432,1.202357,0.387302,0.497456,0.507316,0.946919,0.919675,0.463625,0.473054,0.482635,0.636988,-1.875737,0.968439,0.787253,-0.755891,-1.776432,2.303397,-1.388984,-1.388349,0.770515,0.531274,0.177382,-0.705526,1.879970,0.436585,215.329749,1.525362,-1.775033,0.745139,0.436763,1.390087,-0.982454,-0.858286,0.480299,0.383802,0.518525,0.274756,1.825797,1.283146,-0.529047,1.300605
-0.512016,0.705096,2.240967,0.272859,0.529712,0.274178,-1.541617,0.501447,0.657750,0.062055,0.252249,0.652886,0.874633,0.463551,0.285530,0.173096,0.124084,0.698514,-1.431287,0.772830,0.101511,-0.755891,-1.395393,0.691178,-0.466749,-0.237289,0.918335,0.129114,-0.712687,-1.058870,0.132545,0.222127,743.292682,1.287202,-1.467129,0.119797,0.358401,1.542103,-0.282321,0.462570,0.204924,0.072194,0.464619,0.383952,0.879569,0.469122,-0.498745,1.300605
-1.119464,0.716977,1.892311,0.168461,0.622522,0.294209,-1.235183,0.698226,0.067566,0.091663,0.409944,0.705756,1.011138,0.883839,0.498715,0.361595,0.268434,1.211137,-0.825716,0.850079,0.049986,-0.646821,-1.307080,0.279062,-1.364078,-1.106003,0.918335,0.235669,-1.118513,-1.058870,0.132545,0.381004,774.028511,0.716101,-1.661135,0.177776,0.202208,1.561306,-0.938880,-0.767446,0.498363,0.174661,0.311492,0.390717,1.337770,1.317448,-1.031161,0.796365
-1.119464,0.682459,0.567114,0.356678,0.697103,0.286454,-1.575371,0.796097,1.026589,0.159613,0.514886,0.533111,1.011138,0.883839,0.488624,0.508001,0.324902,1.211137,-1.643121,1.151249,0.876230,-0.646821,-1.570612,1.532014,-1.364078,-1.106003,0.968108,0.265497,-1.118513,-0.372184,0.368479,0.944090,264.259457,1.392242,-1.719097,0.745751,0.304796,1.414151,-1.017213,-1.103840,0.710311,0.220701,0.262494,0.806540,1.337770,1.317448,-1.283685,0.796365
-0.310133,0.599781,0.352489,0.587779,0.719119,0.467133,-1.711786,0.515039,1.026589,0.349517,0.661398,0.653813,0.972927,1.112051,0.483763,0.633100,0.563719,0.635569,-1.696094,1.055164,0.661968,-1.275974,-1.606257,1.532014,-1.877363,-1.389852,0.962993,0.498180,0.271916,-0.665094,1.814762,0.611029,164.471045,1.575544,-1.727771,0.753489,0.525044,1.084130,-1.017213,-1.072309,0.613201,0.367514,0.433552,0.227401,2.204798,1.162798,-1.112257,1.429991
-0.310133,0.614295,0.771413,0.324801,0.536308,0.409482,-1.290539,0.544424,0.458066,0.132707,0.549282,0.649668,0.972927,1.112051,0.539233,0.518871,0.266102,0.635569,-1.242025,0.711719,0.073075,-1.275974,-1.648846,1.509981,-1.877363,-1.373462,0.849395,0.205520,-0.069132,-0.703492,1.814762,0.466517,290.335770,1.157725,-1.560248,0.153066,0.421466,1.473999,-0.308997,0.446133,0.121487,0.192072,0.532291,0.191172,2.204798,1.162798,-1.112257,1.429991
0.686670,0.637099,0.915598,0.253110,0.571571,0.345034,-1.228542,0.361728,0.668928,0.046297,0.342536,0.619349,0.984474,0.782642,0.462474,0.285620,0.208011,0.952308,-1.226842,1.028334,0.368179,-1.622825,-1.516025,2.176993,-1.316839,-1.186148,0.849395,0.285939,-0.171190,-0.703492,0.366240,0.229472,414.095038,1.147497,-1.749616,0.214112,0.294188,1.509585,-0.315774,-0.970570,0.574276,0.162026,0.220086,0.208928,1.177400,0.361667,-1.013517,0.660130
0.314743,0.686407,0.302689,0.324302,0.601612,0.353055,-1.259236,0.386386,1.122984,0.084926,0.356949,0.390892,0.984474,0.782642,0.450210,0.566267,0.418753,0.952308,-1.033666,1.131277,0.676395,-1.622825,-1.344394,2.476460,-1.316839,-1.186148,0.862821,0.292972,-0.171190,-0.453782,0.366371,0.452551,185.470502,0.867139,-1.640916,0.652015,0.241241,1.128236,-0.864029,-1.168327,0.599982,0.141870,0.191095,0.468604,1.177400,0.554254,-1.013517,0.623208
-0.224138,0.593304,1.019926,0.326884,0.548746,0.281469,-1.808999,0.455828,1.122984,0.211821,0.474164,0.372760,0.779987,0.912076,0.380316,0.595857,0.376102,0.412798,-2.033963,0.889490,0.574247,-1.547079,-1.705256,0.756612,-1.481254,-0.859095,0.659097,0.406996,0.186489,-0.602333,0.865667,0.348888,317.807884,1.766966,-1.655460,0.570171,0.315199,1.518847,-0.855070,-0.836747,0.468489,0.349146,0.496087,0.289140,1.368304,0.863765,-0.230433,1.008604
-0.188319,0.759200,2.032365,0.231244,0.503467,0.266643,-1.861249,0.482109,0.561221,0.048346,0.281732,0.484913,0.760960,0.228395,0.193639,0.189240,0.093243,0.583077,-2.230111,0.729424,0.095732,-1.547079,-1.513103,0.506424,-0.200232,-0.279567,0.781288,0.163876,-0.511852,-0.665046,0.221952,0.170198,707.376549,1.950051,-1.557600,0.084411,0.248493,1.471764,-0.347089,0.586706,0.126365,0.052696,0.377483,0.268389,0.364321,0.316743,-0.230433,1.008604
0.304751,0.743113,1.689743,0.193093,0.629546,0.331083,-1.427598,0.367587,-0.030973,0.066349,0.196799,0.370089,1.053950,0.765322,0.486118,0.283478,0.254150,0.421324,-1.251179,0.900235,0.535504,-0.499924,-1.498631,0.713012,-1.043371,-0.894297,0.834780,0.257158,-0.843202,-0.665046,0.385248,0.385661,775.012439,1.038622,-1.719672,0.201907,0.214679,1.636248,-0.635724,-0.894545,0.570012,0.211714,0.429829,0.286301,1.130069,0.584022,-1.154513,0.565160
0.304751,0.655874,0.359687,0.569574,0.700552,0.222871,-1.583594,0.429652,0.947305,0.166705,0.426339,0.295812,1.053950,0.765322,0.505635,0.543734,0.480482,0.492367,-1.564805,1.040653,0.739035,-1.760236,-1.338519,2.543032,-1.043371,-0.894297,0.834780,0.302190,-0.843202,-0.292863,0.406320,0.765806,215.326950,1.321472,-1.810947,0.750335,0.365902,1.203521,-0.930660,-1.107874,0.672860,0.216225,0.397530,0.689141,1.130069,0.584022,-1.154513,1.391270
0.138542,0.566679,0.336907,0.778523,0.624576,0.290013,-1.666051,0.400527,0.947305,0.372994,0.648681,0.411679,0.826697,0.897500,0.437015,0.774834,0.508011,0.568214,-1.817625,0.855618,0.461074,-2.333827,-1.718571,2.543032,-1.296292,-1.380341,0.729050,0.553147,0.238951,-0.856556,2.025225,0.264498,145.992825,1.608503,-1.752411,0.664879,0.700737,1.237469,-0.930660,-0.783255,0.455367,0.355723,0.456729,0.215114,2.337013,0.633485,-1.103969,2.014361
0.212539,0.710401,1.952597,0.119371,0.496943,0.239147,-1.149509,0.326803,0.487772,0.040065,0.218157,0.317798,0.788182,0.168343,0.312438,0.218062,0.054287,0.401707,-0.907849,0.735242,0.081897,-2.333827,-1.475717,0.290800,-0.185604,-0.497603,1.025485,0.245936,-0.643891,-0.774905,0.268401,0.283451,637.333345,0.711024,-1.653711,0.087487,0.525757,1.607632,-0.305779,0.556009,0.131166,0.028126,0.282911,0.314563,0.270928,0.459140,-1.052852,2.014361
-1.268848,0.690934,1.880226,0.270250,0.572931,0.219735,-1.488317,0.932257,0.171102,0.127472,0.512592,0.483323,0.925481,0.778998,0.510935,0.310561,0.230579,0.943594,-1.416914,0.762434,0.053889,-1.091246,-1.711656,0.326408,-1.205592,-0.881113,1.023851,0.205616,-1.181308,-0.774905,0.156157,0.708025,805.466656,1.252041,-1.723177,0.144852,0.320525,1.670853,-0.974263,-0.665202,0.409210,0.162262,0.305048,0.451897,1.154565,1.094144,-0.448729,1.322309
-1.268848,0.637763,0.460099,0.327924,0.621610,0.248387,-1.647341,0.982179,0.904992,0.160024,0.610453,0.521013,0.925481,0.778998,0.543680,0.419099,0.271702,0.943594,-1.667405,1.008795,0.723256,-1.091246,-2.033522,1.004740,-1.205592,-0.881113,1.023851,0.218710,-1.181308,-0.460118,0.284851,0.990375,235.494214,1.465457,-1.623444,0.671207,0.373580,1.051379,-1.041749,-1.012694,0.671104,0.223258,0.303714,0.769738,1.154565,1.094144,-0.865356,1.322309
-0.465737,0.586683,0.383879,0.609320,0.691730,0.217827,-1.778324,0.691024,0.904992,0.309588,0.496543,0.431075,0.947399,1.227289,0.551842,0.605210,0.426532,0.535224,-1.973071,0.908634,0.641137,-1.066706,-1.658173,1.527791,-1.518802,-1.384662,0.737786,0.492123,0.090848,-0.665225,1.602707,0.207450,166.709881,1.722351,-1.693243,0.725138,0.392275,1.258037,-0.936143,-0.862996,0.548624,0.372121,0.462966,0.225157,1.089083,1.183265,-0.203052,1.039192
-0.465737,0.747151,1.952757,0.314960,0.548598,0.218922,-1.110568,0.451404,0.442802,0.086957,0.410363,0.510983,0.947399,0.663456,0.501102,0.349075,0.182488,0.576444,-1.102062,0.667770,0.081720,-1.066706,-1.720788,0.361995,-0.529124,-0.596021,1.081175,0.235799,-0.736678,-0.893858,0.129371,0.376263,672.937998,0.945822,-1.633448,0.141503,0.329697,1.497251,-0.304399,0.538941,0.169435,0.099941,0.554979,0.330272,0.951500,0.380262,-0.203052,1.039192
-0.868347,0.748875,1.869467,0.267868,0.618958,0.236880,-1.559965,0.578594,-0.120764,0.076596,0.366945,0.508200,0.961158,0.881172,0.521047,0.264976,0.263349,0.593646,-1.458449,0.663754,0.037638,-0.495959,-1.466311,0.256669,-1.214637,-1.013045,1.081175,0.201318,-1.257407,-0.893858,0.187349,0.525393,833.127583,1.223414,-1.595395,0.174765,0.251915,1.591295,-0.853419,-0.683426,0.462853,0.194077,0.422334,0.372138,1.210689,1.231000,-0.759355,0.778512
-0.868347,0.700324,0.633925,0.350820,0.698288,0.291236,-1.647700,0.761074,1.241609,0.180769,0.491978,0.394324,0.961158,0.881172,0.492560,0.426395,0.304652,0.593646,-1.623673,0.936968,0.993334,-0.495959,-1.967054,0.873084,-1.214637,-1.013045,0.915976,0.234040,-1.257407,-0.442702,0.289769,0.665780,312.902124,1.466237,-1.648478,0.751045,0.273304,1.395506,-1.009237,-1.101757,0.739592,0.210300,0.357799,0.924118,1.210689,1.231000,-0.908472,0.778512
-0.871849,0.598002,0.398175,0.593753,0.732100,0.236807,-1.742116,0.678400,1.241609,0.518677,0.568894,0.422272,0.920492,1.281699,0.447849,0.633821,0.533896,0.644678,-1.829778,1.187295,0.995340,-1.279084,-1.755627,2.283018,-0.852468,-1.382040,0.810641,0.566506,0.104094,-0.864637,2.313093,0.410937,170.629729,1.575234,-1.927490,0.770178,0.476984,1.100074,-1.008790,-1.068563,0.594149,0.461654,0.447896,0.313545,2.002602,1.283794,-0.625402,1.105424
-0.871849,0.697094,1.798684,0.378667,0.563817,0.308382,-1.187201,0.567760,0.568462,0.118719,0.382260,0.619547,0.920492,1.281699,0.392795,0.473221,0.274862,0.680383,-1.067807,1.187295,0.100233,-1.279084,-1.710042,0.952077,-0.642800,-1.027310,0.980207,0.254868,-0.602863,-0.934279,0.162103,0.173994,618.032784,1.069459,-1.717642,0.138335,0.395794,1.528768,-0.376572,0.507420,0.151208,0.185080,0.525975,0.322226,1.481462,0.499664,-0.625402,1.105424
-1.655036,0.682691,1.439235,0.249756,0.609318,0.289499,-1.278801,0.873393,-0.053923,0.111416,0.428667,0.745842,0.913718,0.869487,0.499397,0.319901,0.222740,1.061247,-1.027868,0.834856,0.035108,-0.479512,-1.551295,0.297728,-1.283972,-1.148971,0.980207,0.224946,-1.108443,-0.934279,0.142181,0.274623,667.397016,0.893925,-1.538922,0.156074,0.261767,1.539948,-1.072618,-0.793672,0.492234,0.169382,0.366407,0.378939,0.902441,1.356480,-0.936287,0.967912
-1.655036,0.608425,0.378930,0.327755,0.652126,0.272841,-1.671645,0.915325,0.859030,0.162622,0.494364,0.534211,0.913718,0.869487,0.471807,0.392879,0.213488,1.061247,-1.671521,1.055127,0.788075,-0.479512,-1.990482,0.954420,-1.283972,-1.148971,0.877363,0.260702,-1.108443,-0.202630,0.343479,0.461874,218.385383,1.417727,-1.612851,0.699819,0.304557,1.014998,-1.153727,-1.042083,0.617537,0.231420,0.224116,0.728488,0.902441,1.356480,-0.936287,0.967912
-1.074728,0.560816,0.817086,0.568305,0.699418,0.329581,-1.769551,0.606388,0.859030,0.387454,0.542630,0.477677,0.970303,1.515129,0.440760,0.867393,0.555417,0.771595,-1.884568,1.353610,0.788075,-1.083901,-1.724620,2.543245,-1.549023,-1.383557,0.610332,0.516103,0.093320,-0.765120,2.449731,0.424074,286.522285,1.651889,-1.615463,0.709729,0.392993,1.436456,-0.897938,-0.534299,0.351055,0.459604,0.533603,0.194129,1.599777,1.335858,-0.489731,0.909767
-0.543088,0.589538,1.984527,0.053391,0.519041,0.249152,-1.175215,0.506555,0.606952,0.029112,0.310146,0.640483,0.938853,0.049829,0.277912,0.166429,0.052462,0.768056,-1.168947,1.353610,0.078337,-0.443643,-1.455771,0.848820,-0.073243,-0.219353,0.818450,0.148309,-0.995423,-0.808863,0.154822,0.235951,656.772667,1.012843,-1.592472,0.105354,0.192864,1.607136,-0.327230,0.388114,0.163835,0.014264,0.318071,0.393239,0.529965,0.772127,-0.344611,0.909767
-0.768195,0.698492,1.140870,0.201589,0.574011,0.289050,-1.674821,0.767003,0.188594,0.089583,0.471591,0.979265,0.971097,0.743092,0.569014,0.386749,0.202504,2.322228,-1.653768,1.219494,0.768415,-0.298926,-1.431849,0.188345,-1.157857,-1.381939,0.992573,0.291041,-1.352438,-0.797657,0.252493,1.144303,528.139169,1.440806,-1.670667,0.228298,0.365501,1.667427,-0.999264,-1.199157,0.666876,0.209011,0.701048,0.458907,0.863899,1.658453,-2.312698,1.156860
-0.768195,0.793888,0.983743,0.388774,0.466175,0.632513,-1.669032,0.834078,0.698806,0.405888,0.532468,0.889761,0.808526,1.039996,0.568272,0.518703,0.496287,2.322228,-1.549991,1.581243,1.438589,-2.860785,-1.857449,1.202697,-1.157857,-1.372312,1.395424,0.550552,-0.885419,-1.403138,1.003882,0.718637,478.584635,1.359678,-1.677905,0.536419,0.579042,1.734241,-1.033355,-1.199157,0.847403,0.377149,0.511526,0.385387,1.410157,0.219147,-2.312698,1.390382
-0.111981,1.204872,0.622699,0.017440,0.308255,0.181041,-1.180022,0.106724,-0.265077,0.024891,0.066861,0.325678,0.347226,-0.005541,0.093391,0.064491,0.016849,0.794702,-1.130854,0.613590,0.096716,0.121866,-1.203552,0.330425,0.051381,-0.097161,0.582627,0.071286,-0.448763,-0.448175,0.113005,0.183241,259.427327,1.052162,-1.670642,0.017113,0.095917,1.346619,-0.305590,1.108369,0.031395,0.008127,0.201896,0.044602,0.177848,0.137581,0.465549,0.374229
0.270059,1.172283,0.434613,0.007565,0.293561,0.050278,-1.034522,0.090716,-0.318524,0.006983,0.027311,0.085692,0.304690,-0.011095,0.035794,0.037830,0.016088,0.151565,-1.171833,0.550182,0.086401,0.104404,-0.992600,0.054316,0.042374,0.071117,0.328976,0.026073,-0.449560,-0.149777,0.116604,0.106281,189.976959,1.030967,-1.672791,0.004252,0.036321,1.219068,-0.285058,1.119285,0.036616,0.003759,0.039201,0.032267,0.157777,-0.004335,0.551245,0.181319
0.443937,0.831738,0.326572,0.093910,0.384370,0.312270,-1.377002,0.616155,0.951381,0.058443,0.229839,0.138393,0.640449,0.320803,0.194254,0.207076,0.075923,0.132997,-1.247958,0.568074,0.086401,-0.462146,-1.166010,0.865925,-0.591539,-0.480491,0.686669,0.151399,-0.386886,-0.105011,0.468709,0.190740,188.184262,1.063866,-1.703928,0.122259,0.163102,1.157673,-0.412804,-0.408103,0.505993,0.080654,0.155021,0.434786,0.316451,0.501823,0.034931,0.244156
0.478118,0.473711,0.285207,0.207266,0.379639,0.335168,-1.255180,0.615560,1.022461,0.085425,0.402913,0.210013,0.640449,0.320803,0.223117,0.246516,0.132502,0.380586,-0.901304,0.568074,0.081164,-0.875323,-1.361620,0.927273,-0.591539,-0.480491,0.686669,0.113793,-0.352932,-0.539788,0.468709,0.568137,168.910525,0.727165,-1.524244,0.384626,0.217073,1.129474,-0.631622,-0.432017,0.542252,0.095559,0.151197,0.519084,0.316451,0.501823,0.034931,0.586477
0.098927,0.518366,0.322422,0.353368,0.367724,0.243251,-1.700682,0.684210,1.022461,0.262712,0.618024,0.310750,0.698362,0.744774,0.351567,0.545176,0.388058,0.380586,-1.987847,0.887633,0.288530,-1.162608,-1.703590,1.509971,-0.540069,-1.389800,0.531226,0.323790,0.565617,-0.691824,1.661196,0.597567,150.283946,1.757445,-1.818629,0.408928,0.365687,1.132814,-0.631622,-0.432017,0.471238,0.285352,0.309993,0.158955,1.853730,0.765981,-0.260647,0.788840
0.098927,0.705684,0.446778,0.275093,0.454344,0.403516,-1.725392,0.335397,0.794993,0.249548,0.599522,0.391815,0.698362,0.744774,0.376377,0.461677,0.369487,0.634916,-2.064230,0.887633,0.288530,-1.162608,-1.690112,1.509971,-0.540069,-1.389800,0.821214,0.353613,0.138701,-0.691824,1.661196,0.951196,175.436053,1.824865,-1.791823,0.164969,0.467408,1.430961,-0.562289,0.630122,0.052700,0.256965,0.278712,0.217289,1.853730,0.765981,-0.421903,1.591453
0.633863,0.936084,1.253643,0.051184,0.407751,0.243169,-0.921670,0.323689,-0.355735,0.026911,0.089520,0.507730,0.698626,0.099465,0.260411,0.068494,0.034984,0.955264,-0.792783,0.581512,0.043662,-0.207419,-1.233973,-0.228667,-0.302777,-0.559549,0.788939,0.060273,-0.663867,-0.561521,0.136056,0.876882,428.012309,0.717331,-1.497313,0.116117,0.110687,1.629282,-0.294139,0.714901,0.078825,0.020081,0.166989,0.099841,0.300462,0.405589,0.281566,0.356062
0.899580,0.673190,1.015497,0.486625,0.442230,0.148876,-1.507027,0.300996,0.780084,0.058008,0.447332,0.294668,0.729343,0.304244,0.243548,0.367714,0.287281,0.272166,-1.477665,0.806874,0.174089,-0.760345,-1.082741,3.044386,-1.245249,-0.773821,0.596801,0.185881,-0.663867,-0.352787,0.367848,1.033680,445.374787,1.187433,-1.773845,0.307621,0.296940,1.625501,-0.535456,-0.689482,0.666196,0.084914,0.189477,0.538518,1.094228,0.405589,-0.648351,0.356062
-0.029794,0.801545,0.634175,0.412841,0.325169,0.365003,-1.030968,0.542080,0.788385,0.173404,0.270273,0.394504,0.452287,0.656876,0.297269,0.542400,0.462916,1.065268,-1.181158,0.915146,0.461656,-1.246009,-1.482871,2.680476,-0.378445,-0.758820,0.928663,0.256626,-0.416927,-0.773836,0.476794,0.232053,312.688894,1.066748,-1.639856,0.314718,0.266804,1.551129,-0.582216,-0.413767,0.455627,0.176986,0.329768,0.399219,2.018392,0.363424,-0.333806,0.729179
0.217645,1.207758,0.374592,0.033555,0.316793,0.260457,-1.114938,0.175836,-0.286932,0.025315,0.075356,0.220442,0.359431,-0.009890,0.161935,0.083848,0.022742,0.001907,-1.260245,0.571648,0.050852,-0.150391,-0.955422,-0.056310,0.010416,0.001684,0.557087,0.057410,-0.456235,-0.173059,0.123393,0.362126,167.876858,1.020020,-1.448017,0.024225,0.089033,1.194299,-0.283612,1.121109,0.045663,0.005352,0.219905,0.041530,0.211078,0.380067,0.447102,0.286719
0.982493,0.859025,0.277421,0.030483,0.305152,0.081988,-0.584463,0.098854,-0.141929,0.010282,0.030880,0.178502,0.375069,0.001214,0.148378,0.030461,0.011903,0.242977,-0.817449,0.579535,0.095899,0.085846,-1.208212,0.051413,0.071149,0.024011,0.530306,0.033747,-0.348245,-0.193333,0.125108,0.276534,133.046436,0.817920,-1.582273,0.036205,0.055767,0.946230,-0.304438,0.823909,0.043605,0.003141,0.088777,0.060597,0.122978,0.496686,0.627096,0.140326
0.829324,0.698336,1.610089,0.249684,0.415839,0.229320,-1.395224,0.296962,1.219967,0.100337,0.318357,0.154294,0.700157,0.406195,0.143116,0.154792,0.124734,0.215745,-1.317024,0.812195,0.555352,-0.168502,-1.294027,0.854009,-1.012376,-0.955163,0.511191,0.171221,-0.203828,-0.193333,0.415445,1.115730,730.068807,1.243510,-1.759710,0.193393,0.099312,1.687187,-0.582678,-0.972782,0.682374,0.079175,0.132006,0.497898,0.596322,0.627077,-0.325315,0.242979
0.164486,0.543980,0.310222,0.357851,0.408184,0.141743,-1.503247,0.490016,1.363632,0.156529,0.324269,0.190204,0.700157,0.406195,0.233323,0.269112,0.208217,0.384511,-1.311392,0.812195,0.722323,-0.351332,-1.426496,0.854009,-1.012376,-0.955163,0.589216,0.245821,0.111782,-0.547949,0.415445,0.597488,177.521945,1.264413,-1.878130,0.451851,0.191573,1.093868,-0.673402,-0.973105,0.568334,0.202746,0.220708,0.366117,0.596322,0.627077,-0.034865,0.426767
-0.737560,0.626356,0.487965,0.265488,0.462590,0.328978,-1.626688,0.380688,1.339885,0.227560,0.508140,0.403815,0.734751,0.644874,0.365762,0.342062,0.254834,0.712321,-1.482796,0.807916,0.722323,-0.791803,-1.523263,1.297921,-0.918219,-1.346674,0.811158,0.360197,0.239104,-0.655352,1.359730,0.219344,175.242252,1.247906,-1.770063,0.366086,0.401214,1.328644,-0.632243,-0.026104,0.173232,0.256614,0.360200,0.303683,0.855767,0.673101,-0.489086,1.179473
-0.357726,0.857828,2.900218,0.141780,0.468274,0.172273,-1.731716,0.533004,0.706479,0.038379,0.258181,0.369125,0.606636,0.023538,0.220048,0.139944,0.063258,0.712321,-1.961350,0.590436,0.128988,-0.402926,-1.034958,0.396338,-0.173478,-0.126259,0.829823,0.110417,-0.644737,-0.853182,0.139115,0.119343,894.553844,1.640212,-1.381290,0.082836,0.176604,2.061646,-0.290774,0.626739,0.177471,0.022793,0.181434,0.353522,0.252105,0.579607,0.196456,0.522754
-0.859273,0.794199,2.741208,0.234046,0.629324,0.324678,-1.688122,0.742694,0.169027,0.082329,0.428773,0.349013,0.893443,0.533232,0.435695,0.361229,0.248810,0.607437,-1.772716,0.811294,0.062956,-0.508750,-1.036634,0.115729,-1.043789,-0.887125,0.829823,0.254168,-0.987872,-0.853182,0.301631,0.235977,1022.337371,1.506731,-1.608810,0.165917,0.257740,2.081744,-0.739789,-0.781561,0.559077,0.137499,0.292903,0.351235,0.993715,1.073228,-1.181229,0.910881
-0.859273,0.613650,0.311974,0.367668,0.649497,0.302448,-1.478915,0.703265,0.951908,0.151018,0.468976,0.389468,0.893443,0.533232,0.421777,0.402002,0.251282,0.624994,-1.379731,1.008545,0.869346,-0.508750,-1.564925,0.976759,-1.043789,-0.887125,0.814901,0.270002,-0.987872,-0.221543,0.301631,0.652486,180.358037,1.233143,-1.779502,0.701254,0.302360,1.095805,-0.973162,-1.017530,0.631924,0.173646,0.287113,0.708528,0.993715,1.073228,-1.181229,0.910881
-0.769276,0.577448,0.416029,0.543713,0.652996,0.283443,-1.678078,0.457958,0.951908,0.322766,0.470778,0.374534,0.853051,0.774029,0.367037,0.448724,0.424121,0.526735,-1.518010,1.030253,0.705957,-1.023646,-1.548006,1.778220,-1.202570,-1.384452,0.572322,0.516554,0.027964,-0.772838,1.679458,0.359708,178.568168,1.306165,-1.734286,0.668298,0.417766,1.382414,-0.869057,-0.530558,0.340221,0.361025,0.430220,0.255041,1.133177,1.257176,-0.240108,0.900850
-0.167654,0.745349,1.987986,0.079132,0.498208,0.318138,-1.430178,0.417651,0.450755,0.031199,0.210015,0.522558,0.780802,0.036348,0.270061,0.142320,0.048859,0.712809,-1.310932,0.798745,0.082608,-0.993000,-1.297158,0.538408,-0.096963,-0.116910,1.051217,0.132472,-0.726652,-1.058025,0.123785,0.425056,632.245050,1.224004,-1.713975,0.093435,0.271926,1.425791,-0.308543,0.506281,0.190890,0.013808,0.324334,0.310768,0.371398,0.535624,-0.240108,0.900850
-1.707507,0.709088,1.760566,0.249069,0.598559,0.269436,-1.440621,0.995605,-0.075068,0.108168,0.557203,0.602714,0.846840,0.432407,0.420997,0.374086,0.239497,0.806838,-1.351111,0.808659,0.241485,-0.501809,-1.305862,0.158762,-1.049187,-0.834370,0.979432,0.215329,-1.111382,-1.058025,0.123015,0.613548,746.462724,1.191612,-1.712657,0.136132,0.256896,1.542243,-0.845670,-0.803787,0.509231,0.106430,0.358761,0.332166,1.079198,1.395382,-1.200918,0.879186
-1.707507,0.593577,0.319963,0.343713,0.618663,0.383923,-1.534299,0.942445,0.874782,0.153370,0.554455,0.518817,0.846840,0.432407,0.443606,0.414967,0.248962,0.806838,-1.428998,0.970980,0.899978,-0.501809,-2.086272,0.729589,-1.049187,-0.834370,0.866929,0.231394,-1.111382,-0.230684,0.273145,0.902602,191.886250,1.245546,-1.499480,0.662707,0.276113,0.907751,-1.024460,-1.017744,0.600711,0.148861,0.307550,0.732736,1.079198,1.395382,-1.200918,0.879186
-1.040369,0.618571,0.371082,0.518166,0.650272,0.249776,-1.667075,0.582594,0.874782,0.383078,0.451926,0.547451,0.820043,0.987896,0.441663,0.559813,0.510282,0.736503,-1.723552,0.963711,0.899978,-0.657274,-1.670955,2.208707,-0.902974,-1.383442,0.818435,0.496813,0.088138,-0.809751,2.179628,0.382426,172.159184,1.519136,-1.650628,0.666069,0.278404,1.026768,-0.898222,-0.623270,0.392120,0.342825,0.613103,0.213511,1.333107,1.338708,-0.588242,0.743722
-0.904182,0.789848,1.961489,0.096794,0.513140,0.323275,-1.276337,0.566262,0.482891,0.031764,0.330751,0.675373,0.782802,0.275217,0.193298,0.226240,0.134116,0.792939,-1.324519,0.963711,0.098686,-0.293644,-1.397849,0.590878,-0.114559,-0.217278,0.784666,0.102218,-0.769974,-0.966573,0.161066,0.209929,627.269311,1.205282,-1.522127,0.109308,0.226442,1.615561,-0.338360,0.592012,0.177488,0.034650,0.325245,0.332241,0.634372,0.613696,-0.509480,0.743722
-1.072091,0.764948,2.087018,0.301986,0.612520,0.257652,-1.499116,0.717799,-0.017834,0.112549,0.445846,0.721471,0.959649,0.707480,0.395685,0.287855,0.266043,1.151231,-1.480765,0.840706,0.309187,-0.419644,-1.217305,0.324172,-1.013734,-0.825146,0.784666,0.253626,-1.155119,-0.966573,0.302142,0.281443,863.091571,1.284832,-1.610380,0.176884,0.250167,1.609024,-0.748571,-0.759361,0.531711,0.148438,0.308941,0.369921,1.106402,1.280617,-1.240860,0.904761
-1.072091,0.643388,0.322087,0.406257,0.648873,0.308389,-1.575288,0.767080,0.959216,0.158720,0.487297,0.512299,0.959649,0.707480,0.391729,0.358280,0.258116,1.151231,-1.702823,1.035097,0.746789,-0.419644,-1.911670,0.835768,-1.013734,-0.825146,0.791116,0.264182,-1.155119,-0.268104,0.313356,0.744815,185.630417,1.393397,-1.716368,0.698760,0.288447,1.060388,-1.001855,-1.056376,0.653074,0.183166,0.291815,0.792860,1.106402,1.280617,-1.240860,0.904761
-0.599449,0.560249,0.339207,0.470206,0.671667,0.221373,-1.608018,0.571235,0.959216,0.321224,0.467194,0.467843,0.885438,0.926971,0.496230,0.506012,0.419548,0.438829,-1.600216,0.962141,0.745503,-0.761309,-1.749708,1.683714,-1.391955,-1.249426,0.853208,0.430150,0.339557,-0.636839,1.601936,0.350383,158.084714,1.345465,-1.755575,0.696328,0.308386,1.135148,-0.912415,-0.801534,0.448379,0.364678,0.444149,0.163821,1.575410,1.118543,-0.489291,0.792162
-0.599263,0.668063,1.427076,0.224516,0.514296,0.221379,-1.131486,0.589814,0.679654,0.054787,0.314713,0.442857,0.805312,0.362920,0.268505,0.186340,0.110035,0.395425,-1.088641,0.647517,0.086459,-0.761233,-1.266973,0.601750,-0.551817,-0.239605,0.853208,0.106725,-0.577250,-1.036399,0.126981,0.265650,527.841347,0.900863,-1.455416,0.115016,0.218968,1.440676,-0.305608,0.450620,0.197368,0.052708,0.338724,0.343168,0.712705,0.399862,-0.489291,0.792162
-1.074637,0.706579,1.468786,0.226279,0.604498,0.313238,-1.499818,0.779872,0.123002,0.081038,0.557127,0.307763,0.897536,0.875402,0.485416,0.400054,0.235815,0.541938,-1.531981,0.931764,0.075961,-0.561197,-1.168618,0.273635,-1.127259,-1.007506,0.823101,0.229770,-0.901726,-1.036399,0.242982,0.224127,671.697730,1.240542,-1.442024,0.195089,0.195293,1.556311,-1.065770,-0.910714,0.573460,0.171882,0.309034,0.368402,0.934403,0.842257,-0.997659,0.739908
-1.074637,0.658790,0.323580,0.351151,0.669050,0.316277,-1.621623,0.790107,0.858668,0.157675,0.604027,0.284691,0.897536,0.875402,0.470149,0.471955,0.243956,0.541938,-1.623821,1.101659,0.908992,-0.553835,-1.756324,1.014820,-1.127259,-1.007506,0.819642,0.258896,-0.901726,-0.270703,0.361803,0.426419,181.942710,1.325513,-1.660685,0.720442,0.257959,1.041159,-1.080863,-1.129615,0.654160,0.226931,0.240933,0.668769,0.934403,0.842257,-0.997659,0.739908
-0.784908,0.562467,0.350195,0.571662,0.650793,0.422926,-1.476400,0.547856,0.858668,0.269447,0.482519,0.512712,0.893063,0.854880,0.481296,0.506858,0.418181,0.692710,-1.493008,0.917615,0.828537,-0.653612,-1.491424,1.181974,-1.388946,-1.378399,0.837260,0.445343,0.047721,-0.639373,1.237382,0.286483,156.513645,1.356372,-1.723074,0.680383,0.337846,1.254571,-0.934468,-0.756598,0.409671,0.331780,0.383224,0.207870,1.352112,1.337200,-0.673473,0.774885
-0.621612,0.631772,1.075576,0.074930,0.494549,0.390432,-1.006628,0.467363,0.432675,0.035761,0.326766,0.465372,0.792219,0.075053,0.200702,0.210430,0.048002,0.413207,-1.009802,0.698225,0.103545,-0.569293,-1.371961,0.614941,-0.010043,-0.071380,0.837260,0.140509,-0.280171,-0.718170,0.124699,0.333209,421.343812,0.961639,-1.607836,0.093231,0.257816,1.487167,-0.298583,0.501541,0.118864,0.015176,0.322096,0.184066,0.248156,0.374639,-0.626695,0.774885
-0.389337,0.637945,0.951468,0.381049,0.550312,0.338464,-1.184585,0.527921,0.447984,0.040905,0.289867,0.366115,0.854666,0.648022,0.451253,0.257214,0.194954,0.413207,-1.299735,1.281085,0.048121,-1.015180,-1.436868,1.429756,-1.077464,-0.939054,0.995489,0.238664,-0.482849,-0.718170,0.342146,0.242986,460.836020,1.111064,-1.638993,0.160496,0.188315,1.533684,-0.702569,-0.999863,0.584997,0.134680,0.295068,0.232099,0.942675,0.932755,-0.908248,0.424808
-0.389337,0.667534,0.307454,0.354155,0.576069,0.319686,-1.538034,0.523377,0.991202,0.088236,0.359401,0.275325,0.854666,0.648022,0.466843,0.473266,0.352488,0.258652,-1.564924,1.281085,0.835861,-1.015180,-1.366875,1.815522,-1.077464,-0.939054,0.995489,0.254321,-0.482849,-0.372877,0.356826,0.434538,185.873431,1.341971,-1.592966,0.618429,0.271925,1.047334,-0.911363,-1.119744,0.588575,0.172720,0.311281,0.481998,0.942675,0.932755,-0.908248,0.834073
0.015645,0.611228,0.328759,0.623073,0.545900,0.403058,-1.669866,0.265943,0.925461,0.210881,0.540240,0.437452,0.798639,0.788119,0.361137,0.457330,0.367473,0.514811,-1.541510,0.917101,0.396174,-0.944462,-1.705537,1.624057,-0.992502,-1.389513,0.821195,0.436723,0.040509,-0.501480,1.050066,0.418615,147.157646,1.267293,-1.673106,0.543739,0.467350,0.998477,-0.801633,-0.435968,0.296024,0.283650,0.429344,0.210145,1.339626,1.193159,-0.405312,1.528943
0.356914,0.642694,1.819087,0.049580,0.476019,0.232492,-1.289314,0.537332,0.327660,0.039019,0.167324,0.284374,0.570530,0.014012,0.200581,0.085370,0.034921,0.514811,-1.308849,0.575275,0.070068,-0.238253,-1.731700,0.338714,-0.000039,-0.131144,0.821195,0.106992,-0.525438,-0.601376,0.143368,0.496736,586.746937,1.184885,-1.615925,0.020766,0.130481,1.813947,-0.290641,0.571048,0.051920,0.011068,0.285778,0.211395,0.282771,0.510399,-0.405312,0.496145
-0.426752,0.603291,1.927440,0.241261,0.578801,0.224635,-1.245742,0.860419,0.076320,0.075654,0.283368,0.283331,0.872484,0.554779,0.456814,0.258438,0.203724,0.588446,-1.148938,0.976935,0.069332,-0.561274,-1.098235,0.583273,-0.828044,-0.810985,0.881216,0.230715,-0.905076,-0.601376,0.279825,0.479706,795.275212,0.988678,-1.694947,0.155255,0.141112,1.707449,-0.728277,-0.925875,0.513467,0.148882,0.265516,0.306133,0.853253,1.064863,-0.941226,0.493158
-0.426752,0.609949,0.306584,0.291139,0.562800,0.237003,-1.471961,0.628687,0.822151,0.114485,0.322601,0.288561,0.872484,0.554779,0.414437,0.415589,0.308460,0.588446,-1.371238,1.083110,0.772855,-1.047301,-1.530494,1.562801,-0.828044,-0.810985,0.881216,0.255843,-0.905076,-0.354838,0.295183,0.668244,187.607474,1.150470,-1.577951,0.601332,0.257051,1.035273,-0.973444,-1.079891,0.530608,0.164618,0.255329,0.614894,0.853253,1.016635,-0.941226,0.614211
-0.061238,0.594391,0.398000,0.438322,0.480088,0.403552,-1.595366,0.286329,0.682561,0.275749,0.611602,0.309936,0.823080,1.014793,0.423399,0.989680,0.420600,0.386213,-1.777277,0.746597,0.315994,-1.559035,-1.805999,2.423558,-1.469210,-1.395546,0.696545,0.437321,0.300318,-0.786978,1.864288,0.430437,171.954635,1.555657,-1.744753,0.469664,0.687574,1.127874,-0.701298,-0.183178,0.246506,0.279521,0.365207,0.102518,1.785373,1.162377,-0.738909,2.022612
0.443238,0.748567,1.040948,0.149212,0.467615,0.339637,-1.784350,0.413169,0.619660,0.032138,0.388128,0.292464,0.598379,0.018388,0.330597,0.151303,0.066179,0.566964,-2.141399,0.605089,0.140225,-0.421347,-1.554289,0.412478,-0.123743,-0.200432,1.157561,0.098438,-0.540121,-0.695661,0.147115,0.265623,356.300431,1.746240,-1.839320,0.061853,0.301203,1.609233,-0.275483,0.594323,0.121693,0.020307,0.310984,0.311397,0.434160,0.669149,-0.638751,1.764984
-1.202193,0.691616,0.996793,0.412235,0.586196,0.287920,-1.484432,0.975346,0.204896,0.114209,0.709230,0.822779,0.896315,0.786894,0.448257,0.336989,0.224279,1.202039,-1.270895,0.721535,0.068578,-1.049008,-1.535802,0.793798,-1.112433,-0.885610,0.755094,0.210392,-1.223035,-0.695661,0.218571,0.668771,469.727800,1.112690,-1.859618,0.117027,0.362317,1.495639,-0.969738,-0.654947,0.417917,0.171801,0.481829,0.433277,1.223898,1.007622,-1.402120,1.493910
-1.202193,0.612147,0.340292,0.408398,0.554740,0.334430,-1.617154,0.982190,1.072206,0.139863,0.754968,0.844335,0.896315,0.786894,0.464715,0.448742,0.324901,1.202039,-1.630917,0.972915,0.582206,-1.049008,-2.119876,0.836264,-1.112433,-0.885610,1.043305,0.201928,-1.223035,-0.206930,0.287585,0.921070,203.777524,1.477778,-1.779688,0.599549,0.411342,1.195119,-0.992907,-0.982890,0.589367,0.208327,0.492290,0.821576,1.223898,1.007622,-1.402120,1.493910
-0.620946,0.518119,0.328602,0.515565,0.650453,0.330645,-1.727907,0.684277,1.072206,0.348261,0.475995,0.556207,0.926120,1.307117,0.409154,0.752293,0.476582,0.464246,-1.715772,0.919997,0.647681,-1.252257,-1.804828,2.216801,-1.767533,-1.376312,0.460943,0.457492,0.313378,-0.636448,1.667801,0.707353,161.296613,1.530597,-1.646895,0.677629,0.388723,1.137746,-0.820991,-0.725530,0.447725,0.384030,0.380453,0.208703,2.197958,1.319641,-0.709044,1.088620
-0.613470,0.644499,1.527000,0.213596,0.524443,0.310365,-1.076592,0.572287,0.643838,0.054039,0.376744,0.578439,0.880986,0.412139,0.323676,0.162200,0.124542,0.287610,-1.080313,0.826969,0.077088,-1.252257,-1.549856,0.465689,-0.541098,-0.104464,0.981752,0.186570,-0.694884,-0.920555,0.131204,0.426360,513.009440,0.991671,-1.473398,0.114972,0.300556,1.692613,-0.317494,0.423524,0.188106,0.055944,0.416446,0.348630,0.683536,0.472394,-0.701141,1.088620
-0.920887,0.677553,1.483692,0.157899,0.603527,0.182469,-1.322252,0.789136,0.002297,0.088631,0.404976,0.589311,0.855167,0.791030,0.419093,0.314202,0.216050,0.875492,-1.176504,0.818717,0.055196,-0.559666,-1.351340,0.269533,-1.058233,-0.889967,0.878945,0.207076,-1.223611,-0.920555,0.192761,0.509043,635.755040,1.127881,-1.766604,0.157680,0.269923,1.699933,-0.973747,-0.754219,0.489762,0.143268,0.398664,0.432829,0.850109,1.284364,-0.974151,1.001254
-0.920887,0.633575,0.303359,0.301665,0.622260,0.310761,-1.590883,0.816360,0.942039,0.153337,0.501307,0.445356,0.855167,0.791030,0.424888,0.409265,0.251889,0.812701,-1.699408,0.989401,0.854144,-0.559666,-2.111857,0.972763,-1.058233,-0.889967,0.918649,0.214688,-1.223611,-0.276604,0.313539,0.841431,177.170437,1.418180,-1.663912,0.669683,0.313691,1.209036,-0.980767,-1.088443,0.616931,0.185924,0.290908,0.803538,0.850109,1.284364,-0.974151,1.001254
-0.894509,0.552944,0.434068,0.498288,0.647571,0.349313,-1.666136,0.657995,0.942039,0.375218,0.452398,0.494248,0.906652,0.890035,0.450894,0.628675,0.389981,0.592465,-1.752809,0.914612,0.762699,-1.376056,-1.631050,1.704941,-1.459837,-1.291644,0.710599,0.456939,0.071241,-0.619286,1.803377,0.254619,184.695455,1.601654,-1.722440,0.673914,0.376818,1.033519,-0.885096,-0.882135,0.475114,0.370165,0.457537,0.250245,1.430461,1.296082,-0.368634,1.202687
-0.609302,0.689803,1.568690,0.098722,0.516950,0.406354,-1.197370,0.424584,0.437108,0.028783,0.313379,0.542652,0.837859,0.124980,0.252075,0.200628,0.052199,0.528455,-1.203357,0.828341,0.100110,-1.376056,-1.403842,0.476226,-0.061782,-0.145580,0.861273,0.168789,-0.727550,-0.978699,0.128914,0.226013,564.575592,0.993796,-1.610617,0.110957,0.247873,1.429489,-0.328885,0.498365,0.162151,0.022909,0.337013,0.311237,0.228819,0.631098,-0.349585,1.202687
-1.537810,0.680526,1.124008,0.378135,0.593494,0.259167,-1.343935,0.887660,-0.014220,0.098917,0.562529,0.652586,0.880932,0.758306,0.430368,0.341855,0.228665,1.169571,-1.223049,0.943986,0.021649,-0.600352,-1.628411,0.248651,-1.050869,-0.923448,0.861273,0.226540,-1.075803,-0.978699,0.231094,0.440906,505.143691,1.145834,-1.605069,0.158807,0.248392,1.437479,-1.013795,-0.849501,0.519693,0.147143,0.340911,0.361510,1.036863,1.301021,-1.391407,0.939442
-1.537810,0.601214,0.397173,0.427851,0.610416,0.325314,-1.490672,0.953872,0.878487,0.130476,0.614866,0.646608,0.880932,0.758306,0.465141,0.423728,0.222937,1.169571,-1.520392,1.024784,0.814378,-0.600352,-1.965312,0.696571,-1.050869,-0.923448,1.008656,0.249991,-1.075803,-0.217560,0.275855,0.626426,214.670348,1.351589,-1.697596,0.653741,0.298960,1.251532,-1.108593,-1.080555,0.583193,0.191111,0.319272,0.738833,1.036863,1.301021,-1.391407,0.939442
-0.902213,0.544188,0.399754,0.498847,0.650038,0.350296,-1.747311,0.568512,0.877515,0.392204,0.608290,0.552005,1.018441,1.010831,0.422241,0.657566,0.547390,0.810963,-1.874178,0.945975,0.711676,-1.300370,-1.745136,2.319228,-1.206451,-1.385016,0.683198,0.491694,0.055911,-0.684223,2.329490,0.424117,179.939048,1.496682,-1.733501,0.658345,0.522895,1.289563,-0.804041,-0.449895,0.317307,0.371944,0.441366,0.188644,2.056594,1.241830,-0.741517,1.591541
-0.576913,0.594292,1.501292,0.086926,0.520324,0.344175,-1.084166,0.569024,0.577155,0.034963,0.358492,0.737169,0.827579,0.145360,0.332496,0.180340,0.092043,0.658197,-1.044068,0.683014,0.055566,-0.775147,-1.549682,0.668833,-0.107211,-0.045441,0.998370,0.127121,-0.925887,-0.894865,0.125012,0.243149,555.191968,1.010349,-1.773571,0.091870,0.256502,1.494665,-0.303008,0.385442,0.171276,0.016768,0.313140,0.352988,0.576373,0.800801,-0.068364,1.496747
0.024183,0.667281,1.178693,0.122170,0.593656,0.273547,-1.411580,0.521882,-0.066246,0.068968,0.416709,1.014256,0.924810,0.744232,0.464947,0.376419,0.210393,2.233603,-1.311540,1.042012,0.300381,-0.461718,-1.329838,0.356394,-1.078525,-1.220826,0.813669,0.285027,-1.397081,-0.894865,0.297687,0.846414,559.865976,1.221986,-1.750615,0.171563,0.322856,1.492018,-0.816301,-1.085105,0.547674,0.175289,0.543274,0.448513,1.114210,1.770068,-2.023115,1.122782
0.024183,0.568463,0.321304,0.238357,0.492259,0.408612,-1.554778,0.600030,0.634563,0.257190,0.639034,0.860920,0.924810,0.744232,0.427846,0.502541,0.339421,2.233603,-1.536856,1.327944,1.194713,-0.783073,-1.750482,0.721792,-1.078525,-1.220826,0.619611,0.358175,-1.397081,-0.619520,0.334720,1.293995,185.932980,1.369671,-1.430169,0.554783,0.379554,1.097314,-0.946688,-1.142397,0.589599,0.277747,0.514522,0.696186,1.114210,1.770068,-2.023115,1.122782
0.249398,0.851655,0.431698,0.146636,0.260768,0.305454,-0.873972,0.450611,0.406231,0.232138,0.329821,0.308853,0.418617,1.436316,0.183580,0.266158,0.216267,0.606202,-1.039442,0.743914,0.510707,-0.824273,-1.736754,0.772796,-0.168682,-0.834069,0.649388,0.272480,-0.508964,-0.796475,0.591799,0.350897,180.076961,0.855312,-1.599444,0.122590,0.167067,1.372962,-0.605865,0.161631,0.317051,0.293775,0.317004,0.301586,1.219254,0.381210,0.155940,0.239824
0.326618,1.159302,0.332725,0.004292,0.310750,0.096757,-0.809432,0.083279,-0.278492,0.014350,0.030074,0.211059,0.345528,0.013603,0.059521,0.024888,0.006438,0.527236,-1.093386,0.541267,0.086478,-0.043174,-1.261660,0.184293,0.064365,-0.014146,0.374257,0.056827,-0.512458,-0.252303,0.119518,0.066952,149.133801,0.858553,-1.607176,0.009106,0.045232,1.144779,-0.278073,1.136807,0.011201,0.003065,0.109449,0.051119,0.128094,0.381210,0.375858,0.157501
0.448565,0.882354,0.314405,0.149751,0.407329,0.397152,-1.532753,0.621445,0.729366,0.060056,0.226609,0.176343,0.628597,0.281848,0.163950,0.159195,0.052739,0.129969,-1.538796,0.561806,0.087192,-0.400545,-1.502701,0.895147,-0.340712,-0.646079,0.778657,0.176054,-0.497151,-0.172706,0.456231,0.459402,180.274002,1.340015,-1.624109,0.120551,0.155174,1.273421,-0.357871,-0.369457,0.485155,0.079486,0.202160,0.369148,0.354415,0.631136,-0.047988,0.152798
0.618549,0.547411,0.293942,0.187344,0.386944,0.402820,-1.545463,0.629107,1.126792,0.079978,0.338001,0.271433,0.628597,0.294208,0.186026,0.229931,0.089015,0.622048,-1.560129,0.608489,0.087192,-0.671390,-1.595362,1.009130,-0.353131,-0.646079,0.778657,0.144076,-0.437046,-0.176349,0.456231,0.594807,178.837403,1.351270,-1.752904,0.373810,0.159347,1.127517,-0.558790,-0.488716,0.619683,0.087915,0.234113,0.597767,0.354415,0.631136,-0.047988,0.310852
-0.431773,0.513877,0.290467,0.234048,0.300015,0.237570,-1.754931,0.930965,1.132851,0.193118,0.316925,0.261768,0.555863,0.405338,0.425727,0.381388,0.258111,0.901973,-1.681592,0.749850,-0.015429,-0.671390,-1.459242,1.009130,-1.117498,-0.959831,0.613241,0.243945,0.716944,-0.652691,0.893010,0.936798,144.451528,1.469508,-1.704101,0.319187,0.153591,1.005440,-0.630857,-0.488716,0.542350,0.226697,0.343243,0.128013,1.195612,0.692178,0.260720,0.448840
-0.633344,0.779311,0.331398,0.323430,0.446423,0.177499,-1.754275,0.359337,1.132851,0.181565,0.521922,0.571306,0.610617,0.461305,0.491996,0.396779,0.278364,0.901973,-1.590651,0.749850,0.048320,-0.618260,-1.596361,0.889782,-1.117498,-0.959831,1.077569,0.310324,0.232758,-0.678656,0.893010,0.597775,147.403420,1.437842,-1.473178,0.354054,0.232468,1.269475,-0.630857,0.191537,0.157588,0.214556,0.459735,0.297649,1.195612,0.692178,-0.335160,0.637031
0.008068,0.950380,0.677530,0.352685,0.414337,0.478094,-1.013455,0.169191,0.286782,0.076867,0.547772,0.399855,0.654966,0.574710,0.468600,0.356971,0.258489,0.032842,-1.134320,0.906341,0.403020,-2.293217,-1.386332,0.142973,-0.811643,-1.384048,1.214233,0.194832,-0.301886,-0.847385,0.324099,0.467002,264.588290,1.058800,-1.447114,0.084970,0.351433,1.537956,-0.327214,0.692244,0.132372,0.103317,0.362791,0.198473,1.508228,0.619720,-0.927071,0.874703
0.184296,0.977789,0.413794,0.014226,0.389188,0.245456,-1.098083,0.389058,-0.055494,0.034610,0.048460,0.441934,0.429081,-0.000342,0.082087,0.060102,0.018685,0.032842,-1.181203,0.580626,0.041867,-0.526586,-1.300232,-0.224579,-0.017247,-0.129169,0.560307,0.091347,-0.296418,-0.435701,0.132895,0.884229,176.625869,1.049132,-1.759887,0.025936,0.178522,1.396489,-0.295567,0.793068,0.087098,0.005402,0.165918,0.065337,0.258006,0.197769,-0.217481,0.536823
0.527827,0.765860,0.397951,0.193383,0.392831,0.402201,-1.484162,0.499998,-0.055494,0.031069,0.320781,0.423013,0.440744,0.097018,0.192249,0.151595,0.115020,0.206050,-1.474631,0.634859,0.014107,-0.949607,-1.202317,1.845268,-1.226067,-0.344199,0.617684,0.119230,-0.218168,-0.167059,0.201352,0.447138,215.457436,1.326494,-1.793690,0.048551,0.228261,1.263091,-0.510676,0.218868,0.230506,0.023308,0.162620,0.045235,0.565606,0.287860,0.213847,0.472868
1.152167,0.502187,0.390685,0.466690,0.235538,0.530431,-1.604912,0.408235,-0.071457,0.093564,0.544183,0.328549,0.440744,0.726783,0.225825,0.496255,0.422931,0.451873,-1.795362,0.790022,0.342101,-0.949607,-1.508855,1.986523,-1.226067,-0.695762,0.617684,0.182251,-0.507387,-0.515803,0.355290,0.462470,207.055501,1.582114,-1.747326,0.154436,0.266170,1.313076,-0.540346,0.181018,0.220651,0.147673,0.189724,0.133065,1.338687,0.278346,-0.071798,0.482609
0.792040,0.866729,0.365666,0.169336,0.249953,0.085681,-0.786305,0.204755,-0.325246,0.089526,0.404052,0.249370,0.284190,0.254110,0.170172,0.353059,0.273741,0.451873,-0.945678,0.790022,0.199344,-0.421641,-1.351269,0.268276,-0.889337,-0.695762,0.646112,0.111994,-0.575853,-0.515803,0.355290,0.365672,163.896025,0.815940,-1.450723,0.033866,0.231888,1.261467,-0.530079,0.540112,0.123868,0.065005,0.117940,0.063319,1.338687,0.276335,0.393054,0.488023
0.701322,1.014477,1.919489,0.017347,0.301517,0.142247,-0.881419,0.053417,-0.241405,0.031351,0.086864,0.268547,0.497315,0.000670,0.055675,0.063686,0.015314,0.292534,-1.049996,0.572279,0.096233,0.017006,-1.146115,0.202734,0.047719,-0.235834,0.481433,0.078495,-0.569800,-0.388467,0.145240,0.433024,584.681883,0.908671,-1.600501,0.053466,0.093141,1.582596,-0.281395,0.936348,0.051816,0.002856,0.097247,0.091157,0.141423,0.660849,0.344668,0.266089
0.701322,0.793615,2.515669,0.194701,0.431512,0.140708,-1.474435,0.255541,1.194458,0.074928,0.135130,0.317508,0.772318,0.310522,0.111893,0.249971,0.154668,0.579338,-1.490962,0.895812,0.783845,-0.041519,-1.379785,0.202734,-0.752727,-1.142418,0.522367,0.258571,-0.408186,-0.388467,0.460430,0.439344,988.122601,1.325918,-1.611705,0.227502,0.130475,1.908000,-0.609890,-0.917232,0.765391,0.079048,0.192685,0.547916,0.694929,0.892828,-0.885372,0.495904
0.126562,0.535812,0.293479,0.303444,0.393047,0.153080,-1.507168,0.450992,1.297490,0.106884,0.284379,0.202816,0.772318,0.310522,0.220232,0.299420,0.204078,0.579338,-1.576601,0.895812,0.810254,-0.446423,-1.547646,0.570526,-0.752727,-1.142418,0.639443,0.313557,-0.086678,-0.470682,0.460430,0.380351,180.500650,1.407155,-1.616445,0.441386,0.179379,1.153621,-0.634410,-0.917232,0.562881,0.169365,0.210478,0.375575,0.694929,0.892828,-0.885372,0.495904
-0.952853,0.665102,0.428792,0.266722,0.464862,0.214877,-1.336969,0.438273,1.219342,0.094481,0.264871,0.410583,0.729416,1.119822,0.423128,0.200040,0.146638,0.620820,-1.410997,0.850813,0.498109,-0.273526,-1.680479,0.606871,-0.380124,-0.887572,0.980559,0.290036,0.023340,-0.711139,0.346896,0.239388,189.564819,1.255275,-1.651214,0.286658,0.219573,1.229268,-0.503796,0.252408,0.091201,0.246646,0.341582,0.378833,0.617969,0.842544,-0.160985,0.449262
-0.116907,0.808706,1.609265,0.066161,0.464002,0.223898,-1.361754,0.455230,0.366843,0.026915,0.159950,0.369534,0.558973,0.042290,0.225009,0.077335,0.026331,0.620820,-1.499066,0.582581,0.080156,-0.217539,-1.272128,0.499901,-0.074940,-0.147094,0.980559,0.047637,-0.648585,-0.654571,0.128635,0.153514,552.770914,1.437570,-1.413771,0.043573,0.126311,1.694192,-0.288697,0.667799,0.110804,0.014213,0.125464,0.251769,0.147929,0.459461,0.375542,0.449262
-0.468688,0.727580,1.620720,0.164289,0.599369,0.204213,-1.466904,0.637989,-0.026959,0.104932,0.446082,0.515168,0.974923,0.845196,0.388674,0.384752,0.246456,1.101225,-1.569241,0.751971,0.515169,-0.304332,-1.335066,0.190209,-1.058082,-0.681525,0.693746,0.222683,-1.024129,-0.654571,0.290693,0.478102,667.951267,1.430421,-1.644415,0.164408,0.292244,1.868048,-0.618506,-0.759709,0.491889,0.146965,0.263662,0.318149,1.134768,0.985313,-0.754992,1.019466
-0.468688,0.591948,0.305150,0.363344,0.628383,0.258650,-1.519545,0.697720,0.985904,0.139009,0.518025,0.488049,0.974923,0.845196,0.396535,0.436304,0.252130,1.101225,-1.630434,0.904549,0.757405,-0.315587,-1.847048,0.778388,-1.058082,-0.681525,0.919982,0.231753,-1.024129,-0.179867,0.290693,0.769164,174.682115,1.490447,-1.388970,0.675690,0.325582,1.101689,-0.892963,-0.989539,0.597254,0.165813,0.237475,0.766966,1.134768,0.985313,-0.754992,1.019466
-0.996570,0.535824,0.525408,0.525825,0.679881,0.362060,-1.620062,0.651467,0.985904,0.241873,0.564535,0.439233,0.944336,0.756540,0.490881,0.433741,0.428035,0.593524,-1.679717,0.906336,0.754634,-1.190661,-1.695390,1.493591,-0.814427,-1.235089,0.668846,0.516441,0.279565,-0.636957,1.654157,0.321036,213.904036,1.521988,-1.735836,0.700902,0.478307,0.785229,-0.836279,-0.609886,0.383696,0.387918,0.452616,0.182332,1.281773,1.340921,-0.280625,0.838076
-0.770102,0.678225,1.497721,0.104185,0.503470,0.392718,-1.740570,0.491979,0.733618,0.042961,0.235638,0.598312,0.881193,0.186999,0.274418,0.199742,0.127170,0.865629,-1.604109,0.796081,0.112195,-1.190661,-1.368234,0.656793,-0.070025,-0.151415,1.008254,0.176378,-0.797998,-1.001581,0.147620,0.202998,507.570210,1.466988,-1.594291,0.135063,0.260484,1.468734,-0.316371,0.402344,0.233099,0.029547,0.417031,0.405984,0.504955,1.397607,-0.280625,0.838076
-1.670233,0.741617,1.542097,0.292678,0.614514,0.297455,-1.451648,0.934454,0.149224,0.130481,0.571260,0.799708,0.969521,0.696967,0.507352,0.396296,0.257659,1.481582,-1.105454,0.771804,0.172518,-0.693318,-1.332630,0.288642,-1.292357,-1.071797,1.008254,0.305173,-1.176489,-1.001581,0.121913,0.636140,672.972326,0.955062,-1.735786,0.175456,0.320146,1.562991,-1.072346,-0.858638,0.529011,0.163501,0.433648,0.448014,1.249103,1.566892,-1.602995,1.440136
-1.670233,0.646689,0.333392,0.398265,0.681618,0.350886,-1.694196,0.944598,1.019739,0.183751,0.568536,0.722517,0.969521,0.696967,0.499951,0.447811,0.258198,1.481582,-1.775435,1.028056,0.748051,-0.500115,-1.812180,0.784570,-1.292357,-1.071797,0.957166,0.325669,-1.176489,-0.211315,0.375912,0.961360,190.155066,1.582513,-1.722202,0.728553,0.368677,1.090338,-1.127877,-1.106403,0.665268,0.207597,0.351415,0.810977,1.249103,1.566892,-1.602995,1.440136
-0.800988,0.514448,0.327400,0.597752,0.710093,0.330330,-1.594886,0.543547,1.019739,0.436892,0.679264,0.556992,0.944788,0.855729,0.393509,0.861902,0.606382,0.704689,-1.505547,1.063614,0.748051,-0.701910,-1.968663,2.717799,-0.954913,-1.379597,0.591339,0.566169,0.130388,-0.697402,2.653601,0.154865,154.976697,1.449500,-2.032592,0.729923,0.289259,1.153817,-0.942408,-0.677429,0.374668,0.387727,0.540078,0.235069,1.845179,1.525397,-1.345615,0.961391
-0.766721,0.627868,1.346370,0.245552,0.511507,0.404105,-1.407750,0.631493,0.467385,0.063255,0.493073,0.710481,0.829329,0.377452,0.268869,0.409477,0.196967,0.775206,-1.247261,0.989798,0.115115,-0.701910,-1.449733,0.955309,-0.460173,-0.218341,0.943074,0.158352,-0.655067,-1.117658,0.196064,0.131773,488.151162,1.129562,-1.525260,0.137371,0.236176,1.499564,-0.325080,0.377379,0.240385,0.062032,0.463862,0.284073,0.625103,0.563103,-1.203160,0.680565
-1.367327,0.714298,1.508340,0.255522,0.603696,0.290137,-1.476063,0.895072,0.067216,0.117704,0.561829,0.632398,0.935361,1.004330,0.488378,0.402788,0.269415,0.813765,-1.540228,0.822389,0.081562,-0.548133,-1.414218,0.389628,-1.360520,-1.093264,0.943074,0.257379,-1.087775,-1.117658,0.186797,0.386895,652.591428,1.287303,-1.576253,0.186157,0.299915,1.711095,-1.098471,-0.875878,0.535929,0.186557,0.408710,0.406442,1.172999,1.272966,-1.347472,1.137493
-1.367327,0.661470,0.334926,0.374858,0.670476,0.290703,-1.553765,0.885333,1.001217,0.182271,0.608016,0.462291,0.935361,1.004330,0.504026,0.462933,0.266454,0.813765,-1.680880,1.040497,0.848222,-0.538779,-1.940138,0.618044,-1.360520,-1.093264,0.995144,0.279476,-1.087775,-0.288102,0.378440,0.667343,200.663513,1.453005,-1.689873,0.720205,0.358093,1.060999,-1.110502,-1.105074,0.660583,0.237026,0.300914,0.772517,1.172999,1.272966,-1.347472,1.137493
-0.862120,0.518456,0.321595,0.479267,0.683074,0.342822,-1.607384,0.574538,1.001217,0.406125,0.513414,0.679341,0.947107,0.945270,0.472399,0.505877,0.450121,0.765451,-1.635056,0.882969,0.848222,-0.824008,-1.704652,2.153547,-1.283155,-1.378790,0.709207,0.476337,0.114973,-0.724270,2.024193,0.570030,145.971135,1.419851,-1.768311,0.706652,0.358729,1.052123,-0.933720,-0.739616,0.394037,0.376456,0.397795,0.211133,1.689024,1.307423,-0.980186,1.019342
-0.504521,0.653251,1.514189,0.142874,0.510437,0.315560,-1.316706,0.536198,0.673706,0.036641,0.372345,0.604747,0.799475,0.138922,0.285357,0.201392,0.097910,0.505040,-1.305521,0.636414,0.088000,-0.693926,-1.034486,0.569286,-0.089660,-0.153909,0.902919,0.138912,-0.791684,-0.979156,0.132632,0.364503,501.234718,1.137769,-1.535747,0.111670,0.226797,1.329542,-0.323171,0.418602,0.210577,0.024404,0.338583,0.375642,0.348668,0.601987,-0.382510,1.019342
-0.743112,0.712653,1.732225,0.225498,0.608441,0.227869,-1.346272,0.703369,-0.025097,0.089637,0.446167,0.619337,0.959610,0.701713,0.418474,0.372928,0.261827,1.103368,-0.980116,0.864963,0.214006,-0.486801,-1.007451,0.289338,-1.162878,-0.929057,0.902919,0.248932,-1.127221,-0.979156,0.327425,0.240204,732.855848,0.843675,-1.576466,0.194898,0.200187,1.578440,-0.878018,-0.956834,0.569538,0.159998,0.324628,0.379732,1.035575,1.404821,-1.115967,0.786595
-0.743112,0.633030,0.610693,0.424964,0.653464,0.241987,-1.642026,0.693219,0.732751,0.158850,0.501879,0.452313,0.959610,0.701713,0.381823,0.481573,0.349413,1.103368,-1.666012,1.048350,0.964270,-0.672149,-1.648074,1.665713,-1.162878,-0.929057,0.901469,0.289113,-1.127221,-0.300491,0.327425,0.645218,313.668575,1.399968,-1.687790,0.700558,0.287151,1.482716,-0.999951,-1.117130,0.611606,0.195809,0.281990,0.687453,1.035575,1.404821,-1.115967,0.786595
-0.654343,0.535553,0.349260,0.673634,0.589414,0.553203,-1.686930,0.459094,0.731502,0.411587,0.699922,0.546169,0.884677,1.823803,0.409672,0.832550,0.581025,0.553863,-1.676820,1.068215,0.512099,-1.387366,-1.714050,2.308985,-1.478236,-1.395335,0.706662,0.532705,0.285018,-1.112882,2.630234,0.407220,159.897518,1.323495,-1.796624,0.603215,0.548079,1.222844,-0.821271,-0.494963,0.317493,0.385078,0.570818,0.135810,2.551036,1.214949,-1.291595,1.799266
-0.030928,0.619971,0.666561,0.041889,0.463145,0.511836,-0.994756,0.472748,0.604891,0.036085,0.371574,0.370173,0.755083,0.002593,0.223126,0.176048,0.027139,0.122759,-1.076009,1.068215,0.067629,-0.811426,-1.503630,0.382450,-0.059335,-0.239347,0.855614,0.138464,-0.200506,-0.565161,0.126426,0.410218,245.196351,0.975489,-1.600726,0.065802,0.335035,1.390002,-0.305868,0.463224,0.097840,0.006944,0.325548,0.194913,0.250546,0.415978,-0.511899,1.799266
0.250757,0.604669,0.718877,0.345125,0.553702,0.294878,-1.180551,0.504919,0.193015,0.039050,0.244266,0.242477,0.827935,0.405473,0.359013,0.188208,0.164990,0.087300,-1.212167,0.982782,0.034274,-1.269369,-1.221553,1.558861,-1.062432,-0.797889,0.753899,0.218842,-0.530903,-0.565161,0.288239,0.346309,321.976315,1.044887,-1.612580,0.145328,0.264704,1.563601,-0.545439,-0.825552,0.510346,0.111153,0.318315,0.235691,1.001075,1.035428,-0.939183,0.623302
0.250757,0.644037,0.314670,0.300104,0.548811,0.257575,-1.599008,0.505700,0.833062,0.074351,0.414166,0.185314,0.827935,0.405473,0.344998,0.454282,0.329813,-0.064016,-1.515555,0.982782,0.728245,-1.269369,-1.685990,1.848043,-1.062432,-0.797889,0.753899,0.228918,-0.530903,-0.330025,0.304593,0.500066,190.885730,1.309478,-1.764574,0.591922,0.278408,1.106239,-0.900379,-1.104866,0.533035,0.124545,0.298106,0.487840,1.001075,1.035428,-0.939183,0.770056
-0.333417,0.544389,0.900614,0.576555,0.521185,0.375445,-1.444109,0.434280,0.827309,0.295051,0.666052,0.307550,0.809699,0.850738,0.498821,0.450275,0.448740,0.390766,-1.251784,0.970317,0.795334,-1.562973,-1.594345,1.518023,-1.318926,-1.368869,1.076401,0.438021,0.053927,-0.748939,1.423971,0.352526,339.579289,1.041372,-1.855692,0.536356,0.584049,1.576979,-0.774563,-0.639817,0.372048,0.322666,0.293033,0.193512,1.632477,1.063478,-0.909268,1.789387
0.301366,0.801365,2.546961,0.129368,0.424697,0.262484,-1.517579,0.389121,0.422103,0.042679,0.148164,0.379579,0.547379,0.016547,0.309201,0.136234,0.051257,0.867904,-1.531775,0.595062,0.094810,-0.437371,-1.464366,0.536367,-0.160559,-0.159059,1.076401,0.110675,-0.653017,-0.808076,0.145706,0.395531,787.350563,1.443234,-1.703142,0.056791,0.313330,1.688810,-0.296710,0.560769,0.138902,0.022415,0.224492,0.259904,0.344635,0.624888,0.236764,1.789387
-0.416020,0.745121,2.495510,0.192985,0.608480,0.264328,-1.409576,0.645587,-0.088467,0.061786,0.242000,0.309404,0.971727,0.509059,0.432979,0.249521,0.259794,0.496119,-1.288084,0.856973,0.046860,-0.392962,-1.400458,0.081629,-1.098581,-0.976576,0.872926,0.257932,-1.026464,-0.655290,0.391595,0.471913,907.378801,1.195932,-1.751779,0.178515,0.189098,2.309944,-0.852664,-0.834263,0.539541,0.159765,0.291321,0.293017,1.089619,1.146254,-1.179988,0.600458
-0.416020,0.635877,0.350124,0.488682,0.700920,0.297023,-1.517427,0.649564,1.098156,0.180555,0.424468,0.349711,0.971727,0.509059,0.451888,0.521217,0.498518,0.496119,-1.546431,1.039800,0.746416,-1.155883,-1.492013,1.964130,-1.098581,-0.976576,0.872926,0.321755,-1.026464,-0.352680,0.391595,0.838825,198.611712,1.331356,-1.668806,0.751847,0.329175,1.070149,-1.051690,-1.129427,0.675342,0.208976,0.291843,0.809779,1.089619,1.146254,-1.179988,0.780800
0.135119,0.683173,0.332196,0.695037,0.629740,0.326040,-1.538579,0.427795,1.098156,0.371582,0.550566,0.502068,0.696886,0.982362,0.398878,0.821337,0.754935,0.857879,-1.488699,0.934035,0.155234,-1.961536,-1.922853,1.964130,-1.553894,-1.400650,0.595085,0.539435,0.079983,-0.880263,1.790675,0.256378,163.315076,1.264400,-1.660446,0.678829,0.629744,1.121954,-1.048688,-0.763425,0.505890,0.362058,0.419227,0.299682,3.180073,0.935657,-0.423221,1.912645
0.135119,0.863286,1.899160,0.124103,0.501918,0.236052,-0.998037,0.464337,0.448149,0.046310,0.326161,0.301531,0.687629,0.872699,0.273344,0.381309,0.243692,0.080366,-0.837200,0.766950,0.081676,-1.961536,-1.681485,0.128652,-0.164762,-1.396618,0.879466,0.315701,-0.658491,-0.880263,0.181950,0.598925,610.935111,0.749544,-1.606750,0.074241,0.547143,1.766409,-0.345268,0.742708,0.083279,0.083566,0.370328,0.311614,0.661255,0.612569,-0.388570,1.912645
-0.163848,0.744774,1.707977,0.232843,0.595923,0.300595,-1.393205,0.600303,0.011026,0.062093,0.210625,0.370443,0.897815,0.755504,0.426087,0.210761,0.238095,0.661307,-1.300152,0.876097,0.025381,-0.509283,-1.453578,0.128652,-1.009678,-0.828181,0.873894,0.207438,-1.115588,-0.611391,0.273101,0.703923,705.053950,1.156397,-1.756943,0.166397,0.228517,1.949099,-0.669308,-0.792723,0.526002,0.160793,0.239374,0.351456,1.063192,0.971543,-0.810532,0.694198
-0.163848,0.625120,0.304437,0.341974,0.617885,0.245234,-1.587563,0.574482,0.879812,0.110976,0.313236,0.363377,0.897815,0.755504,0.392020,0.354646,0.283333,0.661307,-1.492966,0.959696,0.684901,-0.450069,-1.995038,1.328944,-1.009678,-0.828181,0.834533,0.214000,-1.115588,-0.306156,0.273101,1.141531,191.740915,1.181345,-1.694815,0.665988,0.259154,1.008289,-0.901181,-1.018029,0.613325,0.198817,0.235244,0.753625,1.063192,0.971543,-0.810532,0.694198
-0.497694,0.567690,0.371890,0.470666,0.622716,0.306708,-1.500696,0.573322,0.879812,0.258851,0.408600,0.431374,0.841759,0.910934,0.449695,0.568865,0.361609,0.601973,-1.411153,0.844071,0.522742,-1.108460,-1.653423,1.328944,-1.465769,-1.318974,0.830266,0.419152,0.158843,-0.585761,1.155099,0.382627,168.143784,1.195311,-1.832217,0.642198,0.347279,1.334845,-0.808853,-0.674288,0.404901,0.326660,0.360464,0.182248,1.209711,1.275628,-0.324820,1.081834
-0.295727,0.741877,1.760224,0.125998,0.488589,0.280166,-1.251291,0.387518,0.508172,0.023795,0.284018,0.417070,0.755495,0.077432,0.238342,0.139316,0.049944,0.501526,-1.353595,0.562728,0.067246,-0.904948,-1.212290,0.348004,-0.057085,-0.131936,0.830266,0.110483,-0.616518,-0.915363,0.118895,0.186345,623.857801,1.104796,-1.593910,0.091081,0.207160,1.683187,-0.294633,0.508682,0.195754,0.015375,0.236107,0.307795,0.204307,0.474677,-0.198169,1.081834
-1.183104,0.751030,1.841069,0.210695,0.600889,0.268188,-1.299518,0.755866,-0.010369,0.099414,0.347289,0.542310,0.967697,0.944198,0.385143,0.297244,0.229870,0.864275,-0.991633,0.973619,0.049287,-0.444257,-1.394843,0.073964,-1.172275,-1.039133,0.755915,0.247448,-1.076038,-0.915363,0.312477,0.347481,789.669385,0.874011,-1.581096,0.180117,0.247040,1.627044,-1.014116,-0.856555,0.558001,0.169485,0.273365,0.361943,0.983575,1.148710,-1.198535,0.930187
-1.183104,0.657927,0.556229,0.365420,0.650857,0.344692,-1.639437,0.804977,1.040089,0.163511,0.437270,0.534276,0.967697,0.944198,0.379771,0.387616,0.237718,0.864275,-1.697974,1.075472,0.888630,-0.444257,-1.932789,1.181820,-1.172275,-1.039133,0.870882,0.261815,-1.076038,-0.302842,0.364737,0.452441,267.582928,1.494818,-1.665795,0.699197,0.300403,1.284415,-1.014116,-1.082103,0.651023,0.213186,0.245032,0.789666,0.983575,1.148710,-1.198535,0.930187
-0.662634,0.605240,0.397121,0.545034,0.649078,0.285009,-1.687163,0.571056,1.040089,0.373993,0.529181,0.389912,0.849314,0.920772,0.383420,0.563521,0.480449,0.461427,-1.687097,0.931378,0.888630,-1.324344,-1.583417,2.300964,-1.142099,-1.359423,0.607307,0.485061,0.029117,-0.677433,2.349194,0.185590,167.061818,1.449000,-1.757741,0.675528,0.426988,1.359043,-0.917007,-0.807005,0.461323,0.356619,0.477680,0.291415,1.831792,1.224832,-0.502991,1.125046
-0.637894,0.772997,1.767516,0.199078,0.516426,0.308155,-1.234236,0.501512,0.353168,0.046182,0.325541,0.567847,0.799091,0.353931,0.237425,0.187836,0.118376,0.822125,-1.250804,0.760599,0.093806,-1.324344,-1.251516,0.534342,-0.386412,-0.110629,0.830365,0.152829,-0.703035,-1.021122,0.125219,0.114841,603.009414,1.128561,-1.434699,0.107096,0.277122,1.449581,-0.323474,0.567718,0.172896,0.056003,0.402616,0.284575,0.523222,0.627405,-0.172586,1.125046
-1.152206,0.745026,1.477687,0.254185,0.608962,0.188821,-1.270233,0.697488,-0.127059,0.073687,0.469125,0.499877,0.873165,0.696507,0.471856,0.290869,0.226727,0.647333,-0.883632,0.927482,0.087857,-0.462163,-1.531991,0.185423,-0.962985,-0.943369,0.830365,0.200009,-1.044487,-1.021122,0.176839,0.251713,688.813419,0.803032,-1.629990,0.166699,0.199133,1.633171,-0.911522,-0.788740,0.539561,0.140835,0.274863,0.321859,0.920742,1.206670,-0.773517,0.567966
-1.152206,0.633673,0.325221,0.343753,0.614427,0.234906,-1.589570,0.772933,0.945374,0.130774,0.487654,0.367348,0.873165,0.696507,0.461419,0.346351,0.226349,0.647333,-1.525449,1.046211,0.847463,-0.462163,-1.951374,0.860296,-0.962985,-0.943369,0.772378,0.214492,-1.044487,-0.274897,0.372620,0.416260,187.071239,1.287026,-1.558941,0.658554,0.205845,1.289462,-1.022617,-1.058883,0.628966,0.185053,0.161312,0.753201,0.920742,1.206670,-0.773517,0.567966
-0.959008,0.609804,0.540362,0.557397,0.621603,0.224808,-1.668518,0.657156,0.945374,0.368094,0.483411,0.327023,0.896874,1.804262,0.350203,0.691592,0.500303,0.379574,-1.558870,1.355686,0.610567,-0.794558,-1.687275,1.817322,-0.967717,-1.373003,0.579732,0.396934,0.155361,-0.707546,2.010853,0.170131,225.254255,1.438596,-1.814830,0.650714,0.344771,1.461441,-0.896215,-0.815006,0.491584,0.402086,0.351002,0.221053,2.070273,1.161423,-0.467737,0.996444
-0.959008,0.727793,1.743041,0.322353,0.508796,0.298864,-1.013938,0.559033,0.470949,0.088536,0.372180,0.508837,0.896874,1.804262,0.292294,0.515888,0.283917,0.752256,-0.995878,1.355686,0.363596,-0.794558,-1.349226,0.856873,-0.634670,-1.373003,0.882077,0.211545,-0.400418,-0.748867,0.301309,0.148684,581.322721,0.884810,-1.411473,0.149622,0.247171,1.834473,-0.416633,0.574520,0.131299,0.244596,0.403336,0.225489,2.070273,0.425579,-0.467737,0.996444
0.025924,0.744042,2.047502,0.161712,0.591780,0.354554,-1.418912,0.410582,0.253941,0.042551,0.224137,0.427210,1.042017,0.731636,0.447174,0.263290,0.188828,0.577288,-1.504411,1.022283,0.563766,-0.635148,-1.542489,0.465428,-0.909633,-1.003835,0.957834,0.272850,-0.577165,-0.748867,0.408292,0.189257,786.091758,1.349513,-1.668945,0.251371,0.194895,1.701721,-0.656335,-1.071318,0.668402,0.175009,0.330447,0.254442,0.918829,0.503373,-1.133293,0.492300
0.025924,0.686235,0.297720,0.256471,0.590549,0.364958,-1.501619,0.440550,0.878602,0.131264,0.342848,0.358086,1.042017,0.731636,0.407881,0.316765,0.227981,0.408891,-1.562493,1.022283,0.929056,-0.635148,-1.839472,0.641014,-0.909633,-1.003835,0.957834,0.300638,-0.577165,-0.352318,0.408292,0.306402,181.155598,1.379432,-1.764904,0.652729,0.215897,1.141178,-0.865859,-1.171912,0.649788,0.192529,0.196878,0.463989,0.918829,0.693080,-1.133293,0.492300
-0.912242,0.617326,0.392160,0.374377,0.531216,0.318158,-1.759719,0.488119,0.794168,0.364228,0.566310,0.517216,0.844402,1.115836,0.405934,0.494470,0.403719,0.641767,-1.683230,0.882049,0.637408,-0.874070,-1.679056,2.365861,-1.306282,-1.374912,0.699318,0.444878,0.085068,-0.606396,2.464961,0.321629,169.567861,1.310472,-1.628067,0.495524,0.438408,1.221137,-0.692295,-0.116311,0.204034,0.344315,0.294121,0.174451,1.890403,1.248112,-0.782784,1.656717
-0.350617,0.775260,1.946675,0.023217,0.432805,0.270859,-1.170916,0.325381,0.445359,0.025414,0.223763,0.380247,0.548053,0.007765,0.175465,0.102655,0.024598,0.641767,-1.239732,0.602323,0.086076,-0.230639,-1.083267,0.445254,-0.056032,-0.150000,0.720434,0.086101,-0.574528,-0.680462,0.127959,0.143867,682.381153,1.045575,-1.470878,0.053346,0.106520,1.273553,-0.275365,0.541958,0.158002,0.006024,0.222244,0.257946,0.174222,0.546843,0.310356,0.274606
0.450113,0.722136,1.651312,0.092468,0.569799,0.220650,-1.203414,0.348261,0.278632,0.045306,0.119216,0.269179,0.883797,0.444369,0.294643,0.157419,0.131749,0.302951,-0.899533,1.141120,0.066139,-0.315785,-1.155587,0.159553,-0.725994,-0.634644,0.737194,0.215248,-0.637164,-0.649274,0.310177,0.160345,737.387173,0.872923,-1.638070,0.172665,0.151128,1.566024,-0.664625,-0.975195,0.628772,0.098349,0.292303,0.243118,0.805016,0.772792,-0.572867,0.401386
0.450113,0.555203,0.353676,0.162101,0.408647,0.339695,-1.494516,0.346865,0.778124,0.179061,0.366700,0.279907,0.883797,0.444369,0.270281,0.271694,0.257349,0.611001,-1.476535,1.141120,1.016766,-0.315785,-1.737945,0.484021,-0.725994,-0.634644,0.737194,0.249725,-0.637164,-0.891121,0.310177,0.537176,191.119584,1.302590,-1.534437,0.474800,0.196209,1.194833,-0.767742,-1.018895,0.531268,0.194438,0.323414,0.496402,0.805016,0.741276,-0.572867,0.401386
0.094333,0.770750,0.449774,0.145802,0.217385,0.201631,-0.751648,0.524282,0.640748,0.189374,0.356096,0.239021,0.358087,1.289796,0.095142,0.193381,0.211148,0.611001,-0.654549,0.618128,0.400679,-0.154532,-1.632617,0.488989,-0.068908,-0.613324,0.438416,0.166455,-0.223301,-0.891121,0.319898,0.256270,182.002644,0.372452,-1.575019,0.145753,0.214891,1.173484,-0.611701,-0.212505,0.395472,0.198087,0.165607,0.266238,0.613857,0.297744,0.068690,0.540309
0.154045,1.112116,0.349742,0.013760,0.317922,0.170255,-0.796005,0.092781,-0.094304,0.009784,0.048490,0.166578,0.361853,0.010335,0.055738,0.036284,0.008531,0.278946,-0.970130,0.549908,0.087116,0.120504,-1.243601,0.158222,0.068797,-0.016862,0.385610,0.052364,-0.251009,-0.400891,0.120599,0.090954,164.841272,0.866212,-1.619046,0.015482,0.048163,1.157582,-0.279956,1.077879,0.013843,0.002911,0.133766,0.045287,0.141009,0.382591,0.464498,0.152216
0.276265,0.811978,0.323142,0.068429,0.406778,0.330207,-1.262093,0.640837,0.669788,0.054747,0.151248,0.232196,0.622455,0.229321,0.182723,0.142386,0.056283,0.278946,-1.097440,0.566797,0.098283,-0.285319,-1.187462,0.599631,-0.366264,-0.424838,0.676742,0.152000,-0.233636,-0.219188,0.307015,0.451423,182.151798,0.964334,-1.668337,0.107209,0.102797,1.173695,-0.326630,-0.344479,0.473166,0.060264,0.153321,0.274491,0.199019,0.299750,0.058988,0.141969
0.426604,0.527728,0.301330,0.153089,0.347214,0.273030,-1.422096,0.589346,0.956578,0.062894,0.440356,0.273050,0.622455,0.229321,0.197266,0.201840,0.089465,0.415238,-1.451504,0.594114,0.098283,-0.578445,-1.052760,0.860663,-0.736634,-0.424838,0.676742,0.127532,-0.233636,-0.102080,0.345889,0.559866,173.046469,1.265621,-1.755575,0.289702,0.115722,1.109643,-0.463287,-0.461139,0.595513,0.056024,0.155532,0.453512,0.199019,0.299750,0.058988,0.145190
0.055951,0.333456,0.296350,0.177551,0.190798,0.054506,-1.636936,0.851843,1.048090,0.144873,0.232727,0.205416,0.472910,0.431171,0.192057,0.310838,0.150472,0.440189,-1.711552,0.729848,-0.155413,-0.753839,-1.427705,0.863095,-0.736634,-0.656676,0.533258,0.158341,0.649856,-0.520728,0.393403,1.241282,145.949286,1.431900,-1.516061,0.215820,0.170887,1.051630,-0.560308,-0.461139,0.356786,0.193762,0.184536,0.097763,1.079425,0.581255,0.454261,0.302724
-0.074333,0.433196,0.317633,0.331348,0.351767,0.248705,-1.690018,0.318279,1.048090,0.171467,0.393272,0.473040,0.664007,1.666632,0.302034,0.292804,0.464931,0.440189,-1.787025,0.861947,0.112325,-0.806845,-1.700767,0.863095,-0.570965,-1.145913,0.916963,0.281896,0.173170,-0.560643,0.465130,0.750109,155.100174,1.543218,-1.339943,0.315665,0.351728,1.036994,-0.560308,-0.226107,0.276734,0.298368,0.373833,0.275067,2.438713,0.581255,-1.065616,0.908385
-0.190600,0.919921,0.517929,0.548581,0.400353,0.481459,-1.351710,0.144875,0.387236,0.286207,0.892757,0.575579,0.754778,1.135173,0.587501,0.794619,0.840489,0.930893,-1.441840,1.268123,0.242874,-2.611472,-1.652840,1.140681,-1.086727,-1.403645,1.375724,0.439980,-0.305024,-1.089355,1.267769,0.383429,235.149808,1.217046,-1.562181,0.194065,0.369814,1.272249,-0.623505,0.669292,0.118586,0.283345,0.413490,0.210499,4.187166,1.200089,-0.690137,0.910098
-0.029724,1.061828,0.456842,0.064515,0.353522,0.467029,-1.100740,0.213094,-0.021844,0.020111,0.221591,0.368843,0.435730,-0.010117,0.350803,0.126525,0.022497,0.212665,-1.272834,0.593617,0.065394,-0.882873,-1.312237,-0.001200,-0.019180,-0.361979,1.375724,0.188896,-0.305024,-0.938024,0.126186,0.561424,197.899209,1.044225,-1.462667,0.030244,0.174839,1.325681,-0.318286,0.910166,0.052048,0.004867,0.194607,0.058108,0.197080,0.232920,-0.629817,0.747911
0.077125,0.979212,0.398377,0.179036,0.374724,0.258036,-1.456343,0.520100,0.038503,0.047001,0.372646,0.322000,0.510336,0.021648,0.165523,0.112289,0.089877,0.187242,-1.469523,0.661114,0.044283,-1.011484,-1.671627,1.703311,-1.511323,-0.184914,0.567176,0.135524,-0.299679,-0.448966,0.148290,0.663183,203.242312,1.296036,-1.730832,0.054650,0.289942,1.289468,-0.378002,0.432685,0.184889,0.022739,0.180578,0.082158,0.483419,0.268964,0.013904,0.443388
0.541260,0.688403,0.346070,0.347706,0.294809,0.508016,-1.485009,0.508668,0.038503,0.064058,0.578041,0.376437,0.510336,0.461722,0.160579,0.403209,0.319645,0.478982,-1.511528,0.684314,0.201323,-1.144113,-1.733717,1.784526,-1.511323,-0.618142,0.494843,0.201393,-0.234869,-0.398281,0.272775,0.331644,175.596173,1.329557,-1.601265,0.139265,0.342089,1.234321,-0.484313,0.337194,0.268715,0.097036,0.147953,0.085681,0.824472,0.268964,-0.241921,0.547727
1.111607,0.711271,0.393018,0.271373,0.212441,0.314356,-0.802063,0.337151,-0.086289,0.049756,0.446579,0.343711,0.276781,0.461722,0.161279,0.317078,0.294784,0.478982,-0.840095,0.643965,0.201323,-0.690615,-1.177396,1.348492,-0.770302,-0.618142,0.534171,0.099827,-0.520812,-0.398281,0.272775,0.508784,162.609606,0.608759,-1.666752,0.074061,0.242711,1.152877,-0.484313,0.358732,0.182843,0.098210,0.159247,0.135766,0.777198,0.244718,-0.172777,0.496019
1.018355,0.926952,2.416568,0.027816,0.303515,0.118729,-1.007011,0.064227,-0.221821,0.027228,0.061198,0.284005,0.512666,0.009512,0.163126,0.073326,0.021189,0.662041,-1.174703,0.562795,0.093784,0.052048,-1.070227,0.120255,0.042207,-0.198219,0.546174,0.086890,-0.520812,-0.364708,0.134197,0.156132,711.306364,1.006474,-1.710689,0.064676,0.130466,2.069668,-0.289136,0.771120,0.070780,0.004856,0.150717,0.066064,0.155505,0.246055,0.418120,0.331939
1.018355,0.730802,2.553074,0.132680,0.422493,0.218276,-1.559661,0.163442,1.184915,0.059778,0.109771,0.312235,0.726821,0.193010,0.109394,0.212584,0.145622,0.662041,-1.457547,0.822594,0.882446,-0.265334,-1.278427,0.116281,-0.618251,-0.985401,0.546174,0.220790,-0.486656,-0.364708,0.391317,0.551844,970.569612,1.298046,-1.658331,0.176344,0.134517,2.123726,-0.443146,-0.870543,0.690021,0.063154,0.220106,0.608656,0.707379,0.484156,-0.231122,0.526757
0.114728,0.475437,0.270612,0.205059,0.346770,0.205005,-1.491070,0.477033,1.353824,0.115480,0.313118,0.245033,0.726821,0.193010,0.221940,0.250946,0.184489,0.334313,-1.227857,0.822594,0.894843,-0.265334,-1.353879,0.372930,-0.618251,-0.985401,0.577218,0.235516,0.047202,-0.360195,0.391317,0.542405,160.032654,1.032033,-1.782854,0.397677,0.138896,1.078556,-0.588694,-0.871989,0.459322,0.132419,0.206297,0.355470,0.707379,0.509640,-0.231122,0.526757
-0.866754,0.544955,0.290869,0.213728,0.425957,0.191509,-1.526873,0.405862,1.345484,0.194778,0.302179,0.392676,0.712182,0.493269,0.437784,0.210593,0.218978,0.385586,-1.527773,0.730895,0.467359,-0.414969,-1.812650,0.682982,-0.562061,-1.067009,1.066162,0.256245,0.242695,-0.658549,0.950272,0.234285,133.497134,1.345446,-1.801295,0.311027,0.262435,1.336230,-0.494697,-0.009438,0.161991,0.224886,0.432110,0.387165,0.570680,0.650793,-0.152982,0.525131
-0.052639,0.777729,1.766914,0.023352,0.462511,0.175737,-1.127623,0.457452,0.476552,0.027919,0.175107,0.336799,0.558892,0.020589,0.250860,0.097624,0.017949,0.475354,-1.086515,0.560419,0.069279,-0.230907,-1.340754,0.353096,-0.082048,-0.024709,1.056330,0.063152,-0.663545,-0.719509,0.125524,0.151612,543.174648,0.998181,-1.536306,0.043047,0.140852,1.920791,-0.291137,0.635263,0.118981,0.009230,0.155533,0.301623,0.158053,0.578941,0.300560,0.519864
-1.005331,0.721845,1.758542,0.198139,0.594835,0.186836,-1.482596,0.816268,0.110151,0.100544,0.373777,0.369706,0.859342,0.719047,0.399376,0.232618,0.188982,0.819598,-1.434967,0.844266,0.069279,-0.527003,-1.284830,0.198629,-0.979976,-0.775698,0.674968,0.231762,-1.009042,-0.719509,0.136442,0.214859,687.897315,1.248534,-1.588264,0.153294,0.257591,1.629362,-0.806631,-0.720673,0.495177,0.137472,0.139407,0.380546,0.848849,1.097371,-1.019955,0.916754
-1.005331,0.630579,0.302956,0.297707,0.597268,0.217810,-1.507429,0.813212,0.951611,0.144814,0.434227,0.343063,0.859342,0.719047,0.417374,0.305686,0.182340,0.819598,-1.463322,0.987667,0.726601,-0.527003,-1.777126,0.822302,-0.979976,-0.775698,0.787349,0.242045,-1.009042,-0.284304,0.285720,0.609873,178.578877,1.230212,-1.635736,0.639245,0.311075,0.894106,-0.982136,-1.046224,0.637521,0.173430,0.206145,0.755066,0.848849,1.097371,-1.019955,0.916754
-0.773942,0.536745,0.343333,0.496989,0.617213,0.329254,-1.723553,0.609731,0.951611,0.243503,0.437614,0.457701,0.875455,1.240715,0.433115,0.287345,0.320904,0.303696,-1.713218,0.849003,0.586732,-0.608475,-1.741446,0.833171,-1.018084,-1.304693,0.972931,0.374006,0.166037,-0.719593,0.856923,0.296309,151.536530,1.442553,-1.737884,0.644138,0.435696,1.297868,-0.888336,-0.824458,0.462253,0.388612,0.449861,0.212845,1.034408,1.033336,-0.469721,1.076962
-0.752637,0.652102,1.831870,0.087847,0.527446,0.401812,-1.137511,0.565148,0.583461,0.029930,0.375742,0.550920,0.872712,0.186948,0.323872,0.254682,0.100615,0.760799,-1.019336,0.849003,0.176860,-0.608475,-1.478813,0.475185,-0.152708,-0.492302,0.972931,0.144645,-0.588403,-0.873845,0.302256,0.313866,660.122526,0.905143,-1.648707,0.128953,0.391234,1.526410,-0.310651,0.495905,0.150918,0.027679,0.450396,0.308092,0.392929,0.481564,-0.469721,1.076962
-1.059009,0.665440,2.491863,0.238684,0.594424,0.345340,-1.622289,0.798591,0.021747,0.094795,0.392282,0.514216,0.903095,0.815183,0.489259,0.302079,0.255194,0.815995,-1.747224,0.921221,0.180897,-0.430400,-1.395253,0.256868,-0.963665,-0.967905,0.860408,0.218901,-1.038121,-0.873845,0.327211,0.522177,1067.727853,1.439170,-1.669836,0.169752,0.213803,1.702984,-0.878376,-0.808004,0.497516,0.163305,0.335259,0.375981,0.980291,1.187125,-0.868873,0.804142
-1.059009,0.614878,0.968543,0.318543,0.656557,0.314964,-1.581695,0.744146,1.166198,0.213895,0.453493,0.417802,0.903095,0.815183,0.489111,0.386826,0.269755,0.815995,-1.613241,0.988724,1.035385,-0.413494,-1.661646,0.492673,-0.963665,-0.967905,0.869130,0.310064,-1.038121,-0.415322,0.333516,0.700923,421.054499,1.407290,-1.789685,0.707234,0.248575,1.555502,-0.991428,-1.067650,0.633376,0.196149,0.306995,0.827346,0.980291,1.187125,-0.868873,0.804142
-0.656514,0.526465,0.484544,0.444362,0.635950,0.287482,-1.704230,0.503437,1.166198,0.279965,0.459766,0.524485,0.895478,1.421955,0.477235,0.438134,0.296448,0.877746,-1.926075,0.958689,1.035385,-0.846322,-1.729038,1.126477,-1.468113,-1.380069,0.706841,0.413270,0.175825,-0.686918,1.056627,0.468402,183.024349,1.670445,-1.805756,0.661199,0.309315,0.992458,-0.951937,-0.671838,0.368473,0.434764,0.419142,0.256549,0.936764,0.934411,-0.328839,0.819170
-0.250113,0.741340,2.109231,0.104447,0.478267,0.223538,-1.591178,0.422082,0.716677,0.019471,0.241243,0.554039,0.671623,0.023099,0.191439,0.127924,0.032316,0.784375,-1.450349,0.571979,0.100575,-0.230558,-1.353698,0.460907,-0.108639,-0.175314,0.809355,0.096584,-0.615239,-0.970678,0.122832,0.152982,672.482016,1.274496,-1.465732,0.092331,0.139517,1.435884,-0.303840,0.492748,0.199976,0.010775,0.329833,0.349334,0.232806,0.646176,0.058310,0.608736
-1.595375,0.748295,1.905529,0.180382,0.603155,0.328922,-1.543933,0.940656,0.103332,0.124267,0.370461,0.791373,0.930762,0.768340,0.393689,0.254939,0.206337,1.052007,-1.328223,0.758583,0.023003,-0.542654,-1.724948,0.224540,-1.150217,-1.036453,0.832338,0.262367,-1.145016,-0.970678,0.149989,0.382935,813.894709,1.197592,-1.463267,0.164483,0.198627,1.492488,-1.043237,-0.672417,0.477924,0.164656,0.457911,0.386582,1.009154,1.121951,-1.404900,0.882317
-1.595375,0.593405,0.406429,0.347539,0.648951,0.408101,-1.515815,0.996556,1.086121,0.183746,0.450335,0.677182,0.930762,0.768340,0.428836,0.350793,0.248412,1.101430,-1.480460,0.940759,1.111163,-0.449004,-1.981701,1.131016,-1.150217,-1.036453,0.949100,0.286970,-1.145016,-0.296892,0.239521,1.006474,217.329003,1.250522,-1.556083,0.694269,0.289509,1.284264,-1.106611,-0.927199,0.621781,0.209830,0.397483,0.818427,1.009154,1.121951,-1.404900,0.882317
-0.717401,0.542394,0.356106,0.459662,0.655135,0.329293,-1.431726,0.603792,1.086121,0.266485,0.514261,0.520730,0.887300,1.045333,0.502078,0.445301,0.390122,0.655031,-1.040089,0.892234,1.111163,-0.620316,-1.663875,1.265718,-1.409756,-1.276705,0.775608,0.399815,0.156786,-0.654414,1.088797,0.558703,161.731936,0.852860,-1.581225,0.681796,0.320610,1.032321,-0.907230,-0.673893,0.413618,0.379571,0.407161,0.232244,0.977360,1.279255,-0.089669,0.607904
-0.656406,0.689763,1.442504,0.140884,0.503606,0.256164,-1.555746,0.575114,0.649447,0.050167,0.297047,0.589204,0.781457,0.265345,0.241900,0.178299,0.087639,0.504930,-1.368422,0.674176,0.098757,-0.599400,-1.259737,0.593575,-0.356687,-0.211988,0.930066,0.102898,-0.816133,-0.943807,0.132250,0.174786,476.048002,1.213640,-1.530355,0.097644,0.148593,1.626681,-0.298532,0.456095,0.209039,0.036600,0.397252,0.390091,0.512304,0.669061,-0.089669,0.546773
-0.956927,0.734354,1.456555,0.341650,0.613778,0.174171,-1.366250,0.713791,0.057695,0.096064,0.658322,0.585545,0.904746,0.781071,0.467090,0.408656,0.282634,0.973164,-1.290958,0.817030,0.030035,-0.778104,-1.218242,0.186023,-0.963677,-0.893038,0.930066,0.225348,-1.071190,-0.943807,0.246652,0.154900,581.122702,1.036955,-1.608448,0.170958,0.257499,1.884340,-0.893336,-0.792910,0.528466,0.152312,0.284105,0.393878,1.490639,1.317506,-1.281940,0.781974
-0.956927,0.670564,0.319643,0.455081,0.650468,0.180745,-1.327911,0.753050,1.011602,0.141327,0.708223,0.379064,0.904746,0.781071,0.454736,0.492519,0.290051,0.973710,-0.871144,0.959081,0.863111,-0.778104,-1.732628,1.187206,-0.963677,-0.893038,0.931641,0.233681,-1.071190,-0.318501,0.301021,0.466811,177.140838,0.685080,-1.657970,0.699826,0.308576,1.086102,-0.942893,-1.106974,0.676726,0.194135,0.213182,0.791035,1.490639,1.317506,-1.281940,0.781974
-0.959816,0.553580,0.353156,0.655948,0.694332,0.490636,-1.538565,0.645105,1.011602,0.299551,0.531264,0.441969,0.962051,1.761948,0.359498,0.572044,0.429130,0.323409,-1.552496,1.095337,0.901264,-0.546491,-2.069195,1.433341,-1.360704,-1.367093,0.580935,0.504906,0.468718,-0.585516,1.501953,0.229288,152.570912,1.313412,-1.771412,0.729988,0.557476,1.326731,-0.906469,-0.919737,0.512431,0.398122,0.361947,0.151624,1.477017,1.249564,-1.081222,1.212765
-0.959816,0.513237,1.010408,0.364461,0.548943,0.491776,-1.016769,0.653914,0.721272,0.092572,0.386205,0.487780,0.962051,1.761948,0.318993,0.469267,0.147564,0.576787,-1.065604,1.095337,0.154125,-0.546491,-1.575988,0.644994,-0.695879,-1.367093,0.776989,0.292671,0.041264,-0.650604,0.383722,0.477786,378.597840,0.958592,-1.601926,0.172763,0.502034,1.554304,-0.594112,0.353637,0.110674,0.228994,0.474839,0.225662,0.465505,0.405370,-1.081222,1.212765
0.653871,0.548836,0.822121,0.223390,0.550603,0.513945,-1.214366,0.261617,0.402912,0.032181,0.207848,0.410149,0.880047,0.504666,0.347638,0.260077,0.164340,0.616661,-1.234088,0.999978,0.047388,-0.862774,-1.513833,1.330162,-0.990862,-1.289325,0.776989,0.260370,-0.117003,-0.650604,0.303685,0.346992,404.903345,1.053270,-1.723292,0.174615,0.182952,1.537836,-0.401219,-0.937038,0.515086,0.131422,0.231237,0.131657,0.795621,0.402337,-0.880963,0.429157
0.647891,0.621170,0.315237,0.279316,0.521286,0.414838,-1.455642,0.273630,0.885264,0.060477,0.289729,0.298049,0.880047,0.504666,0.373319,0.469009,0.336931,0.616661,-1.544916,1.045669,0.572349,-0.862774,-2.002995,1.839019,-0.990862,-1.289325,0.830239,0.266443,-0.110129,-0.279565,0.303685,0.562621,180.839998,1.348971,-1.795159,0.568798,0.176242,1.200958,-0.820541,-1.102557,0.503467,0.130894,0.128422,0.363138,0.795621,0.478269,-0.880963,0.386863
-0.383041,0.595640,0.311279,0.384201,0.464874,0.248849,-1.482708,0.398293,0.879902,0.184504,0.249550,0.432850,0.720487,0.578408,0.329551,0.341948,0.289881,0.342551,-1.443656,0.784037,0.231852,-0.727681,-1.710234,1.090602,-0.906083,-0.835953,0.907190,0.318447,0.094647,-0.655462,0.805244,0.289436,147.222490,1.275908,-1.657688,0.476032,0.319807,1.339154,-0.679551,-0.421627,0.336787,0.246174,0.359116,0.225030,1.014295,0.710069,-0.311075,0.687205
-0.201669,0.799060,1.076473,0.018575,0.462256,0.278425,-1.033816,0.550020,0.276600,0.025762,0.188587,0.446407,0.711366,0.028424,0.229985,0.099501,0.027184,0.593548,-0.966523,0.711122,0.054065,-0.558451,-1.442508,0.279514,-0.000488,0.044986,0.907190,0.111359,-0.231186,-0.583189,0.129059,0.379316,362.702121,1.014151,-1.667963,0.065073,0.254172,0.618562,-0.304293,0.700627,0.069301,0.007909,0.339961,0.135234,0.217222,0.411062,-0.285740,0.687205
0.391533,0.727549,1.954056,0.113067,0.597823,0.208572,-1.274657,0.483027,0.309372,0.037522,0.139480,0.336921,1.006415,0.675821,0.468762,0.203012,0.160835,0.586530,-1.204759,1.084331,0.211866,-0.939564,-1.638799,0.513126,-0.883969,-1.013188,0.796259,0.251564,-0.376843,-0.590714,0.312643,0.302092,813.889063,1.094432,-1.585558,0.221683,0.210720,1.935662,-0.561760,-1.012601,0.637035,0.156910,0.420338,0.178515,0.672895,0.593578,-1.027947,0.567428
0.391533,0.638301,0.291626,0.305308,0.541407,0.274037,-1.612228,0.395653,0.916376,0.074937,0.299134,0.316668,1.006415,0.675821,0.390304,0.351530,0.309413,0.292743,-1.597277,1.084331,0.616123,-0.939564,-1.856838,1.432447,-0.883969,-0.872999,0.861626,0.263866,-0.376843,-0.583308,0.315999,0.477804,172.692775,1.341274,-1.659482,0.593912,0.230469,1.030976,-0.858465,-1.124305,0.498265,0.166114,0.282569,0.443123,0.672895,0.779138,-1.027947,0.553818
-0.259284,0.627751,0.357699,0.581426,0.492209,0.556416,-1.793264,0.270391,0.830990,0.295092,0.724218,0.383810,0.832347,0.983175,0.437636,0.878365,0.448134,0.342842,-1.937222,0.914705,0.341936,-0.883275,-1.480722,1.787429,-2.050107,-1.399297,0.811127,0.441788,0.237535,-0.852538,1.775702,0.565999,146.502069,1.734971,-1.569627,0.480541,0.356930,1.111385,-0.812017,-0.196316,0.281357,0.290085,0.384629,0.161759,2.363049,1.241436,-0.151890,1.169188
0.460135,0.810755,1.688187,0.083127,0.490752,0.418183,-1.230086,0.324767,0.588598,0.057777,0.364984,0.327187,0.537244,-0.000950,0.218804,0.148271,0.034166,0.216966,-1.284870,0.608168,0.100021,-0.586095,-1.550220,0.347481,-0.139993,0.008918,0.853774,0.083606,-0.668717,-0.648285,0.131065,0.271617,583.560958,1.095864,-1.537137,0.020411,0.116648,1.909235,-0.290021,0.696385,0.040491,0.008875,0.348375,0.296813,0.221012,0.736611,0.093445,0.438333
-2.102046,0.693769,1.410106,0.291302,0.573615,0.487118,-1.504963,1.201574,0.202344,0.125669,0.452388,0.644142,0.955031,0.783513,0.561205,0.309417,0.253249,1.178115,-1.261335,0.581727,0.092322,-0.621358,-1.675249,0.347481,-1.133647,-0.954263,1.242125,0.221357,-1.633751,-0.537412,0.112077,0.691935,701.479901,1.080031,-1.569677,0.115935,0.278164,1.713198,-1.067498,-0.671110,0.389427,0.190193,0.440176,0.620560,1.278548,1.442854,-0.854464,0.889937
-2.102046,0.653281,0.553488,0.310629,0.595296,0.404427,-1.483120,1.268669,1.062658,0.152828,0.493785,0.659743,0.955031,0.783513,0.566706,0.447986,0.332436,1.178115,-1.287728,0.999477,0.614107,-0.621358,-1.929783,1.148961,-1.133647,-0.954263,1.242125,0.222940,-1.633751,-0.378926,0.222622,1.025246,301.980035,1.094014,-1.879548,0.637659,0.331392,0.957758,-1.078657,-1.012833,0.654438,0.241215,0.403270,1.057220,1.278548,1.365292,-1.180948,0.889937
-0.241059,0.546100,0.826367,0.549868,0.669722,0.444069,-1.666810,0.548675,1.062658,0.245050,0.469367,0.526431,0.960305,1.158853,0.419519,0.726956,0.368035,0.454626,-1.599750,0.834793,0.595948,-1.059134,-1.931595,1.273576,-1.612823,-1.391641,0.676074,0.505068,0.427801,-0.606292,1.105574,0.309964,302.358978,1.277130,-1.621941,0.698228,0.467390,1.735241,-0.884741,-0.833791,0.468942,0.356603,0.468827,0.187883,0.933977,1.176758,-0.423243,1.756187
-0.167554,0.570078,1.671973,0.267065,0.507147,0.410704,-1.164971,0.392439,0.785875,0.053651,0.393008,0.453602,0.900958,0.245145,0.281728,0.285560,0.157020,0.290526,-1.116881,0.804911,0.083813,-1.000968,-1.318628,0.503047,-0.333887,-0.731606,0.844704,0.187991,-0.630985,-0.934870,0.174341,0.210726,624.851927,1.011644,-1.551510,0.130762,0.378235,1.372423,-0.309502,0.364018,0.192189,0.051168,0.350245,0.378421,0.867619,0.600844,-0.423243,1.756187
-1.198192,0.654813,1.051693,0.152336,0.587044,0.256208,-1.396156,0.790408,0.175234,0.099579,0.473269,0.477695,0.910808,0.599074,0.398079,0.353079,0.162204,0.831108,-1.409149,0.834185,0.041915,-0.497600,-2.002169,0.250026,-1.055483,-0.896190,0.844704,0.227044,-1.117895,-0.934870,0.122955,0.534447,507.466447,1.272245,-1.621895,0.178193,0.258872,1.389716,-0.708749,-0.940741,0.510711,0.131821,0.287990,0.436950,0.745522,1.297398,-1.026305,0.877672
-1.198192,0.674605,0.290051,0.307102,0.624500,0.340329,-1.441537,0.876766,0.942471,0.135483,0.488181,0.478304,0.910808,0.599074,0.406205,0.416448,0.221699,0.831108,-1.459817,1.005326,0.598440,-0.347387,-2.119173,1.024158,-1.055483,-0.896190,0.926319,0.235762,-1.117895,-0.271814,0.195562,0.644880,181.466689,1.299792,-1.797690,0.672454,0.291569,1.053754,-1.051984,-1.127869,0.631919,0.167164,0.248629,0.781012,0.745522,1.297398,-1.026305,0.877672
-1.143195,0.564110,0.313432,0.568138,0.644783,0.245272,-1.606895,0.662535,0.942471,0.389204,0.519126,0.509335,0.904508,1.367453,0.342886,0.602043,0.437134,0.549552,-1.684327,1.026263,0.692243,-1.053100,-1.720641,1.735669,-1.265160,-1.384549,0.611829,0.451555,0.155926,-0.682109,2.051929,0.376354,156.489304,1.453491,-1.634569,0.674891,0.521928,1.055363,-0.914922,-0.865983,0.481358,0.358703,0.406974,0.233900,1.845882,1.212257,-1.004048,1.762166
-1.074301,0.678220,1.291881,0.093887,0.522758,0.254329,-1.236537,0.615580,0.441168,0.024847,0.384067,0.572751,0.901044,0.255042,0.322474,0.316193,0.149537,0.437202,-1.344208,1.026263,0.068488,-1.053100,-1.327290,0.494492,-0.058187,-1.182707,0.915440,0.195364,-0.652036,-0.888855,0.186183,0.228639,468.866429,1.162235,-1.235649,0.135604,0.450790,1.711182,-0.327082,0.496540,0.166547,0.035410,0.333760,0.280839,0.467053,0.600532,-1.004048,1.762166
-0.862379,0.701772,1.297741,0.235722,0.599844,0.204363,-1.403630,0.702310,0.016052,0.063263,0.359111,0.480768,0.906479,0.757173,0.448173,0.274757,0.229868,0.738695,-1.396510,1.000211,0.092466,-0.590928,-1.415124,0.219020,-1.068889,-0.811205,0.915440,0.206753,-0.940194,-0.888855,0.204580,0.206623,590.318376,1.125090,-1.602416,0.182111,0.182243,1.783075,-0.894924,-0.855076,0.549097,0.156944,0.330029,0.322898,0.934058,1.089211,-0.913605,0.619419
-0.862379,0.636454,0.294819,0.337026,0.622276,0.235742,-1.495360,0.703689,0.974416,0.136259,0.443385,0.346815,0.906479,0.757173,0.421709,0.375678,0.242878,0.738695,-1.381882,1.075666,0.970329,-0.590928,-1.966395,0.847348,-1.068889,-0.811205,0.825923,0.226520,-0.940194,-0.390079,0.347271,0.410483,178.184292,1.151131,-1.641377,0.669708,0.229118,1.138723,-0.945366,-1.069862,0.617522,0.189924,0.273718,0.726405,0.934058,1.089211,-0.913605,0.619419
-0.977787,0.620727,0.340475,0.560787,0.596757,0.253632,-1.594035,0.605018,0.974416,0.301758,0.454862,0.312803,0.841520,1.069913,0.348300,0.592199,0.433211,0.441948,-1.736059,1.110882,0.724039,-0.571939,-1.756515,1.667186,-0.986581,-1.374139,0.655755,0.400861,0.077785,-0.615998,1.756621,0.186431,151.270059,1.561829,-1.724387,0.620228,0.343487,1.304971,-0.883240,-0.713820,0.434350,0.310579,0.425945,0.233943,1.900547,1.095912,-0.345189,1.209032
-0.860754,0.810177,1.594504,0.054519,0.504644,0.277338,-1.129480,0.495022,0.498388,0.026240,0.324611,0.447924,0.841520,0.260332,0.243496,0.338092,0.133597,0.499089,-1.241957,1.110882,0.164933,-0.571939,-1.414194,0.451563,-0.044424,-0.496069,0.993608,0.135885,-0.604411,-0.837876,0.160630,0.156324,583.097063,1.090884,-1.543510,0.105662,0.274189,1.428477,-0.309703,0.641735,0.148293,0.040274,0.272514,0.285327,0.564243,0.582952,-0.345189,1.209032
-0.681762,0.764950,1.666802,0.191302,0.607177,0.299937,-1.294862,0.608720,0.106448,0.067442,0.314541,0.391677,0.981326,0.710628,0.446696,0.268085,0.216536,0.469176,-1.119538,1.081257,0.318501,-0.601936,-1.357678,0.134678,-0.937310,-0.976035,0.993608,0.228886,-0.913326,-0.837876,0.340053,0.134159,760.401038,0.943496,-1.570750,0.193271,0.194612,1.679041,-0.854523,-0.962049,0.637932,0.154380,0.301449,0.312134,0.840212,1.174019,-1.006931,0.561392
-0.681762,0.675973,0.263294,0.285254,0.597704,0.317413,-1.661040,0.659223,0.909520,0.135219,0.389539,0.348927,0.981326,0.710628,0.337404,0.354786,0.264323,0.673655,-1.462817,1.081257,0.937097,-0.601936,-1.956275,0.845839,-0.937310,-0.976035,0.798040,0.306733,-0.913326,-0.451077,0.340053,0.280856,164.032104,1.143879,-1.635127,0.647566,0.238617,1.139309,-0.930325,-1.118046,0.649867,0.204566,0.272702,0.584293,0.840212,0.915456,-1.006931,0.561392
-1.249922,0.668795,0.850141,0.448172,0.569013,0.321807,-1.839561,0.472782,0.758597,0.417943,0.504949,0.614690,0.826336,1.130628,0.458636,0.695306,0.620358,0.980560,-1.968760,1.280733,0.641773,-0.603753,-1.577920,2.651821,-1.160263,-1.387118,0.694807,0.486918,0.074585,-0.764725,2.515037,0.342986,316.127240,1.684813,-1.744188,0.517458,0.308934,1.469617,-0.773820,0.105545,0.181351,0.394183,0.431675,0.185906,2.238928,1.473423,-0.481864,0.785198
-0.322968,0.628531,1.681696,0.019469,0.423662,0.325979,-1.045633,0.362925,0.255207,0.014883,0.092135,0.456309,0.542198,0.007491,0.175086,0.085465,0.018695,0.980560,-1.178489,0.584214,0.060239,-0.086308,-1.083408,0.468460,0.007758,-0.330542,0.690499,0.053927,-0.297184,-0.511281,0.131352,0.246164,616.345086,0.974370,-1.466887,0.044839,0.084859,1.663499,-0.287460,0.507967,0.080265,0.007453,0.178261,0.143557,0.180784,0.424678,0.467607,0.309824
0.492861,0.588499,1.058080,0.113823,0.513149,0.208855,-1.432152,0.292267,0.260195,0.055102,0.132696,0.170428,0.804099,0.173869,0.202468,0.147922,0.072092,-0.064189,-1.406457,1.042810,0.205464,-0.338936,-1.502975,0.185935,-0.458534,-0.554732,0.588270,0.200919,-0.417583,-0.433719,0.315249,0.412306,489.657193,1.197485,-1.653686,0.167238,0.104203,1.602569,-0.549512,-0.857027,0.556259,0.056370,0.153620,0.207828,0.349387,0.424678,-0.244328,0.311834
0.633627,0.464474,0.332137,0.230865,0.340170,0.265735,-1.639227,0.383175,0.397738,0.124287,0.276533,0.160543,0.804099,1.104203,0.084378,0.189850,0.192464,0.143141,-1.659289,1.042810,0.698612,-0.493209,-1.645637,0.436669,-0.458534,-0.554732,0.471225,0.212494,-0.407468,-0.563874,0.315249,0.265932,192.738374,1.463388,-1.601520,0.383808,0.118507,1.170176,-0.767699,-0.868544,0.473556,0.187542,0.137186,0.225754,0.671154,0.262495,-0.244328,0.206629
0.390101,0.832332,0.384512,0.149158,0.259662,0.142976,-0.894123,0.283712,0.061489,0.106246,0.231431,0.149323,0.310636,1.104203,0.150216,0.200879,0.165740,0.273153,-1.082759,0.799687,0.263857,-0.493209,-1.273915,0.436669,-0.079257,-0.530960,0.622945,0.115049,-0.508766,-0.742964,0.183470,0.316653,173.112568,0.918406,-1.685303,0.048320,0.144125,1.229235,-0.453076,0.308386,0.223642,0.179688,0.212661,0.188082,0.671154,0.292636,0.500952,0.394703
0.443662,0.974267,0.300236,0.008035,0.308550,0.067881,-0.746561,0.111553,-0.402286,0.010573,0.032976,0.111403,0.318145,-0.004979,0.037751,0.026720,0.010072,0.211007,-0.890326,0.527782,0.084053,0.092217,-1.281703,0.128067,0.066925,0.009508,0.343822,0.018037,-0.508766,-0.183514,0.128389,0.102939,141.180306,0.775937,-1.747708,0.006322,0.043093,1.143230,-0.275066,0.896733,0.037230,0.001809,0.042578,0.035386,0.144662,0.292636,0.485233,0.135827
0.611126,0.721404,0.312338,0.088282,0.388599,0.212080,-1.514592,0.525020,0.631268,0.045141,0.281823,0.083355,0.573026,0.264560,0.154109,0.094963,0.055113,0.012615,-1.441440,0.544680,0.086340,-0.022787,-1.627200,0.636884,-0.532921,-0.607001,0.648186,0.140950,-0.424554,-0.127663,0.336014,0.564977,186.561388,1.342548,-1.800761,0.094216,0.120124,1.151819,-0.332270,-0.310965,0.388454,0.063807,0.106698,0.317426,0.332638,0.375095,-0.139632,0.209588
0.775480,0.461824,0.301602,0.132270,0.332419,0.259266,-1.570507,0.515413,0.977741,0.063452,0.322505,0.174494,0.573026,0.264560,0.178129,0.193651,0.118620,0.355269,-1.586580,0.608470,0.086340,-0.730238,-1.620947,0.981113,-0.532921,-0.607001,0.648186,0.120028,-0.410528,-0.121703,0.387256,0.546033,176.558238,1.473038,-1.781416,0.298378,0.142604,1.046323,-0.492896,-0.448997,0.520521,0.074485,0.155488,0.529905,0.332638,0.375095,-0.139632,0.266430
0.301573,0.448293,0.268980,0.198317,0.242400,0.046667,-1.625575,0.731441,0.977741,0.165843,0.337531,0.177624,0.554657,0.421593,0.281218,0.374269,0.246852,0.410613,-1.429850,0.739255,-0.033478,-0.856156,-1.507939,0.981113,-0.800230,-0.743551,0.523854,0.198279,0.523420,-0.588970,0.700117,0.754713,127.744547,1.264794,-1.793259,0.276411,0.124261,0.968935,-0.564647,-0.448997,0.485583,0.186193,0.316058,0.114216,1.074284,0.621995,0.359803,0.397843
-0.088901,0.755238,0.377977,0.301120,0.392217,0.211249,-1.642361,0.223921,0.951679,0.158039,0.473915,0.375942,0.554657,0.421593,0.328669,0.336507,0.238211,0.509397,-1.453527,0.739255,0.056796,-0.856156,-1.604838,0.450811,-0.800230,-0.743551,0.811709,0.289726,-0.182309,-0.742082,0.700117,0.747035,161.219581,1.348294,-1.638802,0.288501,0.176728,1.088620,-0.564647,0.150525,0.202099,0.182297,0.391619,0.363230,1.074284,0.621995,-0.207782,0.522564
0.632138,1.073309,0.342144,0.036833,0.290579,0.017356,-0.749430,0.021888,-0.465693,0.076415,0.011207,0.044499,0.293451,-2.475088,0.886542,0.160429,0.150769,-0.020121,-0.953541,-3.519943,-0.680189,0.149817,-0.896877,0.117277,-0.765982,-0.734407,-26.834754,0.151614,-0.510661,-0.123531,-0.552295,0.034216,206.612229,0.887166,-1.291594,0.002101,0.011109,1.184008,-1.775523,1.064721,0.003867,0.080726,0.042772,0.008637,5.236810,-8.303209,0.527353,0.444706
0.608188,1.119044,0.453984,0.036833,0.288773,0.313379,-0.741261,0.021681,-0.526597,0.076415,0.113831,0.439526,0.299319,-1.451502,0.886542,0.160429,0.150769,0.559823,-0.917295,-1.845531,-0.365211,-0.067577,-0.818340,0.176601,-0.451005,-0.424797,-15.593580,0.151614,-0.591784,-0.213564,-0.275107,0.054308,244.808569,0.871097,-1.472633,0.009094,0.011109,1.295767,-1.215529,1.097821,0.008854,0.080726,0.606828,0.017134,3.325095,-4.736832,0.315603,0.303848
0.604342,1.123992,0.368535,0.029474,0.286610,0.014699,-0.873176,0.019733,-0.475163,0.061147,0.023895,0.057391,0.290396,-0.428474,0.709411,0.128375,0.120645,-0.055666,-1.200913,-0.172033,-0.050406,0.104460,-0.893112,0.112204,-0.119006,-0.098456,-4.358543,0.121321,-0.526571,-0.130528,0.001930,0.036107,165.801167,1.007071,-1.366809,0.002399,0.008889,1.097998,-0.625273,1.099318,0.011842,0.064597,0.051531,0.014537,1.310072,-1.172401,0.511904,0.155378
0.614902,1.091217,0.581192,0.001304,0.288370,0.015672,-0.795960,0.025784,-0.413071,0.001690,0.002928,0.014815,0.291302,-0.000300,0.010930,0.005213,0.003065,-0.053767,-0.869639,0.524564,0.081154,0.171835,-0.799783,0.093211,0.075197,0.092706,0.329867,0.003215,-0.449566,-0.114270,0.119901,0.026104,240.280893,0.844371,-1.449531,0.001426,0.002743,1.338978,-0.272021,1.075214,0.007368,0.000859,0.031886,0.008717,0.112232,0.446197,0.567679,0.074416
0.663463,0.788261,2.298171,0.151440,0.415848,0.207951,-1.594233,0.483404,1.137363,0.070625,0.198168,0.137206,0.741006,0.280499,0.139055,0.135431,0.141611,0.290405,-1.608419,0.765503,0.387571,-0.275099,-1.116883,0.550254,-0.836671,-0.901606,0.623883,0.234964,-0.415164,-0.139780,0.406148,0.533081,871.307744,1.283984,-1.684395,0.190196,0.095212,1.879676,-0.434407,-0.797057,0.705729,0.079835,0.135554,0.565987,0.725439,0.877824,-0.472828,0.245832
0.158799,0.444881,0.327788,0.209136,0.305432,0.197012,-1.538384,0.638835,1.214985,0.080493,0.258307,0.187688,0.741006,0.280499,0.155894,0.214540,0.161590,0.319269,-1.364925,0.765503,0.601624,-0.275099,-1.147473,0.550254,-0.836671,-0.901606,0.623499,0.230390,0.000222,-0.301550,0.406148,0.415037,177.195638,1.172584,-1.532914,0.366060,0.155110,1.301871,-0.532588,-0.797057,0.454342,0.112659,0.131801,0.307836,0.725439,0.877824,-0.472828,0.245832
-0.641253,0.547938,0.337420,0.213414,0.435967,0.338275,-1.586742,0.347818,1.164730,0.164484,0.402510,0.276133,0.708105,0.700975,0.235085,0.263415,0.196778,0.400214,-1.505007,0.726341,0.480653,-0.375468,-1.617331,1.007192,-0.575118,-1.381349,0.585173,0.275649,0.258793,-0.544076,0.914986,0.294150,148.491867,1.331669,-1.698238,0.309023,0.245171,1.378648,-0.532588,0.166639,0.110192,0.225139,0.250907,0.284257,1.108648,1.002299,-0.311067,0.558170
-0.231981,0.651933,1.759014,0.033811,0.477305,0.225185,-1.300251,0.544707,0.618459,0.024099,0.337499,0.403732,0.617511,0.047634,0.124153,0.143853,0.026468,0.907543,-1.276844,0.566473,0.081473,-0.134584,-1.313572,0.412730,-0.005223,-0.132588,0.737854,0.048939,-0.542660,-0.684414,0.135542,0.301743,588.221133,1.152249,-1.410223,0.058260,0.128132,1.492713,-0.294665,0.494485,0.126372,0.014471,0.147606,0.295831,0.161887,0.534661,0.081451,0.534673
-0.828046,0.627416,1.816056,0.243304,0.585236,0.259231,-1.258276,0.809000,0.119793,0.079071,0.425211,0.629948,0.852279,0.649514,0.349834,0.320518,0.195252,0.866382,-1.106234,0.894256,0.083339,-0.588353,-1.581381,0.299171,-0.847045,-1.114453,0.737854,0.247295,-0.965619,-0.684414,0.247173,0.263145,742.440038,1.001634,-1.607097,0.155761,0.273651,1.572190,-0.873223,-0.959503,0.527821,0.124151,0.392752,0.326150,0.871144,0.897671,-1.053026,0.973230
-0.828046,0.584175,0.302883,0.353789,0.545130,0.300298,-1.497490,0.708238,0.944203,0.117367,0.481931,0.662673,0.852279,0.649514,0.387286,0.347838,0.193693,0.866382,-1.547586,0.979009,0.667402,-0.588353,-1.842596,0.820070,-0.847045,-1.114453,0.865773,0.248554,-0.965619,-0.262903,0.268262,0.743410,175.912167,1.371394,-1.730383,0.592419,0.327856,1.096644,-0.916090,-1.066103,0.516709,0.170691,0.403758,0.700145,0.871144,0.897671,-1.053026,0.973230
-0.566813,0.569713,0.392167,0.383286,0.552367,0.304150,-1.579364,0.457436,0.944203,0.284019,0.404888,0.201539,0.763204,0.788468,0.365573,0.389932,0.346467,0.653818,-1.353396,0.789052,0.587389,-1.127797,-1.597095,1.534770,-1.194903,-1.382033,0.806139,0.402065,0.078768,-0.583461,1.393612,0.163246,172.777229,1.192487,-1.791511,0.541865,0.362586,1.294406,-0.710185,-0.314347,0.274952,0.288143,0.344937,0.251169,1.425402,1.060068,-0.144292,1.009806
-0.109197,0.710443,1.673659,0.056022,0.473007,0.360875,-1.205321,0.410969,0.370427,0.030478,0.157517,0.376510,0.599748,0.009099,0.187639,0.089734,0.024319,0.682734,-1.191827,0.643449,0.083290,-0.258437,-1.066520,0.310726,-0.024939,-0.086782,0.806139,0.072528,-0.758150,-0.750512,0.122803,0.120521,592.170561,1.091549,-1.487564,0.037009,0.143212,1.424261,-0.285346,0.545860,0.126506,0.006503,0.186445,0.290415,0.165770,0.549422,-0.144292,0.639765
-0.440273,0.675587,1.483548,0.141150,0.576864,0.173454,-1.369129,0.564684,-0.044755,0.052550,0.258974,0.284399,0.883427,0.552637,0.325687,0.183273,0.166148,0.458942,-1.189046,0.981163,0.017422,-0.438374,-0.800910,0.140496,-0.926158,-0.691061,0.715375,0.194374,-0.953057,-0.674580,0.257807,0.341787,636.829744,0.975832,-1.552832,0.158664,0.173313,1.367349,-0.839481,-0.928384,0.571536,0.119554,0.149279,0.291130,0.648253,0.776314,-0.643240,0.461126
-0.440273,0.592673,0.355338,0.196384,0.508102,0.295588,-1.756976,0.584011,0.831799,0.126614,0.354440,0.263274,0.883427,0.552637,0.228658,0.269258,0.202744,0.458942,-1.906875,0.988756,0.859407,-0.438374,-1.934789,0.371234,-0.926158,-0.691061,0.715375,0.230413,-0.942017,-0.191336,0.291107,0.407695,189.736466,1.613702,-1.675773,0.555815,0.173593,1.210198,-0.923880,-1.068201,0.542782,0.163066,0.170112,0.634677,0.648253,0.424482,-0.643240,0.433757
-0.174799,0.561627,0.404944,0.263136,0.479728,0.244374,-1.673433,0.391059,0.841785,0.182540,0.286419,0.403889,0.621067,0.670204,0.314883,0.218395,0.170065,0.559169,-1.668780,0.669054,0.602482,-0.399676,-1.677631,0.573966,-0.447944,-0.883399,0.639481,0.247142,0.113834,-0.515548,0.452814,0.219257,186.322907,1.443946,-1.737674,0.382838,0.191367,1.232866,-0.690502,0.093909,0.108907,0.232803,0.293693,0.232763,0.507153,0.801812,0.062379,0.542180
0.213348,0.653291,1.857061,0.039941,0.450312,0.230354,-1.220648,0.368522,0.341459,0.031901,0.203111,0.303568,0.559700,0.015429,0.122639,0.095140,0.024838,0.559169,-1.229438,0.563978,0.088506,-0.120879,-1.057064,0.422356,0.024477,-0.032349,0.639481,0.050454,-0.595058,-0.562121,0.137309,0.118142,654.212390,1.144323,-1.319295,0.042228,0.108280,1.588741,-0.283991,0.547771,0.081793,0.011154,0.138764,0.238690,0.237761,0.494248,0.469777,0.542180
-0.510957,0.613627,1.365997,0.122154,0.560354,0.254850,-1.414159,0.663663,-0.035952,0.039271,0.225097,0.317336,0.868004,0.532538,0.269264,0.159098,0.119110,0.491689,-1.378650,0.900318,0.057020,-0.224809,-1.594961,0.244719,-0.815387,-0.531849,0.612111,0.192753,-0.898814,-0.562121,0.195268,0.262530,639.978925,1.236063,-1.492935,0.154090,0.121675,1.486905,-0.726598,-0.884116,0.511921,0.106951,0.208800,0.256756,0.548749,0.894808,-0.528502,0.491731
-0.510957,0.577131,0.305673,0.233347,0.510497,0.335395,-1.607139,0.650473,0.752618,0.082674,0.378497,0.299835,0.868004,0.532538,0.259837,0.262510,0.165674,0.491689,-1.662286,1.013790,0.840485,-0.206727,-1.962440,0.811808,-0.815387,-0.514535,0.612111,0.196837,-0.898814,-0.161781,0.205793,0.576008,185.461936,1.385737,-1.703778,0.556340,0.177309,1.129328,-0.903158,-1.002984,0.504201,0.150119,0.246119,0.611496,0.575593,0.464281,-0.528502,0.491731
-0.431962,0.635907,0.335718,0.355035,0.501655,0.379676,-1.617847,0.434270,0.752618,0.150435,0.493021,0.296003,0.765897,0.902590,0.430062,0.400532,0.227768,0.265190,-1.666341,0.769474,0.518097,-0.705174,-1.597286,0.814412,-1.148953,-1.243938,1.046982,0.301073,0.063571,-0.560937,0.603379,0.111030,155.719127,1.426047,-1.641827,0.485164,0.229547,1.222343,-0.614852,-0.180752,0.244214,0.256743,0.313698,0.195890,0.807502,0.814740,-0.356038,0.656893
-0.177683,0.726949,2.106345,0.034542,0.482339,0.306657,-0.980627,0.437569,0.317282,0.032638,0.308520,0.310854,0.574472,0.019402,0.256964,0.160978,0.024185,0.666656,-0.936577,0.556313,0.057306,-0.284571,-1.141339,0.428273,-0.047289,-0.095382,1.046982,0.056005,-0.455436,-0.678890,0.130162,0.116184,727.431690,0.913774,-1.723749,0.048065,0.131716,1.565583,-0.294137,0.620975,0.081592,0.007832,0.322790,0.171022,0.179969,0.420465,0.100729,0.425546
-0.604086,0.664814,1.770151,0.183173,0.589151,0.157891,-1.248115,0.633898,-0.020971,0.049989,0.190361,0.211995,0.895063,0.600631,0.288701,0.143744,0.183830,0.543307,-1.102389,0.985214,0.391951,-0.450835,-1.296901,0.182392,-0.700314,-0.676808,0.674887,0.215556,-0.918013,-0.678890,0.271875,0.186256,810.481452,1.039796,-1.616672,0.168953,0.145582,1.593148,-0.668258,-0.797667,0.532618,0.127487,0.343366,0.293147,1.019916,0.631043,-0.822004,0.410422
-0.604086,0.606335,0.324116,0.328841,0.589260,0.268478,-1.470091,0.610160,0.878104,0.117782,0.275631,0.245905,0.895063,0.600631,0.321177,0.220445,0.197519,0.543307,-1.411639,0.987276,0.677167,-0.450835,-1.796088,0.523694,-0.700314,-0.676808,0.699960,0.231372,-0.918013,-0.259597,0.284597,0.420358,183.709707,1.289079,-1.717156,0.637310,0.251271,1.069830,-0.981735,-1.045947,0.571785,0.157659,0.307047,0.653069,1.019916,0.631043,-0.822004,0.669809
-0.512786,0.598412,0.370025,0.432797,0.566420,0.381003,-1.574389,0.431066,0.878104,0.241278,0.403210,0.442752,0.705974,0.833160,0.284083,0.359835,0.332954,0.400540,-1.493754,0.821065,0.514625,-0.525461,-1.594220,1.438594,-0.855711,-1.383663,0.660324,0.342343,0.121821,-0.553627,1.123572,0.245885,171.813110,1.341447,-1.721535,0.560975,0.269394,1.216707,-0.740554,-0.379583,0.284211,0.307854,0.394282,0.201339,1.068241,0.795070,-0.179130,0.669809
-0.296655,0.666867,1.085264,0.076725,0.471930,0.415400,-0.965088,0.511028,0.466307,0.025025,0.194111,0.423777,0.675542,0.021075,0.127844,0.096670,0.041740,0.411663,-1.078334,0.722230,0.070341,-0.144622,-1.140234,0.442837,-0.050021,-0.166644,0.660324,0.066008,-0.398919,-0.672945,0.136929,0.184092,387.090374,0.998374,-1.492910,0.078918,0.100427,1.421211,-0.293819,0.535172,0.105480,0.006805,0.222693,0.196544,0.344687,0.260596,-0.179130,0.498031
0.267125,0.663571,1.198470,0.198703,0.564769,0.266019,-1.289886,0.450297,0.240034,0.033133,0.235032,0.346646,0.935258,0.633344,0.373121,0.282147,0.209054,0.582663,-1.253234,0.937211,0.361801,-0.879965,-1.248618,0.949451,-1.190707,-0.807225,0.769941,0.218585,-0.558031,-0.672945,0.254708,0.144121,542.065943,1.042420,-1.716311,0.202068,0.151145,1.607483,-0.552749,-0.939018,0.594210,0.135022,0.243826,0.238618,1.088369,0.708001,-1.183759,0.352287
0.267125,0.643455,0.304442,0.293120,0.579585,0.251835,-1.598721,0.446544,0.943984,0.101254,0.490008,0.253225,0.935258,0.633344,0.363937,0.465373,0.348990,0.582663,-1.614891,0.959196,1.110798,-0.879965,-1.652455,1.408990,-1.190707,-0.807225,0.769941,0.224579,-0.558031,-0.311488,0.292498,0.446062,172.220202,1.468900,-1.636984,0.628518,0.225655,1.111107,-0.862215,-1.100566,0.561997,0.151860,0.227941,0.534643,1.088369,0.685515,-1.183759,0.658443
-0.342676,0.579603,0.328295,0.443160,0.529814,0.421794,-1.553512,0.395378,0.936331,0.250298,0.291359,0.456136,0.731245,1.000697,0.340812,0.465337,0.398455,0.450598,-1.651160,0.777173,0.279079,-0.778939,-1.509510,1.285457,-1.121940,-0.910795,0.853222,0.347735,0.093849,-0.531477,1.082670,0.248203,141.782421,1.421174,-1.603384,0.527748,0.381156,1.273853,-0.728422,-0.462463,0.301594,0.273788,0.424759,0.227099,1.493576,0.897356,-0.729888,0.901472
0.096032,0.733892,1.031290,0.027747,0.451233,0.390067,-1.065288,0.383772,0.292468,0.021253,0.180400,0.412613,0.680310,-0.000191,0.230883,0.078455,0.031246,0.394610,-1.152433,0.687259,0.063217,-0.447707,-1.205607,0.188204,-0.047522,-0.061622,0.853222,0.085904,-0.486333,-0.558560,0.126364,0.225890,330.750562,0.975204,-1.476797,0.055277,0.173753,1.422483,-0.308681,0.602593,0.100591,0.006465,0.288095,0.198125,0.286590,0.334333,0.099099,0.901472
-0.031188,0.675099,1.098960,0.258761,0.564011,0.261184,-1.438559,0.511968,0.116191,0.041296,0.285876,0.200307,0.875897,0.623039,0.438180,0.195858,0.167235,0.120884,-1.392486,1.068307,0.027209,-1.028733,-1.117095,1.189758,-1.037466,-0.797049,1.018098,0.193155,-0.631925,-0.558560,0.254238,0.421559,477.807443,1.206014,-1.537999,0.164015,0.209361,1.521810,-0.647345,-0.839189,0.566617,0.115465,0.236085,0.225566,0.777280,0.734164,-0.963123,0.473556
-0.031188,0.631892,0.299972,0.207434,0.550335,0.391155,-1.678511,0.482278,0.873296,0.106097,0.452503,0.257291,0.875897,0.623039,0.403093,0.423632,0.296297,0.143198,-1.666243,1.068307,1.002682,-1.028733,-1.667813,1.297202,-1.037466,-0.797049,1.018098,0.219473,-0.631925,-0.454416,0.315427,0.496709,178.586323,1.365206,-1.564846,0.596859,0.189177,1.032012,-0.899076,-1.061947,0.590710,0.142270,0.244234,0.529615,0.777280,0.572667,-0.963123,0.471457
-0.461980,0.672373,0.302182,0.315429,0.508779,0.301989,-1.625402,0.430919,0.838772,0.252454,0.382488,0.425070,0.684607,0.819704,0.267523,0.343314,0.329631,0.934068,-1.706435,0.830497,0.526511,-0.669109,-1.673104,1.021164,-0.876620,-0.703386,0.684377,0.326366,0.017528,-0.513149,1.241009,0.292643,135.082015,1.478740,-1.725510,0.483117,0.251161,1.149066,-0.774797,-0.157728,0.208625,0.253324,0.445307,0.217490,1.235689,0.757702,0.014840,0.567772
-0.278816,0.790933,1.274578,0.049859,0.438231,0.321295,-1.029550,0.411838,0.272145,0.018186,0.248113,0.456261,0.594606,0.006193,0.192595,0.127995,0.023963,0.957888,-1.162914,0.731289,0.066348,-0.114874,-1.168401,0.466050,0.030989,-0.149757,0.865155,0.062930,-0.559976,-0.638583,0.124354,0.105102,443.794932,1.060901,-1.455257,0.066113,0.143305,1.850181,-0.296709,0.639818,0.116421,0.004792,0.250592,0.215259,0.249995,0.386274,0.167881,0.510073
0.705610,0.738711,1.823495,0.212584,0.549066,0.293557,-1.508088,0.315476,0.303034,0.046056,0.213291,0.270113,0.919055,0.497022,0.326257,0.161196,0.160255,0.485912,-1.499571,1.030118,0.493947,-0.584889,-1.102243,1.307667,-0.901508,-0.900316,0.762150,0.234693,-0.670229,-0.638583,0.338789,0.298337,715.651016,1.325238,-1.533663,0.213568,0.185766,1.913714,-0.505008,-0.886394,0.640708,0.121418,0.204990,0.282897,0.863074,0.535768,-1.073563,0.292095
0.705610,0.579324,0.299637,0.538083,0.504238,0.239318,-1.619624,0.334253,0.807416,0.107065,0.481600,0.260482,0.919055,0.497022,0.261513,0.399041,0.377082,0.485912,-1.516431,1.030118,0.614524,-1.038272,-1.394722,2.780962,-0.901508,-0.900316,0.762150,0.254658,-0.656705,-0.481678,0.338789,0.385251,172.026398,1.422278,-1.622741,0.561348,0.366486,1.253753,-0.804744,-0.960191,0.567873,0.149446,0.173141,0.431689,0.863074,0.349970,-1.073563,0.987689
0.158404,0.865307,0.686271,0.485580,0.410681,0.348120,-1.551078,0.279828,0.609454,0.220739,0.420854,0.345811,0.569445,0.590011,0.395229,0.466174,0.390774,0.762546,-1.522700,1.015746,0.113214,-1.092571,-1.532985,1.666414,-0.945136,-0.865251,1.068125,0.296392,-0.226296,-0.970964,1.111650,0.394782,258.611987,1.390506,-1.629014,0.341268,0.453752,1.466928,-0.616424,0.123322,0.213964,0.208267,0.326093,0.223916,1.417762,0.485094,-0.288438,1.037478
0.509916,1.062155,3.099399,0.044443,0.427001,0.219375,-1.172613,0.161750,-0.029204,0.035165,0.094515,0.391090,0.490103,-0.003650,0.205776,0.060918,0.014672,0.762546,-1.049157,0.575340,0.045352,-0.342201,-0.982043,-0.022014,-0.050421,-0.056974,0.649632,0.073313,-0.708828,-0.440822,0.116421,0.445512,993.435986,0.911456,-1.566275,0.018871,0.129960,1.447453,-0.299180,1.033506,0.016502,0.004313,0.128769,0.162500,0.170429,0.539425,0.176518,0.433104
-0.774234,0.792829,2.010326,0.169088,0.574601,0.214398,-1.475822,0.607073,-0.074744,0.045392,0.285538,0.390442,0.889481,0.526321,0.302038,0.205206,0.169899,0.520335,-1.287276,0.875875,0.041757,-0.356265,-1.437876,0.176924,-0.896235,-0.733898,0.655779,0.209225,-0.979489,-0.374348,0.201112,0.376653,856.042811,1.100456,-1.643937,0.155688,0.208938,1.658446,-0.848806,-0.844130,0.588541,0.116234,0.236642,0.258813,0.712765,0.863004,-0.623575,0.703393
-0.774234,0.609136,0.285092,0.259297,0.538665,0.321469,-1.581021,0.755229,0.948386,0.094475,0.395221,0.369488,0.889481,0.526321,0.256573,0.280563,0.190035,0.520335,-1.502150,0.994290,0.753118,-0.356265,-2.053553,0.879326,-0.896235,-0.733898,0.673911,0.211334,-0.979489,-0.227313,0.258546,0.463188,174.393576,1.272360,-1.586729,0.585629,0.225920,1.163848,-0.884574,-1.071873,0.564982,0.165033,0.209180,0.701231,0.712765,0.445173,-0.623575,0.703393
-0.473175,0.601958,0.319099,0.448720,0.546794,0.346586,-1.523785,0.526169,0.944353,0.213453,0.480434,0.382388,0.756517,0.904308,0.410490,0.419483,0.303846,0.539528,-1.458761,0.765314,0.543562,-0.772029,-1.626756,0.998879,-1.098340,-1.295807,0.913552,0.332145,0.084189,-0.577755,0.980919,0.198092,150.003165,1.196111,-1.639041,0.535108,0.295589,1.193076,-0.723670,-0.287520,0.268011,0.260344,0.308171,0.234996,1.238290,1.030873,0.040435,0.952642
-0.132960,0.755225,1.445071,0.055229,0.472401,0.215936,-1.145876,0.425691,0.369683,0.027362,0.336513,0.393737,0.627066,0.012926,0.184604,0.162354,0.031365,0.779016,-1.180322,0.680623,0.077283,-0.271056,-1.336553,0.289819,-0.060400,0.007056,0.913552,0.051386,-0.710555,-0.695112,0.124847,0.144864,504.016449,1.129899,-1.520702,0.051813,0.141333,1.651804,-0.297105,0.599238,0.123538,0.008588,0.194249,0.258169,0.187763,0.500647,0.055352,0.417848
-0.846597,0.707199,1.187138,0.113693,0.591946,0.220592,-1.309402,0.671068,-0.086669,0.046055,0.227387,0.365940,0.889175,0.555325,0.323942,0.200861,0.185069,0.771094,-1.056320,0.840347,0.041157,-0.366339,-1.620636,0.121447,-0.922207,-0.695101,0.596133,0.193348,-1.075160,-0.654025,0.124847,0.303688,523.090963,0.970896,-1.553865,0.166022,0.163164,1.561757,-0.920045,-0.877526,0.554388,0.137964,0.176598,0.325121,0.682834,0.994592,-0.600103,0.500932
-0.846597,0.624135,0.314902,0.222522,0.603102,0.351578,-1.562500,0.671813,0.926255,0.127477,0.323828,0.338894,0.889175,0.555325,0.290573,0.303267,0.228667,0.771094,-1.505310,0.974839,0.783823,-0.250229,-1.845442,0.614940,-0.922207,-0.695101,0.658653,0.226749,-1.075160,-0.289855,0.334831,0.431565,175.246671,1.366542,-1.750530,0.650063,0.188744,1.327225,-0.968273,-1.099319,0.602710,0.174621,0.190262,0.726947,0.682834,0.712363,-0.600103,0.500932
-0.899097,0.589404,0.487952,0.476525,0.557402,0.415371,-1.513366,0.515074,0.891052,0.191964,0.434906,0.414238,0.794446,0.554710,0.351416,0.330648,0.334522,0.507861,-1.352714,0.929840,0.728502,-0.468900,-1.663143,1.476833,-0.736796,-1.184238,0.704832,0.338643,-0.013080,-0.603346,1.227631,0.182068,179.811103,1.183923,-1.676279,0.543137,0.256151,1.173945,-0.768605,-0.273950,0.237738,0.251941,0.299148,0.214812,0.960970,1.056841,-0.075962,0.650314
-0.388236,0.771397,2.109816,0.039955,0.480132,0.311463,-1.328843,0.358460,0.413117,0.031718,0.175669,0.451448,0.723137,0.024467,0.171237,0.121714,0.037112,0.507861,-1.417813,0.929840,0.121324,-0.342614,-1.124306,0.487500,-0.095100,-0.021386,0.807607,0.084561,-0.656023,-0.916862,0.124713,0.134304,693.040388,1.270549,-1.534262,0.065788,0.187569,1.769278,-0.280159,0.572161,0.145714,0.010038,0.217063,0.257556,0.391335,0.654279,0.019533,0.650314
-0.916397,0.710692,1.215485,0.202429,0.593466,0.230406,-1.117415,0.617431,-0.060720,0.054445,0.334003,0.413499,0.877091,0.649280,0.333983,0.274082,0.201778,0.622298,-0.758894,0.938415,0.043713,-0.468153,-1.354660,0.184152,-1.015081,-0.856022,0.609049,0.200322,-0.989460,-0.865657,0.224480,0.227774,526.368219,0.736190,-1.592621,0.158452,0.182697,1.673741,-1.039951,-0.877394,0.575757,0.134194,0.207814,0.295494,0.833601,1.005346,-0.678457,0.615860
-0.916397,0.584864,0.300780,0.290219,0.555809,0.317036,-1.513461,0.713042,0.733993,0.110520,0.424109,0.312051,0.877091,0.649280,0.341853,0.337566,0.222451,0.622298,-1.444606,1.061909,0.865799,-0.468153,-1.960676,1.032009,-1.015081,-0.856022,0.671043,0.213848,-0.989460,-0.317421,0.355456,0.302801,174.119967,1.363893,-1.584268,0.597774,0.197696,1.197078,-1.039951,-1.029122,0.556760,0.177167,0.170787,0.628593,0.833601,0.979015,-0.678457,0.615860
-0.945615,0.640339,0.455147,0.579348,0.559852,0.314424,-1.517795,0.536535,0.724693,0.282088,0.471932,0.354548,0.869185,1.529138,0.280402,0.549625,0.384339,0.673832,-1.604874,1.168465,0.395449,-0.321051,-1.682583,1.449066,-0.841430,-1.369017,0.594543,0.346693,0.058458,-0.498019,1.439485,0.176590,193.128134,1.470859,-1.717587,0.526851,0.271754,1.580408,-0.701545,-0.057139,0.205849,0.330312,0.394461,0.160429,1.692597,1.100028,-0.489099,0.854704
-0.027505,0.704009,1.820860,0.039158,0.452270,0.300539,-1.170433,0.339986,0.448225,0.016894,0.196792,0.414178,0.607183,0.007566,0.195590,0.110759,0.020318,0.673832,-1.118709,0.618241,0.057521,-0.277349,-1.099255,0.233061,-0.020731,-0.063020,0.825553,0.054633,-0.840290,-0.678073,0.125086,0.201172,676.576484,1.017558,-1.700655,0.060111,0.176079,1.725185,-0.304923,0.541530,0.141416,0.007993,0.187042,0.316247,0.208925,0.473913,-0.059348,0.854704
-0.465686,0.706809,1.554086,0.190597,0.569077,0.207109,-1.437840,0.589289,0.056617,0.053759,0.262500,0.281949,0.902813,0.683157,0.291200,0.252557,0.201020,0.320988,-1.314896,1.034031,0.374555,-0.551263,-1.577350,0.246496,-0.900974,-0.651740,0.588723,0.205636,-1.008999,-0.667839,0.333742,0.250038,694.011128,1.214607,-1.678827,0.186879,0.150936,1.772999,-0.791610,-0.971991,0.621483,0.142310,0.228550,0.305087,0.761526,0.956603,-0.773844,0.390901
-0.465686,0.632972,0.319866,0.250902,0.492581,0.290250,-1.562772,0.598294,0.725953,0.106257,0.366477,0.140635,0.902813,0.683157,0.180117,0.311557,0.240138,0.320988,-1.467740,1.054725,0.872117,-0.551263,-1.912940,0.640270,-0.900974,-0.651740,0.650677,0.257329,-0.929436,-0.212374,0.333742,0.291517,185.729462,1.268173,-1.575688,0.537018,0.194556,1.162402,-0.919598,-1.053597,0.602461,0.176617,0.188518,0.549970,0.761526,0.541437,-0.773844,0.448729
-0.667406,0.710101,0.632278,0.245733,0.454994,0.336655,-1.683243,0.521991,0.655445,0.253091,0.579489,0.421279,0.704926,0.560771,0.302796,0.446404,0.284617,0.819018,-1.766455,0.691263,0.450830,-0.677300,-1.638876,1.646600,-0.913550,-1.387287,0.727414,0.316056,-0.131213,-0.527083,1.380057,0.157864,233.339942,1.464955,-1.673426,0.293773,0.297830,1.277748,-0.616353,0.572695,0.081793,0.212517,0.274188,0.229743,0.993281,1.069576,-0.481324,0.827703
-0.042266,0.851294,1.909028,0.096000,0.412299,0.242233,-1.571612,0.274419,0.071923,0.020893,0.244965,0.391728,0.503110,-0.002366,0.138283,0.114501,0.029651,0.819018,-1.642677,0.583654,0.106174,-0.166637,-1.002644,0.539941,-0.000084,-0.050845,0.626367,0.051394,-0.695591,-0.642115,0.122133,0.125877,633.445586,1.338535,-1.438117,0.055321,0.117450,1.298941,-0.295860,0.616641,0.142078,0.010062,0.135413,0.203277,0.183022,0.496830,0.489886,0.372142
0.317241,0.739786,1.503837,0.149112,0.549808,0.284320,-1.466749,0.382949,0.143316,0.041947,0.176720,0.296019,0.813583,0.309906,0.245124,0.162450,0.110787,0.393437,-1.368453,1.041476,0.309206,-0.333277,-1.108000,0.219814,-0.546265,-0.610716,0.625971,0.158648,-0.716960,-0.472128,0.287684,0.192270,622.349027,1.247983,-1.685535,0.184422,0.138400,1.677951,-0.641514,-0.928646,0.698465,0.079750,0.230412,0.236455,0.535836,0.772414,-0.000156,0.455591
0.317241,0.594944,0.388836,0.215279,0.285746,0.289094,-1.516204,0.471283,0.392281,0.211626,0.441204,0.229439,0.749797,0.841751,0.139962,0.236644,0.254752,0.330899,-1.443467,1.064346,1.053925,-0.637332,-1.616927,0.508798,-0.546265,-0.983603,0.625971,0.213726,-0.574910,-0.936951,0.287684,0.318777,210.430869,1.269722,-1.600381,0.335986,0.128888,1.309991,-0.832263,-0.928646,0.615351,0.194096,0.224726,0.280567,0.557505,0.244497,-0.000156,0.233665
0.309558,1.021014,0.376809,0.031750,0.297653,0.102907,-0.867770,0.070295,-0.409698,0.021773,0.089317,0.223393,0.339542,-0.006133,0.139331,0.078274,0.026052,0.317083,-1.071868,0.744679,0.132103,-0.097321,-1.118105,0.332673,0.045135,-0.214512,0.663322,0.099309,-0.667787,-0.629748,0.121782,0.258289,169.144666,0.903116,-1.509004,0.030574,0.080080,1.182179,-0.279078,0.794546,0.057986,0.006009,0.097772,0.078127,0.196480,0.333892,0.225879,0.296434
0.520150,1.024908,0.331701,0.003164,0.301974,0.065880,-0.839291,0.058145,-0.528507,0.005865,0.023302,0.054111,0.320911,0.000871,0.021340,0.019223,0.005869,0.010667,-0.926650,0.539888,0.082740,0.098706,-1.298538,0.093354,0.067718,0.021347,0.333576,0.018490,-0.667787,-0.132565,0.118519,0.080941,148.036578,0.908414,-1.548162,0.004344,0.019590,1.173197,-0.275025,0.968868,0.028748,0.002053,0.055318,0.036886,0.122685,0.232527,0.450827,0.101087
0.617745,0.696041,0.333995,0.126045,0.374183,0.409808,-1.416309,0.308162,0.809150,0.045013,0.206753,0.142764,0.507443,0.247905,0.067101,0.137615,0.077566,-0.001892,-1.178296,0.676476,0.089436,-0.359328,-1.242849,0.753425,-0.377938,-0.601055,0.493460,0.128192,-0.641234,-0.087776,0.292579,0.057519,183.905512,1.225746,-1.670324,0.084089,0.128993,1.100615,-0.441098,-0.454480,0.479805,0.056534,0.104542,0.455180,0.467618,0.484217,0.191225,0.156497
0.841586,0.388016,0.333832,0.160131,0.301027,0.291925,-1.432385,0.238755,0.854733,0.054012,0.419416,0.239210,0.507443,0.247905,0.087170,0.154068,0.105019,0.387920,-1.221032,0.690539,0.086077,-0.529701,-1.148119,0.753425,-0.464524,-0.601055,0.493460,0.111187,-0.485927,-0.372146,0.293485,0.407864,189.203517,1.205561,-1.655358,0.285662,0.137107,1.088184,-0.522026,-0.504023,0.450064,0.055720,0.111861,0.456738,0.467618,0.484217,0.191225,0.193905
0.015643,0.441730,0.369953,0.154734,0.237118,0.142580,-1.496099,0.556294,0.850231,0.105090,0.244408,0.269583,0.479875,0.301678,0.171576,0.272397,0.246053,0.523793,-1.111055,0.646830,0.178975,-0.665490,-1.479946,0.696219,-0.650232,-0.731847,0.493127,0.141109,0.064747,-0.504031,0.238071,0.536576,163.963720,0.706665,-1.515950,0.268645,0.181625,1.299346,-0.522026,-0.466271,0.431868,0.144554,0.175740,0.217220,1.096533,0.528155,-0.364721,0.425149
0.015643,0.774020,0.858022,0.121928,0.349264,0.223770,-1.870210,0.338162,0.496733,0.103014,0.355847,0.379421,0.479875,0.301678,0.216776,0.271206,0.239893,0.811419,-2.049720,0.646830,0.178975,-0.907561,-1.467307,0.595290,-0.650232,-0.731847,0.684763,0.252941,-0.439543,-0.680217,0.238071,0.402511,274.343432,1.651753,-1.570436,0.096618,0.330405,1.822981,-0.381063,0.527816,0.134719,0.136500,0.285002,0.305336,1.096533,0.528155,-0.364721,0.949839
-0.451366,1.090143,0.908059,0.114150,0.346601,0.267328,-0.866852,0.161515,0.148111,0.053796,0.226894,0.326076,0.498729,0.116413,0.339824,0.250944,0.110800,0.523740,-0.907207,0.656663,0.147807,-0.735330,-0.967217,0.479654,-0.202809,-0.890526,1.016223,0.104542,-0.333897,-0.697268,0.348554,0.224689,404.264962,0.861880,-1.487526,0.051724,0.174433,1.278480,-0.361852,0.823427,0.099631,0.032656,0.301080,0.110093,0.297763,0.474296,0.050196,0.511145
0.404271,1.048879,0.378928,0.073904,0.304021,0.424320,-1.124834,0.194170,-0.422837,0.018674,0.177524,0.266641,0.347516,0.014039,0.202312,0.104504,0.033827,0.229468,-1.128407,0.633006,0.113547,-0.286201,-1.500103,0.048590,-0.223260,-0.071583,0.697248,0.082218,-0.505973,-0.146622,0.139759,0.402531,162.364831,0.974005,-1.629573,0.027131,0.074699,1.341770,-0.357987,0.930059,0.093371,0.013054,0.145148,0.024789,0.193068,0.465470,0.267664,0.159005
0.775951,0.947341,0.300396,0.009957,0.301219,0.036093,-0.782127,0.063496,-0.270971,0.008421,0.017652,0.050147,0.319760,0.003752,0.039841,0.029814,0.008917,0.167808,-0.932037,0.542977,0.090394,0.119405,-1.388845,0.094670,0.066019,0.006512,0.351888,0.012896,-0.523654,-0.122536,0.125100,0.162072,145.771039,0.940265,-1.447762,0.009798,0.035873,1.231156,-0.278517,0.896464,0.024747,0.001991,0.056252,0.070907,0.109001,0.350030,0.595729,0.110625
0.893643,0.657229,1.756430,0.185486,0.398374,0.179629,-1.319125,0.276127,0.755615,0.092056,0.372553,0.153939,0.684875,0.686537,0.212379,0.168889,0.163261,0.040313,-1.418484,0.716529,0.569740,-0.465267,-1.425415,0.717864,-1.021287,-0.895550,0.768538,0.227161,-0.383741,-0.202571,0.468040,0.908634,634.415792,1.239747,-1.631162,0.185972,0.177315,1.692865,-0.495663,-0.661029,0.568263,0.097181,0.170828,0.372064,0.751151,0.936653,-0.473221,0.583312
0.545182,0.417709,0.311208,0.273617,0.344036,0.187780,-1.561336,0.395600,1.077601,0.147572,0.417633,0.279451,0.684875,0.686537,0.230063,0.240934,0.213905,0.541704,-1.665866,0.754064,0.606996,-0.465267,-1.427148,0.717864,-1.021287,-0.895550,0.768538,0.251952,-0.099609,-0.424915,0.468040,0.562328,180.252677,1.402908,-1.745284,0.387219,0.195087,1.294355,-0.576969,-0.661029,0.474267,0.189696,0.209750,0.320982,0.751151,0.936653,-0.473221,0.583312
-0.404808,0.744967,0.353516,0.248538,0.442620,0.340003,-1.703353,0.413703,1.049768,0.215189,0.319669,0.453481,0.623753,0.620612,0.396549,0.284941,0.231942,0.570282,-1.637537,0.754064,0.248942,-0.344907,-1.697742,1.059059,-0.689105,-1.252595,1.027544,0.275665,0.089553,-0.566877,1.222302,0.227082,145.351313,1.422688,-1.664296,0.248157,0.263163,1.226348,-0.541020,0.469841,0.064490,0.209915,0.321845,0.272116,0.898090,0.780256,-0.090142,0.556265
-0.199330,0.790729,2.365109,0.071126,0.466330,0.120616,-1.239190,0.489056,0.278529,0.023780,0.191117,0.375025,0.551314,0.030651,0.182101,0.061004,0.023744,0.570282,-0.929705,0.541829,0.070991,-0.137518,-1.272687,0.383885,-0.034483,-0.106939,0.618004,0.035572,-0.732877,-0.735675,0.128487,0.192602,750.251641,0.837869,-1.684983,0.040796,0.083847,1.740850,-0.282661,0.688402,0.100032,0.009838,0.131204,0.296212,0.181651,0.436199,0.262287,0.254818
-0.716823,0.701274,3.148135,0.210245,0.591749,0.263684,-1.329727,0.741313,-0.010525,0.069596,0.394895,0.266550,0.849430,0.579459,0.376202,0.293030,0.198326,0.433183,-1.065520,0.848958,0.048278,-0.426061,-1.293769,0.287782,-0.860088,-0.653394,0.756047,0.231851,-0.916924,-0.735675,0.279099,0.310091,1195.503420,0.969630,-1.684682,0.161992,0.196079,1.816628,-0.743511,-0.837498,0.550991,0.120426,0.270530,0.284512,0.936772,0.800668,-0.841671,0.696587
-0.716823,0.573887,0.342317,0.387562,0.590881,0.365609,-1.517124,0.659000,0.809074,0.125115,0.468574,0.276788,0.849430,0.579459,0.328434,0.345335,0.203414,0.433183,-1.537448,0.995402,0.813877,-0.426061,-1.815904,0.970241,-0.860088,-0.653394,0.804067,0.253362,-0.916924,-0.146198,0.279099,0.519441,184.179861,1.359722,-1.427509,0.636897,0.267551,1.170026,-0.921511,-1.007866,0.561965,0.150085,0.287715,0.625043,0.936772,0.714531,-0.841671,0.696587
-0.850064,0.610035,0.363393,0.495795,0.573286,0.330145,-1.661869,0.516057,0.804985,0.288829,0.568143,0.353041,0.774283,1.136784,0.313700,0.531438,0.365739,0.692300,-1.833312,0.856461,0.505712,-1.058862,-1.622634,1.932915,-0.975661,-1.386354,0.516618,0.417663,0.110586,-0.739279,1.623645,0.225256,160.363011,1.638969,-1.640543,0.559311,0.454946,1.351402,-0.757387,-0.218048,0.247130,0.314217,0.403137,0.178733,1.457230,1.212733,-0.371813,0.778674
-0.459104,0.748176,1.302746,0.046631,0.479787,0.230031,-1.164761,0.466536,0.412196,0.023394,0.159871,0.411104,0.643048,0.020762,0.176592,0.082055,0.032860,0.692300,-1.260333,0.807346,0.095437,-0.335482,-1.258307,0.599982,-0.080506,-0.086327,0.852174,0.087276,-0.673567,-0.753398,0.128736,0.185776,430.160667,1.118357,-1.436315,0.057258,0.206534,1.407229,-0.289855,0.576913,0.144186,0.008679,0.227886,0.281507,0.326001,0.546341,-0.371813,0.778674
-0.274235,0.694940,1.271659,0.146807,0.587214,0.214256,-1.701400,0.537141,-0.058174,0.050654,0.235526,0.320527,0.848606,0.676754,0.354816,0.200984,0.190280,0.442680,-1.825765,0.966210,0.026439,-0.346969,-1.530006,0.154281,-0.723723,-0.609565,0.617603,0.163998,-0.957912,-0.753398,0.280749,0.179758,526.236393,1.478188,-1.597739,0.162733,0.157422,1.574403,-0.856524,-0.878684,0.583419,0.136976,0.227305,0.292608,0.843319,1.033247,-0.509877,0.584206
-0.274235,0.583818,0.295021,0.212356,0.483529,0.285968,-1.655501,0.595126,0.847550,0.131946,0.331373,0.204464,0.848606,0.676754,0.191500,0.252911,0.239525,0.442680,-1.751011,0.968038,0.700965,-0.332250,-1.930632,0.331057,-0.723723,-0.672271,0.612759,0.259775,-0.951245,-0.267540,0.280749,0.290868,170.742683,1.499774,-1.587655,0.530210,0.134272,1.086225,-0.905581,-0.994758,0.569422,0.184777,0.153228,0.613874,0.843319,0.459666,-0.509877,0.381652
-0.474577,0.691919,0.453854,0.263759,0.460412,0.280927,-1.610786,0.406958,0.704200,0.153495,0.366178,0.463933,0.663726,0.929540,0.340116,0.290350,0.319821,0.489404,-1.424777,0.789968,0.504331,-0.220224,-1.593537,0.722190,-1.087935,-0.920592,0.749636,0.248460,-0.031893,-0.502172,0.121017,0.331054,182.947131,1.089482,-1.408982,0.267757,0.205999,1.370696,-0.543668,0.559519,0.062591,0.287522,0.254591,0.223843,1.098627,0.685195,-0.361771,0.579306
0.248210,0.788065,2.335109,0.056301,0.421288,0.122989,-1.348740,0.310973,0.057560,0.024987,0.077953,0.192606,0.481329,0.010169,0.101296,0.069765,0.024647,0.362942,-1.078059,0.580789,0.103609,-0.220224,-1.185407,0.319104,-0.012618,0.019531,0.529253,0.045908,-0.541322,-0.521204,0.120268,0.105361,743.452577,1.139665,-1.683339,0.028013,0.102445,1.637499,-0.297606,0.647148,0.088590,0.008454,0.084513,0.173599,0.164106,0.424669,0.400688,0.373660
-0.490211,0.676775,2.033105,0.095224,0.555720,0.130410,-1.489007,0.643353,-0.014684,0.049363,0.166362,0.270964,0.802246,0.408146,0.319159,0.150302,0.121760,0.346857,-1.436333,0.877353,0.034232,-0.557048,-1.275214,0.072476,-0.646982,-0.443635,0.840444,0.169077,-0.858886,-0.521204,0.224268,0.407662,811.725778,1.282739,-1.737203,0.139425,0.226268,1.747566,-0.690716,-0.802148,0.548320,0.079104,0.224523,0.217184,0.532145,0.778781,-0.394201,0.510633
-0.490211,0.548967,0.309456,0.231686,0.470902,0.164181,-1.571115,0.669978,0.921237,0.082437,0.283887,0.244115,0.802246,0.408146,0.145838,0.197612,0.153522,0.346857,-1.570394,0.877353,0.704105,-0.557048,-1.935295,0.605271,-0.646982,-0.398957,0.840444,0.178085,-0.785994,-0.229726,0.224268,0.467898,190.930568,1.414986,-1.677571,0.512985,0.218402,1.065562,-0.827092,-0.990045,0.486015,0.110134,0.144743,0.582790,0.532145,0.566370,-0.394201,0.500573
-0.453717,0.666136,0.447989,0.322031,0.481723,0.342792,-1.678978,0.429380,0.883249,0.236084,0.414532,0.382351,0.689303,0.684180,0.337892,0.339144,0.307666,0.599956,-1.687556,1.191441,0.429670,-0.494701,-1.672669,1.344358,-0.906513,-1.025638,0.863323,0.269316,0.022312,-0.591857,1.199128,0.184842,185.689066,1.422924,-1.690203,0.420123,0.218756,1.659356,-0.641708,0.133269,0.140121,0.233970,0.295885,0.233223,1.325769,0.875326,-0.196317,0.487964
-0.075973,0.777269,2.419421,0.031310,0.463693,0.267380,-1.051473,0.366140,0.220353,0.032628,0.225839,0.338441,0.558538,0.008022,0.199334,0.120930,0.023230,0.750341,-1.086124,0.561501,0.055801,-0.254391,-1.090363,0.346794,-0.020658,-0.008836,0.863323,0.046441,-0.616827,-0.603493,0.130418,0.076582,851.673172,1.012633,-1.450184,0.045609,0.129052,1.433356,-0.288094,0.654786,0.098469,0.005664,0.069458,0.207006,0.180016,0.489727,0.364244,0.475682
-0.719556,0.693348,1.719167,0.216003,0.569568,0.157907,-1.336101,0.638794,-0.121771,0.046918,0.286260,0.250583,0.831845,0.508656,0.306910,0.208902,0.199373,0.486508,-1.233888,0.874482,0.197175,-0.306066,-1.494651,0.134537,-0.776835,-0.504983,0.723618,0.172037,-0.896320,-0.596705,0.228467,0.215367,756.979106,1.032181,-1.542433,0.145801,0.163438,1.434026,-0.760612,-0.744783,0.528055,0.103954,0.279318,0.240153,0.870023,0.765489,-0.581238,0.509204
-0.719556,0.553232,0.303330,0.323433,0.535819,0.153403,-1.536830,0.735061,0.815925,0.106103,0.383318,0.207390,0.831845,0.508656,0.224562,0.290302,0.218555,0.486508,-1.566884,0.950962,0.681068,-0.306066,-1.790038,0.684169,-0.776835,-0.504983,0.723618,0.188045,-0.896320,-0.230853,0.244830,0.351707,177.067966,1.370360,-1.551679,0.579353,0.219215,1.107155,-0.942164,-0.950265,0.522549,0.142729,0.276522,0.632487,0.870023,0.404898,-0.581238,0.509204
-0.450021,0.588087,0.323237,0.389277,0.530943,0.311301,-1.547157,0.462669,0.814557,0.172149,0.321292,0.409624,0.767170,0.898485,0.381943,0.298639,0.287545,0.639996,-1.432890,0.797220,0.515003,-0.881736,-1.634046,0.684169,-1.188532,-1.313651,0.807524,0.314094,0.117162,-0.571415,0.490450,0.281880,149.344617,1.349783,-1.500520,0.501818,0.285425,1.025759,-0.684850,-0.150421,0.215851,0.271514,0.290504,0.186048,0.918601,0.750185,-0.536688,0.859152
-0.082110,0.664669,1.433465,0.036328,0.461520,0.283396,-1.131243,0.481084,0.288862,0.030349,0.140005,0.373948,0.560386,0.007705,0.156225,0.053740,0.017077,0.710871,-1.136970,0.555190,0.068680,-0.148885,-1.258648,0.298962,0.014539,0.006326,0.807524,0.044137,-0.364657,-0.587265,0.124933,0.156357,484.637122,1.036740,-1.486319,0.052220,0.090061,1.356942,-0.287413,0.561470,0.086078,0.005619,0.203786,0.164632,0.175204,0.388096,0.390267,0.399455
0.186627,0.634188,1.445814,0.142757,0.560201,0.271013,-1.378856,0.472070,0.220941,0.038833,0.229481,0.237588,0.906783,0.549020,0.381995,0.230688,0.185625,0.249675,-1.244600,1.029555,0.154722,-0.714568,-1.513824,0.671803,-0.868345,-0.783215,0.758883,0.199138,-0.560528,-0.587265,0.329449,0.234078,643.178984,1.178921,-1.596898,0.178412,0.148368,1.760092,-0.655045,-0.880736,0.563185,0.121411,0.262415,0.215158,0.754656,0.737100,-0.956792,0.383401
0.186627,0.610198,0.291712,0.254110,0.523261,0.268415,-1.554253,0.438855,0.870028,0.112777,0.357523,0.222702,0.906783,0.549020,0.250230,0.409526,0.337072,0.233711,-1.310387,1.029555,0.838780,-0.714568,-1.604817,1.236184,-0.868345,-0.783215,0.758883,0.236068,-0.560528,-0.262109,0.329449,0.450389,175.635550,1.243505,-1.651682,0.571329,0.216055,1.015639,-0.866008,-1.045520,0.544223,0.164245,0.225742,0.471308,0.754656,0.457870,-0.956792,0.502443
-0.566782,0.632717,0.281713,0.332190,0.449668,0.386532,-1.516613,0.345616,0.789707,0.245820,0.309029,0.462151,0.719489,0.573398,0.286309,0.429707,0.383455,0.344050,-1.464185,0.835827,0.115957,-0.683443,-1.481113,0.863551,-1.001291,-1.193069,0.743020,0.306832,-0.003508,-0.504432,1.202387,0.357206,134.170612,1.289837,-1.710148,0.370453,0.395443,1.044237,-0.685221,0.150233,0.107698,0.212360,0.372400,0.179940,1.273039,0.822487,-0.739058,1.069071
0.337859,0.764682,1.251184,0.017936,0.421548,0.145036,-1.011226,0.396546,0.154768,0.031214,0.112281,0.254901,0.483191,-0.001955,0.155480,0.044736,0.015041,0.344050,-1.060236,0.568304,0.068115,-0.322271,-1.086398,0.186401,0.015923,-0.021889,0.682117,0.049056,-0.465695,-0.533677,0.123854,0.130422,468.856465,1.005212,-1.617248,0.018944,0.075927,1.538954,-0.287895,0.658007,0.050291,0.006054,0.130560,0.173975,0.178276,0.421541,0.281513,0.324475
-0.238203,0.642311,1.416862,0.251923,0.558173,0.205452,-1.221662,0.599945,0.184047,0.044067,0.223741,0.212500,0.819954,0.677336,0.321428,0.147682,0.155034,0.109563,-0.813734,1.154793,0.047891,-0.657043,-1.199328,0.857657,-0.797428,-0.806330,0.812858,0.152665,-0.517324,-0.533677,0.302032,0.160551,629.527286,0.796148,-1.558027,0.147040,0.105183,1.710412,-0.844328,-0.885235,0.568113,0.115387,0.245723,0.200107,0.843956,0.553900,-0.444323,0.401617
-0.238203,0.613078,0.311697,0.253060,0.542211,0.218518,-1.621296,0.547331,0.911746,0.102002,0.299558,0.254555,0.819954,0.677336,0.303026,0.335485,0.253683,0.110267,-1.603094,1.154793,0.832055,-0.657043,-1.698728,1.024054,-0.797428,-0.806330,0.812858,0.187779,-0.517324,-0.374540,0.366578,0.282009,179.125617,1.374707,-1.497358,0.586421,0.145518,1.051883,-0.925446,-1.078125,0.569989,0.152510,0.239015,0.523783,0.843956,0.373600,-0.444323,0.430675
-0.657684,0.694427,0.301979,0.422082,0.495511,0.323779,-1.728395,0.541473,0.856871,0.246260,0.391188,0.283330,0.645049,0.911520,0.288862,0.413132,0.405282,0.657495,-1.845893,0.890082,0.399727,-0.571447,-1.576503,1.033801,-0.887522,-0.753154,0.608784,0.314000,0.068319,-0.549511,1.257139,0.088733,144.454728,1.559567,-1.672474,0.471851,0.250157,1.185294,-0.776389,-0.140372,0.224566,0.278092,0.389407,0.223155,1.799008,0.728245,-0.003879,0.485041
-0.365909,0.796108,0.729070,0.021154,0.447228,0.340345,-0.962475,0.505609,0.229479,0.021738,0.191726,0.341228,0.565108,-0.003871,0.170267,0.077418,0.019451,0.660048,-1.029536,0.788022,0.065152,-0.091692,-1.306608,0.110832,0.019865,-0.021857,0.671561,0.053160,-0.341391,-0.529825,0.122806,0.248652,265.226567,0.861148,-1.708601,0.038627,0.117000,0.546901,-0.298345,0.695277,0.052503,0.005927,0.133477,0.136203,0.191530,0.457771,0.108256,0.485041
0.759875,0.684094,1.497994,0.206511,0.548919,0.281536,-0.986610,0.352988,0.444738,0.057142,0.213039,0.170749,0.895714,0.604158,0.339450,0.172184,0.141586,0.163627,-0.530365,0.980212,0.140337,-0.767239,-1.352093,1.451271,-0.862542,-0.910437,0.836440,0.192956,-0.443148,-0.451593,0.378498,0.381184,624.509456,0.385570,-1.538865,0.203150,0.173957,1.640898,-0.522482,-0.945903,0.617087,0.120977,0.158110,0.236861,0.673733,0.533486,-0.797591,0.389221
0.553031,0.586239,0.284024,0.400996,0.503194,0.204868,-1.645713,0.323917,0.891212,0.107113,0.384157,0.230493,0.895714,0.604158,0.277920,0.346647,0.339777,0.186488,-1.712321,0.980212,0.373101,-0.767239,-1.268524,2.117101,-0.862542,-0.910437,0.836440,0.226366,-0.294534,-0.330379,0.378498,0.264170,170.046607,1.422716,-1.679879,0.552235,0.274816,1.203295,-0.802487,-1.049333,0.568359,0.154379,0.165938,0.354334,0.673733,0.444549,-0.797591,0.777174
-0.050798,0.841033,0.363158,0.510189,0.430278,0.341749,-1.579132,0.275332,0.718964,0.239007,0.564077,0.421280,0.601623,0.724276,0.451903,0.531406,0.366794,0.570355,-1.471814,0.909352,0.131107,-1.153778,-1.788365,1.266950,-1.120382,-1.055217,1.190206,0.327033,-0.215789,-0.909905,1.335757,0.345355,148.739658,1.286379,-1.701874,0.355736,0.348820,1.247976,-0.676047,0.228255,0.170014,0.229128,0.386301,0.267805,1.513022,0.781785,-0.289184,0.809391
0.310210,1.055943,2.038889,0.025927,0.439301,0.207011,-1.019391,0.330090,-0.007137,0.037814,0.082966,0.392060,0.509654,0.010977,0.221217,0.076791,0.022545,0.570355,-0.922094,0.567950,0.048394,-0.314625,-0.979346,0.078031,-0.068083,-0.002653,0.735196,0.052052,-0.703848,-0.593171,0.118214,0.327970,679.768839,0.872900,-1.386786,0.026129,0.123081,1.663500,-0.299257,0.968395,0.047113,0.009246,0.115437,0.160563,0.166482,0.625657,0.152662,0.493536
-0.542567,0.779303,1.796201,0.256691,0.581765,0.246442,-1.373271,0.656469,-0.007408,0.051302,0.281247,0.376649,0.856777,0.499161,0.308815,0.254973,0.221539,0.555298,-1.176329,0.933858,0.047277,-0.571908,-0.995900,0.206017,-1.022724,-0.901504,0.629513,0.211863,-0.977005,-0.331839,0.199518,0.565567,747.927047,1.062966,-1.555351,0.152943,0.229843,1.702126,-0.850370,-0.939787,0.616876,0.125650,0.340073,0.263945,0.975167,0.856788,-0.604138,0.795486
-0.542567,0.608259,0.283617,0.358046,0.538581,0.317631,-1.613624,0.681905,0.933564,0.098975,0.396978,0.341871,0.856777,0.499161,0.292144,0.370998,0.284013,0.555298,-1.613206,0.985699,0.735490,-0.571908,-1.998477,1.172475,-1.022724,-0.901504,0.668428,0.220862,-0.974597,-0.250693,0.231935,0.574564,170.847140,1.397296,-1.437432,0.583112,0.284415,1.069811,-0.907737,-1.086643,0.552136,0.165935,0.295203,0.672719,0.975167,0.701595,-0.604138,0.795486
-0.659932,0.641419,0.284345,0.400312,0.502060,0.394171,-1.528373,0.489118,0.907716,0.237645,0.352998,0.443585,0.676508,0.874355,0.357886,0.399668,0.337220,0.389709,-1.548191,0.757774,0.474103,-0.441985,-1.486980,1.250100,-1.052268,-1.343441,0.789248,0.313880,0.122274,-0.602658,1.422871,0.187065,130.414783,1.305499,-1.650411,0.473463,0.282322,0.976074,-0.665974,-0.114001,0.217954,0.258480,0.249465,0.186923,1.432737,1.103714,-0.441714,0.673877
-0.298095,0.775367,1.312187,0.027669,0.464752,0.216695,-1.112631,0.477886,0.365163,0.024823,0.205846,0.373485,0.584688,0.015179,0.179388,0.093845,0.027824,0.612303,-1.081105,0.610860,0.062210,-0.272453,-1.158498,0.169092,0.008201,-0.058050,0.789248,0.042362,-0.559462,-0.638774,0.122593,0.271581,464.836596,1.012907,-1.559796,0.046957,0.099125,1.985835,-0.302453,0.631408,0.117272,0.008646,0.135530,0.231433,0.233485,0.583894,-0.088357,0.429219
-0.121680,0.716683,1.578727,0.172409,0.589891,0.184478,-1.473853,0.475651,-0.040731,0.048622,0.246337,0.237971,0.899132,0.620332,0.357561,0.189440,0.176292,0.498922,-1.560500,0.942086,0.050696,-0.383683,-1.369136,0.433440,-0.988295,-0.591340,0.795828,0.181029,-0.849153,-0.638774,0.243674,0.323057,696.107674,1.319876,-1.641579,0.161310,0.130896,1.781312,-0.709617,-0.741874,0.535338,0.134812,0.250494,0.263616,0.868851,0.908215,-0.729833,0.526991
-0.121680,0.594819,0.281352,0.272041,0.566234,0.229098,-1.574154,0.538841,0.945523,0.127277,0.387683,0.259016,0.899132,0.620332,0.335866,0.346229,0.257930,0.498922,-1.662682,0.942086,0.930116,-0.383683,-1.625245,1.027328,-0.988295,-0.591340,0.795828,0.193613,-0.849153,-0.252792,0.294493,0.644346,156.139634,1.404236,-1.666773,0.611294,0.188273,1.134171,-0.872590,-1.031718,0.570958,0.151244,0.249048,0.669858,0.875293,0.908215,-0.729833,0.526991
-0.588131,0.525938,0.307126,0.370992,0.527769,0.257868,-1.471030,0.529581,0.945523,0.225524,0.300798,0.379158,0.721788,0.966211,0.334456,0.340370,0.252703,0.276978,-1.417718,0.891042,0.728057,-0.474702,-1.531962,1.027328,-0.892734,-0.868120,0.806806,0.269109,0.203183,-0.621537,0.503923,0.206929,141.029084,1.425264,-1.611419,0.540261,0.283590,1.267274,-0.836360,-0.642744,0.382643,0.310251,0.373844,0.218056,0.983055,0.809502,-0.559364,0.700277
-0.283905,0.752845,2.394740,0.043154,0.464712,0.229172,-1.099522,0.482726,0.439973,0.024919,0.230013,0.418231,0.713050,0.040082,0.238006,0.151068,0.028121,0.513208,-1.127598,0.706215,0.078122,-0.474702,-1.267360,0.456596,-0.077746,-0.101255,0.863718,0.097575,-0.655022,-0.759969,0.128213,0.127216,692.877715,1.043396,-1.224176,0.081388,0.207261,1.726578,-0.302656,0.559223,0.166328,0.007469,0.276006,0.325427,0.234760,0.602997,-0.325135,0.700277
-0.078106,0.735420,2.287007,0.121635,0.590085,0.200159,-1.373587,0.474896,-0.071545,0.072416,0.165147,0.279355,0.933802,0.732739,0.378008,0.151974,0.187965,0.324862,-1.278136,1.205492,0.071170,-0.432704,-1.496433,0.355287,-0.914787,-0.693185,0.863718,0.177922,-0.851850,-0.759969,0.247294,0.173963,835.374196,1.144560,-1.535837,0.193075,0.131099,1.694761,-0.788664,-0.809710,0.577632,0.140826,0.289864,0.253445,0.868414,1.016152,-0.526302,0.527418
-0.078106,0.598397,0.300578,0.281261,0.576406,0.223531,-1.409228,0.479060,0.870200,0.124956,0.265771,0.252880,0.933802,0.732739,0.306791,0.253636,0.203011,0.369275,-1.195489,1.205492,0.824459,-0.432704,-1.899297,0.773018,-0.914787,-0.693185,0.680563,0.207660,-0.851850,-0.242959,0.344375,0.259786,182.220148,1.011090,-1.585261,0.626109,0.178635,1.035958,-0.889608,-1.033751,0.578421,0.170520,0.269259,0.641737,0.868414,1.014342,-0.526302,0.527418
-0.805942,0.641715,0.343812,0.526990,0.562971,0.222674,-1.755076,0.527357,0.859398,0.222074,0.423163,0.444175,0.780186,1.102531,0.377443,0.450522,0.326347,0.522438,-1.784606,0.893742,0.566721,-0.572575,-1.576559,1.504835,-0.758837,-1.366469,0.895959,0.365123,-0.063456,-0.656094,1.104531,0.148413,144.722805,1.501807,-1.743611,0.533350,0.205939,1.283118,-0.717797,-0.143301,0.220846,0.316461,0.425099,0.257786,1.161718,1.208560,-0.477636,0.605270
-0.164866,0.736786,1.533795,0.023808,0.472426,0.220202,-1.066318,0.428203,0.229780,0.031114,0.205675,0.377370,0.616495,0.002147,0.160096,0.119920,0.021739,0.522438,-1.062972,0.737508,0.063761,-0.289057,-1.145345,0.374415,-0.063959,0.008306,0.895959,0.076014,-0.825984,-0.658413,0.121983,0.196350,537.655492,0.874022,-1.626866,0.043223,0.139152,1.534786,-0.300065,0.588880,0.104058,0.006563,0.166120,0.248653,0.210847,0.639195,0.054085,0.605270
-0.674985,0.698340,1.430781,0.188739,0.577077,0.182257,-1.421095,0.695265,-0.180131,0.054542,0.261928,0.378629,0.875457,0.509935,0.358918,0.234404,0.187453,0.592218,-1.287441,0.874260,0.263259,-0.379237,-1.457339,0.195981,-0.835083,-0.713417,0.713041,0.212390,-1.171860,-0.617047,0.211634,0.335457,633.747323,1.002950,-1.609889,0.157202,0.168300,1.347146,-0.767827,-0.939814,0.555321,0.120191,0.168831,0.324399,0.720893,1.001497,-0.621898,0.518186
-0.674985,0.580335,0.270067,0.240246,0.508562,0.278909,-1.578721,0.672182,0.794635,0.109280,0.329998,0.289088,0.875457,0.509935,0.293061,0.272701,0.215188,0.592218,-1.488033,0.999518,0.708454,-0.379237,-1.769620,0.526180,-0.835083,-0.713417,0.713041,0.223655,-1.171511,-0.235897,0.261980,0.400392,158.441900,1.327656,-1.524160,0.549880,0.188252,1.154347,-0.958646,-1.057504,0.534183,0.146493,0.156699,0.678626,0.720893,0.604125,-0.621898,0.518186
-0.856501,0.656853,0.388249,0.355385,0.491963,0.378634,-1.846831,0.515057,0.771674,0.217594,0.401228,0.430083,0.741922,0.987543,0.398064,0.325108,0.286249,0.586216,-2.048145,0.767987,0.572200,-0.697244,-1.600344,1.079462,-0.796825,-1.382539,0.895869,0.313756,0.060419,-0.509763,0.973049,0.229752,158.499973,1.703765,-1.653546,0.414997,0.237567,1.119791,-0.661123,0.131728,0.144154,0.259578,0.250592,0.189601,1.368878,1.092620,-0.350341,0.625355
-0.134381,0.689900,1.287455,0.023148,0.461005,0.239432,-1.187162,0.443545,0.193056,0.028149,0.185463,0.341297,0.551197,0.002289,0.131904,0.083523,0.017608,0.586216,-1.274561,0.576794,0.063156,-0.178051,-1.082921,0.350322,0.022231,-0.035135,0.729232,0.035267,-0.644400,-0.562739,0.128119,0.114688,484.020258,1.198224,-1.506764,0.048862,0.066111,1.619705,-0.285853,0.583554,0.086091,0.005301,0.161968,0.233555,0.183044,0.402686,0.350570,0.263523
0.271035,0.611418,1.040001,0.150957,0.532529,0.229771,-1.692533,0.456632,-0.061972,0.033366,0.132623,0.247567,0.774525,0.241989,0.377989,0.151916,0.113471,0.236636,-1.716003,1.004715,0.347503,-0.328983,-1.393437,0.316651,-0.507620,-0.705620,0.896129,0.134280,-0.825311,-0.548719,0.240854,0.387843,498.740799,1.423344,-1.671784,0.168229,0.184806,1.693851,-0.705123,-0.922564,0.581628,0.076986,0.307064,0.208263,0.522680,0.934654,-0.053617,0.618347
0.271035,0.545066,0.338490,0.192027,0.271120,0.310404,-1.806292,0.547870,0.360172,0.169226,0.434026,0.178219,0.712891,1.769803,0.178302,0.181460,0.213761,0.361784,-2.110863,1.010422,1.038786,-0.081155,-1.656467,0.573545,-0.507620,-1.105480,0.896129,0.177818,-0.670698,-0.681516,0.312932,0.288293,187.901945,1.798916,-1.668453,0.318433,0.163648,1.388801,-0.814591,-0.925903,0.559909,0.246900,0.290300,0.276805,0.729033,0.333458,-0.053617,0.335725
0.187836,1.017192,0.404212,0.061033,0.289809,0.257713,-0.847710,0.054653,-0.086123,0.039414,0.145959,0.227865,0.334361,0.158150,0.223850,0.152019,0.054170,0.587903,-0.993409,0.793758,0.168699,0.009750,-1.405734,0.440555,0.020243,-1.105480,0.851207,0.112661,-0.490054,-0.608538,0.312932,0.237971,164.112425,0.970868,-1.574370,0.038669,0.166425,1.081145,-0.383070,0.713156,0.091694,0.034221,0.223570,0.097697,0.279650,0.341461,0.401737,0.612214
0.338732,1.070862,0.319563,0.012746,0.315213,0.062907,-0.844969,0.096967,-0.280644,0.010304,0.031706,0.082981,0.396380,-0.006910,0.017985,0.028655,0.009346,0.050568,-0.948454,0.553663,0.129272,0.014851,-1.183703,0.099914,0.049933,-0.035135,0.319291,0.056894,-0.477656,-0.182824,0.141421,0.073935,142.337680,0.857055,-1.573777,0.029073,0.027986,1.047271,-0.280908,0.927442,0.041111,0.002186,0.042933,0.043165,0.160148,0.185061,0.329541,0.144727
0.417002,0.654247,0.300218,0.111139,0.389820,0.230952,-1.356056,0.528707,0.802618,0.051949,0.175801,0.100306,0.505333,0.189672,0.084761,0.162124,0.063236,0.000395,-1.323126,0.560221,0.080073,-0.101298,-1.594482,0.721662,-0.423762,-0.342072,0.466493,0.088537,-0.422165,-0.124665,0.344246,0.341951,174.555868,1.284092,-1.636634,0.075373,0.084620,1.187356,-0.410718,-0.361928,0.483678,0.053334,0.085687,0.398026,0.260831,0.452161,0.280298,0.144727
0.545276,0.324178,0.283675,0.204073,0.318761,0.154505,-1.468994,0.372731,0.939518,0.075917,0.410986,0.146683,0.505333,0.189672,0.099161,0.183843,0.109057,0.194540,-1.531522,0.560221,0.080073,-0.727444,-1.598777,0.776638,-0.601561,-0.342072,0.466493,0.069333,-0.187380,-0.285867,0.344246,0.627828,163.676945,1.452074,-1.767007,0.312230,0.092009,1.189741,-0.522848,-0.424796,0.383700,0.051101,0.141247,0.391794,0.260831,0.452161,0.293108,0.281653
-0.444675,0.442189,0.290142,0.350604,0.284758,0.115080,-1.555191,0.814003,0.939518,0.170893,0.441982,0.273710,0.597144,0.683498,0.196091,0.308897,0.239211,0.284743,-1.428913,0.688686,0.144645,-0.727444,-1.601037,0.776638,-0.601561,-0.501682,0.445954,0.145854,0.366807,-0.553438,0.653663,0.630469,138.112769,1.289572,-1.653081,0.322349,0.216272,1.152612,-0.522848,-0.424796,0.434404,0.226435,0.280164,0.174889,1.016720,0.573933,-0.544569,0.455972
-0.444675,0.743258,0.325768,0.180163,0.421505,0.236486,-1.456630,0.365703,0.723647,0.159463,0.249803,0.465992,0.597144,0.683498,0.265046,0.193966,0.215968,0.580203,-1.165136,0.688686,0.144645,-0.622880,-1.611374,0.586243,-0.441275,-0.501682,0.765961,0.247579,-0.048934,-0.553438,0.653663,0.756468,160.206906,1.102717,-1.507968,0.145634,0.259524,1.112728,-0.477549,0.469380,0.078278,0.213577,0.305068,0.250464,1.016720,0.573933,-0.544569,0.587901
0.602923,1.123502,0.344085,0.012826,0.288131,0.015360,-0.749423,0.018290,-0.491269,0.038389,0.019451,0.009507,0.289562,-0.228321,0.307112,0.116525,0.041211,-0.064061,-0.977206,-0.024364,0.093693,0.131753,-0.946310,0.122694,0.060920,0.263479,-2.140606,0.022460,-0.531179,-0.118918,-0.221004,0.031031,191.452523,0.872702,-1.459303,0.001549,0.004352,1.270738,-0.274886,1.113018,0.005025,0.028113,0.008792,0.009960,0.563983,-0.756705,0.519839,0.092494
0.581318,1.117179,0.327348,0.025428,0.289454,0.102115,-0.802980,0.018452,-0.442574,0.030275,0.049802,0.076645,0.291906,-0.002996,0.243517,0.092332,0.032609,0.073623,-1.023913,0.518630,0.110844,0.070749,-0.807996,0.114731,0.030822,0.099071,0.337412,0.017935,-0.475771,-0.127549,0.120445,0.023912,157.740782,0.840426,-1.301361,0.001408,0.003353,1.040681,-0.276349,1.105039,0.004566,0.021992,0.066669,0.007376,0.197172,0.442063,0.507845,0.053760
0.593666,1.131052,0.334954,0.003431,0.288569,0.007944,-0.880301,0.024712,-0.459715,0.001273,0.002583,0.015414,0.290420,-0.000997,0.005885,0.003200,0.001144,-0.046420,-1.099407,0.521890,0.082621,0.170066,-0.874369,0.108891,0.071047,0.097355,0.324697,0.002451,-0.508927,-0.115493,0.120589,0.035704,152.562050,0.955883,-1.118501,0.001083,0.001909,1.174284,-0.272807,1.122099,0.004702,0.000838,0.006267,0.011806,0.093825,0.477762,0.532778,0.047180
0.600023,0.773360,1.654272,0.174124,0.422791,0.299103,-1.247564,0.290713,1.213144,0.075692,0.246653,0.089317,0.703176,0.372824,0.100754,0.143913,0.180653,0.234470,-1.321836,0.782478,0.929704,-0.008829,-1.142426,0.564337,-0.624381,-0.839347,0.582293,0.182772,-0.451700,-0.136268,0.401463,0.305673,644.194699,1.214729,-1.570704,0.205202,0.110299,1.851231,-0.549764,-0.808247,0.739437,0.068029,0.095921,0.589300,0.865778,0.939241,-0.275328,0.320142
0.317310,0.464738,0.294215,0.265759,0.347544,0.242810,-1.416596,0.389474,1.304619,0.112486,0.344821,0.092799,0.703176,0.372824,0.152004,0.262900,0.240957,0.251571,-1.446311,0.782478,0.929704,-0.247984,-1.385522,0.564337,-0.624381,-0.839347,0.562497,0.248714,0.127158,-0.366214,0.401463,0.319374,172.337043,1.304457,-1.602806,0.390848,0.142226,1.090186,-0.618441,-0.808247,0.494154,0.174260,0.107617,0.297675,0.865778,0.939241,-0.275328,0.320142
-0.417388,0.576882,0.354689,0.140477,0.455574,0.292459,-1.571041,0.356547,1.231002,0.125346,0.265351,0.306516,0.635271,0.654985,0.346956,0.172032,0.162595,0.597923,-1.572510,0.687246,0.581757,-0.238640,-1.609267,0.726908,-0.664041,-1.011400,0.922967,0.248745,0.202095,-0.496405,0.535946,0.110762,166.415752,1.426014,-1.570980,0.262236,0.224518,1.220484,-0.581989,0.263418,0.077707,0.209386,0.400836,0.314196,0.638074,0.880193,-0.113369,0.547143
0.096117,0.697946,2.150624,0.044171,0.448910,0.222042,-1.195317,0.467164,0.443769,0.018965,0.169420,0.336870,0.561513,0.030582,0.229402,0.083259,0.013728,0.597923,-1.147217,0.550649,0.061987,-0.076841,-1.103078,0.463166,0.009092,-0.168093,0.890821,0.032065,-0.680742,-0.733748,0.130724,0.208299,695.441287,1.032637,-1.202121,0.057560,0.113120,1.628656,-0.295268,0.550623,0.138848,0.007765,0.128205,0.329601,0.158444,0.656642,0.259656,0.547143
-0.390921,0.687832,2.017577,0.206684,0.581200,0.359241,-1.442363,0.673862,0.034250,0.051585,0.270339,0.440677,0.911657,0.567338,0.404721,0.201464,0.176910,0.877416,-1.362497,0.911408,0.061987,-0.284796,-1.593489,0.291956,-0.970624,-0.743504,0.902584,0.207280,-0.999771,-0.733748,0.221838,0.313278,816.794326,1.213228,-1.577805,0.181904,0.126349,1.646549,-0.738209,-0.825631,0.517226,0.141059,0.279057,0.315076,0.775174,1.123666,-0.764272,0.532809
-0.390921,0.588292,0.289993,0.301746,0.562969,0.408099,-1.569432,0.567812,0.839440,0.109670,0.419055,0.421981,0.911657,0.567338,0.361916,0.263012,0.190006,0.877416,-1.559437,1.049230,0.686874,-0.284796,-1.811380,0.895617,-0.970624,-0.743504,0.902584,0.222090,-0.999771,-0.253203,0.254061,0.607576,176.859861,1.270359,-1.517446,0.613388,0.180088,1.078040,-0.860418,-1.009818,0.562311,0.183058,0.266892,0.676239,0.775174,1.078372,-0.764272,0.532809
-0.757014,0.583200,0.416989,0.427604,0.550357,0.334422,-1.357982,0.479254,0.839440,0.239565,0.336035,0.357549,0.759646,0.735502,0.334878,0.330866,0.414818,0.591963,-0.984875,0.906666,0.484799,-0.529455,-1.514145,1.392747,-0.872789,-1.113974,0.691719,0.356188,0.044448,-0.561744,1.086517,0.161417,170.672090,0.733964,-1.422456,0.540820,0.241977,1.208347,-0.720241,-0.262770,0.255055,0.286926,0.394617,0.207631,1.991937,1.203851,-0.246721,0.774965
-0.229801,0.771770,1.481541,0.064794,0.464301,0.353299,-1.693665,0.420152,0.486909,0.028951,0.106501,0.386598,0.649824,0.024393,0.176570,0.085143,0.045484,0.763784,-1.701282,0.892717,0.108726,-0.296516,-0.981303,0.497904,-0.088257,-0.028605,1.000580,0.097467,-0.775111,-0.879911,0.132332,0.183437,518.097914,1.389230,-1.345887,0.061545,0.167335,1.466861,-0.292412,0.554416,0.172641,0.013059,0.200810,0.324430,0.260159,0.689412,0.144287,0.774965
-0.997764,0.745076,1.545479,0.230542,0.609769,0.179829,-1.522193,0.769257,0.042253,0.083240,0.394359,0.348107,0.911809,0.828314,0.371658,0.302504,0.217418,0.916293,-1.438992,1.010601,0.169012,-0.716720,-1.403485,0.158779,-0.982436,-0.671738,0.695371,0.256827,-1.040777,-0.764260,0.283177,0.285109,653.192339,1.275734,-1.524610,0.160389,0.203573,2.018770,-1.035134,-0.957231,0.615066,0.161139,0.277051,0.313689,0.813247,1.125039,-1.078987,0.810557
-0.997764,0.656796,0.309000,0.340937,0.624442,0.246383,-1.585594,0.692065,1.020753,0.171948,0.474554,0.334309,0.911809,0.828314,0.373859,0.369869,0.235928,0.916293,-1.500470,1.031124,0.845253,-0.716720,-1.776495,0.690514,-0.982436,-0.713791,0.789966,0.313406,-1.040777,-0.479518,0.383593,0.465808,184.993542,1.350452,-1.554155,0.672918,0.301413,1.100078,-1.039413,-1.139767,0.639969,0.227020,0.297752,0.737104,0.813247,1.125039,-1.078987,0.810557
-0.572192,0.645902,0.724669,0.415924,0.574945,0.294780,-1.744819,0.477680,1.009745,0.289232,0.454657,0.494665,0.757966,0.751239,0.401885,0.334515,0.429755,0.972161,-1.647694,0.812521,0.576552,-0.804690,-1.686744,1.651230,-0.652829,-1.102274,0.750886,0.394107,-0.073512,-0.634427,1.358750,0.184337,270.497154,1.322285,-1.705438,0.566531,0.414478,0.728921,-0.842621,-0.314240,0.267638,0.324139,0.374676,0.278930,1.345959,1.164825,-0.477175,1.193331
-0.363386,0.810137,2.382036,0.097885,0.465405,0.240199,-1.715692,0.440603,0.280076,0.038931,0.176524,0.357070,0.592598,0.048470,0.144498,0.123271,0.044584,0.972161,-1.802393,0.607807,0.119703,-0.097863,-1.171122,0.488892,-0.174558,-0.000904,0.750886,0.069710,-0.759002,-0.731419,0.132013,0.217547,796.956154,1.512848,-1.590461,0.073391,0.109087,1.551468,-0.275293,0.633008,0.120885,0.016887,0.101770,0.261483,0.247503,0.736357,-0.077089,0.312482
-1.136959,0.725579,2.084624,0.207273,0.615433,0.300250,-1.531057,0.732647,-0.159529,0.085299,0.299757,0.424505,0.939354,0.739663,0.285313,0.285365,0.251019,0.767143,-1.395403,0.970872,0.040421,-0.406566,-1.131990,0.180607,-1.083983,-0.650610,0.601083,0.236821,-1.124772,-0.583535,0.205946,0.281690,880.789708,1.131764,-1.584138,0.153734,0.206046,1.609773,-1.070128,-0.808841,0.542268,0.157178,0.268069,0.293613,1.430679,1.062155,-1.035798,0.810097
-1.136959,0.601867,0.355694,0.334910,0.609565,0.344348,-1.582927,0.798150,1.014160,0.158588,0.397520,0.435867,0.939354,0.739663,0.316610,0.394267,0.292265,0.767143,-1.479082,1.011708,0.768094,-0.406566,-1.730666,0.555385,-1.083983,-0.650610,0.813459,0.266663,-1.124772,-0.245877,0.368398,0.729298,205.498157,1.407947,-1.619543,0.656558,0.287557,1.255248,-1.083522,-1.028503,0.597776,0.204486,0.280685,0.805091,1.430679,1.062155,-1.035798,0.810097
-0.104795,0.557933,0.344415,0.391256,0.582266,0.318746,-1.489595,0.441921,1.014160,0.224853,0.296555,0.550268,0.811585,1.076779,0.447543,0.267002,0.320858,0.513808,-1.367194,0.836734,0.640254,-0.366050,-1.650443,0.881746,-0.894071,-1.352418,1.007025,0.317743,0.099616,-0.561826,0.603305,0.360017,155.318171,1.248388,-1.688196,0.580417,0.231289,1.226194,-0.825207,-0.457132,0.295735,0.318340,0.438424,0.257764,0.893111,1.028831,-0.413914,0.834431
-0.100034,0.719723,1.614238,0.102444,0.476691,0.248803,-1.138790,0.439423,0.417738,0.016894,0.212977,0.316248,0.615970,0.113063,0.251477,0.126927,0.038333,0.536156,-1.137076,0.551063,0.080963,-0.118268,-1.155529,0.462114,-0.069120,-0.136587,1.007025,0.037850,-0.734080,-0.801617,0.128973,0.159573,587.352524,1.034548,-1.332379,0.073996,0.112555,1.441901,-0.285595,0.536437,0.156483,0.016697,0.209170,0.303279,0.190643,0.531843,-0.143001,0.674264
-0.973418,0.710430,1.581091,0.223992,0.583886,0.252195,-1.377108,0.715998,-0.078665,0.077236,0.300188,0.245269,0.891537,0.642292,0.370553,0.239043,0.234194,0.639692,-1.166822,1.139928,0.090393,-0.456307,-1.162611,0.214240,-0.905680,-0.734676,0.737160,0.219053,-1.070028,-0.801617,0.128973,0.301705,730.498805,1.010104,-1.505398,0.171605,0.220313,1.431785,-0.886559,-0.802003,0.547149,0.133066,0.252436,0.318285,1.025035,1.209811,-1.046533,0.611008
-0.973418,0.612787,0.376646,0.310008,0.605434,0.252507,-1.680698,0.702692,0.870130,0.149628,0.376791,0.283357,0.891537,0.642292,0.354411,0.345424,0.266358,0.639692,-1.735715,1.139928,0.796353,-0.456307,-1.730870,0.654635,-0.905680,-0.734676,0.737160,0.253282,-1.070028,-0.296850,0.385261,0.562392,212.404156,1.444168,-1.668859,0.653516,0.277937,1.049687,-1.005155,-1.021187,0.602588,0.189024,0.250934,0.713719,1.025035,1.209811,-1.046533,0.611008
-0.335220,0.576182,0.345622,0.401796,0.575788,0.294837,-1.590276,0.404796,0.870130,0.207286,0.259902,0.526355,0.787569,0.909539,0.368864,0.307362,0.303263,0.478413,-1.654117,0.803339,0.641289,-0.563800,-1.637646,0.903308,-1.186216,-1.371377,0.754425,0.342410,0.092578,-0.537399,0.661647,0.316878,153.044840,1.288331,-1.639616,0.583698,0.217376,1.194612,-0.818859,-0.477554,0.302115,0.304597,0.393386,0.200546,0.953629,1.021187,-0.239486,0.666885
-0.142068,0.718681,1.323859,0.095114,0.472787,0.337982,-1.088078,0.421812,0.368360,0.019859,0.167770,0.484664,0.629316,0.050141,0.158772,0.101299,0.030294,0.721118,-1.285335,0.564373,0.066125,-0.209646,-1.069764,0.374644,-0.041069,-0.021276,0.754425,0.054712,-0.524623,-0.697479,0.120518,0.168988,470.780487,1.118367,-1.535498,0.064888,0.130810,1.635193,-0.288342,0.561311,0.135766,0.010791,0.202836,0.241198,0.168791,0.427492,0.314341,0.666885
-0.503144,0.697083,1.318965,0.286786,0.569009,0.286581,-1.405962,0.547498,0.131661,0.055647,0.240891,0.226834,0.876899,0.715623,0.370420,0.194458,0.188825,0.139494,-1.514550,1.169292,0.036582,-0.754570,-1.186345,1.061134,-1.036357,-0.778332,0.765921,0.180673,-0.733461,-0.697479,0.251265,0.172549,602.699745,1.383024,-1.546571,0.168336,0.175206,1.562696,-0.773236,-0.824886,0.564342,0.140718,0.238278,0.243320,0.939219,0.820639,-1.031910,0.465000
-0.503144,0.642143,0.374123,0.332179,0.607352,0.224198,-1.583545,0.593597,1.046959,0.125061,0.387816,0.233298,0.876899,0.715623,0.365331,0.436382,0.328753,0.139494,-1.709902,1.169292,1.120141,-0.754570,-1.497732,1.531807,-1.036357,-0.778332,0.765921,0.203184,-0.733461,-0.405577,0.362515,0.412611,209.484415,1.549867,-1.733792,0.656825,0.273834,1.107304,-0.930461,-1.084092,0.601250,0.180167,0.237779,0.663261,0.939219,0.820639,-1.031910,0.848633
-0.120963,0.568447,0.469558,0.573535,0.595276,0.396103,-1.489164,0.322090,1.044897,0.278069,0.413177,0.304066,0.828497,0.726445,0.368472,0.424440,0.387325,0.235677,-1.268653,0.878930,0.278463,-1.070476,-1.686347,1.514149,-1.185020,-1.348146,0.938217,0.427364,0.009343,-0.541434,1.222541,0.399622,194.146625,1.213532,-1.713094,0.604313,0.456252,0.643538,-0.837052,-0.619992,0.349797,0.314317,0.357114,0.292524,1.300028,1.088043,-0.711478,1.274427
0.385347,0.691218,1.441757,0.039040,0.445699,0.320249,-1.216104,0.261459,0.263121,0.022650,0.204801,0.323425,0.643910,0.004473,0.190483,0.107930,0.028964,0.369381,-1.260837,0.601346,0.072634,-0.491741,-1.266523,0.278424,-0.072265,-0.184061,0.938217,0.083756,-0.551042,-0.696510,0.131824,0.296069,554.274809,1.081150,-1.563387,0.058404,0.226731,1.394818,-0.299948,0.506211,0.132295,0.005345,0.264310,0.199760,0.258041,0.444188,0.123357,1.274427
-0.329692,0.692094,1.209345,0.317332,0.534002,0.218180,-1.166319,0.627291,0.242049,0.056418,0.257494,0.159024,0.823770,0.477348,0.421339,0.307592,0.193281,-0.091720,-1.018118,1.030497,0.828317,-1.087632,-1.346970,0.987234,-1.122462,-0.830420,0.763503,0.236332,-0.848817,-0.557501,0.317613,0.388920,574.566171,0.859992,-1.765566,0.192722,0.187783,1.374308,-0.642807,-1.018893,0.639704,0.137279,0.347560,0.286373,0.885676,1.022197,-1.061485,0.425696
-0.329692,0.649557,0.295092,0.200985,0.452933,0.340545,-1.488685,0.492351,0.802435,0.081605,0.414781,0.265060,0.817659,0.477348,0.182428,0.410560,0.306583,0.297114,-1.268776,1.054793,0.985890,-1.087632,-1.753090,0.987234,-1.122462,-0.830420,0.801020,0.312610,-0.681982,-0.243784,0.317613,0.602298,173.204311,1.093313,-1.887484,0.473332,0.138050,1.089144,-0.938585,-1.053614,0.599889,0.154188,0.129714,0.428941,0.885676,0.830132,-1.061485,0.306779
-0.412658,0.725011,0.522376,0.350239,0.441265,0.646362,-1.479473,0.390982,0.945122,0.197639,0.671669,0.435913,0.899013,1.463709,0.508757,0.683252,0.294164,0.363592,-1.431216,0.826056,0.196547,-0.647583,-1.504917,1.503257,-1.890400,-1.406215,0.903453,0.354559,0.200124,-0.564190,1.386314,0.796046,214.610865,1.216705,-1.502353,0.235892,0.426714,1.028448,-0.595903,0.629079,0.069490,0.284168,0.278692,0.218440,1.306601,1.177148,-0.172441,1.424585
0.413091,0.722196,1.922530,0.078033,0.488019,0.296372,-1.258972,0.334755,0.251286,0.066874,0.229534,0.181519,0.520768,0.007071,0.180182,0.123440,0.033052,0.217189,-1.324024,0.591603,0.042545,-0.368640,-1.338210,0.508934,-0.080747,-0.054591,0.903453,0.109337,-0.879732,-0.509305,0.117732,0.278232,669.206494,1.176118,-1.527196,0.014817,0.130852,1.613190,-0.287551,0.660001,0.032170,0.012067,0.196827,0.361046,0.188040,0.730017,0.118369,0.540555
-1.949483,0.574151,2.025579,0.259221,0.526159,0.436162,-1.670407,1.193899,-0.205295,0.098959,0.377252,0.655298,0.878862,0.673936,0.468370,0.215227,0.192601,1.659832,-1.721632,0.582646,-0.010139,-0.555461,-1.429504,0.679673,-0.905665,-0.951109,0.839209,0.209401,-1.579740,-0.509305,0.113707,0.910710,971.019879,1.588349,-1.815681,0.114062,0.219447,1.761812,-1.006855,-0.673893,0.357568,0.176741,0.597158,0.423683,0.979423,1.294052,-1.600448,0.637088
-1.949483,0.595904,0.797830,0.245040,0.540257,0.536105,-1.687409,1.264330,0.986590,0.126987,0.444133,0.616892,0.878862,0.673936,0.549756,0.415098,0.316766,1.659832,-1.615504,0.982142,0.685489,-0.550500,-1.976385,1.369250,-0.905665,-0.951109,0.991213,0.225562,-1.579740,-0.277477,0.157737,1.160113,409.476524,1.426263,-1.411920,0.569563,0.261323,1.548058,-1.115665,-1.022675,0.562064,0.206889,0.595633,0.953360,0.979423,1.294052,-1.600448,0.637088
-0.524872,0.599267,0.403550,0.349705,0.531250,0.388302,-1.654571,0.551352,0.964814,0.283874,0.494432,0.520078,0.759208,0.925599,0.398950,0.606492,0.393704,0.577636,-1.658640,0.773509,0.473422,-0.843312,-1.558409,1.932148,-1.452408,-1.386879,0.677406,0.325823,0.083148,-0.562872,1.596381,0.404054,180.295086,1.392479,-1.568116,0.516360,0.267238,1.269698,-0.730268,-0.233194,0.242281,0.297942,0.353380,0.216256,1.816758,1.211075,-0.314208,0.779356
-0.178900,0.809785,1.815830,0.072572,0.469184,0.222101,-1.286269,0.408105,0.401727,0.029192,0.337037,0.391831,0.645907,0.005304,0.198562,0.191792,0.035146,0.231519,-1.202021,0.815993,0.087485,-0.273188,-1.296899,0.309844,-0.099975,0.003748,0.726597,0.076512,-0.752546,-0.907947,0.143859,0.168919,627.715252,1.101650,-1.386369,0.068679,0.127531,1.680748,-0.290130,0.569093,0.169995,0.010320,0.265989,0.285114,0.290999,0.587712,-0.214652,0.366213
-1.210849,0.760522,1.635223,0.224638,0.597923,0.219009,-1.378181,0.813243,-0.005986,0.101947,0.383094,0.447336,0.964692,0.849930,0.313204,0.348796,0.211932,0.800747,-1.155475,0.868880,0.031768,-0.693660,-1.270213,0.128431,-1.032297,-0.731173,0.566578,0.255571,-1.078574,-0.763172,0.314861,0.381633,738.141265,0.967879,-1.582109,0.157458,0.242917,1.373069,-1.096480,-0.879900,0.581983,0.160041,0.294367,0.309454,0.954621,1.059366,-1.140236,0.776468
-1.210849,0.613518,0.307442,0.285167,0.608371,0.376378,-1.556676,0.810707,1.020461,0.157604,0.486604,0.365663,0.964692,0.849930,0.325365,0.434583,0.258021,0.800747,-1.592707,1.034691,0.853877,-0.693660,-1.896794,0.709570,-1.032297,-0.731173,0.795953,0.271924,-1.078574,-0.293753,0.353365,0.566614,182.405309,1.345231,-1.661088,0.651390,0.295638,1.116652,-1.096480,-1.054670,0.602508,0.195952,0.204063,0.775868,0.954621,1.059366,-1.140236,0.776468
-0.860900,0.577354,0.362368,0.361448,0.580969,0.430439,-1.729656,0.554412,1.020461,0.341760,0.430277,0.493407,0.767652,1.304922,0.300490,0.538839,0.412429,0.537019,-1.792326,1.023796,0.616616,-0.774320,-1.511016,2.095627,-1.097305,-1.377040,0.565441,0.419930,0.043113,-0.918141,1.820353,0.328422,166.274043,1.552121,-1.761099,0.585322,0.254194,1.222972,-0.821010,-0.494510,0.320112,0.327703,0.425343,0.264616,1.478459,1.193294,-0.405590,0.576944
-0.682269,0.736077,1.613806,0.091930,0.505530,0.365803,-1.150063,0.531123,0.373506,0.027481,0.308906,0.505813,0.767400,0.177411,0.188163,0.177833,0.098940,0.621392,-1.304788,1.023796,0.182769,-0.748447,-1.402111,0.678414,-0.077634,-0.312924,0.817950,0.116892,-0.740740,-0.826676,0.205278,0.182090,561.663312,1.141336,-1.501995,0.095170,0.135961,1.510653,-0.314673,0.548480,0.166484,0.031468,0.222430,0.300531,0.459156,0.573922,-0.405590,0.576944
-0.914051,0.715469,1.658357,0.199418,0.598320,0.201795,-1.261434,0.664485,-0.132039,0.067513,0.304505,0.401358,0.906115,0.700500,0.378807,0.240818,0.218068,0.773189,-0.860645,1.018718,0.105130,-0.520198,-1.116270,0.212679,-0.832402,-0.827781,0.817950,0.190778,-1.079245,-0.826676,0.347060,0.188909,715.258392,0.768112,-1.569475,0.172383,0.162342,1.518478,-0.898948,-0.792723,0.544312,0.141731,0.253298,0.331512,0.792829,1.135363,-0.655554,0.492969
-0.914051,0.592569,0.350139,0.316126,0.600118,0.243100,-1.626540,0.711117,0.741456,0.126733,0.363883,0.293165,0.906115,0.700500,0.370379,0.317247,0.214246,0.773189,-1.536225,1.053530,0.746195,-0.520198,-1.824183,0.898780,-0.832402,-0.827781,0.723681,0.201159,-1.079245,-0.277634,0.363816,0.428966,197.879666,1.363631,-1.707506,0.649189,0.184683,1.206596,-0.996631,-1.017539,0.582078,0.175650,0.225571,0.712730,0.792829,1.135363,-0.655554,0.492969
-0.678410,0.574728,0.337842,0.530833,0.608977,0.312138,-1.692308,0.556520,0.741456,0.294864,0.441285,0.342372,0.801828,1.067686,0.305060,0.455218,0.381909,0.201678,-1.652306,0.949290,0.606173,-0.596400,-1.651325,1.384060,-0.702759,-1.302259,0.566704,0.357782,0.154081,-0.510949,1.394567,0.113405,158.859784,1.375202,-1.600587,0.622781,0.280914,1.102933,-0.884292,-0.606724,0.382777,0.324894,0.390859,0.149106,1.211169,1.095529,-0.232637,0.673922
-0.655974,0.698572,1.357925,0.132597,0.503542,0.341772,-1.160899,0.576597,0.428606,0.033463,0.300843,0.438291,0.798802,0.210971,0.249480,0.243386,0.117682,0.637886,-1.220628,0.949290,0.149646,-0.596400,-1.358603,0.703829,-0.162105,-0.724085,0.898471,0.093413,-0.682787,-0.758268,0.189557,0.215705,456.127456,1.102264,-1.589684,0.114752,0.163890,1.746455,-0.332506,0.529088,0.153185,0.035520,0.292745,0.318186,0.375722,0.723995,-0.180101,0.673922
-0.372415,0.724987,1.547765,0.231121,0.589325,0.334179,-1.483315,0.590727,0.192858,0.065808,0.331734,0.319688,0.978643,0.793130,0.406044,0.310857,0.227536,0.559999,-1.379181,1.077851,0.253294,-0.596698,-1.105693,0.203120,-1.019661,-0.742749,0.893789,0.217521,-0.921438,-0.758268,0.377693,0.326600,666.405335,1.143181,-1.588015,0.216248,0.127724,1.577460,-0.852511,-1.032932,0.634657,0.169913,0.279470,0.310530,0.901423,1.271839,-1.011594,0.393691
-0.372415,0.671214,0.299013,0.282407,0.548663,0.406801,-1.676648,0.524826,0.929323,0.157387,0.417575,0.230854,0.978643,0.793130,0.203294,0.377860,0.284312,0.559999,-1.722066,1.077851,0.859605,-0.596698,-1.694069,0.674475,-1.019661,-0.742749,0.763223,0.328623,-0.906997,-0.357420,0.377693,0.391367,169.886255,1.434000,-1.659024,0.604955,0.168518,1.195243,-0.949881,-1.121435,0.651473,0.232399,0.208250,0.575263,0.901423,0.640751,-1.011594,0.393691
-0.642684,0.674883,0.859308,0.281851,0.469079,0.327929,-1.615291,0.435091,0.693772,0.353342,0.537688,0.559184,0.751459,0.896519,0.351143,0.443355,0.439737,1.138791,-1.626277,0.788785,0.370469,-1.171254,-1.751285,2.466891,-0.943964,-1.378775,0.848137,0.446584,-0.067675,-0.764308,2.094830,0.165152,313.944182,1.442612,-1.705136,0.300235,0.442607,1.719702,-0.682609,0.548018,0.097435,0.288832,0.408655,0.247370,1.582549,1.223794,-0.511200,1.386985
0.208138,0.823082,1.927964,0.063907,0.412303,0.173476,-1.444281,0.277987,0.023649,0.022069,0.219819,0.327109,0.534576,-0.003841,0.182415,0.095392,0.020716,0.917747,-1.192692,0.560492,0.071869,-0.161974,-1.090854,0.528787,-0.004880,-0.067540,0.848137,0.061992,-0.798656,-0.655901,0.120895,0.112190,643.710727,0.947595,-1.631497,0.059641,0.114839,1.362737,-0.291005,0.549613,0.143529,0.008644,0.153469,0.239268,0.197876,0.565364,0.455199,0.390887
0.202682,0.706467,1.440650,0.123212,0.554000,0.200538,-1.654514,0.432359,0.091585,0.043352,0.149126,0.342158,0.779929,0.407992,0.310995,0.165625,0.115215,0.551970,-1.620554,1.039881,0.079528,-0.343037,-1.148801,0.072948,-0.504587,-0.477383,0.731644,0.149953,-0.879984,-0.595049,0.260975,0.269900,598.771870,1.365275,-1.660826,0.167467,0.151302,1.588008,-0.773965,-0.888295,0.663579,0.084524,0.251289,0.252640,0.565213,0.698755,-0.181180,0.464754
0.202682,0.591474,0.472879,0.189326,0.308683,0.206766,-1.710837,0.519437,0.312723,0.221412,0.491223,0.219514,0.763507,1.196895,0.170260,0.305866,0.298635,0.183678,-1.876143,1.064424,1.130320,-0.705854,-1.579115,0.530409,-0.446731,-0.609603,0.731644,0.263857,-0.738272,-0.881780,0.260975,0.450661,250.522256,1.553958,-1.609379,0.362258,0.189365,1.407106,-0.858014,-0.900842,0.626823,0.248970,0.316127,0.312217,0.771327,0.276105,-0.181180,0.326661
0.357266,1.085486,0.411429,0.038450,0.294976,0.046920,-0.919202,0.060392,-0.458651,0.032646,0.190569,0.242760,0.329787,-0.006679,0.119938,0.093550,0.018319,0.423186,-1.073477,0.652625,0.102516,0.033406,-1.136150,0.308958,0.070843,-0.214323,0.602475,0.082137,-0.636816,-0.805026,0.120677,0.300771,187.809876,0.949128,-1.561370,0.034224,0.125937,1.306856,-0.279799,0.883465,0.047324,0.005532,0.097071,0.047178,0.175747,0.314344,0.390272,0.524090
0.514024,1.116107,0.325934,0.003521,0.290729,0.111254,-0.836067,0.032210,-0.447276,0.004279,0.025374,0.091662,0.298244,-0.009479,0.016680,0.015800,0.004608,0.075754,-1.093519,0.530587,0.084868,0.103854,-0.863611,0.111623,0.069937,0.076694,0.323909,0.016238,-0.609837,-0.129958,0.118890,0.064290,151.434833,0.919545,-1.454194,0.004621,0.022705,1.168129,-0.273531,1.073512,0.019643,0.001226,0.076039,0.046697,0.121299,0.262023,0.474521,0.114214
0.588275,0.785847,0.309605,0.104926,0.375654,0.324964,-1.326017,0.365985,0.718618,0.069949,0.152005,0.165554,0.630730,0.209868,0.228406,0.176002,0.101687,-0.006435,-1.497329,0.731624,0.095328,-0.436011,-0.974284,0.754450,-0.497575,-0.584375,0.796285,0.184577,-0.566642,-0.087597,0.347640,0.186771,181.829561,1.386434,-1.665046,0.119382,0.163048,1.232443,-0.530981,-0.347972,0.539627,0.056504,0.252725,0.444361,0.406121,0.594048,0.104824,0.222861
0.441806,0.390169,0.299010,0.153606,0.310235,0.228824,-1.362403,0.376081,0.785919,0.075066,0.411441,0.231207,0.630730,0.209868,0.248351,0.197942,0.118582,0.235107,-1.509872,0.731624,0.095328,-1.032759,-1.208471,0.754450,-0.497575,-0.584375,0.796285,0.184840,-0.468791,-0.497389,0.347640,0.428775,176.863790,1.371761,-1.699628,0.311552,0.185867,1.189852,-0.543258,-0.348076,0.467322,0.052648,0.199108,0.454929,0.406121,0.594048,0.104824,0.366003
-0.279322,0.476269,0.269899,0.225974,0.256842,0.100315,-1.417792,0.593740,0.785919,0.098659,0.328081,0.270600,0.591991,0.415808,0.261285,0.298003,0.245876,0.539752,-1.259441,0.693806,0.086847,-1.032759,-1.852225,0.541879,-0.624538,-0.741030,0.528005,0.157481,0.390411,-0.497389,0.329283,0.600638,128.012149,1.184568,-1.625285,0.292095,0.203547,1.066163,-0.534595,-0.315464,0.382525,0.171296,0.215739,0.124925,1.138532,0.534702,-0.627607,0.691698
-0.279322,0.705121,0.391527,0.140578,0.414671,0.204761,-1.590813,0.372413,0.634245,0.096118,0.272348,0.411527,0.591991,0.415808,0.296541,0.227869,0.221945,0.539752,-1.455527,0.693806,0.100694,-0.510678,-1.938846,0.541879,-0.624538,-0.741030,0.826423,0.222075,-0.115126,-0.487876,0.329283,0.586474,144.690031,1.382017,-1.562482,0.110391,0.205590,1.203583,-0.409510,0.636221,0.042547,0.161011,0.371380,0.222218,1.138532,0.534702,-0.627607,0.691698
0.564089,0.393139,0.643519,0.138616,0.417175,0.589982,-1.229216,0.310429,0.379658,0.046663,0.454808,0.478855,0.680347,0.048843,0.218626,0.333701,0.070538,0.701075,-1.372075,1.171082,0.088409,-1.202587,-1.439022,0.299556,-0.170543,-1.428673,0.693032,0.225111,-0.106803,-0.615332,0.141870,0.524549,248.389215,1.202876,-1.622257,0.072866,0.544331,1.548876,-0.389751,0.211814,0.117443,0.025563,0.260819,0.127215,0.658426,0.730254,-0.214193,2.029864
1.283678,0.475088,0.668033,0.035638,0.407138,0.296618,-1.211048,0.166415,0.216792,0.035347,0.139998,0.314265,0.480745,0.019168,0.175339,0.070187,0.012452,0.085585,-1.378345,0.618428,0.034071,-0.497004,-1.405935,0.211573,-0.075488,-0.173594,0.693032,0.034300,-0.168260,-0.451698,0.122727,0.360027,261.458566,1.231231,-1.711968,0.039593,0.100945,1.534848,-0.283207,0.294157,0.068305,0.007122,0.224634,0.138125,0.144632,0.391256,0.271484,0.514442
1.319101,0.342031,0.467259,0.278541,0.402158,0.458275,-1.497021,0.186931,0.168908,0.060222,0.337584,0.296266,0.532649,0.120985,0.293748,0.193217,0.094188,-0.055568,-1.506061,0.891193,0.015542,-0.948087,-1.357923,1.761753,-1.069457,-0.430799,0.832860,0.144957,-0.168260,-0.339606,0.262012,0.206548,256.335488,1.331624,-1.670473,0.119311,0.205984,1.471539,-0.613503,-0.435252,0.333214,0.049733,0.199075,0.098915,0.498552,0.391256,0.218802,0.514442
0.812680,0.389757,0.455595,0.451817,0.221794,0.372423,-1.578978,0.459800,0.168908,0.166996,0.543956,0.316167,0.479445,0.817133,0.231542,0.516989,0.402346,0.501517,-1.756943,0.891193,0.256936,-0.948087,-1.389902,1.955770,-1.069457,-0.544108,0.832860,0.183275,-0.381947,-0.801898,0.419447,0.402698,233.924589,1.538318,-1.533897,0.235415,0.203424,1.502633,-0.648667,-0.438511,0.458468,0.151773,0.217806,0.177472,1.004523,0.134627,0.154196,0.398776
0.628136,1.093129,0.414066,0.020802,0.265686,0.115135,-0.838705,0.099858,-0.317632,0.016334,0.164153,0.213514,0.301752,0.002401,0.255729,0.084195,0.014547,0.321837,-1.067204,0.641237,0.087981,-0.120911,-0.918071,0.286633,0.062986,-0.299668,0.768025,0.100958,-0.591624,-0.552225,0.124516,0.191783,182.134586,0.954641,-1.428220,0.037101,0.101484,1.327152,-0.295189,0.824831,0.095941,0.004143,0.106679,0.074208,0.183385,0.470551,0.364103,0.398776
0.637380,1.144361,0.342632,0.004191,0.295405,0.048805,-0.818039,0.034167,-0.492031,0.011313,0.057969,0.080473,0.331829,-0.002959,0.052194,0.017305,0.006079,0.311957,-1.089465,0.535842,0.082511,0.089149,-0.807213,0.040206,0.054677,-0.003390,0.373024,0.036059,-0.592653,-0.139223,0.123849,0.405452,155.916656,0.937574,-1.721578,0.008553,0.032015,0.542438,-0.280661,1.109520,0.010257,0.002289,0.404831,0.028744,0.118342,0.302254,0.551412,0.148342
0.685924,0.763225,1.461197,0.124253,0.397506,0.113330,-1.514969,0.491359,0.599962,0.074029,0.199117,0.258982,0.669940,0.340169,0.167026,0.132518,0.115089,0.311957,-1.396587,0.750793,0.354083,-0.259239,-1.135686,0.410805,-0.585959,-0.937178,0.744600,0.233660,-0.571899,-0.139223,0.420067,0.442638,563.975876,1.208433,-1.925873,0.180863,0.095351,1.844756,-0.487364,-0.609769,0.652137,0.079930,0.464458,0.430858,0.694970,0.295561,-0.450626,0.155925
0.528581,0.355239,0.296456,0.244099,0.290313,0.119768,-1.282969,0.549309,1.010706,0.097699,0.273626,0.255098,0.669940,0.340169,0.207791,0.170264,0.174580,0.240115,-0.603144,0.750793,0.561955,-0.601608,-1.547344,0.410805,-0.585959,-0.937178,0.723295,0.254854,-0.246273,-0.302521,0.420067,0.318016,167.835523,0.488052,-1.580339,0.334908,0.182843,1.185652,-0.515816,-0.609769,0.393132,0.139213,0.183806,0.308720,0.694970,0.239028,-0.450626,0.422236
-0.542998,0.593170,0.317606,0.251049,0.419024,0.232239,-1.649562,0.407865,1.010706,0.150543,0.345724,0.279827,0.565687,0.614466,0.359069,0.220230,0.186776,0.566326,-1.392874,0.692033,0.561955,-0.601608,-1.806229,0.715173,-0.690696,-1.379073,0.859761,0.239462,-0.026699,-0.631383,0.807403,0.094557,151.796335,1.189101,-1.793040,0.161640,0.287448,1.176221,-0.411576,0.419994,0.067140,0.158564,0.256388,0.311274,0.602173,0.516496,-0.383759,0.598227
-0.069582,0.893810,1.744414,0.061647,0.434999,0.089257,-1.438507,0.370739,0.258982,0.028375,0.106419,0.310550,0.540804,0.020654,0.182556,0.117259,0.033983,0.275988,-1.339400,0.569038,0.110053,-0.265497,-1.170784,0.540426,-0.044911,-0.062237,0.836250,0.101871,-0.918094,-0.808493,0.127361,0.178892,575.993986,1.200962,-1.675861,0.056958,0.150417,1.554144,-0.283009,0.614573,0.179857,0.013328,0.104727,0.328897,0.197633,0.410584,0.391772,0.598227
-0.667101,0.819753,2.301234,0.188072,0.606234,0.257286,-1.143642,0.635249,-0.176766,0.077972,0.332738,0.487131,0.874418,0.420545,0.359984,0.279221,0.192278,1.026166,-1.010633,0.783077,0.093882,-0.283045,-1.469211,0.161034,-0.822648,-0.664649,0.771670,0.235349,-1.085003,-0.808493,0.274510,0.254185,877.626920,0.867133,-1.683753,0.160856,0.220827,1.664504,-0.703358,-0.817021,0.594605,0.120721,0.204721,0.270453,0.816536,0.748452,-0.952229,0.763428
-0.667101,0.580550,0.276144,0.345092,0.590340,0.220174,-1.664210,0.691979,0.877299,0.123288,0.407131,0.469709,0.874418,0.420545,0.318468,0.315612,0.211905,1.026166,-1.814234,0.966141,0.754307,-0.283045,-1.951945,0.862833,-0.822648,-0.664649,0.771670,0.237184,-1.085003,-0.124495,0.274510,0.665776,170.779817,1.541678,-1.717855,0.635100,0.260385,1.010763,-0.920731,-0.974660,0.575501,0.151123,0.225297,0.709019,0.816536,0.526349,-0.952229,0.763428
-0.655933,0.563257,0.373431,0.439162,0.594331,0.183720,-1.714801,0.475634,0.877299,0.299964,0.389535,0.329258,0.772316,0.766658,0.375207,0.338038,0.390129,0.698502,-1.814737,0.874594,0.489047,-0.701683,-1.468650,1.482672,-0.845302,-1.195780,0.746958,0.394591,0.148308,-0.630390,1.481951,0.195944,168.935647,1.503739,-1.751409,0.589435,0.294191,1.144326,-0.705682,-0.388466,0.299143,0.313348,0.537037,0.203984,1.232794,1.022449,-0.128543,0.591855
-0.354062,0.709735,1.924184,0.074211,0.490490,0.220518,-1.191096,0.505768,0.414806,0.025367,0.195806,0.395978,0.694634,0.028168,0.159241,0.114822,0.036539,0.698502,-0.980266,0.720285,0.062946,-0.300231,-1.252324,0.539098,-0.055352,-0.069082,0.746958,0.083421,-0.662808,-0.816064,0.130787,0.170128,666.895012,0.868848,-1.622867,0.073493,0.135988,1.484128,-0.290858,0.535213,0.163060,0.008902,0.359798,0.318819,0.293463,0.499529,0.034282,0.523486
-0.719076,0.700674,1.950914,0.140602,0.588523,0.266327,-1.497817,0.722683,-0.059936,0.076835,0.338485,0.383813,0.906356,0.937226,0.478473,0.286091,0.217451,0.586445,-1.485510,0.882009,0.047348,-0.347893,-1.453898,0.198926,-1.015614,-1.032593,1.008509,0.202392,-0.943834,-0.816064,0.324966,0.403712,865.167444,1.307347,-1.690810,0.158881,0.172381,1.493441,-0.919227,-0.767633,0.500727,0.158405,0.294613,0.290436,0.922492,1.002324,-0.713670,0.689323
-0.719076,0.592023,0.398752,0.268960,0.641677,0.305529,-1.506238,0.717983,1.041404,0.205714,0.424652,0.278557,0.906356,0.937226,0.472982,0.388777,0.268572,0.619112,-1.409918,0.943969,0.998107,-0.216735,-1.487941,0.532712,-1.015614,-1.032593,1.008509,0.314011,-0.943834,-0.236311,0.325894,0.629573,228.177390,1.208890,-1.557946,0.691752,0.226096,1.119670,-0.995081,-1.045803,0.623570,0.195257,0.265644,0.754679,0.922492,1.002324,-0.713670,0.689323
-0.259169,0.550295,0.393906,0.405578,0.607801,0.305360,-1.681085,0.490301,1.041404,0.248969,0.390213,0.443213,0.770541,1.043170,0.422966,0.329404,0.322403,0.510905,-1.712925,0.799154,0.998107,-1.026596,-1.863224,1.174977,-0.887375,-1.385880,0.810829,0.396529,0.112719,-0.677652,0.859972,0.402973,164.511562,1.408299,-1.756895,0.624559,0.376160,1.170668,-0.899993,-0.511405,0.318742,0.336721,0.402970,0.240863,1.065188,0.952609,-0.175884,0.857335
-0.259169,0.690584,1.419258,0.175721,0.490434,0.247652,-1.288991,0.552394,0.520809,0.017501,0.263660,0.454021,0.690759,0.160937,0.285838,0.120473,0.040903,0.492677,-1.365042,0.804159,0.080682,-0.466097,-1.292723,0.576720,-0.098414,-0.205532,0.851809,0.041367,-0.822430,-0.785074,0.136051,0.243951,487.831932,1.174242,-1.573850,0.081212,0.187194,1.173577,-0.288056,0.527527,0.151230,0.030900,0.307672,0.363924,0.229134,0.501490,-0.175884,0.857335
-0.585283,0.682537,1.345884,0.178877,0.589133,0.262285,-1.433881,0.684922,-0.060994,0.061401,0.397392,0.511480,0.909135,0.517815,0.435830,0.286837,0.217181,1.098733,-1.094680,0.802509,0.033003,-0.457653,-1.428287,0.322436,-0.901645,-0.674190,0.796981,0.206877,-1.096662,-0.785074,0.218087,0.473907,600.928600,0.970137,-1.657257,0.176386,0.202380,1.676883,-0.778562,-0.860476,0.525675,0.117357,0.390773,0.335540,1.093067,1.188639,-1.022711,0.764625
-0.585283,0.597774,0.299631,0.308682,0.606866,0.315850,-1.667567,0.670436,0.763695,0.125236,0.473281,0.469789,0.909135,0.517815,0.386891,0.370847,0.243051,1.098733,-1.709826,0.989723,0.820937,-0.306515,-1.946102,0.691498,-0.901645,-0.674190,0.711012,0.227654,-1.096662,-0.238286,0.234346,0.856366,177.184250,1.539357,-1.710031,0.655673,0.262608,1.023575,-0.920064,-1.027122,0.584202,0.168082,0.375665,0.688393,1.093067,1.183824,-1.022711,0.764625
-0.255106,0.530610,0.321024,0.386222,0.591132,0.307848,-1.582119,0.413130,0.763695,0.233750,0.364742,0.510966,0.886140,1.228278,0.415307,0.367442,0.316447,0.525900,-1.677338,0.924815,0.500083,-0.666771,-1.739388,0.958358,-1.092932,-1.383394,0.705236,0.361331,0.205174,-0.619553,0.924359,0.380088,135.362472,1.537606,-1.692834,0.595166,0.354349,1.152099,-0.811655,-0.437223,0.295707,0.342405,0.463363,0.131802,0.952412,1.067822,-0.317269,1.206723
-0.124739,0.667492,1.728792,0.065084,0.463193,0.144382,-1.138381,0.487480,0.562433,0.027910,0.181905,0.439424,0.600448,0.066202,0.094486,0.098668,0.031961,0.616432,-1.140802,0.640507,0.073083,-0.227379,-1.286784,0.416132,-0.075623,-0.314056,0.731546,0.083862,-0.759882,-0.747075,0.135600,0.258202,582.740277,1.081923,-1.544602,0.061210,0.156916,1.606804,-0.281811,0.437585,0.184397,0.009709,0.276868,0.357396,0.199643,0.565547,-0.170578,0.509358
-0.440966,0.706754,1.959756,0.205301,0.588243,0.267083,-1.469723,0.620093,0.026057,0.066530,0.328080,0.288508,0.931330,0.785847,0.452011,0.259381,0.216634,0.433899,-1.540884,1.022678,0.088214,-0.439904,-1.618395,0.325419,-0.952964,-0.675740,0.722549,0.200216,-0.934169,-0.747075,0.340239,0.310453,825.194706,1.379102,-1.684452,0.198429,0.152964,1.937447,-0.829420,-0.816965,0.562422,0.155132,0.347356,0.288577,0.850383,1.178902,-0.877442,0.548303
-0.440966,0.607501,0.304760,0.299861,0.613400,0.281477,-1.530806,0.597997,0.865918,0.143345,0.427851,0.205179,0.931330,0.785847,0.411265,0.368783,0.256353,0.433899,-1.600186,1.022678,1.068120,-0.439904,-2.175280,1.168691,-0.952964,-0.675740,0.749736,0.221721,-0.934169,-0.267299,0.364857,0.728046,180.569764,1.466168,-1.676408,0.666414,0.240497,1.064844,-0.940501,-1.032135,0.584969,0.191567,0.225214,0.629799,0.850383,1.178902,-0.877442,0.598088
-0.599095,0.521944,0.380569,0.413228,0.596004,0.326638,-1.470172,0.469472,0.847151,0.217115,0.364133,0.492255,0.831140,0.974961,0.421392,0.393879,0.345395,0.635516,-1.430575,0.803975,0.617435,-0.631497,-1.493868,1.168691,-1.323331,-1.352430,0.963421,0.356273,0.049852,-0.582020,0.637285,0.218947,175.805912,1.243740,-1.694300,0.590274,0.264237,1.194920,-0.806000,-0.447588,0.283116,0.326568,0.365011,0.186969,0.925572,1.221732,-0.408846,0.598088
0.009683,0.677852,1.195571,0.046905,0.460469,0.254797,-1.294510,0.371461,0.329875,0.019851,0.238966,0.379424,0.653106,0.022739,0.215105,0.096953,0.022088,0.635516,-1.375776,0.554126,0.065569,-0.333824,-1.178314,0.289051,-0.025044,-0.152095,0.963421,0.080322,-0.705818,-0.791402,0.118961,0.164846,439.530286,1.190149,-1.592081,0.069224,0.123447,1.588317,-0.299284,0.466530,0.171248,0.010859,0.222750,0.287185,0.199138,0.456156,0.215853,0.418908
-0.725335,0.678041,1.246064,0.191286,0.565322,0.226459,-1.616307,0.732183,-0.077660,0.067992,0.272512,0.277075,0.840574,0.614496,0.355538,0.298305,0.178768,0.537836,-1.644902,0.985960,0.046924,-0.662981,-1.038674,0.486860,-1.022095,-0.793570,0.791694,0.219381,-1.057962,-0.791402,0.382174,0.348837,566.638160,1.351578,-1.577376,0.163208,0.173323,1.713948,-0.844456,-0.911852,0.551420,0.134971,0.269799,0.309454,0.700943,1.110746,-0.837217,0.464900
-0.725335,0.619547,0.406870,0.324557,0.588442,0.188680,-1.606627,0.743412,0.813649,0.139732,0.380138,0.287829,0.840574,0.614496,0.351073,0.462136,0.335330,0.389068,-1.609677,1.041621,0.938308,-0.662981,-1.820070,1.832643,-1.022095,-0.793570,0.791694,0.230971,-1.057962,-0.353641,0.382174,0.592080,222.158681,1.383851,-1.654926,0.635376,0.285593,1.569249,-0.999524,-1.061300,0.583388,0.176866,0.275946,0.690735,0.700943,1.105986,-0.837217,0.644627
-0.158592,0.543951,0.383184,0.513048,0.548018,0.378450,-1.652422,0.368273,0.801662,0.244522,0.438037,0.359859,0.802890,0.869935,0.388647,0.480197,0.375164,0.474104,-1.621814,0.809136,0.189989,-1.186341,-1.608512,1.825079,-1.189123,-1.371045,0.935572,0.378310,-0.049545,-0.532690,0.937203,0.123364,168.950992,1.348252,-1.683594,0.557896,0.374036,1.229124,-0.812866,-0.518697,0.310061,0.290452,0.337944,0.231984,1.223165,0.930557,-0.637619,0.982877
0.253693,0.732560,0.813241,0.022676,0.431524,0.277163,-1.160870,0.398254,0.177053,0.025308,0.299024,0.290755,0.553469,0.005293,0.194153,0.173790,0.015038,0.474104,-1.186906,0.584321,0.057078,-0.380038,-1.242493,0.212169,-0.049271,-0.075186,0.935572,0.074088,-0.547683,-0.571885,0.122099,0.293525,320.363177,1.133347,-1.477177,0.037212,0.149977,1.277848,-0.294678,0.545049,0.117113,0.006623,0.219748,0.187874,0.172217,0.555281,0.398814,0.744380
0.385059,0.719466,0.973576,0.223682,0.544947,0.289065,-1.380532,0.494547,0.173495,0.041022,0.230426,0.183151,0.904033,0.626001,0.452871,0.231251,0.165168,-0.029368,-1.345435,1.020330,0.692216,-1.229333,-1.526280,1.290340,-1.008498,-0.800888,0.911702,0.230785,-0.710741,-0.504438,0.296811,0.315763,440.890516,1.185549,-1.548002,0.192593,0.245818,1.702255,-0.488990,-1.066701,0.659170,0.124630,0.251237,0.239715,0.750548,0.870823,-0.863828,0.559170
0.385059,0.641064,0.273266,0.117044,0.406832,0.393289,-1.271876,0.320132,0.852232,0.064150,0.327072,0.277030,0.900267,0.626001,0.177864,0.325152,0.261962,0.365332,-0.924704,1.028893,0.749661,-1.229333,-1.859900,1.290340,-1.008498,-0.747959,0.911702,0.303616,-0.469459,-0.365711,0.296811,0.398609,158.339123,0.890875,-1.893845,0.429899,0.136562,1.057706,-0.841697,-1.126592,0.571784,0.123993,0.100406,0.377785,0.750548,0.654412,-0.863828,0.243771
-0.337118,0.759672,0.539083,0.334229,0.437427,0.584773,-1.567003,0.372324,0.845455,0.201500,0.578264,0.503123,0.760281,0.893233,0.367296,0.627933,0.258953,0.503090,-1.508837,0.833713,0.159542,-0.629027,-1.488376,1.682768,-1.805321,-1.386698,0.909271,0.294219,0.073617,-0.748680,1.431681,0.424494,212.753458,1.375487,-1.721622,0.271398,0.418495,0.702274,-0.584949,0.560028,0.067698,0.207085,0.335895,0.241494,1.205126,1.129569,-0.121266,1.179227
0.357105,0.660453,2.138330,0.080418,0.480651,0.241945,-1.251678,0.343912,0.165514,0.058394,0.251553,0.280798,0.541783,0.001370,0.155135,0.090238,0.035824,0.503090,-1.222354,0.581117,0.064831,-0.353404,-1.408564,0.604631,-0.103595,-0.014306,0.811227,0.078808,-0.771010,-0.483508,0.125498,0.188196,740.274463,1.160714,-1.762428,0.025067,0.076900,1.454998,-0.296101,0.624012,0.023965,0.010645,0.257487,0.282343,0.198315,0.578502,0.040188,0.376221
-1.855296,0.540709,1.372609,0.224198,0.501780,0.297399,-1.348465,1.213792,-0.150733,0.088615,0.467103,0.735734,0.818738,0.661152,0.503631,0.187177,0.136782,1.187614,-1.196659,0.735567,0.027365,-0.785242,-1.386426,0.764329,-0.609908,-0.856883,0.887947,0.183933,-1.536619,-0.479083,0.111860,0.839529,655.190673,1.111533,-1.858198,0.110076,0.257216,1.697730,-1.005500,-0.655175,0.347550,0.150751,0.450104,0.414547,0.599735,1.314571,-1.445031,0.718809
-1.855296,0.549874,0.352466,0.258735,0.488148,0.292019,-1.597853,1.234734,0.723557,0.096573,0.448383,0.441269,0.818738,0.661152,0.551394,0.331054,0.257197,1.187614,-1.550766,0.974323,0.524585,-0.778971,-1.898719,1.341878,-0.609908,-0.856883,0.887947,0.184946,-1.536619,-0.094999,0.144327,0.863984,199.481675,1.347475,-1.457402,0.522260,0.280385,1.311663,-1.060931,-0.969531,0.494429,0.203812,0.416402,0.820415,0.599735,1.065478,-1.445031,0.718809
-0.528773,0.601328,0.335073,0.409492,0.529964,0.365558,-1.498417,0.469497,0.723557,0.380303,0.493575,0.487099,0.763197,0.924274,0.329607,0.630293,0.528109,0.459451,-1.591476,0.971688,0.542914,-1.001647,-1.794534,2.528458,-1.288330,-1.394695,0.735545,0.405542,0.127708,-1.030016,2.466844,0.274437,154.573173,1.359768,-1.794089,0.502006,0.425736,1.136202,-0.686100,-0.098501,0.210090,0.316570,0.417242,0.171913,2.544922,1.217040,-0.454868,1.084864
-0.083750,0.716572,1.485288,0.082249,0.478558,0.206867,-1.134880,0.467733,0.318161,0.033046,0.285716,0.296228,0.601630,0.020974,0.206446,0.142662,0.038652,0.436923,-0.927811,0.638483,0.090699,-0.423590,-1.411804,0.306980,-0.161473,-0.096133,0.641019,0.057239,-1.002349,-0.733040,0.160855,0.183544,472.712718,0.804676,-1.850183,0.052142,0.148833,1.540866,-0.285419,0.548982,0.138534,0.010847,0.317427,0.346485,0.299999,0.647414,0.147812,0.493675
-1.522562,0.693728,1.625891,0.173093,0.575954,0.321699,-1.687430,0.990169,-0.214058,0.099027,0.324113,0.489282,0.869405,0.646918,0.343096,0.233731,0.216389,0.533019,-1.715196,0.890155,0.058912,-0.394776,-1.579741,0.278826,-1.124002,-0.670211,0.921461,0.193747,-1.392744,-0.733040,0.160855,0.730597,649.943933,1.448656,-1.873772,0.123637,0.197879,1.687026,-1.097857,-0.683378,0.462633,0.136890,0.333709,0.364475,1.222823,1.210153,-0.772571,0.631686
-1.522562,0.573885,0.368831,0.264064,0.592159,0.390740,-1.708851,0.974846,0.947433,0.140964,0.432870,0.463038,0.869405,0.646918,0.357583,0.368990,0.278973,0.533019,-1.734324,0.978636,0.667468,-0.567134,-2.007763,0.940280,-1.124002,-0.670211,0.921461,0.197609,-1.392744,-0.462191,0.319629,0.994357,195.857323,1.394445,-1.805454,0.636733,0.228366,1.291513,-1.189180,-0.949177,0.570760,0.205420,0.294277,0.851266,1.222823,1.210153,-0.772571,0.631686
-0.644837,0.579714,0.354322,0.497350,0.644133,0.329098,-1.800674,0.564643,0.947433,0.317303,0.501195,0.453457,0.812449,0.917628,0.381300,0.632621,0.498298,0.454227,-2.029176,0.924113,0.663782,-0.906934,-1.693192,2.265071,-1.336095,-1.375547,0.661682,0.502639,0.005789,-0.796199,1.630532,0.223405,155.384146,1.712286,-1.745897,0.654550,0.356654,1.166162,-0.848098,-0.567650,0.369914,0.334131,0.483354,0.274176,1.875610,1.361412,-0.410018,1.113356
-0.499034,0.664575,1.550085,0.131925,0.510864,0.320049,-1.159877,0.546671,0.311404,0.020810,0.288968,0.525253,0.780122,0.250001,0.230776,0.124084,0.088983,0.612136,-1.216171,0.657873,0.139753,-0.906934,-1.332504,0.472194,-0.070927,-0.191659,0.820248,0.085869,-0.816900,-0.768128,0.126758,0.297392,504.006127,1.120743,-1.608476,0.097957,0.209609,1.529754,-0.302471,0.499439,0.137671,0.034646,0.242447,0.284046,0.350528,0.551858,-0.410018,1.113356
-1.008362,0.659952,1.645434,0.237233,0.584745,0.248901,-1.508470,0.740146,-0.128270,0.064052,0.246594,0.377058,0.846899,0.757192,0.397785,0.219943,0.224580,0.673818,-1.429968,1.001806,0.078653,-0.260473,-1.191577,0.269593,-0.924554,-0.834083,0.916979,0.155196,-1.230786,-0.768128,0.310026,0.312268,674.532240,1.261546,-1.700007,0.159417,0.134884,1.655973,-0.925856,-0.755122,0.495986,0.139536,0.251681,0.389416,1.042466,1.107447,-0.660232,0.519097
-1.008362,0.588926,0.368337,0.347583,0.607776,0.262063,-1.651375,0.753113,0.733511,0.130325,0.311216,0.347362,0.846899,0.757192,0.396957,0.309061,0.228725,0.693831,-1.701026,1.067232,0.869673,-0.218744,-1.827625,1.203107,-0.924554,-0.834083,0.916979,0.183698,-1.230786,-0.333312,0.375355,0.486811,204.744718,1.496707,-1.558603,0.654773,0.186322,1.155941,-0.985085,-0.982107,0.586005,0.176261,0.270677,0.757833,1.042466,1.107447,-0.660232,0.519097
-0.509802,0.580942,0.332291,0.555756,0.623086,0.290157,-1.685318,0.554417,0.733511,0.284300,0.563738,0.417166,0.863035,0.876193,0.368120,0.473733,0.367287,0.272337,-1.692315,0.841735,0.869673,-0.795200,-1.729113,1.795889,-0.735770,-1.389859,0.812389,0.415937,0.125563,-0.588558,1.424454,0.117978,151.483697,1.468769,-1.583329,0.643152,0.415691,1.232562,-0.906981,-0.662779,0.406672,0.327249,0.397738,0.153939,1.270823,1.112359,-0.590562,0.907186
-0.509802,0.675858,1.523028,0.201564,0.507091,0.335155,-1.054663,0.534757,0.446021,0.053464,0.259338,0.543704,0.814568,0.229387,0.222540,0.232554,0.095108,0.596621,-0.975588,0.700298,0.076787,-0.795200,-1.273958,0.535828,-0.435081,-0.177176,0.812389,0.134735,-0.560875,-0.863558,0.187085,0.162502,537.082175,0.949053,-1.421079,0.119557,0.379233,1.430690,-0.331357,0.513728,0.159249,0.032720,0.344262,0.276490,0.594849,0.491796,-0.566213,0.907186
-0.385740,0.716322,1.506708,0.226537,0.584012,0.296206,-1.483398,0.505895,0.043212,0.059611,0.328861,0.348742,0.996830,0.750729,0.379585,0.321399,0.228293,0.561403,-1.453233,1.071271,0.425933,-0.758272,-1.327060,0.335991,-1.037883,-0.763016,0.762698,0.252353,-0.987486,-0.863558,0.374436,0.164944,636.551289,1.307110,-1.641912,0.222517,0.144784,1.535142,-0.854282,-1.011210,0.628586,0.174705,0.344952,0.328942,0.904618,0.980034,-1.076970,0.342693
-0.385740,0.651245,0.323344,0.238066,0.528560,0.417085,-1.528622,0.514566,0.769123,0.138706,0.434039,0.209562,0.996830,0.750729,0.302095,0.377311,0.258045,0.327632,-1.466217,1.071271,0.921203,-0.758272,-1.799277,0.593132,-1.037883,-0.754195,0.807071,0.285194,-0.977724,-0.344328,0.374436,0.322571,188.461037,1.282496,-1.658078,0.588118,0.169538,1.112098,-0.912977,-1.121857,0.609695,0.211214,0.271678,0.531188,0.904618,0.845500,-1.076970,0.333074
-0.867210,0.643575,0.925928,0.260351,0.464358,0.409048,-1.706074,0.426312,0.519775,0.287010,0.586289,0.485169,0.790898,1.181000,0.382740,0.475068,0.321076,1.020487,-1.623963,0.739005,0.486081,-0.578725,-1.630894,2.012778,-1.199790,-1.384680,0.746116,0.349768,-0.211655,-0.672730,1.963631,0.333253,320.105882,1.337319,-1.712065,0.349883,0.218101,1.448946,-0.683849,0.348371,0.118004,0.287351,0.255752,0.227333,1.653114,1.426229,-0.545389,0.732062
0.036241,0.797676,2.157111,0.032842,0.419963,0.187763,-1.480076,0.264573,-0.135069,0.022948,0.213994,0.430683,0.527895,-0.006375,0.153327,0.101178,0.013251,1.020487,-1.351029,0.590867,0.076469,-0.187832,-1.084855,0.574865,-0.015309,-0.050954,0.702027,0.055738,-0.878549,-0.718629,0.124296,0.207589,752.872260,1.183641,-1.566105,0.052248,0.085635,1.425366,-0.274188,0.506928,0.158586,0.005806,0.154202,0.263891,0.176702,0.485582,0.454864,0.329679
0.217101,0.680015,1.425561,0.115752,0.552131,0.186033,-1.191934,0.342024,-0.271953,0.038152,0.112270,0.235104,0.775780,0.422965,0.253482,0.110034,0.097352,0.303523,-0.673680,0.933116,0.033128,-0.303555,-1.119353,0.073439,-0.660790,-0.438255,0.686251,0.144562,-1.127546,-0.596746,0.246410,0.359353,605.108363,0.554989,-1.598781,0.130592,0.098716,1.538272,-0.703707,-0.815600,0.569568,0.076682,0.257140,0.214312,0.569485,0.954167,-0.080534,0.293903
0.217101,0.470122,0.325425,0.195466,0.341693,0.302109,-1.497352,0.523408,0.168426,0.168293,0.411725,0.163469,0.775780,0.902517,0.164272,0.206668,0.226776,0.333399,-1.402440,1.007138,1.058624,-0.335539,-1.622224,0.510115,-0.660790,-0.438255,0.686251,0.185672,-1.108340,-0.620460,0.256605,0.478897,170.483839,1.242680,-1.562888,0.396298,0.126583,0.985091,-0.806541,-0.871442,0.470680,0.197126,0.197969,0.398418,0.582878,0.230882,-0.080534,0.175009
0.453777,0.839741,0.405058,0.129594,0.276028,0.163587,-0.786675,0.173392,-0.008153,0.063521,0.213386,0.128478,0.317132,0.902517,0.106535,0.137761,0.098350,0.227978,-0.874210,0.709538,0.119374,-0.341371,-1.292512,0.510115,-0.149598,-0.606790,0.538247,0.081102,-0.537671,-0.612749,0.256605,0.266702,169.953560,0.894959,-1.579409,0.035252,0.135312,0.952279,-0.408384,0.431652,0.173583,0.117940,0.185974,0.149015,0.582878,0.361342,0.410554,0.388301
0.568248,0.945387,0.316231,0.010173,0.310990,0.143765,-1.223630,0.095377,-0.282108,0.014286,0.029732,0.045711,0.402007,-0.005494,0.030090,0.019360,0.007379,0.061326,-1.151103,0.543467,0.081846,0.123269,-0.986711,0.121429,0.056987,-0.048395,0.379423,0.056977,-0.504021,-0.165781,0.127888,0.141266,161.282260,1.130058,-1.510889,0.022140,0.030541,1.020184,-0.310807,0.843468,0.036791,0.002088,0.127013,0.060753,0.129474,0.320572,0.242358,0.113299
0.637806,0.584181,0.317483,0.101657,0.369767,0.318683,-1.429823,0.363115,0.573934,0.047207,0.166964,0.119438,0.474492,0.168527,0.090652,0.138950,0.064585,0.035661,-1.418619,0.562049,0.072405,-0.135224,-1.670726,0.721379,-0.486051,-0.208974,0.484123,0.080728,-0.411803,-0.134141,0.280724,0.518795,191.090577,1.374248,-1.805221,0.066346,0.093989,1.035954,-0.409078,-0.294999,0.417464,0.036810,0.106055,0.308290,0.182165,0.251253,0.137470,0.109045
0.903471,0.272078,0.282310,0.173943,0.272978,0.195324,-1.444360,0.276532,0.777389,0.056727,0.401098,0.170356,0.474492,0.168527,0.107759,0.180495,0.091303,0.489034,-1.455742,0.595556,0.062189,-0.717221,-1.730662,0.796586,-0.641110,-0.208974,0.514768,0.082763,-0.204034,-0.111715,0.294645,0.473310,165.138930,1.346571,-1.731727,0.256511,0.123398,1.054963,-0.492996,-0.343742,0.329178,0.043559,0.097170,0.315391,0.182165,0.327559,0.137470,0.259918
-0.472907,0.433347,0.271075,0.286552,0.207600,0.160703,-1.460666,0.734288,0.777389,0.133107,0.388758,0.263941,0.520643,0.399014,0.229998,0.276004,0.211597,0.581127,-1.547015,0.674695,0.067077,-1.042603,-1.600061,0.738833,-0.623843,-0.389497,0.514768,0.130191,0.391482,-0.592795,0.551774,0.666875,141.972013,1.246205,-1.579724,0.240541,0.119976,0.920923,-0.492996,-0.336748,0.430956,0.168369,0.169748,0.098695,0.876838,0.426230,-0.219278,0.349132
-0.472907,0.874580,0.370357,0.216334,0.375471,0.239881,-1.644672,0.270288,0.698162,0.133360,0.306635,0.327051,0.521480,0.399014,0.296380,0.155312,0.186711,0.588248,-1.651878,0.674695,0.089406,-0.623749,-1.281837,0.458909,-0.433231,-0.389497,0.833917,0.241431,-0.123043,-0.874344,0.551774,0.830559,169.691885,1.381823,-1.481928,0.159408,0.243863,1.054955,-0.426770,0.454514,0.148102,0.155186,0.307123,0.266881,0.876838,0.426230,-0.366909,0.722340
-0.187080,0.451809,0.591278,0.065862,0.479402,0.414948,-1.020843,0.464061,0.240708,0.038326,0.128604,0.410567,0.865217,0.098558,0.225306,0.125429,0.049163,0.315842,-1.052393,1.031326,0.076724,-0.678511,-1.316332,0.270995,-0.008806,-0.209046,0.709099,0.146527,-0.084658,-0.507917,0.334121,0.483050,243.580950,0.980635,-1.492567,0.113829,0.277666,1.406953,-0.333764,0.386890,0.042337,0.011030,0.273989,0.101996,0.349192,0.223116,-1.113731,0.961119
1.062767,0.439803,0.696461,0.008462,0.425128,0.275256,-1.139420,0.258394,0.055126,0.040418,0.069913,0.253756,0.456350,0.007693,0.165367,0.050053,0.016239,-0.112988,-1.221315,0.617211,0.051532,-0.407011,-1.177627,0.223395,-0.097793,-0.075221,0.593703,0.041475,-0.084658,-0.446684,0.131104,0.248812,282.144601,1.100135,-1.755822,0.020210,0.084244,1.558054,-0.275033,0.297500,0.063092,0.004904,0.078168,0.035888,0.160308,0.381499,0.346471,0.442135
1.165278,0.336300,0.566635,0.251008,0.454344,0.302056,-1.453031,0.244841,0.087929,0.042660,0.242112,0.256766,0.564444,0.148953,0.248229,0.131073,0.113203,-0.077419,-1.502566,0.988865,0.028944,-0.622126,-1.228648,1.768742,-0.966150,-0.584898,0.629318,0.152562,-0.192335,-0.274811,0.202272,0.388256,277.661767,1.354242,-1.748302,0.065549,0.187661,1.529377,-0.561598,-0.496547,0.287601,0.038217,0.187819,0.070923,0.590621,0.511280,0.285965,0.489178
1.165278,0.322665,0.382627,0.453676,0.264843,0.393715,-1.393957,0.349581,0.223137,0.133462,0.489793,0.290365,0.564444,1.008045,0.245093,0.516893,0.388354,0.349208,-1.520843,0.988865,0.235367,-0.652230,-1.313385,2.812078,-0.966150,-0.635375,0.629318,0.169962,-0.192335,-0.693686,0.278923,0.421994,191.591924,1.408347,-1.624333,0.291837,0.312574,1.372015,-0.684059,-0.579483,0.322752,0.148321,0.200880,0.124556,0.590621,0.511280,-0.278341,0.612833
0.656251,0.764470,0.502109,0.165023,0.183489,0.236688,-1.054687,0.430450,0.015998,0.145685,0.159694,0.286525,0.272962,1.008045,0.253608,0.281298,0.244889,0.349208,-1.129039,0.707051,0.235367,-0.407895,-1.271856,0.399059,-0.153815,-0.799515,0.775539,0.157361,-0.562588,-0.693686,0.278923,0.433261,206.700986,1.013967,-1.499660,0.084754,0.275227,1.363145,-0.551822,-0.046223,0.338715,0.127753,0.230019,0.168123,0.384035,0.269989,-0.017487,0.533517
0.589519,1.143622,1.054409,0.012153,0.301900,0.054063,-0.971143,0.092529,-0.372049,0.022851,0.048360,0.175723,0.465438,0.001231,0.091127,0.032652,0.009306,0.202911,-1.103329,0.553791,0.092171,0.066940,-1.108573,0.149728,0.060293,-0.143120,0.536424,0.091386,-0.572679,-0.226662,0.135798,0.227414,368.399789,0.998553,-1.518897,0.051701,0.040460,1.308168,-0.282211,0.991401,0.042568,0.003219,0.144964,0.059850,0.143975,0.295910,0.550719,0.154970
0.594016,0.791553,1.465515,0.175643,0.430067,0.173786,-1.499814,0.324621,1.008088,0.080211,0.173736,0.130403,0.695117,0.260905,0.115694,0.163749,0.101537,0.202911,-1.586388,0.890894,0.661073,-0.050844,-1.658261,0.141210,-0.453638,-1.011596,0.515003,0.184583,-0.512818,-0.129297,0.453764,0.417846,633.460391,1.543266,-1.707264,0.216677,0.068382,1.817494,-0.647531,-0.801533,0.752706,0.074908,0.077069,0.532730,0.455556,0.623950,-0.186127,0.211202
0.521861,0.491494,0.298694,0.254628,0.337243,0.210740,-1.474000,0.414605,1.115450,0.100153,0.287337,0.185721,0.695117,0.260905,0.151773,0.174299,0.126693,0.270248,-1.463828,0.890894,0.796428,-0.353315,-1.622617,0.469390,-0.453638,-0.893064,0.569806,0.244895,-0.018251,-0.434849,0.453764,0.583102,177.877323,1.400875,-1.408171,0.380602,0.134940,1.037854,-0.647531,-0.801533,0.537121,0.151044,0.124542,0.280539,0.455556,0.623950,-0.186127,0.358635
-0.432720,0.708993,0.316583,0.211278,0.446314,0.340342,-1.623971,0.395051,1.115450,0.187784,0.400387,0.442855,0.637166,0.642779,0.402919,0.380931,0.238116,0.708519,-1.691493,0.743695,0.498052,-0.637809,-1.632197,1.336818,-0.722088,-1.376554,1.094464,0.286283,0.150871,-0.559341,1.337187,0.241837,140.661987,1.456653,-1.642377,0.164444,0.274895,1.094482,-0.482790,0.625319,0.038290,0.199030,0.397972,0.335832,0.889881,0.686439,-0.289943,0.702413
-0.030308,0.779011,2.200788,0.049737,0.447221,0.128801,-1.303499,0.467283,0.297837,0.019343,0.155582,0.362456,0.542408,0.030869,0.192244,0.074017,0.024183,0.708519,-1.085694,0.557813,0.092981,-0.185836,-1.273587,0.448030,-0.027245,-0.077587,0.607961,0.046749,-0.596690,-0.726890,0.130745,0.131606,653.016920,1.028413,-1.344359,0.033198,0.080218,1.783607,-0.289791,0.650943,0.120066,0.011592,0.211182,0.257178,0.171766,0.497246,0.155883,0.305657
-0.723591,0.703793,2.232579,0.164066,0.589764,0.232969,-1.442391,0.753205,-0.006659,0.060134,0.311531,0.375909,0.823644,0.390316,0.347807,0.235645,0.159516,0.726514,-1.344077,0.867231,0.041703,-0.393253,-1.609954,0.168422,-0.817585,-0.559987,0.691686,0.187598,-0.963099,-0.726890,0.130745,0.216734,818.224331,1.239687,-1.746150,0.143370,0.189204,1.950194,-0.782744,-0.828306,0.540012,0.098524,0.283314,0.288965,0.720989,0.988878,-0.703826,0.665645
-0.723591,0.580564,0.287470,0.316366,0.557685,0.255506,-1.509876,0.706205,0.843244,0.108459,0.418524,0.361704,0.823644,0.390316,0.262881,0.289892,0.180852,0.726514,-1.513351,0.925485,0.765998,-0.393253,-1.990894,0.859911,-0.817585,-0.559987,0.691686,0.189062,-0.963099,-0.193384,0.237219,0.565992,173.533993,1.267140,-1.382021,0.603863,0.239911,1.008656,-0.908534,-1.017558,0.547334,0.142816,0.310796,0.663843,0.720989,0.664895,-0.703826,0.665645
-0.550771,0.534531,0.348968,0.466141,0.584857,0.263393,-1.660293,0.460730,0.843244,0.294059,0.438080,0.317391,0.803307,0.801542,0.330346,0.412830,0.398662,0.560479,-1.696147,0.890637,0.498245,-0.797948,-1.688984,1.491988,-0.792724,-1.383107,0.739484,0.418228,0.071701,-0.638811,1.477545,0.115878,165.219020,1.514150,-1.785565,0.575742,0.347689,1.018569,-0.759656,-0.344996,0.269512,0.301955,0.419037,0.215944,1.482109,1.017806,-0.225660,0.946486
-0.147434,0.682911,1.570562,0.060927,0.469338,0.226494,-1.193382,0.418551,0.394963,0.018702,0.260012,0.421236,0.687824,0.024226,0.172619,0.135686,0.049507,0.716191,-1.252897,0.766004,0.093286,-0.232655,-1.093468,0.512078,-0.091659,-0.043654,0.739484,0.071016,-0.867064,-0.827858,0.123562,0.100684,550.294008,1.130711,-1.476696,0.068196,0.176951,1.990133,-0.302208,0.460103,0.183858,0.011264,0.246334,0.340126,0.404165,0.498477,-0.225660,0.946486
-0.913241,0.719800,1.705950,0.204288,0.594116,0.177813,-1.356332,0.757348,-0.127221,0.084729,0.353814,0.439920,0.923792,0.877121,0.384626,0.287457,0.227996,0.859931,-0.887566,0.892325,0.040772,-0.369205,-1.230839,0.152650,-0.837870,-0.723826,0.653044,0.228524,-1.226537,-0.813311,0.398567,0.330397,741.645340,0.812351,-1.843055,0.175747,0.210748,1.787633,-0.857048,-0.899258,0.555190,0.173713,0.289256,0.344528,0.899386,1.165941,-1.012709,0.711917
-0.913241,0.622944,0.348893,0.355616,0.626169,0.236443,-1.614022,0.724760,0.950524,0.173301,0.427656,0.354626,0.923792,0.877121,0.363330,0.373448,0.262671,0.871950,-1.455925,0.995271,0.730019,-0.369205,-1.471449,0.480277,-0.837870,-0.723826,0.755938,0.285292,-1.226537,-0.257583,0.398567,0.482080,197.753123,1.285513,-1.762205,0.673598,0.288364,1.304548,-1.014642,-1.087516,0.617208,0.198845,0.272868,0.813894,0.899386,1.116544,-1.012709,0.711917
-0.748703,0.559517,0.400654,0.476429,0.579734,0.373359,-1.625441,0.493077,0.949762,0.263769,0.390845,0.596445,0.796130,0.703133,0.412148,0.301243,0.365582,0.723813,-1.623408,0.776633,0.730019,-0.669280,-1.723832,1.321630,-0.697884,-1.085462,0.725320,0.331931,-0.003842,-0.583334,1.020989,0.496814,176.519218,1.427786,-1.690656,0.574242,0.199904,1.253332,-0.832963,-0.406913,0.279014,0.309654,0.357839,0.290794,1.128071,0.994869,-0.535149,0.443639
-0.278340,0.760381,1.089973,0.046708,0.464746,0.311604,-1.254328,0.365833,0.315267,0.017049,0.144412,0.497643,0.671399,0.053245,0.178912,0.085707,0.035147,0.723813,-1.298346,0.719931,0.096397,-0.252225,-1.115975,0.399888,-0.074369,-0.045224,0.725320,0.060365,-0.652274,-0.920292,0.135083,0.151618,395.691187,1.224281,-1.680318,0.073968,0.149298,1.453855,-0.295642,0.554873,0.175864,0.010774,0.201010,0.223827,0.166493,0.450506,-0.073080,0.443639
-1.342208,0.750910,1.202270,0.356811,0.586688,0.266243,-1.480324,0.782097,-0.059331,0.085485,0.395780,0.417540,0.865687,0.587487,0.334181,0.265927,0.226139,0.832468,-1.583077,0.989709,0.052024,-0.555591,-1.302217,0.291366,-1.126902,-0.668095,0.693183,0.227551,-0.936382,-0.920292,0.121218,0.263844,534.659145,1.399398,-1.604160,0.158232,0.212500,1.229095,-0.855193,-0.773935,0.553230,0.118560,0.268421,0.283671,1.013972,1.019668,-1.390976,0.673231
-1.342208,0.640727,0.488392,0.447430,0.601697,0.322596,-1.380451,0.841130,1.043973,0.149796,0.497508,0.367191,0.865687,0.587487,0.320543,0.362697,0.237182,0.972894,-1.110950,0.995116,0.760996,-0.555591,-1.602962,0.541875,-1.126902,-0.668095,0.730677,0.242633,-0.936382,-0.351014,0.323964,0.586246,255.877403,0.959809,-1.775214,0.647089,0.295006,0.962096,-1.024324,-1.085101,0.618863,0.159553,0.290699,0.750490,1.013972,1.019668,-1.390976,0.673231
-0.432950,0.532767,0.392012,0.425200,0.594189,0.255653,-1.620668,0.469848,1.043973,0.212468,0.420298,0.513818,0.839382,1.298276,0.459937,0.341027,0.307954,0.460638,-1.558731,0.970608,0.698799,-0.447953,-1.815113,0.675593,-0.951887,-1.372865,1.008282,0.373900,0.112290,-0.625816,0.179788,0.216684,180.746039,1.368810,-1.589128,0.601610,0.326626,1.128719,-0.842694,-0.636792,0.348239,0.388223,0.484723,0.279924,1.034135,0.735608,-0.188521,0.690169
-0.085210,0.676596,1.435718,0.063367,0.467154,0.216434,-1.292580,0.442407,0.348784,0.034848,0.321197,0.524026,0.611619,0.021883,0.179181,0.173631,0.038413,0.934277,-1.334007,0.571907,0.054417,-0.201332,-1.263791,0.422474,-0.062408,-0.163558,1.008282,0.082322,-0.646973,-0.774409,0.143736,0.274031,536.051617,1.226450,-1.451913,0.064866,0.194330,1.467495,-0.299152,0.514660,0.148713,0.012814,0.330252,0.249001,0.234873,0.390550,0.234000,0.690169
-0.877344,0.688773,1.427310,0.208978,0.579850,0.229516,-1.500449,0.739311,0.028927,0.070012,0.295356,0.327031,0.876124,0.780027,0.373158,0.239442,0.214976,0.450559,-1.347286,0.983820,0.047372,-0.394895,-1.341177,0.232071,-0.998873,-0.700415,0.633091,0.200403,-0.993275,-0.774409,0.311834,0.214818,653.248302,1.162189,-1.527594,0.173318,0.156185,1.634100,-0.900726,-0.801861,0.526119,0.146700,0.385993,0.317716,0.819429,0.932078,-0.840189,0.610100
-0.877344,0.614644,0.328602,0.348184,0.609810,0.271785,-1.589026,0.683656,0.911101,0.148209,0.391232,0.294280,0.876124,0.780027,0.332371,0.338156,0.234971,0.441565,-1.647633,1.008399,0.882090,-0.394895,-1.731714,0.875665,-0.998873,-0.700415,0.697657,0.231224,-0.993275,-0.280203,0.336504,0.570615,183.641351,1.465980,-1.647177,0.658173,0.248480,1.193477,-0.932875,-1.022453,0.599998,0.183814,0.357147,0.703549,0.819429,0.932078,-0.840189,0.610100
-0.443714,0.508186,0.345414,0.532834,0.608770,0.276328,-1.645458,0.404874,0.911101,0.263906,0.417329,0.472003,0.848630,0.764277,0.395196,0.294587,0.333221,0.502572,-1.532802,0.836670,0.612218,-0.314421,-1.547404,1.118506,-1.018681,-1.114129,0.865940,0.369177,0.010886,-0.580473,1.097236,0.294512,167.585458,1.346633,-1.685616,0.603637,0.275638,1.149769,-0.811184,-0.455492,0.281357,0.320251,0.395040,0.243871,1.139309,0.964153,-0.499270,0.549329
0.078249,0.650586,1.011565,0.057680,0.452705,0.312632,-1.204482,0.375273,0.304564,0.020017,0.197030,0.480324,0.647789,0.011455,0.217065,0.111260,0.027761,0.503459,-1.292522,0.558509,0.066216,-0.331884,-1.170091,0.343133,-0.068501,-0.085093,0.865940,0.061209,-0.783945,-0.754826,0.124430,0.157394,375.170362,1.143417,-1.533854,0.069349,0.184984,1.667309,-0.290142,0.448188,0.169974,0.006601,0.193753,0.268874,0.161060,0.553120,0.201303,0.463013
-0.139917,0.696307,0.988066,0.186900,0.560228,0.353989,-1.418712,0.520609,-0.017577,0.050515,0.214741,0.370531,0.876642,0.588399,0.385106,0.227279,0.195041,0.760296,-1.290052,0.860534,0.052879,-0.702990,-1.522708,0.852903,-1.115388,-0.700895,0.879325,0.190207,-1.030913,-0.754826,0.243912,0.172404,473.719072,1.219619,-1.610399,0.174807,0.224136,1.654346,-0.716107,-0.797821,0.533512,0.139312,0.208286,0.308596,0.843278,0.966767,-1.191851,0.463013
-0.139917,0.594621,0.292820,0.311834,0.571083,0.318944,-1.541627,0.491549,0.912784,0.119204,0.479697,0.309574,0.876642,0.588399,0.329808,0.480038,0.381814,0.760296,-1.440776,0.916594,1.109631,-0.973958,-1.670827,2.042253,-1.115388,-0.700895,0.879325,0.220429,-1.030913,-0.376413,0.255968,0.446055,169.690634,1.326335,-1.684706,0.615445,0.325143,1.121095,-0.897164,-1.011856,0.559718,0.168836,0.247396,0.683564,0.843278,0.498374,-1.191851,0.892719
-0.012607,0.590913,0.383935,0.486371,0.490270,0.489803,-1.538630,0.288897,0.857162,0.299471,0.434407,0.441573,0.763119,0.789804,0.320055,0.513515,0.493756,0.429393,-1.152703,0.819189,0.238647,-1.190544,-1.493876,1.692301,-1.273214,-1.388428,0.701571,0.413979,0.023210,-0.736044,1.510024,0.236363,158.264999,0.931552,-1.600515,0.463143,0.507874,1.140082,-0.766839,-0.218842,0.220902,0.257511,0.404676,0.227354,2.091798,0.889646,-0.837933,1.522370
0.705043,0.784817,1.400535,0.058215,0.424594,0.292003,-1.688320,0.234272,0.193497,0.029318,0.169317,0.243330,0.515844,0.000337,0.216533,0.117441,0.042427,0.030197,-1.514974,0.595882,0.082021,-0.313973,-1.186122,0.101363,-0.123206,-0.175664,0.693986,0.077830,-0.754194,-0.635684,0.124198,0.228740,488.725153,1.279387,-1.583637,0.052987,0.103538,1.826983,-0.291307,0.585582,0.132138,0.011923,0.167467,0.277853,0.249300,0.573538,0.404387,0.400650
-0.569095,0.704733,1.188634,0.244806,0.568242,0.284168,-1.320698,0.726682,-0.012989,0.059006,0.234040,0.274483,0.803302,0.628700,0.350012,0.211275,0.169194,0.126618,-1.105904,0.891745,0.058596,-0.538942,-1.486632,0.629669,-0.790735,-0.736748,0.808603,0.193939,-1.095285,-0.573948,0.285737,0.459142,526.320363,1.027073,-1.652173,0.130258,0.175497,1.701423,-0.944894,-0.864882,0.548013,0.126617,0.276622,0.293991,0.731071,0.966157,-0.713900,0.538788
-0.569095,0.606542,0.302840,0.194820,0.548876,0.375746,-1.545146,0.641957,0.874142,0.137846,0.342930,0.295832,0.803302,0.628700,0.330486,0.360709,0.250860,0.339475,-1.562861,0.983652,0.640258,-0.538942,-1.664019,0.933617,-0.790735,-0.736748,0.808603,0.223691,-1.095285,-0.361291,0.311823,0.637614,175.640499,1.370921,-1.558874,0.591784,0.176461,1.075664,-0.944894,-1.059316,0.584669,0.161837,0.270212,0.691644,0.731071,0.710497,-0.713900,0.538788
-0.520322,0.639459,0.440502,0.260794,0.474854,0.248107,-1.518572,0.439502,0.832464,0.206495,0.370460,0.352050,0.664937,1.001673,0.393493,0.326391,0.250668,0.505170,-1.272531,0.776460,0.640258,-0.734705,-1.555796,0.533978,-0.930243,-0.865891,0.977253,0.263465,-0.049029,-0.518965,0.546044,0.342727,171.303102,1.127931,-1.752800,0.451790,0.211001,0.826795,-0.700996,-0.217208,0.224689,0.287732,0.333970,0.218559,0.562695,0.533309,-0.457771,0.441179
-0.069896,0.876580,2.417194,0.036296,0.414431,0.230560,-1.492382,0.228256,0.293952,0.012348,0.175111,0.275144,0.523300,-0.003547,0.136856,0.075933,0.019152,0.505170,-1.278668,0.590318,0.102874,-0.251757,-1.035264,0.406192,-0.041163,-0.048737,0.863647,0.044668,-0.745901,-0.646684,0.127252,0.199887,782.557815,1.228339,-1.351253,0.047702,0.105388,1.453085,-0.283972,0.681295,0.135064,0.007569,0.088024,0.280383,0.190563,0.317985,0.480019,0.329929
0.377237,0.790163,1.956187,0.211543,0.539031,0.312271,-1.376455,0.285082,0.415051,0.041077,0.294324,0.193836,0.856052,0.433820,0.333699,0.224588,0.180633,0.055293,-1.375777,1.025676,0.615578,-0.538478,-1.053009,1.131841,-0.886943,-0.713780,0.967647,0.203310,-0.758902,-0.542997,0.365198,0.256968,794.681185,1.186984,-1.574873,0.196357,0.171630,1.623638,-0.564590,-0.906704,0.697542,0.117881,0.254681,0.341117,1.021616,0.608553,-0.939087,0.287914
0.377237,0.574631,0.305057,0.449839,0.445206,0.206454,-1.475930,0.354317,0.737319,0.099868,0.515615,0.328181,0.856052,0.433820,0.285256,0.424676,0.395185,0.390489,-1.546906,1.033499,0.753541,-1.176585,-1.449921,2.656699,-0.886943,-0.713780,0.967647,0.250718,-0.680227,-0.557399,0.365198,0.256485,178.359786,1.356526,-1.636716,0.502869,0.303443,1.191712,-0.831641,-0.969872,0.567339,0.154133,0.226772,0.419233,1.021616,0.375250,-0.939087,0.849836
0.378107,0.862597,0.353519,0.345571,0.370559,0.322632,-1.532580,0.170405,0.482787,0.201600,0.362334,0.306777,0.521637,0.717804,0.327008,0.421125,0.419363,0.455283,-1.553475,1.081002,0.060095,-1.524028,-1.762681,0.703040,-0.699949,-1.188058,0.929606,0.251883,-0.084605,-0.945234,0.893782,0.411704,163.234231,1.325120,-1.497271,0.244538,0.470242,1.223447,-0.612511,0.356488,0.146524,0.184892,0.252825,0.158441,2.465683,0.509455,-0.503583,1.071970
0.706287,1.059221,2.654825,0.044862,0.406799,0.284588,-1.520798,0.225713,0.021497,0.025731,0.056050,0.320247,0.517492,-0.002021,0.212484,0.065712,0.019233,0.455283,-1.472650,0.563895,0.060095,-0.507651,-0.941072,-0.061852,-0.073217,0.062552,0.641083,0.079437,-0.729695,-0.517951,0.116848,0.460015,914.559202,1.334770,-1.538198,0.051180,0.143073,1.307053,-0.297551,0.983122,0.046227,0.005914,0.086137,0.205270,0.180424,0.600255,0.187445,0.309113
-0.851494,0.816262,2.721101,0.242369,0.584297,0.244576,-1.491772,0.746981,-0.045744,0.057773,0.435215,0.400957,0.872271,0.453442,0.329493,0.264648,0.178597,0.581747,-1.558254,0.858044,0.048950,-0.337236,-1.512711,-0.061852,-1.056355,-0.838588,0.703719,0.239753,-0.973368,-0.346445,0.186039,0.608020,1087.564852,1.404890,-1.620484,0.154688,0.245249,1.692996,-0.792573,-0.917197,0.609719,0.114700,0.212671,0.264177,0.728846,0.787847,-0.639673,0.951252
-0.851494,0.639968,0.279312,0.371151,0.573607,0.235960,-1.608471,0.740774,1.053493,0.100891,0.511519,0.387525,0.872271,0.453442,0.328091,0.329236,0.216525,0.581747,-1.691178,0.967199,0.829960,-0.337236,-2.019169,0.652668,-1.056355,-0.838588,0.703719,0.241071,-0.973368,-0.240934,0.277264,0.829212,166.317084,1.481461,-1.489528,0.620956,0.295767,1.074105,-0.914598,-1.099479,0.588802,0.168261,0.213851,0.736416,0.728846,0.695353,-0.639673,0.951252
-0.499625,0.576760,0.402820,0.479886,0.587509,0.347005,-1.623668,0.452969,1.053493,0.242337,0.457931,0.393783,0.800010,0.763375,0.387276,0.397622,0.318427,0.356624,-1.673191,0.815215,0.406023,-0.441216,-1.659544,1.059369,-1.075417,-1.268612,0.810196,0.380592,0.025052,-0.615706,1.299255,0.248716,184.047245,1.517267,-1.676105,0.590656,0.262316,0.818722,-0.735954,-0.459243,0.320117,0.296415,0.345462,0.279475,1.080671,1.070808,-0.096169,0.588530
-0.181699,0.779252,1.804687,0.060585,0.469370,0.298240,-1.183192,0.355872,0.413551,0.022665,0.299919,0.346298,0.677069,0.031529,0.166634,0.174603,0.037220,0.509573,-1.166190,0.677426,0.082399,-0.307413,-1.250479,0.391479,-0.097506,-0.038063,0.810196,0.084991,-0.734561,-0.858924,0.145255,0.098799,673.054203,1.122476,-1.560047,0.064309,0.139974,1.655479,-0.292295,0.556808,0.159590,0.013916,0.184465,0.271010,0.272723,0.554027,-0.096169,0.441040
-1.073679,0.752473,1.235144,0.181199,0.595561,0.269011,-1.455657,0.714911,-0.079223,0.073895,0.298702,0.399457,0.898677,0.711053,0.362388,0.270893,0.217385,0.764533,-1.447371,0.889439,0.035917,-0.347430,-1.590251,0.147930,-1.161656,-0.804739,0.743162,0.205203,-1.185312,-0.858924,0.145255,0.391899,591.426580,1.285735,-1.707401,0.159944,0.196959,1.149261,-1.041912,-0.766048,0.529077,0.135697,0.217723,0.366592,1.050827,1.139589,-0.818263,0.621448
-1.073679,0.647547,0.305227,0.272077,0.600861,0.342985,-1.419967,0.835453,0.989874,0.152624,0.443475,0.405782,0.898677,0.711053,0.372307,0.370785,0.274738,0.834415,-1.361607,0.996246,0.926659,-0.347430,-2.245130,0.696853,-1.161656,-0.804739,0.814294,0.214525,-1.185312,-0.278753,0.335743,0.411719,180.226531,1.201932,-1.740612,0.645704,0.234375,1.090896,-1.065829,-1.080191,0.631800,0.178864,0.250737,0.797423,1.050827,1.139589,-0.818263,0.621448
-0.758220,0.545100,0.343469,0.499564,0.590108,0.330713,-1.654680,0.608524,0.989874,0.359851,0.406717,0.398726,0.827602,1.414944,0.319653,0.631526,0.480109,0.564341,-1.735719,1.079497,0.679342,-0.797518,-1.781732,1.707438,-0.973510,-1.372063,0.555016,0.421962,0.133607,-0.809527,1.707579,0.345944,159.642187,1.483555,-1.747837,0.613114,0.364038,1.100289,-0.852849,-0.799513,0.437833,0.335452,0.383061,0.281375,2.507796,1.143974,-0.448140,1.150943
-0.592625,0.728164,1.469685,0.056801,0.500773,0.249072,-1.136830,0.453418,0.337704,0.020368,0.229143,0.455155,0.827602,0.220523,0.264379,0.352963,0.119462,0.564341,-1.178711,1.066470,0.076621,-0.797518,-1.283717,0.489557,-0.036353,-0.425331,0.922883,0.133250,-0.652973,-0.814921,0.191000,0.182565,506.367215,1.050912,-1.458682,0.104673,0.303691,1.413313,-0.307695,0.545468,0.158567,0.034237,0.254384,0.250890,0.444422,0.580379,-0.448140,1.150943
-0.914804,0.710711,1.316419,0.219678,0.596402,0.230774,-1.402795,0.650694,-0.051234,0.072109,0.340369,0.381165,0.879679,0.774212,0.393601,0.253048,0.221257,0.444183,-1.365538,1.025012,0.050455,-0.319139,-1.681920,0.209473,-0.880629,-0.898368,0.922883,0.177467,-0.981573,-0.814921,0.189181,0.094172,578.178588,1.244957,-1.621508,0.165066,0.117391,1.441209,-0.998021,-0.801463,0.546846,0.147694,0.231587,0.335365,0.900120,0.983153,-0.678328,0.427254
-0.914804,0.617567,0.306197,0.329692,0.610539,0.247188,-1.567354,0.706333,0.939853,0.135339,0.408201,0.283681,0.879679,0.774212,0.362926,0.335539,0.233330,0.447482,-1.531417,1.060880,0.856447,-0.319139,-1.853193,1.086669,-0.880629,-0.898368,0.727755,0.201289,-0.981573,-0.283340,0.368371,0.284248,169.713332,1.375567,-1.528512,0.660184,0.195789,1.031985,-1.027478,-1.061733,0.598220,0.192177,0.212093,0.723517,0.900120,0.983153,-0.678328,0.593396
-0.648805,0.585492,0.481017,0.488792,0.598738,0.281462,-1.717139,0.560046,0.939853,0.297624,0.446227,0.327307,0.797264,1.007608,0.325812,0.494380,0.437053,0.537756,-1.898752,0.974859,0.702820,-0.747531,-1.532871,1.683660,-0.909347,-1.269847,0.620296,0.387654,0.024655,-0.589953,1.540805,0.111404,194.784723,1.569015,-1.662951,0.615235,0.305611,1.364884,-0.889958,-0.605607,0.373228,0.323366,0.425609,0.243537,1.391934,1.030216,-0.493055,0.683147
-0.608691,0.751329,1.820651,0.066788,0.486538,0.263513,-1.228893,0.433699,0.348212,0.027235,0.274787,0.438854,0.743005,0.182717,0.177534,0.249233,0.125402,0.764999,-1.149001,0.974859,0.177568,-0.747531,-1.154182,0.656689,-0.024735,-0.261034,0.734367,0.118250,-0.644360,-0.814259,0.241306,0.098574,605.425438,1.053727,-1.554822,0.084894,0.139112,1.469531,-0.309288,0.573043,0.150491,0.032627,0.257986,0.257196,0.554287,0.458899,0.122482,0.683147
-0.443047,0.738678,1.454813,0.191590,0.597943,0.250633,-1.502249,0.500756,0.122362,0.058580,0.288389,0.268532,0.943972,0.752334,0.385474,0.245732,0.201377,0.333081,-1.226257,1.152113,0.195103,-0.694100,-1.486006,0.298222,-0.964718,-0.800872,0.800243,0.230274,-0.906964,-0.814259,0.339886,0.130356,651.897071,1.178136,-1.558282,0.190660,0.175461,1.239799,-0.849521,-0.938404,0.620702,0.148823,0.310810,0.312413,0.887361,0.794743,-0.811713,0.407314
-0.443047,0.652478,0.307911,0.257177,0.571010,0.322983,-1.704392,0.545396,0.904351,0.146147,0.402188,0.225213,0.943972,0.752334,0.364405,0.346784,0.242173,0.299484,-1.664993,1.152113,0.941815,-0.694100,-1.894378,0.651160,-0.964718,-0.800872,0.800243,0.263314,-0.906964,-0.363984,0.339886,0.301486,184.046304,1.490566,-1.681959,0.624674,0.228077,0.921741,-0.869838,-1.118495,0.609455,0.190223,0.246101,0.632552,0.887361,0.794743,-0.811713,0.507007
-0.856434,0.568165,0.348305,0.340749,0.522389,0.296716,-1.603282,0.499657,0.864006,0.250134,0.354399,0.448789,0.718505,1.090499,0.343726,0.373666,0.242962,0.965568,-1.612052,1.442687,0.763440,-0.564764,-1.571823,1.298300,-0.759061,-1.383902,0.690027,0.338830,-0.055474,-0.650505,1.121756,0.177246,152.835615,1.433929,-1.801703,0.490745,0.234202,1.104816,-0.703148,-0.307792,0.227857,0.298997,0.375328,0.248330,0.778286,0.975244,-0.088033,0.528967
-0.118688,0.715171,2.055129,0.038306,0.447317,0.261221,-1.071791,0.375092,0.169565,0.025358,0.166714,0.530956,0.558428,0.010127,0.145799,0.108019,0.024368,0.965568,-1.180601,0.582809,0.074645,-0.081347,-1.070531,0.283429,-0.004955,-0.113349,0.690027,0.043386,-1.017088,-0.685057,0.124521,0.222371,631.906749,1.125927,-1.499668,0.058562,0.151837,1.541069,-0.297429,0.571674,0.127797,0.007243,0.224435,0.336955,0.194459,0.608626,0.201889,0.528967
0.327573,0.658496,1.759512,0.134878,0.556589,0.221367,-1.398402,0.292212,-0.110650,0.030368,0.148850,0.301591,0.800866,0.611729,0.320226,0.142598,0.118718,0.222210,-1.355116,1.058269,0.074645,-0.342680,-1.057802,0.353817,-1.008499,-0.440736,0.754887,0.142044,-1.148513,-0.685057,0.166045,0.181593,691.753654,1.229785,-1.662469,0.149830,0.126378,1.601308,-0.603004,-0.665387,0.467598,0.112671,0.284447,0.343401,0.513727,0.943327,-0.568357,0.309809
0.327573,0.526761,0.422911,0.214275,0.502695,0.307127,-1.609666,0.493040,0.251912,0.229731,0.485156,0.179680,0.800866,0.611729,0.300037,0.376347,0.291732,0.167951,-1.664173,1.079247,1.170016,-0.342680,-1.451067,0.431454,-1.008499,-0.440736,0.754887,0.261696,-1.148513,-0.356536,0.365614,0.706474,222.989731,1.461332,-1.557176,0.524099,0.159706,1.294236,-0.926714,-0.893788,0.571729,0.204449,0.303193,0.548055,0.899599,0.943327,-0.568357,0.309523
0.292795,0.588024,0.364947,0.180551,0.293535,0.269834,-1.312318,0.619564,0.251912,0.267415,0.397402,0.320241,0.290351,1.518190,0.195869,0.284705,0.288796,0.447562,-1.239200,0.906443,1.170016,-0.749094,-1.507519,0.510421,-0.159123,-1.362359,0.721347,0.267903,-0.471706,-0.783937,0.260216,0.689342,158.012212,1.126171,-1.632863,0.337341,0.211929,1.194772,-0.826534,-0.790488,0.544267,0.248496,0.240442,0.267496,0.911323,0.294782,0.183833,0.496705
0.292795,0.958181,0.346424,0.052023,0.297478,0.178462,-1.310983,0.071653,-0.371222,0.011959,0.075814,0.310793,0.370091,0.004576,0.176279,0.099463,0.042361,0.437543,-1.277895,0.840776,0.161541,-0.218362,-1.174555,0.439847,0.049559,-0.075398,0.721347,0.063742,-0.495472,-0.540861,0.125516,0.109102,158.203200,1.271237,-1.611502,0.033468,0.129964,1.220182,-0.285792,0.711586,0.072667,0.007410,0.289741,0.033763,0.227049,0.247592,0.433782,0.496705
0.293696,0.745076,0.324433,0.060639,0.389067,0.334275,-1.486073,0.637557,0.809337,0.043782,0.246172,0.144135,0.555325,0.327026,0.192565,0.114899,0.044540,0.437543,-1.398897,0.557605,0.095231,-0.075432,-1.511398,0.722905,-0.530784,-0.655564,0.638913,0.111500,-0.495472,-0.204889,0.358272,0.754706,190.010673,1.191907,-1.586856,0.091305,0.106929,1.127998,-0.353222,-0.334322,0.419464,0.069770,0.171163,0.381127,0.318106,0.267727,-0.219018,0.132719
0.454826,0.478328,0.306496,0.180937,0.334441,0.359155,-1.554424,0.617815,1.065861,0.064408,0.401081,0.166520,0.555325,0.327026,0.198149,0.193937,0.091273,0.621926,-1.594573,0.589939,0.095231,-0.585114,-1.482597,0.935795,-0.530784,-0.655564,0.638913,0.085516,-0.402453,-0.111349,0.373125,0.717099,187.169461,1.397856,-1.807688,0.292835,0.136707,1.057384,-0.514025,-0.445266,0.539174,0.076842,0.218015,0.560818,0.318106,0.498260,-0.219018,0.276569
0.308096,0.340121,0.296841,0.206083,0.217295,0.297971,-1.458198,0.665448,1.073461,0.167913,0.270835,0.319252,0.540618,0.684324,0.249494,0.343882,0.280208,0.900798,-1.134376,0.738381,0.055832,-0.585114,-1.856041,0.935795,-0.687975,-1.084085,0.505163,0.147839,0.700933,-0.448555,0.497514,1.054869,147.798467,0.999967,-1.879945,0.258959,0.169170,1.005324,-0.514025,-0.445266,0.369474,0.201528,0.250006,0.097360,1.032003,0.498526,0.246159,0.335486
0.170330,0.445510,0.830201,0.263275,0.367771,0.225501,-1.659418,0.247525,1.073461,0.148302,0.483158,0.545712,0.646022,0.684324,0.283123,0.403667,0.283589,0.900798,-1.638109,0.738381,0.075401,-0.788791,-1.526396,0.592090,-0.687975,-1.084085,0.839082,0.300390,0.110403,-0.712537,0.497514,0.617103,267.842030,1.351170,-1.634555,0.255794,0.310495,1.384617,-0.469317,-0.015006,0.160795,0.189594,0.424105,0.325671,1.032003,0.493547,-0.966701,0.687612
