feat_3,feat_12,feat_33,feat_155,feat_187,feat_245,feat_37,feat_5,feat_19,feat_180,feat_185,feat_255,feat_189,feat_149,feat_230,feat_175,feat_145,feat_254,feat_39,feat_169,feat_164,feat_213,feat_107,feat_194,feat_163,feat_198,feat_229,feat_205,feat_18,feat_223,feat_139,feat_25,feat_36,feat_40,feat_127,feat_190,feat_210,feat_28,feat_158,feat_13,feat_15,feat_150,feat_250,feat_20,feat_144,feat_239,feat_218,feat_209
0.532987,0.958922,0.486556,0.248845,0.274709,0.157365,-0.832587,0.017484,-0.255288,0.005042,0.304732,1.987610,0.289854,-0.990214,0.049393,0.028544,0.115463,0.496137,-0.772825,-2.113317,0.932766,-0.120440,-0.731070,-0.172182,0.338253,-2.695470,1.795872,0.010030,-0.304208,-1.451730,1.735301,0.091086,208.006435,0.973221,-1.185483,0.005016,0.078695,0.949231,-0.373884,0.938714,0.011515,0.047881,3.510226,0.013103,3.039050,-17.137773,-0.382148,1.761181
0.540643,0.943132,0.488754,0.017949,0.268054,0.050840,-0.831029,0.022545,-0.180230,0.005042,0.020350,0.035960,0.272844,-0.431147,0.049393,0.028544,0.115463,0.091963,-0.764323,-0.783974,0.384055,-0.119205,-0.639599,-0.193948,0.348322,-1.506883,1.219148,0.010030,-0.314630,-0.333418,1.084865,0.042658,207.429181,0.952873,-1.247727,0.003607,0.078695,0.845512,-0.315881,0.929160,0.006391,0.047881,0.114177,0.041535,1.690877,-8.592426,-0.021773,0.842323
0.546430,0.972508,0.506560,0.009216,0.274619,0.016755,-0.745868,0.022504,-0.243738,0.004034,0.006641,0.014585,0.277621,0.127920,0.039524,0.022841,0.092394,0.052380,-0.685180,0.545368,0.403856,-0.081497,-0.617891,-0.184045,0.378257,-0.247840,0.608238,0.008026,-0.288781,-0.328541,0.395874,0.139056,174.847683,0.873356,-1.125944,0.001101,0.062972,0.921629,-0.316934,0.958880,0.007120,0.038314,0.034413,0.012296,0.262789,-0.047080,-0.010570,-0.131001
0.567295,0.983738,0.516493,0.001863,0.275463,0.018966,-0.833206,0.020544,-0.248712,0.002789,0.003218,0.044443,0.283218,0.167173,0.017199,0.003344,0.002399,0.161862,-0.763114,0.641726,0.382244,-0.099463,-0.643404,-0.185974,0.376191,0.098394,0.434768,0.005451,-0.302572,-0.361816,0.203010,0.164023,173.969271,0.993064,-1.255494,0.003117,0.007929,0.875118,-0.317132,0.966919,0.007782,0.000697,0.058900,0.012905,-0.142962,0.566448,-0.037434,-0.398164
-0.552586,0.857276,1.738908,0.299382,0.581199,0.390341,-1.402278,0.613478,0.045359,0.249401,0.239298,0.346730,1.189327,1.750261,0.560816,0.387339,0.547708,0.591201,-1.312370,0.732378,1.182709,-0.416337,-1.224034,0.957297,-0.604487,-1.140679,0.849265,0.286262,-1.142279,-0.932454,0.448640,0.496596,622.911089,1.335886,-1.271307,0.236639,0.360105,1.813984,-0.699766,-1.000724,0.572385,0.296570,0.657192,0.330604,2.234157,1.768694,-1.504998,0.740006
-0.552586,0.872411,1.065761,0.346789,0.774933,0.314417,-1.304434,0.535672,1.453971,0.324044,0.441184,0.512684,1.189327,1.750261,0.616541,0.462676,0.674102,1.138736,-1.247166,1.044067,1.182709,-1.551056,-1.229712,1.201075,-0.604487,-1.140679,1.083655,0.308631,-1.142279,-1.476695,0.448640,0.673585,383.443539,1.267264,-1.292251,0.832957,0.470734,0.716799,-1.108021,-1.454258,0.950869,0.285053,0.810276,0.964034,2.234157,1.768694,-1.504998,0.740006
-0.161629,0.476169,0.523086,0.551659,0.838636,0.477293,-1.305223,0.200128,1.453971,0.406054,0.540545,0.449100,1.033019,1.684875,0.697810,0.457998,0.703827,1.513609,-1.204871,1.179147,1.003380,-1.551056,-0.980423,1.201075,-0.352861,-2.918144,1.083655,0.523596,0.711477,-1.476695,0.717210,1.023123,164.683563,1.291999,-1.264950,0.875196,0.745719,0.935621,-1.108021,-1.453003,0.635828,0.487622,0.918270,0.213268,1.276685,1.682194,-2.312574,1.392221
-0.161629,0.416861,1.644652,0.386983,0.606372,0.524485,-1.207679,0.305685,1.430403,0.242187,0.501315,0.751714,1.033019,1.684875,0.768506,0.436596,0.550487,1.513609,-1.065843,1.145970,1.003380,-0.754517,-0.856388,0.028739,0.014266,-1.159679,1.442059,0.470612,-0.559352,-1.173917,0.717210,0.966506,502.577517,1.176750,-1.255849,0.202996,0.427853,1.354137,-0.339474,0.003727,0.396268,0.319353,1.058965,0.614514,0.700011,1.682194,-0.864114,0.782723
-1.067727,0.608462,1.996517,0.689916,0.635072,0.336502,-1.298480,0.555435,1.032408,0.274525,0.386988,0.594905,1.283311,1.443730,0.710110,0.501169,0.887295,0.712934,-1.260184,0.708281,2.379782,-0.669514,-1.173706,0.232873,-2.168525,-1.188242,1.442059,0.563513,-1.142033,-0.786819,0.327857,0.612578,788.392708,1.272073,-1.260608,0.211122,0.394332,2.090344,-0.902547,-0.753733,0.500301,0.310703,1.056855,0.685996,5.241531,1.654469,-1.431286,1.020755
-1.067727,0.742985,1.685479,0.720860,0.791185,0.307999,-1.347093,0.561649,1.012345,0.334531,0.582798,0.899930,1.283311,1.443730,0.787987,0.583093,0.979173,2.583567,-1.288489,1.027456,2.379782,-1.148970,-1.202830,1.057041,-2.168525,-1.188242,1.685957,0.558017,-1.142033,-1.584275,0.388300,0.702286,675.023044,1.314467,-1.289176,0.849686,0.491082,2.021243,-1.233679,-1.195196,0.827624,0.304690,0.898718,0.768069,5.241531,1.654469,-1.431286,1.020755
-0.553531,0.534277,0.512634,0.761707,0.866570,0.430051,-1.360237,0.323679,1.021332,0.722681,0.818075,0.833296,1.180269,0.930823,0.842186,0.569109,0.771208,2.583567,-1.183935,1.409270,1.929815,-3.113113,-1.055365,1.057041,-0.482328,-3.353887,1.685957,0.828865,0.117934,-1.720683,2.400671,0.650719,169.674719,1.232709,-1.270253,0.904019,0.685535,1.000672,-1.233679,-1.195196,0.634838,0.555060,0.605989,0.218508,2.859670,1.609885,-2.741074,1.391542
-0.553531,0.540446,1.432877,0.511579,0.626438,0.711493,-1.443119,0.366588,1.021332,0.624249,0.829824,0.857454,1.180269,0.930823,0.850055,0.602891,0.721822,0.953593,-1.341455,1.186655,1.929815,-3.113113,-0.837804,0.494096,-0.433761,-3.353887,1.621546,0.828894,-0.566054,-1.720683,2.400671,0.928293,464.839426,1.354301,-1.082353,0.228146,0.521257,1.274451,-0.541221,0.152369,0.352136,0.401453,1.102247,0.493951,2.859670,1.605882,-0.974156,1.391542
-0.796967,0.632700,1.944709,0.919196,0.665330,0.450104,-1.329553,0.494669,0.841306,0.304681,0.505638,0.928625,1.271775,1.657763,0.843513,0.591429,0.972702,2.145083,-1.229088,0.885146,2.623062,-0.782804,-1.023715,0.494096,-3.501066,-1.219797,1.621546,0.589114,-1.163599,-1.103611,0.395799,0.768611,751.695820,1.322531,-1.412236,0.227028,0.439331,2.273546,-0.879495,-0.940637,0.524660,0.297644,1.297170,0.673574,4.522486,2.023804,-1.457746,1.329665
-0.796967,0.800648,1.625477,0.955689,0.835802,0.455701,-1.290081,0.493191,0.969329,0.347659,0.650937,0.903428,1.271775,1.657763,0.832973,0.591014,1.080784,2.471569,-1.165933,1.137779,2.623062,-1.319939,-0.955323,0.878880,-3.501066,-1.219797,1.461953,0.543253,-1.163599,-1.809047,0.470918,0.861752,610.921469,1.288990,-1.450177,0.896178,0.520981,2.027199,-1.099654,-1.427955,0.891583,0.292996,1.026388,0.785325,4.522486,2.023804,-1.457746,1.329665
-0.254178,0.477429,0.669766,0.578461,0.941850,0.422968,-1.291960,0.275389,0.976901,0.610155,0.769822,0.600161,1.291861,1.514835,0.784031,0.621170,1.205819,2.466005,-1.170430,1.694297,2.811718,-2.550892,-1.247185,0.878880,-0.711990,-3.404548,1.461953,0.942729,0.346182,-1.809047,2.006519,0.999443,227.882114,1.254121,-1.380849,0.975946,0.812091,1.311408,-1.099654,-1.330267,0.622941,0.573268,0.695049,0.174904,4.053013,1.831236,-2.549946,1.980792
-0.254178,0.331899,1.413596,0.303500,0.620163,0.596957,-1.224524,0.276220,0.976901,0.467049,0.714236,0.720385,1.291861,1.514835,0.848480,0.599683,1.151050,1.447723,-1.137270,1.274182,2.811718,-2.550892,-0.970485,0.767660,-0.711990,-3.203677,1.655401,0.760967,-0.825916,-1.825344,2.006519,0.902052,533.323975,1.180565,-1.202410,0.256062,0.420662,1.749852,-0.375416,-0.079661,0.363241,0.266367,1.649061,0.518866,4.053013,1.831236,-0.659831,0.817813
-1.420355,0.554311,1.783916,0.690557,0.608713,0.667362,-1.215041,0.699422,0.643835,0.324881,0.458476,0.701566,1.362706,1.338280,0.901741,0.564249,0.728423,1.377453,-1.199903,0.763711,1.020978,-1.327321,-1.139925,-0.320643,-1.010186,-1.248431,1.655401,0.661726,-1.473081,-1.825344,0.539194,0.781189,775.086624,1.245317,-1.248624,0.224192,0.435131,1.779070,-0.778900,-0.898699,0.510598,0.232750,2.045412,0.618786,2.846636,2.425868,-1.482209,0.982056
-1.420355,0.851062,1.138002,0.805011,0.785981,0.871404,-1.385707,0.665765,1.411281,0.378065,0.546141,1.090370,1.362706,1.338280,0.750104,0.498831,0.716846,2.894534,-1.228484,1.085416,2.018311,-1.327321,-1.202009,1.441452,-1.010186,-1.248431,1.207677,0.669347,-1.473081,-1.339551,0.539194,0.819500,460.072437,1.297772,-1.234509,0.844409,0.540160,1.699417,-1.277741,-1.557969,0.912136,0.225444,1.423424,1.056079,2.846636,2.425868,-1.482209,0.982056
-0.525700,0.503339,0.939118,0.745460,0.898604,0.687155,-1.393860,0.305645,1.411281,0.678943,0.793575,0.683866,1.575420,2.469712,0.744329,0.669537,1.497751,1.864360,-1.320752,1.411666,3.239326,-2.262184,-1.170495,1.441452,-0.575219,-3.600026,1.207677,1.088225,0.241109,-1.402972,2.161879,1.278917,334.187514,1.333719,-1.369640,0.943514,0.807084,1.351459,-1.277741,-1.393315,0.602078,0.564632,0.769430,0.320533,4.538225,1.521672,-1.547957,1.464245
-0.525700,0.347145,1.851534,0.376706,0.538770,0.704935,-1.188831,0.317646,0.971261,0.385156,0.671535,0.718001,1.575420,1.662227,0.742872,0.564769,1.180186,1.864360,-1.061049,1.411666,2.868727,-1.307291,-0.857334,0.783260,-0.515112,-3.303884,1.067247,0.903671,-0.532189,-1.402972,1.256172,1.321470,616.154895,1.162113,-1.212463,0.281456,0.415115,1.385288,-0.397465,-0.495377,0.413523,0.223278,0.797029,0.494371,4.538225,0.726898,-0.298390,0.050250
-1.388945,0.531943,2.248432,0.752081,0.521785,0.628817,-1.299598,0.659478,0.695707,0.280537,0.397466,0.923061,1.081720,1.255830,0.635869,0.575442,0.784302,2.349453,-1.144219,0.853082,0.844655,-1.648713,-1.264335,-0.357249,-1.136532,-1.141430,1.067247,0.775532,-1.175362,-1.289073,0.497679,1.181125,926.286225,1.282671,-1.324058,0.210612,0.436856,1.804251,-0.857050,-1.057018,0.554491,0.231904,1.191062,0.567676,2.637941,1.583145,-1.381715,0.793182
-1.388945,0.776413,1.398839,0.889720,0.730954,0.716036,-1.302818,0.626772,1.423833,0.347202,0.450414,1.274327,1.081720,1.255830,0.605046,0.662246,1.042306,3.623945,-1.139898,1.000559,1.844492,-1.648713,-1.341135,1.498758,-1.136532,-1.141430,1.053372,0.801253,-1.175362,-1.289073,0.497679,0.897488,558.223620,1.266535,-1.333213,0.791637,0.583902,1.487821,-1.162055,-1.459931,0.845339,0.218626,1.087435,0.936052,2.637941,1.583145,-1.381715,0.793182
-0.243511,0.543759,0.504051,0.944600,0.875481,0.489399,-1.230471,0.253164,1.423833,0.573411,0.629718,0.728408,1.191069,1.101431,0.556273,1.072504,2.080507,2.971522,-1.046497,1.476382,3.705641,-3.595006,-1.106253,1.787336,-0.884926,-4.234404,1.053372,1.002025,0.645955,-2.164694,2.434391,0.482139,162.742894,1.144483,-1.306269,0.898673,0.756803,0.797424,-1.162055,-1.317462,0.652380,0.502895,0.678845,0.207482,7.910492,1.600678,-1.647882,1.848716
-0.243511,0.499456,1.662836,0.549445,0.610480,0.562390,-1.213400,0.299234,1.249703,0.474600,0.685368,1.022239,1.191069,1.101431,0.694619,0.756650,1.723793,2.031398,-1.110475,0.881349,3.705641,-3.595006,-0.870465,0.356379,-0.884926,-4.234404,1.482526,0.982393,-0.525333,-2.164694,2.434391,0.799601,540.852379,1.167186,-1.076646,0.209999,0.359329,1.258245,-0.411316,0.001956,0.354023,0.194085,1.194061,0.581162,7.910492,1.600678,-1.074933,0.253258
-1.444358,0.633462,1.906006,0.595467,0.618418,0.690853,-1.258206,0.665314,1.249703,0.299065,0.450788,0.822653,1.291971,1.309058,0.689844,0.581234,0.707587,1.937456,-1.133979,0.799916,1.161468,-0.704197,-1.033905,0.187142,-1.949917,-1.141891,1.482526,0.511417,-1.147973,-1.097824,0.512045,0.785220,776.198259,1.189398,-1.165807,0.209880,0.381316,1.687185,-0.979794,-0.871342,0.530307,0.269044,1.219300,0.658120,3.412847,1.844045,-1.292240,0.694954
-1.444358,0.742092,1.263100,0.667471,0.773719,0.311261,-1.372193,0.650390,1.076428,0.346236,0.492912,0.879332,1.291971,1.309058,0.692913,0.520416,0.714897,2.825022,-1.230602,1.012905,1.450988,-1.139674,-1.116034,1.100745,-1.949917,-1.141891,1.360807,0.495408,-1.147973,-1.698767,0.512045,0.764196,521.645748,1.307610,-1.333353,0.834962,0.485817,1.583037,-1.143347,-1.199682,0.819004,0.265700,0.710072,0.791580,3.412847,1.844045,-1.292240,0.694954
-0.542430,0.478222,0.488179,0.639880,0.874615,0.377696,-1.303498,0.308756,1.194942,0.638247,0.709452,0.720240,1.128294,1.224641,0.754139,0.461675,0.878706,2.824776,-1.148667,1.510696,2.007777,-2.958447,-0.936102,1.100745,-0.239218,-3.307556,1.360807,0.948743,0.403197,-1.698767,2.348812,0.624386,157.477870,1.264559,-1.388917,0.907390,0.734943,0.899055,-1.143347,-1.181799,0.588587,0.535995,0.703919,0.187195,2.607466,1.972190,-2.566496,1.801127
-0.542430,0.507544,1.496920,0.363824,0.627403,0.514622,-1.166539,0.331107,1.194942,0.516207,0.718770,0.948603,1.128294,1.224641,0.806340,0.494963,0.794828,1.119287,-1.065662,1.160263,2.007777,-2.958447,-0.819002,0.315997,-0.239218,-3.307556,1.560989,0.885675,-0.659817,-1.371719,2.348812,0.697725,458.728869,1.119055,-1.157846,0.222976,0.377871,1.393943,-0.357398,0.054726,0.408032,0.168172,1.017334,0.606732,2.607466,1.972190,-1.037673,0.383561
-1.170225,0.656561,1.925286,0.735185,0.670429,0.453174,-1.283605,0.577764,0.993232,0.281730,0.413601,0.932010,1.402544,1.303758,0.784630,0.485158,0.861665,1.155291,-1.161438,0.812497,1.409267,-0.935856,-1.102824,0.134331,-2.852099,-1.361476,1.560989,0.573022,-1.383534,-1.194657,0.377076,0.853195,728.941489,1.258425,-1.261790,0.238322,0.416859,1.929717,-0.826582,-0.819834,0.525851,0.260335,1.306938,0.729199,4.377086,1.796925,-1.516099,0.903603
-1.170225,0.772828,1.317114,0.780712,0.844117,0.314297,-1.324585,0.571057,0.988622,0.307190,0.546211,0.796531,1.402544,1.303758,0.801051,0.577917,1.011555,1.169569,-1.119640,1.176245,1.409267,-1.169178,-1.152792,1.503603,-2.852099,-1.361476,1.548071,0.641715,-1.383534,-1.900657,0.472922,0.901393,511.660498,1.211823,-1.238214,0.907789,0.497774,1.502786,-1.185398,-1.284520,0.857960,0.267153,1.130940,0.873747,4.377086,1.796925,-1.516099,0.903603
-0.662580,0.492524,0.700815,0.828651,0.983829,0.576104,-1.406897,0.327668,1.376621,0.664284,0.777419,0.631597,1.450185,1.727193,0.925496,0.744932,1.138431,1.610865,-1.288026,2.001221,2.834581,-2.504716,-1.004675,1.503603,-0.403285,-4.816728,1.548071,0.839752,0.434389,-2.148515,2.367909,1.292907,220.538149,1.304233,-1.355888,1.022248,0.900353,1.261928,-1.185398,-1.284429,0.625656,0.639108,0.791026,0.257224,2.908794,1.800736,-3.755607,2.522192
-0.662580,0.350373,1.519504,0.387545,0.637473,0.719979,-1.204815,0.435684,1.376621,0.495072,0.755453,0.790583,1.450185,1.727193,0.825605,0.643197,1.032331,1.041169,-1.092811,1.635926,2.834581,-2.087400,-1.003275,0.793051,-0.403285,-1.790618,1.419875,0.724519,-0.608046,-1.394243,2.367909,0.968569,495.274993,1.150881,-1.344399,0.302386,0.518078,1.787645,-0.329165,-0.352963,0.435994,0.312755,1.290235,0.592136,2.908794,1.800736,-1.156767,1.012699
-1.445987,0.566656,1.838658,0.985514,0.619071,0.547486,-1.324629,0.678094,0.944983,0.280139,0.452400,0.705199,1.283944,1.426861,0.665382,0.413105,0.967475,1.041169,-1.279447,0.729700,2.204205,-0.864887,-1.095490,0.223097,-2.641088,-1.269030,1.419875,0.452800,-1.277194,-1.394243,0.389225,0.585669,766.262172,1.285052,-1.377162,0.233471,0.384521,1.852906,-0.961876,-0.907053,0.569817,0.260289,1.290660,0.704740,5.317923,1.974966,-1.445902,0.862581
-1.445987,0.748459,1.123242,1.010306,0.813119,0.370249,-1.291675,0.642136,1.049657,0.299974,0.513808,0.931743,1.283944,1.426861,0.738336,0.533465,1.068801,2.435656,-1.195338,1.159088,2.204205,-1.002737,-1.097303,0.838408,-2.641088,-1.269030,1.534377,0.423728,-1.277194,-1.634321,0.564595,0.702725,460.346666,1.255174,-1.373748,0.871313,0.465990,1.472126,-1.176127,-1.259851,0.815503,0.259371,0.910977,0.856965,5.317923,1.974966,-1.445902,0.862581
-0.479148,0.427199,0.585314,0.603346,0.959283,0.352833,-1.361451,0.310315,1.149402,0.568686,0.664676,0.583411,1.434141,1.492970,0.824336,0.712050,0.784827,1.279345,-1.138369,1.485213,2.506280,-1.462914,-0.957619,0.804788,-0.323551,-3.274606,1.534377,0.566895,0.574575,-1.861848,2.586430,1.254901,190.964145,1.295817,-1.431112,0.990938,0.745555,1.134370,-1.129765,-1.188426,0.518802,0.530304,0.666465,0.164895,1.394912,1.648620,-1.333069,2.051186
-0.479148,0.359329,1.371430,0.275888,0.615494,0.452387,-1.343255,0.465748,1.149402,0.444018,0.626238,0.811563,1.434141,1.492970,0.829041,0.620866,0.653048,1.086493,-1.176684,0.972069,2.506280,-1.462914,-0.864172,0.332503,-0.323551,-3.274606,1.573762,0.402150,-0.708316,-1.861848,2.586430,1.290220,449.250866,1.257623,-1.344761,0.285552,0.323681,0.677816,-0.345289,-0.446937,0.436746,0.263496,0.913568,0.603309,1.232178,1.348934,-0.207998,0.443734
-0.794981,0.657630,1.820862,0.547116,0.584239,0.597674,-1.374664,0.564789,0.449764,0.253913,0.251338,1.014167,1.310337,1.326433,0.858449,0.411032,0.660922,1.826578,-1.263647,1.147364,1.216958,-0.668778,-1.086872,0.678254,-2.285592,-1.330092,1.573762,0.534869,-1.498991,-1.156171,0.369232,0.870110,714.603360,1.306771,-1.343860,0.332377,0.409481,1.896947,-1.064067,-1.437170,0.724073,0.264907,1.221632,0.625637,3.143140,2.396756,-1.414785,0.792574
-0.794981,0.651860,1.149192,0.776671,0.784198,0.635728,-1.411997,0.463038,1.039006,0.607912,0.715424,0.957700,1.139637,1.771359,0.668385,0.770484,1.328329,1.848840,-1.268586,1.239180,2.890433,-1.790345,-1.021390,1.158372,-2.208418,-2.669631,1.024140,0.735260,-1.300022,-1.787320,2.072926,1.112377,467.035567,1.346753,-1.233578,0.850077,0.703392,1.755505,-1.165944,-1.459473,0.733040,0.488128,0.951330,0.597766,4.560256,1.079862,-1.684321,1.486686
0.093259,0.312302,1.190050,0.065573,0.330076,0.395959,-0.968759,0.087136,1.011339,0.044213,0.293131,0.561447,0.664392,0.174567,0.428723,0.235437,0.035113,0.709381,-0.941616,0.686940,0.443165,-0.851909,-0.789854,-0.150293,0.290182,-0.499057,0.744013,0.528881,-0.209955,-1.067907,0.211975,0.434357,434.574335,1.074589,-1.216394,0.095051,0.111172,1.501291,-0.326718,-0.421090,0.331639,0.004077,0.751027,0.408604,-0.059014,0.734824,-0.082830,-0.099690
0.435044,0.963706,1.169736,0.039747,0.274374,0.204860,-0.897259,0.055646,-0.181145,0.018511,0.054671,0.242430,0.321454,0.169866,0.248257,0.051575,0.036521,0.300353,-0.822422,0.694876,0.417723,-0.126904,-0.643989,-0.272540,0.305833,0.050910,1.119179,0.130063,-0.724255,-0.567087,0.210771,0.280234,379.035031,1.030146,-1.266436,0.031250,0.051753,1.798403,-0.327049,0.640605,0.094729,0.003083,0.466339,0.136861,-0.096596,0.669649,-0.020588,-0.244052
0.114459,0.829691,1.567646,0.984719,0.422259,0.361859,-1.116444,0.182854,0.704830,0.142257,0.262835,0.271049,0.754863,1.017307,0.189384,0.369108,0.647754,0.839237,-0.997806,0.925806,0.869344,-0.856063,-1.170092,-0.282574,-0.365580,-0.511059,0.642649,0.244763,-0.724255,-0.854842,0.234036,0.366671,630.922282,1.137785,-1.084590,0.148378,0.258278,1.810426,-0.475551,-0.929514,0.677031,0.141309,0.381252,0.385762,2.944669,0.960107,-1.127405,0.454456
0.114459,0.927768,1.449616,0.962045,0.400511,0.281453,-1.220721,0.186654,1.479589,0.143768,0.424297,0.255685,0.754863,1.017307,0.226428,0.391117,0.695611,1.103835,-1.059034,1.045265,1.607830,-0.938457,-1.244373,0.354236,-0.365580,-0.511059,0.698984,0.169976,-0.724255,-0.854842,0.256255,0.515291,581.993382,1.214828,-1.091069,0.289310,0.271142,1.780719,-0.772190,-1.527823,0.994116,0.145512,0.383049,0.746223,2.944669,0.960107,-1.127405,0.454456
0.114459,0.918772,0.476093,1.088800,0.424466,0.156180,-1.188362,0.172990,1.616621,0.170065,0.309158,0.245328,0.754863,1.017307,0.279120,0.315094,0.686631,1.103835,-0.908458,1.045265,2.078737,-1.042376,-1.327935,0.583174,-0.365580,-0.511059,0.869013,0.327133,-0.353373,-0.831488,0.256255,0.606124,149.572396,1.084555,-1.360761,0.463120,0.202240,0.984592,-0.802006,-1.527823,0.478595,0.169778,0.404506,0.586072,2.944669,1.263568,-0.906152,0.131375
-0.121200,0.763336,0.477529,0.753013,0.435125,0.208854,-1.177403,0.255755,1.616621,0.490778,0.379386,0.435305,0.966855,1.984106,0.396388,0.445128,1.297450,2.537946,-0.922432,1.125591,2.125699,-1.631879,-1.296526,0.583174,-0.571042,-3.232022,0.869013,0.509100,0.837528,-0.304519,1.864209,0.196546,155.409991,1.095916,-1.424778,0.496078,0.368876,0.860172,-0.802006,-1.527823,0.755149,0.353010,0.337867,0.209185,4.280141,1.322916,-0.852312,0.948397
-1.547816,0.248709,1.501049,0.878688,0.582960,0.376620,-1.020885,0.770353,0.893387,0.269375,0.421539,0.615093,1.212412,2.068625,0.449627,0.451971,1.837541,1.724608,-0.964934,0.922602,1.967104,-0.756411,-0.949241,0.710638,-1.707581,-1.347678,0.887640,0.580116,-0.089603,-0.662927,1.287396,0.378460,547.785999,1.070588,-1.171994,0.231443,0.270227,1.528810,-1.364615,-0.005144,0.216265,0.306437,0.792767,0.308333,9.052445,1.808876,-1.063539,0.671078
0.422983,0.325600,1.574874,0.102217,0.424739,0.635001,-1.072536,0.075184,0.670414,0.025597,0.147096,0.662701,0.556560,0.201382,0.286044,0.163686,0.114953,1.724608,-0.997772,0.670980,0.647645,-0.696777,-0.776750,0.131500,0.309720,-0.042246,0.836813,0.346884,-0.490939,-0.671880,0.243251,0.194279,574.234625,1.179355,-1.197406,0.050183,0.085337,1.577748,-0.321268,-0.005144,0.218747,0.010434,0.697021,0.342584,0.309605,0.853009,0.160555,0.019550
0.248159,0.463101,1.058879,0.565088,0.438538,0.727787,-1.286292,0.169217,0.417323,0.103801,0.241091,0.545219,0.744034,1.857250,0.319329,0.180042,0.361348,1.724608,-1.167762,1.161291,0.647645,-0.625447,-0.844370,0.818029,-0.115585,-0.678955,0.800018,0.260219,-0.566502,-0.671880,0.513589,0.232153,492.860601,1.267261,-1.301537,0.225485,0.248221,1.423836,-0.784723,-0.758033,0.471486,0.182194,0.480562,0.272678,0.981567,0.853009,-0.673597,0.080136
0.248159,0.472743,0.745232,0.710656,0.309874,0.557285,-1.247475,0.162839,0.751835,0.273452,0.258848,0.359526,0.707645,1.857250,0.180617,0.302091,0.716484,0.744861,-1.128165,1.161291,1.300165,-0.867900,-0.834497,0.822592,-0.115585,-0.707707,0.715376,0.219702,-0.473228,-0.816204,0.513589,0.284352,313.674980,1.201688,-1.203139,0.331894,0.227352,1.190350,-0.823214,-0.758076,0.496844,0.269992,0.446476,0.332118,3.089310,0.393524,-0.673597,0.022563
0.488131,0.791499,0.590026,0.031520,0.309944,0.120426,-1.501860,0.194516,0.018203,0.018504,0.069302,0.209933,0.359279,0.175633,0.112794,0.054441,0.029912,0.495815,-1.428292,0.694288,0.454233,-0.270692,-0.974580,-0.019313,0.347356,-0.187989,0.695651,0.146750,-0.203522,-0.816204,0.199039,0.204935,189.962458,1.389845,-1.262639,0.034804,0.046912,1.247520,-0.330228,0.584704,0.071644,0.005791,0.502041,0.062515,-0.058201,0.488902,0.003071,-0.249561
0.922390,0.824739,1.104534,0.032630,0.355924,0.134079,-1.509772,0.161332,0.003606,0.027196,0.058863,0.231115,0.474051,0.177111,0.273123,0.048127,0.035811,0.362398,-1.539938,0.687811,0.447783,-0.160684,-0.782397,-0.019313,0.305291,0.084493,0.803685,0.110432,-0.615407,-0.487001,0.218472,0.215939,360.540778,1.513514,-1.241722,0.025460,0.049549,1.657336,-0.330228,0.690367,0.127463,0.007312,0.337237,0.151042,0.063662,1.027830,0.024081,-0.324357
-0.447400,0.860882,2.215464,0.317697,0.582723,0.358102,-1.380284,0.595411,0.012156,0.254018,0.315571,0.257103,1.230777,1.765077,0.623442,0.381457,0.485577,0.249531,-1.234851,0.831502,0.777973,-0.318766,-1.288783,0.688497,-0.186573,-1.434718,0.803685,0.239312,-1.251540,-1.039590,0.491824,0.334669,807.182955,1.244137,-1.279324,0.241659,0.383339,1.999794,-0.677071,-0.932106,0.539906,0.278858,1.009916,0.394990,2.460270,1.563231,-2.004798,1.401158
-0.447400,0.880244,1.406923,0.562271,0.802735,0.319980,-1.390690,0.483445,1.706993,0.358368,0.433204,0.474254,1.230777,1.765077,0.711474,0.476368,0.631676,1.202116,-1.194339,0.981445,1.068062,-1.091697,-1.281918,0.890287,-0.388750,-1.434718,1.274366,0.329183,-1.251540,-1.553692,0.439162,0.677113,496.928816,1.274857,-1.327959,0.863746,0.493358,1.751321,-1.123988,-1.531389,0.977858,0.263905,1.031883,1.074113,2.460270,1.563231,-2.004798,1.401158
-0.372885,0.445966,0.586899,0.775785,0.873645,0.579035,-1.329572,0.334162,1.706993,0.489800,0.627223,0.645179,1.182141,1.564698,0.778581,0.546034,0.645672,1.666928,-1.133788,1.306002,1.431399,-1.091697,-1.267066,0.887995,-1.062577,-3.254166,1.274366,0.528480,0.718475,-1.553692,0.909477,1.141326,204.523436,1.180770,-1.433202,0.918291,0.802709,1.091886,-1.123988,-1.528028,0.624945,0.493644,0.938860,0.279382,1.799704,1.645807,-2.256173,1.495800
-0.372885,0.387638,1.493926,0.530233,0.559139,0.515826,-1.487961,0.409487,1.295243,0.197011,0.564945,0.929686,1.182141,1.564698,0.838737,0.414278,0.284603,1.666928,-1.408426,1.306002,1.431399,-1.018625,-0.970671,0.114062,-0.463131,-1.456600,1.361476,0.451106,-0.741575,-1.102902,0.454753,0.949337,480.565724,1.391607,-1.287511,0.237393,0.404578,1.725685,-0.349869,-0.064035,0.431178,0.230353,0.985676,0.626137,0.054140,1.233934,-0.438448,0.967583
-0.892182,0.627625,1.681808,0.716743,0.610110,0.378913,-1.467896,0.558449,0.844463,0.271579,0.366338,0.925558,1.230013,1.552767,0.786755,0.496630,0.863281,1.835588,-1.337639,0.788575,1.811257,-0.553778,-1.275616,0.472360,-2.462522,-1.446773,1.361476,0.362328,-1.240541,-1.102902,0.449833,0.830781,679.844664,1.355589,-1.471379,0.242842,0.399413,1.578506,-0.942600,-0.861143,0.549271,0.321204,1.138397,0.636235,5.001869,1.904361,-1.396897,0.911406
-0.892182,0.778979,1.385694,0.736867,0.792787,0.312040,-1.331665,0.551450,0.895342,0.338753,0.555480,0.969276,1.230013,1.552767,0.851687,0.542774,0.951079,2.235316,-1.175576,1.063979,1.811257,-1.336720,-1.271400,1.167119,-2.462522,-1.446773,1.766927,0.343948,-1.240541,-1.535546,0.505025,0.926713,534.201807,1.240487,-1.449372,0.848606,0.501063,1.406098,-1.098471,-1.263084,0.862752,0.307231,0.991430,0.767445,5.001869,1.904361,-1.396897,0.911406
-0.642873,0.472198,0.473265,0.606395,0.879264,0.524742,-1.253829,0.378722,1.129740,0.647106,0.792970,0.691348,1.339236,1.093143,0.849736,0.613418,0.673831,2.235316,-0.964505,1.188392,1.335804,-2.322344,-0.913624,1.167119,-1.129147,-2.110957,1.766927,0.648255,0.259502,-1.966823,2.554389,0.598140,148.057188,0.967490,-1.450969,0.917457,0.668150,0.935237,-1.098471,-1.253586,0.612333,0.528752,0.733247,0.210201,2.249228,1.469248,-2.301451,1.566743
-0.642873,0.382222,1.510318,0.457174,0.646803,0.537537,-1.349145,0.424905,1.129740,0.505132,0.749537,0.744357,1.339236,1.093143,0.809817,0.602591,0.577808,0.991553,-1.246840,0.851757,1.335804,-2.322344,-1.049883,0.340559,-1.129147,-2.110957,1.559338,0.589820,-0.652608,-1.966823,2.554389,0.714395,513.482777,1.203105,-1.197334,0.239482,0.379993,1.612138,-0.352375,-0.033584,0.378231,0.243304,0.858478,0.540024,2.249228,1.461796,-0.979277,0.730112
-1.134306,0.552534,1.879066,0.847259,0.644568,0.395486,-1.356764,0.615749,0.899260,0.298085,0.433444,0.672021,1.290495,1.290935,0.756284,0.486832,0.964289,1.096792,-1.293133,0.753492,1.929095,-0.923534,-1.209077,0.041185,-3.321186,-1.344037,1.559338,0.476609,-1.271458,-1.097718,0.343663,0.592844,825.503172,1.299355,-1.292033,0.203605,0.380324,1.765118,-0.851192,-0.840641,0.516601,0.267930,1.038847,0.711588,5.448886,2.056735,-1.392416,0.855525
-1.134306,0.820333,1.293339,0.922253,0.771242,0.416968,-1.317694,0.609590,1.138954,0.318626,0.593987,0.833542,1.290495,1.290935,0.673053,0.503236,0.968487,2.605824,-1.226564,1.071508,1.929095,-1.051441,-1.351029,0.699231,-3.321186,-1.344037,1.332170,0.486862,-1.271458,-1.643367,0.503982,0.733441,582.813547,1.238009,-1.288246,0.829109,0.473555,1.446670,-1.114556,-1.365742,0.892974,0.273049,0.819804,0.855059,5.448886,2.056735,-1.392416,0.855525
-0.447787,0.574227,0.671140,0.803345,0.911647,0.302482,-1.370715,0.309569,1.138954,0.753392,0.711858,0.799435,1.449942,1.697799,0.737721,0.637717,0.946524,2.605824,-1.270681,1.568550,2.483046,-2.842945,-1.206511,0.972233,-0.395116,-3.947701,1.332170,1.157451,0.337022,-2.118652,2.249395,0.720150,226.446053,1.337989,-1.403849,0.943526,0.818266,1.156174,-1.262637,-1.358280,0.708154,0.630946,0.701406,0.229203,2.118174,1.476588,-2.346745,2.211354
-0.447787,0.462584,1.839451,0.305463,0.649307,0.443847,-1.306252,0.320252,0.924835,0.630493,0.670100,0.693196,1.449942,1.697799,0.828858,0.613608,0.754962,1.453835,-1.128079,1.372511,2.483046,-2.842945,-0.844675,0.358071,-0.395116,-3.947701,1.636135,1.087301,-0.816209,-2.118652,2.249395,0.828250,607.170276,1.214631,-1.367959,0.266943,0.479415,1.960195,-0.350809,0.014276,0.379894,0.259852,1.150706,0.534779,2.118174,1.476588,-1.415098,1.009312
-1.761383,0.610668,2.220769,0.502969,0.639348,0.494646,-1.276717,0.741348,0.842943,0.303081,0.320246,0.606756,1.367046,1.125177,0.819006,0.528532,0.696343,1.453835,-1.127322,0.728942,1.107160,-1.210419,-1.195403,0.118325,-2.808378,-1.154484,1.636135,0.722744,-1.586096,-1.407768,0.432611,0.689019,899.984148,1.240908,-1.409694,0.214126,0.437043,1.915815,-0.858405,-0.768074,0.499641,0.236336,1.541791,0.745916,3.198003,1.871044,-1.455700,1.012403
-1.761383,0.789989,1.542309,0.711632,0.832493,0.623810,-1.356720,0.750456,1.312048,0.349112,0.533751,1.029623,1.367046,1.125177,0.751498,0.500045,0.751847,3.118908,-1.180579,1.203513,2.167431,-1.441418,-1.419824,0.370965,-2.808378,-1.178408,1.362814,0.659890,-1.586096,-1.516147,0.432611,0.799053,621.492741,1.253276,-1.401951,0.901095,0.571998,1.584899,-1.274182,-1.335251,0.868550,0.232581,1.387211,1.010629,3.198003,1.871044,-1.455700,1.012403
-1.149315,0.531949,1.991721,1.082064,1.026740,0.626308,-1.404243,0.656617,1.312048,0.534142,0.644609,0.700962,2.977376,2.327127,0.710817,0.906932,2.168312,2.971159,-1.268561,2.351647,2.167431,-1.966908,-1.382068,2.449477,-4.220378,-5.697220,1.362814,0.691977,0.346908,-1.516147,1.044975,1.305824,727.672593,1.332991,-1.301618,1.090278,0.705934,1.934471,-1.271884,-1.284677,0.650262,0.567907,0.894357,0.215842,9.031271,2.017761,-1.606489,1.190824
-1.144373,0.326318,2.795396,1.016151,0.613470,0.631623,-1.225752,0.625562,1.108521,0.443489,0.448465,0.683507,1.577699,2.327127,0.675037,0.753576,2.043050,2.489049,-1.079570,2.351647,1.887632,-1.856248,-1.193261,0.557913,-4.220378,-5.697220,1.185137,0.659138,-0.638840,-1.297769,1.044975,0.911407,974.333669,1.136485,-1.219649,0.327051,0.426900,1.179635,-1.093897,-0.299163,0.361065,0.341445,1.222072,0.551936,9.031271,1.380570,-1.606489,1.184447
-1.263027,0.509495,2.342825,0.687915,0.543586,0.564378,-1.221572,0.642457,1.107664,0.302931,0.334186,0.784371,1.172339,1.229006,0.804507,0.596307,0.735840,2.489049,-1.197548,0.867892,1.228863,-1.124472,-1.185367,0.075854,-1.762670,-2.354007,1.185137,0.656972,-1.269784,-1.297769,0.480242,0.544506,1014.351139,1.288034,-1.409326,0.216944,0.412261,1.715580,-0.844643,-0.908899,0.523415,0.224512,1.381755,0.718542,3.154952,1.589873,-1.244772,0.506854
-1.263027,0.764680,1.324509,0.805864,0.721093,0.688935,-1.259317,0.573608,1.302687,0.332255,0.464867,1.287882,1.172339,1.229006,0.753685,0.620533,0.865072,3.129718,-1.186079,0.956430,1.840611,-1.519660,-1.486094,1.086667,-1.762670,-1.131625,1.086531,0.683930,-1.269784,-1.385146,0.480242,0.716652,546.993417,1.316082,-1.341911,0.782145,0.528344,1.573694,-1.129026,-1.288807,0.821522,0.232626,1.023283,0.916025,3.154952,1.589873,-1.244772,0.506854
-0.155735,0.545940,0.596199,0.808380,0.878818,0.559952,-1.409848,0.245524,1.302687,0.633864,0.530656,0.787574,1.257701,1.827870,0.574651,0.807454,1.979596,2.892904,-1.229273,1.555322,3.750422,-3.570197,-1.374277,1.373077,-1.115343,-4.169970,1.086531,0.843143,0.517063,-1.979853,2.152059,0.861712,195.883602,1.276893,-1.263243,0.900606,0.745453,0.945093,-1.129026,-1.205682,0.646810,0.542873,0.584769,0.204882,7.428247,1.364143,-1.543153,2.148816
-0.155735,0.518677,1.853159,0.536295,0.603503,0.503085,-1.454827,0.221066,1.145063,0.517664,0.616120,0.813979,1.257701,1.827870,0.650082,0.616460,1.778644,2.215264,-1.318737,1.088419,3.750422,-3.570197,-1.010080,0.461713,-1.115343,-4.169970,1.474778,0.851521,-0.579787,-1.979853,2.152059,0.589334,605.099843,1.351691,-1.353728,0.230711,0.378868,1.486152,-0.407846,0.054460,0.372554,0.238743,1.225928,0.598966,7.428247,1.364143,-1.038073,0.453151
-1.541527,0.647285,2.085337,0.550979,0.604166,0.540554,-1.261276,0.656796,1.080374,0.270802,0.357980,0.646434,1.167925,1.199006,0.667893,0.504829,0.686627,1.727534,-1.218498,0.702235,0.910341,-0.705631,-1.177735,0.094917,-1.068880,-1.177505,1.474778,0.520852,-1.181728,-1.129566,0.424132,0.593152,844.952979,1.301357,-1.369140,0.196626,0.324531,1.583683,-0.873356,-0.723752,0.502475,0.206436,1.350388,0.622114,2.665984,1.499938,-1.184264,0.786282
-1.541527,0.749373,1.296595,0.593328,0.744753,0.267871,-1.375062,0.654641,1.351194,0.298995,0.427176,0.713725,1.167925,1.199006,0.649404,0.419424,0.657523,2.004101,-1.298050,0.990146,1.316826,-1.297452,-1.399342,1.204517,-1.068880,-1.177505,1.140986,0.511616,-1.181728,-1.496336,0.424132,0.611795,499.508877,1.338977,-1.340790,0.803149,0.430219,1.239564,-1.114747,-1.108197,0.812169,0.219757,0.838980,0.879152,2.665984,1.499938,-1.184264,0.786282
-0.547435,0.510736,0.486140,0.580459,0.906073,0.300938,-1.342608,0.310703,1.351194,0.675711,0.526157,0.612255,1.337954,1.715222,0.636980,0.481896,0.743831,1.882551,-1.102425,1.520234,1.662348,-2.509522,-1.258280,1.204517,-0.470935,-2.328632,1.140986,0.887779,0.405534,-1.496336,2.033440,0.718974,153.935636,1.130266,-1.305214,0.938743,0.786223,0.973719,-1.114747,-1.106366,0.631628,0.586929,0.556515,0.251059,2.030013,1.240117,-2.339683,1.891387
-0.547435,0.404811,1.553993,0.338324,0.645162,0.434942,-1.438365,0.418766,1.090410,0.540314,0.584542,0.918609,1.337954,1.715222,0.736927,0.514852,0.611311,1.045052,-1.298957,1.035377,1.662348,-2.509522,-1.031576,0.209407,-0.470935,-2.324206,1.527523,0.793727,-0.668419,-1.363337,2.033440,0.733387,488.856974,1.295518,-1.399206,0.252331,0.371252,0.833687,-0.335361,-0.034909,0.380067,0.207712,0.824590,0.561414,2.030013,1.224281,-0.946388,0.649120
-1.349549,0.572295,1.837606,0.546408,0.642611,0.463631,-1.329216,0.672848,0.977214,0.305856,0.469404,0.883845,1.291893,1.468352,0.756402,0.471819,0.600612,1.187013,-1.245973,0.801110,1.126342,-0.842700,-1.176874,0.209407,-0.916047,-1.363225,1.527523,0.553683,-1.394878,-1.008795,0.420467,0.540114,729.995968,1.296750,-1.366008,0.231188,0.361032,1.792162,-0.864629,-0.840474,0.515830,0.259549,0.976551,0.709590,2.088176,1.848954,-1.466534,0.650695
-1.349549,0.725833,1.044983,0.621983,0.838301,0.352702,-1.268966,0.604322,0.997009,0.331160,0.507519,0.782021,1.291893,1.468352,0.785538,0.582527,0.827979,1.245578,-1.195509,1.167872,1.126342,-1.183077,-1.169433,1.254317,-0.916047,-1.363225,1.595499,0.632251,-1.394878,-1.814135,0.420467,0.720408,414.553312,1.197255,-1.232284,0.902874,0.463858,1.534359,-1.145668,-1.306661,0.807382,0.265373,0.895790,0.900869,2.088176,1.848954,-1.494689,0.650695
-0.412005,0.446520,0.709131,0.760320,0.983577,0.485819,-1.366076,0.253188,1.435899,0.622598,0.910006,0.679705,1.286959,1.317474,0.789025,0.708628,1.182155,1.285510,-1.303716,1.685695,2.808773,-3.251381,-1.220255,1.175783,-0.491640,-4.844871,1.595499,1.021841,0.440866,-1.814135,2.293957,1.366275,242.370616,1.291855,-1.199042,1.015291,0.836238,1.433047,-1.145668,-1.155358,0.538356,0.564841,0.825350,0.236212,3.589692,1.911039,-1.676683,2.455490
-0.412005,0.344245,1.305869,0.289524,0.636553,0.490936,-1.373615,0.393763,1.435899,0.536881,0.925119,0.610562,1.286959,1.317474,0.733504,0.591357,0.884657,1.061032,-1.216280,1.443203,2.808773,-3.251381,-0.994140,0.758079,-0.491640,-4.844871,1.340494,0.876389,-0.532564,-1.297282,2.293957,1.224793,452.350709,1.292578,-1.039381,0.274340,0.358581,1.575832,-0.338453,-0.483514,0.410006,0.260640,0.888755,0.551475,3.589692,1.743438,-1.402713,1.397606
-0.898073,0.512415,1.482694,0.668369,0.620517,0.584975,-1.308674,0.548129,1.231234,0.228057,0.441638,0.643484,1.262422,1.277140,0.647265,0.396051,0.885016,1.191972,-1.167023,0.759212,1.712582,-0.435905,-1.047224,0.277886,-2.440071,-1.291967,1.340494,0.524054,-1.509399,-0.809381,0.432779,0.923039,607.276435,1.254716,-1.295460,0.223029,0.363094,1.790089,-0.729770,-0.855636,0.528022,0.266628,1.064590,0.782764,4.463299,1.894770,-1.407057,0.730387
-0.898073,0.734961,0.843105,0.694312,0.813989,0.468999,-1.372407,0.490786,0.916027,0.247852,0.480626,0.746124,1.262422,1.277140,0.675576,0.717895,1.253481,1.191972,-1.311383,1.080252,1.712582,-1.233395,-1.171416,1.814129,-2.440071,-1.291967,1.378453,0.615456,-1.509399,-1.918753,0.432779,0.941808,336.532550,1.380012,-1.394943,0.874641,0.449957,1.287047,-1.129142,-1.313260,0.792853,0.274318,0.923251,0.903832,4.463299,1.894770,-1.407057,0.730387
-0.551780,0.419401,0.523428,0.761441,0.936873,0.514419,-1.349454,0.343381,1.247962,0.632572,0.791070,0.641885,1.231129,1.739348,0.785888,0.918278,1.237804,1.188780,-1.250234,1.517659,2.967576,-2.701439,-1.369703,1.524514,-0.521239,-4.109312,1.378453,0.744263,0.496525,-1.918753,2.586453,1.275521,172.147432,1.298103,-1.454097,0.973665,0.744669,0.991178,-1.127357,-1.225555,0.521873,0.532228,0.648173,0.230041,2.014185,1.734610,-1.479724,2.144314
-0.551780,0.371124,1.197058,0.400031,0.580113,0.434934,-0.968354,0.444318,1.247962,0.308136,0.744403,0.513822,1.231129,1.739348,0.829534,0.548552,0.870627,0.301396,-0.724858,0.963819,2.967576,-2.701439,-0.923526,0.466485,-0.442598,-4.109312,1.503210,0.553479,-0.620785,-1.677094,2.340893,0.938216,372.622131,0.868013,-1.325783,0.244547,0.317649,1.865341,-0.340959,-0.344149,0.451416,0.223860,0.876061,0.621400,2.014185,1.359238,-0.144719,0.355972
-0.993807,0.794429,1.471983,0.671365,0.600118,0.446601,-1.300448,0.625318,0.436324,0.287983,0.338151,0.827011,1.261132,1.255990,0.800396,0.495486,0.676456,1.859083,-1.212124,1.310554,1.826380,-0.810517,-1.127577,0.204903,-2.586591,-1.434562,1.503210,0.452213,-1.360280,-1.276032,0.410486,0.518754,596.053271,1.274973,-1.410646,0.343758,0.390806,2.091867,-0.947909,-1.876451,0.916862,0.237828,1.021098,0.553465,3.487005,2.093689,-1.405032,0.667721
-0.843292,0.785773,0.943889,0.660815,0.768557,0.544344,-1.406752,0.315955,1.037857,0.649665,0.949009,0.644360,1.106691,2.071884,0.697183,0.837621,0.874947,1.859083,-1.277834,1.446013,2.467627,-1.482330,-1.206248,0.917115,-1.241178,-4.025652,1.203135,0.879665,-0.574856,-1.638719,2.593095,0.659027,391.895384,1.347470,-1.419901,0.833603,0.706389,1.536648,-1.183843,-1.876451,0.889853,0.466561,0.814846,0.352442,1.716672,1.387921,-1.734366,1.905095
0.260497,0.360594,0.585538,0.033240,0.286216,0.392537,-0.901512,0.031220,0.952236,0.025110,0.236970,0.372450,0.403401,0.176760,0.231164,0.143179,0.019604,1.065831,-0.804410,0.669210,0.423523,-0.942406,-0.744048,-0.067722,0.349395,-0.206121,0.685463,0.210413,-0.082795,-0.777869,0.203673,0.222386,201.668247,1.022484,-1.294487,0.030986,0.075862,1.157087,-0.326967,-0.383007,0.361256,0.002694,0.834532,0.291198,-0.034833,0.636708,0.238837,-0.095776
0.398197,0.994037,1.443282,0.040316,0.310246,0.254361,-0.898068,0.075139,-0.156280,0.028610,0.076370,0.174331,0.348991,0.172472,0.172044,0.065010,0.034898,0.407012,-0.817887,0.682131,0.384286,-0.179936,-0.775298,-0.238822,0.201954,-0.016113,0.939855,0.102974,-0.581525,-0.579122,0.208134,0.132814,437.445150,0.997712,-1.267576,0.021078,0.079214,1.911294,-0.324601,0.931805,0.028077,0.002824,0.433489,0.112095,-0.019904,0.658971,-0.019270,-0.246586
-0.015516,0.813414,1.544886,0.977723,0.430587,0.435674,-1.156075,0.217399,0.804578,0.137399,0.339574,0.184671,0.795860,1.012453,0.181565,0.425520,0.533408,0.771621,-1.061344,1.074547,0.925914,-0.983155,-1.219267,-0.238822,-0.169972,-0.680246,0.758862,0.286380,-0.581525,-0.790330,0.247896,0.279716,604.185657,1.196564,-1.258200,0.156580,0.271378,1.964687,-0.535832,-1.116207,0.735132,0.149478,0.481838,0.347967,2.366748,1.165575,-0.865649,0.284036
-0.015516,0.895900,1.225959,0.958285,0.410595,0.217188,-1.103812,0.230120,1.362572,0.138374,0.375146,0.286421,0.795860,1.012453,0.266091,0.431997,0.581385,1.282917,-0.979123,1.088066,1.396451,-1.081084,-1.277786,0.418013,-0.169972,-0.680246,0.798082,0.215390,-0.580910,-0.790330,0.255669,0.411381,476.069925,1.128188,-1.225028,0.339937,0.283886,1.774071,-0.788574,-1.378680,0.940521,0.151621,0.379944,0.665025,2.366748,1.165575,-0.865649,0.284036
-0.015516,0.865039,0.470711,1.103282,0.404523,0.227939,-1.213225,0.180944,1.505489,0.217850,0.284448,0.286819,0.795860,1.012453,0.285557,0.419530,0.604859,1.282917,-1.113017,1.088066,2.436544,-1.119199,-1.226813,1.105001,-0.169972,-0.680246,0.798082,0.435861,-0.241353,-0.589456,0.255669,0.486945,150.999244,1.256186,-1.511716,0.453672,0.309647,0.848869,-0.828052,-1.378680,0.494483,0.224552,0.333633,0.510392,2.366748,1.165575,-0.865649,0.303655
-0.190453,0.688656,0.477378,0.747667,0.454435,0.225298,-1.299483,0.212954,1.517942,0.544616,0.277935,0.364856,0.884220,1.288978,0.471047,0.468579,1.509207,1.720092,-1.266960,1.022071,2.436544,-1.985340,-1.209819,1.105001,-0.119880,-3.279197,0.798082,0.497678,0.905388,-1.350503,2.494627,0.568820,154.121185,1.273120,-1.530896,0.514815,0.391869,0.855671,-0.828052,-1.378680,0.724276,0.321691,0.252242,0.187031,5.595498,1.411150,-0.754955,0.652390
0.105542,0.737160,1.056752,0.272806,0.382679,0.472121,-1.047653,0.250932,0.956046,0.295628,0.357580,0.570690,0.605625,1.221798,0.146740,0.269477,0.508326,1.958035,-0.924840,1.329747,1.535560,-0.940819,-0.888349,0.495045,0.047740,-0.338313,0.751594,0.274562,-0.118028,-0.859765,0.315971,0.440539,428.625533,1.037869,-1.166618,0.424756,0.290558,1.335021,-0.953816,-1.323990,0.811646,0.199926,0.569172,0.338334,2.026495,0.481362,-0.976345,0.102831
0.204336,1.014679,0.569540,0.040443,0.318384,0.131571,-1.357397,0.226758,0.127717,0.035275,0.053635,0.231835,0.386860,0.171907,0.057135,0.053158,0.033652,0.526828,-1.184081,0.683116,0.435897,-0.263639,-1.097105,-0.021894,0.324918,0.019949,0.530188,0.095722,-0.282719,-0.367370,0.206762,0.301839,184.577219,1.344685,-1.115564,0.036855,0.079143,1.186604,-0.325795,0.685810,0.133654,0.004805,0.525286,0.142628,-0.051104,0.838569,-0.180306,-0.253582
0.995194,0.684733,0.969414,0.059621,0.336045,0.173805,-1.394997,0.163642,0.184107,0.043135,0.045452,0.179171,0.397950,0.196099,0.207059,0.064421,0.056555,0.504654,-1.326281,0.767247,0.452832,-0.238553,-0.871864,-0.067526,0.305562,-0.174676,0.822911,0.119622,-0.430482,-0.604671,0.242827,0.217393,301.656184,1.322501,-1.232308,0.045473,0.122908,1.661964,-0.332316,0.520423,0.165461,0.010756,0.445225,0.155216,0.118735,0.909084,0.003646,0.064093
-0.996726,0.881227,2.330839,0.456356,0.556562,0.412221,-1.412082,0.731913,0.145832,0.261301,0.337578,0.429486,1.201946,1.863805,0.591538,0.420514,0.544246,0.786303,-1.337192,0.994262,1.933881,-0.536425,-1.498632,0.983202,-0.262634,-1.203072,1.061433,0.404099,-1.412717,-0.992704,0.494290,0.401690,916.255532,1.352809,-1.460572,0.235392,0.327367,2.207295,-0.820718,-0.760317,0.501172,0.316493,0.767859,0.502327,2.122291,1.438405,-1.502447,0.568695
-0.996726,0.829934,1.532148,0.501444,0.768103,0.443086,-1.415200,0.601687,1.464652,0.332806,0.427205,0.463420,1.201946,1.863805,0.744672,0.574925,0.795548,0.969998,-1.387785,0.928876,1.933881,-1.162010,-1.509088,1.197754,-0.550091,-1.203072,1.421491,0.524352,-1.412717,-1.080936,0.494290,0.692286,609.680423,1.373175,-1.504859,0.830116,0.432536,0.937696,-1.106914,-1.315413,0.924723,0.305326,0.769754,1.067092,2.122291,1.438405,-1.502447,0.568695
-0.555313,0.442152,0.513031,0.544084,0.869521,0.512842,-1.364058,0.403332,1.589427,0.553237,0.556933,0.823264,1.170088,1.797751,0.901468,0.636498,0.819248,1.549987,-1.231656,1.090283,1.874987,-1.640439,-1.203239,1.197754,-0.550091,-1.931337,1.421491,0.830676,0.536866,-1.213677,1.496977,1.250073,160.060887,1.347934,-1.525698,0.911699,0.725952,1.031442,-1.106914,-1.307318,0.566121,0.479023,1.183800,0.265408,1.673670,1.396881,-1.809935,1.256743
-0.555313,0.416486,1.585656,0.361166,0.612774,0.494934,-1.424503,0.395115,1.589427,0.393554,0.568788,0.931224,1.170088,1.797751,0.851295,0.557033,0.443901,1.549987,-1.349844,0.864792,1.874987,-1.438617,-0.941253,0.131187,0.008584,-1.820433,1.460879,0.647016,-0.693685,-1.367561,1.496977,0.984465,506.058700,1.340695,-1.455469,0.236873,0.465815,0.834977,-0.334945,-0.116407,0.473914,0.286781,1.503176,0.697440,0.897286,1.396881,-1.151803,1.256743
-0.964391,0.643484,1.994878,0.438630,0.639113,0.422737,-1.424840,0.492541,1.282534,0.285000,0.341486,0.580210,1.314717,1.300146,0.767967,0.430495,0.671939,1.359963,-1.386630,0.843479,1.677103,-0.537019,-1.248069,0.156451,-1.974122,-1.213670,1.460879,0.479944,-1.346333,-1.367561,0.346355,0.592091,791.359822,1.365286,-1.455870,0.228556,0.376603,1.690895,-0.779100,-0.831981,0.559315,0.259538,1.435918,0.811541,3.128876,1.497988,-1.408127,1.079134
-0.964391,0.780217,1.396206,0.465860,0.790737,0.317585,-1.238374,0.488935,0.963995,0.321546,0.491134,0.775466,1.314717,1.300146,0.753297,0.509556,0.828574,1.720135,-1.086478,0.991816,1.677103,-1.077485,-1.219948,1.331839,-1.974122,-1.213670,1.322739,0.365174,-1.346333,-1.378927,0.363566,0.765308,553.632469,1.117998,-1.373092,0.846091,0.467198,1.378242,-1.089885,-1.155023,0.860826,0.254106,0.711794,0.815373,3.128876,1.497988,-1.408127,1.079134
-0.688098,0.477370,0.526214,0.886861,0.881658,0.495414,-1.202985,0.385609,1.096228,0.654223,0.835224,0.558840,1.402544,1.052236,0.812545,0.649898,1.038681,1.686855,-1.307184,1.557776,1.867875,-2.607823,-0.988274,1.331839,-1.549262,-3.298674,1.322739,0.866080,0.277577,-1.756696,2.432525,0.862385,171.548752,1.213027,-1.434977,0.919146,0.765984,1.077037,-1.144424,-1.141430,0.593902,0.621805,0.974865,0.199260,5.090332,1.311205,-2.492554,1.885181
-0.688098,0.457470,1.432326,0.606900,0.625722,0.746070,-1.199793,0.405614,1.096228,0.492845,0.817573,0.819974,1.402544,1.052236,0.835416,0.613098,0.959863,1.388663,-1.251208,1.552189,1.867875,-2.607823,-0.963084,0.544682,-1.549262,-3.298674,1.510047,0.767252,-0.849918,-1.756696,2.432525,0.627538,468.865642,1.211178,-1.389130,0.245324,0.439144,1.224441,-0.352168,0.044339,0.380707,0.200565,1.325730,0.586116,5.090332,1.100135,-0.705614,0.664499
-1.130542,0.631571,1.731771,0.893145,0.648814,0.530662,-1.254270,0.593503,0.822526,0.298483,0.412257,0.769104,1.323311,1.373524,0.832344,0.442403,0.888932,1.367950,-1.120281,0.770104,2.046315,-0.401814,-1.008624,0.165792,-3.240943,-1.276876,1.510047,0.441510,-1.428609,-1.015728,0.473495,0.769220,701.102063,1.212805,-1.326365,0.226013,0.377968,1.957987,-0.888788,-0.891612,0.531236,0.274682,1.343891,0.706402,5.269488,1.939462,-1.461270,0.788589
-1.130542,0.769393,1.308051,0.907197,0.836569,0.441082,-1.376540,0.596110,1.066455,0.335592,0.593232,0.790876,1.323311,1.373524,0.771995,0.556757,0.987877,2.121484,-1.197603,1.110646,2.046315,-1.140202,-1.000759,0.983773,-3.240943,-1.276876,1.361119,0.379248,-1.428609,-1.647979,0.495975,0.755886,505.608614,1.288931,-1.390903,0.901531,0.472831,1.372987,-1.154604,-1.206204,0.841930,0.281485,0.885884,0.907460,5.269488,1.939462,-1.461270,0.788589
-0.570837,0.448193,0.528453,0.712534,0.944710,0.515168,-1.358215,0.344207,1.091791,0.753317,0.766114,0.759258,1.177880,1.481399,0.793464,0.906539,1.100113,2.105153,-1.306486,1.734090,3.197203,-2.919107,-1.254417,0.983773,-0.939527,-3.638716,1.361119,0.922796,0.378236,-2.010658,2.613396,1.046766,173.063519,1.293189,-1.448833,0.981418,0.801160,1.026641,-1.154604,-1.166670,0.587338,0.588427,0.732817,0.205465,3.317019,2.044422,-3.096768,2.378008
-0.570837,0.372351,1.491790,0.402963,0.601370,0.486598,-1.208096,0.327402,1.091791,0.605108,0.674999,0.826112,1.177880,1.481399,0.833936,0.838794,1.032611,2.105153,-1.055245,1.349833,3.197203,-2.520835,-1.056368,0.730440,-0.939527,-3.638716,1.640035,0.674922,-0.899366,-2.010658,2.613396,0.745759,479.316798,1.142364,-1.338767,0.239095,0.385631,1.529793,-0.379634,-0.081778,0.404687,0.211575,1.156306,0.618675,3.317019,2.044422,-1.120244,0.533885
-1.285477,0.594324,2.148032,0.649270,0.612730,0.490931,-1.260612,0.610931,0.889901,0.305657,0.383120,0.638013,1.251599,1.526011,0.855702,0.537030,0.737821,1.966815,-1.134223,0.690545,0.970581,-1.086259,-1.220954,-0.366749,-1.248791,-1.344160,1.640035,0.626534,-1.517774,-2.010658,0.491690,0.713087,846.567531,1.241648,-1.477218,0.223780,0.419181,2.069620,-0.786547,-0.857768,0.519860,0.252754,1.391464,0.696563,3.116613,1.944625,-1.364013,0.963603
-1.285477,0.752627,1.449647,0.884798,0.842692,0.801050,-1.300864,0.623267,1.236367,0.362289,0.405376,1.139802,1.251599,1.526011,0.719165,0.475795,0.755802,3.426300,-1.178041,1.020831,2.028791,-1.391406,-1.408969,1.698357,-1.248791,-1.344160,1.154443,0.675223,-1.517774,-1.812922,0.491690,0.906875,565.979945,1.269526,-1.530779,0.904176,0.564384,1.849392,-1.204859,-1.313428,0.837528,0.241618,1.122176,1.027867,3.116613,1.944625,-1.364013,0.963603
-0.367764,0.430762,0.836894,1.111363,0.949534,0.705219,-1.324463,0.298648,1.236367,0.638428,0.782624,1.396895,1.209999,2.492473,0.628880,1.001408,2.388788,3.300482,-1.161223,1.903355,4.721698,-3.495434,-1.351303,1.698357,-2.012638,-4.583405,1.154443,1.702937,0.362140,-1.812922,2.199629,1.125930,282.162738,1.298973,-1.440361,0.987837,0.936394,1.577496,-1.204859,-1.163114,0.535457,0.625099,0.934608,0.238090,9.053374,2.057425,-2.982053,3.252761
-0.367764,0.378601,1.283607,0.902303,0.561652,0.752832,-1.105848,0.352276,1.024652,0.534825,0.767280,1.393591,1.209999,2.492473,0.742856,0.915889,2.254881,3.300482,-1.002644,1.535857,4.721698,-3.495434,-1.131192,0.401343,-2.012638,-4.583405,1.404680,1.599042,-0.693959,-1.597482,2.199629,1.137019,437.694426,1.149120,-1.369204,0.256685,0.505963,1.588832,-0.589799,-0.256785,0.409267,0.340456,1.451866,0.530073,9.053374,2.057425,-1.278944,1.335045
-1.053025,0.586058,1.306777,0.718934,0.550776,0.669990,-1.079475,0.655444,0.843648,0.293126,0.411815,0.935495,0.970774,1.278783,0.767222,0.605583,0.652677,2.880934,-0.951306,1.062890,1.552337,-1.291235,-1.321151,-0.003423,-2.045678,-1.461263,1.404680,0.606506,-1.151092,-1.496882,0.420005,0.910839,555.278961,1.068564,-1.467826,0.224448,0.371439,2.018846,-0.754994,-1.198396,0.599979,0.247877,1.416056,0.524920,2.873591,2.170864,-1.363804,0.660339
-1.053025,0.836398,0.915045,0.979830,0.761442,0.813999,-1.239884,0.657971,1.229991,0.343076,0.471034,0.958689,0.970774,1.278783,0.620913,0.706788,0.863173,3.036410,-1.214250,1.068093,2.083753,-1.291235,-1.494297,1.891330,-2.045678,-1.461263,0.936701,0.629654,-1.151092,-1.496882,0.420005,1.058765,388.190544,1.282310,-1.321197,0.825138,0.488869,1.758249,-1.146851,-1.555491,0.885372,0.230575,0.938732,0.892974,2.873591,2.170864,-1.363804,0.660339
-0.077139,0.505971,0.754471,1.508093,0.917746,0.613687,-1.294694,0.218030,1.229991,0.697015,0.651330,0.540653,1.385418,1.877606,0.610100,1.029434,2.514549,2.249364,-1.135640,1.652679,4.118400,-3.222824,-1.254132,1.949220,-2.097101,-4.201149,0.916116,1.254567,0.560931,-2.091192,1.769172,0.552504,253.284011,1.224320,-1.304996,0.955831,0.820145,1.428823,-1.146851,-1.416420,0.643930,0.648700,1.119390,0.179820,9.057087,1.990074,-2.192587,2.619055
-0.077139,0.423235,1.788831,1.278818,0.596994,0.620417,-1.296166,0.251392,1.116165,0.556567,0.684724,0.821185,1.385418,1.877606,0.717878,0.738375,2.345138,1.536733,-1.186437,1.010910,4.118400,-3.222824,-0.860935,0.873178,-2.097101,-4.201149,1.338209,1.237359,-0.625351,-2.091192,1.769172,0.600409,575.818308,1.275755,-1.257695,0.270310,0.411783,0.961886,-0.493674,-0.083874,0.398365,0.324895,1.481600,0.590593,9.057087,1.990074,-1.322097,0.624848
-1.356824,0.619727,2.378172,0.549780,0.596019,0.581647,-1.360403,0.636950,1.063234,0.247488,0.260919,0.837159,1.190960,1.330495,0.640189,0.443817,0.633148,2.041154,-1.252300,0.791284,0.947669,-0.564600,-1.210788,0.069615,-1.308890,-1.079453,1.338209,0.462412,-1.286078,-1.157277,0.349489,0.571311,963.174000,1.357719,-1.431018,0.206736,0.339594,1.954097,-0.839593,-0.704086,0.500570,0.219762,1.403541,0.651708,2.858586,1.626409,-1.197032,0.953738
-1.356824,0.752694,1.652934,0.605553,0.773748,0.286718,-1.319832,0.618861,1.300834,0.289109,0.412565,0.763050,1.190960,1.330495,0.638966,0.405391,0.598356,2.054174,-1.177527,0.974889,1.437205,-1.396369,-1.404515,0.774771,-1.308890,-1.079453,1.188611,0.479379,-1.286078,-1.759856,0.349489,0.556605,664.535526,1.296606,-1.409313,0.838192,0.476351,1.810922,-1.160851,-1.119984,0.816800,0.226633,0.884934,0.899505,2.858586,1.626409,-1.197032,0.953738
-0.452770,0.490556,0.518293,0.623808,0.928558,0.316153,-1.389069,0.293292,1.300834,0.605528,0.670004,0.703238,1.227152,1.728285,0.667652,0.536128,1.370899,1.886947,-1.082909,1.422231,2.845099,-2.146253,-1.258451,0.774771,-0.817589,-2.691929,1.188611,0.883115,0.400459,-1.759856,2.392430,0.813114,170.690477,1.065302,-1.392912,0.961130,0.773715,1.028034,-1.160851,-1.116494,0.611256,0.544162,0.432241,0.237168,5.132410,1.486931,-2.421110,2.289827
-0.452770,0.356657,1.673948,0.460197,0.641918,0.556201,-1.479218,0.404167,1.250804,0.449096,0.610329,0.873879,1.227152,1.728285,0.689201,0.522514,1.350085,1.534824,-1.294973,1.153612,2.845099,-2.140653,-1.007526,0.245131,-0.817589,-2.691929,1.401073,0.721351,-0.647610,-1.132427,2.392430,0.704382,513.954732,1.246530,-1.318849,0.235330,0.298709,1.520825,-0.383823,-0.124098,0.378339,0.216159,0.853181,0.599599,5.132410,1.486931,-1.057775,0.605637
-0.955228,0.547653,2.146593,0.537985,0.649529,0.495102,-1.243881,0.593787,1.149174,0.243278,0.329604,0.793265,1.333833,1.306919,0.717216,0.425192,0.711304,1.313373,-1.094333,0.663288,1.158360,-1.016596,-0.964269,0.056884,-1.790502,-1.338654,1.401073,0.607593,-1.420190,-1.132427,0.419771,0.670016,827.126272,1.103591,-1.361668,0.214432,0.348483,1.893500,-0.713064,-0.834809,0.497008,0.235660,1.176721,0.757453,3.673151,1.659239,-1.458606,0.664097
-0.955228,0.802565,1.277490,0.611202,0.816656,0.323417,-1.327623,0.546207,1.186834,0.256060,0.431569,0.739114,1.333833,1.306919,0.768788,0.529389,0.846573,1.313373,-1.200067,1.181703,1.158360,-1.016596,-1.056472,1.022583,-1.790502,-1.338654,1.441100,0.649663,-1.420190,-1.179116,0.419771,0.849174,500.181877,1.274493,-1.184499,0.876632,0.453737,1.044445,-1.120169,-1.565025,0.889000,0.240267,0.987076,0.982940,3.673151,1.659239,-1.458606,0.664097
-0.347527,0.529246,0.522622,0.829398,0.972982,0.529999,-1.366249,0.265412,1.422504,0.618381,0.723706,0.602850,1.456482,1.758011,0.798187,0.694545,1.325073,1.226746,-1.322092,1.681719,2.256006,-2.534491,-1.205138,1.022583,-0.580110,-3.690122,1.441100,0.820469,0.509625,-1.663877,2.582485,1.224568,174.196348,1.325623,-1.388572,1.003416,0.837417,1.077766,-1.120169,-1.520454,0.671287,0.561724,0.815152,0.245614,2.904045,1.693043,-2.465886,2.745877
-0.347527,0.333466,1.673750,0.538431,0.649243,0.489511,-1.025143,0.404788,1.422504,0.496938,0.706903,0.750290,1.456482,1.758011,0.710927,0.608097,1.263434,1.226746,-0.615288,1.526455,2.256006,-2.534491,-1.007906,0.401770,-0.580110,-3.690122,1.452718,0.726373,-0.477780,-1.359975,2.582485,0.850322,522.233937,0.614157,-1.361804,0.276709,0.421880,2.083747,-0.368282,-0.451371,0.400417,0.256175,0.993386,0.616447,2.904045,1.672367,-0.765738,1.032724
-0.684699,0.521978,1.941555,0.316782,0.618643,0.479647,-1.414501,0.486469,1.256181,0.217289,0.368252,0.653112,1.205260,1.421475,0.762672,0.352686,0.554773,0.818143,-1.327123,0.815293,1.200208,-0.516020,-1.103217,0.643768,-0.975170,-1.567244,1.452718,0.551660,-1.434917,-1.162553,0.307289,0.635606,737.801804,1.358315,-1.321306,0.215054,0.309811,2.044834,-0.691017,-0.745740,0.515973,0.240246,1.048010,0.824190,2.454615,1.761682,-1.154579,0.584040
-0.684699,0.716606,0.872658,0.452346,0.770721,0.441527,-1.357102,0.383655,1.301489,0.243775,0.422463,0.709490,1.205260,1.421475,0.831336,0.665082,1.018140,1.420692,-1.192890,0.915541,1.282872,-1.194508,-1.085507,2.107184,-0.975170,-1.247837,1.552464,0.659653,-1.434917,-1.429694,0.309361,0.975895,339.233537,1.343187,-1.409016,0.825432,0.360768,0.970141,-1.048468,-1.270273,0.763499,0.227495,0.872922,0.999610,2.454615,1.761682,-1.279536,0.584040
-0.686906,0.440264,0.581462,0.708327,0.920800,0.734439,-1.374248,0.331176,1.435317,0.557691,0.545941,0.710654,1.424125,0.932956,0.704601,0.689170,1.124018,1.420692,-1.211624,1.618099,1.671091,-1.485118,-1.280598,1.335086,-0.882329,-3.719854,1.422078,0.609693,0.680612,-1.429694,2.610698,1.405962,181.017139,1.341480,-1.498703,0.951354,0.742639,1.187473,-1.048468,-1.095533,0.497163,0.440929,0.676921,0.235632,2.148250,1.786243,-1.238384,1.677781
-0.686906,0.404551,1.294258,0.462497,0.739494,0.739753,-1.391420,0.687247,1.435317,0.253630,0.528852,0.558048,1.424125,0.695069,0.788949,0.434711,0.896877,0.383809,-1.256191,1.618099,1.671091,-1.485118,-1.042916,0.296168,0.026606,-3.719854,1.529806,0.464863,-0.033525,-0.995432,0.242445,0.942367,400.394427,1.250693,-1.310429,0.210650,0.392600,1.913947,-0.330779,-0.598013,0.126748,0.103550,0.739769,0.512720,2.148250,0.930390,-0.082742,1.052478
-1.554449,0.465751,2.092126,0.820594,0.555146,0.477073,-1.347722,1.018410,0.486719,0.273282,0.498014,0.947718,0.927752,0.999510,0.800821,0.650639,0.828745,1.723256,-1.267079,1.118331,2.841753,-2.090703,-1.328255,1.038763,-2.654118,-1.133204,1.529806,1.025850,-1.523524,-1.591586,0.357637,0.650548,784.881800,1.357572,-1.446734,0.251589,0.332715,2.073960,-1.075492,-1.651402,0.542003,0.207382,1.199969,0.668399,4.707656,1.846042,-1.385963,0.205384
-0.591098,0.697624,0.801922,0.570974,0.805488,0.490433,-1.419406,0.468503,1.322010,0.582783,0.892426,0.393860,1.258773,1.791139,0.761322,0.761032,0.814720,1.713972,-1.324438,1.570261,2.922997,-1.897579,-1.313949,1.407426,-1.100095,-4.238455,1.138976,0.593977,-0.345409,-1.755654,2.612851,1.216693,346.117692,1.391412,-1.293641,0.873598,0.715335,1.583816,-1.127274,-1.651402,0.785455,0.455989,0.495790,0.372311,2.117574,1.254340,-1.783852,1.586486
0.307018,0.407645,1.009734,0.030835,0.266731,0.563717,-1.007049,0.038954,0.943021,0.021942,0.088346,0.247842,0.370646,0.188819,0.266787,0.086510,0.022933,0.528947,-0.966234,0.678422,0.453966,-0.269666,-0.716254,0.000918,0.343648,-0.177888,0.700168,0.130551,-0.278926,-0.763496,0.222173,0.582462,370.532084,1.137939,-1.201631,0.024412,0.081394,1.520111,-0.332512,-0.390136,0.367892,0.006492,0.762999,0.329668,-0.089001,0.641748,0.234200,-0.126758
0.406148,1.042002,0.512099,0.022447,0.290989,0.119122,-0.868356,0.065852,-0.345383,0.017560,0.048369,0.231768,0.316454,0.171478,0.078345,0.041181,0.012251,0.519253,-0.785590,0.671208,0.378217,-0.171758,-0.744450,-0.209597,0.327488,0.035871,0.733064,0.072314,-0.441989,-0.468709,0.206993,0.217578,171.464648,0.991304,-1.434076,0.011714,0.039551,0.992001,-0.327692,1.019629,0.014007,0.002134,0.314800,0.027504,-0.087853,0.615341,-0.057026,-0.338841
0.545057,0.841462,0.925304,0.131711,0.401596,0.322283,-1.055875,0.217309,-0.047333,0.039522,0.142207,0.124993,0.819811,0.269249,0.240666,0.123662,0.073667,0.318895,-1.040333,0.675197,0.386023,-0.224594,-1.257991,-0.239028,-0.012400,-0.775381,0.597245,0.133221,-0.444422,-0.864685,0.289808,0.296074,389.984377,1.152444,-1.198465,0.177347,0.245699,1.691080,-0.327692,-0.554900,0.388694,0.031238,0.575951,0.096876,0.342227,0.560174,-0.624997,0.311350
0.430189,0.889539,0.903168,0.770690,0.408644,0.367225,-1.208261,0.234737,1.171431,0.090744,0.578798,0.378874,0.819811,1.117523,0.304483,0.370283,0.415530,1.299495,-1.152338,1.026582,1.517462,-1.370322,-1.358509,-0.278452,-0.044776,-0.775381,0.931289,0.419239,-0.405404,-0.864685,0.351207,0.424037,376.450919,1.257256,-1.168648,0.244912,0.292713,1.677235,-0.685612,-1.531088,0.961697,0.159920,0.472593,0.470444,1.241031,0.818545,-0.847977,0.311350
0.388027,0.950995,0.476681,0.747303,0.388556,0.159143,-1.226096,0.164757,1.521681,0.145892,0.523559,0.419521,0.819811,1.117523,0.243774,0.317378,0.380709,1.299495,-1.128585,1.026582,1.787052,-1.370322,-1.481376,0.752626,-0.044776,-0.534389,0.931289,0.504520,-0.131576,-0.764178,0.351207,0.491497,160.989758,1.241908,-1.202555,0.438493,0.180863,0.849961,-0.775561,-1.531088,0.461544,0.185393,0.431898,0.561762,1.241031,1.306464,-0.847977,0.042555
-0.044323,0.642511,0.484263,0.713042,0.438104,0.408359,-1.412401,0.283684,1.521681,0.512184,0.523973,0.684598,0.843062,2.113439,0.430413,0.658725,1.475585,2.819665,-1.222121,1.031839,2.168349,-2.304660,-1.355410,0.752626,-0.591229,-3.764663,0.931289,0.538860,0.943055,-1.059437,2.121249,0.334314,160.191833,1.380526,-1.147913,0.480314,0.354994,0.946099,-0.775561,-1.531088,0.734683,0.404694,0.538526,0.122952,5.428136,1.442242,-0.606804,0.526313
0.119078,0.700621,0.816073,0.412391,0.374940,0.553490,-1.241488,0.224284,0.692760,0.305112,0.482085,0.503708,0.523075,1.393809,0.284321,0.270613,0.472042,1.607498,-1.207316,1.385153,1.872461,-1.031307,-0.740884,0.677126,-0.131911,-0.624944,0.709265,0.345053,-0.077907,-0.818262,0.592524,0.537996,342.283552,1.273511,-1.277852,0.416396,0.323878,1.508700,-1.038123,-1.570750,0.812510,0.232898,0.845326,0.248056,1.546395,0.409616,-1.149457,-0.035838
0.287626,1.005549,0.507150,0.021067,0.318032,0.055660,-1.017705,0.131105,-0.115925,0.029633,0.041321,0.348886,0.343376,0.169721,0.034440,0.028559,0.016763,0.439769,-0.917090,0.656303,0.398613,-0.182597,-0.768183,-0.022999,0.341982,0.001033,0.453063,0.092542,-0.276178,-0.359701,0.203253,0.156456,169.904272,1.025770,-1.236822,0.018219,0.066175,1.002996,-0.323634,0.893985,0.049152,0.001143,0.440279,0.041869,-0.078362,0.557598,-0.034354,-0.229479
0.815721,0.827003,1.244240,0.064499,0.338420,0.120048,-1.526922,0.167089,0.047783,0.025312,0.095854,0.284171,0.386255,0.202907,0.212476,0.080384,0.058885,0.500944,-1.523540,0.716150,0.490902,-0.209920,-0.956874,0.014625,0.156263,0.086123,0.706971,0.120344,-0.426241,-0.432131,0.267831,0.088541,368.519988,1.481563,-1.257407,0.024576,0.041880,2.166317,-0.330054,0.733754,0.096587,0.009076,0.375939,0.117714,0.101072,1.270858,-0.037783,-0.312268
-0.589740,0.867761,2.554711,0.307564,0.552742,0.315313,-1.424851,0.613959,-0.085250,0.207951,0.265107,0.351631,1.083641,1.793917,0.550697,0.409927,0.560875,0.939351,-1.375152,0.724114,1.303154,-0.814487,-1.611474,0.737542,-1.064563,-1.120208,0.743097,0.423504,-1.301106,-1.089033,0.478153,0.709275,1005.688035,1.413785,-1.404956,0.203573,0.292367,1.952884,-0.674410,-0.767317,0.468330,0.282997,0.704077,0.397196,2.256223,1.418142,-1.439343,0.557175
-0.589740,0.813940,1.509515,0.326190,0.746141,0.356760,-1.477132,0.507873,1.780114,0.282131,0.336399,0.384989,1.083641,1.793917,0.652849,0.529718,0.751228,0.939351,-1.320708,0.885648,1.303154,-0.814487,-1.572959,0.998119,-1.064563,-1.120208,1.118108,0.488022,-1.301106,-1.190735,0.478153,0.865096,632.236385,1.447118,-1.282533,0.810078,0.405813,1.459232,-1.110603,-1.301041,0.898657,0.266312,1.007216,1.134592,2.256223,1.418142,-1.439343,0.557175
-0.388483,0.440103,0.520402,0.497287,0.870891,0.421294,-1.573479,0.339391,1.780114,0.537725,0.518404,0.527426,1.113838,1.360966,0.705052,0.551889,0.989091,1.161039,-1.500264,0.988724,1.955292,-1.048701,-1.193895,0.995572,-0.630081,-2.528510,1.118108,0.443092,0.849246,-1.913257,1.836477,1.017100,168.269962,1.417248,-1.372292,0.910499,0.673810,1.049385,-1.110603,-1.267609,0.560281,0.438298,0.692350,0.223832,2.322407,1.273407,-2.078563,1.380515
-0.388483,0.374385,1.911724,0.370294,0.594052,0.344856,-1.296817,0.364332,1.624394,0.387163,0.522521,0.669973,1.113838,1.360966,0.817603,0.462111,0.837841,1.161039,-0.910247,0.988724,1.955292,-0.604795,-0.892362,0.159524,-0.630081,-2.528510,1.403793,0.392118,-0.534909,-0.925432,1.836477,0.689226,593.168141,0.811583,-1.226860,0.217977,0.281175,1.547566,-0.358775,-0.175621,0.452312,0.239412,0.708265,0.713785,2.322407,1.187450,-1.152680,0.660405
-1.003703,0.610270,1.990911,0.540038,0.613974,0.348443,-1.332729,0.523615,1.369958,0.312254,0.392903,0.426290,1.277352,1.721238,0.831340,0.473211,0.760521,0.652251,-1.344765,1.099849,1.983574,-0.550891,-1.464892,0.760034,-1.870638,-1.632220,1.403793,0.419437,-1.163977,-0.925432,0.440489,0.490262,830.682402,1.307240,-1.319859,0.236892,0.366714,1.977483,-0.837479,-0.913712,0.564276,0.311223,0.907920,0.746565,4.349052,1.830018,-1.460136,0.896108
-1.003703,0.727441,1.341163,0.566067,0.785678,0.336384,-1.343312,0.496441,1.077743,0.363804,0.487780,0.661980,1.277352,1.721238,0.866925,0.529164,0.838536,1.881917,-1.309969,1.108668,1.983574,-1.359146,-1.469959,1.371388,-1.870638,-1.632220,1.703804,0.424531,-1.163977,-1.342892,0.440489,0.677659,568.380375,1.335647,-1.309455,0.844027,0.475375,1.803592,-1.104871,-1.131336,0.800761,0.303134,0.846109,0.804372,4.349052,1.830018,-1.495150,0.896108
-0.602729,0.417582,0.524165,0.758560,0.886419,0.519440,-1.386413,0.330227,1.303659,0.624167,0.805585,0.759658,1.351007,1.288594,0.870118,0.544445,0.676458,1.881917,-1.299912,1.607535,2.512199,-2.825988,-1.065819,1.371388,-0.188484,-3.047169,1.703804,0.850970,0.499164,-1.403915,2.584227,0.724102,177.184623,1.341270,-1.423109,0.922053,0.738800,1.059491,-1.104871,-1.018209,0.519371,0.545067,0.667071,0.191456,2.226339,1.683624,-2.224811,1.958804
-0.602729,0.431117,1.521194,0.504359,0.619149,0.604393,-1.176094,0.398579,1.303659,0.483744,0.812276,1.092283,1.351007,1.288594,0.831182,0.490560,0.648756,1.657617,-0.858217,0.893227,2.512199,-2.825988,-0.994876,0.495699,-0.188484,-3.047169,1.460997,0.780032,-0.736768,-1.403915,2.584227,0.757697,484.044147,1.007605,-1.208853,0.256031,0.397702,1.771782,-0.338275,-0.026752,0.400305,0.208675,0.914407,0.614195,2.226339,1.683624,-0.789526,0.388213
-1.248290,0.624423,1.777382,0.974979,0.636616,0.438491,-1.319136,0.652953,1.111484,0.278380,0.392935,0.987102,1.236718,1.284327,0.820331,0.488789,0.930577,1.858778,-1.152188,0.740089,2.266769,-0.738450,-1.077149,0.098120,-3.496900,-1.371783,1.460997,0.462457,-1.306252,-1.080996,0.300746,0.830751,711.041516,1.276946,-1.385356,0.231127,0.386988,1.923426,-0.929871,-0.959104,0.556230,0.253962,1.121066,0.725190,5.088996,2.177866,-1.338788,0.890295
-1.248290,0.781079,0.970181,1.059665,0.845555,0.467589,-1.329901,0.645167,1.231069,0.321760,0.574972,0.935718,1.236718,1.284327,0.763621,0.543362,0.948234,2.487141,-1.190310,1.107409,2.266769,-1.459660,-1.046138,0.835815,-3.496900,-2.093758,1.305730,0.455293,-1.306252,-1.614350,0.532557,0.673480,394.626643,1.300164,-1.296382,0.907734,0.499983,1.639851,-1.153606,-1.312770,0.852456,0.248207,0.973154,0.952944,5.088996,2.177866,-1.484853,0.890295
-0.546830,0.436233,0.718858,0.653922,0.931301,0.462012,-1.469551,0.303907,1.499172,0.583183,0.758339,0.790777,1.321459,2.275535,0.730361,0.894564,1.185621,1.703195,-1.354857,1.726473,2.629372,-2.677266,-1.220086,0.835815,-0.636811,-5.889101,1.305730,1.069294,0.690703,-2.002035,1.976115,1.048667,221.240975,1.391449,-1.318952,0.970785,0.902364,1.393339,-1.153606,-1.099842,0.549718,0.650964,0.954957,0.227609,3.332415,1.921163,-3.147503,3.230122
-0.546830,0.417450,2.004787,0.238140,0.555100,0.479093,-0.971367,0.378828,1.450734,0.483309,0.582332,0.794597,1.321459,2.275535,0.829065,0.793072,1.099905,1.382409,-0.510746,1.548610,2.629372,-2.423475,-1.138898,0.535294,-0.636811,-5.889101,1.636392,0.711703,-0.795678,-2.002035,1.976115,1.144274,529.962520,0.528946,-1.282309,0.254870,0.472145,1.732391,-0.365657,-0.282304,0.463547,0.378220,1.262500,0.648983,3.332415,1.758020,-0.921300,1.225812
-1.447241,0.629322,2.484168,0.573835,0.584153,0.473498,-1.346186,0.737217,0.893978,0.294135,0.340596,0.640980,1.235958,1.185568,0.896176,0.543318,0.633498,1.342836,-1.386333,0.806597,0.989995,-1.096037,-1.188911,-0.051334,-1.083780,-1.241064,1.636392,0.597303,-1.427785,-1.259617,0.515046,0.727750,877.827723,1.334959,-1.371107,0.238076,0.393996,1.990704,-0.801347,-0.917313,0.560591,0.226696,1.685352,0.627111,2.451939,2.041401,-1.316522,0.908813
-1.447241,0.792449,1.320656,0.634562,0.794884,0.821278,-1.408927,0.708347,1.209940,0.342749,0.484099,1.004987,1.235958,1.185568,0.752727,0.510690,0.676473,2.529975,-1.325816,1.019260,2.168575,-1.347181,-1.311681,0.815177,-1.083780,-1.241064,1.213934,0.545845,-1.427785,-1.259617,0.515046,0.665638,525.973465,1.376191,-1.424489,0.850378,0.495611,1.297590,-1.175564,-1.412460,0.862151,0.214470,1.548594,0.978553,2.451939,2.041401,-1.322372,0.908813
-0.531723,0.503385,0.801805,0.796677,0.911657,0.709087,-1.222592,0.293128,1.253110,0.557096,0.768808,0.925204,1.482152,1.762770,0.818312,0.854983,1.883978,2.192154,-1.198383,1.494677,3.744204,-2.271185,-1.307053,1.386787,-1.154413,-3.845055,1.213934,1.002306,0.385940,-1.067198,2.192770,0.945412,273.951383,1.146664,-1.467621,0.950585,0.806562,1.489350,-1.175564,-1.231613,0.616848,0.557734,0.998829,0.258385,7.505297,1.361345,-1.338025,2.273183
-0.531723,0.401512,1.978600,0.477181,0.552781,0.545111,-1.175450,0.344480,1.253110,0.450769,0.663371,0.737071,1.482152,1.762770,0.834225,0.706003,1.701600,1.551152,-1.102272,1.324121,3.744204,-2.270746,-0.971103,1.204467,-1.154413,-3.845055,1.194971,0.918969,-0.718284,-1.268024,2.192770,0.715542,628.080531,1.173599,-1.288085,0.285640,0.452608,1.509109,-0.410143,-0.338083,0.470857,0.327982,0.783042,0.621616,7.505297,1.216433,-1.056983,0.577809
-1.461184,0.595032,2.494145,0.581647,0.557731,0.601525,-1.293020,0.690744,0.918516,0.230856,0.233140,0.702444,1.027034,1.294636,0.730087,0.468396,0.616883,2.092558,-1.295155,0.702649,1.111154,-0.917981,-1.286413,-0.055607,-1.455660,-1.021851,1.194971,0.678939,-1.356882,-1.268024,0.443693,0.646644,1013.283533,1.271801,-1.414550,0.207804,0.343638,1.955203,-0.868222,-0.681708,0.539356,0.228723,1.151433,0.683501,3.376950,1.874036,-1.127333,0.711781
-1.461184,0.743433,1.657825,0.692540,0.752007,0.513085,-1.361557,0.666631,1.159518,0.295046,0.292470,1.038652,1.027034,1.294636,0.657581,0.486938,0.685289,3.188886,-1.341184,0.973900,1.616619,-1.512845,-1.399503,1.368894,-1.455660,-1.021851,1.025799,0.729814,-1.356882,-1.330740,0.443693,0.723964,689.513914,1.353531,-1.408301,0.812980,0.505409,1.390619,-1.149881,-1.124564,0.815706,0.228374,1.025874,0.874517,3.376950,1.874036,-1.127333,0.711781
-0.200648,0.574262,0.594309,0.635973,0.871268,0.344451,-1.288102,0.251467,1.159518,0.595622,0.532636,0.701318,1.145119,1.536729,0.535964,0.779046,1.558752,3.149926,-1.218529,1.434781,3.043646,-2.642854,-1.226265,1.642578,-0.854890,-3.031681,0.985805,0.877428,0.245795,-1.474240,1.862645,0.475502,194.461993,1.183465,-1.407404,0.901355,0.765347,1.288267,-1.149881,-1.113502,0.657368,0.546820,0.765313,0.223570,5.846215,0.945227,-1.814075,2.261167
-0.200648,0.590429,1.865273,0.377481,0.588488,0.598026,-1.129298,0.241387,1.024938,0.445618,0.643501,0.716525,1.145119,1.536729,0.697478,0.668361,1.415429,1.709185,-1.063238,1.039893,3.043646,-2.642854,-0.909397,0.576675,-0.854890,-3.031681,1.483490,0.889983,-0.582036,-1.474240,1.862645,0.469006,543.106209,0.980372,-1.332631,0.227888,0.361347,0.814708,-0.405373,0.127357,0.374972,0.259981,1.078601,0.566385,5.846215,0.945227,-0.983331,0.241654
-1.244190,0.711494,2.307206,0.480654,0.600190,0.579394,-1.318411,0.571831,0.898964,0.264746,0.403236,0.796601,1.159820,1.330291,0.812691,0.526962,0.646590,1.815074,-1.310000,0.815773,1.082387,-0.732060,-1.559093,0.248893,-1.622090,-1.228190,1.483490,0.536645,-1.038800,-1.054098,0.441641,0.535263,853.264992,1.300191,-1.334020,0.210402,0.364797,1.891329,-0.871066,-0.823338,0.546375,0.262152,1.122522,0.554115,2.660108,1.713119,-1.737046,1.020350
-1.244190,0.854898,1.803555,0.520576,0.766179,0.339209,-1.295687,0.600223,1.434662,0.331590,0.388865,1.027015,1.159820,1.330291,0.741273,0.472860,0.648027,3.123939,-1.269848,1.058978,1.551270,-0.821665,-1.650386,1.298930,-1.622090,-1.228190,1.192155,0.531225,-1.038800,-1.054098,0.441641,0.748537,648.071686,1.251866,-1.264796,0.829340,0.459703,1.779018,-1.119313,-1.296638,0.930124,0.264848,0.796442,0.888286,2.660108,1.713119,-1.737046,1.020350
-0.609954,0.601038,0.554463,0.707811,0.894191,0.268398,-1.352189,0.372589,1.434662,0.747567,0.734370,0.821364,1.300317,1.637239,0.670462,0.543223,1.061257,3.123939,-1.268126,1.549934,2.475210,-3.086062,-1.328756,1.298930,-0.460061,-3.220869,1.192155,0.921379,0.524438,-1.396108,2.444598,0.695956,181.382001,1.259458,-1.238807,0.935093,0.788139,1.117802,-1.119313,-1.296638,0.742877,0.619924,0.611510,0.268892,3.221227,1.558373,-3.055238,1.902480
-0.609954,0.488978,1.508893,0.503051,0.647620,0.435661,-1.332192,0.360999,1.294222,0.600359,0.762356,0.776699,1.300317,1.637239,0.852714,0.482489,0.941338,1.446941,-1.177299,1.021271,2.475210,-3.086062,-1.002384,0.611320,-0.460061,-3.220869,1.809803,0.947929,-0.667153,-1.396108,2.444598,0.511196,460.796714,1.165975,-1.343412,0.257263,0.493468,0.815189,-0.355154,0.026175,0.408189,0.342340,0.978719,0.630557,3.221227,1.000476,-1.137716,1.426795
-1.087427,0.597555,1.730987,0.383813,0.656952,0.378089,-1.291249,0.534041,1.133564,0.271503,0.417971,0.759969,1.286349,1.437645,0.817345,0.436960,0.527991,1.359825,-1.209517,0.713440,1.037396,-0.810685,-1.158193,0.140360,-1.454499,-1.187405,1.809803,0.635581,-1.306230,-0.909379,0.394151,0.729932,629.975620,1.302287,-1.317753,0.230283,0.365207,2.071610,-0.782569,-0.729775,0.508582,0.265965,1.164919,0.746709,2.184438,1.921945,-1.361784,0.735137
-1.087427,0.720589,1.163322,0.437397,0.828763,0.306713,-1.294163,0.533537,1.145777,0.304606,0.462635,0.554930,1.286349,1.437645,0.722925,0.556080,0.797406,1.359825,-1.178868,0.961222,1.037396,-1.211176,-1.183403,1.448502,-1.454499,-1.187405,1.567465,0.586319,-1.306230,-1.263050,0.394151,1.024115,422.789900,1.278111,-1.347292,0.887153,0.427331,1.067943,-1.113652,-1.194390,0.805351,0.266746,0.895169,0.884456,2.184438,1.921945,-1.361784,0.735137
-0.529636,0.475851,0.577329,0.852517,0.952127,0.610551,-1.435382,0.323733,1.457743,0.694327,0.772208,0.636894,1.273895,2.228045,0.853125,0.698081,1.470027,1.809089,-1.307210,1.607289,2.973862,-3.182748,-1.344011,1.448502,-0.719310,-4.354328,1.567465,1.068554,0.398234,-1.618019,2.527061,0.977958,193.351329,1.322705,-1.392813,0.987725,0.809047,1.053459,-1.113652,-1.193927,0.599947,0.588485,0.705354,0.294379,4.791347,1.500014,-2.422263,2.443772
-0.529636,0.367835,1.430917,0.494884,0.625614,0.611483,-1.338433,0.368548,1.457743,0.552184,0.798237,0.683108,1.273895,2.228045,0.833894,0.577758,1.328044,0.903616,-1.288146,1.607289,2.973862,-3.182748,-0.816084,0.728166,-0.719310,-4.354328,1.366861,0.964403,-0.630523,-1.392990,2.527061,0.956741,457.404332,1.302999,-1.208310,0.277606,0.411702,1.817728,-0.437594,-0.242122,0.432842,0.234813,1.302365,0.633632,4.791347,1.500014,-1.420196,0.816494
-1.689687,0.572236,1.752402,0.933758,0.624586,0.431932,-1.246489,0.697933,1.292643,0.271145,0.429147,0.702343,1.264233,1.415169,0.680819,0.370544,0.819571,1.118885,-1.060294,0.683778,2.765987,-0.625450,-0.865991,0.302566,-1.929001,-1.098076,1.366861,0.438433,-1.323384,-1.140612,0.326616,0.802772,696.062826,1.183922,-1.299446,0.225406,0.368009,1.970834,-0.942077,-0.726433,0.527173,0.256508,1.375094,0.812594,4.611801,1.842963,-1.275573,0.757439
-1.689687,0.727885,1.088672,0.960865,0.790624,0.411280,-1.356704,0.680570,1.104077,0.289722,0.515405,0.951142,1.264233,1.415169,0.725136,0.435872,0.865754,2.116760,-1.124684,1.073143,2.765987,-1.048179,-0.989288,0.879989,-1.929001,-1.098076,1.451923,0.398356,-1.323384,-1.311285,0.592880,0.881658,440.052269,1.275139,-1.213368,0.848643,0.465163,1.458525,-1.114531,-1.162709,0.801814,0.264281,0.948859,0.868464,4.611801,1.842963,-1.275573,0.757439
-0.811997,0.446397,0.520348,0.745799,0.934853,0.353383,-1.367227,0.387094,1.379195,0.640142,0.857437,0.624364,1.385547,2.138318,0.850523,0.688270,0.968263,1.386020,-1.316463,1.656695,2.382634,-2.749925,-1.087101,0.879989,-0.680902,-3.404841,1.451923,0.862060,0.387286,-1.566862,2.559186,1.043795,164.989844,1.321572,-1.370962,0.965644,0.769220,0.891038,-1.114531,-1.143935,0.556125,0.585665,0.696431,0.271222,4.133652,1.990150,-2.001496,1.760712
-0.811997,0.359513,1.626637,0.534645,0.615501,0.579102,-1.230402,0.447007,1.379195,0.503748,0.883195,1.017916,1.385547,2.138318,0.798645,0.766168,0.959708,1.283697,-1.132070,1.280901,2.382634,-2.749925,-0.978468,0.450905,-0.680902,-3.404841,1.317345,0.788924,-0.627908,-1.363893,2.559186,0.851114,498.037825,1.163593,-1.324985,0.266270,0.390595,1.714247,-0.352390,-0.223179,0.413188,0.281888,0.876274,0.634665,4.133652,1.866795,-1.131370,0.626807
-1.089783,0.726515,1.695153,0.829565,0.581195,0.499283,-1.326346,0.562578,0.529087,0.257219,0.443905,0.990525,1.222775,1.163984,0.675457,0.587376,0.854766,1.742270,-1.306793,1.219814,2.505458,-1.116975,-1.105454,0.540259,-3.573720,-1.230599,1.317345,0.681505,-1.533356,-1.150155,0.922822,0.596540,660.149493,1.293816,-1.405481,0.338914,0.428784,2.087375,-1.055178,-1.496112,0.790157,0.244299,1.182077,0.676471,4.265183,2.117078,-1.442234,0.763936
-0.996233,0.713438,0.515688,0.722653,0.746849,0.515943,-1.234286,0.468827,1.124671,0.579460,0.862526,0.724367,1.144571,2.352264,0.547258,0.950395,0.912679,1.860739,-1.241761,1.858035,2.666860,-2.171220,-1.079857,1.118398,-1.805629,-3.660412,1.082259,0.646506,-0.815522,-1.426639,2.604078,0.687017,215.937439,1.231736,-1.150680,0.798874,0.665723,0.832681,-1.080914,-1.496112,0.818959,0.467559,0.546955,0.424463,3.616365,1.469715,-1.513526,1.893044
0.182887,0.318158,0.973813,0.048227,0.313657,0.400885,-0.945720,0.061420,1.041866,0.032648,0.301030,0.381870,0.487364,0.176728,0.286212,0.139403,0.020482,0.720761,-0.895161,0.697770,0.448201,-0.679707,-0.681544,0.076130,0.320798,-0.112554,0.687733,0.231096,-0.150527,-1.052292,0.210042,0.371980,317.217738,1.087436,-1.151913,0.048095,0.068572,1.643376,-0.329264,-0.254538,0.316265,0.004556,0.642977,0.340664,-0.101687,0.558222,-0.033652,-0.158283
0.488416,0.996506,0.869613,0.022430,0.280063,0.191969,-0.986287,0.045565,-0.183303,0.015264,0.049345,0.245484,0.326357,0.168856,0.200448,0.036108,0.020548,0.414919,-0.886974,0.702625,0.414925,-0.224534,-0.613799,-0.259857,0.318116,0.033497,0.965085,0.083137,-0.514179,-0.528223,0.207109,0.084743,263.384556,1.032599,-1.319037,0.018209,0.031098,0.867462,-0.329180,0.820965,0.079645,0.003500,0.342116,0.094397,-0.134752,0.554526,-0.105781,-0.370708
0.217925,0.866978,1.134899,0.868264,0.427304,0.280360,-1.155408,0.220301,0.996422,0.113414,0.266272,0.207495,0.813404,1.041084,0.146922,0.377596,0.562001,0.579701,-1.078162,1.099877,1.229136,-0.717017,-1.299300,-0.265490,-0.122927,-0.755914,0.584142,0.263518,-0.523237,-0.930735,0.328663,0.457508,437.136395,1.170406,-1.316007,0.169083,0.291720,1.749871,-0.517694,-1.128524,0.799764,0.152178,0.393579,0.420999,2.441833,0.927003,-1.050045,0.480681
0.217925,0.945282,1.026991,0.856609,0.416604,0.187236,-1.093778,0.240249,1.715616,0.120427,0.437809,0.252669,0.813404,1.041084,0.200380,0.395089,0.599610,0.666199,-1.016292,1.109373,1.454826,-1.106797,-1.385517,0.552091,-0.122927,-0.755914,0.584142,0.257365,-0.523237,-0.930735,0.328663,0.575397,399.547161,1.102007,-1.093431,0.371992,0.304829,1.808059,-0.795682,-1.439009,0.971601,0.157249,0.500524,0.809413,2.441833,0.927003,-1.050045,0.480681
0.127764,0.906629,0.476086,0.993118,0.337548,0.285632,-1.133838,0.117041,1.724545,0.174223,0.277158,0.479527,0.723015,1.041084,0.214114,0.409857,0.588963,1.460845,-1.062747,1.109373,1.927160,-1.106797,-1.474442,0.811470,-0.122927,-0.673866,0.619104,0.389869,0.105538,-0.217294,0.328663,0.555519,158.544410,1.134500,-1.143061,0.373206,0.305516,0.853918,-0.808999,-1.439009,0.606686,0.241748,0.487040,0.413315,2.441833,1.200850,-0.835557,0.318826
-0.102118,0.566130,0.481283,0.885694,0.471261,0.410177,-1.097759,0.192184,1.724545,0.540593,0.508749,0.540202,0.795888,1.913586,0.387056,0.492752,1.371876,2.414792,-1.021128,1.160157,1.927160,-1.670249,-1.393145,0.811470,-0.882036,-3.517052,0.619104,0.550075,1.147698,-0.690334,1.933986,0.431339,161.330438,1.095896,-1.217861,0.506368,0.338516,0.867127,-0.808999,-1.439009,0.689182,0.369914,0.470521,0.186920,5.262153,1.234111,-0.559582,0.448969
-0.224919,0.816250,0.678895,0.465592,0.378565,0.446014,-1.267141,0.254438,0.958600,0.302053,0.364384,0.442644,0.446927,1.518847,0.279383,0.212937,0.871662,1.531219,-1.164621,1.416277,1.557450,-1.372718,-0.978759,0.391207,-0.488324,-1.976168,0.812074,0.376251,-0.329854,-1.019209,0.450969,0.452786,297.333085,1.258299,-1.307630,0.417724,0.328930,1.503973,-1.052582,-1.655594,0.900546,0.239715,0.867382,0.366632,2.048575,0.748952,-1.289025,0.083067
0.257910,0.954173,0.554779,0.082003,0.329275,0.184275,-1.098501,0.212394,0.093201,0.034181,0.066316,0.194668,0.383356,0.173414,0.092748,0.071186,0.070763,0.356754,-0.614148,0.672329,0.416073,-0.434312,-1.157106,-0.041611,0.267855,0.028325,0.588977,0.156599,-0.245004,-0.549633,0.210441,0.126787,180.937041,0.689361,-1.153243,0.030536,0.072877,1.020206,-0.332029,0.762256,0.106907,0.005733,1.160698,0.112837,-0.016184,0.649985,-0.151118,-0.232352
0.962190,0.837635,0.921695,0.177663,0.348876,0.218061,-1.406544,0.067515,0.175819,0.054504,0.108118,0.244453,0.541470,0.232503,0.266950,0.107019,0.121677,0.678059,-1.445816,0.753666,0.473529,-0.243644,-0.847102,-0.016519,0.140892,-0.021470,0.807382,0.164299,-0.510328,-0.590792,0.339774,0.178845,271.530666,1.398262,-1.385329,0.069886,0.124141,1.598356,-0.332375,0.684784,0.142095,0.009701,0.753492,0.210365,0.218934,1.075723,0.006664,-0.053228
-0.743440,0.896392,3.151379,0.391782,0.573570,0.433105,-1.359799,0.636281,-0.022445,0.200316,0.319930,0.546712,1.044029,1.516772,0.548092,0.315076,0.496709,0.924964,-1.252232,0.753666,1.286410,-0.923356,-1.573043,0.592456,-0.398855,-1.143147,0.812554,0.450229,-1.475674,-0.672668,0.379815,0.524295,1273.977027,1.369499,-1.549462,0.191042,0.272915,1.888390,-0.672129,-0.663028,0.444158,0.271504,1.352201,0.450011,1.822774,1.829093,-1.416310,0.338706
-0.743440,0.797350,1.776928,0.427765,0.716038,0.483550,-1.374324,0.545046,1.450785,0.239086,0.444842,0.613532,1.044029,1.516772,0.713535,0.424952,0.677268,0.924964,-1.249695,0.837579,1.286410,-0.923356,-1.540139,1.345849,-0.398855,-1.143147,1.399947,0.489708,-1.475674,-1.117811,0.379815,1.003573,740.694488,1.372647,-1.488882,0.776471,0.353739,1.231958,-1.072022,-1.265512,0.881896,0.261112,1.245624,1.075593,1.822774,1.829093,-1.416310,0.338706
-0.647130,0.454983,0.553542,0.628097,0.874108,0.513680,-1.414843,0.406798,1.450785,0.632111,0.630727,0.545397,1.262632,1.162847,0.826962,0.667321,0.906092,1.324300,-1.353884,1.186015,1.389798,-1.877203,-1.207913,1.345849,-0.988298,-2.983716,1.399947,0.586562,0.660841,-1.620068,2.560762,1.116429,184.398422,1.305345,-1.566382,0.909294,0.674092,1.082018,-1.072022,-1.233435,0.567547,0.484078,0.918665,0.201952,1.969044,0.948200,-1.260850,1.439440
-0.647130,0.349970,1.373558,0.462669,0.609717,0.487644,-1.352361,0.416740,1.443440,0.485394,0.603224,0.797623,1.262632,1.162847,0.788569,0.628245,0.668917,1.324300,-1.175053,1.186015,1.389798,-1.877203,-0.942660,0.301281,-0.988298,-2.983716,1.346836,0.541679,-0.447212,-1.038922,2.560762,0.992134,424.362288,1.108614,-1.417955,0.244003,0.333132,1.677246,-0.319510,-0.199514,0.406256,0.225305,0.898888,0.638091,1.969044,0.582737,-0.926642,0.660353
-1.097388,0.559400,2.074089,0.670966,0.622486,0.295831,-1.362825,0.566823,1.218081,0.273697,0.318316,0.637060,1.237965,1.423458,0.992604,0.459668,0.753653,1.401576,-1.351644,0.716957,1.805123,-0.596000,-1.239815,0.077530,-2.380277,-1.202895,1.346836,0.452368,-1.202401,-1.038922,0.446329,0.788202,742.554872,1.356567,-1.409275,0.226737,0.348010,2.084511,-0.882984,-0.813028,0.522827,0.300278,1.204152,0.725716,4.189923,1.542078,-1.439821,0.628731
-1.097388,0.707319,1.496153,0.693865,0.778602,0.284056,-1.298087,0.557464,1.029599,0.309886,0.487482,0.722208,1.237965,1.423458,1.049619,0.507823,0.831572,2.025091,-1.229893,1.139434,1.805123,-1.139892,-1.274144,1.055433,-2.380277,-1.202895,1.579506,0.428293,-1.202401,-1.244495,0.468652,0.818521,530.216685,1.275977,-1.345957,0.833098,0.443399,2.056139,-1.102484,-1.196628,0.789704,0.293914,1.133309,0.814812,4.189923,1.542078,-1.439821,0.628731
-0.819615,0.425355,0.512076,0.694948,0.882357,0.371796,-1.362914,0.379518,1.227955,0.674907,0.789772,0.655750,1.384456,1.338804,0.893091,0.635557,0.548698,1.995090,-1.198874,1.405860,2.174782,-2.561874,-1.153304,1.055433,-0.451987,-3.143974,1.579506,0.678770,0.448388,-1.585398,2.482584,0.693467,168.613087,1.200386,-1.394006,0.914513,0.706686,0.986946,-1.099127,-1.123245,0.537959,0.539079,0.584761,0.192837,1.811731,1.497784,-1.218047,1.732650
-0.819615,0.433125,1.435718,0.421538,0.615634,0.480617,-1.326551,0.409965,1.227955,0.530109,0.758677,0.837951,1.384456,1.338804,0.807358,0.591916,0.470603,1.378042,-1.265980,0.960830,2.174782,-2.561874,-0.895996,0.483697,-0.451987,-3.143974,1.292037,0.582239,-0.604468,-1.585398,2.482584,0.727964,466.606211,1.201325,-1.322417,0.251522,0.395965,1.947742,-0.341862,0.016590,0.388004,0.181917,0.791841,0.591138,1.811731,1.497784,-0.913842,0.606591
-1.212837,0.625910,1.636744,0.890623,0.628561,0.324562,-1.340246,0.604096,1.100742,0.272190,0.408422,0.798770,1.196925,1.303765,0.736567,0.451344,0.831600,1.439079,-1.320345,0.839590,2.297926,-0.645942,-1.187827,0.105019,-3.115085,-1.312933,1.292037,0.419494,-1.224211,-1.152200,0.415408,0.759555,655.738953,1.291980,-1.289813,0.221207,0.366200,1.867493,-0.932181,-0.951741,0.556551,0.255053,1.005328,0.678683,4.584862,1.938972,-1.309152,0.798548
-1.212837,0.762759,0.924090,0.933505,0.788601,0.387899,-1.284804,0.593774,1.014491,0.306412,0.599627,0.873275,1.196925,1.303765,0.745305,0.480635,0.852035,2.461425,-1.233294,1.075616,2.297926,-1.117730,-1.221942,0.989304,-3.115085,-1.312933,1.386811,0.448602,-1.224211,-1.472218,0.501712,0.744907,362.131411,1.255002,-1.145245,0.844850,0.445760,1.477264,-1.100043,-1.294811,0.828397,0.255359,0.864047,0.839574,4.584862,1.938972,-1.309152,0.798548
-0.558203,0.418546,0.511793,0.649307,0.890342,0.350192,-1.316856,0.314817,1.197184,0.674432,0.664687,0.458204,1.254717,1.115705,0.723957,0.639284,0.832386,1.564075,-1.204318,1.559982,2.775995,-2.019785,-1.056216,1.175720,-0.551803,-3.512258,1.386811,0.607129,0.585347,-1.562981,2.593123,0.720444,177.324711,1.310111,-1.326548,0.923331,0.715804,0.966275,-1.100043,-1.124291,0.538821,0.522749,0.398201,0.161847,2.411646,1.569369,-1.127214,2.252477
-0.558203,0.386422,1.511114,0.302236,0.592901,0.345529,-1.211788,0.375981,1.197184,0.559222,0.588247,0.701107,1.254717,1.115705,0.717457,0.565392,0.751690,0.578425,-1.139945,1.225321,2.775995,-2.019785,-0.963347,0.517223,-0.551803,-3.512258,1.457396,0.462771,-0.697170,-1.562981,2.593123,0.719027,490.861217,1.221938,-1.223067,0.231202,0.311055,1.104445,-0.353702,-0.077200,0.400082,0.240063,0.818655,0.616529,2.411646,1.403721,-0.900281,0.309196
-1.590342,0.603289,1.784495,0.651520,0.597048,0.413647,-1.087903,0.746991,0.942254,0.284439,0.283940,0.682061,1.275652,1.232087,0.776710,0.499683,0.663029,0.802402,-0.990597,0.819635,1.309504,-1.041934,-1.030429,-0.098971,-3.064734,-1.346971,1.457396,0.617425,-1.430762,-1.244673,0.452575,0.597609,726.714841,1.079511,-1.349994,0.212836,0.394187,1.700131,-0.842125,-0.810621,0.514689,0.248888,1.203136,0.661595,3.384334,1.713379,-1.409522,0.683786
-1.590342,0.712357,0.946556,0.766195,0.739675,0.772613,-1.290422,0.715407,1.294856,0.338449,0.483226,0.992759,1.275652,1.232087,0.686280,0.540420,0.764607,2.945898,-1.150362,1.084471,1.912587,-1.550805,-1.270492,1.467516,-3.064734,-1.346971,1.085763,0.649946,-1.430762,-1.244673,0.452575,0.780964,389.282405,1.220530,-1.234319,0.783634,0.501064,1.023345,-1.195646,-1.163912,0.768497,0.252745,1.047785,0.998058,3.384334,1.713379,-1.409522,0.683786
-0.768683,0.519723,0.645751,0.681863,0.796585,0.721482,-1.281145,0.345352,1.294856,0.595362,0.787057,0.804258,1.213775,1.823134,0.853806,0.824061,1.791505,2.547180,-1.209030,1.468248,3.876261,-2.586308,-0.979877,1.467516,-2.341983,-2.584144,1.629114,0.936085,0.521369,-2.107906,1.842963,0.696311,222.535448,1.280376,-1.394541,0.820787,0.642634,1.396897,-1.195646,-1.014151,0.590415,0.475010,0.698996,0.223589,8.636060,1.298040,-1.185710,1.428860
-0.768683,0.463370,1.223951,0.457846,0.558064,0.644158,-1.174396,0.336978,1.169527,0.536657,0.774636,0.934324,1.213775,1.823134,0.855434,0.737498,1.641708,2.547180,-1.018638,1.468248,3.876261,-2.586308,-0.864035,0.323505,-2.341983,-2.584144,1.184838,0.927263,-0.330471,-2.107906,1.842963,0.698217,429.113608,1.198341,-1.324962,0.232238,0.409163,1.378224,-0.441030,0.073539,0.287984,0.286204,1.379836,0.499503,8.636060,1.273706,-0.717291,0.677415
-1.362473,0.665414,2.198640,0.475417,0.551128,0.599355,-1.095596,0.416006,0.909738,0.210055,0.239962,0.751487,0.995483,0.734893,0.624175,0.451183,0.414181,1.819943,-1.009873,0.796106,0.891927,-0.937133,-1.274241,0.188563,-0.708691,-1.144739,1.816480,0.482152,-1.147566,-1.260172,0.388909,0.837253,936.384409,1.102077,-1.332614,0.166720,0.305830,1.892599,-0.323159,-0.257187,0.348751,0.114358,1.566785,0.540051,1.841318,1.745983,-1.086459,0.883226
-1.524007,0.786557,1.656114,0.652586,0.690036,0.602041,-1.209005,0.659844,1.365195,0.282032,0.383511,1.043276,0.995483,1.290931,0.581502,0.623569,0.803997,2.761615,-1.131617,0.879389,1.688021,-1.767624,-1.357101,1.019272,-0.906692,-1.144739,1.816480,0.590369,-1.147566,-1.260172,0.388909,0.734024,679.515994,1.169778,-1.316960,0.732582,0.507995,1.827347,-1.153480,-1.226915,0.843680,0.205021,1.043652,0.794383,2.058460,1.745983,-1.220376,0.883226
-0.535734,0.559508,0.535165,0.906577,0.854602,0.363987,-1.192622,0.268899,1.420070,0.678099,0.743344,0.627005,1.149554,1.737426,0.622136,0.944934,1.580115,1.926644,-1.019071,1.078127,2.942113,-3.246107,-1.177731,1.885325,-0.528009,-4.811344,1.076406,0.926951,0.398928,-2.225750,2.616613,0.626221,167.116748,1.046650,-1.382378,0.875294,0.704747,1.053001,-1.153480,-1.192394,0.645209,0.475098,0.680042,0.261443,4.214115,1.441003,-1.346530,1.171007
-0.535734,0.485026,1.636366,0.592113,0.591841,0.456362,-1.261360,0.333954,1.327611,0.561266,0.836769,0.973029,1.149554,1.737426,0.625227,0.636493,1.181005,1.777830,-1.141415,1.077831,2.942113,-3.246107,-0.713220,0.870662,-0.528009,-4.811344,1.249805,0.862966,-0.459236,-2.225750,2.616613,0.611310,516.486563,1.161843,-1.244279,0.212154,0.384156,1.642936,-0.389932,-0.037592,0.348648,0.223793,1.052819,0.563452,4.214115,1.441003,-1.179908,0.550596
-1.760140,0.641693,2.262380,0.539536,0.596453,0.492136,-1.311318,0.743665,1.168689,0.262652,0.382021,0.841848,1.090135,1.251524,0.649712,0.461063,0.502431,1.713931,-1.203450,0.931205,1.041062,-0.597816,-1.147678,0.073547,-1.339458,-1.227146,1.249805,0.352887,-1.034727,-1.304713,0.499366,0.751721,894.141529,1.277405,-1.336708,0.201367,0.319923,1.852191,-0.996361,-0.751583,0.515640,0.243651,1.099238,0.565503,2.350475,1.567068,-1.203107,0.593613
-1.760140,0.673628,1.424867,0.638372,0.745224,0.231082,-1.293543,0.713417,1.187081,0.322944,0.429553,0.616674,1.090135,1.251524,0.669283,0.407278,0.559178,1.771486,-1.192503,1.007419,1.428502,-1.330179,-1.236046,1.358484,-1.339458,-1.371893,1.258296,0.418408,-1.034727,-1.304713,0.499366,0.719102,557.786529,1.233604,-1.344878,0.800412,0.445316,1.742626,-1.129796,-1.016233,0.740648,0.252686,0.804263,0.799048,2.350475,1.567068,-1.203107,0.593613
-0.679249,0.467138,0.624509,0.760911,0.830516,1.085508,-1.207353,0.309541,1.187081,0.727465,0.821169,1.646073,1.112162,1.156704,0.852462,0.587716,0.827450,11.714543,-1.186694,1.313567,1.769458,-2.537088,-1.086907,1.358484,-0.117774,-5.613752,2.335501,1.011660,0.479140,-1.510578,2.503036,0.598313,193.599339,1.220945,-1.290816,0.864982,0.739900,1.352504,-1.129796,-0.917219,0.519431,0.535975,2.823833,0.181179,1.609110,1.531195,-1.815919,1.850201
-0.679249,0.611863,1.571976,0.508550,0.573600,1.527023,-1.027805,0.339717,1.157822,0.585126,0.833741,3.530459,1.112162,1.156704,1.151318,0.566125,0.737839,20.311010,-0.886819,1.221907,1.769458,-2.537088,-0.818118,0.324858,-0.117774,-5.613752,6.708815,0.900959,-0.651905,-1.709758,2.503036,0.574251,464.405893,0.904878,-1.247422,0.192871,0.377414,1.764176,-0.339155,0.102399,0.374389,0.179984,4.607289,0.599882,1.609110,6.402399,-1.815919,0.761224
-1.514765,0.714843,1.746414,0.348035,0.580798,1.197705,-1.141304,0.701091,1.120143,0.124080,0.373527,2.906679,0.886556,1.097989,0.967200,0.390050,0.110365,20.311010,-1.087094,1.172262,0.711652,-0.655804,-1.146126,0.193074,-0.326276,-0.707913,6.708815,0.432930,-1.214319,-1.709758,0.240473,0.777653,665.213305,1.110527,-1.332396,0.184186,0.083775,1.784121,-0.772654,-0.882313,0.550249,0.316842,3.455483,0.600561,0.664050,6.402399,-0.364719,-0.156226
-1.514765,0.706441,1.051066,0.521410,0.718585,0.471333,-1.197368,0.723712,0.999369,0.278244,0.228950,0.678290,0.886556,1.097989,0.608162,0.387706,0.320550,1.436445,-1.098253,1.247957,0.832274,-0.655804,-1.187979,0.711330,-0.515932,-0.707913,1.428018,0.654410,-1.214319,-1.482868,0.259189,0.737218,416.881011,1.181389,-1.276442,0.763689,0.125080,1.525983,-1.124448,-1.203140,0.778565,0.327679,0.757865,0.860766,0.353233,1.389516,-0.364719,-0.140154
-0.837000,0.398187,0.527304,0.544754,0.778390,0.378153,-1.212790,0.362496,1.264638,0.505529,0.350651,0.793775,1.006537,0.635770,0.683648,0.266942,0.521741,1.263403,-1.093575,0.759303,0.832274,-0.901234,-1.087622,0.711330,-0.515932,-0.166593,1.428018,0.854045,0.539442,-2.028576,0.181270,0.764735,175.842678,1.200126,-1.395127,0.818760,0.098155,0.777854,-1.124448,-1.071853,0.520183,0.426551,1.095880,0.187713,1.027281,1.215153,-0.112927,-0.140154
-0.837000,0.388585,1.403569,0.347725,0.581950,0.322934,-1.114377,0.462488,1.264638,0.044704,0.310186,0.772819,1.006537,0.635770,0.685602,0.080918,0.204191,0.719142,-1.010357,0.721108,0.655495,-0.859436,-0.989392,-0.152943,0.326661,-0.166593,1.286951,0.353994,-0.715388,-2.146472,0.181428,0.413554,469.562173,1.118339,-1.355476,0.186030,0.044537,1.779544,-0.348607,-0.057920,0.421693,0.154546,0.747780,0.624166,0.025317,0.727886,-0.282841,-0.230453
-0.860670,0.631043,1.755020,0.355713,0.586427,0.357514,-1.138539,0.558037,0.839728,0.123085,0.308333,0.830230,0.902870,1.142665,0.545283,0.338576,0.147630,1.258803,-1.024791,1.025188,0.692613,-0.572559,-1.280677,0.560384,-0.616866,-0.674934,1.286951,0.450222,-1.399093,-2.146472,0.265081,0.830489,714.216539,1.091743,-1.320995,0.169037,0.106179,2.009570,-0.790929,-0.851755,0.536036,0.333580,0.459969,0.655450,0.464120,1.721216,-0.328217,-0.099767
-0.860670,0.738533,0.759987,0.481248,0.728471,0.503860,-1.223678,0.537404,1.296716,0.320838,0.216546,0.618652,0.902870,1.142665,0.477178,0.532949,0.663663,1.399341,-1.158860,1.104639,0.692613,-0.572559,-1.302107,1.339591,-0.616866,-0.674934,1.004247,0.679974,-1.399093,-1.303110,0.285847,0.901045,310.823202,1.245092,-1.349420,0.776166,0.143797,0.497146,-1.074310,-1.194218,0.795791,0.366968,0.693104,0.994792,0.595155,1.721216,-0.328217,-0.099767
-0.790495,0.427009,0.565090,0.568438,0.798774,0.421562,-1.354713,0.386461,1.399800,0.492235,0.373009,0.829103,1.038874,0.670884,0.627379,0.321232,0.595686,1.399341,-1.330656,0.739811,0.720286,-0.874757,-0.979240,0.943747,-0.258308,-0.179581,1.004247,0.859273,0.606995,-2.031899,0.185676,0.751529,182.688398,1.283300,-1.317328,0.833327,0.111857,1.117498,-1.073089,-1.132258,0.524461,0.454788,1.000161,0.221679,0.976080,1.131827,-0.191023,-0.143843
-0.790495,0.410340,1.442740,0.232228,0.520930,0.260255,-1.367621,0.486756,1.399800,0.039171,0.232170,0.608859,1.008131,0.656914,0.822877,0.093400,0.177416,0.007769,-1.285500,0.739811,0.720286,-0.568059,-0.887677,-0.104344,0.315273,-0.179581,1.440124,0.354534,-0.851763,-2.208738,0.185800,0.720553,440.864007,1.283202,-1.313414,0.180893,0.070620,1.628859,-0.355233,-0.420087,0.476184,0.118657,0.779096,0.697199,-0.011174,0.864509,-0.336872,-0.179886
-0.914003,0.822939,1.287742,0.465794,0.698483,0.742295,-1.315927,0.604198,1.016930,0.180530,0.340308,0.868107,0.903009,1.095394,0.503191,0.325833,0.240162,1.392506,-1.222306,1.247534,0.869777,-0.544390,-1.000083,0.352355,-0.975432,-0.955360,1.260297,0.711183,-1.518256,-1.853628,0.303732,0.840478,449.279418,1.311640,-1.429230,0.746511,0.108769,1.082542,-1.174105,-1.203882,0.876671,0.290627,0.735343,0.879311,0.453908,1.358306,-0.370183,-0.162352
-0.110286,0.333525,1.017178,0.092123,0.360720,0.318298,-0.999189,0.205984,1.014818,0.026732,0.055661,0.611070,0.641474,0.205406,0.380196,0.033981,0.027813,1.026875,-0.975131,0.719349,0.476336,-0.149699,-0.898942,-0.086294,0.288708,-0.110687,0.970931,0.227775,-0.316620,-1.369752,0.181235,0.575623,413.918675,1.109905,-1.363800,0.079937,0.050934,1.489429,-0.339879,-0.234807,0.298841,0.011830,0.305494,0.382261,-0.126118,0.531426,-0.094256,-0.223680
0.126783,0.942954,0.556146,0.046692,0.231259,0.197849,-0.873933,0.095994,0.948537,0.007735,0.039990,0.034171,0.271420,0.171723,0.122307,0.008199,0.088168,0.279520,-0.810167,0.653452,0.604747,0.022682,-0.654803,-0.099317,0.465281,0.101046,0.394582,0.045822,0.092644,-0.351866,0.198026,0.117060,178.673384,1.008062,-1.177145,0.026604,0.012267,1.197985,-0.343514,0.871970,0.044583,0.003366,0.376101,0.249459,0.190193,0.066827,-0.053608,-0.268351
0.179715,1.154375,1.809320,0.049578,0.319738,0.111203,-0.850028,0.102341,0.626753,0.018330,0.061262,0.048616,0.325974,0.165665,0.069519,0.009770,0.037525,0.116805,-0.764964,0.661967,0.364397,-0.209895,-0.606995,-0.222655,0.233809,0.073551,0.394414,0.028111,-0.115579,-0.488696,0.187503,0.415019,591.450219,0.967722,-1.317235,0.004701,0.009569,1.399042,-0.314089,1.095563,0.022391,0.004032,0.210497,0.234497,0.163111,0.255356,-0.077349,-0.296817
0.115096,0.798257,1.003192,0.455397,0.412577,0.230608,-1.117765,0.160454,0.400327,0.045535,0.219017,0.277614,0.654605,0.500995,0.171821,0.288883,0.202458,0.942422,-1.044307,0.962129,1.015194,-0.872722,-1.118335,-0.453781,0.150034,-0.126117,0.679331,0.286757,-0.611191,-0.378656,0.204591,0.915289,419.605994,1.171812,-1.195507,0.134406,0.080598,1.565147,-0.636959,-0.959586,0.757786,0.127648,0.441188,0.264202,0.182923,0.806169,-0.169530,-0.284344
0.115096,0.735677,0.471247,0.733952,0.387710,0.206800,-1.104297,0.163598,1.204116,0.075415,0.131889,0.294432,0.654605,0.500995,0.174151,0.288326,0.312352,0.942422,-1.036397,0.983161,2.051535,-0.872722,-1.341025,0.647471,0.212876,-0.126117,0.679331,0.289374,-0.611191,-0.910771,0.204591,0.530076,191.604012,1.157986,-1.148485,0.403507,0.081894,0.903550,-0.812293,-1.178264,0.668628,0.128311,0.434153,0.652657,0.402869,0.806045,-0.169530,-0.251497
-0.694003,0.732239,0.498511,0.430975,0.392974,0.084686,-0.970716,0.464834,1.204116,0.236893,0.201817,0.313416,0.633691,0.333582,0.380451,0.378915,0.364553,0.685715,-0.914837,0.979152,2.058327,-0.627041,-1.207397,0.647471,0.159922,-0.160139,0.595927,0.468038,0.602504,-0.932474,0.195130,0.262023,161.180999,1.066370,-1.362381,0.423879,0.032498,0.942845,-0.812293,-1.178264,0.791507,0.211524,0.447975,0.173939,0.402869,0.709428,-0.098475,-0.251497
-0.694003,0.741018,0.519313,0.219926,0.433356,0.274534,-0.873628,0.291839,0.890615,0.181676,0.242008,0.362030,0.633691,0.333582,0.358332,0.231174,0.262450,0.843022,-0.813322,0.727969,1.696075,-0.627041,-0.766099,0.144104,0.159922,-0.160139,0.664061,0.404776,0.122821,-1.022181,0.196319,0.317973,170.303467,1.000045,-1.333496,0.118415,0.027190,0.953261,-0.323149,0.594575,0.069385,0.157174,0.560065,0.235059,0.024998,0.709428,-0.116524,-0.280371
0.534201,0.839401,0.498645,0.030097,0.270078,0.068890,-0.902413,0.017197,-0.311174,0.003449,0.032856,0.085457,0.280852,0.383596,0.074881,0.008892,0.182179,0.134853,-0.885663,0.421748,0.440501,-0.085995,-0.700934,-0.193787,0.376387,-2.470408,1.984642,0.088682,-0.411289,-0.464692,0.508059,0.190732,216.705388,1.028736,-1.294857,0.003121,0.078337,0.845657,-0.324291,0.803930,0.022175,0.010879,0.209844,0.021764,3.494812,-6.119680,-0.049473,-1.703174
0.500382,0.950605,0.579559,0.023464,0.272549,0.039315,-0.868513,0.016204,-0.316908,0.003449,0.025001,0.094080,0.283131,0.280811,0.074881,0.008892,0.182179,0.209656,-0.839648,0.541290,0.390405,-0.134693,-0.776277,-0.205096,0.332938,-1.252733,1.277198,0.088682,-0.374828,-0.327496,0.362842,0.449704,239.674680,0.991797,-1.208551,0.006462,0.078337,1.284372,-0.318019,0.924635,0.016507,0.010879,0.152051,0.012764,1.773667,-2.268502,-0.024418,-0.963082
0.551488,0.926055,0.512836,0.177482,0.277164,0.053729,-0.945067,0.019632,-0.238127,0.002938,0.213621,1.410443,0.286690,0.170497,0.018921,0.002866,0.018887,0.498780,-0.874077,0.639018,0.812176,-0.110797,-0.722636,-0.162594,0.360977,0.054148,0.517926,0.012345,-0.289275,-1.197121,0.206987,0.048230,173.780283,1.067059,-1.213852,0.003903,0.009947,0.952175,-0.361871,0.913814,0.004803,0.001364,3.039535,0.015058,-0.073569,0.709849,-0.250614,-0.395598
0.549643,0.925855,0.487935,0.005652,0.276708,0.024929,-1.020317,0.032419,-0.235129,0.005583,0.010930,0.039045,0.290306,0.168628,0.032058,0.013012,0.006125,0.135985,-0.941867,0.661605,0.388097,-0.107828,-0.867078,-0.176824,0.360072,0.075680,0.547634,0.028695,-0.289624,-0.344721,0.209534,0.050522,163.231051,1.137595,-1.154431,0.008381,0.013281,0.903946,-0.317232,0.907848,0.008441,0.001045,0.116717,0.012602,-0.128560,0.670033,-0.028379,-0.360706
-0.951454,0.815443,1.972882,0.420698,0.568663,0.407342,-1.378442,0.718884,-0.042001,0.268670,0.297048,0.398534,1.130345,1.795113,0.609596,0.392196,0.427880,0.845791,-1.349091,0.694611,1.488651,-0.464246,-1.644327,0.621314,-0.276351,-1.219793,0.855749,0.356455,-1.275918,-0.828134,0.413520,0.677270,780.506897,1.411462,-1.388454,0.190884,0.265397,2.103456,-0.924236,-0.787539,0.493143,0.287124,1.129409,0.401201,2.151266,1.661190,-1.361892,0.283280
-0.951454,0.782541,1.130610,0.522145,0.730433,0.413219,-1.390935,0.593818,1.629348,0.324190,0.452682,0.428857,1.130345,1.795113,0.739759,0.467811,0.597396,0.820391,-1.335887,0.842748,1.488651,-1.074175,-1.629385,1.282924,-0.389329,-1.219793,1.356510,0.376442,-1.275918,-1.030330,0.413520,0.967523,461.127943,1.402127,-1.410009,0.785892,0.368115,1.804003,-1.097142,-1.341821,0.862944,0.280163,1.148876,1.076739,2.151266,1.661190,-1.361892,0.283280
-0.700411,0.403983,0.579051,0.588317,0.821533,0.540873,-1.396413,0.384024,1.629348,0.651818,0.627369,0.439633,1.091239,2.048417,0.765042,0.553588,0.751740,1.318744,-1.361768,0.993661,1.536548,-1.691954,-0.991910,1.271619,-0.389329,-3.765151,1.356510,0.494775,0.761019,-1.092537,2.397246,1.305198,183.414407,1.386702,-1.379280,0.860815,0.593872,1.376720,-1.097142,-1.301855,0.555858,0.452118,0.667742,0.186954,1.935005,1.594577,-1.118251,1.081404
-0.700411,0.384359,1.468194,0.387686,0.599013,0.405132,-1.265431,0.401208,1.462811,0.543748,0.567208,0.737934,1.091239,2.048417,0.805068,0.509746,0.604096,1.318744,-1.086436,0.936371,1.536548,-1.691954,-0.978293,0.366378,-0.252454,-3.765151,1.483372,0.458035,-0.510872,-0.800398,2.397246,0.892609,468.144624,1.147239,-1.400825,0.193906,0.278864,1.697443,-0.331979,-0.036191,0.405382,0.258914,0.758931,0.662521,1.935005,1.477923,-0.845128,0.261200
-1.275246,0.605244,1.783054,0.606895,0.641979,0.366246,-1.290214,0.632536,1.333571,0.274113,0.344884,0.582130,1.200167,1.376573,0.764709,0.446897,0.666980,0.837749,-1.254348,0.779208,1.773504,-0.361984,-0.907448,0.366983,-2.042773,-1.245693,1.483372,0.480680,-1.111497,-0.894092,0.403792,0.655722,728.095660,1.299594,-1.384161,0.210288,0.331799,1.857406,-0.940857,-0.744897,0.513657,0.278839,0.857391,0.684682,3.590512,2.007759,-1.230559,0.586885
-1.275246,0.713545,1.275878,0.623738,0.768651,0.340631,-1.300893,0.624517,1.139584,0.299782,0.499552,0.758548,1.200167,1.376573,0.801288,0.528694,0.792819,2.074711,-1.284539,1.095286,1.773504,-1.124244,-0.997008,1.101508,-2.042773,-1.245693,1.727876,0.481783,-1.111497,-1.676435,0.425990,0.644794,518.242640,1.329748,-1.328188,0.822422,0.423309,1.572341,-1.085557,-1.121802,0.787004,0.277904,0.792965,0.796216,3.590512,2.007759,-1.230559,0.586885
-0.679475,0.462317,0.514992,0.821235,0.866304,0.448063,-1.384406,0.312214,1.207173,0.695052,0.747125,0.670968,1.374089,1.230697,0.896697,0.567893,0.765251,2.050744,-1.428972,1.365081,2.098241,-2.399657,-1.106403,1.101508,-0.321538,-2.702898,1.727876,0.747270,0.381098,-1.676435,2.400406,0.805615,173.244915,1.406606,-1.458769,0.902705,0.742615,1.084672,-1.148645,-1.119734,0.570251,0.632215,0.787326,0.204816,1.554573,1.614966,-2.181868,1.653245
-0.679475,0.521378,1.286856,0.556449,0.631540,0.532930,-0.953277,0.359728,1.207173,0.564008,0.725598,0.821308,1.374089,1.230697,0.865290,0.530174,0.591214,0.795075,-0.641438,0.969007,2.098241,-2.399657,-0.987943,0.400509,-0.280907,-2.702898,1.623918,0.640689,-0.525836,-1.373809,2.400406,1.146496,408.831604,0.659307,-1.436576,0.245479,0.428521,1.684589,-0.350001,0.061971,0.419915,0.241824,1.067695,0.574641,1.547902,1.501558,-0.898271,0.875733
-1.458165,0.677369,1.604940,1.071187,0.640910,0.388309,-1.333177,0.668972,1.051128,0.315126,0.460919,0.933001,1.215951,1.506431,0.804825,0.474991,0.984107,1.807851,-1.310358,0.868053,2.639340,-0.755494,-1.244788,0.087277,-2.921873,-1.503720,1.623918,0.534933,-1.079764,-1.365079,0.412128,0.715425,619.837381,1.312460,-1.363665,0.217597,0.391255,1.732438,-1.062337,-0.945196,0.581406,0.281235,1.085127,0.662429,5.954935,2.099276,-1.411047,0.841883
-1.458165,0.789884,1.120626,1.132511,0.791240,0.461700,-1.342326,0.680041,1.156036,0.337443,0.604244,0.816630,1.215951,1.506431,0.802128,0.486602,1.014896,2.304185,-1.294759,1.174752,2.639340,-1.073020,-1.243852,0.631043,-2.921873,-1.503720,1.596671,0.527765,-1.079764,-1.365079,0.601218,0.859950,443.692331,1.328825,-1.174876,0.846004,0.463879,1.345352,-1.145350,-1.334621,0.857829,0.292464,0.936079,0.827894,5.954935,2.099276,-1.411047,0.841883
-0.302052,0.498337,1.011659,0.663637,0.928953,0.461170,-1.448053,0.268818,1.197629,0.711484,0.789833,0.540180,1.465810,1.178012,0.870089,0.743729,0.836561,1.926992,-1.320493,1.416981,2.201888,-2.377167,-1.072898,0.662457,-0.302587,-4.196085,1.596671,0.970916,0.523804,-1.961888,2.277885,1.177524,321.461720,1.402724,-1.462272,0.963484,0.756858,1.646328,-1.145350,-1.256987,0.594600,0.526392,0.600001,0.176573,2.370372,1.578736,-1.129388,1.737378
-0.302052,0.357058,1.695843,0.325331,0.622065,0.495571,-1.288630,0.365553,1.197629,0.614934,0.658323,0.603548,1.465810,1.178012,0.829851,0.682284,0.793158,1.298530,-1.133761,1.416981,2.201888,-2.377167,-0.885981,0.662457,-0.279685,-4.196085,1.440090,0.828177,-0.654442,-8.099357,2.277885,1.136960,552.785129,1.261863,-1.328374,0.307208,0.407573,1.852797,-0.378384,-0.533066,0.431959,0.222664,0.771562,0.570302,2.370372,1.578736,-0.754080,0.623095
-1.403159,0.571749,2.046144,0.557177,0.587568,0.476890,-1.329728,0.725133,1.049502,0.354645,0.323827,0.627470,1.328153,1.444416,0.813701,0.584010,0.689171,1.143251,-1.271447,0.888070,1.143006,-1.527131,-1.143166,-0.417582,-1.792789,-1.303935,1.440090,0.741554,-1.467127,-8.099357,0.553684,0.950611,873.577261,1.327670,-1.350706,0.235444,0.384866,2.137118,-0.823923,-1.242649,0.617926,0.239575,1.178681,0.780027,3.152014,1.984784,-1.538670,0.575427
-1.403159,0.902947,1.397426,0.779607,0.790502,0.649046,-1.346788,0.648996,1.178678,0.385478,0.387809,1.080854,1.328153,1.444416,0.721523,0.564287,0.683791,3.463945,-1.224467,1.176797,1.312742,-1.527131,-1.333972,1.373523,-1.792789,-1.303935,1.176398,0.760991,-1.467127,-1.528987,0.553684,0.794422,608.513359,1.237964,-1.298126,0.864272,0.531171,1.580591,-1.207719,-1.775011,0.984578,0.247537,1.021208,0.970218,3.152014,1.984784,-1.538670,0.575427
-0.269265,0.523754,0.708013,0.770197,0.949811,0.429873,-1.388726,0.262147,1.364354,0.605945,0.425234,0.508340,1.391665,1.746522,0.690563,0.663699,1.241479,2.244534,-1.336593,1.683310,2.490574,-2.553086,-1.206520,1.617519,-0.449925,-2.673207,1.176398,0.676063,0.435243,-1.528987,1.576866,0.613098,242.356794,1.240004,-1.497161,0.989876,0.941176,1.306570,-1.207719,-1.582980,0.670278,0.607077,0.574610,0.249215,4.284950,1.115191,-2.161919,2.565339
-0.269265,0.385618,1.696374,0.306904,0.549731,0.446338,-1.256635,0.312745,1.364354,0.261212,0.436419,0.771502,1.391665,1.746522,0.757028,0.486877,1.088061,1.718582,-1.134537,0.975466,2.490574,-0.979016,-0.906749,0.491325,-0.449925,-1.567883,1.399059,0.551827,-0.639515,-1.612285,1.491158,0.708670,557.440104,1.236570,-1.283035,0.297392,0.532094,1.249883,-0.374113,-0.459452,0.471260,0.255095,0.739377,0.645569,4.284950,1.072467,-1.489746,1.179101
-1.326209,0.606120,2.180593,0.724420,0.529792,0.555183,-1.108030,0.662428,0.946149,0.283923,0.330826,0.762369,1.069670,1.456720,0.778795,0.552602,0.723492,1.710143,-0.947526,0.730649,0.757342,-1.154818,-1.412179,-0.151457,-0.819683,-1.335994,1.399059,0.599865,-1.179221,-1.612285,0.533158,0.848555,958.364364,1.070951,-1.391915,0.212881,0.406082,1.863850,-0.789240,-0.789871,0.570265,0.236510,1.126994,0.634169,2.992535,1.860295,-1.296852,1.032821
-1.326209,0.793987,1.510660,0.795115,0.742297,0.626646,-1.347845,0.603436,1.389330,0.342758,0.355544,1.242147,1.069670,1.456720,0.739622,0.597134,0.876079,4.073519,-1.264902,1.050939,1.882946,-1.252511,-1.549998,1.737166,-0.819683,-1.335994,1.241024,0.673927,-1.179221,-1.342347,0.533158,0.764350,677.558458,1.347875,-1.165346,0.812888,0.570269,1.715210,-1.193645,-1.326617,0.874921,0.237725,0.875888,0.939338,2.992535,1.860295,-1.296852,1.032821
-0.220204,0.578349,0.559294,0.926650,0.918326,0.344806,-1.362795,0.255877,1.389330,0.637723,0.681055,0.832960,1.338913,1.973666,0.613305,0.952412,2.021173,4.073519,-1.133075,1.747287,3.377798,-2.764131,-1.390289,2.009223,-1.338993,-3.644498,1.241024,0.909996,0.529298,-1.699053,1.753968,0.668945,180.161733,1.249542,-1.575355,0.950148,0.804116,1.260748,-1.193645,-1.325755,0.694362,0.579258,0.735718,0.221323,7.114004,1.502464,-3.050824,2.045850
-0.220204,0.438014,1.910806,0.577221,0.628322,0.417622,-1.349106,0.304559,1.278447,0.499403,0.713353,0.870102,1.338913,1.973666,0.679206,0.704504,1.767104,1.255268,-1.088335,1.258927,3.377798,-2.764131,-0.938022,0.677503,-1.338993,-3.644498,1.373608,0.837334,-0.429345,-1.699053,1.753968,0.850438,595.264992,1.222267,-1.329575,0.250073,0.391341,1.903135,-0.417429,-0.098879,0.371618,0.262480,0.769930,0.562913,7.114004,1.502464,-1.061766,0.539345
-1.481669,0.577887,1.986568,0.581486,0.610465,0.573013,-1.223131,0.690248,1.278447,0.286412,0.399504,0.791704,1.255438,1.286856,0.661309,0.517165,0.683197,1.114272,-1.096439,0.719672,1.087162,-0.588705,-1.225961,0.218714,-1.779660,-1.119797,1.373608,0.480476,-1.027656,-0.942231,0.510631,0.887420,791.545330,1.183603,-1.239652,0.206763,0.387841,1.786900,-0.981880,-0.804316,0.533064,0.255319,0.932053,0.681151,3.078679,1.707806,-1.300526,0.764903
-1.481669,0.729745,1.310576,0.665353,0.747680,0.304324,-1.311815,0.659182,1.094293,0.328853,0.459505,0.804905,1.255438,1.286856,0.662231,0.473288,0.669604,2.364770,-1.245989,1.066385,1.567984,-1.098414,-1.307807,1.310012,-1.779660,-1.119797,1.377259,0.512027,-1.027656,-1.457898,0.510631,0.725142,545.151279,1.333467,-1.403313,0.806345,0.491297,1.207346,-1.145851,-1.144162,0.804900,0.253431,0.826689,0.759135,3.078679,1.707806,-1.300526,0.764903
-0.612345,0.502933,0.562311,0.629549,0.854088,0.392912,-1.367519,0.319674,1.142744,0.655053,0.664938,0.702839,1.208368,1.348355,0.718986,0.530559,0.650203,2.364770,-1.265488,1.451490,1.595714,-1.739174,-1.027767,1.310012,-0.666615,-3.250056,1.377259,0.680881,0.376261,-1.457898,2.403558,0.555017,203.015909,1.297152,-1.440890,0.885920,0.667716,1.062109,-1.145851,-1.143150,0.596077,0.551985,0.449201,0.186146,2.454579,1.489459,-2.032800,1.330837
-0.612345,0.516896,1.355413,0.465047,0.601446,0.385258,-1.530198,0.413399,1.142744,0.517459,0.616139,0.771000,1.208368,1.348355,0.783004,0.492542,0.571925,0.966882,-1.576577,1.011335,1.550431,-1.699062,-0.894460,0.450551,-0.666615,-3.250056,1.530727,0.625614,-0.629772,-1.373824,2.403558,0.448020,467.712499,1.444856,-1.415087,0.239371,0.327769,1.463679,-0.338801,0.098189,0.372430,0.194853,0.737665,0.583189,2.454579,1.365801,-0.522554,0.513055
-0.743328,0.649965,1.789676,0.464003,0.634253,0.420278,-1.324698,0.512523,0.999273,0.276389,0.409755,0.912636,1.242667,1.482955,0.800475,0.529312,0.700549,1.762426,-1.128925,0.930357,1.194833,-0.962555,-1.398392,0.383506,-1.848026,-1.417315,1.530727,0.507448,-1.177338,-1.185611,0.426406,0.699926,750.797673,1.050015,-1.420115,0.252358,0.403909,2.070091,-0.812887,-1.029802,0.567459,0.294514,1.010330,0.655487,2.991729,2.122732,-1.432356,0.987896
-0.743328,0.766272,1.320747,0.496899,0.822629,0.400488,-1.294453,0.510309,1.213630,0.328495,0.485306,0.814918,1.242667,1.482955,0.799131,0.623918,0.913095,1.762426,-1.223073,1.068059,1.194833,-1.501695,-1.361313,1.507199,-1.848026,-1.417315,1.545273,0.516216,-1.177338,-1.613915,0.433552,0.756617,569.743956,1.326179,-1.372223,0.880727,0.478043,1.854254,-1.102750,-1.316473,0.849132,0.282638,0.971671,0.868002,2.991729,2.122732,-1.432356,0.987896
-0.506637,0.446223,0.578826,0.787998,0.931141,0.491118,-1.421968,0.333481,1.378094,0.720367,0.815658,0.553552,1.314528,1.782324,0.859495,0.770645,1.382888,1.469111,-1.357672,1.454846,2.822231,-2.134635,-1.301162,1.507199,-0.963389,-3.812390,1.545273,0.736426,0.552357,-2.014302,2.585229,1.157691,207.423681,1.355654,-1.420968,0.966718,0.788187,1.295733,-1.102750,-1.267335,0.568596,0.588193,1.355938,0.219243,3.587879,1.530941,-2.857237,2.127277
-0.506637,0.343545,1.863359,0.524399,0.633519,0.656992,-1.517219,0.383857,1.378094,0.578973,0.804035,0.863838,1.314528,1.782324,0.820178,0.699453,1.317173,0.970935,-1.360419,1.120414,2.822231,-2.134635,-1.015366,0.597762,-0.963389,-3.231986,1.394433,0.609495,-0.509801,-1.874513,2.585229,1.386200,564.818158,1.446700,-1.333610,0.276749,0.368669,1.470315,-0.387485,-0.226281,0.405858,0.272885,1.198007,0.534576,3.587879,1.530941,-0.774777,0.614779
-1.476920,0.550926,1.985811,0.852376,0.609640,0.416052,-1.263032,0.677798,1.089293,0.298313,0.457740,0.753744,1.219389,1.325313,0.790416,0.527512,0.795935,1.157570,-1.153131,0.793936,2.896843,-0.506180,-1.089183,0.233804,-2.858743,-1.228054,1.394433,0.526611,-1.200301,-1.694832,0.395180,0.803085,812.690524,1.247089,-1.432536,0.222953,0.381379,1.799358,-0.983344,-0.888715,0.550060,0.293570,1.414131,0.747969,4.083410,1.700345,-1.370581,0.699336
-1.476920,0.754464,1.218498,0.855802,0.756334,0.395505,-1.336649,0.640605,1.007790,0.315718,0.574051,0.643214,1.219389,1.325313,0.764140,0.574569,0.908320,1.488894,-1.196111,1.079049,2.896843,-0.979110,-1.050350,0.992402,-2.858743,-1.228054,1.400447,0.498896,-1.200301,-1.831070,0.398240,0.745463,533.438917,1.309593,-1.580074,0.817144,0.456392,1.858692,-1.099378,-1.284235,0.829072,0.298601,1.205820,0.805404,4.083410,1.700345,-1.370581,0.699336
-0.556583,0.457051,0.635723,0.760941,0.909755,0.614638,-1.377312,0.318486,1.007790,0.607930,0.821401,0.800980,1.405867,1.679652,0.785433,0.699523,1.317574,1.427738,-1.151798,1.438937,3.256953,-2.395005,-1.319607,0.992402,-0.751298,-3.750402,1.400447,0.815138,0.420914,-1.831070,2.093893,1.098789,199.313738,1.277733,-1.490746,0.943085,0.797264,1.175176,-1.099378,-1.187265,0.573829,0.596008,1.023319,0.159557,3.518242,1.226504,-1.996489,2.046951
-0.556583,0.414185,1.419609,0.519942,0.639375,0.706188,-1.301477,0.362695,0.947121,0.461331,0.843133,0.938202,1.405867,1.679652,0.769431,0.670174,1.254128,1.383457,-1.260486,1.087811,3.256953,-2.395005,-1.096163,0.589796,-0.751298,-3.750402,1.288401,0.714088,-0.768181,-1.173258,2.093893,1.057943,455.271727,1.313645,-1.457881,0.259514,0.429643,1.472319,-0.357187,0.042067,0.354900,0.300461,1.552338,0.536658,3.518242,1.226504,-0.366011,1.202536
-0.757884,0.773511,1.196550,0.498075,0.598705,0.457490,-1.280632,0.444257,0.297084,0.275824,0.364221,0.736128,1.221755,1.395023,0.836069,0.520873,0.843592,1.502724,-1.290737,1.082023,1.564967,-0.565420,-1.369213,0.834523,-1.543114,-1.573941,1.288401,0.387100,-1.335509,-1.338010,0.373608,0.594830,497.389885,1.344948,-1.447083,0.362543,0.371495,1.553409,-1.009252,-1.430724,0.823565,0.267444,1.492404,0.515988,3.388505,1.630775,-1.265241,0.617145
-0.703236,0.629006,0.890378,0.622220,0.752625,0.393050,-1.348881,0.360302,0.893044,0.568154,0.575446,0.554892,1.114383,1.765312,0.734099,0.692441,0.726971,2.056373,-1.330616,1.292208,2.368650,-1.531140,-1.193073,0.857445,-0.463978,-2.433250,1.080841,0.691502,-0.544528,-1.461230,2.568400,0.814106,392.408095,1.403851,-1.166123,0.823487,0.646039,1.623978,-1.289919,-1.430724,0.754954,0.435559,0.801959,0.345006,2.400803,1.155983,-2.343949,1.460095
0.163399,0.529416,1.231025,0.042624,0.293864,0.329673,-0.950784,0.084272,0.704095,0.017719,0.081397,0.526306,0.406915,0.172785,0.314419,0.083117,0.022288,1.156399,-0.930552,0.727292,0.443037,-1.011552,-0.878749,-0.077241,0.315848,-0.140400,0.865544,0.224749,-0.291798,-0.583574,0.205802,0.257116,427.876758,1.087297,-1.351498,0.031876,0.069060,1.521512,-0.327837,-0.247868,0.351784,0.005108,0.925313,0.270738,-0.077692,0.797599,0.201880,-0.192424
0.413000,1.077168,1.176294,0.036928,0.300753,0.112583,-0.911700,0.110755,-0.321204,0.024232,0.073586,0.158006,0.381575,0.168853,0.165835,0.039797,0.027415,0.268524,-0.894512,0.681402,0.411783,-0.185828,-0.815232,-0.277072,0.229022,-0.154928,0.883016,0.074045,-0.482993,-0.527565,0.210726,0.146324,374.820754,1.037490,-1.349034,0.020099,0.079762,1.897380,-0.321134,0.993511,0.015219,0.002261,0.176126,0.040570,-0.019810,0.595983,-0.140821,-0.170041
0.223652,0.839535,1.606196,0.883173,0.444683,0.418498,-1.312446,0.185337,0.780288,0.108766,0.250727,0.377001,0.783162,1.100249,0.143716,0.377709,0.579806,1.371465,-1.200798,0.899118,1.873302,-0.958322,-1.320182,-0.290514,-0.308084,-0.542700,0.698088,0.260945,-0.502155,-0.767003,0.305858,0.360641,621.770811,1.319683,-1.150371,0.155419,0.260418,1.837324,-0.513534,-1.039387,0.714362,0.159273,0.374071,0.330109,2.920654,0.755747,-0.861512,0.329649
0.223652,0.876726,1.257022,0.842693,0.446268,0.300553,-1.354507,0.205530,1.556763,0.115123,0.475311,0.382532,0.783162,1.100249,0.192624,0.425477,0.589689,1.371465,-1.167819,1.002695,1.942394,-1.127146,-1.432101,0.160720,-0.308084,-0.542700,0.698088,0.255085,-0.502155,-0.767003,0.305858,0.509415,505.732459,1.328491,-1.225308,0.379789,0.300031,1.671866,-0.878487,-1.312341,0.927145,0.159189,0.387938,0.702341,2.920654,0.755747,-0.912634,0.329649
0.223652,0.776555,0.471604,0.936946,0.426486,0.142642,-1.409850,0.164863,1.632308,0.255857,0.398036,0.289109,0.783162,1.100249,0.228890,0.458516,0.629924,1.085783,-1.219306,1.002695,2.050537,-1.127146,-1.406847,0.833833,-0.308084,-0.542700,0.732891,0.436316,-0.269647,-0.646606,0.305858,0.581495,154.163555,1.403633,-1.341853,0.476083,0.338165,1.011916,-0.878487,-1.312341,0.520263,0.278577,0.342780,0.546521,2.920654,1.340325,-0.912634,0.320124
0.047764,0.573525,0.493253,0.486013,0.488230,0.189964,-1.416797,0.200970,1.632308,0.366898,0.393948,0.489324,0.809158,1.807428,0.364464,0.375717,0.854251,2.371810,-1.197003,1.002695,2.050537,-1.127146,-1.416296,0.833833,0.082343,-2.138220,0.742228,0.448944,0.923210,-1.015063,1.097285,0.318747,173.722213,1.355819,-1.291942,0.532398,0.384320,1.041020,-0.878487,-1.312341,0.652505,0.397138,0.447128,0.186020,3.058770,1.396268,-0.770918,0.552421
0.448803,1.016303,0.487095,0.003635,0.273358,0.007890,-0.851632,0.016088,-0.234532,0.019999,0.002827,0.015183,0.276000,-0.167969,0.042771,0.082272,0.102525,0.064443,-0.776318,0.644548,0.390822,-0.078469,-0.617930,-0.190448,0.380860,0.290779,0.101586,0.280828,-0.314610,-0.310490,0.370414,0.076471,199.078909,0.964043,-1.295089,0.001248,0.037173,0.852301,-0.316884,0.994066,0.009561,0.077267,0.016798,0.018109,0.651467,1.682975,-0.012735,-0.105761
0.532627,0.958996,0.480345,0.004499,0.291694,0.130737,-0.820579,0.047454,-0.483226,0.010878,0.007953,0.057074,0.301973,0.167041,0.039914,0.009191,0.003917,0.208003,-0.754143,0.640129,0.381882,-0.096893,-0.731187,-0.187766,0.368283,0.103747,0.430439,0.015660,-0.877753,-0.385387,0.201193,0.112330,164.512824,0.949135,-1.427390,0.006620,0.022689,0.870699,-0.315950,0.912978,0.021387,0.000586,0.205241,0.112105,-0.135141,0.534451,-0.010547,-0.389052
0.440120,0.835261,0.491067,0.018540,0.289067,0.081411,-0.963816,0.072577,0.025991,0.011322,0.018915,0.179292,0.310181,0.171903,0.086241,0.024251,0.028831,0.447403,-0.880472,0.649836,0.428896,-0.171919,-0.798681,-0.102950,0.350005,0.072536,0.537937,0.045915,-0.234643,-0.385926,0.204484,0.139361,162.328406,1.046148,-0.862562,0.013440,0.016556,0.890053,-0.322029,0.736591,0.049730,0.003386,0.648912,0.085829,-0.048116,0.649339,-0.056407,-0.325072
-0.923032,0.765490,1.499865,0.321739,0.537085,0.261224,-1.198711,0.706435,0.141844,0.198015,0.210266,0.209167,0.946404,1.031873,0.392646,0.208522,0.379030,0.176442,-1.093412,0.881065,1.398892,-0.313215,-0.900657,0.144987,-0.362408,-0.702839,0.850394,0.212801,-0.978173,-0.793700,0.466520,0.542110,596.497911,1.218063,-1.153672,0.157247,0.242566,1.799936,-0.813602,-0.828039,0.538539,0.186940,0.500350,0.269668,1.568709,1.448352,-1.077346,0.298448
-0.923032,0.609023,0.604590,0.371414,0.645625,0.315858,-1.232866,0.523371,1.248605,0.241243,0.291738,0.421719,0.946404,1.031873,0.426836,0.311278,0.494247,0.928520,-1.200453,1.013898,1.398892,-0.842698,-0.987920,0.636368,-0.529703,-0.702839,0.950111,0.284573,-0.978173,-1.119481,0.466520,0.560427,260.889638,1.261487,-1.045027,0.687477,0.327388,1.365738,-1.020165,-1.034823,0.643106,0.189191,0.422995,0.826580,1.568709,1.448352,-1.077346,0.356721
-0.317353,0.403503,0.538887,0.398409,0.693663,0.300122,-1.316386,0.216099,1.437333,0.348613,0.462300,0.444829,0.917978,1.148040,0.526827,0.253805,0.552233,1.428451,-1.189835,1.052121,1.330460,-1.424927,-0.949736,0.636368,-0.493487,-2.273333,0.950111,0.511030,0.867464,-1.119481,1.123511,0.472423,191.181419,1.286965,-1.248509,0.717284,0.470280,1.058693,-1.009203,-0.765434,0.414730,0.328940,0.650575,0.170348,1.129970,1.602722,-0.844117,0.832565
-0.317353,0.462748,1.375652,0.134207,0.541640,0.280328,-1.173514,0.363694,1.437333,0.101587,0.343655,0.723118,0.917978,0.499876,0.509652,0.212012,0.267180,1.428451,-0.987018,0.919096,0.847666,-1.424927,-0.786753,0.181383,0.149710,-1.480546,0.994018,0.287468,-0.488695,-0.663577,0.278974,0.216219,460.077778,1.101582,-1.244098,0.114083,0.155947,1.538585,-0.334962,0.107659,0.314313,0.050998,0.639795,0.631441,0.640388,1.037968,0.150212,-0.167823
-1.173699,0.634445,1.621740,0.502259,0.602270,0.335858,-1.293517,0.623792,0.766176,0.248509,0.260055,0.581264,1.089495,1.080510,0.577982,0.309966,0.503985,0.609768,-1.277989,0.801437,1.947636,-0.178416,-0.899965,0.417651,-1.063939,-1.042992,0.994018,0.391987,-1.003337,-0.868332,0.450009,0.571404,653.739956,1.323851,-1.337397,0.157380,0.289635,1.751996,-0.869076,-0.709145,0.461542,0.222177,0.686700,0.517535,2.363397,1.537883,-1.046078,0.592481
-1.173699,0.664939,0.853179,0.523489,0.710938,0.307384,-1.168459,0.595563,0.912250,0.289291,0.428146,0.447858,1.089495,1.080510,0.639527,0.411604,0.663355,1.125444,-1.110041,1.085577,1.947636,-1.096274,-0.882434,1.281474,-1.063939,-1.042992,1.207474,0.408065,-1.003337,-1.131688,0.451650,0.634988,346.313998,1.143329,-1.243143,0.769789,0.374213,1.273118,-1.073423,-1.067488,0.719398,0.226188,0.688461,0.704280,2.363397,1.537883,-1.046078,0.592481
-0.553479,0.490678,0.487017,0.762172,0.813942,0.334299,-1.228718,0.305389,1.080836,0.613351,0.605842,0.441560,1.089948,1.006241,0.582502,0.501334,0.749362,1.241832,-1.149760,1.498944,1.894578,-1.785287,-0.855541,1.272219,-0.475217,-2.380209,1.207474,0.817438,0.405954,-1.344748,2.121273,0.445523,161.166037,1.246119,-1.297025,0.849139,0.689231,0.837766,-1.081442,-1.059763,0.563584,0.569637,0.326893,0.160809,2.794149,1.588781,-2.214535,1.704056
-0.553479,0.467542,1.524229,0.350708,0.566687,0.392750,-1.023702,0.425402,1.080836,0.430183,0.557986,0.734381,1.089948,1.006241,0.558812,0.425893,0.556048,1.241832,-0.899546,0.983441,1.894578,-1.785287,-0.800968,0.211560,-0.336408,-2.380209,1.185103,0.648393,-0.410647,-1.085817,2.121273,0.504534,457.235314,1.033354,-1.213290,0.156986,0.246936,1.440600,-0.342701,0.133145,0.287747,0.142137,0.644518,0.471867,2.794149,1.588781,-0.755491,-0.107562
-1.053331,0.605534,1.460857,0.512873,0.603560,0.321288,-1.182141,0.576795,0.902253,0.261132,0.377406,0.638214,1.055918,1.375322,0.560899,0.467942,0.740810,0.921794,-1.095468,1.116501,1.851483,-0.414848,-0.967730,0.632151,-2.254085,-1.063433,1.185103,0.371359,-0.864731,-1.198032,0.383211,0.624940,579.696068,1.203536,-1.254679,0.204823,0.333504,1.905684,-0.901000,-1.003981,0.543726,0.279459,0.731741,0.484138,2.706304,1.704926,-1.319130,0.655568
-1.053331,0.712157,0.799323,0.538387,0.739747,0.299130,-1.276778,0.563706,0.879253,0.370524,0.567569,0.494153,1.055918,1.375322,0.553166,0.528951,0.923444,1.337177,-1.205026,1.121499,1.851483,-1.882216,-0.967614,1.181198,-2.254085,-1.915432,1.200207,0.364582,-0.864731,-1.339114,0.384065,0.595282,355.230961,1.284459,-1.337706,0.793535,0.489334,1.518518,-1.117072,-1.235107,0.780411,0.300646,0.650168,0.637162,2.706304,1.704926,-2.169156,0.890204
-0.335374,0.464044,0.583694,0.562817,0.783210,0.406568,-1.224157,0.250415,1.045575,0.502361,0.567303,0.435262,0.980956,0.993020,0.691141,0.462120,0.707345,1.267896,-1.116375,1.281912,1.082624,-1.903310,-0.956061,1.181198,-0.452349,-1.945597,1.200207,0.650442,0.444215,-1.863112,1.365048,0.371363,189.843761,1.198499,-1.401683,0.822551,0.628881,1.142011,-1.116564,-1.133391,0.531795,0.490862,0.567563,0.158460,2.365053,1.297524,-2.169156,1.490784
-0.335374,0.562115,1.385233,0.272924,0.550594,0.507660,-1.067740,0.327947,1.045575,0.260390,0.472849,0.518481,0.969554,0.993020,0.707148,0.365114,0.508042,0.973457,-0.915617,0.721905,1.063196,-1.335592,-0.979036,0.165059,-0.452349,-1.163757,1.253383,0.487703,-0.600437,-0.861584,1.365048,0.362075,469.649254,1.028135,-1.248948,0.168105,0.311385,0.989244,-0.372201,0.212688,0.367012,0.175755,0.701411,0.523654,2.365053,1.297524,-1.392414,0.798995
-1.081035,0.748479,1.506677,0.526656,0.637917,0.364437,-1.271381,0.614536,0.613611,0.292569,0.384427,0.500217,1.257004,1.339559,0.671599,0.489438,0.535429,1.119788,-1.184334,1.098946,1.213660,-0.833926,-1.203847,-0.120327,-2.282250,-1.364995,1.253383,0.423651,-0.938350,-1.339929,0.517704,0.550996,615.721540,1.255540,-1.223682,0.231680,0.381750,2.226926,-0.948152,-1.440323,0.692466,0.267720,0.839134,0.459579,2.223293,1.755540,-1.353187,1.010225
-1.081035,0.908704,1.096523,0.629632,0.831676,0.332419,-1.327120,0.641640,0.942651,0.378870,0.507208,0.752345,1.257004,1.339559,0.702704,0.499714,0.581657,2.148157,-1.246422,1.425269,1.387878,-1.444598,-1.189062,0.845771,-2.282250,-1.413869,1.366664,0.504542,-0.938350,-1.841333,0.695624,0.540651,433.750904,1.287686,-1.170353,0.885969,0.499672,1.590604,-1.180445,-1.745084,0.977459,0.269401,0.687391,0.707445,2.223293,1.755540,-1.415123,1.010225
-0.383250,0.522289,0.543050,0.570182,0.875176,0.369810,-1.335264,0.306196,0.973976,0.586253,0.503784,0.534130,1.086168,1.455310,0.666604,0.330747,0.654226,2.067736,-1.199366,1.460167,1.544908,-1.798804,-0.905259,0.845771,-0.309342,-2.791110,1.366664,0.592804,0.507051,-1.841333,1.953429,0.529637,174.127870,1.249997,-1.305282,0.912050,0.680768,1.079260,-1.180445,-1.523542,0.646957,0.541543,0.611667,0.131715,2.092028,1.627329,-1.976980,1.514635
-0.383250,0.411524,1.319297,0.312952,0.565310,0.285442,-1.077449,0.311967,0.973976,0.406508,0.455823,0.563604,1.086168,1.455310,0.593230,0.309527,0.575183,1.334372,-0.903762,0.880994,1.544908,-1.690352,-0.851935,0.310992,-0.309342,-2.091217,1.149506,0.351743,-0.567279,-1.741840,1.953429,0.402604,423.607508,0.902918,-1.226283,0.189070,0.255382,1.333708,-0.384192,0.073128,0.318502,0.218034,0.595034,0.495610,2.092028,1.627329,-0.787964,0.429300
-1.224880,0.574714,1.438256,0.585502,0.580706,0.434418,-1.096071,0.637149,0.719310,0.251943,0.368071,0.702596,1.132663,0.945205,0.622128,0.546993,0.729244,1.652019,-1.014546,0.913847,1.251246,-1.180937,-1.059461,-0.178672,-2.682267,-1.283204,1.149506,0.537971,-1.269696,-1.073704,0.453861,0.751901,587.272204,1.142432,-1.179511,0.187491,0.330787,1.537931,-0.874801,-0.913803,0.504078,0.190290,0.925033,0.580270,3.232580,2.004976,-1.219322,0.506210
-1.224880,0.749768,0.771067,0.773824,0.704717,0.702472,-1.184352,0.636229,0.904406,0.305219,0.529678,1.152179,1.132663,0.945205,0.553503,0.527295,0.712405,2.927042,-1.036702,1.060925,1.876326,-1.422689,-1.263440,1.168264,-2.682267,-1.283204,0.873415,0.616435,-1.269696,-1.073704,0.453861,0.730893,305.911711,1.182020,-1.238357,0.752606,0.425732,0.899593,-1.085514,-1.319138,0.796871,0.191171,0.867285,0.797845,3.232580,2.004976,-1.219322,0.506210
-0.152730,0.487965,0.690615,0.469532,0.766232,0.779803,-1.346510,0.199532,0.904406,0.446674,0.379520,0.641461,1.092408,1.536675,0.546910,0.606403,0.876104,3.395881,-1.217924,1.263887,1.909544,-1.422689,-1.145500,1.168264,-0.192343,-2.293651,0.873415,0.518750,0.271410,-0.953339,1.459419,0.308030,223.970811,1.363907,-1.384493,0.797251,0.586448,1.275842,-1.078455,-1.106686,0.564540,0.435078,0.645326,0.185466,1.270202,2.864371,-1.129113,1.441027
-0.152730,0.442438,1.540527,0.202180,0.516337,0.560458,-1.132165,0.238595,0.886458,0.147094,0.263583,0.617686,1.092408,0.847801,0.578640,0.257405,0.297291,1.474961,-1.059075,0.854278,1.275782,-1.209528,-0.805783,0.182517,0.203258,-2.293651,1.004642,0.432815,-0.688295,-1.266401,0.232034,0.376313,486.048611,1.176971,-1.120791,0.190270,0.241537,1.539238,-0.344508,0.090771,0.347579,0.082748,0.748665,0.501629,1.134084,1.257822,-0.150100,-0.061430
-1.357759,0.674396,1.964131,0.532716,0.557870,0.562250,-1.130026,0.662887,0.351307,0.224254,0.224279,0.622369,1.145636,0.983260,0.520526,0.469345,0.645948,1.474961,-1.047489,0.727533,0.865631,-0.793035,-1.008320,-0.065609,-1.571537,-0.874175,1.004642,0.425907,-1.308976,-1.266401,0.361602,0.374419,792.211264,1.140565,-1.254973,0.183447,0.324792,1.790367,-0.765441,-0.574117,0.462132,0.190869,1.025975,0.496901,2.350879,1.546719,-1.244271,0.843347
-1.357759,0.735903,1.172992,0.650943,0.686744,0.565913,-1.261567,0.678099,1.146751,0.283864,0.441771,0.871474,1.145636,0.983260,0.451846,0.450189,0.676401,2.146025,-1.186283,0.979624,1.851127,-1.687876,-1.318457,1.168501,-1.571537,-0.874175,0.918848,0.525509,-1.308976,-1.095743,0.362018,0.584664,488.598917,1.279405,-1.165688,0.734137,0.440457,0.802326,-1.096845,-1.101134,0.803531,0.196117,0.754833,0.852422,2.350879,1.546719,-1.244271,0.843347
-0.329724,0.526172,0.690514,0.500265,0.795844,0.308579,-1.296236,0.300023,1.146751,0.389144,0.452900,0.420023,1.032288,1.601112,0.486395,0.594676,1.347654,1.671138,-1.181668,1.139550,2.518509,-1.756287,-1.054837,1.179635,-0.483234,-1.144149,0.918848,0.651269,0.360609,-1.095743,1.033568,0.498057,221.631094,1.274293,-1.179905,0.823890,0.608177,1.178825,-1.096845,-1.033860,0.607748,0.489088,0.374750,0.210550,5.362251,1.215107,-1.083579,1.220617
-0.329724,0.471449,1.549127,0.330456,0.556225,0.383698,-1.054116,0.317001,1.001650,0.199173,0.384284,0.572741,1.032288,1.601112,0.577380,0.426458,1.159873,1.306729,-0.943737,0.983087,2.518509,-1.756287,-0.642479,0.163979,-0.483234,-1.144149,1.020902,0.487312,-0.549646,-1.075013,1.033568,0.370355,524.025002,1.046332,-1.134528,0.213234,0.282101,0.950030,-0.399366,0.077572,0.335354,0.258567,0.355530,0.522278,5.362251,1.215107,-1.083579,0.646093
-0.958845,0.668833,1.942494,0.564148,0.579280,0.559257,-1.362520,0.569396,0.696857,0.252619,0.270302,0.530961,1.210223,1.114825,0.554661,0.493870,0.718368,0.817374,-1.174551,0.788066,1.265558,-0.891309,-1.211200,0.034482,-2.345601,-0.963515,1.020902,0.463695,-0.980098,-1.204712,0.400843,0.619647,819.343492,1.260086,-1.271955,0.210346,0.321134,1.628413,-0.855734,-1.010731,0.567295,0.215031,0.640951,0.449511,3.087084,1.680443,-1.220674,0.559047
-0.958845,0.836522,1.157718,0.653574,0.714498,0.473731,-1.390233,0.571818,1.201183,0.298266,0.436172,0.823748,1.210223,1.114825,0.567468,0.464389,0.679534,2.773776,-1.217463,1.074066,1.724811,-1.221277,-1.331295,1.190510,-2.345601,-0.963515,1.104866,0.533995,-0.980098,-1.204712,0.424930,0.755716,477.873017,1.306192,-1.231329,0.764673,0.431759,1.012426,-1.045920,-1.396046,0.884347,0.217606,0.590706,0.803566,3.087084,1.680443,-1.220674,0.559047
-0.435791,0.479696,0.517471,0.392252,0.782166,0.342374,-1.203985,0.352057,1.201183,0.497249,0.706522,0.396205,1.106570,1.193314,0.564307,0.498632,0.621819,1.137926,-1.153733,1.022852,1.828412,-1.481904,-0.880656,1.190510,-0.767456,-1.229213,1.104866,0.563284,0.501922,-1.086791,1.775639,0.456115,170.246670,1.196483,-1.281886,0.815830,0.608098,0.960439,-1.045920,-1.254304,0.602898,0.403012,0.392562,0.188304,1.552677,1.455726,-1.079639,1.087162
-0.435791,0.405209,1.364420,0.293062,0.568174,0.448846,-1.117558,0.427265,0.903421,0.184523,0.568972,0.666565,1.106570,1.193314,0.617705,0.405518,0.360493,0.724569,-1.062798,1.031581,1.828412,-1.481904,-0.853643,0.192494,0.043694,-1.088117,1.406840,0.448908,-0.771285,-0.977186,1.228929,0.617172,402.314826,1.171524,-1.185065,0.201305,0.349698,1.172417,-0.348158,0.019385,0.371357,0.168900,0.680331,0.530044,1.552677,1.132453,-1.079639,0.573119
-1.170860,0.610941,1.652548,0.569399,0.620922,0.438875,-1.160718,0.691508,0.637104,0.249869,0.368308,0.701767,1.251046,1.159335,0.635295,0.430793,0.591114,0.724569,-1.077787,1.031581,1.246537,-0.982711,-0.976569,-0.116078,-2.398818,-1.148508,1.406840,0.502555,-1.301393,-0.977186,0.478835,0.592040,610.009522,1.154824,-1.299748,0.223710,0.362111,1.809208,-0.907552,-1.083118,0.572928,0.227539,1.085622,0.568334,2.866887,2.279612,-1.347740,0.591483
-1.170860,0.793858,0.905923,0.661312,0.769754,0.304344,-1.262790,0.668093,1.106823,0.287323,0.417471,0.633638,1.251046,1.159335,0.610609,0.484327,0.682272,1.660836,-1.165092,1.214241,1.246537,-0.982711,-1.014637,0.768254,-2.398818,-1.148508,1.189591,0.511330,-1.301393,-1.449710,0.478835,0.642437,354.249761,1.254046,-1.290961,0.826750,0.387902,1.843935,-1.116380,-1.467473,0.829408,0.232014,1.005737,0.892246,2.866887,2.279612,-1.347740,0.591483
-0.899522,0.418220,0.501623,0.607441,0.856363,0.513225,-1.329374,0.380294,1.106823,0.636025,0.657115,0.512280,1.196629,1.746004,0.635708,0.677127,0.945017,1.253626,-1.106176,1.395674,2.210351,-1.335861,-0.925317,0.768254,-1.098399,-2.400930,1.148946,0.699831,0.383918,-1.449710,2.580821,0.777999,169.214907,1.255398,-1.285486,0.891833,0.723564,0.816030,-1.116380,-1.211465,0.551028,0.505353,0.466221,0.209011,2.496122,1.381341,-1.464721,1.744525
-0.899522,0.347685,1.448374,0.367892,0.579963,0.421421,-1.125492,0.483093,1.097753,0.157666,0.523046,0.505221,1.196629,1.746004,0.645737,0.493694,0.843527,0.593966,-1.023439,0.981855,2.132222,-1.335861,-0.906723,0.600413,-0.599898,-0.562195,1.238562,0.484671,-0.578261,-1.067673,0.330119,0.645503,449.424386,1.158943,-1.248785,0.193395,0.282135,1.558023,-0.388577,-0.082034,0.356311,0.217008,0.644881,0.542410,2.496122,1.316197,0.200342,-0.087887
-1.082039,0.536009,1.402405,0.379589,0.610006,0.327598,-1.137569,0.610527,0.741672,0.232931,0.269776,0.567800,1.068212,1.212871,0.558433,0.281660,0.422088,0.891258,-1.037356,0.946036,1.754025,-0.441005,-0.911261,0.614093,-1.406466,-1.033649,1.238562,0.432936,-1.153675,-1.067673,0.373179,0.444953,550.448280,1.194484,-1.226798,0.182251,0.275411,1.674511,-0.848684,-0.786100,0.480274,0.219717,0.750947,0.541759,1.769539,1.739368,-1.164042,0.467667
-1.082039,0.681037,0.653015,0.460173,0.698188,0.322705,-1.306101,0.587768,0.911439,0.249137,0.361193,0.516800,1.068212,1.212871,0.555863,0.488436,0.732672,0.891258,-1.184800,1.175452,1.754025,-0.944610,-1.047442,1.903572,-1.406466,-1.033649,1.066614,0.465701,-1.153675,-0.994304,0.408093,0.670149,271.465818,1.290842,-1.171776,0.744480,0.345524,1.278523,-1.053295,-1.186309,0.717742,0.221526,0.626191,0.759460,1.769539,1.739368,-1.166943,0.467667
-0.653644,0.491011,0.522077,0.767976,0.777768,0.448897,-1.212410,0.314108,1.001443,0.686915,0.614688,0.382956,1.075557,1.401185,0.596050,0.554223,0.817957,0.760458,-0.955965,1.216908,1.507158,-1.814319,-1.066474,1.899711,-0.539265,-2.152596,1.066614,0.620538,0.479083,-1.125040,2.575323,0.472570,168.642668,1.036417,-1.240749,0.804977,0.653742,0.942477,-1.037251,-1.162490,0.577614,0.497130,0.513146,0.144841,3.261512,1.675356,-0.781469,1.537809
-0.653644,0.487199,1.183273,0.508572,0.563525,0.366410,-1.204192,0.383427,1.001443,0.566623,0.588930,0.647523,1.075557,1.401185,0.580319,0.423792,0.660356,0.760458,-1.016728,0.982914,1.507158,-1.814319,-0.779995,0.372556,-0.539265,-2.152596,1.115401,0.572854,-0.320193,-0.801737,2.575323,0.720917,408.717440,1.111446,-1.193535,0.185467,0.319199,1.856046,-0.335394,0.193935,0.321488,0.231660,0.751656,0.436623,3.261512,1.675356,-0.712288,0.620900
-1.107011,0.640210,1.138004,0.588786,0.605635,0.342207,-1.135597,0.557285,0.813782,0.219754,0.444370,0.572733,1.038248,1.269375,0.533455,0.468210,0.560785,0.488516,-1.042297,0.875296,1.778367,-0.756234,-1.260356,-0.005751,-2.246777,-0.993569,1.115401,0.444732,-0.720850,-1.381793,0.278040,0.785688,485.864217,1.139135,-1.240762,0.204180,0.347301,1.820177,-0.762931,-0.955045,0.585041,0.257167,0.699357,0.449404,2.353241,1.510081,-1.265312,0.783038
-1.107011,0.788626,0.723870,0.754713,0.711952,0.392405,-1.171128,0.609038,0.710107,0.257417,0.528895,0.514138,1.038248,1.269375,0.573605,0.478514,0.628916,1.411003,-1.061259,1.153745,1.778367,-1.030639,-1.257813,0.839700,-2.246777,-0.993569,1.157352,0.408550,-0.720850,-1.381793,0.383544,1.018915,318.693978,1.122128,-1.225836,0.757692,0.429480,1.483195,-1.081155,-1.394095,0.853343,0.258376,0.550749,0.512580,2.353241,1.510081,-1.265312,0.783038
-0.528741,0.653940,0.509415,0.776720,0.754778,0.314407,-1.156970,0.283930,0.848105,0.497563,0.448502,0.386435,0.993900,1.365517,0.615555,0.490700,1.342413,1.411003,-1.086674,1.579265,1.865072,-1.847543,-0.938277,1.182195,-0.820770,-2.264545,1.157352,0.534965,0.208394,-1.196635,1.146591,0.582032,171.082415,1.139700,-1.268430,0.778758,0.614649,0.934373,-1.081155,-1.394095,0.744267,0.510598,0.513537,0.159682,4.774825,1.391790,-1.966899,1.501536
-0.528741,0.533968,1.130258,0.543593,0.596381,0.318723,-1.106149,0.328301,0.848105,0.370998,0.446104,0.474934,0.993900,1.365517,0.516951,0.433382,1.262119,1.249423,-1.052925,1.395940,1.836964,-1.224406,-0.958055,0.541410,-0.820770,-1.601948,0.992636,0.590089,-0.190781,-5.490636,1.146591,0.296189,368.342545,1.124980,-1.136526,0.150105,0.407097,1.654655,-0.665795,0.323032,0.177749,0.424029,0.454712,0.309181,4.774825,1.391790,-0.658405,0.839694
0.108881,0.739854,0.869102,0.688069,0.593778,0.484529,-1.183954,0.251482,0.724266,0.216182,0.333214,0.488229,1.115135,2.020876,0.572611,0.381818,0.748023,0.895822,-1.053863,1.455390,1.119793,-0.738652,-0.978403,1.126867,-0.770482,-1.082135,1.045963,0.377372,-0.303178,-1.184151,0.768444,0.406410,357.389763,1.171662,-1.043614,0.554490,0.411022,1.290599,-0.920686,-1.174941,0.783565,0.265581,0.713456,0.321314,1.560881,0.964807,-1.000747,0.538397
-0.496313,0.537542,1.288671,0.943765,0.487638,0.335041,-1.163841,0.255782,0.762215,0.502364,0.413253,0.566506,0.880901,1.333537,0.295715,0.556180,1.336560,1.529568,-1.100075,1.098368,1.416569,-1.873952,-0.882981,0.815998,-1.319021,-1.936282,0.748829,0.718610,-0.053820,-1.102380,1.619956,0.282007,581.490541,1.205058,-1.142803,0.467913,0.338380,1.454994,-0.894830,-0.313534,0.234610,0.344021,0.400396,0.200262,4.681738,1.099137,-0.571492,0.888515
0.423632,0.985928,0.515892,0.019636,0.288129,0.170854,-0.915430,0.052670,-0.190043,0.014013,0.040716,0.172216,0.353353,0.165730,0.160805,0.034558,0.012693,0.508376,-0.849396,0.656149,0.397042,-0.167538,-0.641207,-0.211033,0.373032,0.065114,0.780348,0.083838,-0.504166,-0.451128,0.199782,0.306617,183.110013,1.048197,-1.148049,0.020126,0.035412,0.883822,-0.320076,0.836328,0.072376,0.001324,0.288968,0.085828,-0.115173,0.788244,0.004729,-0.350088
0.712246,1.068225,0.542545,0.009486,0.279041,0.102237,-0.858424,0.045532,-0.463474,0.004319,0.026057,0.128495,0.291969,0.169136,0.017941,0.019144,0.011837,0.302372,-0.788454,0.645918,0.405234,-0.107096,-0.793383,-0.199698,0.350454,-0.080036,0.503411,0.031978,-0.516840,-0.535447,0.201504,0.067240,189.556991,0.987780,-1.208108,0.002546,0.014862,1.046972,-0.321166,1.056102,0.008913,0.001547,0.124517,0.013623,-0.097485,0.687385,-0.054992,-0.350435
0.197854,0.832629,1.205415,0.627521,0.432632,0.345578,-1.050981,0.198228,0.469126,0.094757,0.160509,0.283773,0.751718,1.150605,0.147398,0.343822,0.375139,0.952234,-0.957018,0.975652,0.740600,-0.869161,-1.226128,-0.239851,-0.458328,-0.489546,0.729038,0.176571,-0.569542,-0.659717,0.239707,0.310215,518.879259,1.087576,-1.225127,0.158224,0.200187,1.708012,-0.423312,-1.032049,0.598941,0.139811,0.187257,0.245804,2.124847,0.687385,-0.651619,0.131200
0.197854,0.850075,1.202014,0.634066,0.420729,0.282414,-1.115923,0.270724,0.900047,0.097286,0.272439,0.229930,0.751718,1.150605,0.200711,0.442490,0.578632,0.952234,-1.006712,1.004377,1.160123,-0.869161,-1.337638,0.575781,-0.458328,-0.489546,0.729038,0.213150,-0.569542,-0.659717,0.314825,0.299832,512.603432,1.160315,-1.183557,0.186452,0.200845,1.716778,-0.703312,-1.316894,0.856594,0.139557,0.223425,0.477025,2.454738,0.687385,-0.791180,0.131200
0.197854,0.858424,0.765356,0.715890,0.444795,0.163365,-1.164052,0.296214,1.314253,0.108232,0.323032,0.274991,0.751718,1.150605,0.217510,0.460205,0.605861,0.952234,-1.045942,1.004377,1.539795,-0.869161,-1.399751,0.792450,-0.458328,-0.489546,0.729038,0.186100,-0.563884,-0.659717,0.314825,0.338539,245.867061,1.198686,-1.227300,0.365405,0.242247,0.291478,-0.832962,-1.407146,0.875245,0.151791,0.265475,0.642374,2.454738,0.682338,-0.791180,0.131200
0.197854,0.842919,0.514414,0.724551,0.482970,0.145404,-0.974781,0.264947,1.369935,0.134794,0.337805,0.286191,0.751718,1.150605,0.219897,0.465900,0.605891,0.952234,-0.797596,1.004377,1.934892,-0.977262,-1.340527,0.792450,-0.458328,-0.489546,0.729038,0.231952,-0.463307,-0.659717,0.314825,0.463781,157.663934,0.940715,-1.318174,0.518678,0.255275,0.984173,-0.832962,-1.407146,0.661999,0.148897,0.327381,0.660468,2.454738,0.784242,-0.791180,0.131200
0.237459,0.668234,0.542832,0.450583,0.349797,0.339648,-1.140524,0.148304,0.547096,0.262859,0.405760,0.383492,0.732421,1.789483,0.191434,0.147667,0.737746,1.179409,-1.069601,1.243906,1.804089,-1.262290,-1.099544,0.214466,-0.168743,-0.766114,0.830759,0.329979,-0.245820,-1.071441,0.589983,0.538820,222.243377,1.184281,-1.080328,0.391993,0.284463,1.106263,-0.900628,-1.210240,0.715961,0.301739,0.341507,0.234879,1.088201,0.678148,-0.955250,0.105724
0.342421,0.857557,0.486519,0.032992,0.312118,0.141985,-1.370380,0.154172,-0.017048,0.023857,0.065137,0.268920,0.362205,0.169310,0.083684,0.047480,0.041851,0.677421,-1.136468,0.678810,0.457087,-0.449209,-0.824462,0.052353,0.313445,-0.045282,0.649833,0.123967,-0.157167,-0.516628,0.209020,0.208086,156.435858,1.219718,-1.228732,0.049394,0.059460,0.948362,-0.326464,0.727280,0.052844,0.003515,0.357783,0.033729,-0.014853,0.599919,0.001380,-0.225963
0.801367,0.770392,0.780190,0.082428,0.362051,0.126227,-1.451850,0.236728,-0.015615,0.022659,0.102641,0.219077,0.416629,0.178401,0.177248,0.048339,0.093219,0.449296,-1.486495,0.679497,0.438374,-0.195064,-0.748646,-0.048771,0.030769,0.092450,0.691400,0.097083,-0.403362,-0.432162,0.252140,0.097411,243.705509,1.399023,-1.099309,0.023249,0.041763,0.928919,-0.324829,0.680720,0.060496,0.008056,0.243065,0.115446,0.075518,1.071402,0.027940,-0.317408
-0.114081,0.760263,1.705370,0.397107,0.554732,0.308253,-1.350571,0.471026,0.169375,0.211050,0.272562,0.256480,0.978610,1.325149,0.541160,0.214740,0.449218,0.424853,-1.264068,1.032511,1.015931,-0.345965,-1.291438,0.455268,0.030769,-0.917385,0.691400,0.222252,-0.867022,-0.654985,0.531018,0.223471,652.026742,1.185390,-1.267847,0.216288,0.287255,2.109160,-0.720230,-1.026871,0.589741,0.226265,0.790449,0.279521,2.171793,1.006267,-1.220517,0.325085
-0.114081,0.738581,0.869714,0.438707,0.699202,0.289183,-1.457499,0.400490,1.193934,0.284491,0.359097,0.446015,0.978610,1.325149,0.649300,0.306421,0.510639,0.897389,-1.403850,1.032511,1.015931,-0.909813,-1.329941,0.807953,0.109548,-0.917385,1.089270,0.248940,-0.867022,-0.962353,0.531018,0.517955,351.463700,1.388255,-1.317595,0.749988,0.406612,1.791002,-0.982593,-1.298639,0.788925,0.235832,0.526242,0.780586,2.171793,0.851918,-1.220517,0.595044
0.023848,0.342386,0.876977,0.383482,0.749879,0.450965,-1.414209,0.252809,1.264988,0.446280,0.284489,0.692907,1.010913,1.667385,0.640720,0.289068,0.421368,1.481836,-1.261045,1.017967,0.819898,-1.449092,-1.104102,0.638772,-0.084650,-2.539525,1.089270,0.571719,0.797738,-0.962353,1.298960,0.654314,287.058058,1.313337,-1.376345,0.786594,0.520593,1.608800,-0.982593,-1.182324,0.447697,0.393395,0.496265,0.115369,0.923310,1.446632,-0.996573,0.888768
0.042205,0.388013,1.740772,0.247521,0.530933,0.411543,-1.347043,0.297714,1.251203,0.132991,0.288880,0.846708,1.010913,1.667385,0.656910,0.261437,0.297647,1.465365,-1.218313,1.017967,0.819898,-1.449092,-0.851344,0.119725,0.083623,-2.539525,1.317859,0.466447,-0.486570,-0.790550,0.250112,0.347204,585.591300,1.176540,-1.293923,0.170731,0.247544,1.731803,-0.338731,-0.173895,0.445512,0.170683,0.592078,0.575917,0.923310,0.989574,0.133042,0.592818
-0.880804,0.584307,1.803048,0.520298,0.588534,0.356850,-1.385412,0.591758,0.908157,0.216468,0.235566,0.619977,1.095009,1.010000,0.616181,0.382315,0.630047,0.679622,-1.297611,0.688096,1.632819,-0.451835,-1.091732,0.175075,-2.053022,-0.912120,1.317859,0.413744,-1.087257,-1.097838,0.324274,0.356638,750.588377,1.239819,-1.276002,0.194139,0.259838,1.853475,-0.766715,-0.751410,0.499397,0.203082,0.567600,0.562538,3.200080,1.465405,-1.118372,0.499207
-0.880804,0.729636,0.932069,0.536944,0.702520,0.339686,-1.333071,0.545513,1.099064,0.231919,0.451829,0.718943,1.095009,1.010000,0.559457,0.451744,0.697122,1.855763,-1.288548,1.050108,1.632819,-0.944852,-1.170493,1.269427,-2.053022,-0.912120,1.174611,0.377548,-1.087257,-1.104861,0.385634,0.684592,376.789767,1.324469,-1.217505,0.751393,0.351019,1.810711,-1.041742,-1.113688,0.789797,0.207918,0.513891,0.768417,3.200080,1.465405,-1.118372,0.499207
-0.405701,0.560833,0.518853,0.662206,0.817447,0.431809,-1.296940,0.276007,1.099064,0.608752,0.636073,0.486096,1.109128,0.846633,0.580359,0.440915,0.549347,1.843260,-1.227100,1.370524,1.763919,-2.180322,-1.100102,1.269427,-0.225743,-1.759241,1.174611,0.650627,0.463145,-1.340785,2.593893,0.507955,169.251393,1.311820,-1.275912,0.846191,0.642680,0.942315,-1.091452,-1.104918,0.652806,0.528422,0.383652,0.171457,2.023534,1.340226,-1.662172,1.363617
-0.405701,0.444723,1.654564,0.405978,0.630391,0.476596,-1.208348,0.341703,1.082972,0.485679,0.608853,0.710616,1.109128,0.846633,0.581483,0.369303,0.475147,0.917494,-1.042205,0.827993,1.763919,-2.180322,-0.904170,0.150349,-0.112297,-1.759241,1.175111,0.657881,-0.291061,-1.340785,2.593893,0.395192,514.069898,1.162290,-1.323887,0.191795,0.271838,1.331738,-0.356458,0.097066,0.284877,0.174061,0.663463,0.461007,2.023534,1.340226,-0.860538,0.484486
-1.203517,0.566210,1.628492,0.641788,0.622470,0.389469,-1.167384,0.585136,0.908218,0.263544,0.351990,0.583447,1.038566,1.413925,0.554751,0.403538,0.692249,0.767533,-1.119173,1.090117,2.207108,-0.337440,-1.113502,0.629941,-2.140801,-1.245399,1.175111,0.385181,-0.901110,-1.245691,0.378015,0.674967,634.323411,1.195909,-1.327764,0.198703,0.362669,1.630821,-0.943981,-0.952504,0.533858,0.288088,0.692886,0.555046,3.126578,1.223051,-1.288921,0.701348
-1.203517,0.700858,0.933919,0.644518,0.724266,0.239507,-1.347336,0.579194,0.939310,0.334464,0.528967,0.604063,1.038566,1.413925,0.637720,0.474826,0.810914,1.635039,-1.245143,1.144918,2.207108,-1.636474,-1.095501,1.124588,-2.140801,-1.245399,1.495077,0.365554,-0.901110,-1.389373,0.404866,0.696841,379.512576,1.307358,-1.311714,0.773104,0.438591,1.346932,-1.142404,-1.193012,0.763148,0.290118,0.533159,0.623506,3.126578,1.223051,-1.288921,0.701348
-0.200808,0.448639,0.577517,0.448070,0.759442,0.354695,-1.324271,0.221366,0.988679,0.468924,0.508598,0.444276,1.082263,1.942876,0.737632,0.451791,0.614019,1.630919,-1.184595,1.145368,1.002462,-1.731902,-1.114095,1.124588,-0.369783,-1.416245,1.495077,0.491363,0.422111,-1.423501,1.010182,0.361777,191.155900,1.304996,-1.326068,0.796541,0.640544,1.048336,-1.142404,-1.158093,0.530990,0.503331,0.402322,0.154679,1.875041,1.421584,-1.876200,1.367966
-0.200808,0.532650,1.376355,0.349207,0.591281,0.350326,-1.253638,0.286262,0.988679,0.267680,0.443672,0.629665,1.082263,1.942876,0.665479,0.430220,0.543305,0.826603,-1.128218,1.145368,1.002462,-1.416183,-0.978332,0.109326,-0.369783,-1.416245,1.289952,0.412229,-0.561352,-1.386272,1.010182,0.354657,437.626582,1.214321,-1.277014,0.189470,0.442645,1.657505,-0.344183,0.127484,0.342672,0.341151,0.487694,0.509899,1.875041,1.421584,-1.876200,1.367966
-1.113953,0.688150,1.224791,0.485830,0.657792,0.339745,-1.261633,0.531740,0.708855,0.254913,0.397934,0.582403,1.345864,1.638546,0.576430,0.565201,0.645956,0.865270,-1.121848,0.812191,1.128061,-1.150187,-1.181169,0.065061,-2.274107,-1.245901,1.289952,0.505420,-1.163929,-0.995549,0.406324,0.487468,486.663737,1.281938,-1.283311,0.222578,0.366512,1.633503,-0.848125,-1.363375,0.605980,0.277716,0.698174,0.553211,3.028726,1.420208,-1.418463,0.660870
-1.113953,0.920007,0.633682,0.607149,0.830797,0.397843,-1.329615,0.572834,0.923819,0.336016,0.523957,0.779134,1.345864,1.638546,0.627501,0.581624,0.686998,2.033350,-1.186699,1.409513,1.287867,-1.347150,-1.213827,0.522390,-2.274107,-1.245901,1.231837,0.508879,-1.163929,-1.775191,0.590870,0.543311,255.172703,1.325416,-1.251617,0.887677,0.474131,0.814571,-1.146464,-1.815732,0.987560,0.284012,0.698488,0.771624,3.028726,1.420208,-1.418463,0.660870
-0.376999,0.576328,0.622750,0.490334,0.883994,0.305426,-1.313277,0.304714,1.081388,0.600138,0.550166,0.432671,1.106418,0.969591,0.652165,0.452084,0.422931,1.986843,-1.239289,1.395944,1.596371,-2.545686,-1.051457,0.522390,-0.022895,-2.753246,1.231837,0.608235,0.391633,-1.775191,1.621140,0.292371,202.390898,1.275935,-1.289253,0.921308,0.705198,1.015756,-1.146464,-1.551438,0.700058,0.505428,0.423940,0.181571,0.962608,1.307914,-2.371949,1.669888
-0.376999,0.471486,1.612704,0.204708,0.551159,0.303848,-1.397238,0.350508,1.081388,0.369029,0.475743,0.459167,1.106418,0.969591,0.621380,0.420462,0.347432,0.955198,-1.333484,0.888156,1.596371,-1.407213,-0.926811,0.408440,-0.022895,-0.979643,1.159886,0.426223,-0.556713,-1.122818,1.621140,0.334639,495.214325,1.310631,-1.122537,0.199317,0.312272,1.741073,-0.361738,0.097905,0.340476,0.162641,0.836497,0.517657,0.962608,1.307914,-1.472020,0.817894
-1.581012,0.661662,1.658930,0.538319,0.600178,0.414848,-1.403380,0.764409,0.621658,0.286980,0.352874,0.506434,1.107832,1.058608,0.611385,0.489541,0.439785,1.137562,-1.291918,0.939360,1.081237,-1.231997,-1.240731,-0.174774,-1.765379,-1.133400,1.159886,0.522516,-1.006859,-1.372031,0.390446,0.661444,669.038512,1.286015,-1.229547,0.221789,0.376793,1.906531,-0.960188,-1.339174,0.642876,0.211998,0.995735,0.442219,1.823818,1.640289,-1.340877,0.706483
-1.581012,0.919841,0.863965,0.667553,0.770454,0.487070,-1.306152,0.777817,1.055252,0.317819,0.439296,0.707032,1.107832,1.058608,0.584879,0.508712,0.495744,2.029197,-1.202425,1.166035,1.619482,-1.231997,-1.347454,0.704389,-1.765379,-1.133400,1.174031,0.552900,-1.006859,-1.372031,0.390446,0.790332,378.957976,1.254179,-1.290245,0.829413,0.474326,1.118177,-1.156603,-1.740204,0.954846,0.221215,0.729133,0.751566,1.823818,1.640289,-1.340877,0.706483
0.206944,0.575720,0.670983,0.844709,0.885609,0.664436,-1.239846,0.138617,1.321004,0.495909,0.457659,0.694069,1.248775,1.718526,0.660207,0.847778,2.149819,2.261593,-1.179533,1.297520,4.155312,-2.299632,-1.034672,1.651512,-1.033477,-4.066854,1.174031,1.100359,0.605725,-1.372377,1.050225,0.606399,245.191496,1.146892,-1.364723,0.916138,0.767365,1.114993,-1.156603,-1.533879,0.716930,0.526644,0.901978,0.184003,9.057690,1.614354,-1.360163,2.249188
0.206944,0.386400,1.325393,0.519120,0.574910,0.688405,-1.248028,0.186754,1.321004,0.385824,0.466865,0.776445,1.248775,1.718526,0.702940,0.631053,1.985406,2.261593,-1.086203,1.197081,4.155312,-1.988096,-0.914609,0.912973,-1.033477,-4.066854,1.153272,0.979672,-0.360479,-1.372377,1.050225,0.690500,469.801755,1.234047,-1.313166,0.249102,0.357049,1.664049,-0.419049,-0.027736,0.331224,0.269135,1.376696,0.548093,9.057690,1.384324,-1.241011,0.556152
-1.600730,0.590547,1.483457,0.452546,0.563384,0.539072,-1.225013,0.639951,0.964446,0.242585,0.248816,0.597429,1.160930,1.110377,0.668939,0.562462,0.686326,0.985569,-1.109342,0.779551,1.602327,-0.878968,-1.221346,0.151922,-3.895288,-1.066463,1.153272,0.656354,-0.899052,-0.994529,0.418568,0.600317,602.184458,1.266352,-1.455659,0.199056,0.324526,1.802886,-0.628944,-0.907923,0.516950,0.208530,1.300466,0.498396,3.073664,1.350134,-1.163101,0.622608
-1.600730,0.776409,0.964382,0.949492,0.690365,0.552152,-1.251935,0.718953,1.114460,0.303753,0.582244,1.144554,1.160930,1.110377,0.580577,0.642544,0.867908,3.389274,-1.206662,1.078704,1.891179,-1.624542,-1.340032,1.108317,-3.895288,-1.066463,0.887716,0.621132,-0.899052,-0.994529,0.418568,0.634731,373.333784,1.265853,-1.382349,0.740843,0.444909,1.431338,-1.175364,-1.319047,0.830825,0.213162,0.802992,0.688607,3.073664,1.350134,-1.163101,0.622608
-0.178960,0.538453,0.783096,0.766497,0.794507,0.393810,-1.297270,0.241832,1.131755,0.459494,0.792935,0.482396,1.135523,1.022937,0.467569,0.873409,1.956938,2.076643,-1.198437,1.243577,3.230801,-2.456952,-1.210002,1.473295,-0.984723,-3.403806,0.887716,0.863117,0.515970,-1.644034,1.298918,0.425180,254.940968,1.302328,-1.297791,0.820566,0.604309,1.560682,-1.174072,-1.124972,0.614295,0.417760,0.686349,0.157724,6.629505,1.071808,-1.090242,1.246018
-0.178960,0.502658,1.771220,0.506225,0.578064,0.459708,-1.104972,0.260227,1.131755,0.356001,0.759566,0.938930,1.135523,1.022937,0.567579,0.649176,1.729458,1.814311,-0.972609,0.862458,3.230801,-2.456952,-0.882651,0.368969,-0.984723,-3.403806,1.185636,0.764353,-0.548505,-1.644034,1.298918,0.362776,608.558800,1.049927,-1.259038,0.204709,0.305931,1.766235,-0.423134,0.042000,0.328865,0.203140,0.967294,0.570654,6.629505,0.931322,-0.703510,0.391830
-1.317866,0.643969,1.725604,0.510684,0.579991,0.439069,-1.151287,0.640026,0.919372,0.236879,0.354718,0.674005,1.187010,0.960313,0.555713,0.463991,0.628008,1.581062,-1.113659,0.697896,1.162069,-0.762685,-1.009768,0.106236,-2.198528,-0.888804,1.185636,0.449321,-1.004770,-1.055213,0.417293,0.446944,737.566349,1.159039,-1.348924,0.184220,0.295074,1.759745,-0.870034,-0.797552,0.503795,0.198964,0.921618,0.486332,3.011982,1.343418,-1.093575,0.508220
-1.317866,0.782991,0.864252,0.596848,0.679841,0.256894,-1.219581,0.638125,1.284004,0.276079,0.465239,0.582535,1.187010,0.960313,0.512633,0.438048,0.601606,1.847287,-1.201554,1.025424,1.474831,-1.437946,-1.263293,1.005123,-2.198528,-0.888804,0.968958,0.508789,-1.004770,-0.987117,0.417293,0.578164,357.940880,1.250590,-1.291443,0.726461,0.392497,0.848575,-1.091405,-1.191436,0.825525,0.204931,0.705707,0.803724,3.011982,1.343418,-1.093575,0.508220
-0.766078,0.619635,0.489797,0.440960,0.755800,0.327763,-1.297150,0.405789,1.284004,0.531165,0.603252,0.464109,1.044903,1.931991,0.613665,0.455276,0.628685,1.521209,-1.123324,1.102220,1.592813,-2.155912,-1.178799,1.005123,-0.146945,-1.125324,0.968958,0.696286,0.477780,-1.525391,2.501985,0.456099,168.139830,1.230024,-1.320602,0.782435,0.596214,0.885198,-1.079033,-1.186411,0.703324,0.451744,0.417700,0.230129,1.109431,1.062148,-0.990372,1.017989
-0.766078,0.612429,1.744089,0.302131,0.595844,0.356804,-1.287978,0.401352,1.103714,0.423693,0.616105,0.631414,1.044903,1.931991,0.675652,0.446980,0.467511,0.804980,-1.093770,1.018330,1.592813,-2.155912,-0.963327,0.284751,-0.146945,-1.125324,1.319500,0.664491,-0.511133,-1.525391,2.501985,0.560502,581.926309,1.223844,-1.247575,0.168521,0.358686,1.930408,-0.349641,0.260653,0.292845,0.233147,0.622229,0.571909,1.109431,1.062148,-0.990372,0.552515
-1.106738,0.692710,1.583441,0.485256,0.634826,0.330248,-1.179302,0.591559,0.994168,0.228655,0.384821,0.584691,1.090127,1.172919,0.588489,0.444304,0.544074,0.847832,-1.075309,1.027867,2.424773,-0.625467,-1.026272,0.149258,-1.588607,-1.095006,1.319500,0.479947,-0.943927,-1.177315,0.468022,0.493119,672.128934,1.219251,-1.216650,0.201533,0.324557,1.883946,-0.878589,-0.967373,0.569172,0.250873,0.746905,0.518417,2.063466,1.103978,-1.245947,0.622285
-1.106738,0.701089,0.698344,0.525083,0.760361,0.234812,-1.288399,0.604397,0.845529,0.283660,0.453974,0.550856,1.090127,1.172919,0.630261,0.459262,0.635935,1.156748,-1.181192,1.163008,2.424773,-1.908829,-1.016113,1.041610,-1.588607,-1.608129,1.154686,0.410517,-0.943927,-1.177315,0.468022,0.509217,289.904590,1.318878,-1.344356,0.813886,0.416433,1.583796,-1.138412,-1.209024,0.759966,0.252906,0.640174,0.680887,2.063466,1.103978,-1.498248,0.653699
-0.654002,0.413319,0.536124,0.653237,0.828493,0.426340,-1.211909,0.328107,1.124194,0.621507,0.782218,0.461092,1.035462,1.433010,0.684050,0.665581,0.749262,1.359442,-1.202042,1.514128,1.435514,-3.088054,-0.936818,1.041610,-0.156247,-3.544849,1.154686,0.885063,0.378271,-1.434294,2.614704,0.443716,182.491527,1.209926,-1.352971,0.859336,0.656641,0.963847,-1.103258,-1.050499,0.493871,0.495810,0.781047,0.178254,2.366388,2.418662,-1.627670,1.669570
-0.654002,0.459951,1.380422,0.315194,0.567720,0.330135,-0.760510,0.398198,1.124194,0.474581,0.734788,0.639949,1.035462,1.433010,0.603839,0.588339,0.635529,1.359442,-0.670361,1.080717,1.435514,-3.088054,-0.943615,0.568431,-0.034721,-3.544849,1.152757,0.774559,-0.594487,-0.851827,2.614704,0.404715,446.226167,0.822398,-1.249564,0.162247,0.219248,1.305265,-0.472851,0.086416,0.354388,0.204975,0.900243,0.525200,2.366388,2.418662,-0.556070,-0.045438
-1.031799,0.606709,1.356124,0.457307,0.620550,0.484191,-1.126950,0.557520,0.792358,0.199902,0.323846,0.576706,1.133459,1.092266,0.565484,0.353546,0.506522,0.489136,-1.088431,0.866469,1.670618,-0.604936,-0.965699,0.689084,-2.277221,-0.971688,1.152757,0.396637,-1.146046,-0.789324,0.344319,0.663202,550.863834,1.157634,-1.296906,0.192392,0.275553,1.621498,-0.751632,-0.761880,0.489086,0.221628,0.847378,0.529171,2.101887,1.718559,-1.065531,0.441887
-1.031799,0.673264,0.725723,0.465455,0.724138,0.373212,-1.261190,0.548867,0.820239,0.233207,0.438306,0.622892,1.133459,1.092266,0.593851,0.532231,0.869530,0.998417,-1.241308,1.099834,1.670618,-1.131502,-1.074177,2.004386,-2.277221,-0.971688,1.227877,0.405954,-1.146046,-1.204164,0.344319,0.622087,291.332676,1.272136,-1.190457,0.778846,0.355214,1.632845,-1.047473,-1.086529,0.737989,0.218872,0.698885,0.726097,2.101887,1.718559,-1.071783,0.441887
-0.621114,0.492343,0.492444,0.907495,0.812564,0.546832,-1.334602,0.324631,1.177961,0.574186,0.577188,0.355928,1.134479,1.150491,0.646541,0.495561,1.178024,1.082529,-1.322718,1.499879,1.273516,-1.143668,-0.996664,2.004386,-0.459093,-2.933942,1.227877,0.570872,0.352457,-1.829388,1.988541,0.370296,165.380531,1.317582,-1.137182,0.846529,0.799404,0.958014,-1.047473,-1.075665,0.576340,0.510593,0.537046,0.215445,3.671851,1.344701,-2.123566,1.781575
-0.621114,0.480295,1.186090,0.572044,0.582648,0.505469,-1.222346,0.388529,1.177961,0.397074,0.570371,0.736192,1.134479,1.150491,0.635583,0.348578,1.030191,1.082529,-1.134885,1.327121,1.131308,-1.143668,-0.875082,0.425091,-0.459093,-2.933942,1.189908,0.543019,-0.364945,-1.431514,1.988541,0.609864,388.255107,1.201057,-1.227071,0.192069,0.494888,1.540242,-0.351274,0.140923,0.310724,0.177247,0.900356,0.483986,3.671851,1.344701,-1.384747,1.618682
-1.307944,0.623543,1.123185,0.633684,0.603980,0.365999,-1.148378,0.639813,0.739428,0.234772,0.401844,0.593660,0.972157,1.418746,0.592786,0.445515,0.581646,0.677789,-1.101374,1.037436,2.232054,-0.588107,-1.369075,0.051301,-2.261172,-1.142566,1.189908,0.438800,-0.781337,-1.468685,0.257695,0.756390,463.597355,1.210191,-1.230792,0.200263,0.317143,1.724973,-0.919416,-0.995727,0.573940,0.260047,0.818145,0.463678,2.930300,1.495613,-1.229805,0.674184
-1.307944,0.772045,0.710131,0.741920,0.730432,0.382259,-1.142852,0.660133,0.837688,0.312737,0.561015,0.577328,0.972157,1.418746,0.588132,0.464933,0.633942,1.463330,-1.005732,1.176307,2.232054,-1.464606,-1.392535,0.461202,-2.261172,-1.573901,1.144946,0.415357,-0.781337,-1.468685,0.434110,0.869510,285.130023,1.121391,-1.290147,0.785596,0.427712,1.598287,-1.105898,-1.398752,0.826274,0.268603,0.501644,0.601669,2.930300,1.495613,-1.284000,0.674184
-0.603987,0.553682,0.577053,0.510051,0.778730,0.295892,-1.278022,0.288446,1.054423,0.532088,0.515116,0.376356,1.030039,1.200946,0.650915,0.479395,0.638094,1.346182,-1.102194,1.392731,1.427375,-1.941262,-1.031507,0.477856,-0.454512,-2.325924,1.144946,0.696572,0.339624,-1.516145,1.680750,0.350764,193.211719,1.197012,-1.433317,0.814911,0.668887,1.263415,-1.105898,-1.328841,0.621265,0.525483,0.576951,0.194668,2.415020,1.191541,-1.948814,1.296273
-0.603987,0.577249,1.201880,0.301225,0.557006,0.369148,-0.993166,0.381850,1.054423,0.181566,0.395436,0.587223,1.030039,1.171260,0.662094,0.418094,0.485667,1.229864,-0.880563,0.969734,0.977770,-0.904895,-0.841500,0.364518,-0.215024,-2.325924,1.143337,0.570151,-0.596329,-1.225666,0.521010,0.286961,415.916614,0.945435,-1.270889,0.169598,0.365091,1.696259,-0.436719,0.273327,0.287104,0.162473,0.634355,0.500115,2.415020,1.191541,-1.309580,1.030800
0.144252,0.828521,0.992716,0.621505,0.584187,0.359618,-1.121611,0.288561,0.487951,0.190515,0.416806,0.565969,1.120672,1.868848,0.584438,0.490284,0.767129,1.041166,-1.064038,1.190272,0.950753,-0.616186,-1.082693,1.145653,-1.056812,-1.155146,1.143337,0.396101,-0.805219,-1.044497,0.407250,0.508073,435.612286,1.151813,-1.271724,0.477188,0.363743,1.597865,-0.970983,-1.120261,0.863706,0.264453,0.605512,0.383372,2.514700,1.696961,-1.022047,0.417111
-0.635993,0.490304,0.750315,0.689731,0.583940,0.353514,-1.159164,0.335186,0.642791,0.462395,0.503921,0.505035,0.858125,1.778430,0.398552,0.466052,1.074269,1.237178,-1.065744,1.006757,1.492441,-1.646183,-0.771388,1.140560,-0.842188,-2.536805,0.885409,0.540882,0.269301,-1.200051,1.531904,0.343764,328.560493,1.209810,-1.138432,0.620641,0.376970,1.018194,-0.980158,-1.117585,0.509158,0.332776,0.572452,0.095644,3.611661,1.122227,-0.739948,0.732315
0.181290,0.763619,0.507588,0.054054,0.302874,0.163137,-1.011674,0.137618,0.067101,0.013234,0.068288,0.260629,0.372769,0.168967,0.222732,0.071857,0.040579,0.395937,-0.951656,0.680555,0.435053,-0.199109,-0.749601,-0.143595,0.336936,0.044788,0.942932,0.141744,-0.439540,-0.508117,0.204939,0.337470,171.808645,1.108767,-1.241848,0.025643,0.056260,0.964684,-0.324993,0.557065,0.140971,0.002418,0.287861,0.150503,-0.076118,0.889112,0.032911,-0.256778
0.647124,0.968289,1.360029,0.024567,0.285418,0.322863,-1.034936,0.050836,-0.468325,0.013512,0.046394,0.246364,0.305506,0.181975,0.083628,0.037924,0.016355,0.842021,-0.989356,0.653665,0.394329,-0.157345,-0.875739,-0.194500,0.260531,-0.026750,0.597074,0.099539,-0.682806,-0.640666,0.212089,0.100568,446.514970,1.109379,-1.339636,0.010821,0.034021,1.612261,-0.331064,0.915950,0.024032,0.004180,0.144206,0.056944,-0.071989,0.788704,-0.071585,-0.336892
-0.089229,0.833167,1.659373,1.001666,0.420590,0.445148,-1.198741,0.246833,0.456053,0.142263,0.329178,0.507421,0.802268,1.137216,0.215820,0.422833,0.568991,1.619778,-1.114633,1.004469,0.699097,-0.766295,-1.208731,-0.194500,-0.325504,-0.622938,0.736818,0.287466,-0.715671,-1.068870,0.214535,0.789036,683.055918,1.258958,-1.495639,0.164058,0.246507,1.643833,-0.544997,-1.119276,0.729814,0.145419,0.413038,0.298092,2.409172,1.062188,-0.862788,0.186862
-0.089229,0.940930,1.067524,0.966972,0.382785,0.161206,-1.181846,0.188697,1.166928,0.150937,0.384633,0.452296,0.802268,1.137216,0.262531,0.437625,0.642268,1.619778,-1.109041,1.066621,1.684012,-1.083521,-1.249841,0.379112,-0.325504,-0.622938,0.826277,0.253718,-0.715671,-1.068870,0.214535,0.777312,448.677755,1.237715,-1.471588,0.303463,0.263128,1.546187,-0.822704,-1.451865,0.988671,0.154598,0.417302,0.629074,2.409172,1.062188,-0.874425,0.186862
-0.089229,0.937020,0.485435,1.012161,0.372545,0.152236,-1.158662,0.210498,1.448566,0.221389,0.352029,0.341108,0.802268,1.137216,0.262470,0.421227,0.637812,1.240478,-1.075628,1.066621,1.920537,-1.085060,-1.288086,0.574606,-0.325504,-0.622938,0.826277,0.443251,-0.384346,-0.830977,0.213610,0.702283,160.876562,1.186327,-1.379044,0.428827,0.262094,0.905467,-0.829793,-1.451865,0.469469,0.223992,0.322874,0.563573,2.409172,1.098441,-0.874425,0.156894
-0.181241,0.740262,0.500941,0.591501,0.400908,0.273221,-1.386824,0.237824,1.448566,0.515931,0.343257,0.409314,0.761424,1.853509,0.439584,0.396234,1.301407,1.927335,-1.238656,1.066621,1.920537,-1.399518,-1.119703,0.574606,-0.241048,-3.099241,0.826277,0.515309,0.614713,-0.994036,1.854881,0.461516,167.186721,1.305215,-1.219749,0.458835,0.335110,0.959309,-0.829793,-1.451865,0.740187,0.377988,0.476352,0.230740,4.755309,1.255518,-0.837902,0.488510
0.223782,0.267061,1.640239,0.126041,0.346853,0.545139,-1.203296,0.111621,0.758490,0.039896,0.188331,0.488953,0.541716,0.267076,0.298813,0.101412,0.045807,1.743956,-1.065251,0.656912,0.641464,-0.652105,-0.820482,0.550613,0.355347,-0.340598,0.716056,0.389501,-0.039501,-0.644846,0.268112,0.235339,571.138182,1.209857,-1.168516,0.073206,0.158687,1.527146,-0.326099,0.058084,0.142993,0.013240,0.715338,0.234879,-0.099044,0.415466,-0.327814,0.139164
0.355567,0.263768,1.246288,0.291945,0.323437,0.696494,-1.167284,0.203011,0.446756,0.084590,0.206623,0.412781,0.552083,0.580223,0.169192,0.113438,0.196256,1.217803,-1.085846,1.074647,0.886920,-0.724450,-0.862984,0.102536,0.355347,-0.447915,0.716056,0.190209,-0.039501,-0.543338,0.510891,0.257942,539.957178,1.223804,-1.336023,0.173400,0.241182,1.576583,-0.609987,-0.261545,0.253362,0.066778,0.608444,0.134849,1.180542,0.469503,-0.353877,0.139164
0.463514,0.459485,0.484221,0.337653,0.254829,0.373196,-1.104551,0.159739,0.317947,0.168795,0.195845,0.270170,0.518728,0.580223,0.172913,0.167753,0.376148,0.812480,-1.011296,1.074647,0.886920,-0.724450,-0.849402,0.141188,0.022443,-0.941602,0.713282,0.223407,-0.308781,-0.588486,0.510891,0.238162,201.152412,1.142403,-1.260330,0.191381,0.203498,0.976107,-0.609987,-0.261545,0.447462,0.101831,0.291080,0.238211,1.584000,0.557775,-0.347054,0.132482
0.530119,0.854427,0.475819,0.039371,0.318829,0.110789,-1.326194,0.110601,-0.139200,0.020744,0.053638,0.230337,0.332313,0.167303,0.057680,0.032797,0.018753,0.352088,-1.213993,0.659107,0.424580,-0.274471,-0.878462,-0.026580,0.347663,0.051912,0.572293,0.069619,-0.308781,-0.396395,0.198366,0.365890,154.652799,1.243704,-1.199985,0.013300,0.035458,0.910711,-0.326303,0.785078,0.027418,0.003519,0.492805,0.047495,-0.086243,0.674344,0.019936,-0.296743
0.806990,0.927288,1.606845,0.036721,0.361756,0.091394,-1.325947,0.074108,-0.139200,0.038346,0.060291,0.132859,0.539466,0.224581,0.208601,0.068806,0.048053,0.348691,-1.206053,0.686115,0.463411,-0.168564,-0.691162,-0.026580,0.295922,-0.073880,0.717378,0.101594,-0.627717,-0.496647,0.349007,0.351106,530.012437,1.314762,-1.254534,0.061097,0.061017,1.984991,-0.333100,0.781666,0.136215,0.010042,0.523043,0.155144,0.037383,0.822473,0.037431,-0.240453
-0.683801,0.847861,2.053539,0.253184,0.554146,0.253870,-1.330142,0.603512,-0.024402,0.138293,0.190195,0.198850,0.950833,0.914897,0.357811,0.254381,0.400760,0.348691,-1.240789,0.698140,1.000061,-0.252900,-1.193713,0.425301,-0.938702,-0.530152,0.717378,0.185317,-0.969093,-0.972214,0.349007,0.538647,828.206124,1.300460,-1.257107,0.166611,0.232600,1.923917,-0.678443,-0.851271,0.570834,0.161782,0.662324,0.264143,1.547517,1.194250,-1.135783,0.325470
-0.683801,0.711988,0.649396,0.296612,0.665598,0.241292,-1.319614,0.469194,1.222246,0.220146,0.382260,0.191756,0.950833,0.914897,0.434994,0.326607,0.504648,0.482767,-1.197225,0.932971,1.000061,-0.984945,-1.231341,1.171722,-0.938702,-0.649904,0.989898,0.213216,-0.969093,-0.972214,0.300400,0.512691,274.814604,1.257989,-1.130106,0.716024,0.312855,1.343514,-1.038414,-1.170923,0.750657,0.156865,0.348825,0.835538,1.547517,1.194250,-1.135783,0.465044
-0.461666,0.338782,0.631324,0.433075,0.762609,0.473515,-1.292384,0.292960,1.367708,0.484578,0.390930,0.277806,1.029766,1.414837,0.555598,0.363261,0.719907,0.999460,-1.239803,0.959693,1.047853,-0.990349,-0.990064,0.995056,-1.153624,-0.868202,0.989898,0.463848,0.862283,-1.036857,1.960036,0.428661,214.225772,1.271156,-1.246942,0.791149,0.609444,1.149038,-1.038414,-1.071937,0.446417,0.421673,0.406118,0.149529,2.730362,1.411756,-1.273280,1.162908
-0.340220,0.411282,1.528606,0.099365,0.496506,0.355695,-1.243316,0.323823,1.367708,0.073474,0.175775,0.397942,0.904341,0.281000,0.520283,0.206882,0.210577,0.508694,-1.182648,0.869248,0.401938,-0.777587,-0.808445,0.060453,0.091188,-0.842508,1.351850,0.304659,-0.664903,-0.859532,0.216258,0.242340,485.812451,1.311466,-1.337106,0.138691,0.149234,1.735632,-0.343816,-0.186203,0.452080,0.013470,0.516906,0.641841,0.454780,0.938611,-0.020856,-0.171752
-0.983469,0.631093,1.741641,0.496684,0.581906,0.305919,-1.314592,0.642446,0.724543,0.215991,0.230713,0.388609,1.077392,1.024489,0.638704,0.308932,0.512886,0.539098,-1.212737,0.708188,1.615427,-0.444829,-0.799124,0.036677,-1.486494,-0.880326,1.351850,0.328203,-1.189990,-1.006840,0.358319,0.571001,689.229547,1.340225,-1.399118,0.191605,0.279100,2.107896,-0.818692,-0.741868,0.499584,0.209675,0.633324,0.528846,2.662144,1.684926,-1.146875,0.547201
-0.983469,0.680626,0.817874,0.540344,0.720852,0.314709,-1.349933,0.598183,1.105441,0.247873,0.390078,0.521291,1.077392,1.024489,0.607912,0.410663,0.619307,1.010075,-1.248886,1.027592,1.615427,-0.864953,-0.925109,1.136038,-1.486494,-0.880326,1.219259,0.320948,-1.189990,-1.077645,0.404088,0.684927,333.329988,1.323346,-1.073826,0.772039,0.356729,1.623936,-1.057595,-1.091966,0.733744,0.209184,0.602580,0.838939,2.662144,1.684926,-1.146875,0.547201
-0.391270,0.407868,0.515970,0.762865,0.818290,0.315276,-1.208796,0.283242,1.255686,0.623296,0.539926,0.412401,1.017097,1.132744,0.637523,0.439881,0.735967,0.786287,-1.220191,1.270556,1.597472,-2.013106,-1.035598,1.109665,-0.808512,-2.354382,1.219259,0.537429,0.516092,-1.454999,1.924530,0.503725,169.961889,1.193012,-1.365191,0.847797,0.581891,0.958114,-1.053773,-1.052325,0.520002,0.451439,0.462886,0.171771,3.608196,1.436632,-1.544721,1.344979
-0.391270,0.395457,1.350029,0.461050,0.543947,0.315164,-1.148683,0.330649,1.255686,0.316164,0.421248,0.578575,0.994464,1.080845,0.615051,0.334006,0.630968,0.784642,-1.120062,1.114727,1.597472,-2.013106,-0.877638,0.184621,-0.808512,-2.354382,1.224710,0.443632,-0.704730,-1.034150,1.906378,0.431752,421.853484,1.175846,-1.342069,0.177142,0.245467,1.530974,-0.338256,-0.009218,0.399392,0.144931,0.464003,0.585521,3.608196,1.426807,-0.403382,0.389303
-1.268582,0.615311,1.459584,0.606903,0.589404,0.386097,-1.283800,0.600910,0.949635,0.247237,0.347651,0.537053,1.028422,1.149093,0.608566,0.421207,0.635839,0.692583,-1.186871,1.056193,1.646187,-0.373996,-1.006459,0.515884,-1.962870,-1.159023,1.224710,0.425873,-1.069882,-1.208105,0.354082,0.636250,578.093332,1.302953,-1.397558,0.212140,0.324593,2.074685,-0.911604,-0.803151,0.545317,0.248480,0.731402,0.583922,2.912618,1.747378,-1.157898,0.480672
-1.268582,0.678370,0.875416,0.598358,0.708273,0.350707,-1.337922,0.580528,0.840412,0.320584,0.561243,0.590226,1.028422,1.149093,0.584403,0.455818,0.733930,1.389499,-1.206153,1.060326,1.646187,-1.345364,-1.069814,1.370183,-1.962870,-1.159023,1.104424,0.361048,-1.069882,-1.208105,0.385227,0.497453,361.798431,1.344674,-1.338142,0.757384,0.384673,1.172664,-1.073283,-1.044097,0.746519,0.249314,0.697047,0.705943,2.912618,1.747378,-1.297817,0.480672
-0.455583,0.438405,0.490147,0.594366,0.751001,0.435598,-1.385025,0.280182,0.962905,0.525290,0.675716,0.433978,1.013221,1.132342,0.658212,0.421219,0.922768,1.516214,-1.304571,1.075708,1.531822,-1.599665,-0.861194,1.370183,-0.301793,-1.466593,1.104424,0.485339,0.316757,-1.299052,2.121210,0.345149,164.526826,1.316923,-1.301270,0.786799,0.609508,0.982468,-1.073283,-0.965911,0.495165,0.442432,0.434902,0.157719,2.273918,1.206104,-1.661363,1.247608
-0.455583,0.574762,1.228956,0.440471,0.570394,0.429970,-1.152332,0.346072,0.962905,0.354763,0.656140,0.779190,1.013221,1.132342,0.701293,0.386528,0.852042,1.516214,-0.988700,0.838834,1.531822,-1.599665,-0.865285,0.228806,-0.036034,-0.805810,1.369264,0.431301,-0.600742,-1.084039,2.121210,0.259766,396.100051,1.089481,-1.182377,0.180159,0.351684,1.560382,-0.347443,0.166042,0.354725,0.209213,0.755649,0.506123,2.273918,1.206104,-0.979650,0.690362
-0.420658,0.719100,1.201497,0.335353,0.608347,0.350597,-1.329507,0.421760,0.736192,0.196842,0.373791,0.576880,1.025016,1.242811,0.658635,0.509669,0.557330,0.752760,-1.246175,1.177528,1.047302,-0.480874,-1.116247,0.218908,-1.787790,-0.974464,1.369264,0.352521,-1.020339,-1.155137,0.383616,0.429839,486.241779,1.360002,-1.224006,0.211815,0.306606,1.607285,-0.716531,-1.198456,0.631929,0.260295,0.914583,0.495987,1.956234,1.668678,-1.325801,0.545025
-0.420658,0.802373,0.684399,0.436439,0.763443,0.255411,-1.263008,0.428407,0.811642,0.318081,0.503432,0.586335,1.025016,1.242811,0.602088,0.536377,0.641791,1.336287,-1.122221,1.177528,1.582415,-1.736631,-1.145020,0.872550,-1.787790,-2.196102,1.063845,0.331880,-1.020339,-1.555697,0.400902,0.440330,284.164262,1.219066,-1.354516,0.819227,0.444501,1.133210,-1.057139,-1.426506,0.875748,0.270192,0.645675,0.685534,1.956234,1.668678,-2.389400,1.314175
-0.385430,0.458642,0.674180,0.689958,0.838785,0.530926,-1.204422,0.297697,1.214143,0.651121,0.634824,0.433590,1.216512,0.997889,0.591041,0.681278,0.731723,1.444018,-1.142393,1.771952,1.582415,-2.381491,-1.040523,0.870873,-0.290144,-2.375179,1.063845,0.703960,0.456054,-1.555697,2.171710,0.419566,236.514805,1.241987,-1.451125,0.875556,0.672546,1.376939,-1.057139,-1.196471,0.557126,0.517989,0.960107,0.190572,2.947150,1.238261,-2.465942,1.679320
-0.385430,0.427908,1.639159,0.290643,0.553466,0.393321,-0.939405,0.276094,1.214143,0.427332,0.617847,0.564162,1.216512,0.997889,0.627684,0.629104,0.660056,1.444018,-0.830113,1.469740,1.004078,-1.802610,-0.944354,0.336267,-0.022091,-2.375179,1.192663,0.550202,-0.632476,-1.282475,2.171710,0.328706,547.971513,1.018965,-1.272274,0.197877,0.291043,1.804247,-0.383918,0.029847,0.351628,0.143011,0.803282,0.548965,2.947150,1.233353,-0.738716,0.474101
-1.193208,0.615391,1.516017,0.631597,0.571486,0.465828,-1.208129,0.631084,0.603297,0.271775,0.429430,0.515979,1.100213,0.911057,0.629615,0.481541,0.471628,1.293012,-1.160679,0.972913,0.940360,-1.117644,-1.352143,-0.228601,-1.643555,-0.959177,1.192663,0.556424,-1.050904,-1.282475,0.323654,0.452844,638.858398,1.263898,-1.308698,0.191331,0.338253,1.774312,-0.854106,-1.278091,0.600059,0.184762,1.163602,0.446005,1.521426,1.762169,-1.190110,0.655616
-1.193208,0.839679,0.655516,0.683369,0.725621,0.582253,-1.242493,0.629863,0.975246,0.310686,0.489950,0.781353,1.100213,0.911057,0.560939,0.491359,0.479459,2.292903,-1.167223,1.073915,1.353972,-1.345226,-1.377471,1.113617,-1.643555,-0.959177,1.036575,0.594785,-1.050904,-1.174356,0.396858,0.573075,295.809338,1.249573,-1.246980,0.780389,0.421701,1.445026,-1.097680,-1.547930,0.874086,0.197613,1.017228,0.747687,1.521426,1.762169,-1.190110,0.655616
-0.395717,0.462101,0.642986,0.714619,0.834665,0.652747,-1.344513,0.297711,1.269228,0.509889,0.637579,0.758172,1.128697,1.383415,0.590580,0.846111,1.882546,1.973475,-1.263547,1.667063,2.907637,-2.650161,-1.128285,1.236965,-1.642883,-1.984249,1.036575,0.999736,0.475052,-1.096712,1.773185,0.583441,227.842791,1.337962,-1.272018,0.867392,0.689344,1.059319,-1.097680,-1.276816,0.596539,0.494777,0.826901,0.196244,8.130181,1.565463,-1.162890,2.062165
-0.395717,0.369474,1.583168,0.325165,0.543317,0.674766,-1.232972,0.315950,1.267026,0.188750,0.424771,0.628936,1.128697,1.383415,0.617185,0.426851,1.678329,1.511957,-1.140956,1.052022,2.907637,-2.650161,-0.922257,0.345839,-1.642883,-1.984249,1.014843,0.809118,-0.516314,-1.029275,0.221797,0.658340,555.739165,1.259686,-1.204335,0.202223,0.258736,1.120745,-0.389882,-0.079548,0.347488,0.169567,0.984622,0.562081,8.130181,1.439374,-0.652056,0.036747
-1.168111,0.596638,1.693144,0.509878,0.554215,0.504928,-1.209382,0.601375,0.622353,0.248440,0.283544,0.400548,1.043112,1.035598,0.610453,0.489526,0.566952,0.791890,-1.115769,1.029679,1.244920,-0.992024,-1.204710,0.013814,-2.004698,-0.990498,1.014843,0.515377,-0.977020,-1.458773,0.383601,0.516438,690.889911,1.208589,-1.242968,0.197301,0.330213,1.705753,-0.888720,-1.000995,0.551520,0.211970,1.026601,0.450942,2.178082,1.567523,-1.107544,0.460505
-1.168111,0.756417,0.654487,0.570631,0.699481,0.535981,-1.289163,0.576905,1.105180,0.308676,0.517657,0.806956,1.043112,1.035598,0.542849,0.510973,0.637346,2.864846,-1.163780,1.029679,2.229126,-1.431365,-1.306578,1.053501,-2.004698,-0.990498,0.862362,0.575575,-0.977020,-1.458773,0.383601,0.606114,274.004590,1.246221,-1.347784,0.748101,0.416952,-0.031023,-1.054783,-1.266368,0.787891,0.217914,0.953159,0.762353,2.178082,1.567523,-1.107544,0.460505
-0.433116,0.521057,0.712767,0.503996,0.770042,0.310374,-1.292572,0.279626,1.105180,0.514514,0.677553,0.417760,1.067959,1.289828,0.498194,0.654724,1.522923,1.600881,-1.165082,1.285453,2.598123,-2.014408,-1.110819,1.053501,-0.946158,-2.337454,0.862362,0.733084,0.376000,-1.005083,1.506548,0.395633,227.863932,1.263606,-1.529259,0.799821,0.582284,1.300755,-1.054783,-1.121071,0.590648,0.442500,0.725812,0.198619,5.021376,0.816813,-0.884670,1.155240
-0.433116,0.520278,1.883729,0.332768,0.525613,0.349569,-1.214046,0.290750,0.974785,0.210906,0.570502,0.551867,1.067959,1.289828,0.572145,0.480838,1.355019,1.600881,-1.061786,1.285453,2.598123,-2.014408,-0.832730,0.361595,-0.946158,-2.337454,1.086456,0.646690,-0.730357,-1.005083,0.265078,0.352654,597.274384,1.231327,-1.440411,0.175449,0.237366,1.307970,-0.382931,0.154029,0.297408,0.181702,1.019151,0.549375,5.021376,0.632810,-0.884670,0.067939
-1.313790,0.666064,1.890316,0.543841,0.555664,0.286265,-1.246412,0.640519,0.290425,0.215636,0.283018,0.493407,1.022911,0.937629,0.609940,0.414711,0.498005,1.466127,-1.112276,0.759014,0.848159,-0.838443,-1.115064,-0.149850,-0.848560,-1.024682,1.086456,0.378196,-1.149881,-1.314305,0.390875,0.450165,753.567904,1.245079,-1.425447,0.168458,0.299556,1.718568,-0.771491,-0.779201,0.478824,0.169791,1.270262,0.386599,1.869352,0.806350,-1.053114,0.703072
-1.313790,0.744486,0.891708,0.645596,0.684750,0.439989,-1.242581,0.625298,1.120792,0.255379,0.359070,0.543198,1.022911,0.937629,0.563152,0.393336,0.589242,1.466127,-1.151589,0.959573,1.648386,-1.367798,-1.284548,1.179209,-0.848560,-1.024682,0.830385,0.474778,-1.149881,-1.314305,0.390875,0.563556,377.136932,1.221439,-1.346397,0.737446,0.408179,1.055676,-1.080468,-1.144655,0.788349,0.179971,0.560366,0.820643,1.869352,0.806350,-1.053114,0.703072
-0.496000,0.531166,0.613248,0.570577,0.804569,0.413096,-1.262646,0.297322,1.120792,0.600622,0.660294,0.475175,1.000925,1.416849,0.504214,0.528546,0.869139,1.441581,-1.239210,1.198947,2.065828,-2.075486,-1.088372,1.179209,-0.217163,-2.750417,0.830385,0.875401,0.375190,-1.095461,2.156291,0.494189,206.206691,1.206442,-1.401099,0.831357,0.601204,1.114836,-1.080468,-1.122980,0.633346,0.476947,0.709195,0.192327,1.960999,1.336942,-1.174988,1.149465
-0.496000,0.473962,1.632650,0.344638,0.574099,0.525327,-1.366434,0.363311,0.933283,0.463503,0.622670,0.716193,1.000925,1.416849,0.540416,0.458191,0.605211,0.690067,-1.332319,1.052693,2.065828,-2.075486,-0.788088,0.262929,-0.156052,-2.750417,1.040536,0.718017,-0.591951,-0.795553,2.156291,0.596786,517.023916,1.314983,-1.225779,0.158930,0.239356,1.906665,-0.341678,0.106046,0.325695,0.183766,0.708177,0.500642,1.960999,1.336942,-0.824005,0.447389
-1.490517,0.608205,1.432688,0.425974,0.610806,0.431866,-1.271044,0.712294,0.716987,0.241648,0.357883,0.730528,1.049583,1.122472,0.588135,0.376801,0.442604,1.214268,-1.224855,1.021984,1.533017,-0.482961,-0.990504,0.060934,-1.715844,-1.125867,1.040536,0.394064,-1.052123,-1.318334,0.354426,0.489866,590.897102,1.248946,-1.451036,0.182636,0.273155,1.858814,-0.950877,-0.779408,0.514930,0.214932,1.013655,0.475224,1.496486,1.292460,-1.077672,0.462555
-1.490517,0.679107,0.620671,0.473338,0.692069,0.384233,-1.291739,0.708273,0.901369,0.262779,0.482265,0.719383,1.049583,1.122472,0.639251,0.410821,0.512804,1.576939,-1.159966,1.113111,1.533017,-1.079909,-1.119281,1.105447,-1.715844,-1.125867,1.317132,0.424696,-1.052123,-1.318334,0.433795,0.487225,266.305359,1.266312,-1.379426,0.734297,0.349359,0.963056,-1.091868,-1.079878,0.709889,0.223392,0.872055,0.711132,1.496486,1.292460,-1.077672,0.462555
-0.525780,0.460574,0.554400,0.595898,0.828507,0.549232,-1.335510,0.295459,0.962717,0.551518,0.697358,0.625377,1.237173,1.716213,0.680419,0.421882,0.691573,1.478231,-1.266829,1.445232,2.139127,-2.313786,-0.996116,1.105447,-0.071013,-3.319302,1.317132,0.786449,0.343144,-1.374391,2.361813,0.465941,185.687330,1.289484,-1.373408,0.849381,0.662684,1.034804,-1.087847,-1.035918,0.562552,0.478230,0.685975,0.173209,2.352103,1.324974,-0.764241,1.660487
-0.525780,0.363701,1.473164,0.308326,0.632755,0.538100,-1.248923,0.383368,0.962717,0.466985,0.708803,0.732855,1.237173,1.716213,0.620611,0.413293,0.648011,1.235705,-1.212104,1.061659,2.139127,-2.313786,-0.898529,0.374107,-0.037571,-3.319302,0.999269,0.706194,-0.587594,-1.374391,2.361813,0.444737,482.652098,1.254573,-1.387050,0.226366,0.315449,1.625242,-0.353243,-0.103852,0.358475,0.229833,0.845784,0.505533,2.352103,1.278188,-0.526251,0.494864
-1.031364,0.520195,1.363582,0.392032,0.619059,0.515183,-1.208259,0.556323,0.944466,0.203343,0.405561,0.680770,1.075124,1.244289,0.611815,0.296399,0.474694,1.112028,-1.217470,0.937872,1.780371,-0.577819,-1.127676,0.385309,-1.123864,-1.245060,0.999269,0.400672,-1.157610,-0.807146,0.309924,0.452623,556.248540,1.260363,-1.401605,0.191177,0.296332,1.690130,-0.759964,-0.655490,0.481194,0.240752,0.898503,0.584956,1.853989,1.517851,-1.203948,0.421261
-1.031364,0.661756,0.630192,0.483288,0.714476,0.373206,-1.237351,0.529483,0.848869,0.219948,0.422231,0.741861,1.075124,1.244289,0.631562,0.540759,0.861545,1.112028,-1.184096,1.121324,1.780371,-1.026864,-1.168110,2.108155,-1.123864,-1.245060,1.114025,0.533480,-1.157610,-0.871904,0.334701,0.672818,264.042558,1.240561,-1.314738,0.763191,0.359458,0.970523,-1.078038,-1.200734,0.720021,0.243797,0.575831,0.759167,1.853989,1.517851,-1.203948,0.421261
-0.542118,0.464142,0.504548,0.710376,0.786181,0.560514,-1.285914,0.289006,1.155519,0.469323,0.556080,0.374438,0.993937,1.143803,0.638106,0.608318,0.915455,0.926364,-1.120138,1.256443,1.114271,-1.032034,-0.890918,2.054944,-0.827786,-1.383885,1.114025,0.556403,0.403842,-1.680679,1.269321,0.478126,160.500258,1.291262,-1.291818,0.812954,0.700141,0.977424,-1.059835,-1.165300,0.551517,0.467355,0.480891,0.192300,2.961037,1.084301,-1.281929,1.584860
-0.542118,0.523170,1.195458,0.363930,0.561575,0.397087,-0.852441,0.363944,1.155519,0.266057,0.532487,0.563830,0.993937,1.143803,0.612312,0.368780,0.673163,0.740592,-0.703751,0.969324,1.114271,-1.032034,-0.905237,0.370261,-0.827786,-1.383885,1.093240,0.526521,-0.454822,-1.170267,1.269321,0.403540,418.156015,0.875071,-1.327347,0.174083,0.403704,1.862790,-0.340579,0.149577,0.357673,0.174425,0.830293,0.522806,2.961037,1.067360,-1.281929,1.101563
-1.121278,0.692224,1.133569,0.502663,0.605584,0.314551,-1.232659,0.598835,0.622806,0.240738,0.469191,0.443208,1.038942,1.284514,0.595534,0.483108,0.582559,0.740592,-1.128987,1.183511,1.650134,-0.901856,-1.089276,0.075491,-2.349301,-1.167462,1.093240,0.494819,-0.866331,-1.275472,0.332733,0.532114,485.562863,1.217455,-1.393105,0.213765,0.313046,1.900531,-0.967060,-1.084643,0.616738,0.255304,0.879162,0.431789,2.335183,1.517729,-1.305440,0.496489
-1.121278,0.804519,0.600359,0.548773,0.729007,0.262022,-1.246838,0.606631,0.759953,0.331248,0.570396,0.627055,1.038942,1.284514,0.589401,0.520694,0.617347,1.647367,-1.163658,1.230869,1.650134,-1.158581,-1.129780,0.602616,-2.349301,-1.167462,1.204115,0.460151,-0.866331,-1.275472,0.461550,0.632360,235.111673,1.223124,-1.446762,0.783020,0.391304,1.294504,-1.059052,-1.474794,0.859063,0.266176,0.843305,0.610975,2.335183,1.517729,-1.305440,0.496489
-0.515351,0.561676,0.561297,0.591305,0.774359,0.386194,-1.297210,0.258625,0.823086,0.615048,0.459519,0.423957,0.982021,1.777904,0.556319,0.388864,0.681451,1.560651,-1.113259,1.218310,1.833095,-1.292318,-0.876667,0.602616,0.047309,-1.825275,1.204115,0.599279,0.194969,-1.096687,2.231947,0.343408,185.150802,1.273201,-1.389634,0.809449,0.618238,1.157784,-1.059052,-1.317866,0.618008,0.535514,0.939991,0.167475,1.263383,1.050396,-1.516949,1.376932
-0.515351,0.589102,1.434013,0.211462,0.562630,0.408892,-1.042245,0.372092,0.823086,0.159371,0.414959,0.497202,0.982021,0.863439,0.572438,0.301073,0.351540,1.013582,-0.982627,0.927985,1.304416,-1.258795,-0.778795,0.370465,0.047309,-1.408997,1.096647,0.448596,-0.587794,-1.037516,0.365360,0.408191,456.801205,1.110765,-1.248227,0.160548,0.249597,1.851521,-0.404146,0.296829,0.250530,0.107871,0.883564,0.420377,1.263383,0.977272,-0.676814,0.498336
-0.556298,0.783694,1.143513,0.547036,0.567762,0.329777,-1.252614,0.443309,0.464463,0.230881,0.423755,0.459940,0.992524,1.284600,0.567882,0.437729,0.784941,0.745281,-1.171512,1.218676,0.887567,-0.497522,-0.849326,1.168722,-1.190420,-0.985775,1.096647,0.297878,-0.832720,-1.184634,0.339885,0.598645,435.470553,1.299220,-1.268439,0.420439,0.349900,1.907681,-1.005023,-1.124315,0.811377,0.230138,0.774027,0.373912,2.980445,1.628735,-1.061972,0.473870
-0.709239,0.567041,0.748057,0.789664,0.653833,0.469436,-1.293487,0.320845,0.726533,0.557759,0.594774,0.552617,0.925963,1.390074,0.418997,0.648664,0.749487,1.727463,-1.184413,1.535564,1.173758,-1.590233,-0.747258,1.168722,-0.305206,-1.603137,0.811868,0.678643,0.214737,-1.139914,2.314491,0.505151,308.951018,1.313566,-1.369149,0.695029,0.533264,1.284324,-1.043870,-1.124315,0.633000,0.400872,0.436488,0.143319,2.348439,1.073320,-1.051890,1.513274
0.175649,0.762446,0.796551,0.061281,0.325022,0.312176,-1.109435,0.190969,0.310881,0.025928,0.057110,0.403629,0.351773,0.169275,0.242315,0.060674,0.032740,0.160763,-1.024805,0.681582,0.424158,-0.203801,-0.744295,-0.124743,0.272048,-0.030819,0.777238,0.165715,-0.389488,-0.551534,0.206256,0.097499,268.627136,1.204412,-1.306475,0.019929,0.103403,1.422720,-0.321905,0.473308,0.133469,0.003309,0.507828,0.210125,-0.078244,0.527998,0.107275,-0.203655
0.655525,1.020269,1.585177,0.038453,0.286953,0.291329,-0.944051,0.037132,-0.452264,0.015246,0.042533,0.188099,0.325261,0.169875,0.044350,0.037688,0.027439,0.431658,-0.880644,0.658098,0.391828,-0.215978,-0.721990,-0.161031,0.248069,0.038300,0.484732,0.134863,-0.563888,-0.624554,0.206987,0.316123,519.951678,1.068403,-1.303141,0.016097,0.041213,1.826199,-0.328712,0.981102,0.024318,0.002468,0.264018,0.026361,-0.021809,0.588247,-0.023867,-0.354294
0.138433,0.844314,1.833620,0.812633,0.431100,0.360524,-1.187129,0.194163,0.675620,0.122186,0.287614,0.368642,0.785492,1.121565,0.167747,0.408342,0.544016,1.251371,-1.119685,0.990882,0.811529,-0.734711,-1.279740,-0.161031,-0.268758,-0.563485,0.706581,0.255728,-0.572251,-0.915385,0.270096,0.666654,733.755708,1.255667,-1.188276,0.159030,0.260409,1.894793,-0.503242,-1.097801,0.728232,0.152633,0.480967,0.328092,2.213917,0.796092,-1.160887,0.562834
0.138433,0.940524,1.119654,0.772049,0.419775,0.225849,-1.245481,0.196225,1.483551,0.125855,0.483652,0.344516,0.785492,1.121565,0.227543,0.441780,0.642852,1.502831,-1.152405,1.077476,2.045025,-1.250595,-1.322826,-0.163705,-0.268758,-0.563485,0.706581,0.271151,-0.572251,-0.915385,0.270096,0.541760,427.144035,1.284556,-1.163523,0.357685,0.298277,0.914121,-0.790135,-1.462861,0.985742,0.158891,0.429377,0.683332,2.213917,0.796092,-1.160887,0.562834
0.138433,0.906265,0.482649,0.777850,0.403316,0.360930,-1.268202,0.162848,1.606075,0.186934,0.383280,0.368927,0.724696,1.121565,0.223593,0.423277,0.592910,1.502831,-1.169635,1.077476,2.045025,-1.394709,-1.330570,0.206635,-0.268758,-0.563485,0.706581,0.497745,-0.100065,-0.508021,0.270096,0.385244,154.743319,1.272045,-1.320521,0.436827,0.344263,0.996923,-0.822547,-1.462861,0.631976,0.246602,0.280003,0.491161,2.213917,0.855549,-0.870721,0.643430
-0.258794,0.641046,0.488398,0.433999,0.530997,0.599398,-1.349615,0.264783,1.606075,0.371428,0.380966,0.374249,0.807900,0.957237,0.403369,0.405796,0.697681,1.494753,-1.279049,1.077476,2.045025,-1.394709,-1.150055,0.215997,0.386848,-0.809065,0.656757,0.538302,0.884433,-0.368233,1.344261,0.382552,160.751560,1.316523,-1.342206,0.571066,0.410414,0.942179,-0.822547,-1.462861,0.752950,0.264318,0.525822,0.171962,0.704752,1.321461,-0.432312,0.643430
0.248377,0.542759,0.938863,0.046803,0.270134,0.439113,-1.052066,0.027969,0.612623,0.038073,0.099372,0.302223,0.426515,0.216455,0.253934,0.099154,0.021715,0.931273,-1.063474,0.961292,0.448694,-1.127167,-0.829814,0.245945,0.272035,-1.521148,0.621340,0.266675,-0.274922,-0.665340,0.250203,0.360907,400.016354,1.166978,-1.271740,0.040960,0.065790,1.538482,-0.323695,0.062857,0.289621,0.004385,0.741381,0.297651,-0.095755,0.613468,-0.097320,-0.020516
0.367050,0.856607,0.512775,0.064296,0.306528,0.106856,-1.492511,0.162232,-0.085650,0.008141,0.048401,0.182652,0.324803,0.174159,0.054772,0.022505,0.041643,0.327221,-1.402887,0.652610,0.419360,-0.229833,-0.879100,-0.117092,0.325040,0.066910,0.462083,0.050964,-0.239652,-0.362885,0.214121,0.051642,169.987636,1.385763,-1.172951,0.011210,0.015149,0.961795,-0.331918,0.812039,0.038178,0.004828,0.216089,0.044793,0.090160,0.519584,-0.058020,-0.306699
0.897874,0.890850,0.679221,0.094350,0.342279,0.143578,-1.452276,0.101814,-0.097574,0.034804,0.048317,0.187354,0.450748,0.174117,0.168135,0.070621,0.068384,0.368770,-1.336887,0.707270,0.467015,-0.151830,-0.918992,-0.062930,0.212358,0.083766,0.751816,0.100316,-0.568808,-0.471812,0.226226,0.138984,224.071173,1.385249,-1.320025,0.039927,0.079638,1.112662,-0.341352,0.778010,0.114643,0.005648,0.238443,0.145680,-0.003073,0.858998,0.045877,-0.232550
-0.780325,0.849959,1.456058,0.339843,0.551588,0.329405,-1.333608,0.622708,-0.069599,0.172823,0.208776,0.235292,0.869839,1.012488,0.468673,0.202927,0.499336,0.178199,-1.193332,0.856771,0.926356,-0.240471,-0.949948,0.457968,-0.769267,-0.624856,0.751816,0.281873,-1.055668,-0.959930,0.523579,0.338677,586.646436,1.344972,-1.383310,0.171695,0.225194,1.970160,-0.678968,-0.799375,0.572152,0.177407,0.936827,0.268309,1.868230,1.330865,-1.075167,0.254316
-0.780325,0.689979,0.651507,0.376508,0.652295,0.317457,-1.295237,0.522547,1.122164,0.208953,0.408380,0.352208,0.869839,1.012488,0.589457,0.274735,0.569472,0.527364,-1.192597,0.950895,1.071990,-1.068049,-0.953567,1.146920,-0.769267,-0.624856,1.238571,0.279168,-1.055668,-0.959930,0.346178,0.509549,270.111814,1.340272,-1.332599,0.697960,0.290565,0.973783,-0.995236,-1.113067,0.741606,0.174264,0.576944,0.821508,1.868230,1.330865,-1.075167,0.275190
-0.191514,0.356793,0.649923,0.375231,0.739837,0.407527,-1.304593,0.275097,1.240676,0.440923,0.426208,0.497056,1.032481,1.869468,0.628213,0.285975,0.558480,1.176009,-1.169383,1.057946,1.071990,-1.232060,-0.972153,1.115840,0.036244,-1.701849,1.238571,0.555771,0.606036,-0.912480,1.248590,0.359958,233.595715,1.309898,-1.309158,0.772904,0.524055,1.327889,-0.995147,-1.077500,0.475373,0.414160,0.534631,0.140959,1.391077,1.331743,-0.788950,0.849552
-0.191514,0.354669,1.951013,0.213703,0.551546,0.279763,-1.132003,0.326232,1.240676,0.150858,0.308309,0.627579,1.032481,1.869468,0.626975,0.259948,0.457873,1.122850,-1.030014,1.057946,0.784793,-1.232060,-0.846150,0.005467,0.036244,-1.701849,1.372629,0.404871,-0.512004,-0.912480,0.752607,0.246174,639.801726,1.076261,-1.310066,0.173517,0.249917,1.788963,-0.451147,-0.117361,0.402459,0.255228,0.466878,0.607041,1.391077,1.202374,-0.100767,0.325186
-1.305260,0.583325,1.976927,0.552502,0.593115,0.354691,-1.255376,0.672913,0.921051,0.242039,0.278013,0.590264,1.084475,1.104466,0.636825,0.337760,0.567636,0.963410,-1.163426,0.870656,1.608940,-0.245121,-0.956628,0.290689,-1.854953,-1.118676,1.372629,0.391811,-1.002837,-1.264836,0.395806,0.436220,813.381363,1.235806,-1.346447,0.189146,0.277288,1.801071,-0.910104,-0.768446,0.507914,0.225387,0.640495,0.548786,2.763089,1.520901,-1.041614,0.524505
-1.305260,0.676352,0.843237,0.582329,0.720388,0.311557,-1.314171,0.642864,1.080907,0.270648,0.451018,0.696360,1.084475,1.104466,0.625516,0.406986,0.658154,1.650415,-1.240407,1.035568,1.608940,-1.016815,-0.955184,1.398265,-1.854953,-1.118676,1.195513,0.385353,-1.002837,-1.264836,0.404138,0.432540,359.814197,1.300682,-1.299967,0.771662,0.379782,1.530950,-1.087614,-1.023644,0.730667,0.228391,0.613374,0.740981,2.763089,1.520901,-1.041614,0.524505
-0.656959,0.417987,0.504700,0.555125,0.828829,0.392294,-1.278004,0.360209,1.205586,0.568157,0.465549,0.523786,1.109921,1.447087,0.692033,0.428351,0.735006,1.397592,-1.206988,1.436186,1.085983,-1.342736,-0.975309,1.398265,-0.709784,-1.517933,1.195513,0.713339,0.369661,-1.447776,2.489726,0.417069,171.037041,1.260778,-1.313384,0.859514,0.698403,1.043645,-1.078724,-0.994272,0.533083,0.501449,0.438268,0.195052,3.654122,1.689725,-1.892886,1.677467
-0.656959,0.409753,1.147255,0.265398,0.567328,0.463617,-1.181503,0.396852,1.205586,0.405768,0.345637,0.728918,1.109921,1.447087,0.678166,0.388497,0.688518,1.394924,-0.973610,1.086089,1.085983,-1.336244,-0.865603,0.333755,-0.709784,-1.299065,1.301550,0.551082,-0.528737,-0.966845,2.489726,0.518238,372.686713,1.148313,-1.321087,0.202261,0.361070,1.382268,-0.426973,-0.005305,0.389277,0.201937,0.765991,0.540619,3.654122,1.619986,-0.653786,0.238124
-1.241314,0.610727,1.197612,0.467314,0.600568,0.419598,-1.221465,0.619574,0.867706,0.246757,0.419275,0.582862,1.023405,1.245077,0.609169,0.436513,0.607711,0.599153,-1.015240,1.137727,1.449292,-0.634658,-0.973149,0.668191,-1.697754,-1.163518,1.301550,0.413989,-0.928938,-1.258574,0.362654,0.530670,477.066035,1.211227,-1.373511,0.222337,0.306236,1.540635,-0.915715,-0.888608,0.573810,0.254311,0.930820,0.530702,2.443885,2.117214,-1.173803,0.521037
-1.241314,0.707752,0.795290,0.457826,0.727871,0.363068,-1.258280,0.612677,0.864000,0.325261,0.536407,0.448864,1.023405,1.245077,0.573899,0.520090,0.798697,0.599153,-1.132829,1.137727,1.449292,-1.502182,-1.294668,1.381810,-1.697754,-1.471075,1.203588,0.351313,-0.928938,-1.303274,0.383019,0.544280,319.737900,1.254885,-1.351718,0.783622,0.410194,1.344085,-1.068009,-1.146693,0.767426,0.257283,0.816306,0.657667,2.443885,2.117214,-1.566905,0.715283
-0.534807,0.462917,0.515418,0.673243,0.773441,0.502932,-1.373381,0.282577,0.989651,0.601297,0.609600,0.301896,1.066948,1.351890,0.635271,0.465480,0.972752,1.232888,-1.330167,1.403466,1.282276,-1.579968,-1.355175,1.381810,-0.226677,-2.378160,1.203588,0.577341,0.390924,-1.755258,1.892070,0.305089,180.570885,1.302293,-1.356023,0.812895,0.718561,1.103779,-1.068009,-1.105520,0.536739,0.520928,0.573232,0.160338,3.064862,1.242145,-2.743740,1.563026
-0.534807,0.546396,1.532929,0.375356,0.557194,0.310911,-1.242349,0.361578,0.989651,0.263723,0.541888,0.821508,1.066948,1.351890,0.662567,0.329457,0.871122,1.232888,-1.202232,1.107574,0.795825,-1.570547,-0.894302,0.171350,-0.226677,-2.251940,1.256867,0.482306,-0.610122,-1.053995,1.892070,0.292931,446.553090,1.177908,-1.173134,0.180054,0.433626,1.492643,-0.421156,0.155694,0.347200,0.239571,0.638159,0.495238,3.064862,1.242145,-1.429180,1.563026
-0.787309,0.711460,1.431286,0.553852,0.629285,0.335804,-1.146988,0.493617,0.611535,0.247396,0.470753,0.676871,1.191179,1.523499,0.611724,0.550759,0.553703,0.938089,-1.055214,0.888086,1.099410,-0.968711,-1.269366,-0.150898,-1.770760,-1.287074,1.256867,0.461249,-1.062603,-1.300207,0.546873,0.511443,545.700597,1.211859,-1.195664,0.212595,0.347104,1.577230,-0.784941,-1.393003,0.645195,0.276481,0.692085,0.476986,1.963517,1.638071,-1.403732,0.637843
-0.787309,0.929300,0.666131,0.632041,0.815717,0.334729,-1.155545,0.506595,1.046809,0.317830,0.538102,0.733674,1.191179,1.523499,0.589540,0.549352,0.552871,1.971689,-1.030514,1.223295,1.566205,-0.968711,-1.312036,1.089572,-1.770760,-1.287074,1.142012,0.510289,-1.062603,-1.733663,0.590852,0.479024,284.547830,1.099937,-1.152865,0.874915,0.434804,1.445375,-1.111287,-1.821759,0.991010,0.279954,0.511168,0.783396,1.963517,1.638071,-1.403732,0.637843
-0.339345,0.593592,0.866067,0.739369,0.894383,0.263944,-1.371677,0.287920,1.118018,0.731093,0.661907,0.564012,1.084254,1.246496,0.580644,0.684574,1.191391,1.834196,-1.376806,1.763146,1.752540,-2.960430,-1.122913,1.089572,-0.997210,-4.022503,1.142012,0.991175,0.392075,-1.733663,2.384728,0.506550,296.696069,1.361456,-1.333739,0.931070,0.782904,1.532815,-1.111287,-1.610779,0.723893,0.588651,1.002832,0.214379,4.303631,1.764456,-2.844172,1.946824
-0.339345,0.537510,1.770339,0.419341,0.576238,0.281065,-1.350264,0.253042,1.118018,0.556760,0.646176,0.645850,1.084254,1.246496,0.586168,0.655145,1.149976,1.640436,-1.215183,1.132972,1.752540,-2.960430,-0.975761,0.248649,-0.997210,-4.022503,1.191585,0.862980,-0.790704,-1.569312,2.384728,0.529216,636.105368,1.295584,-1.169581,0.185040,0.384565,1.895236,-0.405351,0.166687,0.335742,0.203101,1.194507,0.576923,4.303631,1.764456,-1.854666,0.778923
-1.544129,0.682288,1.973467,0.571888,0.591930,0.399521,-1.384926,0.682510,0.706866,0.280935,0.334179,0.400126,1.174166,1.122308,0.584366,0.526274,0.687858,1.305533,-1.259830,0.820268,1.175511,-0.953970,-1.130846,-0.205864,-2.245628,-1.105358,1.191585,0.634316,-1.320556,-1.445953,0.561795,0.542156,846.702655,1.343658,-1.395183,0.192580,0.346652,2.111079,-0.972700,-1.013017,0.552734,0.224982,1.147180,0.539607,2.556237,1.478780,-1.192589,0.725664
-1.544129,0.748710,0.910189,0.690510,0.769732,0.499683,-1.394260,0.672326,1.004566,0.375672,0.532027,0.853568,1.174166,1.122308,0.621442,0.522471,0.715908,2.217934,-1.257263,0.990484,2.167563,-2.075882,-1.338631,1.403915,-2.245628,-1.774714,1.313850,0.641862,-1.320556,-1.433852,0.561795,0.547518,389.490513,1.348271,-1.284611,0.822648,0.544449,1.001431,-1.145699,-1.258698,0.820441,0.245205,0.821046,0.859081,2.556237,1.478780,-1.964814,1.690125
-0.112671,0.407040,1.365731,0.818040,0.833945,0.649671,-1.403638,0.216127,1.088809,0.482030,0.726408,0.891553,1.443007,2.449870,0.716507,0.942133,1.190422,2.748129,-1.267683,1.686980,2.391499,-2.290848,-1.191012,1.403915,-0.943600,-3.923880,1.313850,0.703345,0.373418,-1.433852,1.243007,0.611159,454.388825,1.292992,-1.320942,0.879217,0.761651,1.771449,-1.145699,-0.965545,0.493500,0.569014,0.732292,0.190321,3.506361,1.978525,-2.013828,2.397224
-0.090387,0.434277,2.405182,0.298099,0.494078,0.800519,-1.142631,0.147728,1.010935,0.107416,0.581748,0.812385,1.053118,0.635294,0.537775,0.355714,0.536240,2.409979,-0.978700,1.350504,1.076027,-1.710860,-0.892119,0.859651,0.095814,-1.756461,1.019726,0.445177,-0.739568,-1.260948,0.318233,0.642209,806.753769,1.134956,-1.223699,0.161862,0.329853,1.266595,-0.381261,-0.135448,0.386490,0.074653,0.932897,0.535167,2.547032,0.847532,0.067786,-0.073577
-1.390986,0.635095,2.192604,0.578795,0.525746,0.676175,-1.246188,0.635927,0.381421,0.209577,0.260982,0.720420,0.995604,0.974563,0.564517,0.413985,0.526075,2.154356,-1.090883,0.927846,0.780523,-1.041477,-1.038495,-0.181699,-1.427520,-1.025248,1.019726,0.513657,-1.175372,-1.260948,0.438240,0.489826,923.554204,1.222208,-1.250308,0.180585,0.328943,1.760062,-0.849972,-0.874751,0.505184,0.184222,1.212365,0.440205,1.790273,1.642555,-1.071529,0.621595
-1.390986,0.709981,0.880528,0.619959,0.663709,0.572765,-1.315483,0.633877,1.074567,0.269103,0.384348,0.874995,0.995604,0.974563,0.493594,0.390112,0.582681,2.495744,-1.228801,1.009174,1.993646,-1.532279,-1.273533,1.269790,-1.427520,-1.025248,0.920529,0.520999,-1.175372,-1.071054,0.438240,0.472820,373.232330,1.297303,-1.110014,0.711185,0.395168,1.679086,-1.072341,-1.113015,0.765285,0.190704,0.756672,0.834422,1.790273,1.642555,-1.141863,0.621595
-0.376255,0.554627,0.506685,0.542099,0.760599,0.333036,-1.258354,0.273552,1.074567,0.562125,0.553885,0.407518,1.109027,0.955291,0.447550,0.639139,1.318064,1.591530,-1.266980,1.131615,2.536429,-2.172739,-1.119474,1.269790,-0.761437,-2.827352,0.729593,0.742949,0.441626,-0.958976,1.665428,0.366649,172.019153,1.279443,-1.327214,0.788385,0.573078,1.027006,-1.072341,-1.092224,0.617217,0.416805,0.442592,0.164342,4.060505,1.087956,-0.998697,1.455696
-0.376255,0.598868,1.589601,0.362206,0.557366,0.288177,-1.023270,0.331513,0.944632,0.428573,0.565277,0.627991,1.109027,0.955291,0.590642,0.517289,1.157261,1.591530,-0.808868,0.989139,2.536429,-2.172739,-0.854259,0.539438,-0.761437,-2.827352,1.190555,0.637746,-0.499419,-0.890850,1.665428,0.466109,534.548506,0.969427,-1.336166,0.162241,0.258921,1.738586,-0.398114,0.211012,0.314798,0.149778,0.820277,0.509766,4.060505,1.087956,-0.723163,0.146188
-1.457772,0.710626,1.576578,0.593890,0.605833,0.436397,-1.303808,0.683711,0.760951,0.251963,0.298252,0.498129,1.058265,1.177385,0.595535,0.446175,0.497673,1.276708,-1.172111,1.010013,0.907049,-0.776600,-1.385718,0.103374,-1.433897,-1.097227,1.190555,0.451018,-0.890848,-1.157727,0.513315,0.618572,656.625818,1.318403,-1.313623,0.198408,0.309158,2.008827,-0.930960,-1.005747,0.589859,0.225345,0.872858,0.424065,2.483479,1.272246,-1.203433,0.560797
-1.457772,0.780690,0.760377,0.678283,0.740356,0.286476,-1.368390,0.671785,1.108855,0.301560,0.438803,0.653189,1.058265,1.177385,0.577365,0.410198,0.520118,2.219168,-1.241980,1.097418,1.732632,-1.124544,-1.412589,1.362076,-1.433897,-1.097227,1.061674,0.534957,-0.890848,-1.157727,0.513315,0.630615,311.632182,1.353426,-1.221935,0.793685,0.422138,1.525735,-1.090835,-1.321497,0.827028,0.234719,0.534386,0.738031,2.483479,1.272246,-1.203433,0.560797
-0.539623,0.521461,0.486251,0.690182,0.823180,0.277136,-1.361729,0.314653,1.108855,0.670663,0.688101,0.611506,1.064137,1.080743,0.543442,0.591643,0.832345,2.105186,-1.307529,1.504609,1.926230,-1.980172,-1.236379,1.362076,-0.420315,-3.433029,1.061674,0.808837,0.469970,-1.118474,2.605253,0.539060,158.347813,1.345250,-1.197345,0.854687,0.694740,0.918788,-1.090835,-1.249671,0.619480,0.488307,0.717571,0.176637,2.424119,1.456799,-2.030285,1.892504
-0.539623,0.506923,1.491116,0.396048,0.585373,0.304499,-1.187866,0.366834,0.982160,0.548841,0.673526,0.807883,1.064137,1.080743,0.601497,0.541744,0.696715,1.153734,-1.122964,0.899181,1.926230,-1.980172,-0.968546,0.262850,-0.420315,-3.433029,1.223407,0.680424,-0.459923,-1.109045,2.605253,0.766112,464.304787,1.219142,-1.308974,0.185643,0.282934,1.221166,-0.378407,0.152552,0.340826,0.152235,0.974669,0.480825,2.424119,1.456799,-1.138060,0.460618
-1.082615,0.652191,1.380781,0.550158,0.609693,0.445224,-1.149020,0.566708,0.900609,0.244613,0.462629,0.710204,1.023496,1.327439,0.583096,0.511522,0.692213,0.623295,-1.127935,1.161119,1.308410,-1.611437,-1.171413,0.100406,-2.153223,-1.134543,1.223407,0.447284,-0.914420,-1.109045,0.407277,0.758295,538.346942,1.246589,-1.413088,0.223425,0.341209,1.984561,-0.912903,-1.080943,0.593014,0.272421,0.997758,0.514812,2.933672,1.682796,-1.484789,0.539538
-1.082615,0.739939,0.772855,0.571209,0.753258,0.311064,-1.257786,0.557917,0.968036,0.335900,0.591998,0.559008,1.023496,1.327439,0.604852,0.541417,0.778186,1.402736,-1.210424,1.161119,1.372969,-1.811919,-1.191726,1.063969,-2.153223,-1.960015,1.343476,0.445561,-0.914420,-1.365345,0.407277,0.692157,301.008190,1.309286,-1.321635,0.808685,0.463972,1.279065,-1.110146,-1.333653,0.813817,0.282413,0.748693,0.701465,2.933672,1.682796,-1.969965,0.925020
-0.798214,0.446492,0.494470,0.610801,0.823396,0.395250,-1.433155,0.338229,1.150788,0.720273,0.795988,0.423361,1.117369,1.350919,0.702302,0.707686,0.779204,1.306528,-1.285968,1.394574,1.372969,-2.069654,-1.077685,1.063969,-0.727655,-2.116761,1.343476,0.754373,0.547721,-1.653387,2.601349,0.525912,168.588648,1.371035,-1.268361,0.856787,0.629444,1.008362,-1.110146,-1.138449,0.521816,0.483760,0.479486,0.152836,3.099816,1.463844,-1.969965,1.419193
-0.798214,0.463869,1.234314,0.409439,0.578529,0.358622,-0.961777,0.427979,1.150788,0.426284,0.728001,0.574629,1.117369,1.350919,0.658941,0.627068,0.700329,1.141294,-0.803856,1.394574,1.314146,-2.069654,-0.985453,0.541491,-0.727655,-1.870936,1.171405,0.638736,-0.633604,-0.843108,2.601349,0.309039,421.990016,0.950481,-1.235590,0.178803,0.275022,1.698241,-0.419708,0.077682,0.342549,0.186525,0.700169,0.564191,3.099816,1.424164,-0.850293,0.243117
-1.020378,0.587676,1.151673,0.395929,0.613661,0.452436,-1.124176,0.544938,0.886173,0.239254,0.353518,0.422969,1.040083,1.205968,0.565002,0.371240,0.654580,0.450304,-0.983404,1.117970,1.497765,-0.419750,-1.030953,0.847547,-1.385390,-1.150651,1.171405,0.382315,-1.054888,-0.954917,0.303910,0.418329,498.113182,1.147376,-1.281095,0.203752,0.293554,1.750886,-0.752434,-0.804588,0.522076,0.222465,0.867582,0.536331,2.852397,1.542995,-1.052530,0.514384
-1.020378,0.666726,0.581913,0.436582,0.727845,0.351854,-1.272597,0.530701,0.947587,0.278977,0.446066,0.488708,1.040083,1.205968,0.573986,0.559353,0.966836,0.822559,-1.155911,1.117970,1.497765,-1.150707,-1.060123,1.893262,-1.385390,-1.150651,1.229389,0.394427,-1.054888,-1.256069,0.303910,0.752552,245.087958,1.284406,-1.295941,0.784945,0.364411,1.275100,-1.048841,-1.100659,0.714320,0.219081,0.714929,0.735879,2.852397,1.542995,-1.052530,0.514384
-0.701922,0.479413,0.504163,0.819846,0.800470,0.587029,-1.402985,0.330804,1.052992,0.603555,0.550216,0.306221,1.041278,1.560744,0.588274,0.603297,0.962323,0.915997,-1.238662,1.374591,1.340040,-1.568181,-1.048226,1.890250,-1.030505,-2.093431,1.229389,0.571674,0.431278,-1.415277,2.087230,0.440451,168.852848,1.412019,-1.246659,0.834240,0.701810,0.932109,-1.048841,-1.081977,0.553946,0.565940,0.447374,0.159514,4.028521,1.341199,-1.933590,1.870114
-0.701922,0.555320,1.420797,0.406286,0.562791,0.447077,-1.018716,0.385597,1.052992,0.380375,0.521723,0.678069,1.041278,1.560744,0.629445,0.421252,0.748234,0.915997,-0.944112,0.844738,1.340040,-1.568181,-0.987145,0.258879,-1.030505,-0.710496,1.232594,0.456903,-0.479069,-0.791098,2.087230,0.409347,420.567356,1.056348,-1.333104,0.174850,0.306722,1.706060,-0.392879,0.207249,0.349641,0.269951,0.719541,0.509635,4.028521,1.341199,-0.745351,0.297968
-1.518428,0.694252,1.360945,0.450267,0.601438,0.281288,-1.251055,0.683747,0.763889,0.245476,0.424787,0.516430,1.006998,1.491994,0.601880,0.480508,0.449964,0.238421,-1.165419,1.143427,1.839541,-0.594408,-1.342043,0.183575,-1.919583,-1.131625,1.232594,0.424948,-0.936517,-1.287983,0.292698,0.723194,515.651097,1.245770,-1.431936,0.219485,0.331869,1.788515,-1.055743,-1.075243,0.617293,0.281446,0.764037,0.471998,2.233814,1.516763,-1.357013,0.586151
-1.518428,0.760724,0.761144,0.616772,0.758838,0.342268,-1.334238,0.689479,0.753126,0.399666,0.529026,0.583702,1.006998,1.491994,0.555307,0.526459,0.519553,1.456180,-1.224179,1.325278,1.839541,-1.506582,-1.354372,0.879094,-1.919583,-1.902631,1.079801,0.403690,-0.936517,-1.463609,0.373022,0.780919,308.531647,1.301040,-1.385105,0.817104,0.530995,1.265805,-1.174351,-1.338501,0.831316,0.339562,0.643779,0.624783,2.233814,1.516763,-2.134902,1.703677
-0.521004,0.435606,0.518996,0.840026,0.811908,0.379444,-1.198580,0.292644,0.948829,0.594309,0.636855,0.614476,1.211680,0.918188,0.684059,0.566745,0.706152,2.264678,-1.109247,1.561139,1.729548,-1.506582,-1.042980,0.879094,-0.257255,-2.195471,1.079801,0.629129,0.361292,-1.463609,2.512398,0.434079,179.397954,1.229350,-1.373183,0.852529,0.660265,1.080252,-1.167802,-1.191134,0.498874,0.495818,0.612168,0.149158,2.581569,1.463232,-2.134902,1.703677
-0.521004,0.498709,1.016403,0.362802,0.548238,0.394329,-1.117426,0.379193,0.948829,0.255099,0.643080,0.728156,1.211680,0.641922,0.694616,0.521716,0.484454,2.264678,-1.045739,1.362321,1.305158,-1.466136,-0.913130,0.242405,-0.257255,-2.195471,1.048316,0.441362,-0.673153,-0.970908,0.327484,0.339655,330.756576,1.213563,-1.227626,0.183789,0.287878,1.568723,-0.367534,0.139409,0.319062,0.079102,0.683355,0.494643,1.069679,1.463232,-0.180441,0.609151
-0.166218,0.782399,0.908658,0.787420,0.558827,0.493445,-1.258486,0.373221,0.428168,0.207503,0.398473,0.460612,1.066808,1.732639,0.572744,0.399297,0.790058,0.946637,-1.188949,1.293806,0.952191,-0.592618,-0.891189,1.110602,-0.556434,-1.118757,1.048316,0.383204,-0.863259,-1.124595,0.451477,0.415275,369.404773,1.318836,-1.172617,0.411959,0.328302,1.518848,-0.957270,-1.057880,0.817100,0.223662,0.705437,0.401749,2.313194,1.545992,-1.058907,0.427238
-0.692309,0.647379,0.715464,0.639420,0.529685,0.414939,-1.219321,0.354727,0.745697,0.436591,0.414125,0.353078,0.921827,2.321839,0.339784,0.535560,1.026265,0.946637,-1.164644,1.298690,1.361707,-1.701816,-0.904567,1.110602,-1.294353,-1.409428,0.793375,0.522264,0.200735,-1.240295,1.621762,0.465409,295.976361,1.267119,-1.161741,0.572687,0.388058,1.361034,-0.978892,-1.057880,0.693179,0.355715,0.465947,0.144608,2.458343,1.106382,-0.983734,0.331606
0.084811,0.980477,0.748891,0.054633,0.316771,0.099322,-1.055013,0.106611,0.267734,0.034043,0.090502,0.254010,0.366922,0.166523,0.123840,0.050493,0.026330,0.579272,-0.987825,0.680274,0.421103,-0.489356,-0.871512,-0.119700,0.310238,-0.005811,0.616377,0.127962,-0.371755,-0.692161,0.200730,0.254633,262.648763,1.156823,-1.249477,0.033118,0.112129,1.266953,-0.323753,0.609805,0.136303,0.002292,0.397506,0.177243,-0.111829,0.752058,0.084967,-0.107059
0.431353,1.084364,1.073131,0.026070,0.308633,0.221442,-0.892147,0.102049,-0.389985,0.016543,0.044696,0.181875,0.392031,0.170931,0.053393,0.034109,0.020152,0.331107,-0.833657,0.672741,0.379555,-0.091378,-0.827224,-0.247271,0.275145,0.045640,0.593086,0.064111,-0.633765,-0.484334,0.207549,0.149028,348.577049,1.001397,-1.320924,0.023824,0.066558,1.700421,-0.331446,1.003257,0.019610,0.003158,0.272995,0.067441,-0.067215,0.721629,-0.063879,-0.260923
0.094551,0.868721,1.296104,0.870664,0.444408,0.429830,-1.155732,0.226876,0.589517,0.100873,0.277332,0.445504,0.763950,1.342107,0.176336,0.378837,0.559046,1.616210,-1.051313,1.065348,1.031895,-0.924042,-1.380244,-0.247271,-0.130211,-0.598129,0.646497,0.210035,-0.633765,-0.918102,0.329752,0.705824,527.683830,1.239939,-1.277439,0.148703,0.240020,1.925275,-0.498760,-1.079876,0.736145,0.171942,0.302480,0.308216,2.347126,0.814521,-0.944501,0.274886
0.094551,0.886835,1.233604,0.849999,0.414749,0.274641,-1.187564,0.271857,1.006760,0.101840,0.340806,0.383268,0.763950,1.342107,0.223009,0.406240,0.590152,1.616210,-1.080323,1.065348,1.438260,-0.924042,-1.412209,0.066248,-0.130211,-0.598129,0.688365,0.166443,-0.633765,-0.918102,0.329752,0.660085,500.919506,1.268585,-1.333556,0.273638,0.247800,1.307134,-0.795561,-1.266796,0.936395,0.170969,0.277172,0.569969,2.347126,0.814521,-0.944501,0.274886
0.094551,0.824794,0.492230,0.883200,0.480981,0.105141,-1.197249,0.259539,1.467848,0.125677,0.372797,0.412511,0.763950,1.342107,0.262381,0.389652,0.605413,1.616210,-1.089676,1.065348,1.503170,-1.176760,-1.377028,0.156488,-0.130211,-0.598129,0.694579,0.352407,-0.559032,-0.918102,0.329752,0.729399,161.891680,1.260688,-1.317787,0.530399,0.312338,1.039415,-0.927605,-1.266796,0.601946,0.184992,0.233228,0.672074,2.347126,0.843268,-0.944501,0.274886
0.094551,0.890591,0.494830,0.971659,0.434229,0.136284,-1.260019,0.138931,1.467848,0.242376,0.360285,0.249219,0.750250,1.342107,0.210759,0.421013,0.586876,0.909771,-1.140714,1.065348,1.641990,-1.176760,-1.333413,0.533401,-0.130211,-0.685461,0.694579,0.494203,-0.055540,-0.720058,0.329752,0.737427,158.856098,1.299406,-1.383647,0.466581,0.467592,0.932970,-0.930604,-1.266796,0.781596,0.351051,0.230741,0.390735,2.347126,1.080626,-0.757938,0.974037
0.256083,0.680314,1.048564,0.374128,0.385461,0.539039,-1.275115,0.175217,0.727709,0.348075,0.500724,0.920020,0.729969,0.908551,0.216935,0.252406,1.024006,2.376418,-1.198908,1.259720,2.347660,-1.513030,-1.163785,0.269821,-0.333886,-1.180832,0.741865,0.498438,-0.144597,-1.018256,0.519057,0.387903,435.488804,1.244835,-1.149756,0.433304,0.412707,1.697109,-1.068175,-1.057810,0.705843,0.235440,0.507122,0.307016,3.664295,0.464873,-0.856878,0.744711
0.424632,1.013730,0.590494,0.041076,0.309748,0.200220,-1.235800,0.111013,-0.002890,0.022765,0.065136,0.232362,0.356288,0.167231,0.063524,0.052125,0.035831,0.371363,-1.041770,0.671379,0.429900,-0.288672,-0.991687,-0.012672,0.318031,0.035404,0.510884,0.105771,-0.270963,-0.347911,0.199145,0.194622,192.061569,1.177822,-1.220275,0.027679,0.032718,1.141736,-0.320454,0.875368,0.058824,0.002336,0.577120,0.073195,0.033447,0.465191,-0.084281,-0.327525
0.788801,0.913409,0.999496,0.042992,0.355393,0.064040,-1.435064,0.123067,0.014123,0.022204,0.055053,0.183353,0.491122,0.204690,0.186476,0.056299,0.054510,0.392411,-1.228548,0.684327,0.445493,-0.172365,-0.746932,-0.047610,0.299120,0.098391,0.727476,0.094651,-0.445268,-0.491216,0.354554,0.188760,314.189460,1.398790,-1.194431,0.041020,0.043682,1.576623,-0.324126,0.789801,0.101966,0.006008,0.286844,0.147282,0.088086,1.012398,0.018910,-0.331875
-0.788502,0.857863,1.916562,0.370786,0.548643,0.304933,-1.395709,0.669454,0.090268,0.181215,0.187797,0.311479,1.052043,1.194430,0.431147,0.357004,0.624650,0.850842,-1.296833,0.684327,1.352309,-0.254504,-1.387579,0.716212,-1.497678,-0.848019,0.779202,0.231580,-0.844737,-0.926892,0.354554,0.622737,747.462104,1.359791,-1.335515,0.180006,0.336098,1.942338,-0.712761,-0.874585,0.546651,0.215990,0.580088,0.264783,3.095806,1.496352,-1.342838,0.723234
-0.788502,0.754485,1.055238,0.384776,0.679314,0.270167,-1.318638,0.568997,1.147049,0.232769,0.399283,0.396667,1.052043,1.194430,0.548425,0.470909,0.752221,0.850842,-1.186332,1.044374,1.352309,-1.213906,-1.389822,1.337847,-1.497678,-0.848019,1.117524,0.261876,-0.844737,-0.998094,0.365281,0.579380,427.546508,1.253010,-1.282413,0.732814,0.405346,0.775015,-1.043864,-1.259836,0.823780,0.210927,0.468405,0.782242,3.095806,1.496352,-1.342838,0.723234
-0.481544,0.420431,0.538539,0.397846,0.785535,0.473631,-1.326558,0.310350,1.287426,0.494802,0.451845,0.370337,1.060119,2.127474,0.669149,0.415345,0.519504,1.016931,-1.207145,1.159548,0.866811,-1.310302,-1.055689,1.337847,-0.139755,-0.785182,1.117524,0.574395,0.679866,-1.033824,1.480600,0.507894,174.939051,1.320024,-1.195376,0.819886,0.601305,1.180081,-1.043864,-1.183151,0.542817,0.506275,0.517042,0.137727,1.484324,1.319145,-1.270947,1.153090
-0.481544,0.383378,1.515229,0.236772,0.568507,0.337591,-1.144457,0.404526,1.287426,0.286255,0.404712,0.438815,1.060119,2.127474,0.674921,0.328180,0.408831,0.626516,-0.976612,1.159548,0.834481,-1.310302,-0.976875,0.131785,-0.098915,-0.714734,1.363774,0.364755,-0.617374,-0.990227,1.480600,0.295322,482.174148,1.121566,-1.309387,0.186035,0.334308,1.451384,-0.461669,-0.065862,0.383569,0.324032,0.636438,0.628690,1.484324,1.062877,-1.105834,0.731320
-1.155273,0.593201,1.788006,0.492982,0.604069,0.407039,-1.283063,0.622121,1.029834,0.251998,0.302924,0.490112,1.131544,1.139419,0.670316,0.368162,0.595558,0.680676,-1.166689,0.786912,1.829694,-0.466852,-1.071242,0.374196,-1.928103,-1.061855,1.363774,0.364173,-1.143532,-1.084019,0.417138,0.510497,706.450628,1.299406,-1.371884,0.196192,0.309198,2.185562,-0.853474,-0.752231,0.516784,0.224555,0.700952,0.628909,2.709325,1.812177,-1.142935,0.649679
-1.155273,0.710628,1.043317,0.523736,0.734003,0.310023,-1.358345,0.581021,1.103210,0.272983,0.442234,0.597599,1.131544,1.139419,0.620330,0.495119,0.753907,1.193131,-1.220720,1.091814,1.829694,-0.861209,-1.126483,1.457658,-1.928103,-1.061855,1.109179,0.406405,-1.143532,-1.498440,0.435974,0.749077,409.905950,1.349918,-1.384936,0.794120,0.410817,1.314129,-1.099774,-1.063967,0.771457,0.237738,0.658660,0.810819,2.709325,1.812177,-1.142935,0.649679
-0.547091,0.533223,0.511508,0.868755,0.835214,0.573261,-1.211745,0.286619,1.338187,0.591040,0.630861,0.410721,1.067874,0.893376,0.743689,0.576270,0.915669,1.160371,-1.124074,2.280072,1.464670,-2.295303,-1.102704,1.457658,-0.702852,-4.201151,1.109179,0.976704,0.433639,-1.498440,1.809982,0.604362,173.395455,1.212295,-1.510789,0.870326,0.875209,1.085805,-1.101157,-1.057188,0.618758,0.595308,0.866992,0.232113,3.731473,1.682858,-3.940771,3.875904
-0.547091,0.541779,1.426045,0.372746,0.578656,0.473416,-1.106340,0.358420,1.338187,0.391632,0.522539,0.713847,1.067874,0.893376,0.726756,0.434785,0.740196,0.978356,-1.021247,0.894935,1.122252,-2.295303,-0.994069,0.180766,-0.702852,-2.278972,1.202747,0.704158,-0.460137,-1.136730,1.809982,0.436433,454.382847,1.146258,-1.307773,0.174727,0.285375,1.860574,-0.335741,0.158470,0.332372,0.143747,0.950061,0.562876,3.731473,1.682858,-0.620056,0.169387
-1.146943,0.661267,1.308372,0.499068,0.611970,0.247889,-1.247009,0.580470,0.871864,0.229441,0.336547,0.613598,0.986818,1.201180,0.578512,0.405875,0.593624,0.446541,-1.149509,1.061426,1.672486,-0.609598,-1.120101,0.247539,-1.823873,-1.030677,1.202747,0.406205,-0.926997,-1.206228,0.331274,0.548948,511.563087,1.296979,-1.309206,0.194490,0.285822,1.825056,-0.851360,-0.852773,0.544110,0.233788,0.937892,0.513937,2.735375,1.475252,-1.073622,0.397065
-1.146943,0.701080,0.625559,0.511274,0.711968,0.171042,-1.275950,0.587386,0.888661,0.276599,0.473920,0.436424,0.986818,1.201180,0.577090,0.472789,0.669203,1.182856,-1.172590,1.105683,1.672486,-0.988397,-1.118343,0.937919,-1.823873,-1.030677,1.138035,0.375218,-0.926997,-1.210430,0.390309,0.492925,245.759274,1.262804,-1.342156,0.764313,0.359368,0.847056,-1.038603,-1.159324,0.758376,0.235797,0.640657,0.666974,2.735375,1.475252,-1.073622,0.397065
-0.544930,0.500880,0.511197,0.592559,0.787435,0.317188,-1.282879,0.302568,1.064849,0.550620,0.447178,0.262911,1.027919,1.108793,0.621716,0.391146,0.625942,0.874071,-1.110862,1.374508,1.083207,-1.436286,-0.975849,0.937919,-0.076185,-1.666707,1.138035,0.548422,0.407769,-1.210430,1.563075,0.254731,173.403054,1.191856,-1.352547,0.817229,0.751666,0.924016,-1.038603,-1.051786,0.557810,0.520210,0.452297,0.164837,1.033585,1.137650,-1.656609,3.599399
-0.544930,0.568506,1.450874,0.243711,0.564283,0.228604,-1.242415,0.376009,1.064849,0.202366,0.390805,0.608310,1.027919,1.108793,0.631573,0.296314,0.497423,0.874071,-1.183204,0.688539,0.801657,-1.436286,-0.845310,0.161898,0.030782,-1.666707,1.068115,0.475598,-0.567260,-0.699472,1.377481,0.278127,481.178934,1.222329,-1.200774,0.178929,0.332784,1.702166,-0.367256,0.198862,0.336575,0.194172,0.602654,0.523781,1.033585,1.137650,-1.149962,0.968729
-1.167995,0.702895,1.390928,0.432894,0.612007,0.305922,-1.329801,0.603132,0.754267,0.224435,0.315206,0.510483,1.173750,1.390936,0.547541,0.490250,0.518198,0.526365,-1.219724,0.782415,1.286790,-0.905261,-1.135528,0.025101,-2.406437,-1.104548,1.068115,0.403728,-1.032216,-1.079611,0.355133,0.475230,580.802045,1.322906,-1.246473,0.198184,0.332681,1.762289,-0.927186,-1.119382,0.584886,0.244704,0.770174,0.508227,1.804706,1.834178,-1.382947,0.674465
-1.167995,0.835804,0.691906,0.503069,0.766167,0.223809,-1.409025,0.610057,0.937346,0.298778,0.488915,0.498629,1.173750,1.390936,0.556704,0.514510,0.543013,1.546977,-1.256948,1.155635,2.074468,-1.235346,-1.147262,0.931940,-2.406437,-1.104548,1.171732,0.458407,-1.032216,-1.566610,0.495850,0.510005,303.436947,1.354440,-1.224957,0.822802,0.432312,1.374901,-1.092459,-1.559122,0.914279,0.249475,0.710673,0.733995,1.804706,1.834178,-1.382947,0.674465
-0.563573,0.479322,0.658984,0.817503,0.873191,0.471649,-1.281247,0.304380,1.279088,0.800127,0.720401,0.543661,1.214469,1.925350,0.591158,0.871331,1.568232,2.416813,-1.181149,1.415761,2.074468,-2.254367,-1.061397,0.931940,-1.566163,-4.002468,1.171732,1.244928,0.441278,-1.566610,2.012126,0.516307,220.241433,1.303400,-1.282316,0.912006,0.736801,1.222100,-1.092459,-1.461019,0.625867,0.592175,0.868845,0.186498,5.906344,1.654919,-2.204605,1.801626
-0.563573,0.359841,1.451803,0.658789,0.592928,0.382325,-1.064279,0.333202,1.279088,0.644234,0.740736,0.814363,1.214469,1.925350,0.608450,0.846024,1.531661,2.416813,-0.969689,1.397253,1.914903,-2.254367,-0.894076,0.479189,-1.566163,-4.002468,1.095410,1.054556,-0.573424,-1.364615,2.012126,0.469104,488.890981,1.101562,-1.405361,0.212651,0.344722,1.708300,-0.408003,-0.029613,0.314136,0.302329,0.972962,0.557412,5.906344,1.654919,-0.900056,0.408912
-1.305346,0.548577,1.327308,0.479589,0.578704,0.460688,-1.187314,0.641740,0.857008,0.248479,0.388066,0.629507,1.102956,1.082118,0.639374,0.481632,0.559014,1.533017,-1.149909,0.862876,1.158084,-1.041791,-1.210347,-0.093648,-2.233249,-1.237788,1.095410,0.519960,-1.027012,-1.175881,0.333492,0.522665,558.325036,1.235951,-1.382273,0.172074,0.313095,1.756348,-0.914082,-0.960327,0.511485,0.208962,0.884355,0.510982,2.293454,1.684686,-1.152794,0.502285
-1.305346,0.747855,0.744828,0.657477,0.715016,0.546517,-1.267310,0.612140,1.094378,0.293891,0.498875,0.910906,1.102956,1.082118,0.600751,0.477736,0.524266,2.323270,-1.068862,1.050329,2.170314,-1.287682,-1.284661,1.150312,-2.233249,-1.237788,1.027491,0.562121,-1.027012,-1.175881,0.407983,0.563835,306.995634,1.219580,-1.195658,0.767996,0.418603,1.533969,-1.142550,-1.322929,0.775863,0.223992,0.644726,0.788717,2.293454,1.684686,-1.152794,0.502285
-0.324876,0.432171,0.738424,0.764190,0.815278,0.604935,-1.293863,0.237118,1.094378,0.598757,0.757347,0.880409,1.246283,1.022836,0.561134,0.707995,1.173342,4.138830,-1.089273,1.475143,2.514448,-2.098925,-1.287609,1.166494,-0.615212,-3.500124,1.027491,0.840380,0.402330,-1.272722,1.904394,0.410815,248.607332,1.271901,-1.120900,0.851190,0.694029,1.310673,-1.142550,-1.103110,0.559714,0.429764,1.007923,0.180060,2.733994,1.241919,-1.444865,1.871825
-0.324876,0.406192,1.606782,0.250418,0.513236,0.601847,-1.081884,0.260127,0.993504,0.238200,0.548267,0.685120,1.246283,0.680547,0.655669,0.473723,0.620705,1.599129,-1.000084,0.960418,0.703532,-2.098925,-1.131995,0.597389,-0.547850,-3.366328,1.104041,0.555625,-0.544589,-1.272722,0.430577,0.796318,524.443476,1.181113,-1.126671,0.198397,0.287555,1.497654,-0.374430,-0.085331,0.389171,0.067232,1.332008,0.499789,2.733994,0.973827,-0.539273,0.088344
-1.258039,0.646973,1.541504,0.599262,0.534687,0.536337,-1.200018,0.634167,0.390484,0.251546,0.350018,0.779744,0.938748,1.110062,0.608381,0.471265,0.398159,1.766292,-1.131903,1.028196,1.030233,-1.156820,-1.323235,-0.218913,-0.887782,-1.082727,1.104041,0.532145,-1.030942,-1.769485,0.452020,0.714386,620.238602,1.248093,-1.256108,0.189561,0.319874,1.600567,-0.787036,-1.131477,0.592547,0.189109,1.043034,0.388540,1.754601,1.488355,-1.046031,0.383410
-1.258039,0.773250,0.631898,0.759295,0.680714,0.707956,-1.226533,0.589463,1.287600,0.311797,0.492867,1.167560,0.938748,1.110062,0.459810,0.636168,0.700812,2.490917,-1.149114,1.093823,1.873772,-1.506367,-1.375905,1.346833,-0.887782,-1.082727,0.886649,0.535420,-1.030942,-1.769485,0.452020,0.813777,263.081391,1.228578,-1.350443,0.726126,0.384025,0.879644,-1.059940,-1.360385,0.789675,0.192150,0.833589,0.857048,2.075404,1.488355,-1.046031,0.383410
-0.430635,0.460651,0.548185,0.675054,0.763153,0.543652,-1.360629,0.275352,1.400989,0.587622,0.704021,0.710267,1.207377,2.225336,0.472622,0.959767,1.436848,2.314346,-1.336186,1.415558,3.025178,-2.985756,-1.048275,1.346833,-0.625428,-4.309161,0.886649,0.959873,0.685153,-1.666759,2.250213,0.435670,183.973616,1.382500,-1.376453,0.796129,0.587470,1.063023,-1.054615,-1.144829,0.539043,0.502709,0.684593,0.203970,3.354658,1.387885,-1.062776,1.019284
-0.430635,0.446106,1.647311,0.223669,0.522188,0.412132,-1.067043,0.361558,1.400989,0.244567,0.677186,0.778015,1.207377,1.950400,0.595602,0.597713,0.695590,1.993200,-1.034506,1.415558,0.972589,-2.985756,-0.828899,0.376538,-0.625428,-4.309161,0.993760,0.811882,-0.502040,-1.666759,0.445571,0.544235,539.728540,1.145401,-1.241910,0.197225,0.354338,1.045275,-0.464481,0.026410,0.347729,0.170352,1.091675,0.592644,3.354658,1.123079,-1.062776,0.769216
-1.467699,0.666808,1.761221,0.542764,0.570081,0.533426,-1.209963,0.761318,0.439526,0.230667,0.239291,0.429652,1.103194,0.929817,0.550981,0.395686,0.547521,0.571191,-1.156220,1.111070,1.181773,-0.430877,-1.038348,-0.054913,-2.382063,-1.014815,0.993760,0.297539,-0.933175,-1.032314,0.391846,0.443125,718.689013,1.243454,-1.303759,0.200464,0.316697,1.562189,-0.876088,-0.983792,0.567914,0.192842,0.964205,0.401863,2.461746,1.542014,-1.035876,0.509051
-1.467699,0.757876,0.815098,0.691798,0.686888,0.554992,-1.284286,0.697473,1.231993,0.268011,0.527133,0.773288,1.103194,0.929817,0.560883,0.385952,0.524913,2.177784,-1.212502,1.185176,1.265831,-1.594700,-1.284159,1.288311,-2.382063,-1.014815,1.156151,0.475833,-0.933175,-1.032314,0.391846,0.602354,323.840949,1.314377,-1.334841,0.734049,0.402776,1.531990,-1.091250,-1.194446,0.780907,0.207695,0.747475,0.781504,2.461746,1.542014,-1.035876,0.509051
-0.544118,0.489882,0.590812,0.571015,0.760545,0.373458,-1.601026,0.271278,1.231993,0.477149,0.700127,0.472081,1.003961,1.215146,0.577187,0.555602,0.771030,1.499592,-1.472005,1.236430,1.561876,-1.770674,-1.071860,1.321824,0.014164,-2.708065,1.048347,0.735067,0.613840,-1.285724,2.017491,0.512525,201.863968,1.439180,-1.392963,0.786820,0.579379,1.155920,-1.073467,-1.072314,0.593373,0.436656,0.611447,0.174002,1.992161,1.700910,-0.883559,1.293737
-0.544118,0.419827,1.179702,0.315670,0.539946,0.510957,-1.584129,0.487390,1.105141,0.282900,0.605569,0.923427,1.003961,1.215146,0.644377,0.481052,0.596004,1.227422,-1.462451,0.902573,1.561876,-1.770674,-0.854712,0.284781,-0.019264,-2.708065,1.273487,0.615637,-0.482301,-1.285724,2.017491,0.454642,399.578934,1.341537,-1.438287,0.190097,0.260113,1.420800,-0.386474,0.012771,0.372554,0.176977,0.764439,0.547149,1.992161,1.637390,-0.883559,0.219587
-1.789138,0.634681,1.268794,0.635010,0.605163,0.415097,-0.903606,0.754019,0.771326,0.246840,0.320872,0.758268,1.143744,1.219042,0.631808,0.493998,0.727349,0.890073,-0.508005,0.860693,1.628186,-0.888716,-1.351958,0.028447,-2.797110,-1.200595,1.273487,0.481416,-0.883206,-1.050013,0.453001,0.545093,495.494149,0.540562,-1.393560,0.218314,0.338868,1.680071,-0.672406,-0.928809,0.557493,0.210424,0.949936,0.450121,3.566114,1.515976,-1.177519,0.700120
-1.789138,0.801739,0.756292,0.971987,0.733506,0.426686,-1.332535,0.809893,1.195110,0.276219,0.482242,0.711039,1.143744,1.219042,0.608481,0.524344,0.790687,1.970550,-1.210246,1.222456,1.628186,-1.260600,-1.401641,0.834743,-2.797110,-1.200595,1.154743,0.548972,-0.883206,-1.157914,0.469742,0.725812,281.273930,1.343959,-1.367872,0.782671,0.405962,1.069074,-1.138000,-1.351268,0.838304,0.226039,0.868871,0.760934,3.566114,1.515976,-1.183150,0.700120
-0.568092,0.493197,0.543558,0.569967,0.842560,0.430798,-1.205927,0.271929,1.195110,0.563828,0.681646,0.532365,1.205714,1.303205,0.654840,0.478522,0.719600,1.649796,-1.185539,1.312535,1.992047,-1.932047,-1.078217,0.834743,-0.336911,-2.368953,1.154743,0.780406,0.460518,-1.157914,2.230719,0.591744,181.037532,1.193432,-1.345656,0.869399,0.667802,0.837594,-1.115754,-1.226525,0.614896,0.469103,0.563533,0.198144,1.459769,1.514554,-1.054539,1.368249
-0.568092,0.408862,1.320444,0.291759,0.590197,0.455049,-1.116442,0.381754,1.014718,0.460278,0.644049,0.803449,1.205714,1.303205,0.701337,0.425918,0.494923,1.094020,-1.002407,1.060122,1.992047,-1.932047,-0.891805,0.404801,0.106412,-2.368953,1.266801,0.672400,-0.580079,-0.837352,2.230719,0.484598,408.003849,1.153187,-1.120124,0.227023,0.338880,1.755180,-0.345063,-0.062534,0.393452,0.198635,0.834537,0.531111,1.459769,1.514554,-0.781370,0.594450
-1.119879,0.551009,1.229143,0.569397,0.597446,0.453633,-1.201076,0.626149,0.830863,0.203389,0.357127,0.668725,1.059102,1.043814,0.624639,0.356812,0.591290,0.920057,-1.140198,0.809218,1.860075,-0.705616,-1.023309,0.681933,-2.300570,-1.134963,1.266801,0.450689,-1.210676,-0.892380,0.289679,0.457452,484.312051,1.241296,-1.232358,0.190214,0.276770,1.639827,-0.852172,-0.674038,0.478110,0.201754,1.152635,0.559186,2.742738,2.364229,-1.115623,0.543637
-1.119879,0.663405,0.608894,0.558347,0.699229,0.272336,-1.242056,0.621941,0.900559,0.227088,0.467835,0.541308,1.059102,1.043814,0.582498,0.480271,0.818677,0.920057,-1.140609,1.189028,1.860075,-0.880843,-1.009994,1.717382,-2.300570,-1.134963,1.123579,0.453450,-1.210676,-0.892380,0.409187,0.667154,259.125577,1.200114,-1.233097,0.752897,0.334055,1.188956,-1.043189,-1.171559,0.712209,0.209314,0.979824,0.774488,2.742738,2.364229,-1.115623,0.543637
-0.528527,0.473159,0.563873,0.770086,0.803451,0.527829,-1.237150,0.285246,1.096793,0.516325,0.704508,0.530387,1.146723,1.056028,0.605581,0.637108,1.182891,1.388786,-1.148374,1.540329,1.184262,-1.405461,-0.931484,1.710323,-0.797652,-1.995535,1.082514,0.667371,0.430525,-1.176645,1.399781,0.488159,192.950667,1.259168,-1.315257,0.832622,0.687893,1.148587,-1.043189,-1.125921,0.574371,0.470514,0.385944,0.169968,5.033015,1.627609,-1.249366,1.852168
-0.528527,0.461217,1.112148,0.516805,0.554413,0.614786,-0.950390,0.360360,1.096793,0.376963,0.677409,0.801469,1.146723,1.056028,0.621632,0.510501,1.105737,1.388786,-0.906012,1.540329,1.184262,-1.405461,-0.963949,0.405541,-0.797652,-1.995535,1.097114,0.598231,-0.372803,-0.938332,1.399781,0.399137,370.716352,1.014920,-1.412137,0.194836,0.322541,1.722792,-0.397926,0.080097,0.370409,0.151594,0.772314,0.486333,5.033015,1.627609,-0.693772,0.623789
-1.491688,0.645544,1.044053,0.660160,0.584796,0.344851,-1.176498,0.690703,0.682768,0.209668,0.383120,0.462861,0.947283,1.196844,0.564423,0.395998,0.461863,0.440177,-1.039443,1.013857,2.511120,-0.476237,-0.921729,0.231748,-2.290832,-1.148417,1.097114,0.449775,-0.915575,-1.278091,0.211076,0.646504,411.565056,1.172710,-1.412726,0.198631,0.295025,1.697866,-0.997847,-0.923366,0.584141,0.222790,0.803639,0.448338,2.558114,1.545485,-1.084438,0.575325
-1.491688,0.724494,0.584854,0.726971,0.714891,0.355041,-1.266055,0.695632,0.885157,0.300501,0.530557,0.627707,0.947283,1.196844,0.550245,0.436008,0.534061,1.482832,-1.115374,1.197123,2.511120,-1.374994,-0.932400,0.708102,-2.290832,-1.148417,1.124705,0.433341,-0.915575,-1.344689,0.494564,0.600689,229.395991,1.243526,-1.231590,0.768735,0.380775,1.139252,-1.176588,-1.235406,0.761194,0.242548,0.525432,0.641880,2.558114,1.545485,-1.302338,0.575325
-0.569059,0.447649,0.506883,0.502622,0.770279,0.275739,-1.249642,0.272674,0.953748,0.587896,0.589860,0.436754,1.087026,1.068786,0.522556,0.558185,0.596005,1.677990,-1.130559,1.216836,1.854180,-1.374994,-1.065716,0.633442,-0.230558,-1.265670,1.121881,0.597275,0.360098,-1.540928,2.347009,0.208988,169.322583,1.244303,-1.197801,0.807696,0.603392,0.996021,-1.056147,-1.059518,0.499695,0.464495,0.602523,0.161291,1.751594,1.232214,-1.465602,1.717022
-0.569059,0.541053,1.255754,0.221735,0.521243,0.393502,-1.039517,0.373488,0.953748,0.188591,0.557363,0.629453,1.087026,0.944350,0.580874,0.521103,0.384534,1.677990,-0.927346,1.087689,1.113379,-0.824284,-0.911627,0.350589,-0.230558,-1.208788,1.175941,0.479990,-0.627947,-1.049249,0.371231,0.366365,399.996964,1.084135,-1.350946,0.182414,0.263157,1.711496,-0.355679,0.129883,0.356051,0.106553,0.853391,0.503483,0.902653,1.232214,-0.054212,0.168429
-0.716345,0.824139,1.200359,0.520246,0.568970,0.452141,-1.188692,0.529737,0.397555,0.229085,0.383325,0.624709,0.993683,1.368914,0.523664,0.478591,0.678679,1.307969,-1.125873,1.291182,1.016359,-0.797270,-1.031079,1.162949,-0.808010,-1.019525,1.175941,0.416842,-0.893494,-1.072415,0.384569,0.570251,479.759486,1.198070,-1.381022,0.395239,0.370623,1.809066,-1.005335,-1.155368,0.849384,0.245494,0.830296,0.376745,2.472739,1.607947,-1.148890,0.513825
-0.629589,0.578632,0.577946,0.405923,0.568231,0.475070,-1.165707,0.288260,0.644945,0.460999,0.474927,0.729883,0.841435,1.657097,0.413117,0.392674,0.954866,2.143322,-1.108284,1.291182,1.882912,-2.187305,-0.784378,1.204732,-1.007977,-0.898760,0.926833,0.502145,-0.133417,-1.355884,1.507747,0.404784,247.909789,1.208926,-1.276351,0.624696,0.475909,1.211007,-1.109933,-1.155368,0.658648,0.323739,0.510379,0.152968,3.775562,0.871998,-1.228908,0.854759
0.203472,0.732540,0.758299,0.034609,0.305979,0.167103,-0.856884,0.062458,0.374644,0.024647,0.101704,0.335023,0.339130,0.172144,0.211215,0.088675,0.023290,0.619114,-0.809033,0.694474,0.423161,-0.233689,-0.833314,-0.129303,0.308914,-0.003699,0.751142,0.114481,-0.373462,-0.560526,0.206715,0.155523,261.019144,0.973259,-1.139341,0.021817,0.068713,1.453019,-0.321572,0.263242,0.237125,0.002190,0.580651,0.216491,-0.056281,0.860323,0.061971,-0.167139
0.454046,1.047047,1.411327,0.031833,0.297633,0.176149,-0.886534,0.077396,-0.365288,0.014556,0.037940,0.159475,0.324557,0.173204,0.119997,0.024980,0.012936,0.327668,-0.806118,0.660736,0.379046,-0.119324,-0.723746,-0.228009,0.340394,0.077201,0.902712,0.062262,-0.523362,-0.459417,0.206741,0.713602,473.272219,0.994587,-1.257861,0.013932,0.058483,1.916297,-0.324409,0.979262,0.014889,0.003512,0.470791,0.046552,-0.089100,0.719194,-0.059725,-0.297716
-0.071105,0.819226,1.625039,0.930998,0.437168,0.318990,-1.073636,0.219907,0.586488,0.132601,0.276872,0.266481,0.785899,0.875262,0.116637,0.290707,0.315655,1.009135,-0.987387,0.959397,0.866175,-0.860835,-1.154046,-0.228009,-0.091231,-0.505500,0.738115,0.225284,-0.523362,-0.731093,0.222445,0.617301,688.572683,1.149657,-1.164713,0.167238,0.275143,1.955171,-0.355033,-1.077927,0.669582,0.122802,0.629101,0.267645,1.596135,1.000811,-1.079675,0.533622
-0.071105,0.932217,1.163119,0.918226,0.409623,0.221277,-1.147099,0.275215,1.343350,0.137485,0.319733,0.455673,0.785899,0.875262,0.191249,0.341829,0.465879,1.582312,-1.026669,1.056744,1.252230,-0.919917,-1.220417,-0.009169,-0.091231,-0.505500,0.738115,0.211895,-0.467748,-0.731093,0.222445,0.605470,483.858381,1.176077,-1.367575,0.260175,0.272492,1.480884,-0.750122,-1.563430,0.995912,0.129860,0.376184,0.597354,1.596135,1.088934,-1.079675,0.533622
-0.071105,1.088624,0.467499,1.044973,0.395227,0.221451,-1.172603,0.221382,1.587327,0.214764,0.204157,0.579706,0.785899,0.875262,0.256025,0.348801,0.464584,1.582312,-1.083668,1.056744,1.748816,-0.938671,-1.258615,0.758687,-0.091231,-0.505500,0.770738,0.415254,-0.165838,-0.661527,0.222445,0.389147,157.805754,1.220213,-1.486892,0.446280,0.162031,0.783620,-0.794135,-1.563430,0.427683,0.181406,0.380130,0.511066,1.596135,1.111896,-0.756432,0.125333
-0.060805,0.765163,0.496667,0.733549,0.390466,0.240593,-1.049188,0.222522,1.587327,0.374433,0.270853,0.595279,0.939184,2.292562,0.366427,0.387238,1.079337,1.931736,-0.986535,1.417303,1.748816,-1.139621,-1.241737,0.758687,-0.842709,-1.107564,0.770738,0.491940,0.840211,-1.685338,1.472712,0.240089,159.580784,1.149573,-1.439088,0.449679,0.435292,0.868398,-0.982029,-1.563430,0.710244,0.450220,0.312576,0.253892,1.702992,1.182310,-0.580270,1.456449
0.525408,0.987151,0.504843,0.032676,0.272293,0.132530,-0.856116,0.013876,-0.137239,0.013179,0.031893,0.058266,0.279777,0.163520,0.141662,0.010873,0.014288,0.139995,-0.805079,0.682864,0.428290,-0.107146,-0.731840,-0.202905,0.352847,0.031755,0.632963,0.053265,-0.225883,-0.468883,0.182247,0.154342,214.040663,0.967656,-1.288540,0.004480,0.011455,0.987560,-0.323996,0.968648,0.009203,0.003491,0.194784,0.023344,-0.046406,0.377465,-0.049075,-0.255174
0.538204,0.887014,0.634901,0.154638,0.143500,1.553272,-0.853384,0.023313,-0.038197,0.088385,0.094642,1.422252,0.178856,0.239951,0.155355,0.413344,0.324017,10.919678,-0.806966,0.626717,1.171627,-1.121610,-0.685349,-0.302597,0.837544,0.242159,-0.269477,0.275855,-0.202726,-2.932999,3.774355,0.247420,205.320032,0.967309,-1.419133,0.020489,0.002237,1.311049,-0.408870,0.809600,0.038896,0.009688,1.587925,0.041043,2.396700,17.460675,0.259341,-0.394091
0.604046,0.980358,0.523408,0.028060,0.285372,0.134332,-0.944378,0.041155,-0.040996,0.010137,0.043080,0.337769,0.308663,0.167832,0.067245,0.027476,0.012291,0.262954,-0.919413,0.662617,0.418965,-0.172789,-0.675019,-0.076394,0.380978,0.087136,0.428660,0.047140,-0.123986,-0.346425,0.205385,0.138909,180.626605,1.029630,-1.220662,0.017695,0.028933,1.149729,-0.316542,0.927812,0.022732,0.001215,0.189236,0.022754,-0.113040,0.187051,-0.041656,-0.348136
-0.534050,0.831062,1.875158,0.330660,0.533303,0.192069,-1.253930,0.566960,0.292351,0.114776,0.157051,0.852809,0.776608,0.767894,0.326529,0.119074,0.244457,6.730601,-1.189000,0.950656,0.901444,-0.211120,-0.989550,0.361863,-0.164807,-0.520130,1.124156,0.225663,-0.808347,-0.959046,0.359191,0.604579,711.553764,1.306467,-1.297901,0.149141,0.191912,2.098079,-0.659173,-1.122355,0.711021,0.131247,0.543145,0.265493,0.843323,0.961254,-1.011322,0.101959
-0.534050,0.752341,0.494472,0.511595,0.531598,0.220807,-1.174683,0.325688,1.320409,0.128136,0.333985,0.232363,0.776608,0.767894,0.266608,0.213755,0.328122,0.540799,-1.140028,0.968461,1.046067,-0.680792,-0.825791,1.342083,-0.164807,-0.520130,0.798612,0.212330,-0.803086,-0.748357,0.251169,0.368665,216.404765,1.223031,-1.361534,0.561884,0.244140,0.886747,-0.862758,-1.304031,0.629811,0.145446,0.597362,0.721999,0.843323,0.794419,-1.014467,0.339349
-0.507724,0.286168,0.518905,0.462259,0.572242,0.157849,-1.337956,0.223205,1.325135,0.380455,0.281211,0.359354,0.835968,1.133597,0.347946,0.250139,0.680026,0.885183,-1.331656,0.871783,1.065397,-0.765397,-0.950694,0.716005,-0.706943,-1.374731,0.798612,0.313532,0.935445,-0.836495,1.626421,0.230512,174.980137,1.395302,-1.229950,0.504296,0.321087,1.065883,-0.820032,-0.319118,0.287604,0.293634,0.366460,0.129410,2.327926,1.377593,-0.668605,0.624735
0.043026,0.391848,1.164390,0.035798,0.432576,0.252993,-0.995555,0.286643,1.290339,0.022550,0.105358,0.414543,0.613784,0.178794,0.228848,0.090409,0.035384,0.414431,-0.909935,0.663757,0.398106,-0.297380,-0.790025,0.019849,0.253013,-0.080468,0.864120,0.171078,-0.286346,-0.619408,0.209714,0.476789,373.826849,1.083389,-1.126056,0.073486,0.064782,1.535632,-0.324835,-0.094848,0.370343,0.003267,0.412455,0.470034,-0.050224,0.652150,0.241402,-0.112016
-0.914312,0.677981,1.665582,0.483522,0.565235,0.215457,-1.134896,0.636491,0.470802,0.169970,0.222900,0.259425,0.981975,0.948853,0.445839,0.298569,0.502187,0.596573,-1.079885,0.955794,1.639217,-0.399287,-1.062242,0.203341,-1.627726,-0.665954,0.864120,0.234483,-0.800438,-1.031754,0.209714,0.664976,667.446695,1.247864,-1.359574,0.182509,0.258047,1.948343,-0.820498,-0.935085,0.550705,0.176880,0.489637,0.380972,2.263304,1.514063,-1.014347,0.376427
-0.914312,0.750679,0.656046,0.543163,0.650646,0.309873,-1.241925,0.604251,1.221332,0.209448,0.427150,0.489275,0.981975,0.948853,0.447647,0.353574,0.528416,1.350623,-1.196404,1.074948,1.639217,-1.199550,-1.265545,0.696442,-1.627726,-0.665954,0.945968,0.327094,-0.800438,-1.031754,0.463089,0.499063,274.173629,1.298413,-1.329950,0.694233,0.314102,1.506604,-1.009732,-1.200028,0.733771,0.184005,0.454499,0.736223,2.263304,1.514063,-1.014347,0.376427
-0.511508,0.503764,0.562074,0.510831,0.737608,0.259726,-1.424797,0.299806,1.221332,0.470878,0.478916,0.368807,0.942554,0.797483,0.483665,0.300755,0.531068,1.090071,-1.270289,1.151536,1.209221,-1.199550,-1.121125,0.665161,-0.116456,-0.604242,0.945968,0.568397,0.594998,-0.849658,1.820105,0.257578,192.524543,1.415528,-1.255057,0.757715,0.526733,1.228318,-0.995462,-1.200028,0.604696,0.397638,0.322510,0.179145,1.469669,1.107567,-0.946457,1.222391
-0.511508,0.361906,1.617286,0.252579,0.536995,0.356342,-1.058840,0.388263,1.134976,0.082631,0.349434,0.478840,0.942554,0.797483,0.442869,0.226300,0.291534,0.501892,-0.948999,0.800883,1.209221,-1.156272,-0.727495,0.105463,0.216459,-0.313650,0.838863,0.380951,-0.171677,-0.810430,0.219720,0.623725,542.812599,1.134566,-1.100280,0.162672,0.169542,1.703181,-0.329992,0.039602,0.281503,0.101862,0.435693,0.411018,1.244909,1.014840,0.122256,-0.000019
-0.845871,0.587519,1.411011,0.450940,0.567180,0.328147,-1.189374,0.527736,0.684222,0.212809,0.288906,0.366926,0.942259,1.001820,0.414862,0.318560,0.545158,0.207481,-1.076359,1.011348,1.743735,-0.374185,-1.096642,0.332567,-1.688330,-0.896833,0.838863,0.235440,-0.610110,-1.155237,0.357101,0.473169,582.573442,1.190201,-1.081338,0.186571,0.295250,1.659123,-0.832182,-1.014428,0.563474,0.191025,0.629286,0.394668,2.145078,1.212561,-1.106034,0.475463
-0.845871,0.806164,0.568071,0.464659,0.646549,0.397626,-1.224243,0.508321,1.368707,0.259380,0.516645,0.436110,0.942259,1.001820,0.452079,0.358905,0.623035,1.037219,-1.066600,1.115385,1.743735,-0.885631,-1.212757,0.688649,-1.688330,-0.896833,0.869091,0.312122,-0.610110,-1.155237,0.363233,0.484831,237.036741,1.184195,-1.047674,0.690272,0.361722,1.172415,-1.008026,-1.399823,0.784110,0.201236,0.654003,0.735559,2.145078,1.212561,-1.106034,0.475463
-0.476637,0.580518,0.508937,0.596127,0.661399,0.314502,-1.251124,0.285203,1.368707,0.447433,0.441317,0.481605,0.851359,1.301943,0.433905,0.212292,0.540060,1.154062,-1.178927,1.039871,0.897954,-1.126200,-0.942359,0.688649,-0.298546,-0.882766,0.869091,0.471957,0.437549,-0.796269,2.090781,0.438056,171.239263,1.237721,-1.199850,0.686055,0.519563,0.998361,-0.969330,-1.261314,0.621863,0.348752,0.526538,0.287527,1.906172,1.459986,-0.515226,1.321204
-0.476637,0.678461,1.272015,0.311244,0.523506,0.331413,-1.159606,0.345841,0.880678,0.085585,0.335164,0.609050,0.851075,0.723186,0.435693,0.197990,0.231785,0.191343,-1.096419,0.775797,0.873948,-1.126200,-0.870207,0.127433,0.257430,-0.430325,0.976024,0.361360,-0.316631,-0.689878,0.255174,0.630019,394.178978,1.214166,-1.290837,0.109230,0.205245,1.749167,-0.328535,0.373041,0.258034,0.083936,0.526842,0.399535,0.784697,1.071928,0.078468,0.237704
-1.023725,0.757421,1.184787,0.610307,0.586714,0.279068,-1.226518,0.579372,0.456836,0.204659,0.360090,0.602039,0.893062,1.183462,0.381348,0.375060,0.558894,0.385011,-1.168648,1.097427,2.327297,-0.650344,-1.131885,0.171001,-1.908194,-0.851665,0.976024,0.374927,-0.682283,-1.209103,0.301867,0.679034,463.538343,1.248678,-1.325663,0.178432,0.316612,1.751247,-0.954491,-1.082116,0.638219,0.238884,0.664948,0.331515,2.110335,1.427591,-1.270099,0.653754
-1.023725,0.732667,0.532198,0.636976,0.664805,0.373474,-1.318570,0.580441,0.804646,0.312299,0.595762,0.391882,0.893062,1.183462,0.390700,0.405214,0.594765,0.898037,-1.183603,1.138178,2.327297,-1.164368,-1.098768,0.619344,-1.908194,-0.851665,0.887177,0.359894,-0.682283,-1.209103,0.419297,0.689516,225.236330,1.330519,-1.203741,0.706635,0.411116,1.098541,-1.118913,-1.405401,0.770518,0.268979,0.526402,0.561907,2.110335,1.427591,-1.270099,0.653754
-0.358749,0.478081,0.584992,0.399436,0.651843,0.409678,-1.233414,0.262975,0.885279,0.449808,0.612529,0.388741,0.849706,1.008470,0.440138,0.354557,0.476639,1.190927,-1.175969,1.036961,1.539367,-1.208932,-0.809933,0.532290,-0.195302,-0.619653,0.887177,0.428701,0.346248,-1.141563,1.781773,0.207213,191.286075,1.222954,-1.237997,0.671116,0.426010,0.448571,-1.008680,-0.844735,0.415243,0.339556,0.409718,0.173742,0.968384,1.051189,-0.629688,1.020779
-0.316888,0.584307,1.288895,0.084057,0.465964,0.352524,-1.011401,0.227933,0.875125,0.058987,0.289153,0.424227,0.723447,0.349893,0.311112,0.228435,0.229973,1.190927,-0.959985,0.774425,0.808908,-0.762397,-0.760784,0.462870,0.277814,-0.386635,0.824976,0.322591,-0.355921,-1.002730,0.208093,0.408391,461.390856,1.078353,-0.924286,0.101423,0.168902,1.516694,-0.341387,0.253966,0.264858,0.028656,0.541721,0.380648,0.416835,0.621665,0.147560,-0.007237
-0.755139,0.727582,1.157230,0.810571,0.524481,0.480391,-1.177265,0.490555,0.327553,0.186347,0.453125,0.409483,0.913151,1.165277,0.407797,0.455442,0.518942,1.057976,-1.107592,1.072494,0.760787,-0.964958,-1.239757,-0.257733,-0.616353,-0.806942,0.824976,0.304929,-0.509992,-1.248481,0.303011,0.533052,488.808582,1.198365,-1.050998,0.224196,0.288236,1.400108,-0.758344,-1.245612,0.713504,0.192451,0.634220,0.238951,1.600287,1.194901,-1.063524,0.284135
-0.755139,0.749397,0.499458,0.904709,0.593358,0.399723,-1.276212,0.450586,0.938317,0.248744,0.469232,0.479434,0.913151,1.165277,0.429404,0.439084,0.541271,1.335468,-1.216024,1.072494,1.517105,-1.055148,-1.249904,0.912928,-0.616353,-0.806942,0.876371,0.386054,-0.509992,-1.248481,0.303011,0.474103,208.570067,1.305869,-1.215046,0.636213,0.385075,0.809837,-0.962008,-1.371754,0.723714,0.227338,0.702899,0.537186,1.600287,1.194901,-1.063524,0.940754
-0.483837,0.407366,0.680281,0.483396,0.638627,0.273694,-1.124515,0.272339,0.957726,0.434026,0.491451,0.306955,0.888036,1.023793,0.331424,0.485999,0.904608,1.176782,-1.030533,1.143020,2.346351,-1.537530,-1.034442,0.912928,-0.743831,-1.503334,0.844071,0.522958,0.391748,-0.543342,1.746414,0.333975,232.385985,1.126207,-1.364115,0.611833,0.422780,1.124183,-0.898946,-0.528074,0.324445,0.321647,0.659940,0.184013,2.811610,1.315636,-0.530706,1.012522
-0.083029,0.472657,1.724685,0.068673,0.455351,0.310580,-1.053295,0.229288,0.957726,0.037803,0.243198,0.578728,0.795982,0.178134,0.276538,0.187669,0.071241,1.176782,-1.023669,0.935680,0.467347,-0.599346,-0.770990,0.219442,0.305553,-0.156199,0.811884,0.305386,-0.453404,-0.891188,0.213600,0.289835,579.372558,1.160353,-1.190974,0.102539,0.119675,1.826809,-0.337462,0.147779,0.277612,0.005613,0.622445,0.441062,0.562210,0.685204,0.190794,-0.260728
-1.127369,0.656537,1.602741,0.462048,0.527448,0.330445,-1.081457,0.656267,0.297249,0.180935,0.236425,0.331544,0.970152,0.894513,0.445344,0.359067,0.509337,1.027741,-1.047873,0.966861,1.046657,-0.774650,-1.079756,-0.087898,-1.472942,-0.708508,0.811884,0.294448,-0.912751,-1.303860,0.291148,0.448392,657.628066,1.156041,-1.216763,0.165067,0.253902,1.887739,-0.773918,-0.879293,0.520400,0.154422,0.681628,0.336825,2.003645,1.309281,-1.031701,0.222859
-1.127369,0.667981,0.571509,0.602970,0.575226,0.561717,-1.220411,0.612632,1.090350,0.235481,0.450541,0.644836,0.970152,0.894513,0.396879,0.351722,0.530722,2.147382,-1.207883,1.031094,1.693323,-1.424708,-1.291937,0.882846,-1.472942,-0.708508,0.701631,0.389007,-0.912751,-1.303860,0.315091,0.365895,230.800465,1.288013,-1.145516,0.611288,0.313760,1.304870,-1.033323,-1.129600,0.661264,0.164142,0.541169,0.730641,2.003645,1.309281,-1.031701,0.222859
-0.340043,0.462925,0.664884,0.436893,0.611887,0.339270,-1.362467,0.277128,1.094728,0.256652,0.447071,0.536046,0.904055,1.321365,0.359247,0.440312,0.918253,1.410249,-1.289797,1.007979,1.905044,-1.093594,-0.991395,1.091829,0.104749,-0.929575,0.749001,0.299601,0.545777,-0.898093,0.749727,0.357546,235.908335,1.430083,-1.230983,0.618146,0.408328,1.018837,-0.929633,-0.736843,0.397021,0.363689,0.460821,0.149192,2.950822,1.161911,-1.019605,0.754508
-0.026457,0.563311,2.011965,0.075259,0.462008,0.247726,-1.280235,0.157932,1.094728,0.026124,0.205644,0.497175,0.805503,0.190441,0.237342,0.135051,0.084750,1.304940,-1.175228,0.710837,0.558632,-0.946952,-0.727537,0.260919,0.207919,-0.245807,0.749001,0.200767,-0.458417,-0.757675,0.226046,0.313592,660.658652,1.313855,-1.168169,0.096867,0.124748,1.694860,-0.342052,0.189613,0.303460,0.004030,0.248857,0.480984,0.658014,0.697708,0.138509,-0.273278
-0.780492,0.710915,1.396724,0.306743,0.533570,0.367622,-1.267217,0.495081,0.225532,0.155520,0.203638,0.334944,0.904776,0.978375,0.364172,0.205841,0.348626,1.131901,-1.141184,0.862943,0.875231,-0.594908,-0.939642,-0.172774,-0.374813,-0.723909,0.701633,0.180910,-0.846853,-1.058904,0.335862,0.378433,586.654938,1.236336,-1.218878,0.170424,0.203190,1.712584,-0.867176,-0.848884,0.574601,0.167444,0.603149,0.303873,1.619199,1.135591,-0.887960,0.076757
-0.780492,0.664902,0.480462,0.337314,0.550090,0.223570,-1.416698,0.492925,1.005924,0.187516,0.375411,0.365542,0.904776,0.978375,0.404632,0.198205,0.323122,1.271205,-1.330373,0.949379,1.156278,-1.017237,-1.102303,0.677201,-0.374813,-0.723909,0.782405,0.257070,-0.846853,-1.058904,0.335862,0.329595,206.059370,1.403527,-1.186798,0.586536,0.231190,0.878335,-0.970912,-1.138630,0.633444,0.177681,0.593144,0.685053,1.619199,1.129427,-0.887960,0.076757
-0.542568,0.457247,0.512958,0.425965,0.582886,0.197501,-1.364638,0.321669,1.005924,0.357842,0.397378,0.457953,0.827786,1.015459,0.375594,0.282072,0.561143,0.821420,-1.268417,1.050065,1.358405,-1.123350,-0.895715,0.680605,-0.374019,-1.479093,0.758439,0.398572,0.537971,-0.904516,1.435496,0.282023,173.219586,1.352369,-1.374597,0.569227,0.398241,0.973681,-0.816618,-0.636865,0.345712,0.314109,0.324984,0.135089,1.964300,1.141395,-0.747768,0.720242
-0.056171,0.610027,1.405750,0.055067,0.468887,0.215136,-0.955442,0.287310,0.925963,0.031030,0.161532,0.450170,0.680753,0.181682,0.260822,0.117724,0.052236,0.254961,-0.872898,0.700012,0.423436,-0.374328,-0.708194,0.148353,0.309366,-0.203333,0.943673,0.271805,-0.532294,-0.677180,0.202935,0.545604,435.709350,1.016342,-1.315483,0.057912,0.116920,1.735199,-0.323899,0.221893,0.302084,0.004993,0.407446,0.447296,-0.031392,0.811158,0.253092,-0.215312
-0.909687,0.747083,1.458958,0.688073,0.591962,0.209759,-1.252953,0.608659,0.202322,0.170260,0.223924,0.321896,1.120333,0.905484,0.442236,0.351548,0.663032,0.723340,-1.229581,0.990264,1.601366,-0.624048,-0.857066,-0.057121,-2.158744,-0.841818,0.943673,0.366850,-1.036584,-0.974643,0.320323,0.500445,553.859707,1.338858,-1.283074,0.180138,0.273752,1.972059,-0.913545,-1.041787,0.591236,0.177796,0.637827,0.363783,3.084127,1.646645,-1.168694,0.313865
-0.909687,0.729758,0.488126,0.738649,0.607477,0.358516,-1.316560,0.543608,1.019018,0.206932,0.451613,0.595419,1.120333,0.905484,0.442913,0.388978,0.679551,1.390420,-1.274931,1.214443,1.601366,-0.874627,-1.070179,0.698404,-2.158744,-0.841818,0.906282,0.363247,-1.036584,-0.974643,0.438142,0.391383,202.899365,1.393127,-1.400409,0.649340,0.343422,0.993428,-1.028653,-1.314106,0.671434,0.197181,0.720781,0.773205,3.084127,1.646645,-1.168694,0.313865
-0.716740,0.439531,0.520280,0.336198,0.580479,0.253807,-1.306643,0.375202,1.019018,0.317237,0.537256,0.477037,0.885799,2.278336,0.459450,0.397739,0.642342,0.955412,-1.273096,1.193788,1.487126,-1.843272,-1.147830,0.452691,-0.089650,-3.088728,0.840903,0.578354,0.630003,-0.548464,1.644029,0.520337,170.627226,1.309118,-1.311590,0.577740,0.369700,0.982729,-0.835486,-0.737236,0.371698,0.368326,0.474263,0.130789,2.375968,1.382513,-0.477980,0.462908
-0.575969,0.523384,1.453646,0.104136,0.511079,0.197805,-1.098389,0.324782,0.977035,0.038172,0.135589,0.523712,0.885799,0.250107,0.343784,0.193718,0.154005,0.587168,-1.028177,0.905189,0.705955,-0.376604,-0.822491,0.452691,0.287677,-0.074634,0.796280,0.371830,-0.449567,-0.710786,0.254081,0.484746,477.682967,1.194081,-1.232301,0.105741,0.154544,1.545206,-0.324320,0.184221,0.298140,0.008216,0.480380,0.438400,0.456657,0.773418,0.122472,0.213144
-0.773346,0.682760,1.349035,0.393063,0.580200,0.366042,-1.137607,0.538331,0.282961,0.175080,0.250775,0.404535,0.950501,0.927389,0.412318,0.194472,0.462850,0.587168,-1.070750,0.943138,1.658548,-0.256079,-0.983712,0.473953,-1.193404,-0.902863,0.796280,0.292368,-0.931247,-1.127582,0.354074,0.431052,507.308222,1.215678,-1.304676,0.161964,0.241094,1.594940,-0.802725,-0.810001,0.537699,0.172872,0.606000,0.353570,1.907359,1.356276,-1.039207,0.303357
-0.773346,0.617718,0.487145,0.496845,0.587177,0.350227,-1.235596,0.515375,0.771761,0.198854,0.466651,0.424350,0.950501,0.927389,0.443802,0.332563,0.592005,0.647336,-1.091212,1.104062,1.658548,-0.645157,-0.874018,1.500115,-1.193404,-0.902863,0.928106,0.293275,-0.931247,-1.127582,0.354074,0.390215,197.182471,1.261066,-1.225891,0.626132,0.293452,1.069472,-0.975934,-1.068303,0.577327,0.179631,0.529018,0.643490,1.907359,1.356276,-1.039207,0.303357
-0.576781,0.412909,0.505936,0.454818,0.607631,0.341740,-1.236271,0.333903,0.913734,0.389838,0.459099,0.397052,0.867917,1.112124,0.496685,0.360491,0.672058,0.851386,-1.187710,1.144685,1.282995,-1.175345,-0.876689,1.333685,-0.472662,-0.850825,0.903368,0.542421,0.421111,-0.846916,1.290404,0.271472,163.094157,1.242518,-1.136468,0.601264,0.454903,1.013746,-0.843749,-0.694274,0.392945,0.357429,0.478358,0.146697,3.035708,1.465727,-0.511457,1.022082
-0.034663,0.616856,1.277230,0.040701,0.451252,0.219592,-1.154052,0.236026,0.850987,0.029670,0.181401,0.384378,0.697511,0.197327,0.226844,0.105537,0.031200,0.326351,-1.045405,0.767222,0.374467,-0.390186,-0.785107,0.120450,0.302597,-0.416814,0.890898,0.228090,-0.354483,-0.761696,0.208561,0.677768,379.352180,1.196870,-1.340535,0.071091,0.128384,1.654886,-0.324129,0.213152,0.328680,0.006255,0.386819,0.370572,-0.053080,0.882176,0.191834,-0.234988
-1.546048,0.759420,1.346253,0.631403,0.558757,0.172461,-0.983755,0.761456,0.288125,0.188615,0.307967,0.293672,0.895070,0.944869,0.425694,0.312290,0.476700,0.448766,-0.837075,1.026745,2.276079,-0.593434,-1.119374,0.083428,-1.899333,-0.661417,1.016362,0.359928,-0.753957,-1.080201,0.213289,0.698096,493.591194,0.960638,-1.324013,0.159370,0.274950,1.504107,-0.935818,-0.994287,0.624509,0.175276,0.465413,0.287163,2.323312,1.529854,-1.129213,0.488841
-1.546048,0.720245,0.492920,0.717181,0.601656,0.412490,-1.185894,0.727364,0.941274,0.241631,0.515214,0.585950,0.895070,0.944869,0.392060,0.338796,0.475548,1.286518,-1.114985,1.078109,2.276079,-0.959520,-1.242542,0.677491,-1.899333,-0.661417,1.016362,0.393678,-0.753957,-1.080201,0.408347,0.596552,209.766624,1.189613,-1.147833,0.638695,0.347385,0.986938,-1.162397,-1.324199,0.700860,0.201206,0.435778,0.613949,2.323312,1.529854,-1.129213,0.488841
-0.547194,0.450056,0.541935,0.448145,0.608764,0.233645,-1.364312,0.285685,0.941274,0.417080,0.401495,0.449472,0.849526,1.049982,0.406538,0.361874,0.675896,1.116811,-1.171092,1.039339,1.256463,-1.024747,-0.787016,0.677491,-0.505507,-0.923006,0.935274,0.409859,0.391880,-0.788646,1.907609,0.203275,191.570398,1.295509,-1.240281,0.595815,0.399346,1.064231,-0.932033,-0.687115,0.344323,0.343216,0.405724,0.169608,1.967578,1.237734,-0.698873,0.828936
-0.014829,0.643069,1.583660,0.071069,0.469609,0.273408,-1.140830,0.237460,0.727366,0.031742,0.172852,0.435755,0.664476,0.178468,0.219401,0.121255,0.071985,0.551007,-1.040598,0.682612,0.540983,-0.526730,-0.667588,0.104371,0.265407,-0.120356,0.852157,0.231225,-0.500671,-0.740858,0.205242,0.389246,490.624087,1.149375,-1.129070,0.058160,0.115641,1.802963,-0.326000,0.256745,0.293993,0.003937,0.504282,0.394782,0.011502,0.826807,0.305293,-0.254295
-0.675138,0.836504,1.205949,0.337149,0.556564,0.314237,-1.310489,0.582528,0.510318,0.157238,0.282338,0.428918,0.851478,1.024598,0.404138,0.226881,0.385590,0.897119,-1.210167,1.136616,1.270934,-0.527564,-0.993454,0.967498,-0.879238,-0.704270,0.782977,0.274369,-0.862837,-1.051058,0.391136,0.361789,450.671156,1.290604,-1.222499,0.401631,0.270667,1.752950,-1.028953,-1.196313,0.879380,0.192833,0.639212,0.400708,1.305827,1.513476,-1.074146,0.195670
-0.690855,0.505524,0.759577,0.454502,0.566031,0.304422,-1.221008,0.354254,0.888862,0.438129,0.539909,0.370310,0.779572,1.281201,0.335784,0.389892,0.408238,0.980056,-1.134560,1.074855,1.568514,-1.053893,-0.800179,0.885956,-0.152945,-1.737308,0.791525,0.390373,0.317067,-1.275678,2.091132,0.477503,315.610977,1.285980,-1.207810,0.587004,0.359721,1.518097,-0.967519,-0.920475,0.450796,0.319371,0.461867,0.156602,1.825034,1.238720,-0.483469,0.913310
0.226431,0.881417,0.548882,0.017786,0.311363,0.184206,-0.885200,0.119858,0.032575,0.013724,0.040790,0.122803,0.323267,0.167262,0.139943,0.042742,0.014874,0.240585,-0.830881,0.649746,0.391606,-0.317726,-0.897810,-0.229445,0.328214,0.063458,0.680422,0.095964,-0.468325,-0.553258,0.203243,0.283163,171.309501,0.996245,-1.268265,0.006958,0.057113,1.080956,-0.319982,0.646694,0.108633,0.001672,0.230847,0.165237,-0.075010,0.603431,0.021352,-0.245882
0.661489,0.959213,1.137051,0.029983,0.282523,0.252130,-0.971834,0.025015,-0.421584,0.007577,0.055845,0.189060,0.297973,0.170526,0.022981,0.042863,0.023909,0.441146,-0.869650,0.665433,0.379472,-0.193141,-0.861705,-0.148079,0.342708,0.071583,0.450996,0.141785,-0.567340,-0.590749,0.208085,0.244419,394.686969,1.055768,-1.286038,0.005605,0.024932,1.348433,-0.328314,0.914671,0.022760,0.002224,0.285976,0.038335,-0.068187,0.576380,-0.037951,-0.330946
0.041215,0.781613,1.595212,0.946526,0.417977,0.275710,-1.184442,0.210079,0.774809,0.129122,0.278514,0.337136,0.738040,1.071443,0.213313,0.419846,0.508402,1.054101,-1.029985,0.965275,0.984230,-0.936135,-1.403355,-0.148079,-0.156530,-0.493580,0.830704,0.234322,-0.567340,-0.828544,0.261883,0.513788,665.563921,1.175193,-1.272572,0.147651,0.215370,1.831402,-0.585150,-1.129337,0.694103,0.154590,0.336999,0.344964,2.326902,0.724521,-0.754796,0.186056
0.041215,0.878641,0.865066,0.950263,0.408762,0.109045,-1.250337,0.208550,1.359092,0.129950,0.301279,0.355480,0.738040,1.071443,0.286268,0.414690,0.528896,1.067130,-1.145331,1.014022,1.392940,-0.936135,-1.378962,0.584928,-0.156530,-0.493580,0.830704,0.193294,-0.530395,-0.828544,0.264056,0.558021,380.552861,1.277067,-1.099570,0.359879,0.243110,1.345587,-0.823731,-1.377819,0.918102,0.156883,0.294880,0.688853,2.326902,0.724521,-0.789157,0.186056
0.041215,0.841349,0.492947,1.048606,0.371737,0.175328,-1.221782,0.190455,1.410026,0.234648,0.328351,0.317936,0.708441,1.071443,0.305012,0.451723,0.548640,1.067130,-1.236607,1.014022,2.038400,-1.211694,-1.345051,0.584928,-0.156530,-0.493580,0.830704,0.393182,-0.149750,-0.564519,0.264056,0.636771,161.136044,1.282133,-1.308298,0.412306,0.303090,1.029904,-0.872097,-1.377819,0.588041,0.258636,0.346964,0.420217,2.326902,1.173949,-0.789157,0.358845
-0.127216,0.602899,0.518702,0.563879,0.493549,0.211333,-1.079990,0.265350,1.410026,0.306276,0.372121,0.317880,0.766847,1.166656,0.290427,0.367385,0.828017,1.148668,-1.135184,1.014022,2.038400,-1.211694,-1.188534,0.584928,-0.106939,-1.062721,0.725766,0.326910,0.932360,-0.479069,0.711289,0.214679,171.908622,1.212700,-1.331027,0.528533,0.364854,1.149961,-0.872097,-1.377819,0.697712,0.290869,0.310620,0.155263,2.132399,1.173949,-0.489799,0.681145
0.536800,0.532029,1.441496,0.037642,0.449697,0.302580,-1.191877,0.091183,0.379962,0.021518,0.076541,0.346597,0.682191,0.188378,0.163032,0.064738,0.044977,0.770989,-1.194608,0.683467,0.599019,-0.644228,-0.742894,-0.135626,0.326361,-0.207670,0.708934,0.268791,-0.777789,-0.723074,0.233989,0.293732,507.335085,1.287145,-1.361874,0.078246,0.086938,1.527458,-0.317986,0.079660,0.204809,0.008349,0.656646,0.317314,0.013645,1.309240,0.017757,-0.086548
-0.287320,0.657434,1.031314,0.604252,0.484525,0.239970,-1.326357,0.336670,0.532922,0.177667,0.297320,0.301331,0.760065,1.167520,0.341098,0.252399,0.475702,0.806446,-1.277853,1.350701,0.705110,-0.788392,-1.306764,0.011330,0.001798,-0.742106,0.659427,0.213216,-0.853316,-0.938541,0.447150,0.305381,438.215864,1.385231,-1.224445,0.325233,0.274742,1.538142,-0.979301,-1.179508,0.711019,0.160240,0.632829,0.364643,1.191176,1.371242,-0.900156,0.048400
0.122394,0.678688,1.154658,0.338433,0.373342,0.380169,-1.340544,0.209754,0.677062,0.313300,0.300305,0.541875,0.690232,1.409660,0.182083,0.318175,0.920187,1.422089,-1.256725,1.350701,2.144208,-1.128523,-1.335688,0.132855,-0.171157,-0.513369,0.649406,0.281265,-0.250795,-1.053411,0.429139,0.469999,475.388987,1.378651,-1.182036,0.423973,0.290402,1.502068,-1.058931,-1.179508,0.742937,0.239329,0.424419,0.311663,4.516734,0.867667,-0.861368,0.134729
0.373641,0.971546,0.513426,0.025385,0.311062,0.073421,-1.243796,0.155313,-0.123975,0.028518,0.046981,0.184621,0.341367,0.171069,0.090012,0.039003,0.023236,0.604957,-1.171863,0.667648,0.456781,-0.260309,-1.301508,-0.002832,0.321734,0.028579,0.583654,0.083503,-0.371337,-0.370590,0.204927,0.149808,174.009996,1.347328,-1.313650,0.015105,0.056634,1.131136,-0.327005,0.841214,0.081293,0.004666,0.337775,0.075347,-0.097205,0.579669,-0.077841,-0.315682
0.802898,0.975804,1.184291,0.056102,0.327098,0.100583,-0.987028,0.099294,-0.111781,0.019145,0.037163,0.232401,0.421512,0.178972,0.131378,0.026344,0.028463,0.629164,-0.994660,0.686883,0.441493,-0.200343,-0.827055,-0.008914,0.323426,0.097978,0.564214,0.061191,-0.511307,-0.471665,0.208000,0.071448,377.364053,1.102325,-1.301321,0.036104,0.046850,1.694793,-0.325927,0.863802,0.093327,0.003253,0.381812,0.112004,-0.042863,0.708659,0.038402,-0.334710
-0.712020,0.855830,1.964980,0.291368,0.543149,0.276776,-1.123547,0.627694,0.100666,0.127443,0.193363,0.321346,0.923329,0.943554,0.277636,0.270105,0.421237,0.512966,-1.175521,0.766006,0.690637,-0.355884,-1.438318,0.355557,-1.120824,-0.608431,0.564214,0.180236,-0.941351,-0.846779,0.395290,0.351008,738.293200,1.196448,-1.246696,0.162667,0.235889,1.877641,-0.698995,-0.972641,0.630045,0.176846,0.550350,0.241464,1.658845,1.002903,-1.163888,0.332694
-0.712020,0.703838,0.639028,0.342250,0.623664,0.329269,-1.286605,0.455276,1.353094,0.242464,0.425736,0.400376,0.923329,0.943554,0.306368,0.369911,0.526734,0.748351,-1.268555,0.928345,1.199713,-0.848472,-1.355651,1.236190,-1.120824,-0.608431,0.884003,0.204579,-0.941351,-0.846779,0.321949,0.468696,262.246580,1.306104,-1.345685,0.671869,0.370337,1.500644,-1.038932,-1.264979,0.717793,0.210342,0.374602,0.866806,1.658845,1.078799,-1.163888,0.665695
-0.318094,0.254107,0.567672,0.389475,0.654935,0.420959,-1.256923,0.280447,1.403972,0.313676,0.345321,0.373494,0.975763,1.477267,0.393531,0.321944,0.575163,1.123344,-1.190443,0.868856,1.199713,-0.848472,-0.979238,0.733002,-0.034899,-0.966465,0.879162,0.433345,0.817487,-0.704320,0.934717,0.582824,192.581403,1.295968,-1.349805,0.644163,0.511035,1.061202,-0.974856,-0.664500,0.323425,0.365563,0.516221,0.193149,1.524825,1.230953,-1.327046,1.232337
0.310101,0.377092,1.722638,0.046456,0.444882,0.366115,-1.112760,0.173558,1.318616,0.014823,0.131098,0.483879,0.626966,0.177176,0.226153,0.120691,0.037683,0.406655,-1.089281,0.676342,0.500821,-0.387896,-0.783944,-0.024222,0.300190,-0.966465,0.853038,0.213654,-0.377925,-0.832840,0.203684,0.375668,537.359483,1.176253,-1.416081,0.068873,0.074189,1.780481,-0.336902,-0.212326,0.378093,0.003005,0.539332,0.462507,0.052586,0.624254,0.164829,-0.224362
-0.886338,0.565633,1.541898,0.370712,0.534970,0.284540,-1.176574,0.618047,0.361105,0.165215,0.193671,0.249363,0.906075,0.837806,0.445261,0.220898,0.433055,0.456468,-1.166824,0.894230,1.656749,-0.400449,-0.896872,0.120611,-0.969202,-0.914693,0.853038,0.249725,-0.830184,-1.072084,0.327198,0.456110,588.275522,1.260643,-1.421810,0.146444,0.215268,1.935130,-0.810237,-0.776261,0.459312,0.151638,0.708641,0.360614,1.658569,1.243359,-0.956913,0.200973
-0.886338,0.643666,0.551512,0.401891,0.571898,0.328411,-1.266143,0.548676,1.079732,0.193132,0.369868,0.464096,0.906075,0.837806,0.431369,0.252207,0.454654,1.182001,-1.202204,1.078238,1.656749,-0.926662,-1.107741,0.989871,-0.969202,-0.914693,0.739687,0.260125,-0.830184,-1.072084,0.369848,0.364196,223.612990,1.312731,-1.312426,0.610528,0.262848,1.235092,-0.960949,-1.065667,0.618216,0.161619,0.518354,0.702727,1.658569,1.243359,-0.956913,0.200973
-0.476734,0.503472,0.478476,0.576878,0.630322,0.207941,-1.239394,0.294815,1.079732,0.465021,0.480541,0.462419,0.859287,1.373526,0.352548,0.388227,0.623824,1.118330,-1.250058,1.062181,1.301632,-1.528875,-0.824721,0.989871,-0.682671,-1.454274,0.789211,0.496182,0.524742,-1.083946,1.639156,0.270349,159.012944,1.332261,-1.209840,0.644351,0.431159,0.964123,-0.915539,-0.984433,0.513573,0.402789,0.353487,0.148121,2.246442,1.216628,-0.644236,0.958405
-0.476734,0.551007,1.481321,0.201752,0.492352,0.388767,-1.021874,0.367364,0.925082,0.052730,0.395536,0.576266,0.781043,1.159995,0.379822,0.249698,0.273103,1.118330,-1.043391,0.877987,0.767215,-1.528875,-0.841155,0.135302,0.206894,-0.213915,0.940139,0.372352,-0.322463,-0.641013,0.423852,0.654824,441.561254,1.074780,-1.180491,0.103788,0.152205,1.715009,-0.426258,0.274153,0.265979,0.098881,0.446172,0.400082,-0.078668,0.772860,-0.002118,-0.066465
-0.869790,0.694962,1.438795,0.397962,0.574051,0.210556,-1.168767,0.545256,0.492132,0.220881,0.356805,0.383558,0.898740,1.052221,0.458976,0.335934,0.615675,0.111224,-1.150012,1.112642,1.282261,-0.207359,-1.165945,0.476523,-1.474362,-0.729830,0.940139,0.266470,-0.701370,-1.042256,0.303075,0.547956,541.676403,1.225889,-1.239595,0.180771,0.264141,1.680400,-0.734768,-1.014846,0.606876,0.183694,0.578894,0.349678,2.228725,1.330831,-1.008992,0.413225
-0.869790,0.790164,0.532330,0.394190,0.635541,0.332526,-1.329742,0.512662,1.369282,0.281179,0.548387,0.386152,0.898740,1.052221,0.457606,0.403356,0.726294,0.796565,-1.254677,1.112642,1.282261,-0.661219,-1.199377,1.029833,-1.474362,-0.770609,0.920338,0.263458,-0.701370,-1.042256,0.303075,0.570625,218.412575,1.330594,-1.239952,0.682046,0.347133,1.133507,-0.981624,-1.357673,0.754743,0.196825,0.620217,0.755011,2.228725,1.330831,-1.029142,0.413225
-0.667354,0.529033,0.507020,0.562574,0.662249,0.370381,-1.320745,0.344007,1.369282,0.461509,0.518924,0.415825,0.854735,1.127917,0.433070,0.416581,0.613444,1.103158,-1.242939,1.049547,0.987625,-0.891838,-0.948444,0.652097,-0.387322,-0.944265,0.920338,0.491133,0.467469,-0.967469,2.174724,0.461042,164.595893,1.311085,-1.344263,0.682908,0.514233,1.016784,-0.965970,-1.263495,0.569745,0.319345,0.479417,0.282135,1.115997,1.479558,-0.455200,1.178713
-0.613793,0.619515,1.238033,0.129507,0.510276,0.285774,-1.209099,0.342009,0.876637,0.040581,0.345024,0.460781,0.813928,0.306815,0.365019,0.264899,0.326843,0.390778,-1.136331,0.871786,0.603747,-0.891838,-0.792872,0.149239,0.201061,-0.360664,0.931958,0.395625,-0.392280,-0.695332,0.444976,0.494806,376.428829,1.233284,-1.262669,0.104911,0.170591,1.593822,-0.334378,0.320221,0.279845,0.021649,0.461247,0.407669,0.642289,0.927790,0.104027,-0.271478
-0.931062,0.737255,1.190109,0.350730,0.572938,0.198288,-1.198899,0.564690,0.368558,0.201135,0.311832,0.456181,0.909267,1.046833,0.442695,0.358586,0.496002,0.453636,-1.126926,1.115983,1.791620,-0.375896,-1.180027,0.153589,-1.893728,-0.832689,0.931958,0.302506,-0.750445,-1.284868,0.385939,0.566606,466.626754,1.225184,-1.323502,0.189218,0.282154,1.707138,-0.840824,-1.068216,0.640041,0.211683,0.588925,0.314927,2.297600,1.424906,-1.131606,0.512862
-0.931062,0.700889,0.493699,0.384134,0.652632,0.311320,-1.254099,0.549841,0.783539,0.295943,0.574083,0.430810,0.909267,1.046833,0.447052,0.418294,0.549736,1.087621,-1.093609,1.118003,1.830172,-1.075249,-1.138639,0.832264,-1.893728,-0.832689,0.956548,0.314349,-0.750445,-1.284868,0.389104,0.522396,214.426741,1.201490,-1.258588,0.697169,0.411206,0.922676,-1.070993,-1.267680,0.716940,0.252528,0.495871,0.573342,2.297600,1.424906,-1.131606,1.103749
-0.425921,0.461615,0.644422,0.500022,0.650299,0.428897,-1.229976,0.306472,0.962527,0.452098,0.527169,0.324964,0.891774,0.869541,0.479609,0.385756,0.480292,1.099501,-1.193561,1.270574,1.830172,-1.346363,-0.919008,0.832264,-0.349531,-0.633943,0.956548,0.412940,0.374795,-0.971563,1.503610,0.519037,208.962190,1.224768,-1.261884,0.664206,0.493444,1.211740,-0.991402,-0.737651,0.386017,0.366968,1.020247,0.160352,1.765426,1.128800,-0.846487,1.227029
-0.207949,0.634027,1.379777,0.048940,0.456617,0.372397,-1.153060,0.245753,0.758957,0.045447,0.204180,0.394236,0.712207,0.288559,0.247813,0.202410,0.064073,1.005428,-1.115486,0.827879,0.521266,-0.652097,-0.771663,0.259000,0.168766,-0.507405,0.790982,0.191177,-0.406038,-0.901695,0.211573,0.618249,421.890925,1.202195,-1.104701,0.090119,0.112633,1.671301,-0.355894,0.270808,0.277837,0.012841,0.473498,0.374859,0.150836,0.681035,0.249954,-0.139953
-0.141066,0.747985,1.247410,0.979441,0.525938,0.478759,-1.130000,0.279342,0.204030,0.159137,0.402754,0.320509,0.877732,1.352294,0.432246,0.406232,0.483966,1.006366,-1.036702,1.025323,0.750349,-0.646709,-1.072767,-0.200475,-0.405994,-0.742260,0.922468,0.274173,-0.605183,-1.304376,0.454752,0.574014,485.195371,1.139697,-1.244376,0.203975,0.199980,1.625209,-0.641290,-0.997462,0.676906,0.180530,0.485033,0.240170,1.504777,1.026415,-0.884739,0.091632
-0.141066,0.712481,0.483783,1.007442,0.549636,0.321128,-1.299917,0.252748,1.035313,0.229241,0.447482,0.386050,0.877732,1.352294,0.433202,0.389261,0.503048,1.306226,-1.247134,1.025323,1.931842,-1.186860,-1.158489,0.963556,-0.405994,-0.742260,0.922468,0.300273,-0.605183,-1.304376,0.454752,0.407880,198.942421,1.332033,-1.179004,0.597331,0.312292,0.848979,-0.888125,-1.161094,0.674726,0.214330,0.509300,0.603649,1.504777,0.936173,-0.884739,0.899062
-0.302437,0.349748,0.562258,0.483472,0.622863,0.167659,-1.202950,0.231250,1.079143,0.507601,0.391821,0.265141,0.948235,1.197154,0.355754,0.605699,0.982333,0.889331,-1.087033,1.115974,1.980458,-1.343233,-0.982716,0.963556,-0.637815,-2.175084,0.696665,0.474867,0.495318,-0.534568,1.677978,0.409147,189.662208,1.270420,-1.306112,0.601480,0.423236,0.859105,-0.888125,-0.550768,0.330609,0.319166,0.498898,0.174397,4.188698,1.144994,-0.780748,0.912079
0.242890,0.527582,1.743208,0.052741,0.421653,0.322091,-0.910725,0.125219,0.995381,0.031498,0.206622,0.453797,0.682311,0.185272,0.246105,0.159616,0.046271,0.867752,-0.836681,0.793385,0.481026,-0.650971,-0.706569,0.245581,0.287093,-0.444197,0.824461,0.297934,-0.470375,-0.840309,0.209118,0.399501,534.562171,1.019245,-1.352322,0.079242,0.095928,1.820610,-0.339163,0.053752,0.383464,0.004922,0.486224,0.463527,0.289879,0.833536,0.132567,-0.286157
-1.107358,0.743768,1.518975,0.517275,0.534255,0.368662,-1.105324,0.650886,0.180166,0.174609,0.255848,0.491705,0.912515,0.763640,0.383260,0.326476,0.488850,1.002028,-1.035045,0.973666,1.261388,-0.823279,-0.977875,-0.027320,-1.492222,-0.720401,0.824461,0.360835,-0.814577,-1.383866,0.327974,0.456797,601.091812,1.152360,-1.324024,0.173157,0.263084,1.651085,-0.872455,-0.967797,0.605678,0.152140,0.733074,0.282546,2.098173,1.413078,-0.996245,0.377778
-1.107358,0.698385,0.475360,0.540969,0.580514,0.426743,-1.305843,0.560985,1.031233,0.229182,0.454506,0.655215,0.912515,0.763640,0.362661,0.313662,0.479921,1.680082,-1.220873,1.020423,1.475042,-1.186035,-1.149609,0.963948,-1.492222,-0.720401,0.833492,0.406234,-0.814577,-1.383866,0.339960,0.271522,196.975743,1.331450,-1.340892,0.615386,0.317736,0.846930,-0.983170,-1.208170,0.679357,0.171587,0.976000,0.679204,2.098173,1.413078,-0.996245,0.377778
-0.329313,0.445620,0.966166,0.498219,0.603730,0.211731,-1.201466,0.223990,1.042256,0.404445,0.476230,0.292424,0.915650,2.062277,0.369552,0.466017,1.061666,1.266613,-1.086591,1.069702,2.082607,-1.646776,-0.956940,0.963948,-0.756078,-1.794179,0.677349,0.429732,0.406787,-0.595547,1.381970,0.210358,324.844992,1.271586,-1.322136,0.584293,0.393355,1.658850,-0.853683,-0.502959,0.312592,0.352899,0.782561,0.157098,5.070705,1.172106,-0.789812,0.812160
0.036212,0.574421,2.267866,0.040976,0.440197,0.297802,-0.988925,0.115942,0.981093,0.032870,0.213242,0.326015,0.660990,0.187665,0.232123,0.106737,0.087781,0.835184,-0.892667,0.750907,0.458230,-0.480735,-0.785079,0.286579,0.225650,-0.317462,2.067464,0.233951,-0.475635,-0.890316,0.208097,0.235831,731.741183,1.097985,-1.363099,0.057393,0.104968,1.489160,-0.356177,0.215403,0.265910,0.007129,0.502610,0.435184,0.639594,0.710606,0.071516,-0.246909
-1.100491,0.692059,1.688582,0.381435,0.527966,0.372618,-1.121760,0.544501,0.098265,0.160560,0.181757,0.369762,0.854249,0.918702,0.424481,0.268930,0.345672,0.835184,-1.081074,0.900223,0.722044,-0.640439,-1.114365,-0.318050,-0.353946,-0.584510,2.067464,0.245659,-0.898220,-1.320875,0.282112,0.430348,662.597257,1.248810,-1.388358,0.139393,0.205787,1.715474,-0.826610,-0.745217,0.511943,0.154147,0.577926,0.291488,1.705267,1.212208,-0.891924,0.147156
-1.100491,0.653507,0.517841,0.365458,0.564695,0.304083,-1.157776,0.557944,1.130417,0.204463,0.390962,0.477610,0.854249,0.918702,0.405639,0.223204,0.346820,1.110722,-1.029225,0.918837,1.639510,-1.289367,-1.240615,0.724276,-0.353946,-0.584510,0.765907,0.352672,-0.898220,-1.320875,0.287223,0.388751,219.855306,1.214311,-1.229438,0.601305,0.263841,1.037276,-0.971624,-1.065653,0.662036,0.162571,0.501081,0.739744,1.705267,1.212208,-0.924322,0.147156
-0.499348,0.507969,0.490855,0.510297,0.638927,0.270222,-1.264920,0.335685,1.130417,0.292915,0.427366,0.337294,0.861922,1.313773,0.449892,0.315616,0.611283,1.038562,-1.225740,0.967430,1.639510,-1.286874,-0.859990,0.724276,0.266711,-1.661701,0.970211,0.433815,0.548573,-0.816377,0.629717,0.329554,165.161478,1.281703,-1.189039,0.656085,0.453086,0.976133,-0.946378,-1.000436,0.513307,0.401947,0.372931,0.171376,0.758360,0.878305,-0.796293,0.777849
-0.499348,0.563969,1.328499,0.072243,0.513102,0.296813,-1.226561,0.366065,0.998471,0.060972,0.298697,0.480267,0.861464,0.273269,0.424528,0.195652,0.174946,0.453071,-1.250829,0.762376,0.445331,-1.236415,-0.717583,0.159771,0.266711,-0.343956,0.925631,0.334765,-0.384674,-0.816377,0.215981,0.581422,457.624350,1.271029,-1.133217,0.115600,0.211847,1.833399,-0.340332,0.248407,0.267703,0.013954,0.430816,0.440377,0.758360,0.893450,0.240346,-0.239293
-1.442156,0.695897,1.222874,0.351477,0.578311,0.348955,-1.224962,0.741928,0.415689,0.192879,0.287806,0.408132,0.892952,1.009480,0.430514,0.207333,0.358665,0.408489,-1.216410,1.083927,1.338907,-0.438251,-1.073421,0.164340,-0.248892,-0.663814,0.925631,0.259211,-0.700054,-1.057931,0.242373,0.523974,527.766699,1.308169,-1.243109,0.175305,0.264532,1.845111,-0.955423,-0.913491,0.622778,0.164754,0.514421,0.327467,1.721508,1.347774,-1.027680,0.296311
-1.442156,0.696857,0.498444,0.444679,0.659000,0.306752,-1.276593,0.724281,0.994096,0.265059,0.460969,0.330008,0.892952,1.009480,0.456537,0.295321,0.406390,0.642338,-1.194375,1.096729,1.338907,-0.777686,-1.144258,0.955264,-0.298291,-0.676999,1.024877,0.286254,-0.700054,-1.057931,0.369447,0.554597,210.814756,1.315560,-1.319984,0.705311,0.387759,1.004144,-1.103781,-1.226545,0.678377,0.202633,0.602770,0.627249,1.721508,1.347774,-1.027680,1.128962
-0.582082,0.395564,0.533005,0.546401,0.721924,0.363224,-1.324160,0.276643,0.994096,0.576205,0.534327,0.296914,0.934849,1.321702,0.401248,0.439882,0.551342,0.885601,-1.279415,1.304994,1.499977,-1.475878,-0.911526,0.955264,-0.501969,-2.119454,1.024877,0.626551,0.470137,-0.822578,2.155613,0.337267,183.629692,1.360310,-1.404128,0.729874,0.532775,1.126179,-0.991031,-0.846275,0.421073,0.435025,0.536224,0.145478,3.282552,1.472691,-0.718085,1.238668
-0.479571,0.402700,1.464064,0.117770,0.509730,0.391340,-0.939415,0.308623,0.956367,0.033063,0.316247,0.482619,0.851512,0.268505,0.329728,0.248053,0.207979,0.636525,-0.896133,1.146669,0.590696,-1.138349,-0.691239,0.152251,0.196753,-0.392826,0.916893,0.348524,-0.570875,-0.695857,0.206921,0.329834,455.610689,1.044911,-1.463139,0.118650,0.132237,1.707767,-0.344513,0.015282,0.307205,0.015536,0.522434,0.450938,0.595131,0.780311,0.245821,-0.295014
-0.536202,0.611581,1.660162,0.401764,0.574700,0.353852,-1.154874,0.491969,0.389627,0.165798,0.177638,0.443977,1.061092,0.923825,0.467617,0.325157,0.535262,0.429488,-1.126845,1.045835,1.363517,-0.490644,-0.875501,0.270191,-1.893933,-0.927674,0.916893,0.313816,-1.175578,-0.862623,0.297182,0.652205,625.983230,1.197601,-1.449180,0.170771,0.264224,1.707997,-0.731058,-0.928915,0.482628,0.188407,0.636386,0.468123,1.888660,1.440662,-1.104197,0.442455
-0.536202,0.644625,0.612078,0.436662,0.652909,0.334229,-1.310537,0.453097,1.060287,0.277165,0.500993,0.458167,1.061092,0.923825,0.451982,0.471053,0.683998,0.906437,-1.171568,1.088647,1.363517,-0.947878,-1.057355,1.410414,-1.893933,-0.927674,0.831981,0.369160,-1.175578,-0.862623,0.319972,0.976814,241.025295,1.289463,-1.256470,0.697007,0.373356,0.757261,-0.992035,-1.155860,0.679936,0.211567,0.572434,0.850584,1.888660,1.440662,-1.104197,0.662546
-0.593685,0.429134,0.542777,0.339861,0.633432,0.366739,-1.203178,0.347328,1.060287,0.507042,0.592622,0.299011,0.855715,1.611664,0.371882,0.485671,0.890767,1.157937,-1.097358,1.094541,1.842015,-1.123349,-0.952893,0.591053,-1.336348,-0.564004,0.831981,0.529317,0.421108,-1.083671,2.031356,0.568347,185.721168,1.215272,-1.117116,0.644887,0.422766,1.142582,-0.958302,-0.617797,0.333321,0.373661,0.500994,0.147265,2.280861,1.209452,-0.428975,0.742520
0.007209,0.699562,1.533514,0.067512,0.458848,0.271181,-1.067640,0.258515,0.874060,0.049890,0.192860,0.282482,0.655702,0.193187,0.273178,0.179650,0.065883,0.559587,-0.997699,0.795921,0.463693,-0.656384,-0.765874,0.265412,0.200311,-0.148876,0.929263,0.276199,-0.606002,-0.876688,0.221467,0.157414,517.557515,1.143150,-1.283989,0.094682,0.133183,1.672539,-0.328521,0.255421,0.335559,0.006915,0.438622,0.490271,0.249681,1.046318,0.201528,0.016220
-0.545907,0.769998,1.326979,0.439831,0.574768,0.444230,-1.269359,0.497205,0.141985,0.161774,0.247194,0.531404,0.891896,0.980123,0.448105,0.248156,0.540581,0.746229,-1.192494,1.096187,0.898634,-0.656384,-0.891168,1.267709,-1.046428,-0.694193,0.929263,0.381816,-0.981126,-0.876688,0.274883,0.669345,564.685094,1.324693,-1.356589,0.197071,0.252065,1.761981,-0.751500,-0.977865,0.651081,0.170169,0.700218,0.315603,1.934513,1.511159,-0.947373,0.242491
-0.545907,0.650742,0.482478,0.631681,0.528109,0.398967,-1.320730,0.390256,0.921998,0.258130,0.439055,0.535439,0.891896,0.980123,0.350387,0.478677,0.814144,0.746229,-1.219847,1.105132,1.083870,-1.460353,-0.996007,2.028118,-1.046428,-0.741708,0.764431,0.380530,-0.981126,-0.868025,0.274883,0.417408,201.791536,1.347193,-1.242676,0.578039,0.427231,0.971460,-0.883623,-1.123644,0.610887,0.277033,0.408065,0.675212,1.934513,0.848413,-0.947373,0.934524
-0.693820,0.305633,0.600918,0.388521,0.544565,0.398630,-1.536289,0.338055,0.996431,0.495031,0.433677,0.391311,0.853610,1.805152,0.378634,0.357348,0.652300,0.851335,-1.470917,1.105132,1.588760,-1.460353,-1.061403,0.392460,-0.276190,-1.279254,0.547217,0.612031,0.392299,-0.868025,2.455279,0.301056,193.870241,1.386483,-1.340922,0.413988,0.424469,1.311180,-0.771050,0.030913,0.218154,0.335961,0.540332,0.152884,1.810828,0.971522,-0.396054,0.934524
0.477354,0.691661,1.466746,0.131209,0.439201,0.135447,-1.352030,0.103543,0.607151,0.031136,0.111505,0.290801,0.605017,0.189191,0.173857,0.112695,0.088584,0.332707,-1.317157,0.726921,0.488887,-0.538934,-0.804342,-0.088345,0.142351,-0.070336,0.849159,0.161107,-0.791546,-0.683276,0.215517,0.517343,496.949384,1.373376,-1.232739,0.077165,0.065181,1.343719,-0.331871,0.086615,0.328304,0.006639,0.408396,0.429558,0.104288,0.967405,0.304597,-0.251161
-1.699544,0.739264,2.311389,0.336933,0.566611,0.281452,-1.210193,0.839841,-0.098074,0.173518,0.356236,0.523694,0.744218,0.765576,0.519430,0.444636,0.452072,1.695410,-1.173588,1.079316,1.887030,-1.434042,-0.951991,-0.229874,-0.609781,-0.566481,0.716175,0.552129,-1.607246,-1.137701,0.205626,1.193746,987.452955,1.222812,-1.414188,0.087702,0.106337,1.766768,-0.730658,-0.311591,0.316095,0.141643,0.569616,0.484352,1.625003,1.537884,-1.233635,-0.264579
-1.699544,0.838574,1.285508,0.464828,0.538102,0.261302,-1.254159,0.755723,1.167168,0.184909,0.511006,0.570153,0.744218,0.765576,0.550880,0.545028,0.558675,1.695410,-1.160926,1.224465,1.887030,-1.434042,-1.023696,0.757962,-0.609781,-0.576372,0.782428,0.622739,-1.607246,-1.137701,0.269610,1.053365,558.113037,1.235933,-1.337676,0.558377,0.149486,1.768348,-0.958079,-1.472530,0.848611,0.161109,0.557283,1.009655,1.625003,1.537884,-1.255869,-0.264579
-0.778472,0.652988,0.614524,0.524090,0.659499,0.226628,-1.253924,0.359241,1.341058,0.484639,0.550827,0.251490,1.033304,1.578404,0.520382,0.491811,0.625983,0.837733,-1.131240,1.067675,1.939573,-1.171048,-1.250886,0.889299,-0.367868,-2.998646,0.849872,0.518793,0.472765,-1.227386,2.400105,1.026632,213.609991,1.245925,-1.358193,0.655370,0.468674,1.152420,-0.958079,-1.440594,0.742978,0.342106,0.464876,0.178023,2.201596,1.059702,-0.987088,0.847374
-0.778472,0.265218,1.474693,0.444970,0.579427,0.413968,-1.099491,0.337392,1.539448,0.486373,0.531802,0.649669,1.033304,1.578404,0.561675,0.528145,0.565652,1.043280,-0.951859,1.067675,1.939573,-1.206200,-1.114601,0.470152,-0.367868,-2.998646,0.568639,0.568855,0.548233,-0.769203,2.400105,0.544422,486.361930,1.067943,-1.306092,0.214325,0.394935,1.801874,-0.456839,-0.260944,0.345245,0.322321,0.538359,0.279010,2.201596,1.059702,-0.699469,0.847374
-0.719938,0.257341,1.996872,0.058438,0.421685,0.314862,-1.170493,0.246184,1.539448,0.053967,0.286245,0.580778,0.913824,0.452027,0.447157,0.344100,0.228968,1.043280,-1.180282,0.966036,0.609243,-1.206200,-0.916360,0.369098,0.195651,-0.403152,0.591085,0.340030,-0.249489,-0.769203,0.237624,0.219953,826.069388,1.231839,-1.270035,0.175063,0.149643,1.773983,-0.354310,-0.260944,0.308571,0.029939,0.399851,0.568304,0.786800,0.290923,-0.005275,-0.080168
0.344873,0.473458,1.773006,0.022309,0.319190,0.223249,-1.150642,0.129316,0.981525,0.031640,0.145467,0.541743,0.485860,0.257831,0.145736,0.106720,0.039726,0.892217,-1.163157,0.708926,0.413596,-0.335939,-0.778961,0.140530,0.195651,-0.363911,0.591085,0.233648,-0.489393,-0.769203,0.237624,0.154090,706.344774,1.205894,-1.301245,0.056298,0.072371,1.730891,-0.354310,-0.260736,0.406263,0.014126,0.411543,0.462031,0.071385,0.290923,0.132768,-0.080168
0.440970,0.834906,0.807118,0.017218,0.295174,0.130190,-0.958165,0.199725,0.022034,0.022085,0.071508,0.411660,0.337401,0.173341,0.125799,0.058123,0.027059,0.749929,-0.855711,0.708926,0.388147,-0.288641,-0.789074,-0.257107,0.319394,-0.047364,0.543885,0.100792,-0.629235,-0.513250,0.204558,0.264640,269.834012,0.973425,-1.279925,0.021323,0.092010,1.396071,-0.354310,0.434244,0.148637,0.006529,0.322651,0.181843,-0.081622,0.286340,0.087033,-0.284876
0.608449,0.960878,0.556957,0.014449,0.299985,0.150526,-0.893071,0.081816,-0.321107,0.022789,0.056988,0.391359,0.337401,0.173341,0.065556,0.022284,0.017410,0.629694,-0.879003,0.688146,0.390265,-0.176430,-0.659953,-0.212854,0.319394,-0.047364,0.419816,0.035806,-0.692651,-0.507934,0.204558,0.202139,181.831037,1.022062,-1.357486,0.017550,0.073824,1.175461,-0.344888,0.894342,0.048527,0.005534,0.360390,0.103260,-0.114020,0.272044,0.008028,-0.290548
0.853667,1.003075,0.590600,0.014504,0.288963,0.079537,-0.909924,0.023375,-0.480185,0.009847,0.035688,0.294954,0.332443,0.161201,0.051093,0.018390,0.013476,0.624061,-0.863826,0.688146,0.400729,-0.176430,-0.718734,-0.184449,0.350498,0.107185,0.419816,0.030638,-0.727136,-0.507934,0.193295,0.113570,246.093819,1.019068,-1.456222,0.013739,0.024184,1.153041,-0.321151,0.894499,0.049148,0.003253,0.358367,0.067876,-0.134189,0.265577,0.004510,-0.462537
0.839409,1.049600,0.661780,0.019389,0.277098,0.037220,-0.914950,0.032556,-0.661086,0.007885,0.021519,0.148633,0.292902,0.162019,0.048184,0.018146,0.016536,0.514006,-0.843354,0.688146,0.402717,-0.150349,-0.676074,-0.166673,0.350498,0.118153,0.380993,0.021486,-0.768090,-0.429045,0.190363,0.195190,271.363353,1.020526,-1.405435,0.005423,0.020848,1.303944,-0.323231,1.019129,0.014046,0.002968,0.249574,0.027966,-0.118320,0.122429,-0.004128,-0.484499
0.794118,1.069699,1.369786,0.050518,0.269738,0.053819,-0.993320,0.028663,-0.705545,0.010958,0.082143,0.141632,0.286945,0.171243,0.056133,0.033583,0.035935,0.238625,-0.915304,0.673986,0.450585,-0.142863,-0.671562,-0.157158,0.369668,0.060374,0.345511,0.059897,-0.800070,-0.428152,0.192564,0.164051,422.691780,1.061997,-1.391790,0.005803,0.020173,1.638162,-0.324935,1.052296,0.011578,0.004629,0.219062,0.021378,-0.063897,0.085282,-0.007562,-0.475414
0.626660,0.980646,1.524052,0.052073,0.321114,0.037220,-0.942858,0.085212,-0.740132,0.013457,0.073871,0.142895,0.488051,0.171243,0.118880,0.038424,0.063278,-0.055038,-0.850797,0.751021,0.477872,-0.093262,-0.716106,-0.157158,0.378708,-0.047136,0.544704,0.075531,-0.820412,-0.545863,0.192564,0.163876,473.157203,1.003382,-1.243919,0.065578,0.090221,1.777004,-0.324644,0.575926,0.134143,0.011152,0.450593,0.018138,0.060745,0.202389,-0.398586,-0.251695
-0.182334,0.740808,0.828283,0.502817,0.425827,0.083168,-1.126077,0.304805,0.311334,0.077511,0.196169,0.202241,0.587917,0.580873,0.152541,0.168561,0.143152,0.097883,-1.037266,1.015625,0.589710,-0.533914,-1.205279,-0.210423,-0.081029,-0.242003,0.583872,0.165611,-0.820412,-0.556648,0.183716,0.213760,336.296837,1.198946,-1.197412,0.104800,0.117285,1.632622,-0.514333,-1.120428,0.726747,0.065196,0.314254,0.298636,0.544883,0.421935,-0.628030,-0.139423
-0.182334,0.879567,0.574749,0.544141,0.355407,0.252492,-1.237530,0.318383,1.333767,0.093670,0.242684,0.274800,0.587917,0.580873,0.156012,0.240325,0.303041,0.631020,-1.171200,1.015625,1.887855,-0.635678,-1.413404,1.077504,-0.081029,-0.242003,0.583872,0.185207,-0.774138,-0.556648,0.209510,0.700739,236.050347,1.306097,-1.175957,0.343533,0.113548,1.216050,-0.728668,-1.474681,0.681709,0.087425,0.467959,0.743782,0.882581,0.627025,-0.649861,-0.139423
-1.013128,0.783594,0.618089,0.876721,0.283760,0.130197,-1.112158,0.557988,1.337153,0.217709,0.273750,0.203360,0.831774,0.625244,0.103329,0.273519,0.556177,0.942008,-1.022504,0.963379,2.090438,-0.873352,-1.444877,1.077504,-0.250311,-0.120964,0.723629,0.163031,0.725995,-0.292512,0.578143,0.299539,221.255185,1.153128,-1.178623,0.322917,0.218369,1.327583,-0.728668,-1.474681,0.826490,0.196886,0.075343,0.159448,1.354803,1.023183,-0.472877,0.371372
-1.013128,0.523213,0.693737,0.788930,0.436605,0.243864,-1.103495,0.441097,1.305582,0.259059,0.378556,0.434319,0.831774,0.625244,0.391769,0.296064,0.563163,1.634431,-0.969339,0.963379,2.010379,-1.221367,-1.394214,0.595415,-0.250311,-0.641915,0.723629,0.484320,0.527135,-0.797273,0.578143,0.190147,254.821031,1.157296,-1.367551,0.284726,0.271998,1.212651,-0.560197,-0.009912,0.172854,0.223940,0.427123,0.234892,1.354803,1.023183,-0.214454,0.438382
-1.090367,0.474598,1.010556,1.044952,0.523755,0.172968,-0.910752,0.491233,0.889913,0.263507,0.355397,0.305923,1.009346,1.788479,0.179135,0.364187,1.439736,1.095972,-0.833939,1.092769,2.339174,-1.091508,-0.940231,0.926383,-1.261455,-0.479216,0.615993,0.391366,0.205883,-0.484351,0.523164,0.559027,346.615653,0.965136,-1.253879,0.390458,0.342351,1.547786,-1.122095,0.206813,0.214690,0.412493,0.615891,0.157806,2.986027,0.884899,-0.822273,0.934261
0.291769,0.642816,1.244985,0.022709,0.390024,0.345949,-1.023336,0.151169,0.524386,0.020510,0.058859,0.207398,0.506531,0.197789,0.147291,0.063407,0.043879,0.309803,-0.982374,0.701185,0.378754,-0.572522,-0.749478,-0.027048,0.325214,0.010707,0.632529,0.150995,-0.486011,-0.582423,0.314094,0.402860,443.254653,1.135051,-1.286673,0.045257,0.029275,1.686549,-0.322364,0.239750,0.214658,0.008281,0.530834,0.286413,0.176403,0.733134,0.137224,-0.254531
0.221605,0.616853,0.826573,0.550542,0.440740,0.100511,-1.272562,0.228554,0.381019,0.098798,0.246879,0.208565,0.738715,1.373751,0.306032,0.195817,0.448289,0.195614,-1.231297,1.158782,0.694191,-0.575946,-0.697283,0.661272,-0.259898,-0.477958,0.768691,0.187588,-0.577283,-0.650773,0.453059,0.395675,357.061312,1.298429,-1.288838,0.316310,0.213840,1.570193,-0.790176,-0.693067,0.633740,0.167089,0.664500,0.312874,1.386242,1.182838,-0.630959,-0.042015
0.332725,0.566212,0.498032,0.226688,0.250447,0.223812,-1.181275,0.207581,0.512240,0.192566,0.238233,0.261214,0.338153,0.711061,0.121934,0.202777,0.319621,0.592040,-1.186304,0.881676,1.365522,-0.766600,-0.737087,0.648691,-0.011702,-0.423926,0.672013,0.232024,-0.255027,-0.763630,0.341732,0.359417,207.304146,1.261543,-1.201209,0.243911,0.132744,1.001857,-0.790176,-0.669081,0.526790,0.142794,0.208782,0.272073,1.087828,0.546398,-0.374670,-0.122896
0.351714,1.027899,0.496978,0.021518,0.291311,0.096850,-1.175963,0.122202,-0.149130,0.015725,0.026780,0.106563,0.323401,0.169306,0.031414,0.028172,0.020186,0.390000,-1.022742,0.662549,0.393500,-0.194701,-0.840388,-0.085886,0.352199,0.084179,0.456122,0.053162,-0.309191,-0.387095,0.201195,0.164042,162.160918,1.080486,-1.247436,0.017009,0.018682,0.954684,-0.318443,0.861968,0.065681,0.001956,0.175377,0.042961,-0.082595,0.492645,-0.117318,-0.360655
0.822550,0.864677,0.509514,0.025807,0.327333,0.108933,-1.348078,0.094672,0.042046,0.010728,0.061325,0.245112,0.428902,0.170598,0.200995,0.021442,0.017885,0.581812,-1.318756,0.680988,0.441970,-0.177766,-0.740789,-0.035396,0.340524,0.084362,0.679620,0.057860,-0.244362,-0.381356,0.221613,0.344227,167.827185,1.383650,-1.111399,0.037513,0.024711,0.727483,-0.327416,0.803028,0.038913,0.003571,0.342106,0.072265,-0.087314,1.059690,-0.005698,-0.305058
-0.393686,0.795206,1.415902,0.293013,0.553318,0.316133,-1.287854,0.580882,0.372086,0.152020,0.246721,0.172864,0.926124,1.102290,0.405131,0.262826,0.340114,0.388569,-1.259275,1.014972,0.949221,-0.169390,-1.193347,0.603524,-0.542627,-0.684887,0.781887,0.234718,-0.574966,-0.901051,0.399143,0.642033,579.832727,1.305661,-1.324370,0.199649,0.262382,2.005668,-0.676856,-1.185273,0.708246,0.193695,0.507522,0.218624,1.280215,1.004065,-1.118540,0.265469
-0.393686,0.784871,0.497465,0.447875,0.634329,0.343489,-1.151320,0.468391,1.350252,0.248042,0.371917,0.339359,0.926124,1.102290,0.471285,0.319248,0.420858,0.789151,-1.079216,1.056589,0.949221,-1.048093,-1.208147,1.260088,-0.542627,-0.684887,1.060047,0.269412,-0.574966,-0.901051,0.399143,0.358580,209.155893,1.183352,-1.280917,0.688533,0.460759,0.820559,-0.950065,-1.421445,0.744513,0.266748,0.507454,0.686007,1.280215,1.076751,-1.118540,1.133145
-0.664106,0.289466,0.520884,0.500414,0.659969,0.366010,-1.336937,0.293566,1.400951,0.392073,0.402564,0.317785,0.916872,0.777110,0.386837,0.212794,0.603384,0.896486,-1.301619,1.056589,1.229386,-1.327243,-1.136185,0.669048,0.185537,-1.443177,0.931413,0.436401,0.827252,-0.638888,1.443799,0.294342,175.119055,1.355925,-1.227664,0.606116,0.467568,1.013223,-0.868815,-0.487636,0.335827,0.309914,0.347515,0.189364,0.907630,1.327548,-0.627067,1.133145
0.095584,0.397317,1.548865,0.070404,0.457611,0.235500,-1.168163,0.259309,1.395522,0.015584,0.146706,0.351212,0.641098,0.180831,0.238495,0.100525,0.030890,0.355467,-1.149020,0.672937,0.470005,-0.279568,-0.716443,-0.033593,0.243204,-0.303570,0.887288,0.216400,-0.477114,-0.626084,0.205973,0.308413,487.921196,1.262512,-1.287499,0.074005,0.041078,1.595498,-0.323634,-0.143196,0.388808,0.004559,0.243848,0.535567,-0.047127,0.826012,0.040693,-0.255047
-0.807603,0.624927,1.419034,0.475362,0.552785,0.305500,-1.122269,0.617830,0.367002,0.160456,0.247889,0.274656,0.962996,0.865287,0.415709,0.241200,0.509256,0.355467,-1.047653,0.907553,1.647881,-0.490908,-0.871590,0.258248,-1.588947,-0.785533,0.887288,0.267721,-0.995413,-1.099873,0.350216,0.330900,567.968813,1.166153,-1.268954,0.161371,0.243052,1.624512,-0.823123,-0.876700,0.515355,0.164385,0.654697,0.405015,2.509749,1.329957,-1.071088,0.257036
-0.807603,0.653866,0.497856,0.472997,0.609551,0.300700,-1.318299,0.528724,1.090938,0.186977,0.480794,0.522902,0.962996,0.865287,0.403344,0.317463,0.552641,1.201947,-1.200793,1.084837,1.647881,-1.062225,-0.958555,0.876823,-1.588947,-0.785533,0.831108,0.287129,-0.995413,-1.099873,0.383172,0.377274,209.270241,1.317445,-1.074042,0.648362,0.305785,0.919919,-1.005413,-1.122236,0.622411,0.174589,0.634490,0.759901,2.509749,1.329957,-1.071088,0.257036
-0.410871,0.380447,0.502071,0.439797,0.659727,0.233103,-1.401891,0.252266,1.165577,0.373289,0.504967,0.392492,0.814174,0.944847,0.352832,0.352895,0.488241,0.706984,-1.338318,1.166029,1.161268,-1.698081,-0.921521,0.876823,-0.094192,-1.740650,0.795208,0.637757,0.666027,-0.990360,1.500918,0.316445,170.511196,1.373679,-1.158928,0.656803,0.438542,0.934932,-0.904772,-0.775792,0.412247,0.337129,0.588480,0.135419,1.433919,1.562156,-0.551558,1.197410
-0.408099,0.412871,1.290637,0.086179,0.497316,0.299023,-0.872970,0.320613,1.051406,0.040728,0.265885,0.470270,0.811048,0.352551,0.327863,0.211219,0.226869,0.400689,-0.794277,0.758238,0.490781,-1.022553,-0.780603,0.071381,0.216621,-0.209235,0.958620,0.259258,-0.343290,-0.990360,0.325881,0.366274,419.450555,0.880298,-1.345723,0.117559,0.110050,1.601965,-0.345822,0.038091,0.320793,0.030271,0.490348,0.428452,0.207978,0.912247,0.273159,-0.195080
-0.730322,0.654757,1.192675,0.372079,0.559466,0.328024,-1.142792,0.497863,0.378392,0.194965,0.274576,0.388643,0.913306,1.085158,0.476266,0.250099,0.548897,0.335842,-1.134521,1.108708,1.623529,-0.211960,-0.998724,0.493094,-1.506123,-0.773767,0.958620,0.269306,-0.830949,-1.042234,0.302973,0.507566,467.737255,1.213352,-1.367542,0.177025,0.256325,1.709849,-0.744797,-0.939707,0.558645,0.182451,0.562002,0.370911,2.586222,1.550536,-0.966153,0.307085
-0.730322,0.724725,0.490731,0.405225,0.592830,0.377770,-1.224048,0.474841,1.184548,0.229806,0.521707,0.374398,0.913306,1.085158,0.448169,0.327953,0.626543,0.679843,-1.168651,1.108708,1.623529,-0.856090,-1.079306,1.115041,-1.506123,-0.773767,0.824234,0.290698,-0.830949,-1.042234,0.304557,0.462538,197.313071,1.275815,-1.265651,0.634227,0.314584,1.009890,-0.965477,-1.182865,0.674555,0.194499,0.523425,0.741554,2.586222,1.550536,-0.973806,0.307085
-0.477152,0.569135,0.486475,0.548434,0.575082,0.231156,-1.284769,0.319229,1.184548,0.447990,0.376275,0.439500,0.824360,1.245217,0.420641,0.290126,0.650116,1.031387,-1.263191,0.961516,1.096141,-1.055264,-0.883932,1.040313,-0.573391,-0.716541,1.045870,0.484950,0.502121,-0.835637,1.805849,0.246038,159.645449,1.327678,-1.276945,0.582934,0.392443,0.841409,-0.877734,-1.017730,0.520261,0.341807,0.542513,0.218447,2.625106,1.189332,-0.449532,0.936014
-0.438720,0.799340,1.135441,0.068647,0.482129,0.366454,-1.023379,0.322312,0.731384,0.041341,0.187329,0.441557,0.688300,0.342231,0.378299,0.166864,0.172834,0.603594,-0.959416,0.714981,0.459419,-0.891734,-0.757971,0.041945,0.211751,-0.123411,1.045870,0.325773,-0.324458,-0.696334,0.320645,0.581087,355.059921,1.034785,-1.250816,0.078581,0.118868,1.623880,-0.325098,0.496785,0.235261,0.024705,0.590360,0.349701,-0.004559,0.915331,0.278483,-0.219801
-0.946236,0.839127,1.178447,0.367190,0.583020,0.105638,-1.174172,0.564944,0.303854,0.212051,0.334508,0.370275,0.916893,1.168915,0.422140,0.347589,0.521943,0.286433,-1.082974,1.191803,1.605954,-0.588308,-1.152662,-0.100959,-1.476416,-0.726434,0.977224,0.243540,-0.597615,-1.278715,0.381065,0.628734,475.822243,1.245007,-1.199575,0.199467,0.318488,1.671368,-0.839259,-1.152243,0.734261,0.210960,0.592228,0.254384,1.687501,1.350988,-1.165921,0.461845
-0.946236,0.745776,0.540668,0.418677,0.663986,0.308967,-1.116255,0.559248,0.899819,0.288449,0.590774,0.526350,0.916893,1.168915,0.420137,0.390597,0.562871,1.153472,-0.829191,1.191803,2.162657,-1.082591,-1.188326,0.599617,-1.476416,-0.726434,0.947871,0.297340,-0.597615,-1.278715,0.384985,0.671773,232.764670,0.991268,-1.114766,0.707432,0.430519,0.921290,-1.069256,-1.390405,0.760211,0.233682,0.548871,0.568439,1.687501,1.350988,-1.165921,0.989226
-0.301278,0.485959,0.514507,0.462038,0.671321,0.280983,-1.317755,0.256752,1.001111,0.434640,0.509825,0.351981,0.899166,0.697538,0.420706,0.350884,0.519753,1.153472,-1.305316,1.226224,2.162657,-1.272821,-0.918387,0.599617,-0.393727,-1.010382,0.903850,0.383869,0.427430,-0.954314,1.626148,0.294933,175.068546,1.325045,-1.171338,0.686683,0.479647,1.001213,-1.016277,-0.868046,0.444587,0.339983,0.439813,0.159061,1.635405,1.119469,-0.758487,1.192458
-0.301278,0.522778,1.857712,0.118110,0.482195,0.309894,-1.226894,0.244494,0.964852,0.054577,0.271382,0.340737,0.758570,0.394566,0.302240,0.247518,0.325679,1.143047,-1.170650,0.947132,0.645955,-0.536458,-0.817728,0.393429,-0.174533,-0.386062,0.748305,0.221183,-0.465788,-0.918454,0.379087,0.315459,556.993323,1.305510,-1.233695,0.090199,0.145889,1.770017,-0.357237,0.197100,0.234685,0.034920,0.584946,0.447041,1.635405,0.567867,0.234515,-0.129267
-0.663818,0.649313,1.671991,0.665340,0.524813,0.571956,-1.180281,0.372082,0.369970,0.182777,0.285078,0.472596,0.854772,1.315402,0.335159,0.322883,0.353524,0.717495,-1.075915,1.039992,1.249416,-0.536458,-0.944990,0.075419,-0.261050,-0.767177,0.748305,0.158988,-0.684432,-1.004204,0.325759,0.361752,640.600808,1.227548,-1.225770,0.191444,0.238838,1.796666,-0.785920,-1.025841,0.607586,0.179582,0.756954,0.294130,1.219164,1.137875,-0.931007,0.156200
-0.663818,0.694244,0.533626,0.773247,0.593265,0.355341,-1.343578,0.369041,0.997019,0.325390,0.516491,0.598076,0.854772,1.315402,0.375182,0.360237,0.459954,1.425414,-1.245484,1.257028,2.374386,-1.468301,-1.044586,0.522275,-0.261050,-0.922784,0.878303,0.225528,-0.684432,-1.004204,0.325759,0.316425,222.733658,1.364400,-1.229287,0.640389,0.479471,1.124469,-0.954036,-1.188867,0.707239,0.292620,0.598723,0.617286,1.219164,1.137875,-0.931007,1.544190
-0.316992,0.374622,0.734033,0.439682,0.648592,0.278920,-1.326355,0.247580,1.056829,0.509721,0.522831,0.372048,0.939423,1.172457,0.304680,0.393877,0.596762,1.476668,-1.209782,1.257028,2.374386,-1.468301,-1.084882,0.549944,-0.151362,-1.276146,0.878303,0.498503,0.420953,-0.673263,1.938394,0.422551,244.562700,1.379114,-1.241042,0.621842,0.507263,1.534348,-0.945574,-0.534872,0.336936,0.377157,0.418669,0.169083,1.512659,1.095013,-0.778012,1.544190
0.228157,0.495937,2.109864,0.061894,0.441008,0.299202,-1.109791,0.126913,0.844765,0.020844,0.097662,0.361897,0.626971,0.175533,0.156624,0.113047,0.044985,1.015839,-1.034259,0.732880,0.608761,-0.543636,-0.795603,0.178390,0.303860,-0.121570,0.692231,0.246268,-0.510857,-1.425481,0.211030,0.467705,719.567383,1.220959,-1.047834,0.071824,0.072806,1.795230,-0.336723,0.094650,0.301740,0.002465,0.346320,0.425342,0.029358,0.808505,-0.037666,-0.196878
-1.179033,0.656697,1.597892,0.387129,0.501037,0.383477,-1.036419,0.682980,0.150581,0.174172,0.183219,0.312682,0.891998,0.896756,0.484135,0.245785,0.333346,1.116187,-0.940166,1.001195,1.158503,-0.639085,-0.899328,-0.146367,-0.688068,-1.005104,0.817160,0.224503,-0.905489,-1.288509,0.363220,0.389327,671.427472,1.111577,-1.208281,0.177753,0.223207,1.732931,-0.906777,-0.859401,0.548452,0.162156,0.713096,0.308209,1.549624,1.237300,-0.929878,0.185572
-1.179033,0.602283,0.483802,0.425817,0.492879,0.535335,-1.203710,0.580678,1.007987,0.225232,0.398307,0.556464,0.891998,0.896756,0.462968,0.234797,0.430946,1.782603,-1.121518,1.040695,1.845067,-1.376034,-1.246752,0.942256,-0.688068,-0.809543,0.817160,0.318054,-0.905489,-1.288509,0.363220,0.302626,194.304808,1.215584,-1.226310,0.517448,0.271813,0.985276,-0.998098,-1.025811,0.583062,0.185086,0.637270,0.684633,1.549624,0.908736,-0.929878,0.185572
-0.510782,0.510325,0.604717,0.594509,0.513227,0.283419,-1.024955,0.260175,1.006427,0.488738,0.566963,0.261397,0.861533,1.096826,0.407690,0.435388,0.842495,1.340441,-0.976368,0.964636,1.860639,-1.467308,-1.059222,0.942256,-0.291490,-1.684701,0.824132,0.454444,0.431584,-0.611580,2.108992,0.248842,201.389965,1.106304,-1.363178,0.439266,0.315805,1.342583,-0.775485,0.027077,0.195071,0.292538,0.452954,0.147957,2.202111,1.248007,-0.535773,0.352296
0.166255,0.742920,1.832744,0.048435,0.430576,0.294080,-0.964427,0.167363,0.944910,0.022539,0.202243,0.504149,0.535998,0.186322,0.261970,0.135480,0.047847,1.088046,-0.902320,0.670039,0.478350,-0.398098,-0.664446,-0.025842,0.233733,-0.114211,1.340388,0.176080,-0.411459,-0.807845,0.212404,0.249275,603.238430,1.064425,-1.160811,0.038860,0.053310,1.871369,-0.332844,0.359925,0.249911,0.005320,0.988189,0.352770,-0.032649,0.870900,0.174130,-0.287246
-1.020974,0.752561,1.740876,0.342130,0.537124,0.258963,-1.086501,0.628275,0.014766,0.150936,0.206289,0.406829,0.872158,0.830286,0.353675,0.252876,0.289707,1.255098,-1.026228,0.895551,0.787999,-0.699663,-1.065690,-0.207811,-0.573525,-0.514792,1.340388,0.195617,-0.943041,-1.025374,0.321034,0.433634,693.779069,1.149037,-1.387146,0.135611,0.207654,1.869292,-0.780986,-0.745244,0.551904,0.149529,1.120306,0.300318,1.234726,1.241032,-0.939483,0.173384
-1.020974,0.612830,0.477583,0.475659,0.547415,0.307492,-1.216944,0.556795,1.124965,0.193831,0.364938,0.451740,0.872158,0.830286,0.323104,0.246025,0.376918,1.433916,-1.118628,0.962951,1.338331,-1.225324,-1.206545,0.854034,-0.573525,-0.514792,0.783412,0.303435,-0.943041,-1.025374,0.321034,0.257576,198.087162,1.219083,-1.224288,0.576836,0.256173,0.958979,-0.966026,-1.059962,0.609186,0.157871,0.438615,0.755941,1.234726,1.059514,-0.939483,0.174521
-0.725111,0.386370,0.536690,0.707939,0.622498,0.338103,-1.292219,0.333287,1.124965,0.521725,0.652324,0.496663,0.907401,1.032572,0.443064,0.442989,0.731080,1.395342,-1.199459,1.295803,1.338331,-1.844458,-1.013653,0.854034,0.038423,-2.344222,0.789307,0.587408,0.622942,-0.812602,2.488519,0.391557,177.705880,1.330480,-1.180407,0.589168,0.455378,1.147101,-0.846626,-0.390418,0.302129,0.348426,0.446003,0.151736,1.900280,1.409326,-0.809403,1.026658
0.144033,0.581559,1.503358,0.043782,0.446729,0.326646,-1.242142,0.206610,1.099387,0.021081,0.323930,0.526134,0.575585,0.177141,0.171842,0.168889,0.037081,0.450767,-1.186959,0.724360,0.396380,-0.396284,-0.826478,0.044054,0.267163,-0.371616,0.865635,0.346694,-0.503614,-0.637936,0.216548,0.503162,444.673971,1.285414,-1.375322,0.050475,0.078296,1.574433,-0.330469,0.132297,0.339391,0.002945,0.564375,0.450871,0.002400,0.879697,0.135826,-0.254365
-1.687439,0.760791,2.193991,0.613936,0.575974,0.236464,-1.217282,0.811908,0.206425,0.200418,0.293103,0.339874,1.085291,0.890811,0.460190,0.305519,0.574115,0.466873,-1.127994,0.966597,2.275266,-0.954773,-0.933437,-0.096136,-2.063547,-1.046186,0.865635,0.372022,-0.939022,-1.224863,0.331156,0.642229,789.388465,1.287490,-1.383631,0.172724,0.308968,2.194498,-0.873048,-1.037410,0.619359,0.164902,0.724726,0.338692,2.326188,1.583988,-1.274251,0.508449
-1.687439,0.756283,0.521076,0.699592,0.601130,0.302432,-1.240267,0.733227,1.064344,0.221790,0.469083,0.529346,1.085291,0.890811,0.526072,0.376545,0.579074,1.387074,-1.134517,1.195556,2.275266,-0.954773,-0.923725,0.888958,-2.063547,-1.046186,2.212254,0.402728,-0.939022,-1.224863,0.331156,0.509932,222.854249,1.256022,-1.307863,0.640013,0.344553,1.141578,-1.069416,-1.379289,0.665218,0.192666,0.694478,0.757003,2.326188,1.583988,-1.274251,0.508449
-0.705041,0.389554,0.682088,0.474790,0.651949,0.282897,-1.270249,0.302094,1.356457,0.560822,0.508319,0.400913,0.995449,2.355853,0.499058,0.473639,0.805962,0.968110,-1.234351,1.199386,1.626469,-1.382882,-0.922617,0.888958,-0.528941,-3.283255,0.834926,0.683500,0.563403,-0.685664,2.171883,0.595028,234.193654,1.253915,-1.356426,0.629660,0.444658,1.507449,-0.858473,-0.705774,0.420899,0.367703,0.500596,0.237816,2.500685,1.478018,-0.623276,0.882939
-0.016283,0.345717,1.567345,0.092521,0.479333,0.255913,-1.262259,0.263109,1.356457,0.031514,0.303949,0.420535,0.862278,0.179590,0.356308,0.217485,0.061347,0.378574,-1.181665,0.996637,0.544751,-0.788572,-0.777080,0.445957,0.294218,-0.297489,0.878837,0.494730,-0.435796,-0.596706,0.203614,0.677263,503.437141,1.296942,-1.068495,0.108448,0.118112,1.550516,-0.327403,-0.135440,0.382750,0.004185,0.552060,0.557758,0.148519,0.986831,0.048478,-0.203847
-0.814930,0.597217,1.482631,0.382960,0.548191,0.366867,-1.180499,0.605497,0.503942,0.159448,0.282672,0.402911,0.911227,0.981702,0.525875,0.243681,0.438152,0.666056,-1.075545,0.991945,1.991288,-0.305645,-0.825046,0.443373,-1.450030,-0.808031,0.878837,0.336553,-0.956113,-1.033236,0.342971,0.360792,607.077591,1.206464,-1.289091,0.176372,0.208237,1.573769,-0.928946,-0.843969,0.500703,0.197947,0.649406,0.403674,1.550211,1.716910,-0.964801,0.181192
-0.814930,0.565765,0.489152,0.466796,0.575699,0.320740,-1.307704,0.523635,0.951325,0.201554,0.482602,0.529934,0.911227,0.981702,0.529343,0.343692,0.560910,0.715694,-1.282638,1.097876,1.991288,-0.799857,-0.864974,1.472789,-1.450030,-0.808031,0.901571,0.330038,-0.956113,-1.033236,0.342971,0.434159,200.725697,1.345068,-1.104103,0.610380,0.325918,0.814112,-0.959039,-1.031064,0.563705,0.222994,0.716212,0.705977,1.550211,1.716910,-0.964801,0.615180
-0.604442,0.384302,0.495371,0.445561,0.593125,0.203406,-1.273632,0.300907,1.106000,0.465124,0.480347,0.440106,0.842815,1.698809,0.375828,0.351469,0.742313,1.033435,-1.188575,1.180239,1.377038,-1.465497,-0.959166,1.066605,-0.218795,-1.242910,0.797097,0.599946,0.611442,-0.755595,1.786755,0.417701,163.053991,1.293483,-1.177032,0.544230,0.373718,1.065284,-0.841414,-0.349925,0.269994,0.356951,0.452150,0.130685,1.737269,1.432400,-0.473498,0.751782
0.002031,0.611694,1.487593,0.084151,0.453302,0.203240,-1.188460,0.217640,1.010553,0.018143,0.148284,0.448779,0.665537,0.192154,0.224491,0.121973,0.045679,0.336808,-1.162580,0.685452,0.406176,-0.418091,-0.924212,0.143530,0.295975,-0.070633,0.830462,0.305175,-0.348123,-0.679086,0.208772,0.363324,466.490140,1.319940,-1.330223,0.055752,0.072273,1.428631,-0.320166,0.194257,0.302981,0.006204,0.342254,0.412350,0.108646,0.835393,0.123081,-0.238337
-1.336208,0.731177,1.361816,0.787092,0.543692,0.179976,-1.202012,0.654444,0.260254,0.151192,0.301959,0.370849,0.874206,0.718574,0.415834,0.345193,0.566377,0.372895,-1.169909,0.914901,2.475235,-0.639313,-1.394877,0.105283,-1.962749,-0.724976,0.911665,0.337999,-0.704241,-1.098654,0.208772,0.336472,522.514677,1.300270,-1.350849,0.121526,0.211227,1.641308,-0.748976,-0.984153,0.571241,0.122823,0.593374,0.276883,2.625953,1.422125,-1.107563,0.278551
-1.336208,0.777452,0.499529,0.903688,0.595254,0.341996,-1.294593,0.643423,1.004357,0.187013,0.476867,0.618964,0.874206,0.718574,0.417479,0.370060,0.570915,1.247493,-1.144611,1.114678,2.475235,-0.653312,-1.325744,0.530671,-1.962749,-0.724976,0.911665,0.336613,-0.704241,-1.098654,0.424369,0.334675,206.663560,1.271228,-1.181813,0.637483,0.276020,1.036024,-1.010573,-1.427032,0.740226,0.148150,0.484581,0.647706,2.625953,1.422125,-1.107563,0.401712
-0.523430,0.350913,0.515918,0.482181,0.668290,0.210658,-1.322700,0.286510,1.274692,0.511615,0.488824,0.397582,0.928119,1.061819,0.388908,0.411884,0.516798,1.420457,-1.250352,1.158810,1.668069,-1.458451,-0.833757,0.484730,0.130667,-3.560184,0.773105,0.447797,0.664038,-0.769196,2.503149,0.380282,166.210138,1.290284,-1.351221,0.660831,0.497429,1.086726,-0.916970,-0.688757,0.339885,0.338507,0.580167,0.174785,1.116978,1.286409,-0.572850,1.211978
-0.024448,0.483842,1.261772,0.054723,0.456907,0.207101,-0.985304,0.224430,1.153884,0.047230,0.277736,0.385548,0.777815,0.196079,0.268566,0.146188,0.075238,0.689680,-0.916085,0.927066,0.413150,-0.448522,-0.832702,0.297217,0.248839,-0.309759,1.001890,0.279606,-0.476732,-0.734667,0.209725,0.418765,380.959477,1.054004,-1.438321,0.095259,0.141002,0.811878,-0.332551,0.053372,0.369892,0.005707,0.809390,0.494450,0.437868,0.654792,0.191533,-0.085214
-1.726354,0.869859,1.275197,0.313140,0.533408,0.280022,-1.190546,0.981385,0.635996,0.177596,0.297768,0.552267,0.898968,0.818259,0.473565,0.215852,0.357851,1.349554,-1.102818,1.264272,1.335364,-0.658801,-1.273205,0.504198,-0.639689,-0.825598,0.894977,0.321711,-0.727894,-1.049705,0.284216,0.478114,492.160086,1.228896,-1.372844,0.313717,0.284040,1.871239,-1.121409,-1.506709,0.934375,0.143304,0.680951,0.413657,1.242886,1.431835,-1.021213,0.339126
-0.815142,0.728768,0.563000,0.494824,0.570850,0.199725,-1.313069,0.326252,0.989464,0.343995,0.481607,0.369007,0.774871,1.330969,0.372237,0.362302,0.517714,1.349554,-1.216889,1.304116,1.352378,-1.225362,-0.831671,0.980911,-0.639689,-1.630335,0.737673,0.569286,0.281269,-1.148200,1.619281,0.426132,227.774038,1.342302,-1.343773,0.590144,0.454352,1.154496,-1.121409,-1.506709,0.821485,0.314990,0.321043,0.196486,2.058086,1.058014,-0.793318,1.281701
0.091975,0.823673,0.914201,0.034825,0.312306,0.349817,-1.045378,0.081059,0.478502,0.013378,0.057857,0.248915,0.347076,0.166107,0.134773,0.054784,0.015603,0.403512,-0.967842,0.651098,0.403860,-0.342356,-0.917171,-0.040129,0.314097,0.004508,0.613981,0.144588,-0.226727,-0.560245,0.198243,0.297316,314.817186,1.160294,-1.162276,0.020033,0.055979,1.415666,-0.324254,0.410011,0.192726,0.001571,0.596895,0.197517,-0.097407,0.526996,0.108768,-0.208392
0.462077,1.043506,0.479108,0.019476,0.291442,0.043931,-0.907768,0.078627,-0.307292,0.010633,0.043021,0.161839,0.304519,0.165454,0.060762,0.029017,0.016706,0.311357,-0.803024,0.646410,0.394724,-0.163315,-0.740200,-0.265152,0.349110,0.085863,0.685933,0.045709,-0.362497,-0.465590,0.198544,0.117699,155.911586,1.008954,-1.151858,0.008499,0.031703,0.901871,-0.320550,1.005170,0.017850,0.000784,0.267756,0.013546,-0.102181,0.765170,-0.011104,-0.362565
0.249276,0.843317,0.951940,0.765821,0.440381,0.228902,-1.236081,0.235133,0.902035,0.082086,0.150908,0.157143,0.797199,1.134839,0.102616,0.235850,0.378435,0.394734,-1.129318,1.072411,1.071808,-0.832897,-1.324952,-0.266670,0.075289,-0.519533,0.599774,0.213348,-0.476053,-0.571356,0.274665,0.240931,390.336170,1.279445,-1.265701,0.172446,0.229289,1.667581,-0.453517,-1.218026,0.761985,0.155619,0.283844,0.357430,1.508265,0.942852,-0.780433,0.190736
0.249276,0.927443,0.939224,0.777509,0.405912,0.201892,-1.231563,0.286701,1.610326,0.095363,0.330645,0.169284,0.797199,1.134839,0.162321,0.242078,0.404494,0.696824,-1.144768,1.097208,1.232859,-0.832897,-1.383138,0.462566,0.075289,-0.519533,0.628232,0.188977,-0.476053,-0.571356,0.274665,0.362813,387.108328,1.273420,-1.185457,0.333572,0.243583,1.697249,-0.655537,-1.374736,0.970870,0.163585,0.232779,0.726774,1.508265,0.942852,-0.780433,0.190736
-0.218239,0.923316,0.478083,0.903885,0.300574,0.257854,-1.396900,0.244761,1.749725,0.096856,0.313511,0.324804,0.793462,1.134839,0.176905,0.221761,0.409097,1.346537,-1.223359,1.097208,2.033831,-0.914695,-1.376234,0.784446,0.075289,-0.483161,0.628232,0.216027,0.092140,-0.297947,0.274665,0.365165,156.583575,1.312866,-1.398686,0.343865,0.223232,0.828184,-0.898047,-1.374736,0.457352,0.188328,0.230875,0.478383,1.508265,0.942852,-0.774909,0.165926
-0.218239,0.655489,0.485616,0.412932,0.302970,0.167387,-1.471074,0.206896,1.749725,0.202329,0.215903,0.421487,0.673422,1.251931,0.101078,0.300711,0.423632,1.751616,-1.358496,0.982793,2.033831,-1.001557,-1.222722,0.784446,0.165250,-1.343163,0.628232,0.301491,1.153164,-0.190781,0.987467,0.599694,164.329990,1.404688,-1.409336,0.338407,0.263189,1.005103,-0.898047,-1.374736,0.704441,0.236413,0.150465,0.142379,0.453070,0.970501,-0.472789,0.660939
-1.017685,0.662816,0.465844,0.424819,0.524070,0.292405,-1.322958,0.489576,0.829539,0.252736,0.488648,0.459635,0.832849,0.955317,0.292293,0.305800,0.427319,1.161001,-1.277300,1.083056,2.122149,-1.148530,-0.909756,0.797227,-0.782565,-0.662138,0.671455,0.388990,-0.884503,-1.160923,0.328198,0.248316,194.752956,1.359052,-1.093245,0.560156,0.342859,0.870413,-0.961658,-1.190724,0.651034,0.212848,0.642233,0.608644,1.020352,1.277656,-1.005705,0.480268
-0.364740,0.556768,0.535601,0.349439,0.484148,0.200948,-1.184690,0.202613,0.783104,0.296608,0.507000,0.346087,0.688521,0.599186,0.241355,0.299966,0.597097,0.876208,-1.144456,0.941296,2.122149,-1.148530,-0.805037,0.790624,-0.047222,-0.475637,0.677275,0.379292,0.198954,-0.583757,0.785610,0.208974,188.759576,1.237118,-1.112729,0.423192,0.285029,1.144507,-0.805006,-0.080162,0.185969,0.237187,0.220286,0.128666,1.559971,0.998072,-0.771006,0.505209
0.071894,0.687517,1.106796,0.045064,0.394981,0.244453,-0.864430,0.157500,0.436421,0.024443,0.092960,0.283345,0.455683,0.170972,0.126008,0.078825,0.037349,0.529358,-0.801132,0.654013,0.394847,-0.427113,-0.734466,0.021676,0.263412,-0.017766,0.677275,0.118248,-0.221377,-0.535564,0.204954,0.232573,358.514074,0.962064,-1.177990,0.033189,0.033165,1.696664,-0.328876,0.486696,0.121479,0.002248,0.379912,0.185119,-0.035967,0.674595,0.150992,-0.202275
0.504824,0.488255,0.828339,0.280682,0.415659,0.128052,-1.332227,0.182116,0.453429,0.104464,0.170584,0.250362,0.678446,0.946194,0.229020,0.146076,0.274812,0.343178,-1.316856,1.070872,0.696941,-0.554247,-1.188232,0.564764,-0.429121,-0.339044,0.809385,0.231598,-0.316729,-0.495006,0.579897,0.312099,330.683899,1.376947,-1.216847,0.303372,0.224344,1.668717,-0.740384,-0.366179,0.468988,0.111365,0.582686,0.218451,1.442016,0.776505,-0.473482,0.056920
0.227296,0.636365,0.775215,0.252793,0.253786,0.173690,-1.100075,0.320051,0.463301,0.195682,0.159760,0.188185,0.459138,1.182595,0.115810,0.190764,0.534562,0.379462,-1.019485,1.005438,0.936053,-0.612081,-0.865126,0.564764,-0.207175,-0.499854,0.596848,0.168674,-0.268468,-0.635827,0.294474,0.242980,311.515438,1.235101,-1.381038,0.231680,0.162633,1.418509,-0.740384,-0.319204,0.451611,0.181658,0.415534,0.267999,2.470749,0.534373,-0.376882,0.298153
0.396565,0.986214,0.472806,0.008932,0.297281,0.037032,-1.211823,0.106924,-0.133236,0.012211,0.021566,0.062282,0.309430,0.168764,0.027940,0.015439,0.010776,0.211818,-1.118254,0.654843,0.428949,-0.138003,-0.842671,-0.091359,0.360884,0.087803,0.507977,0.024852,-0.276534,-0.312346,0.199362,0.172660,154.370205,1.198395,-1.334213,0.008920,0.013714,0.796756,-0.320026,0.925410,0.040258,0.002410,0.281995,0.037704,-0.100413,0.563449,-0.016228,-0.359427
0.727992,0.981691,0.748736,0.022476,0.330790,0.071386,-1.296814,0.107523,-0.076112,0.014926,0.037420,0.203826,0.411259,0.170666,0.128437,0.025572,0.016756,0.503148,-1.261094,0.675508,0.427150,-0.150544,-0.755277,-0.059442,0.311493,0.105068,0.599474,0.061685,-0.287224,-0.400787,0.228147,0.184452,229.922773,1.350734,-1.200303,0.037992,0.037118,0.828494,-0.325939,0.903409,0.054306,0.002517,0.179823,0.054695,-0.061964,0.642046,0.011886,-0.335923
-0.291608,0.847057,1.690986,0.322585,0.558069,0.243156,-1.283328,0.459558,0.321700,0.146566,0.218528,0.226729,0.886972,0.971810,0.354424,0.245823,0.325409,0.525759,-1.179135,0.921211,0.806161,-0.418983,-1.131867,0.351315,-0.483663,-0.609140,0.772087,0.186923,-0.683983,-0.740793,0.358310,0.526419,647.026973,1.313431,-1.288613,0.190196,0.232960,2.047756,-0.652721,-1.118001,0.695761,0.183323,0.665452,0.237706,1.409806,0.688043,-1.164774,0.228637
-0.291608,0.726421,0.555372,0.496664,0.605650,0.247073,-1.276752,0.380700,1.342757,0.236462,0.301701,0.275346,0.886972,0.971810,0.453020,0.326729,0.425200,0.675639,-1.195337,0.976104,0.864608,-0.859531,-1.182959,1.318422,-0.483663,-0.609140,0.978639,0.196853,-0.683983,-0.740793,0.328234,0.500965,236.137212,1.286660,-1.314014,0.655210,0.338010,1.379598,-0.940995,-1.325353,0.709617,0.206904,0.355859,0.741906,1.409806,0.956852,-1.164774,0.388279
-0.168135,0.208824,0.563471,0.573924,0.591421,0.322628,-1.228701,0.223254,1.426220,0.233279,0.208352,0.400423,0.953242,1.775407,0.424542,0.333294,0.801078,1.407107,-1.105818,1.080810,1.131398,-0.859531,-1.086725,0.994497,-0.084794,-0.649694,0.978639,0.486605,0.845500,-0.689253,0.379893,0.469641,196.172324,1.215244,-1.271222,0.595701,0.459041,1.115620,-0.929731,-0.845144,0.303052,0.436847,0.581933,0.174699,2.562080,1.132390,-0.689697,1.168327
0.083268,0.426134,1.880565,0.079153,0.461025,0.309760,-0.998142,0.212722,1.404403,0.016846,0.152514,0.425098,0.685400,0.190233,0.259408,0.114885,0.060465,0.938390,-0.995286,0.670001,0.498076,-0.664812,-0.759776,-0.032138,0.235725,-0.649694,0.861027,0.280754,-0.389173,-0.735650,0.211352,0.485577,588.917972,1.117297,-1.328740,0.081038,0.062997,1.522779,-0.346481,-0.041665,0.395604,0.004809,0.465076,0.541886,-0.085257,0.700821,0.070259,-0.223863
-1.167101,0.649642,1.606743,0.416092,0.555214,0.323802,-1.063158,0.661707,0.493772,0.169189,0.216204,0.263127,0.928724,0.858304,0.417460,0.237136,0.376387,0.236671,-1.071143,0.900233,1.747941,-0.593404,-1.100234,0.125808,-1.021372,-0.744560,0.861027,0.298484,-0.812247,-1.043665,0.241257,0.456142,619.927339,1.172229,-1.339055,0.160444,0.222369,1.888203,-0.915623,-0.939681,0.532204,0.166791,0.680967,0.367470,1.966028,1.282220,-0.978681,0.256835
-1.167101,0.700950,0.498448,0.469821,0.597336,0.328055,-1.249979,0.640216,1.012078,0.196005,0.367455,0.415501,0.928724,0.858304,0.419082,0.266431,0.411212,0.928943,-1.216818,1.039634,1.747941,-0.593404,-1.235151,0.925264,-1.021372,-0.744560,0.898659,0.294873,-0.812247,-1.043665,0.360562,0.307772,216.854625,1.318350,-1.277588,0.636016,0.265584,1.005172,-1.019639,-1.266853,0.685934,0.182116,0.635865,0.698892,1.966028,1.282220,-0.978681,0.256835
-0.534428,0.534317,0.492522,0.598845,0.634208,0.213104,-1.288609,0.332181,1.012078,0.523867,0.552911,0.405087,0.873480,1.221528,0.405354,0.351245,0.604206,1.217005,-1.191321,0.990944,1.451211,-2.173243,-1.189940,0.925264,-0.072615,-2.561260,0.898659,0.596149,0.632478,-0.764777,2.421864,0.212511,160.292460,1.307790,-1.333004,0.654572,0.461060,0.961135,-0.923542,-1.022646,0.529982,0.386142,0.507055,0.103828,2.206603,1.269060,-0.620341,0.901693
-0.534428,0.672220,1.423827,0.263910,0.508886,0.312102,-1.038322,0.385945,0.935638,0.115964,0.455844,0.680199,0.792698,1.180155,0.416135,0.308366,0.240492,1.217005,-0.984352,0.834194,1.328480,-2.173243,-0.743104,0.309519,0.246149,-1.982024,0.946850,0.492073,-0.240285,-0.764777,0.281616,0.269866,436.594375,1.107646,-1.254457,0.110160,0.203277,1.935088,-0.340100,0.308714,0.266568,0.150125,0.494435,0.418374,0.805988,0.978672,-0.620341,0.244440
-1.004620,0.740259,1.328380,0.546028,0.584796,0.196188,-1.156404,0.619813,0.385377,0.196447,0.292611,0.490797,0.853067,0.947239,0.482135,0.286540,0.475740,0.388973,-1.087628,0.954550,1.953388,-0.303525,-1.178319,0.455308,-1.949926,-0.681929,0.946850,0.313276,-0.511249,-1.074866,0.327622,0.357617,515.214233,1.189127,-1.261299,0.160124,0.254549,1.869659,-0.889046,-0.979061,0.639319,0.180219,0.615629,0.268048,1.940923,1.314986,-1.021439,0.442508
-1.004620,0.807862,0.493878,0.536807,0.614853,0.271853,-1.260172,0.597199,1.346976,0.246380,0.496161,0.352237,0.853067,0.947239,0.467491,0.346092,0.583957,0.859148,-1.152708,1.039951,1.953388,-0.659127,-1.273616,1.050441,-1.949926,-0.681929,0.902017,0.311302,-0.511249,-1.074866,0.376523,0.390604,214.710691,1.279483,-1.110309,0.659293,0.319726,0.870746,-0.999521,-1.412278,0.727132,0.194884,0.517589,0.677892,1.940923,1.314986,-1.021439,0.442508
-0.682128,0.514314,0.512260,0.490497,0.655853,0.319953,-1.228777,0.342689,1.346976,0.487964,0.499922,0.422643,0.869462,1.154160,0.412191,0.361978,0.634735,1.155974,-1.079757,1.055198,1.026653,-1.108799,-0.939011,0.657612,-0.532833,-1.075409,0.860256,0.628219,0.502308,-0.973832,2.178480,0.260462,171.033789,1.242709,-1.226275,0.670518,0.487789,0.986970,-0.944605,-1.297149,0.575714,0.351532,0.428690,0.255676,2.182610,1.358130,-0.401881,1.195161
-0.453178,0.585865,1.472917,0.049623,0.494001,0.265992,-1.080148,0.292360,0.902065,0.036086,0.339824,0.502546,0.821450,0.382828,0.358763,0.269566,0.167595,0.387032,-1.027907,0.902462,0.422402,-0.996424,-0.768496,0.229613,0.164597,-0.285278,0.962003,0.493896,-0.351901,-0.746429,0.215997,0.373357,430.053282,1.134907,-1.245286,0.106313,0.158378,1.748662,-0.332684,0.227704,0.295240,0.019714,0.669959,0.395377,0.097680,0.961748,0.152672,-0.267248
-1.242890,0.712936,1.350306,0.434740,0.565838,0.167992,-1.209876,0.676140,0.385194,0.193387,0.286781,0.454053,0.859489,1.011498,0.437788,0.316143,0.440479,0.387032,-1.157738,1.100240,1.955740,-0.519144,-1.082007,0.014654,-1.667377,-0.763778,0.962003,0.261583,-0.721300,-1.169808,0.226159,0.540391,502.577384,1.283467,-1.275893,0.162998,0.265062,1.692788,-0.934695,-0.966898,0.600523,0.187410,0.680445,0.307646,1.751995,1.472187,-1.057909,0.430142
-1.242890,0.716155,0.494582,0.469435,0.634348,0.343676,-1.296022,0.656372,0.903657,0.253392,0.517983,0.505333,0.859489,1.011498,0.418058,0.354059,0.481680,1.129232,-1.188391,1.154296,2.287969,-0.868269,-1.076547,0.793457,-1.667377,-0.763778,0.930753,0.290355,-0.721300,-1.169808,0.415465,0.541492,215.977813,1.356348,-1.212121,0.675246,0.358442,1.012829,-1.074541,-1.288572,0.703682,0.208633,0.509996,0.594960,1.751995,1.472187,-1.057909,0.589981
-0.461050,0.519298,0.521987,0.480679,0.651945,0.456029,-1.238887,0.316574,1.000073,0.421101,0.419781,0.232962,0.841863,0.901139,0.454893,0.334930,0.568453,1.022950,-1.149233,1.216504,2.287969,-1.236774,-0.955775,0.793457,-0.442714,-0.832069,0.930753,0.373221,0.342818,-0.974364,1.359248,0.221559,179.660832,1.279398,-1.247931,0.664694,0.495694,0.969225,-0.996643,-0.929232,0.472983,0.354240,0.389944,0.198209,2.065580,1.096823,-0.542429,1.174084
-0.314892,0.641474,1.463278,0.075474,0.465179,0.490342,-1.017372,0.244140,0.850169,0.053690,0.232739,0.476391,0.716454,0.369349,0.276747,0.226023,0.158787,1.122313,-1.017974,0.891791,0.610619,-0.604435,-0.804645,0.216960,-0.195558,-0.284698,0.746492,0.165547,-0.411043,-0.856506,0.231587,0.242179,474.946517,1.123009,-1.143102,0.081250,0.117970,1.666884,-0.375888,0.347539,0.251352,0.027967,0.677542,0.404014,0.338083,0.623730,0.193484,-0.202294
-0.429442,0.733219,1.303275,0.787527,0.546026,0.477260,-1.133219,0.313467,0.303927,0.175598,0.397535,0.494179,0.883785,1.142606,0.378211,0.417343,0.542863,1.122313,-1.099631,1.062825,0.861513,-0.569828,-1.067166,-0.128847,-0.319872,-0.654427,0.948376,0.222973,-0.632517,-1.375092,0.395904,0.359205,534.478368,1.200655,-1.156614,0.178454,0.207204,1.722318,-0.552015,-0.947432,0.610883,0.187314,0.956495,0.249352,1.581858,1.037013,-0.861557,0.107709
-0.429442,0.842626,0.777910,0.799526,0.567863,0.276339,-1.188890,0.331630,0.945009,0.194545,0.407380,0.539763,0.883785,1.142606,0.394842,0.403566,0.565419,1.287270,-1.143867,1.062825,1.092495,-0.891962,-1.156458,0.420231,-0.319872,-0.654427,0.948376,0.246789,-0.632517,-1.375092,0.395904,0.329090,306.410063,1.246854,-1.209621,0.579325,0.255284,1.566744,-0.924434,-1.233979,0.849925,0.185585,0.643268,0.551013,1.581858,1.037013,-0.885817,0.107709
-0.410483,0.760659,0.711057,0.411862,0.557414,0.242725,-1.335900,0.242965,1.065354,0.475886,0.431725,0.474057,1.005864,1.311230,0.324244,0.363958,0.561323,1.287270,-1.351659,1.243463,1.840009,-1.390438,-1.191743,0.905600,-0.084550,-1.472433,0.873713,0.549659,0.182599,-0.836971,1.767764,0.502068,224.877386,1.351872,-1.305820,0.573263,0.479060,1.591608,-0.924434,-1.233979,0.809230,0.360552,0.514961,0.231793,1.101490,1.225715,-0.902962,1.080735
-0.410483,0.323249,0.988403,0.374701,0.592010,0.396642,-1.294068,0.282686,1.065354,0.481691,0.486666,0.533114,1.005864,1.311230,0.384116,0.427903,0.618723,1.297674,-1.308927,1.243463,1.840009,-1.390438,-1.018290,0.905600,-0.084550,-1.472433,0.665278,0.601097,0.384258,-0.836971,1.767764,0.373055,318.115478,1.301736,-1.298182,0.514958,0.459906,1.653675,-0.869403,-0.118464,0.297175,0.357174,0.621477,0.191246,1.399526,1.225715,-0.902962,1.080735
-0.410483,0.383063,1.357893,0.306071,0.517269,0.388968,-1.272862,0.337810,1.065354,0.430546,0.354760,0.539788,1.005864,1.311230,0.387348,0.342910,0.488528,1.297674,-1.247585,1.243463,1.840009,-1.390438,-0.974286,0.905600,-0.084550,-1.472433,0.699713,0.541754,-0.148531,-0.836971,1.767764,0.401845,537.135108,1.265034,-1.249420,0.281889,0.416848,1.737495,-0.749704,0.008823,0.280707,0.318351,0.696406,0.372281,1.399526,1.207582,-0.902962,1.080735
-0.410483,0.382085,1.418149,0.203215,0.510211,0.421399,-1.201733,0.338271,1.065354,0.355636,0.228330,0.505903,1.005864,1.311230,0.394136,0.297314,0.411029,1.297674,-1.161904,0.835081,1.257365,-0.478742,-0.823754,0.708126,-0.084550,-1.472433,0.699713,0.443617,-0.326112,-0.836971,1.767764,0.413949,575.824158,1.272409,-1.258361,0.177774,0.206786,1.493297,-0.411244,0.008823,0.278248,0.192298,0.656023,0.457500,1.399526,1.148261,-0.902962,0.826469
0.489842,0.564470,2.002047,0.061714,0.421911,0.459100,-1.081729,0.076248,0.639882,0.013990,0.079891,0.499773,0.593387,0.170144,0.195527,0.069802,0.021726,1.297674,-1.035397,0.673430,0.666113,-0.370512,-0.692451,0.034699,0.332982,-0.033040,0.699713,0.174878,-0.557298,-0.688576,0.208919,0.287602,648.254796,1.147258,-1.299477,0.061417,0.043821,1.729356,-0.324913,0.008823,0.314465,0.001697,0.601554,0.346893,-0.093868,0.903379,0.004619,-0.233581
0.634048,0.697965,1.868934,0.050757,0.466208,0.504494,-1.104515,0.046039,0.374204,0.057439,0.093311,0.430509,0.696593,0.215983,0.444057,0.061075,0.050033,0.917993,-1.022573,0.673430,0.822126,-0.367865,-0.761719,-0.097522,0.378295,-0.642722,0.699713,0.173118,-0.737789,-1.192351,0.216792,0.286098,618.400271,1.157845,-1.308461,0.109500,0.088713,1.779422,-0.312188,0.184617,0.193040,0.008320,0.733763,0.304385,0.169117,1.268347,-0.550569,0.047147
-1.117296,0.685638,1.412852,0.387597,0.506893,0.359191,-1.180524,0.680122,0.070170,0.161825,0.256404,0.495683,0.827310,0.715636,0.482502,0.245717,0.319306,1.328869,-1.079539,0.941682,1.217262,-0.774260,-1.000701,-0.125256,-0.797965,-0.642722,0.914635,0.242532,-0.740172,-1.295368,0.324131,0.348448,590.330585,1.199328,-1.454483,0.148095,0.205315,1.695909,-0.818393,-1.079536,0.613092,0.131703,0.675536,0.248823,1.311106,1.268347,-0.878736,0.145231
-1.117296,0.732576,0.478642,0.393984,0.526627,0.353229,-1.175156,0.565499,0.903883,0.206299,0.368251,0.513447,0.827310,0.715636,0.448291,0.234547,0.340562,1.407666,-1.076834,1.030259,1.599439,-1.097699,-1.168078,0.702313,-0.797965,-0.621055,0.914635,0.309368,-0.740172,-1.295368,0.324131,0.213161,197.555045,1.154785,-1.488029,0.559891,0.261720,0.913994,-0.929483,-1.277609,0.680312,0.156956,0.530603,0.601949,1.311106,0.841917,-0.878736,0.300732
-0.334838,0.491333,0.586759,0.389093,0.565743,0.165319,-1.238613,0.206463,0.911168,0.418312,0.425280,0.291799,0.820839,0.992397,0.349047,0.443781,0.661020,1.468196,-1.198534,0.932030,1.599439,-1.298728,-0.956004,0.702313,-0.209492,-1.627649,0.733777,0.300896,0.386159,-0.858825,1.523723,0.337913,197.942948,1.295239,-1.315554,0.529297,0.330860,1.295162,-0.864211,-0.277186,0.236229,0.290017,0.492012,0.144293,2.171601,0.864341,-0.561101,0.657531
0.155852,0.691155,1.922119,0.040096,0.439372,0.233610,-1.030493,0.160714,0.892809,0.016874,0.191190,0.364895,0.533812,0.177061,0.158462,0.113297,0.036928,0.786904,-1.017419,0.639819,0.590908,-0.567279,-0.736254,0.046545,0.299110,-0.100607,0.733777,0.216423,-0.552341,-0.858825,0.207552,0.411730,609.199469,1.167281,-1.290242,0.042651,0.053105,1.596444,-0.338316,0.345561,0.250676,0.003204,0.370653,0.426962,-0.050606,0.809370,0.212768,-0.295911
-1.098907,0.749544,1.691275,0.352928,0.541684,0.450776,-1.237185,0.615277,0.014967,0.165310,0.214037,0.345560,0.891796,0.866877,0.340920,0.252715,0.321085,0.786904,-1.160892,0.909208,0.847063,-0.559323,-0.923997,-0.190614,-0.369735,-0.580911,0.679063,0.241079,-0.906068,-1.148306,0.317171,0.451006,697.147313,1.255244,-1.233585,0.141699,0.209471,1.684751,-0.811626,-0.832830,0.569302,0.153716,0.619863,0.265781,1.704557,1.322376,-0.935516,0.201241
-1.098907,0.676154,0.481817,0.403797,0.565929,0.379348,-1.321274,0.544622,1.008018,0.216068,0.382760,0.443624,0.891796,0.866877,0.370485,0.218759,0.298270,1.243282,-1.319791,1.001386,1.920026,-1.068369,-1.205854,0.905554,-0.369735,-0.580911,0.801689,0.328507,-0.906068,-1.148306,0.317171,0.450743,202.915048,1.362470,-1.228778,0.602475,0.272364,0.607456,-0.948834,-1.122034,0.665332,0.165831,0.625543,0.696382,1.704557,1.322376,-0.935516,0.201241
-0.383422,0.486764,0.579459,0.484357,0.609953,0.245860,-1.244563,0.262358,1.008018,0.308135,0.429904,0.435964,0.852280,1.358980,0.379440,0.245385,0.506311,0.859425,-1.226359,0.989301,1.920026,-1.129245,-0.923100,0.905554,0.159296,-1.494550,0.866172,0.461746,0.418176,-0.604271,0.622613,0.367352,194.413508,1.284911,-1.217506,0.610895,0.443022,1.021016,-0.889277,-0.857209,0.433059,0.397922,0.326958,0.184177,1.205759,1.059242,-0.811036,0.897419
0.035961,0.632766,1.549248,0.039248,0.459366,0.324108,-0.951667,0.214078,0.886721,0.024586,0.152282,0.550252,0.676513,0.178865,0.262814,0.111277,0.042982,0.828789,-0.942037,0.755983,0.424717,-0.518221,-0.750898,0.128698,0.293829,-0.288895,0.866172,0.260595,-0.415000,-0.691132,0.207982,0.314276,508.575988,1.057365,-1.371059,0.060086,0.095462,1.685286,-0.342579,0.282459,0.270259,0.003289,0.385710,0.402103,-0.009143,0.802745,0.273440,-0.232107
-1.279512,0.737600,1.213551,0.254035,0.563050,0.271528,-1.063185,0.675979,0.206782,0.165664,0.266215,0.275722,0.876380,0.863106,0.407116,0.267469,0.351038,0.501729,-0.971038,0.986360,1.279736,-0.628823,-1.367485,-0.038549,-1.046951,-0.632646,0.811419,0.305823,-0.719048,-1.092876,0.208975,0.395926,488.027841,1.113964,-1.336546,0.149201,0.241831,1.818423,-0.865839,-0.981048,0.597827,0.147760,0.558599,0.261467,1.347972,1.264904,-1.050191,0.315082
-1.279512,0.749882,0.496739,0.430204,0.629986,0.304588,-1.278077,0.655929,1.019594,0.234388,0.408176,0.405814,0.876380,0.863106,0.404513,0.311299,0.405785,1.064622,-1.170829,1.156567,1.279736,-0.836196,-1.364347,0.872561,-1.046951,-0.632646,0.859575,0.370428,-0.719048,-1.092876,0.415042,0.254717,201.106381,1.263352,-1.294753,0.675664,0.334750,1.046424,-1.060677,-1.338185,0.740928,0.187161,0.427783,0.647605,1.347972,1.264904,-1.050191,0.610999
-0.565342,0.478827,0.639936,0.632963,0.680636,0.211779,-1.337877,0.307237,1.019594,0.551592,0.689126,0.516321,0.891057,1.822515,0.381141,0.708499,0.740947,1.750060,-1.284216,1.261476,1.506353,-1.412818,-0.938805,0.872561,-0.374120,-3.040349,0.859575,0.687337,0.475525,-1.147722,2.314806,0.241324,222.996985,1.383973,-1.210148,0.694030,0.486922,1.066593,-0.992140,-0.999707,0.450239,0.437378,0.661313,0.146698,3.289471,1.535097,-0.884896,1.070958
-0.324031,0.573940,1.390149,0.081345,0.481371,0.248326,-0.964280,0.264805,0.936017,0.040072,0.463811,0.541388,0.781036,0.239240,0.343502,0.459258,0.078837,1.509795,-0.845274,1.261476,0.475206,-1.036112,-0.831772,0.219226,0.292195,-0.431121,0.798167,0.477997,-0.486263,-0.980623,0.202617,0.274182,485.060447,1.039544,-1.216858,0.096812,0.125785,1.676250,-0.349556,0.212677,0.278614,0.006205,0.603050,0.434304,0.066761,1.077140,0.064883,-0.230021
-1.106872,0.685875,1.300537,0.471576,0.569196,0.386745,-1.342859,0.641432,0.250418,0.198575,0.311912,0.370788,0.969394,1.154366,0.402448,0.353542,0.445316,0.462779,-1.219735,0.996584,1.573556,-0.540655,-1.070240,0.155598,-0.740173,-0.754874,0.800211,0.265757,-0.909370,-0.984085,0.315189,0.467028,548.478580,1.381668,-1.392503,0.171422,0.254153,1.562297,-0.940873,-0.901565,0.552139,0.190978,0.665301,0.336662,1.830783,1.539365,-1.121738,0.388238
-1.106872,0.654412,0.514596,0.552262,0.655753,0.309655,-1.420623,0.610631,1.125190,0.267329,0.410619,0.517152,0.969394,1.154366,0.429414,0.429429,0.580068,1.326968,-1.221176,1.156187,1.573556,-0.630903,-1.046614,0.905789,-0.740173,-0.754874,0.971826,0.341586,-0.909370,-0.984085,0.445874,0.420618,214.644654,1.394422,-1.356945,0.699032,0.417819,1.160523,-1.059180,-1.248251,0.674011,0.231584,0.607628,0.763814,1.830783,1.539365,-1.121738,0.979384
-0.551291,0.331708,0.505948,0.387229,0.681407,0.309480,-1.360259,0.328439,1.162629,0.472508,0.534559,0.327683,0.910696,1.206546,0.406956,0.410616,0.371453,1.056224,-1.177472,1.164995,1.377547,-1.138955,-0.982344,0.740771,-0.229158,-2.145578,0.971826,0.555020,0.698111,-0.927863,2.043629,0.355406,181.253114,1.306767,-1.244187,0.668679,0.477406,1.082261,-0.965395,-0.553740,0.351580,0.342711,0.338894,0.140785,1.026159,1.213986,-0.458208,1.111732
0.031982,0.338196,1.580043,0.049088,0.480869,0.216812,-1.147335,0.239785,1.162629,0.024793,0.161583,0.395357,0.726320,0.196625,0.186181,0.101145,0.043605,0.459058,-1.090961,0.666786,0.495300,-0.268432,-0.858653,-0.019276,0.295075,-0.365082,0.826708,0.195240,-0.394087,-0.660974,0.201883,0.331953,486.549531,1.252442,-1.163348,0.074435,0.086259,1.422223,-0.326865,-0.058640,0.297190,0.004029,0.421029,0.473766,0.006747,0.807555,0.159416,-0.244511
-0.557314,0.565505,1.289682,0.242766,0.559927,0.423266,-1.179559,0.504359,0.410075,0.134146,0.243732,0.346642,0.814653,0.914639,0.430475,0.141655,0.263554,0.459058,-1.121147,1.088274,1.077825,-0.250002,-0.840265,0.906827,-0.466005,-0.816749,0.826708,0.303360,-0.814754,-0.719673,0.328044,0.272279,497.246662,1.252507,-1.254456,0.151306,0.210378,1.717238,-0.731135,-0.986870,0.520538,0.151379,0.549932,0.357626,1.245925,1.041163,-0.948055,0.121309
-0.557314,0.706061,0.494238,0.520290,0.524365,0.306622,-1.233890,0.427410,0.856535,0.142779,0.445895,0.292339,0.814653,0.914639,0.440486,0.348559,0.516408,0.325265,-1.197435,1.114092,1.077825,-0.566386,-0.816606,1.606701,-0.549274,-0.816749,0.758171,0.319900,-0.814754,-0.730327,0.328044,0.374308,217.359779,1.293058,-1.144861,0.564718,0.244627,0.975644,-0.884119,-1.288184,0.578509,0.166228,0.509529,0.656205,1.245925,0.945564,-0.948055,0.121309
-0.433156,0.392002,0.495826,0.420440,0.552662,0.346529,-1.476383,0.251305,1.009780,0.313984,0.410903,0.295438,0.821136,0.902207,0.353572,0.439474,0.792617,0.528086,-1.480135,0.890531,1.308075,-0.985331,-0.875955,1.208936,-1.264458,-1.022806,0.755804,0.514429,0.723114,-0.857611,1.508463,0.409429,164.710047,1.446522,-1.217465,0.553852,0.405646,1.041548,-0.784691,-0.782027,0.393711,0.246554,0.614439,0.081912,3.237307,1.413360,-0.853020,0.572142
-0.335802,0.383018,1.295255,0.191569,0.476823,0.257568,-1.151212,0.251252,0.994917,0.045411,0.242746,0.320105,0.807830,0.287684,0.233363,0.168815,0.203590,0.252322,-1.112727,0.675685,0.430899,-0.474930,-0.844314,0.084188,0.184340,-0.569782,0.820071,0.336537,-0.175685,-0.845987,0.210132,0.429978,411.242783,1.217797,-1.131831,0.102453,0.149680,1.622386,-0.326745,0.118630,0.233930,0.016245,0.587253,0.369048,1.030897,0.529761,0.228916,-0.143781
-0.058336,0.636177,1.094814,0.311420,0.512179,0.224506,-1.298872,0.228783,0.546755,0.196781,0.359082,0.358971,0.932991,1.716688,0.327230,0.305516,0.620575,0.264307,-1.236508,1.371919,0.893121,-0.461435,-1.062630,0.184760,-0.531005,-0.776945,1.948174,0.274730,-0.488180,-0.982510,0.500374,0.518088,457.383083,1.271855,-1.244973,0.236300,0.340211,1.718016,-0.894818,-1.067852,0.644273,0.244854,0.577305,0.281154,1.895854,1.005530,-0.966627,0.357768
-0.058336,0.646320,0.507802,0.358638,0.593289,0.356360,-1.331426,0.260963,0.775283,0.386083,0.603745,0.416735,0.932991,1.716688,0.327852,0.341915,0.654736,0.874550,-1.311951,1.371919,1.302955,-1.730299,-1.003816,0.367919,-0.531005,-0.776945,1.948174,0.444489,-0.488180,-1.315262,0.500374,0.589436,221.271364,1.338108,-1.231719,0.640517,0.498534,1.080858,-1.021994,-1.067852,0.708064,0.348335,0.581509,0.468220,1.895854,1.005530,-0.966627,0.566866
0.076170,0.533982,0.669880,0.236187,0.537581,0.303045,-1.134721,0.173208,0.775283,0.375698,0.476745,0.327169,0.748319,1.270015,0.268676,0.258904,0.266733,1.070720,-1.079675,0.996505,1.302955,-1.730299,-0.891094,0.142659,0.230089,-0.580424,0.700735,0.536820,0.123251,-1.315262,0.778464,0.388726,226.365387,1.169128,-1.169163,0.537729,0.382543,1.549967,-1.003605,-0.394788,0.256994,0.321589,0.499463,0.183500,0.581600,0.607154,-0.693191,0.566866
0.265257,0.802212,1.875445,0.039502,0.448980,0.269512,-1.069441,0.186338,0.503545,0.024464,0.221089,0.244517,0.585882,0.196171,0.263764,0.161688,0.043586,0.552933,-1.013153,0.678323,0.555663,-0.508121,-0.745312,0.021387,0.316666,-0.082355,0.858221,0.246280,-0.570394,-0.774247,0.221062,0.259382,585.050972,1.164755,-1.160262,0.057862,0.085501,1.829722,-0.335700,0.520156,0.206238,0.007861,0.453734,0.344515,0.041852,1.076050,0.213348,-0.256867
-0.564642,0.810245,1.310975,0.495438,0.532926,0.345269,-1.267747,0.481856,0.785372,0.162361,0.281599,0.335503,0.863436,0.933684,0.330620,0.279121,0.483324,0.728352,-1.167170,1.127747,0.932544,-0.426634,-0.931937,0.910231,-0.563675,-0.539178,0.829217,0.215394,-0.712567,-0.783197,0.348539,0.346399,509.957417,1.267180,-1.282583,0.419075,0.264471,1.817683,-0.909401,-1.119847,0.854921,0.165207,0.514286,0.454514,1.152471,1.355735,-0.961228,0.214276
-0.586515,0.563580,0.600469,0.353882,0.488063,0.252564,-1.174394,0.270024,0.926582,0.383059,0.439366,0.334622,0.715201,0.791550,0.243669,0.380651,0.420852,0.739241,-1.061550,0.964795,1.507818,-0.867652,-0.802491,0.843787,-0.035021,-1.172298,0.784032,0.523819,0.178382,-0.771401,1.795825,0.389794,263.888099,1.206308,-1.502046,0.481687,0.298783,1.183170,-0.841925,-0.665028,0.372655,0.227658,0.561233,0.190077,1.764308,0.893592,-0.338218,0.660279
0.268254,0.903232,0.491156,0.012335,0.305681,0.096152,-0.888262,0.094033,0.004890,0.011094,0.031550,0.258934,0.333325,0.167910,0.092243,0.034467,0.008603,0.413326,-0.830995,0.645398,0.377097,-0.144475,-0.627120,-0.229396,0.355486,0.071286,0.551148,0.082358,-0.407880,-0.452955,0.198658,0.199547,165.739589,0.999891,-1.262913,0.016240,0.045512,0.872388,-0.317811,0.748917,0.068056,0.001239,0.310205,0.130633,-0.079169,0.471147,0.020809,-0.288309
0.565898,1.039052,0.560671,0.017506,0.282462,0.052388,-0.763390,0.049210,-0.415630,0.004579,0.034176,0.061182,0.293062,0.166419,0.014549,0.020851,0.016755,0.119003,-0.730489,0.648989,0.392813,-0.095220,-0.649117,-0.210740,0.346589,0.090527,0.399171,0.051321,-0.522857,-0.431623,0.201950,0.095344,174.495912,0.856210,-1.323210,0.002797,0.011557,1.039603,-0.322034,1.018250,0.008722,0.000792,0.069291,0.023408,-0.033383,0.479213,-0.003866,-0.394963
0.240970,0.837183,1.225216,0.659188,0.428583,0.215286,-1.012679,0.215057,0.724803,0.105128,0.154041,0.187713,0.735658,0.840070,0.144392,0.282801,0.442908,0.682054,-0.954933,0.991112,0.825038,-0.664308,-1.028058,-0.229462,-0.237119,-0.340048,0.671638,0.205067,-0.605545,-0.641892,0.236556,0.492421,466.834207,1.108146,-1.351877,0.144947,0.204396,1.727477,-0.459488,-1.204021,0.781425,0.113680,0.242998,0.369640,1.829653,0.726625,-0.760642,0.160922
0.240970,0.956765,0.765315,0.648103,0.392919,0.195852,-1.124210,0.239565,1.425800,0.112194,0.376090,0.223716,0.735658,0.840070,0.168492,0.303426,0.487547,0.762572,-1.072397,1.039952,1.530173,-0.748413,-1.203789,0.638011,-0.237119,-0.340048,0.671638,0.215076,-0.600984,-0.641892,0.236556,0.470703,306.266001,1.199822,-1.432047,0.334868,0.211749,1.547255,-0.750692,-1.486502,0.935832,0.129105,0.242272,0.719112,1.829653,0.726625,-0.773353,0.160922
0.051933,0.946230,0.476260,0.281959,0.281733,0.146522,-1.076590,0.154761,1.437114,0.140445,0.218136,0.320979,0.651043,0.227927,0.169543,0.301430,0.442959,1.138023,-1.003533,1.039952,2.000734,-1.126627,-1.333591,0.640732,0.015128,-0.248551,0.527998,0.322387,0.486692,-0.227081,0.211349,0.650843,155.278914,1.125988,-1.227146,0.309558,0.264622,0.944227,-0.759355,-1.486502,0.746838,0.163282,0.204302,0.248792,1.829653,0.952544,-0.773353,0.387914
-0.395987,0.538156,0.492650,0.611493,0.460650,0.355605,-1.030202,0.284135,1.437114,0.363349,0.416345,0.309107,0.714936,1.197851,0.345587,0.323406,1.021448,1.745277,-0.952182,0.939262,2.000734,-1.142252,-1.323330,0.640732,-0.291617,-0.853648,0.780703,0.344594,0.576113,-0.689282,1.440195,0.298697,164.105522,1.106776,-1.383831,0.465674,0.313973,0.963970,-0.759355,-1.364903,0.607374,0.267544,0.367785,0.196222,3.206844,0.952544,-0.221446,0.425955
-0.914855,0.671072,0.484122,0.681928,0.543141,0.227662,-1.230462,0.447543,0.673512,0.289438,0.489829,0.330349,0.784082,0.946048,0.280653,0.248620,0.364163,1.045403,-1.145843,1.239286,2.698829,-1.454632,-0.820912,1.055517,-0.221377,-0.536445,0.665162,0.201301,-0.915428,-0.990690,0.311137,0.207479,207.298694,1.235886,-1.522706,0.585009,0.432094,0.878005,-0.904662,-1.198242,0.686635,0.305202,0.557323,0.558540,0.807231,0.741832,-0.932984,1.098510
-0.395048,0.474305,0.682327,0.553104,0.571391,0.235385,-1.047419,0.205249,0.815472,0.434952,0.561321,0.355085,0.805661,1.180204,0.306723,0.419081,1.176761,0.805848,-0.951283,1.239286,2.698829,-1.520881,-0.830968,1.017828,-0.889283,-2.107972,0.630921,0.670930,0.205642,-0.756906,1.334068,0.262713,237.924940,1.045132,-1.458324,0.509779,0.435766,1.347052,-0.842056,-0.137007,0.219017,0.363197,0.527284,0.176240,4.039644,0.734384,-0.799941,1.098510
0.171698,0.557632,1.090840,0.027619,0.385803,0.268428,-1.003768,0.158518,0.474795,0.021124,0.095352,0.224166,0.500672,0.168529,0.101147,0.051807,0.030757,0.538825,-0.927469,0.651686,0.346443,-0.855102,-0.725833,-0.007008,0.303251,-0.063229,0.630921,0.221191,-0.413857,-0.609648,0.206670,0.409640,389.106006,1.061357,-1.138766,0.039234,0.045230,1.769987,-0.333896,0.266607,0.174757,0.001537,0.517364,0.246377,-0.073438,0.500591,0.129067,-0.182825
0.523143,0.612708,0.883498,0.525260,0.419399,0.254250,-1.227644,0.165034,0.310792,0.068481,0.176239,0.190905,0.760020,0.882418,0.379653,0.152512,0.364711,0.363445,-1.177315,1.174003,0.503846,-0.468690,-0.780703,0.485443,0.074994,-0.577165,0.979760,0.230978,-0.526127,-0.686930,0.443536,0.227172,374.094192,1.270167,-1.229508,0.267650,0.252759,1.716199,-0.761529,-0.643111,0.601574,0.125255,0.565262,0.258664,1.162773,0.536938,-0.464869,0.054259
0.395847,0.598770,0.525956,0.317512,0.201412,0.201466,-1.135354,0.232356,0.360134,0.194696,0.212336,0.263373,0.295289,0.314754,0.165091,0.195320,0.596086,0.474904,-1.008425,1.174003,1.355140,-0.783407,-0.819564,0.485443,-0.181897,-0.645902,0.693427,0.177899,-0.349931,-0.628138,0.426075,0.310443,217.535490,1.203415,-1.221673,0.200901,0.182236,1.026548,-0.767265,-0.643111,0.621532,0.105662,0.241437,0.247444,2.600842,0.629355,-0.464869,-0.098596
0.399648,0.961217,0.483706,0.025912,0.310778,0.037345,-0.969338,0.094362,-0.170259,0.018762,0.032909,0.117230,0.326318,0.166947,0.067465,0.029435,0.012905,0.265067,-0.906719,0.653952,0.426201,-0.172327,-0.920563,0.004414,0.372636,0.066793,0.623912,0.065199,-0.333328,-0.304476,0.201538,0.137010,160.218713,1.026223,-1.215682,0.008102,0.038628,0.909459,-0.324541,0.889286,0.048450,0.001988,0.202750,0.053467,-0.116351,0.589423,-0.032955,-0.292897
0.716038,0.883916,1.075835,0.031604,0.337901,0.133532,-0.954803,0.127473,-0.088206,0.012963,0.041807,0.172216,0.424312,0.171249,0.191288,0.027020,0.010406,0.425724,-0.920131,0.679119,0.417590,-0.157569,-0.698544,0.005287,0.298468,0.090434,0.702295,0.077641,-0.241209,-0.444149,0.210365,0.193707,314.334553,1.076015,-1.128453,0.036927,0.033586,1.326877,-0.336372,0.793908,0.062695,0.002009,0.425135,0.044126,-0.100734,0.750201,-0.029346,-0.332348
-0.384265,0.784910,1.713150,0.290877,0.535502,0.303756,-1.218626,0.550064,0.370603,0.146393,0.209256,0.209184,0.837765,1.046338,0.417814,0.234748,0.346678,0.334013,-1.166756,0.987918,0.849329,-0.260817,-1.272909,0.465294,-0.634714,-0.605118,0.684662,0.250605,-0.528526,-0.776510,0.389902,0.469872,621.958805,1.288963,-1.209818,0.177788,0.212369,2.110782,-0.678019,-1.157749,0.697772,0.175609,0.458146,0.205730,1.209512,0.892820,-1.084306,0.126985
-0.384265,0.791748,0.496073,0.445239,0.588157,0.367444,-1.234942,0.405003,1.440004,0.187702,0.357956,0.274071,0.837765,1.046338,0.413987,0.263946,0.400077,0.644050,-1.099016,0.987918,0.884812,-0.636702,-1.193768,1.197329,-0.634714,-0.531850,0.879457,0.199116,-0.528526,-0.776510,0.366699,0.293306,207.067593,1.228391,-1.210674,0.631235,0.363782,0.970191,-0.923026,-1.451932,0.721938,0.205618,0.379566,0.698424,1.209512,0.902278,-1.084306,0.837424
-0.604668,0.300087,0.488031,0.579733,0.615621,0.191512,-1.311236,0.239066,1.401135,0.425554,0.386449,0.287182,0.896371,0.801245,0.376687,0.297263,0.694592,0.831561,-1.246668,1.076644,1.400985,-1.087955,-0.990271,0.566623,0.002236,-1.867229,0.830026,0.288330,0.726727,-0.639532,1.837762,0.311453,167.295527,1.265792,-1.310759,0.560877,0.403309,0.912301,-0.771459,-0.373775,0.265342,0.275938,0.429652,0.179847,2.324380,1.567431,-0.731063,0.897862
0.054192,0.497214,1.266432,0.066361,0.450907,0.356939,-0.985432,0.230263,1.275243,0.018110,0.222969,0.479416,0.652250,0.186209,0.194371,0.150819,0.037256,0.612257,-0.982850,0.661354,0.387981,-0.553038,-0.690746,0.010865,0.263779,-0.100628,0.830972,0.302285,-0.362694,-0.652285,0.221580,0.162766,412.804983,1.119266,-1.362070,0.058545,0.059022,1.761229,-0.333844,0.060311,0.349492,0.004955,0.487883,0.487077,0.127233,0.739033,0.294334,-0.234442
-0.817608,0.675491,1.213885,0.557078,0.557170,0.278275,-1.040572,0.605660,0.359983,0.149287,0.286562,0.261272,0.839301,0.800811,0.454362,0.258164,0.553901,0.454582,-1.052154,0.974543,1.427415,-0.359899,-0.856528,0.472193,-1.978013,-0.638614,0.830972,0.352279,-0.835317,-1.194613,0.305414,0.433118,495.459339,1.124689,-1.355553,0.149976,0.207882,1.643890,-0.817034,-0.788645,0.533319,0.144001,0.536682,0.346870,2.295384,1.341461,-0.866715,0.145497
-0.817608,0.638074,0.476557,0.551326,0.573191,0.269090,-1.190267,0.561318,1.072104,0.175309,0.570036,0.296761,0.839301,0.800811,0.424362,0.312926,0.620659,0.578763,-1.175919,0.974543,1.427415,-0.766045,-0.942735,1.097615,-1.978013,-0.638614,0.748696,0.355047,-0.835317,-1.194613,0.376309,0.350898,199.716608,1.250590,-1.338610,0.619579,0.243097,0.885305,-0.935784,-1.055957,0.598744,0.154469,0.482626,0.699684,2.295384,1.341461,-0.866715,0.145497
-0.414496,0.501687,0.500846,0.565075,0.640087,0.272907,-1.215073,0.292763,1.072104,0.455423,0.540150,0.415406,0.813474,0.758455,0.393711,0.423084,0.467642,1.054513,-1.093552,1.158790,1.326271,-1.569129,-0.895420,1.097615,-0.355402,-1.878465,0.742348,0.609534,0.651663,-1.009002,1.690857,0.260020,166.624085,1.254341,-1.274453,0.650310,0.464593,0.943698,-0.900465,-0.916877,0.472470,0.359739,0.693356,0.115458,2.223511,1.223298,-0.493711,1.261361
-0.383521,0.655473,1.601765,0.107012,0.491372,0.277954,-0.899710,0.305778,0.897485,0.043885,0.376911,0.518369,0.742771,0.250570,0.317738,0.295581,0.193619,1.054513,-0.845336,0.917369,0.602533,-1.305201,-0.806150,0.147167,0.191545,-0.164667,0.863922,0.377903,-0.273807,-0.743119,0.266417,0.541048,481.367063,1.020601,-1.243589,0.087296,0.144265,1.875481,-0.324335,0.324353,0.280188,0.014626,0.590997,0.397059,0.198562,0.939200,0.242447,-0.233221
-0.938402,0.749323,1.412277,0.367191,0.579500,0.266701,-0.996247,0.548249,0.308169,0.198559,0.309682,0.415820,0.848285,1.175675,0.436376,0.271813,0.493687,0.232992,-0.832305,1.011431,1.525847,-0.309437,-0.983172,0.453352,-1.616901,-0.604514,0.917831,0.287337,-0.678732,-0.864610,0.301474,0.456958,530.028493,0.922042,-1.206644,0.158933,0.231717,1.867802,-0.735261,-1.024560,0.633051,0.187093,0.457207,0.272484,1.675575,1.383717,-0.995080,0.327395
-0.938402,0.805830,0.497511,0.347804,0.599910,0.283409,-1.272438,0.523634,1.304152,0.284678,0.515358,0.330409,0.848285,1.175675,0.413333,0.342218,0.593246,0.611714,-1.192895,1.011431,1.525847,-0.519768,-1.051830,1.013095,-1.616901,-0.604514,0.917831,0.302911,-0.678732,-0.864610,0.301474,0.427629,198.390477,1.221580,-1.152732,0.648787,0.310091,0.994145,-0.908345,-1.456819,0.744651,0.215885,0.455778,0.708210,1.675575,1.383717,-1.020265,0.327395
-0.564898,0.588299,0.611943,0.523847,0.608781,0.332287,-1.189851,0.338195,1.304152,0.503401,0.482705,0.584518,0.806663,1.151706,0.404846,0.391377,0.551030,1.289340,-1.136089,1.105763,0.891612,-1.141512,-1.138971,0.626244,-0.484586,-1.141815,1.006731,0.585001,0.281649,-1.331458,1.948953,0.374024,198.033678,1.263154,-1.241692,0.621241,0.421199,1.368763,-0.863095,-1.190291,0.533208,0.308009,0.522662,0.313601,1.380473,1.418455,-0.334120,0.746565
-0.145091,0.803024,1.565533,0.060068,0.493440,0.224729,-1.182237,0.286682,0.666162,0.046038,0.171162,0.636774,0.659822,0.182413,0.264878,0.107542,0.064288,0.927115,-1.107486,0.678033,0.511888,-0.595857,-0.764419,0.103360,0.264130,-0.111480,1.006731,0.337669,-0.463364,-0.617978,0.211276,0.329252,539.787972,1.278457,-1.312476,0.050514,0.103778,1.826987,-0.335928,0.543584,0.195736,0.005595,0.580515,0.348042,0.017960,0.823651,0.221696,-0.269722
-1.129592,0.788033,1.317176,0.328904,0.569197,0.187104,-1.238121,0.611581,0.126006,0.194945,0.225044,0.357695,0.883597,0.974249,0.420746,0.286812,0.377745,0.706304,-1.172868,0.964402,1.608546,-0.595889,-1.253149,-0.168194,-1.258574,-0.656160,0.870243,0.256621,-0.718728,-1.116313,0.379705,0.475127,545.144199,1.281981,-1.408408,0.148947,0.245754,1.870602,-0.848348,-1.045673,0.659078,0.186216,0.586730,0.248159,2.067514,1.084346,-1.047262,0.357881
-1.129592,0.740303,0.498976,0.396377,0.623529,0.286700,-1.373860,0.567519,1.018767,0.288737,0.501987,0.433386,0.883597,0.974249,0.429252,0.327314,0.405790,1.099242,-1.240484,1.052535,1.657647,-1.199338,-1.299365,0.785806,-1.258574,-0.848489,0.831964,0.324485,-0.718728,-1.116313,0.379705,0.360910,206.332855,1.344736,-1.256277,0.665880,0.411334,1.068797,-0.999495,-1.267027,0.740685,0.237697,0.356068,0.636153,2.067514,1.084346,-1.047262,1.162155
-0.459537,0.501115,0.826249,0.411038,0.651920,0.303313,-1.337271,0.284643,1.018767,0.443788,0.492877,0.310722,0.892617,1.303575,0.445562,0.376941,0.468245,1.251773,-1.266564,1.318348,1.657647,-1.315556,-1.133396,0.785806,-0.110084,-0.848489,0.831964,0.453148,0.350649,-0.901355,1.248393,0.189659,282.924363,1.388554,-1.234410,0.659123,0.503653,1.441821,-0.945581,-0.859018,0.407042,0.395891,0.514768,0.214446,1.919716,1.230722,-0.774939,1.199713
-0.093329,0.702498,1.835630,0.045296,0.447973,0.408300,-1.271489,0.208443,0.804325,0.040071,0.164092,0.438721,0.607700,0.209410,0.175770,0.144960,0.058017,1.129172,-1.235033,0.709415,0.597087,-0.643937,-0.744970,0.049840,0.277593,-0.168175,0.720453,0.217145,-0.397947,-0.901296,0.230639,0.320232,610.811187,1.329076,-1.279404,0.071116,0.107074,1.523425,-0.345728,0.336311,0.270106,0.008453,0.606070,0.392253,0.096156,0.785294,0.321856,-0.152049
-1.054220,0.789705,1.472287,0.501418,0.537043,0.477701,-1.213691,0.558278,0.186673,0.188038,0.250457,0.378209,0.837145,1.140570,0.397773,0.262006,0.271392,1.129172,-1.150147,0.940880,0.807063,-0.617846,-1.018803,-0.212763,0.010654,-0.587959,0.940874,0.205919,-0.662610,-1.122448,0.352044,0.450366,617.094001,1.259148,-1.348776,0.187303,0.217251,1.480783,-0.804606,-1.093497,0.706063,0.176329,0.708750,0.218869,1.480920,1.232525,-0.969536,0.114260
-1.054220,0.754563,0.477751,0.631889,0.559057,0.240828,-1.180722,0.500017,0.946681,0.239890,0.364740,0.374163,0.837145,1.140570,0.395864,0.296724,0.329895,1.126372,-1.072154,1.032109,1.447158,-1.226358,-1.097127,1.135353,-0.271595,-0.614367,0.940874,0.230767,-0.662610,-1.122448,0.352044,0.431323,192.161305,1.189677,-1.260325,0.596991,0.364407,0.910290,-0.947381,-1.260849,0.703714,0.223872,0.503744,0.574523,1.480920,1.064910,-0.969536,1.361168
-0.580565,0.384865,0.490384,0.450682,0.607639,0.151957,-1.248784,0.287885,1.074020,0.416370,0.440980,0.283088,0.858071,1.272964,0.292063,0.429570,0.541900,0.927397,-1.222767,1.274511,1.447158,-1.263637,-0.837737,1.135353,0.046747,-1.311526,0.609277,0.507382,0.431041,-0.924341,2.130748,0.401325,168.940828,1.329571,-1.183539,0.550497,0.417133,1.001153,-0.915308,-0.337583,0.329299,0.332545,0.486679,0.201288,1.258128,1.251158,-0.768383,1.361168
0.154086,0.386279,1.128816,0.034666,0.432592,0.241868,-0.834549,0.233634,1.067076,0.020157,0.215851,0.276881,0.613307,0.181142,0.248842,0.110009,0.023428,0.726132,-0.779065,0.680205,0.411150,-0.591993,-0.703933,0.007597,0.301008,-0.332635,0.840809,0.310530,-0.221720,-0.624421,0.210135,0.280880,401.336518,0.941551,-1.138636,0.065369,0.077276,1.737602,-0.331578,-0.015874,0.297062,0.003675,0.497187,0.423396,-0.033056,0.798965,0.151210,-0.225434
-0.907170,0.652152,1.176626,0.568217,0.520808,0.283176,-1.069579,0.689453,0.238127,0.173688,0.339279,0.497240,0.795436,0.889468,0.467171,0.352508,0.433911,0.877198,-0.974203,1.057251,0.956276,-0.980661,-1.084786,-0.138594,-0.885143,-0.757519,0.845287,0.305439,-0.688359,-1.565579,0.315144,0.414519,495.404129,1.085879,-1.280037,0.166648,0.257689,1.728351,-0.814623,-1.106623,0.614604,0.148250,0.816054,0.272048,1.643891,1.212954,-0.982418,0.218318
-0.907170,0.726220,0.496074,0.565442,0.541289,0.368898,-1.251242,0.543588,1.064386,0.212154,0.458296,0.561691,0.795436,0.889468,0.451068,0.336174,0.438816,1.514791,-1.137035,1.057251,1.560294,-1.270910,-1.246818,1.051800,-0.885143,-0.757519,0.845287,0.394502,-0.688359,-1.565579,0.315144,0.231595,204.449369,1.217762,-1.170966,0.571014,0.291628,0.985367,-0.945692,-1.297631,0.664264,0.163388,0.709821,0.638190,1.643891,0.720405,-0.982418,0.334005
-0.390016,0.495185,0.528558,0.370688,0.563170,0.225925,-1.299604,0.232072,1.179009,0.292768,0.274249,0.309734,0.750300,1.487268,0.300977,0.326335,0.543224,1.322642,-1.228877,1.088065,1.560294,-1.121826,-1.065184,1.051800,-0.057626,-0.863235,0.613516,0.371511,0.638668,-0.855038,1.026839,0.336111,179.233973,1.323714,-1.277584,0.514708,0.344383,1.054448,-0.834675,-0.122542,0.237077,0.289845,0.396896,0.138274,1.782042,1.296756,-0.855184,0.929761
0.056341,0.633892,1.903172,0.042898,0.448625,0.175090,-1.069303,0.181026,1.103136,0.020412,0.132926,0.315953,0.606367,0.176123,0.148197,0.121811,0.057313,0.590435,-1.020799,0.746158,0.530519,-0.561342,-0.747417,0.066912,0.302146,-0.054200,0.673993,0.270834,-0.448248,-0.855038,0.207782,0.166371,631.242073,1.179003,-1.328834,0.047044,0.050876,1.722551,-0.341006,0.288998,0.255630,0.002531,0.489722,0.471510,0.098510,0.690463,0.288870,-0.300879
-1.066600,0.718161,1.555621,0.346059,0.542321,0.314684,-1.130593,0.553112,0.189887,0.181641,0.135037,0.231633,0.908259,0.911255,0.358720,0.214666,0.307793,0.590435,-1.089095,0.922806,0.845854,-0.449666,-0.952198,-0.065616,-0.294570,-0.537284,0.673993,0.229460,-0.919583,-1.066419,0.322902,0.324640,661.588090,1.209923,-1.332158,0.148708,0.207500,1.902982,-0.738447,-0.750078,0.526059,0.154928,0.704722,0.328965,1.270228,1.261870,-0.909512,0.213150
-1.066600,0.628839,0.482697,0.465800,0.577344,0.273575,-1.186997,0.518737,0.908324,0.241971,0.412649,0.346123,0.908259,0.911255,0.382669,0.208112,0.293827,1.033277,-1.090676,1.024808,2.043846,-0.983228,-1.128910,0.931209,-0.294570,-0.537284,0.751012,0.265958,-0.919583,-1.066419,0.322902,0.309963,202.673477,1.161437,-1.270245,0.616648,0.279021,0.936968,-0.949020,-0.993139,0.642480,0.169177,0.656450,0.679036,1.270228,1.261870,-0.909512,0.213150
-0.363820,0.492061,0.488543,0.404959,0.613412,0.260825,-1.185140,0.274797,0.936696,0.350015,0.436096,0.467797,0.864379,0.893737,0.400817,0.270829,0.523830,1.118810,-1.200968,1.012701,2.043846,-1.228932,-1.005834,0.931209,0.129849,-0.593915,0.825592,0.396089,0.407110,-0.704803,0.904686,0.209108,172.252657,1.271482,-1.210570,0.617582,0.431726,0.919081,-0.913709,-0.793891,0.422700,0.351900,0.271841,0.171612,1.204780,0.891167,-0.853390,0.882309
0.029550,0.674127,1.332220,0.054069,0.468931,0.313629,-1.071972,0.221974,0.851971,0.039358,0.152996,0.394499,0.650459,0.194274,0.234901,0.126816,0.072748,0.853363,-1.044953,0.725434,0.551341,-0.509072,-0.761858,0.100398,0.296131,-0.247388,0.825592,0.220160,-0.434963,-0.696580,0.212430,0.459204,457.413279,1.148749,-1.165055,0.055689,0.107185,1.657318,-0.340741,0.313859,0.270195,0.006782,0.273553,0.387787,0.321931,0.842580,0.282925,-0.219477
-1.412452,0.760220,1.238074,0.325707,0.585138,0.377492,-1.170387,0.746356,0.176479,0.176058,0.220557,0.208592,0.892765,0.752246,0.386723,0.245146,0.278122,0.499928,-1.121855,1.035731,1.714236,-0.743461,-1.095155,-0.066663,-0.284448,-0.568564,0.759444,0.338703,-0.749114,-0.920595,0.238047,0.499506,520.213147,1.228787,-1.201926,0.153428,0.223763,1.720364,-0.907198,-1.189258,0.662371,0.132234,0.702068,0.267364,1.201915,1.250826,-1.042210,0.124375
-1.412452,0.800302,0.471942,0.434043,0.613515,0.294622,-1.334032,0.694721,1.011096,0.203623,0.306826,0.363625,0.892765,0.752246,0.393242,0.256421,0.335536,1.019675,-1.248047,1.221993,1.714236,-0.743461,-1.103272,0.963401,-0.466395,-0.568564,0.826318,0.373150,-0.749114,-0.920595,0.359305,0.380088,192.129628,1.334872,-1.469861,0.657503,0.286511,0.952754,-0.997615,-1.467748,0.731436,0.167005,0.670665,0.677120,1.201915,1.250826,-1.042210,0.228983
-0.660686,0.445121,0.550677,0.593924,0.682642,0.297908,-1.121190,0.331921,1.078362,0.475628,0.558473,0.437349,0.881948,1.301154,0.438502,0.509482,0.651199,1.344409,-0.913927,1.348538,1.004026,-1.611787,-1.047777,0.963401,-0.385315,-1.210515,0.814707,0.954052,0.554774,-1.150152,1.905332,0.198049,186.561446,1.042851,-1.561052,0.684561,0.504306,1.202569,-0.940324,-0.984486,0.467337,0.385833,0.824940,0.151107,2.710967,1.076642,-0.577516,1.474599
-0.113840,0.491686,1.628639,0.096148,0.479197,0.253930,-1.074932,0.242600,0.940226,0.026527,0.294495,0.344386,0.810961,0.177651,0.242900,0.175581,0.037744,0.368561,-1.034057,1.295575,0.435575,-1.090108,-0.842353,0.270082,0.227445,-0.312826,0.827931,0.509031,-0.425641,-0.990645,0.197697,0.192097,495.860114,1.185526,-1.400199,0.104401,0.106486,1.829409,-0.327246,0.072355,0.296623,0.002815,0.516807,0.440528,-0.067507,0.729824,0.003118,-0.264778
-0.728436,0.653515,1.222378,0.308151,0.543772,0.212257,-1.044300,0.537166,0.267743,0.147240,0.167094,0.254739,0.822086,0.859541,0.450387,0.151240,0.342559,0.424800,-1.007756,0.998276,1.368218,-0.428306,-0.876770,0.384523,-0.711282,-0.790320,0.827931,0.209653,-0.747560,-0.844249,0.384973,0.459103,469.260986,1.119221,-1.357584,0.172045,0.217871,1.760817,-0.830780,-0.973779,0.582288,0.159168,0.592300,0.309782,1.778070,1.273984,-1.016243,0.155546
-0.728436,0.654001,0.478754,0.385515,0.538099,0.288921,-1.208284,0.441884,1.070912,0.192741,0.424439,0.339142,0.822086,0.859541,0.427678,0.312470,0.523357,0.853079,-1.167873,1.072177,1.473863,-0.779724,-0.991387,0.871182,-0.711282,-0.790320,0.729578,0.218619,-0.747560,-0.844249,0.384973,0.411783,194.718714,1.247969,-1.284750,0.577901,0.327151,0.952673,-0.922634,-1.130688,0.611409,0.188094,0.443710,0.661578,1.778070,0.552331,-1.016243,0.516480
-0.841961,0.478727,0.493767,0.242057,0.522280,0.233016,-1.242211,0.327604,1.111044,0.409956,0.516369,0.257834,0.868432,1.823575,0.430977,0.385013,0.557789,0.545235,-1.234081,1.143565,1.473863,-0.926353,-0.830469,0.778584,-0.444243,-1.634859,0.729578,0.491712,0.627820,-0.574250,1.879653,0.536568,159.616456,1.310529,-1.208749,0.439477,0.355197,0.889442,-0.783704,-0.059546,0.223739,0.330888,0.481624,0.129858,1.397033,1.148861,-0.352961,0.516480
0.046083,0.638198,1.675904,0.040174,0.452262,0.243728,-1.008437,0.255598,0.961904,0.036675,0.145603,0.436620,0.544091,0.178429,0.143683,0.097988,0.033208,0.831160,-0.915746,0.686865,0.460802,-0.455909,-0.748677,0.015704,0.309426,-0.334441,0.734523,0.201335,-0.438620,-0.662453,0.208711,0.261718,525.213912,1.110008,-1.304403,0.034379,0.068202,1.812520,-0.323508,0.280700,0.233366,0.003117,0.752537,0.382316,-0.069496,0.975802,0.139149,-0.166247
-0.564087,0.673276,1.335908,0.220312,0.570898,0.330180,-1.235460,0.513101,0.135322,0.123733,0.217220,0.415393,0.769546,0.924689,0.379174,0.160757,0.288660,0.831160,-1.090235,0.969183,0.930430,-0.340764,-0.908530,0.759134,-0.612144,-0.690841,0.734523,0.285793,-0.919925,-0.767495,0.319702,0.663222,534.616485,1.266387,-1.365345,0.130997,0.186120,1.677492,-0.707452,-0.844560,0.521186,0.144434,0.892961,0.323467,0.937449,1.289593,-0.998182,0.093512
-0.564087,0.670586,0.508066,0.464866,0.581551,0.252813,-1.286435,0.447464,1.091075,0.152372,0.341213,0.312505,0.769546,0.924689,0.360627,0.425966,0.625405,0.699841,-1.154370,0.999800,0.930430,-0.551585,-0.982508,1.639478,-0.612144,-0.690841,0.655443,0.313990,-0.919925,-0.817925,0.319702,0.521445,229.874317,1.277349,-1.273292,0.626217,0.229232,0.901795,-0.885960,-1.184964,0.632833,0.154924,0.746163,0.756531,0.937449,1.289593,-0.998182,0.180006
-0.463946,0.462440,0.539633,0.458894,0.619575,0.394717,-1.284537,0.281572,1.091075,0.395863,0.478043,0.261065,0.816370,1.205462,0.356029,0.511531,0.685464,0.707846,-1.168231,1.072812,1.350205,-1.348650,-1.059995,1.107984,-0.890420,-0.661570,0.688983,0.534981,0.463566,-1.010203,1.532685,0.402690,184.040508,1.296295,-1.391947,0.635581,0.455861,1.081493,-0.846342,-0.956107,0.455997,0.354977,0.386957,0.162808,1.885185,1.096244,-0.549337,1.140646
-0.246731,0.622408,1.157434,0.100902,0.451955,0.174785,-1.004573,0.220525,0.797356,0.054160,0.427428,0.316110,0.687873,0.258979,0.219630,0.263905,0.077793,0.352920,-0.977756,0.730665,0.410428,-0.586983,-0.698451,0.267696,0.268279,-0.248251,0.741035,0.352839,-0.310082,-0.803243,0.220312,0.421568,378.480715,1.106882,-1.407094,0.076496,0.134277,1.589530,-0.338055,0.288774,0.281671,0.007554,0.526382,0.362114,0.210049,0.679759,0.243350,-0.171667
-0.424133,0.788126,1.021940,0.520855,0.534498,0.232675,-1.276990,0.363797,0.275068,0.211176,0.356644,0.326593,0.954766,1.607527,0.357769,0.412957,0.749973,0.382132,-1.153033,1.336301,1.175823,-0.576974,-1.065479,-0.071700,-1.709441,-0.715461,0.824589,0.349339,-0.469185,-1.029719,0.482408,0.673078,428.524409,1.303207,-1.324809,0.237170,0.298404,1.610138,-0.812091,-1.131445,0.743360,0.203594,0.641464,0.212939,1.843869,1.040262,-1.015932,0.386018
-0.424133,0.696860,0.533827,0.624805,0.568956,0.307781,-1.373639,0.409381,0.841501,0.337654,0.448748,0.426745,0.954766,1.607527,0.362066,0.427562,0.779246,0.973300,-1.244584,1.336301,1.833447,-1.081747,-1.189206,0.833821,-1.709441,-0.715461,0.869118,0.405286,-0.469185,-1.029719,0.482408,0.645754,227.657089,1.393137,-1.222436,0.623809,0.420270,1.230144,-0.965738,-1.176004,0.723343,0.309002,0.640337,0.469637,1.843869,1.040262,-1.015932,0.597980
-0.638269,0.614745,0.568709,0.844149,0.538957,0.212159,-1.182643,0.304798,0.841501,0.420814,0.618286,0.483500,0.777772,1.351710,0.456135,0.708603,0.749752,1.314713,-1.109597,1.025099,1.833447,-2.131705,-0.891213,0.833821,-0.620605,-1.573303,1.171911,0.951808,0.197559,-1.488507,1.482636,0.597056,190.576869,1.249126,-1.138645,0.516139,0.311181,1.282534,-0.776607,-0.403811,0.291648,0.361291,0.752811,0.193786,1.829700,1.048968,-0.225266,0.597980
-0.056377,0.896874,1.567042,0.067734,0.464039,0.354302,-1.003391,0.267637,0.696856,0.043328,0.145471,0.564569,0.569520,0.190747,0.324838,0.153777,0.050644,1.314713,-0.958425,0.736993,0.465173,-0.356100,-0.837909,0.137119,0.287919,-0.378371,1.171911,0.409837,-0.389603,-0.592366,0.219703,0.250044,487.852398,1.095213,-1.190625,0.058290,0.092450,2.122563,-0.333669,0.584183,0.198931,0.005608,0.669545,0.328623,0.032387,0.987119,0.010580,-0.192550
-0.732524,0.862745,1.188224,0.397144,0.538729,0.258292,-1.199526,0.576567,0.611743,0.138992,0.304442,0.314257,0.891234,0.802784,0.399757,0.276972,0.434044,0.536381,-1.202163,1.171653,0.876563,-0.463011,-1.085618,0.874799,-1.086401,-0.550135,0.985419,0.271060,-0.679294,-0.673774,0.330907,0.403841,472.251985,1.269888,-1.240239,0.360974,0.264703,1.722827,-0.985562,-1.236577,0.908000,0.158537,0.462816,0.367148,1.003737,1.504484,-0.998504,0.268704
-0.420003,0.542791,0.657281,0.412446,0.495660,0.283733,-1.367851,0.281643,0.925880,0.355078,0.406395,0.376083,0.738670,1.692877,0.292842,0.371257,0.687382,0.940074,-1.294014,0.889904,1.078852,-0.984943,-0.781991,0.894485,-0.433518,-2.628482,0.741287,0.563695,0.324569,-0.791460,1.280045,0.375459,292.174556,1.366752,-1.282665,0.516229,0.310276,1.224369,-0.904175,-1.016665,0.516987,0.290888,0.459689,0.152756,3.067340,0.999640,-0.438459,0.397704
0.257019,0.903697,0.529525,0.019213,0.306363,0.176818,-0.993052,0.082598,0.111385,0.014771,0.024002,0.156805,0.330112,0.168548,0.148154,0.038168,0.014637,0.371557,-0.885464,0.675972,0.402693,-0.230409,-0.823623,-0.199803,0.321168,0.054862,0.638441,0.112898,-0.401448,-0.547850,0.205129,0.170798,176.635421,1.079975,-1.199213,0.014483,0.057050,1.130246,-0.319764,0.711726,0.108958,0.001965,0.175988,0.168647,-0.068411,0.508982,0.027735,-0.265036
0.574248,1.029572,1.266182,0.012805,0.285773,0.230383,-0.952375,0.026596,-0.348967,0.009952,0.041180,0.087767,0.301135,0.168762,0.038702,0.032433,0.010732,0.242842,-0.854435,0.643403,0.397295,-0.139840,-0.732165,-0.149955,0.349441,0.089113,0.463315,0.083107,-0.419055,-0.501023,0.202067,0.204037,406.867330,1.042704,-1.221319,0.011019,0.029492,1.623749,-0.324059,0.970807,0.030232,0.001753,0.222253,0.015298,-0.090292,0.615082,-0.047765,-0.381998
0.251903,0.784845,1.398088,0.919285,0.416173,0.145359,-1.136285,0.189773,0.742941,0.109191,0.322022,0.258145,0.742564,0.969144,0.120543,0.357193,0.466449,0.859718,-1.070624,1.056985,1.040244,-0.763880,-1.226352,-0.176289,-0.045282,-0.485705,0.598413,0.208615,-0.419055,-0.847675,0.280797,0.467198,557.789213,1.214621,-1.233749,0.141556,0.251440,1.595545,-0.494969,-0.943161,0.700956,0.124401,0.259632,0.313982,1.909997,0.828112,-0.720099,0.277578
0.251903,0.854765,0.743168,0.917469,0.389907,0.127758,-1.204998,0.205100,1.394751,0.112927,0.392473,0.323125,0.742564,0.969144,0.168879,0.346682,0.461019,1.220530,-1.120713,1.056985,1.212146,-0.966517,-1.285832,0.674247,-0.045282,-0.485705,0.661916,0.230776,-0.368934,-0.847675,0.280797,0.431757,305.668951,1.257866,-1.238280,0.334608,0.258034,1.324110,-0.738167,-1.346256,0.873451,0.126380,0.232674,0.613305,1.909997,0.828112,-0.739067,0.277578
0.251903,0.837892,0.461198,0.969477,0.309941,0.160019,-1.261672,0.154384,1.465951,0.133050,0.225416,0.410824,0.490386,0.969144,0.177716,0.348982,0.438386,1.319933,-1.077755,1.056985,1.705769,-1.064796,-1.151151,0.783623,-0.045282,-0.191178,0.661916,0.333953,0.159625,-0.628533,0.280797,0.232503,145.351861,1.251343,-1.257199,0.329906,0.269241,0.913758,-0.767235,-1.346256,0.590830,0.197263,0.380258,0.347013,1.909997,0.987794,-0.739067,0.346022
-0.252795,0.562271,0.469754,0.523360,0.472285,0.258288,-1.217366,0.299601,1.465951,0.283500,0.348323,0.407946,0.813442,1.154257,0.369946,0.365652,0.934788,1.495518,-1.057929,0.897686,1.705769,-1.064796,-1.146169,0.783623,-0.258169,-1.269984,0.651968,0.301664,0.998904,-0.674665,1.028199,0.201043,160.303507,1.216198,-1.284754,0.506471,0.346515,0.938413,-0.767235,-1.341641,0.662453,0.292171,0.379345,0.135273,3.046499,0.987794,-0.471037,0.586115
-0.998835,0.660251,0.569582,0.448388,0.585516,0.403551,-1.266538,0.490967,0.733746,0.255463,0.415550,0.598136,0.882220,1.083163,0.377848,0.302251,0.364749,1.815929,-1.159111,1.050103,2.001293,-1.196449,-1.014560,0.824569,-0.680096,-0.739694,0.639870,0.342413,-0.942455,-1.340770,0.331390,0.451460,243.526394,1.261846,-1.331198,0.623669,0.346135,1.178345,-0.996561,-1.116875,0.669534,0.193552,0.578820,0.643707,1.807532,1.286813,-0.995460,0.291430
-0.377827,0.522696,0.849944,0.892134,0.568816,0.277710,-1.075504,0.271762,0.733746,0.323437,0.521861,0.423792,0.771167,1.390948,0.346842,0.446333,0.930729,1.185358,-1.020987,0.999414,2.001293,-1.745798,-0.781815,0.824569,-0.617206,-1.981369,0.716903,0.744700,0.255712,-0.691627,0.946354,0.325771,296.604350,1.135515,-1.204887,0.579735,0.365812,1.543951,-0.946976,-0.749197,0.386384,0.346793,0.430987,0.141359,2.294461,0.903851,-0.463362,0.727562
-0.152950,0.598802,0.819678,0.054100,0.386921,0.325243,-0.998830,0.154289,0.602997,0.019906,0.148530,0.440959,0.664708,0.180407,0.187023,0.172664,0.050356,1.185358,-0.930535,0.728460,0.411585,-1.224649,-0.799900,0.272359,0.315223,-0.064340,0.716903,0.441313,-0.176093,-0.561266,0.210017,0.362416,284.763023,1.084645,-1.319383,0.066209,0.108533,1.151734,-0.342078,0.410089,0.136907,0.002450,0.462745,0.241933,-0.028233,0.617501,0.075900,-0.113597
0.315396,0.508864,0.603512,0.195551,0.393858,0.317756,-1.269399,0.329405,0.383152,0.057696,0.165244,0.366956,0.642574,0.551289,0.190340,0.120390,0.126807,0.445380,-1.167169,0.935940,0.486300,-0.372478,-0.820018,0.365354,-0.182487,-0.434749,0.813770,0.199823,-0.231584,-0.566316,0.380112,0.334437,258.615342,1.280353,-1.312072,0.199230,0.205284,1.351641,-0.582772,-0.320292,0.444082,0.056648,0.321108,0.189577,0.431391,0.726622,-0.307462,0.065904
0.350234,0.437377,0.479774,0.314702,0.212343,0.262227,-1.171532,0.297712,0.410446,0.168821,0.228796,0.160287,0.504856,0.574901,0.071287,0.185955,0.426504,0.285444,-1.133683,0.935940,0.613077,-0.434617,-0.747330,0.553301,-0.182487,-0.417174,0.545055,0.191642,-0.252222,-0.717745,0.387095,0.293484,195.113580,1.203960,-1.305173,0.188753,0.155893,0.942114,-0.586301,-0.320292,0.453325,0.119605,0.287612,0.216429,1.576158,0.605063,-0.419934,-0.024725
0.379639,0.913284,0.473536,0.017395,0.312629,0.084886,-0.906772,0.086205,-0.158139,0.018399,0.029692,0.128610,0.326465,0.167516,0.068967,0.041294,0.016053,0.283528,-0.880303,0.650187,0.422128,-0.190687,-0.680166,-0.044623,0.376985,0.060976,0.521926,0.072344,-0.270007,-0.360777,0.198692,0.120962,152.562495,1.005781,-1.279825,0.012570,0.031217,0.891228,-0.323460,0.855624,0.021923,0.001497,0.312591,0.027320,-0.075808,0.551151,-0.013043,-0.300998
0.641021,0.879448,1.288736,0.022433,0.335490,0.127469,-1.248314,0.140486,-0.124057,0.014244,0.034003,0.219465,0.447903,0.170921,0.154359,0.034471,0.017706,0.504739,-1.224331,0.682174,0.422128,-0.147670,-0.748841,-0.054471,0.281495,0.094510,0.602072,0.075575,-0.422207,-0.417651,0.217314,0.164363,397.413955,1.255864,-1.044189,0.040787,0.021527,1.656991,-0.330414,0.815416,0.055861,0.002880,0.389776,0.093820,-0.075808,0.812517,-0.016020,-0.337359
-0.152299,0.793170,1.613351,0.424107,0.546082,0.292672,-1.294673,0.424066,0.191836,0.111274,0.186741,0.259048,0.872119,1.020205,0.326181,0.222335,0.368722,0.504739,-1.212803,0.952516,0.828153,-0.230126,-0.933776,0.347374,-0.864271,-0.515246,0.647042,0.210182,-0.792036,-0.820589,0.302937,0.423004,620.073949,1.238361,-1.195587,0.180971,0.190003,1.817086,-0.651232,-1.132281,0.675972,0.159024,0.709085,0.232466,1.384149,1.005190,-0.983174,0.133651
-0.152299,0.766231,0.506166,0.605396,0.564120,0.326875,-1.347828,0.289473,1.202482,0.166035,0.329440,0.253195,0.872119,1.020205,0.295802,0.302962,0.473780,0.550897,-1.250902,0.952516,0.781347,-0.439381,-1.046509,0.941141,-0.864271,-0.487817,0.835328,0.267859,-0.792036,-0.820589,0.293997,0.451413,213.342005,1.328865,-1.144810,0.612114,0.314399,0.987500,-0.887394,-1.405876,0.670900,0.183220,0.582313,0.723912,1.384149,0.824513,-1.006075,0.293386
-0.241100,0.178105,0.515318,0.585500,0.544984,0.227091,-1.279034,0.178342,1.347402,0.290494,0.363057,0.339269,0.762781,0.722063,0.368256,0.331021,0.790629,1.129425,-1.206619,0.752935,1.392570,-0.741210,-0.956518,0.871332,-0.473630,-1.059318,0.835328,0.284146,0.828663,-0.830213,1.212986,0.279847,161.942122,1.267201,-1.212601,0.485916,0.295164,1.035184,-0.749136,-0.513057,0.227186,0.208840,0.387611,0.143226,3.038419,1.282774,-0.535962,0.463025
0.158735,0.382032,1.639463,0.038876,0.440298,0.256567,-0.925451,0.222954,1.142819,0.016774,0.136616,0.456743,0.609469,0.184025,0.178179,0.076603,0.025130,0.524559,-0.853773,0.663931,0.417250,-0.234728,-0.714057,0.000958,0.314789,-0.235691,0.783528,0.150135,-0.368514,-0.621042,0.206862,0.197924,516.294122,0.989680,-1.236328,0.054199,0.052453,1.646940,-0.327028,-0.049739,0.343797,0.004170,0.418215,0.430120,-0.009758,0.736030,0.320189,-0.248469
-1.180014,0.610135,1.424979,0.505576,0.537490,0.194204,-1.152657,0.712308,0.374026,0.154542,0.278546,0.287793,0.806128,0.811277,0.389505,0.289164,0.516515,0.386076,-1.078128,0.934490,1.521517,-0.469973,-0.913785,0.149483,-1.557616,-0.694896,0.783528,0.330421,-0.947520,-1.390780,0.213097,0.161612,584.048766,1.187652,-1.296270,0.141263,0.206141,1.588482,-0.934663,-0.811058,0.484330,0.157199,0.711941,0.399513,2.529466,1.310042,-0.868884,0.136000
-1.180014,0.647725,0.479388,0.566279,0.547834,0.314019,-1.183334,0.645584,1.002293,0.185887,0.468851,0.460507,0.806128,0.811277,0.358150,0.313594,0.521695,0.839070,-1.077539,1.056807,1.521517,-0.812117,-1.082637,0.741023,-1.557616,-0.694896,0.702997,0.328276,-0.947520,-1.091824,0.427593,0.293336,199.906183,1.180337,-1.246432,0.587273,0.244111,0.882745,-1.035042,-1.149930,0.627183,0.173708,0.553685,0.729381,2.529466,1.310042,-0.868884,0.136000
-0.361888,0.438968,0.495156,0.527346,0.597327,0.186113,-1.142218,0.268348,1.002293,0.336570,0.419402,0.403875,0.772699,0.701893,0.328989,0.409789,0.673849,0.977054,-1.012286,1.060443,1.190835,-1.216451,-0.817385,0.741023,-0.618826,-1.700086,0.753131,0.342031,0.552012,-1.020948,1.658632,0.307701,171.217417,1.145023,-1.140842,0.593265,0.372010,0.919468,-0.866277,-0.767855,0.374247,0.271339,0.600128,0.131429,2.565166,1.594985,-0.351547,0.869791
-0.287367,0.531177,1.433577,0.075670,0.487111,0.171627,-1.027282,0.272737,0.902801,0.039190,0.277637,0.516219,0.771708,0.272848,0.265636,0.196415,0.161326,0.661280,-0.961664,0.670437,0.489892,-0.411727,-0.645589,0.060657,0.296247,-0.045561,0.828968,0.204579,-0.313825,-0.788095,0.205085,0.376022,477.477280,1.130900,-1.133794,0.083203,0.112479,1.647306,-0.327743,0.208148,0.273461,0.017710,0.552080,0.403787,0.462865,0.771265,0.263409,-0.257319
-0.934868,0.695347,1.200194,0.524578,0.563138,0.296379,-1.267555,0.567950,0.337213,0.196926,0.297754,0.326648,0.904683,0.988416,0.433973,0.247179,0.450692,0.398277,-1.216236,0.954291,2.349626,-0.339473,-0.950985,0.499814,-1.731077,-0.729517,0.909973,0.317394,-0.687949,-1.046774,0.345746,0.437967,507.225916,1.276566,-1.208561,0.164172,0.244675,1.671248,-0.844836,-0.942415,0.586975,0.178658,0.602161,0.298835,2.000179,1.452075,-1.096353,0.320492
-0.934868,0.761474,0.493912,0.533827,0.565006,0.364065,-1.354478,0.547832,1.182323,0.229054,0.544474,0.340867,0.904683,0.988416,0.444868,0.316825,0.580995,0.819431,-1.280771,1.134625,2.349626,-0.741324,-1.050425,1.336031,-1.731077,-0.729517,0.946079,0.286985,-0.687949,-1.046774,0.345746,0.451262,206.891488,1.357492,-1.283692,0.607927,0.322209,0.942252,-0.903273,-1.317035,0.679075,0.207591,0.563248,0.662278,2.000179,1.452075,-1.096353,0.616699
-0.447337,0.378924,0.514581,0.478485,0.596496,0.283713,-1.245713,0.281850,1.182323,0.369700,0.490096,0.412228,0.810238,0.805685,0.292177,0.360230,0.480203,0.984697,-1.193340,1.006395,1.248211,-1.144106,-1.061004,1.158753,-0.091009,-0.881365,0.928741,0.399259,0.522439,-1.196966,1.360460,0.414913,167.490751,1.258007,-1.313066,0.570491,0.452339,0.816798,-0.831659,-0.823826,0.374271,0.282479,0.327081,0.196247,1.665223,1.291594,-0.620219,1.155113
0.015846,0.531642,1.301084,0.064961,0.435405,0.141436,-1.118772,0.245615,0.851437,0.021829,0.195663,0.333275,0.601058,0.183453,0.245992,0.105559,0.042286,0.406520,-1.070593,0.675442,0.408168,-0.436804,-0.782392,0.027655,0.248867,-0.399762,0.846205,0.243726,-0.299605,-0.700145,0.205054,0.366849,396.933263,1.189794,-1.195000,0.070865,0.082960,1.599773,-0.328144,0.079592,0.347626,0.005467,0.487442,0.401279,-0.027087,0.623351,0.174899,-0.131055
-1.016374,0.750042,1.378434,0.315262,0.553044,0.192497,-1.240264,0.611690,0.203324,0.195323,0.318275,0.260708,0.833238,1.167605,0.495592,0.365074,0.453368,0.505025,-1.138483,1.036863,1.463052,-3.185389,-1.262218,-0.196683,-1.078344,-4.634137,1.029540,0.334177,-0.712871,-1.173699,0.389886,0.322884,518.440902,1.276558,-1.269956,0.184125,0.681256,1.918590,-0.855252,-1.060821,0.632474,0.206112,0.726325,0.263467,1.690414,1.274005,-4.042797,0.371830
-1.016374,0.740291,0.488371,0.389584,0.616288,0.286751,-1.302303,0.554215,0.998425,0.292950,0.526467,0.559989,0.833238,1.167605,0.454962,0.398234,0.484331,1.690807,-1.175796,1.070948,1.672021,-3.185389,-1.257702,0.488125,-1.078344,-4.634137,1.029540,0.377827,-0.712871,-1.173699,0.389886,0.305220,207.308205,1.301099,-1.218359,0.661388,0.735553,0.798156,-1.010500,-1.325138,0.751362,0.258204,0.573411,0.630661,1.690414,1.274005,-4.042797,0.796460
-0.483834,0.475882,0.615794,0.304959,0.601824,0.190175,-1.136201,0.257287,0.998425,0.381808,0.559242,0.261478,0.770491,0.691056,0.300892,0.358422,0.534256,0.952151,-0.978109,0.988677,1.672021,-1.220249,-0.861785,0.488125,-0.226318,-0.875136,0.834033,0.459360,0.218103,-0.790140,1.256909,0.214327,204.605504,1.075314,-1.195680,0.591464,0.388866,1.220804,-0.897276,-0.564234,0.306590,0.299544,0.499213,0.203941,2.062580,0.974350,-0.513072,0.796460
-0.018616,0.665845,1.464763,0.026958,0.442150,0.269226,-1.039234,0.206307,0.744721,0.021453,0.203807,0.223486,0.608081,0.180776,0.166754,0.122246,0.031076,0.893070,-0.989362,0.742940,0.569841,-0.479989,-0.764505,0.165926,0.321584,-0.142754,0.769837,0.188471,-0.448579,-0.855002,0.206165,0.386357,503.753387,1.119436,-1.024479,0.063995,0.066670,1.420609,-0.334061,0.301319,0.251874,0.004244,0.569553,0.366190,0.082383,0.791399,0.287592,-0.271511
-0.712392,0.754909,1.265977,0.585283,0.543012,0.426179,-1.067526,0.491858,0.312274,0.154568,0.264415,0.395573,0.862938,1.059592,0.371253,0.297085,0.348814,1.007373,-0.933438,0.833928,0.718604,-0.728247,-1.288210,-0.247896,-0.597968,-0.591021,0.987766,0.205544,-0.680397,-0.957293,0.321935,0.502945,523.003611,1.017102,-1.233860,0.165016,0.186868,1.561046,-0.736086,-1.147301,0.665565,0.172018,0.390175,0.233753,1.821422,1.278924,-1.128667,0.150617
-0.712392,0.752623,0.491108,0.618383,0.603849,0.393373,-1.406669,0.417085,1.175697,0.296123,0.361579,0.460367,0.862938,1.059592,0.390280,0.367692,0.417550,1.064758,-1.270878,1.138597,1.355316,-1.615002,-1.272976,0.480677,-0.597968,-0.591021,0.987766,0.263801,-0.680397,-0.957293,0.321935,0.507985,213.515063,1.356934,-1.207178,0.652833,0.436763,0.987993,-0.966954,-1.418151,0.769110,0.304962,0.433512,0.674623,1.821422,1.026300,-1.128667,1.084604
-0.257239,0.321962,0.597029,0.316393,0.640286,0.281513,-1.468371,0.274239,1.106302,0.419286,0.428419,0.498286,1.092811,1.883578,0.367721,0.385452,0.538858,1.208993,-1.374691,1.138597,1.699732,-1.615002,-1.039407,0.480677,0.265164,-2.465825,0.609470,0.690959,0.523081,-0.950233,1.899619,0.511144,216.535751,1.417404,-1.243851,0.581089,0.495271,1.195818,-0.961080,-0.293920,0.375013,0.383941,0.643051,0.154922,2.319587,1.053819,-0.748575,1.084604
0.497754,0.431367,1.494026,0.065445,0.404842,0.385386,-0.883842,0.102796,1.002808,0.027357,0.156745,0.321397,0.594560,0.182208,0.276852,0.131345,0.044657,1.113675,-0.775154,0.686814,0.574793,-0.501036,-0.718839,0.014668,0.281736,-0.027726,0.933117,0.207395,-0.692522,-0.706922,0.210692,0.812087,490.234698,0.969994,-1.141050,0.061254,0.063887,1.748706,-0.327464,-0.293920,0.412591,0.004507,0.419840,0.494694,-0.042794,1.015114,0.247274,-0.230212
-0.853261,0.635450,1.301930,0.317642,0.511921,0.457336,-1.215248,0.652214,-0.064097,0.172896,0.193590,0.408578,0.890234,1.060054,0.444525,0.302321,0.378799,0.956266,-1.048035,0.957434,0.852354,-0.578379,-0.984673,-0.153197,-0.958195,-0.815288,0.933117,0.231291,-1.065727,-1.113620,0.325367,0.536615,527.500656,1.235286,-1.253137,0.168645,0.217259,1.908761,-0.804224,-0.952803,0.559657,0.172732,0.742055,0.316674,1.900797,1.699194,-0.968855,0.141809
-0.853261,0.652752,0.486336,0.288039,0.521357,0.518620,-1.178598,0.491881,0.975321,0.216144,0.395451,0.505243,0.890234,1.060054,0.398284,0.262263,0.338539,1.122553,-1.121635,1.000332,1.485651,-1.198484,-1.113790,0.677616,-0.958195,-0.772220,0.773616,0.312383,-1.065727,-1.113620,0.325367,0.279653,209.011675,1.200653,-0.910135,0.551964,0.276815,0.782309,-0.944017,-1.115915,0.624635,0.191085,0.671543,0.720224,1.900797,0.902044,-0.968855,0.145440
-0.510713,0.540795,0.573929,0.299693,0.514740,0.237662,-1.139721,0.271886,0.941410,0.301485,0.283278,0.299102,0.777879,1.429542,0.277844,0.353522,0.418897,1.120597,-1.035598,0.913356,1.502236,-1.070832,-1.012237,0.677616,-0.234748,-0.439967,0.711157,0.326470,0.378208,-0.800007,1.174457,0.228391,185.653630,1.177691,-1.299739,0.462149,0.272077,1.218080,-0.796927,-0.191394,0.223400,0.256085,0.360936,0.121455,1.384886,1.187431,-0.570796,0.425024
0.063882,0.725437,1.994110,0.035767,0.437472,0.274994,-0.883861,0.199823,0.788027,0.018916,0.117965,0.240316,0.560355,0.188925,0.171120,0.119209,0.039783,0.538627,-0.794325,0.715042,0.472999,-0.587793,-0.622289,0.035044,0.266895,-0.152715,0.709385,0.267766,-0.437461,-0.702551,0.216200,0.245198,598.431664,0.972406,-1.213905,0.042696,0.061265,1.555348,-0.335190,0.397403,0.240245,0.005553,0.418328,0.371455,0.016460,0.675817,0.244408,-0.269183
-1.031363,0.758767,1.770590,0.381342,0.530082,0.328953,-1.108214,0.575999,0.032446,0.168504,0.187663,0.303995,0.858101,0.892019,0.403062,0.265429,0.264458,0.621761,-1.012346,0.934504,0.849804,-0.628367,-0.909894,-0.185475,-0.370360,-0.569927,0.830671,0.257168,-0.834652,-1.202124,0.330168,0.448731,683.149903,1.160274,-1.324791,0.150025,0.214562,1.641987,-0.729517,-0.810585,0.591350,0.150324,0.817351,0.255215,0.833793,0.968357,-0.978210,0.221999
-1.031363,0.592417,0.474890,0.420157,0.521792,0.362521,-1.206267,0.516854,0.989174,0.223578,0.381933,0.377737,0.858101,0.892019,0.385832,0.227498,0.235018,1.144724,-1.065486,0.972703,1.632184,-1.214474,-1.149629,0.960422,-0.370360,-0.569927,0.830671,0.300806,-0.834652,-1.202124,0.330168,0.363190,196.792024,1.209203,-1.154660,0.555089,0.264417,0.748938,-0.949852,-0.936949,0.583537,0.163832,0.468638,0.678383,0.833793,0.815371,-0.978210,0.221999
-0.386227,0.477384,0.562599,0.491462,0.550860,0.314047,-1.159999,0.264038,1.125145,0.350067,0.528590,0.542377,0.839365,1.108210,0.407922,0.335822,0.690912,1.579955,-1.032612,1.098922,1.632184,-1.386149,-0.978733,1.048823,0.119785,-0.864624,0.742527,0.336061,0.547172,-0.986145,1.190141,0.420303,199.691131,1.122741,-1.274099,0.527475,0.347281,1.049282,-0.814903,-0.466929,0.328031,0.319931,0.433931,0.149923,1.550142,1.047043,-0.735873,0.653743
0.055772,0.681968,1.824267,0.035693,0.451193,0.266832,-1.054336,0.213502,1.073652,0.020849,0.283867,0.599725,0.608739,0.177377,0.184213,0.167097,0.051243,1.318456,-0.998754,0.689193,0.404772,-0.378167,-0.671698,0.069505,0.269973,-0.104248,0.780252,0.220933,-0.413461,-0.690701,0.208730,0.340296,593.938457,1.155339,-1.328248,0.059803,0.070591,1.687544,-0.327865,0.295669,0.300730,0.003500,0.400713,0.429709,0.012745,0.758036,0.240207,-0.295170
-1.155868,0.754258,1.631099,0.251955,0.557639,0.330923,-1.113600,0.656556,0.204590,0.180569,0.259780,0.413661,0.848881,0.950322,0.379786,0.204427,0.270724,0.963235,-1.058666,1.014738,1.128828,-0.531640,-0.832112,0.193230,-0.472963,-0.595022,0.780252,0.297497,-0.730523,-0.982000,0.365553,0.569989,651.086807,1.187402,-1.292021,0.175627,0.251454,1.815797,-0.882171,-0.817535,0.620460,0.168504,0.501513,0.264810,1.131525,1.278160,-0.956263,0.275357
-1.155868,0.629896,0.474329,0.347148,0.580134,0.302490,-1.193212,0.585729,1.044420,0.208154,0.423209,0.384287,0.848881,0.950322,0.382284,0.241574,0.339480,0.748382,-1.170166,1.109925,1.128828,-0.850387,-0.997335,0.952977,-0.472963,-0.595022,0.831299,0.338647,-0.730523,-0.982000,0.365553,0.409311,195.627145,1.233557,-1.287795,0.617709,0.329604,0.905686,-0.990895,-1.060252,0.604620,0.189597,0.502979,0.654258,1.131525,1.268821,-0.956263,0.455372
-0.507895,0.420469,0.725227,0.434961,0.617953,0.229094,-1.231141,0.279464,1.044420,0.359747,0.711345,0.364080,0.922174,1.988529,0.375745,0.540483,0.613488,1.362981,-1.146601,1.157817,1.604274,-1.822984,-1.188516,0.952977,-0.678203,-2.068885,0.790303,0.691068,0.415076,-0.712490,1.494652,0.319496,218.718675,1.234494,-1.508330,0.593253,0.431473,1.376556,-0.842220,-0.597013,0.361958,0.363737,0.707621,0.147852,1.764783,1.222800,-0.586906,0.947375
-0.080799,0.463630,1.955465,0.055604,0.467697,0.297249,-1.086708,0.210719,0.956897,0.038752,0.438066,0.594001,0.758878,0.173721,0.267385,0.255418,0.062338,0.689681,-0.998487,1.157817,0.417040,-0.338843,-0.772824,0.414121,0.261588,-0.516487,0.697249,0.453677,-0.667428,-0.792009,0.205841,0.381893,579.843472,1.133240,-1.283423,0.082748,0.144921,1.713151,-0.331895,0.133888,0.290285,0.007442,0.716818,0.479264,0.139927,0.641312,0.058279,-0.161454
-1.522264,0.668005,1.504722,0.394061,0.574370,0.269400,-1.102981,0.685807,0.209107,0.173085,0.252266,0.563460,1.044875,0.718346,0.479151,0.296614,0.446225,0.731217,-1.036918,0.989538,1.768627,-0.723248,-0.904940,0.091344,-1.237231,-0.876691,0.697249,0.258091,-0.972212,-1.010618,0.213932,0.333204,572.238303,1.171570,-1.293886,0.161010,0.258410,1.894326,-0.600533,-1.127463,0.571415,0.121356,0.882313,0.345512,1.863779,1.242589,-1.332264,0.355182
-1.522264,0.828366,0.495330,0.478364,0.620263,0.314870,-1.201643,0.697276,0.966298,0.186791,0.363716,0.647241,1.044875,0.718346,0.533272,0.349052,0.519952,1.251391,-1.146975,1.227439,1.768627,-0.723248,-0.938001,0.967488,-1.237231,-0.876691,1.014749,0.306817,-0.972212,-1.010618,0.273515,0.391477,201.787830,1.250461,-1.279257,0.666584,0.300918,0.955770,-1.089529,-1.576477,0.745023,0.146938,0.850097,0.733550,1.863779,1.242589,-1.332264,0.355182
-0.709440,0.409771,0.531964,0.466296,0.692560,0.315927,-1.293095,0.315532,0.983802,0.401715,0.593818,0.450584,0.927013,1.896431,0.396175,0.525098,0.595288,1.203389,-1.117346,1.243418,1.620240,-1.702581,-0.910124,0.828680,-0.670815,-1.611464,0.923804,0.634623,0.595699,-0.999357,2.292686,0.565913,184.654910,1.274462,-1.258530,0.690866,0.513410,1.100330,-0.988483,-0.853992,0.408467,0.396762,0.515140,0.117874,2.805448,1.515350,-0.652704,1.455981
-0.045074,0.451713,1.629553,0.047772,0.487388,0.219236,-1.216640,0.229007,0.913062,0.030804,0.408389,0.436049,0.800202,0.177190,0.188778,0.207475,0.037854,0.477954,-1.200765,1.068967,0.473627,-0.687415,-0.687188,0.425124,0.278136,-0.331790,0.763068,0.335327,-0.424525,-0.839915,0.201413,0.298417,546.594087,1.269989,-1.294155,0.085911,0.135941,1.041024,-0.326720,0.067052,0.280806,0.002947,0.341688,0.411966,0.033358,0.699156,0.194673,-0.255970
-0.783622,0.617523,1.220166,0.263431,0.561133,0.408061,-1.173161,0.531123,0.227294,0.163338,0.314622,0.352611,0.844203,1.034208,0.425328,0.137069,0.279374,0.434883,-1.083872,1.036695,1.335641,-0.354806,-0.873865,0.829651,-0.565578,-0.678561,0.763068,0.287075,-0.838714,-0.839915,0.382009,0.408282,508.424670,1.142627,-1.375655,0.157113,0.223206,1.664809,-0.748715,-0.868282,0.538850,0.171557,0.675266,0.312482,0.834334,1.427811,-0.978143,0.149167
-0.783622,0.638037,0.474122,0.583253,0.538452,0.199677,-1.359730,0.466918,0.788935,0.174842,0.479137,0.341638,0.844203,1.034208,0.436663,0.358312,0.547793,0.430036,-1.215100,1.177295,1.335641,-0.507955,-0.854028,1.772007,-0.588886,-0.678561,0.682478,0.363827,-0.838714,-0.779068,0.382009,0.493179,201.632183,1.353333,-1.155637,0.577463,0.274055,0.962170,-0.895538,-1.166586,0.548014,0.184985,0.668964,0.616274,0.834334,1.427811,-0.978143,0.229660
-0.352975,0.431983,0.487362,0.430962,0.561342,0.144978,-1.282285,0.217072,0.922926,0.324931,0.421003,0.280000,0.740866,0.749268,0.327337,0.319848,0.480267,0.485457,-1.116574,1.074192,1.144843,-1.246304,-1.007999,1.387296,0.032021,-1.233730,0.706222,0.515448,0.448840,-0.830211,1.257068,0.436434,172.187647,1.286414,-1.073407,0.541373,0.392333,0.929583,-0.770761,-0.668989,0.370936,0.266327,0.437411,0.134358,1.075582,1.230062,-0.622235,0.834899
-0.145962,0.642987,1.294337,0.085375,0.454136,0.105331,-1.048196,0.211470,0.751673,0.045406,0.210401,0.389094,0.712848,0.176486,0.251483,0.144577,0.078022,0.328770,-1.052548,0.753699,0.360229,-0.289508,-0.899329,0.165624,0.129470,-0.056722,0.856033,0.287959,-0.291242,-0.701516,0.207566,0.720335,434.133977,1.167332,-1.101823,0.082883,0.106579,1.738906,-0.342259,0.278392,0.294431,0.006968,0.548064,0.355458,0.244612,1.009086,0.187042,-0.258783
-1.048415,0.795102,1.110244,0.434996,0.543079,0.120520,-1.048708,0.587419,0.314450,0.188713,0.388467,0.399039,0.903017,1.170643,0.413956,0.402337,0.537286,0.446968,-0.958889,1.148248,1.208972,-0.547997,-1.264735,-0.078997,-1.591960,-0.690680,0.956006,0.254259,-0.561315,-1.299253,0.358466,0.738711,454.172616,1.092072,-1.111950,0.200473,0.285149,1.682688,-0.946051,-1.133969,0.703422,0.214868,0.520678,0.235135,1.876595,1.505240,-1.050152,0.352064
-1.048415,0.743641,0.503714,0.525657,0.612226,0.258734,-1.239835,0.558281,0.906834,0.307091,0.549661,0.513738,0.903017,1.170643,0.407119,0.433756,0.564525,1.144860,-1.115693,1.185409,1.654420,-0.915484,-1.298598,0.611768,-1.591960,-0.690680,0.956006,0.322696,-0.561315,-1.299253,0.360149,0.764661,219.874195,1.247295,-1.112106,0.662131,0.455805,0.951710,-1.046178,-1.297069,0.761934,0.301853,0.545564,0.539043,1.876595,1.505240,-1.050152,0.909888
-0.602419,0.476942,0.549684,0.496524,0.628193,0.221178,-1.108296,0.292012,0.945583,0.395613,0.477864,0.355182,0.814816,1.273682,0.375681,0.479022,0.512513,0.924344,-0.993769,1.185409,1.654420,-1.260155,-0.802558,0.611768,-0.488809,-0.907820,0.874849,0.666417,0.441142,-0.726182,1.358853,0.292739,190.206469,1.133192,-1.201219,0.614193,0.419157,1.030051,-0.950041,-0.596781,0.332391,0.358040,0.566996,0.147989,1.229530,1.150509,-0.557195,0.909888
-0.023036,0.603616,1.435330,0.043441,0.471978,0.307652,-1.104173,0.264105,0.875211,0.019302,0.123013,0.376693,0.686483,0.188048,0.260592,0.078367,0.034467,0.568393,-1.048467,0.857436,0.390746,-0.600971,-0.723008,0.179103,0.321484,-0.295669,0.874849,0.286440,-0.506940,-0.666553,0.218935,0.245243,459.407757,1.193401,-1.212637,0.062039,0.048492,1.876790,-0.335992,0.262482,0.232008,0.006269,0.514907,0.450716,-0.045920,0.809678,0.175289,-0.275892
-0.363641,0.742337,0.972567,0.592566,0.514475,0.304348,-1.204706,0.468301,0.523375,0.149928,0.253032,0.349497,0.924509,1.124370,0.367423,0.194242,0.441155,0.290533,-1.154753,1.171940,0.760727,-0.349570,-0.790800,1.008287,-0.518323,-0.737718,0.782362,0.262959,-0.730976,-0.869431,0.381851,0.468371,397.734119,1.240658,-1.253720,0.355888,0.257716,1.768931,-0.856584,-1.089074,0.780919,0.172625,0.624453,0.371916,0.901556,1.069086,-0.943657,0.160170
-0.629784,0.609230,0.470330,0.441377,0.479465,0.218842,-1.160515,0.302471,0.779144,0.328671,0.439033,0.195388,0.704166,0.881689,0.211029,0.319453,0.380870,0.690116,-1.145008,1.092012,1.733939,-1.174631,-0.698348,1.008287,-0.330273,-0.450467,0.599394,0.499528,0.430520,-0.724125,1.416614,0.308614,199.706776,1.211856,-1.070452,0.496985,0.282396,0.920547,-0.861463,-1.054757,0.636300,0.237484,0.479093,0.100352,0.942088,1.047597,-0.554042,0.436185
0.088936,0.812175,0.609069,0.026407,0.317702,0.232541,-0.949035,0.079866,0.449524,0.011645,0.083283,0.211349,0.366376,0.168383,0.130749,0.039293,0.012690,0.548511,-0.904483,0.649680,0.390586,-0.281047,-0.765080,-0.047115,0.328216,0.054253,0.560134,0.113018,-0.298009,-0.576399,0.201829,0.218117,215.820338,1.063271,-1.132752,0.020599,0.043971,1.282150,-0.322392,0.531932,0.162756,0.001219,0.460403,0.218059,-0.017114,0.705753,0.123781,-0.248927
0.481051,1.042168,0.523416,0.035737,0.284316,0.144695,-1.085494,0.081155,-0.369012,0.008937,0.053871,0.198221,0.314428,0.170781,0.070740,0.063329,0.027213,0.527054,-1.035763,0.658920,0.401824,-0.121954,-0.812504,-0.169985,0.324509,-0.010779,0.705995,0.144334,-0.535899,-0.529178,0.212454,0.089063,185.303115,1.183037,-1.323692,0.017259,0.035395,0.936302,-0.324583,1.005511,0.018949,0.002308,0.159826,0.045054,-0.048956,0.811415,-0.022048,-0.339686
0.245735,0.828012,0.915943,0.752805,0.443662,0.354574,-1.150121,0.218397,0.476153,0.087036,0.137691,0.240784,0.797557,0.982700,0.113507,0.226466,0.393154,0.754461,-1.114777,0.916312,0.696064,-0.787440,-1.167336,-0.169985,0.113029,-0.470053,0.734499,0.228001,-0.638481,-0.744450,0.264155,0.577810,375.073220,1.220327,-1.322901,0.172416,0.195476,1.732618,-0.379784,-1.186362,0.711935,0.126326,0.390916,0.260564,1.326358,0.831018,-0.662366,0.098144
0.245735,0.876500,0.916059,0.730683,0.409976,0.215906,-1.168086,0.260018,0.969105,0.099239,0.236658,0.132402,0.797557,0.982700,0.184765,0.318725,0.535613,0.754461,-1.093206,0.989927,1.258753,-0.858008,-1.290565,0.100255,0.113029,-0.470053,0.734499,0.248927,-0.638481,-0.744450,0.264155,0.562168,376.951039,1.222303,-1.279302,0.234413,0.197471,1.734001,-0.680595,-1.423257,0.942481,0.129501,0.334944,0.533427,1.326358,0.846411,-0.707515,0.098144
0.245735,0.944525,0.473413,0.806818,0.402225,0.099641,-1.197512,0.270717,1.326960,0.104325,0.336326,0.219492,0.797557,0.982700,0.226840,0.322153,0.579568,0.810704,-1.098315,0.989927,1.591378,-0.858008,-1.418205,0.758788,0.113029,-0.470053,0.734499,0.292402,-0.533762,-0.744450,0.264155,0.434240,162.767403,1.236880,-1.122909,0.413345,0.216949,0.953466,-0.768266,-1.424323,0.687316,0.148815,0.414271,0.640024,1.326358,0.909241,-0.707515,0.098144
0.146073,0.961496,0.478022,0.881367,0.359923,0.172936,-1.252103,0.147279,1.326960,0.094805,0.248075,0.284701,0.772027,0.982700,0.226519,0.219557,0.563201,1.015934,-1.121446,0.989927,1.591378,-1.067630,-1.512356,0.975967,0.113029,-0.384606,0.734499,0.315985,-0.183521,-0.744450,0.259060,0.536207,159.033994,1.260366,-1.354041,0.402752,0.144442,0.951062,-0.768266,-1.424323,0.544339,0.149761,0.411805,0.428405,1.326358,1.450844,-0.707515,0.093466
-0.208068,0.467289,0.653078,0.098140,0.367405,0.316010,-0.989606,0.139853,0.778095,0.073092,0.208173,0.371357,0.597083,0.299116,0.300209,0.188640,0.252988,0.834960,-0.919910,0.888999,0.685190,-0.547606,-0.724689,0.166900,-0.002428,-0.876397,0.666455,0.207570,0.048933,-0.506327,0.246085,0.291168,298.319811,1.076093,-1.106290,0.079878,0.079996,1.341057,-0.367163,0.218309,0.187913,0.024026,0.616326,0.242499,1.202277,0.505228,-0.006138,0.049505
0.500176,1.001696,0.510326,0.009767,0.272490,0.055819,-0.823762,0.021986,-0.222911,0.007700,0.015068,0.123521,0.284809,0.165230,0.040756,0.007733,0.005541,0.113845,-0.792738,0.646220,0.387151,-0.163847,-0.802904,-0.181151,0.370045,0.089951,0.438953,0.030260,-0.383922,-0.445833,0.198854,0.337991,177.175548,0.927099,-1.376229,0.009252,0.023221,1.060317,-0.316520,0.906305,0.043530,0.000852,0.321417,0.046034,-0.129528,0.566579,0.002000,-0.351213
0.515660,1.051075,0.482145,0.003445,0.274079,0.020706,-1.057014,0.022901,-0.289821,0.003474,0.011539,0.046603,0.279605,0.166818,0.014594,0.006899,0.003447,0.159141,-0.955267,0.640642,0.389010,-0.108819,-0.723771,-0.181005,0.359446,0.092088,0.364912,0.011796,-0.378237,-0.366762,0.199961,0.055204,166.070243,1.125885,-1.321357,0.003465,0.007193,0.884303,-0.319339,1.023742,0.014638,0.000957,0.120747,0.021583,-0.125388,0.378273,-0.062818,-0.395467
0.621244,0.815617,0.889089,0.381420,0.409442,0.195703,-1.398741,0.255328,1.003338,0.127917,0.268824,0.290615,0.799032,1.086480,0.153696,0.147975,0.318490,0.783281,-1.265066,0.843475,0.936127,-0.606232,-1.099388,0.561871,-0.149367,-0.843662,0.585241,0.164663,-0.339279,-0.627950,0.599668,0.187961,339.676281,1.312880,-1.292709,0.216260,0.224799,1.735399,-0.599785,-1.081359,0.750449,0.153594,0.471607,0.429252,1.386296,0.727144,-0.704046,0.196544
0.072024,0.578725,0.863947,0.440698,0.466549,0.177533,-1.189944,0.412992,1.503405,0.237043,0.352511,0.315677,0.799032,1.086480,0.256881,0.215358,0.376071,0.816841,-1.130583,0.879985,1.228211,-0.606232,-1.159961,0.623524,-0.149367,-0.843662,0.664332,0.231508,-0.314210,-0.627950,0.599668,0.161532,335.994012,1.190980,-1.167835,0.500594,0.300021,1.693560,-0.726140,-1.085076,0.625281,0.230815,0.487602,0.663711,1.386296,0.836364,-0.704046,0.415963
-0.249540,0.165306,0.547264,0.299348,0.523783,0.285824,-1.216603,0.264949,1.503702,0.197465,0.241097,0.313954,0.825677,0.975475,0.344145,0.178406,0.471576,0.820264,-1.149914,0.972534,1.228211,-0.524290,-1.090582,0.623524,0.149589,-0.517448,0.611804,0.386001,0.791044,-0.508835,0.492663,0.233257,188.970996,1.216679,-1.081831,0.455467,0.425735,1.116185,-0.700726,-0.487116,0.214787,0.247760,0.661872,0.194660,1.306444,0.897915,-1.003845,1.117486
0.047319,0.420131,1.242784,0.081737,0.456190,0.293381,-1.097025,0.253321,1.467919,0.033558,0.121894,0.408951,0.712161,0.195333,0.358351,0.120507,0.084308,0.292085,-1.022509,0.688614,0.409562,-0.524290,-0.750858,0.107964,0.201036,-0.517448,1.043722,0.311234,-0.409291,-0.753992,0.250857,0.478030,433.176431,1.174282,-1.214072,0.092623,0.093228,1.766481,-0.334513,-0.105370,0.409492,0.007354,0.723357,0.592996,0.306407,1.075757,0.210590,-0.166977
-1.018655,0.608697,1.221741,0.444436,0.553909,0.345440,-1.197084,0.632768,0.755779,0.192534,0.252563,0.365582,0.933512,1.018559,0.466786,0.315684,0.503405,0.210509,-1.081478,0.957792,1.546591,-0.319056,-0.935659,0.386795,-1.503390,-0.797783,1.043722,0.287911,-0.816769,-1.156615,0.290932,0.542167,525.040572,1.203598,-1.317321,0.176556,0.247911,1.761690,-0.892133,-0.748017,0.498003,0.201199,0.535750,0.429761,2.203483,1.587856,-0.984732,0.414882
-1.018655,0.642907,0.621310,0.446125,0.631265,0.332677,-1.328262,0.601599,1.111053,0.230350,0.444448,0.442783,0.933512,1.018559,0.463194,0.367336,0.598765,0.966457,-1.197194,1.039126,1.546591,-0.997199,-1.026539,1.099477,-1.503390,-0.797783,1.058313,0.297632,-0.816769,-1.156615,0.379015,0.490646,257.044097,1.304859,-1.333989,0.669390,0.315710,1.180518,-1.045684,-1.020465,0.668633,0.198493,0.595982,0.690063,2.203483,1.587856,-0.984732,0.414882
-0.211813,0.450341,0.519070,0.631799,0.696783,0.343695,-1.456865,0.253918,1.111053,0.427379,0.434790,0.387708,0.901146,1.045938,0.516856,0.312459,0.896451,1.285551,-1.197911,0.896841,0.819059,-1.269183,-1.033540,1.099477,-0.617917,-0.890226,1.058313,0.367229,0.573807,-0.916666,1.555125,0.278060,172.676796,1.323083,-1.302682,0.720992,0.492934,1.094378,-0.987908,-0.914947,0.526936,0.366054,0.375628,0.153401,3.225416,1.478156,-1.149853,0.919048
-0.211813,0.483192,1.386758,0.497368,0.558356,0.491221,-1.474937,0.372736,1.100581,0.329271,0.389819,0.766161,0.898246,1.045938,0.596962,0.292687,0.870803,1.285551,-1.372741,0.816348,0.757353,-1.269183,-0.829981,-0.050065,-0.617917,-0.890226,1.358183,0.416851,-0.619584,-0.723527,1.555125,0.509072,441.635113,1.382422,-1.350340,0.153001,0.256379,1.821526,-0.346188,0.112362,0.350016,0.184085,0.514620,0.535139,3.225416,1.478156,-1.149853,0.762850
-1.389687,0.670942,1.825109,0.667745,0.638489,0.411143,-1.386682,0.725249,0.904886,0.266952,0.319183,0.556079,1.263372,1.151008,0.718589,0.346052,0.657331,0.818944,-1.305678,0.678503,2.022435,-0.447055,-0.876627,0.021082,-1.783365,-1.231549,1.358183,0.360365,-1.157009,-1.112845,0.351498,0.766648,744.550653,1.339318,-1.343141,0.208502,0.334864,1.956419,-0.885007,-0.834970,0.520501,0.228249,0.977028,0.616883,3.148429,1.725840,-1.211579,0.777518
-1.389687,0.807835,1.135278,0.764736,0.767954,0.375833,-1.484721,0.707420,1.234901,0.288425,0.481029,0.512955,1.263372,1.151008,0.756200,0.436494,0.786944,1.146043,-1.300107,1.099151,2.022435,-0.917182,-0.991134,0.914776,-1.783365,-1.231549,1.357151,0.308584,-1.157009,-1.346075,0.525503,0.710059,477.977291,1.409665,-1.417795,0.819445,0.408594,1.580642,-1.110981,-1.335614,0.860272,0.240002,1.001739,0.852049,3.148429,1.725840,-1.211579,0.777518
-0.665261,0.497755,0.634832,0.668826,0.931533,0.451215,-1.294918,0.356609,1.298985,0.593753,0.803536,0.710290,1.239343,1.840875,0.797643,0.753822,0.914923,1.844445,-1.124306,1.540846,2.528613,-2.902510,-1.313801,0.914776,-0.380399,-4.637513,1.357151,0.846260,0.449327,-1.346075,2.594418,1.356231,207.332712,1.184510,-1.509784,0.959127,0.804679,1.436301,-1.110981,-1.322721,0.616312,0.552408,0.865472,0.229342,2.816283,1.476320,-0.973977,2.312380
-0.665261,0.343945,1.333258,0.354088,0.648475,0.527409,-1.268867,0.451627,1.298985,0.490168,0.808628,0.961698,1.239343,1.840875,0.841670,0.762450,0.795651,1.844445,-1.156588,1.320995,2.528613,-2.902510,-1.314455,0.621959,-0.258463,-4.637513,1.527049,0.879015,-0.450477,-1.354369,2.594418,1.084948,417.999206,1.209780,-1.361537,0.273684,0.409909,1.333027,-0.400171,-0.239817,0.399998,0.248575,0.889222,0.564427,2.816283,1.476320,-0.872310,0.750928
-0.982437,0.559820,1.784273,0.723534,0.625064,0.456635,-1.290227,0.597003,1.298985,0.269263,0.387721,0.729669,1.283951,1.482832,0.824318,0.459255,0.783607,1.161573,-1.210037,0.743338,2.230608,-0.583059,-1.269896,0.162767,-2.472222,-1.332976,1.527049,0.496623,-1.204074,-1.354369,0.414275,0.720678,685.819333,1.329518,-1.345975,0.220855,0.359335,1.796999,-0.936889,-0.848897,0.539364,0.295698,0.986974,0.726520,3.934658,2.021930,-1.300320,0.666828
-0.982437,0.742295,1.298390,0.751865,0.783941,0.360799,-1.362835,0.587155,1.127803,0.315314,0.467577,0.761236,1.283951,1.482832,0.767666,0.511150,0.922897,1.979868,-1.253900,1.148782,2.230608,-1.182172,-1.195199,1.223296,-2.472222,-1.332976,1.478299,0.419627,-1.204074,-1.430955,0.419216,0.655005,490.415206,1.346119,-1.384379,0.843251,0.460317,1.207872,-1.102328,-1.227837,0.822260,0.290730,0.905515,0.855487,3.934658,2.021930,-1.300320,0.666828
-0.794691,0.446815,0.530034,0.736129,0.897668,0.382158,-1.296524,0.453818,1.280222,0.699451,0.900331,0.645935,1.329922,2.448203,0.807756,0.813188,1.068256,1.934380,-1.119774,1.225615,2.722412,-2.795439,-1.078775,1.223296,-0.451287,-2.374083,1.478299,0.890497,0.508959,-1.817344,2.586675,0.750528,171.782514,1.279466,-1.338182,0.932107,0.681846,1.159464,-1.102328,-1.187333,0.565686,0.553065,0.733642,0.199361,4.434513,1.432352,-2.178056,1.553264
-0.794691,0.320792,1.069330,0.497262,0.619297,0.688868,-1.204167,0.482744,1.280222,0.539136,0.853484,0.850714,1.329922,2.448203,0.794443,0.781745,0.971467,1.139601,-1.130684,1.225615,2.722412,-2.795439,-0.970626,0.554454,-0.451287,-2.374083,1.348841,0.800642,-0.416019,-1.595568,2.586675,0.814672,341.040646,1.179751,-1.304896,0.237726,0.367299,1.462644,-0.341988,-0.120415,0.332048,0.265855,1.001804,0.534346,4.434513,1.432352,-0.848370,0.317000
-0.728865,0.502593,1.168357,0.766942,0.625994,0.458747,-1.235911,0.543943,1.132078,0.222163,0.350828,0.820115,1.221731,1.132297,0.699107,0.430153,0.798122,1.181714,-1.229043,0.708097,2.293866,-0.429319,-1.124419,0.366712,-2.747722,-0.982626,1.348841,0.503241,-1.269165,-0.935532,0.251797,0.841460,472.083429,1.231332,-1.390963,0.198153,0.316174,1.707254,-0.756182,-0.832412,0.458887,0.239270,1.089302,0.704209,4.199779,1.981423,-2.029269,0.588026
-0.728865,0.736500,0.792870,0.776894,0.746203,0.390767,-1.238695,0.545304,1.169832,0.242694,0.595211,0.802212,1.221731,1.132297,0.670219,0.591341,1.055255,1.815481,-1.190490,1.110555,2.293866,-0.987451,-1.069547,1.435707,-2.747722,-0.982626,1.444001,0.498745,-1.269165,-1.917261,0.393491,0.815440,308.273247,1.182872,-1.343085,0.801931,0.407699,1.356839,-1.064367,-1.210746,0.790030,0.236411,0.944633,0.841637,4.199779,1.981423,-2.029269,0.588026
-0.402516,0.423351,0.534745,0.783265,0.860074,0.661302,-1.314727,0.315014,1.169832,0.704603,1.080941,0.977874,1.442538,1.544839,0.706844,0.965636,1.016674,1.458643,-1.196651,2.028480,2.387159,-2.495237,-0.993032,1.421832,-1.579864,-5.019905,1.444001,1.141698,0.421247,-1.917261,2.162991,0.919894,185.775955,1.331974,-1.384061,0.895973,0.726158,0.950309,-1.064367,-1.198597,0.542496,0.523128,0.660278,0.191870,1.645484,1.795391,-1.922547,1.730462
-0.402516,0.300726,1.087036,0.561490,0.576955,1.127621,-1.261813,0.421683,0.904770,0.575584,0.905150,1.181490,1.442538,1.544839,0.665684,0.872423,0.761433,1.182324,-1.214897,2.028480,2.387159,-2.495237,-0.914439,0.517236,-1.275147,-5.019905,1.147756,0.920231,-0.185608,-1.172728,2.162991,1.173994,343.355151,1.310017,-1.343292,0.246047,0.419337,1.617612,-0.387491,-0.120855,0.316950,0.242056,1.003811,0.339247,1.645484,1.795391,-0.865663,0.640555
-0.446613,0.493428,1.146520,0.831621,0.576096,0.577627,-1.276551,0.413929,0.902722,0.251456,0.504491,1.017456,1.017940,1.610454,0.597342,0.475207,0.850742,0.757254,-1.157398,0.926436,3.293960,-0.278887,-1.253831,1.473878,-3.132085,-1.179938,1.147756,0.501238,-0.892544,-1.169079,0.282480,0.855118,439.521899,1.254135,-1.407139,0.200730,0.349720,1.663959,-0.690084,-0.962547,0.488510,0.276941,1.000656,0.556559,2.847061,1.717745,-1.361949,0.707702
-0.446613,0.738537,0.969020,0.790819,0.727961,0.330371,-1.302743,0.436044,1.131693,0.292086,0.529159,0.772833,1.017940,1.610454,0.566532,0.697734,1.243422,1.398738,-1.144286,1.027024,3.293960,-0.708448,-1.246393,2.190381,-3.132085,-1.179938,1.288048,0.420707,-0.892544,-1.058201,0.401116,0.750809,372.280045,1.253422,-1.351966,0.787735,0.440235,1.530797,-1.111786,-1.320427,0.802926,0.266612,0.816463,0.696017,2.847061,1.717745,-1.361949,0.707702
-0.218799,0.541034,0.501229,1.069116,0.783587,0.857807,-1.464759,0.369975,1.131693,0.701855,0.910434,1.003067,1.150647,2.033368,0.636828,1.036118,1.160611,1.428690,-1.401223,1.477842,1.454287,-2.624438,-1.050338,2.190381,-1.598317,-4.932279,1.288048,1.180304,0.289063,-2.543317,2.589198,0.476437,172.848546,1.406546,-1.307165,0.818783,0.656612,0.976030,-1.111786,-1.320427,0.658443,0.537824,0.538577,0.214970,3.926004,1.339705,-2.199680,1.238723
-0.218799,0.470512,1.225938,0.778593,0.572546,0.827407,-1.494190,0.310463,1.090514,0.635385,0.921272,1.054710,1.150647,2.033368,0.737046,0.977565,0.933819,1.428690,-1.480965,1.477842,1.454287,-2.624438,-1.077821,0.209324,-1.598317,-4.932279,1.597018,1.234923,-0.079170,-2.543317,2.589198,0.639809,362.818321,1.471879,-1.250571,0.185772,0.516929,1.679546,-0.470038,0.172776,0.279111,0.465673,1.515856,0.346147,3.926004,1.339705,-0.895628,1.238723
-0.003583,0.599012,1.145252,0.536415,0.610465,0.865932,-1.335938,0.275678,1.004554,0.298965,0.589273,0.777852,1.207562,2.349000,0.681050,0.575275,1.016625,0.915903,-1.146926,1.477842,1.483030,-2.042317,-1.102121,2.027087,-2.047294,-1.613512,1.597018,0.928495,-0.366467,-1.582863,0.954248,0.622654,432.135475,1.238499,-1.280394,0.265809,0.451299,1.669401,-0.837569,-1.134156,0.624533,0.386491,1.522663,0.411007,3.841227,1.383879,-1.205912,0.960565
0.371774,0.681533,1.174618,0.791156,0.704328,0.397859,-1.427393,0.218578,1.316942,0.491835,0.415493,0.760301,1.207562,2.349000,0.576994,0.774304,1.326723,1.284068,-1.356003,1.345072,1.483030,-1.159129,-1.158595,2.686430,-2.047294,-1.613512,1.147902,0.493588,-0.366467,-1.590617,0.954248,0.610112,450.051832,1.368443,-1.320966,0.764346,0.549486,1.666409,-1.034491,-1.134156,0.769278,0.471450,0.909088,0.623812,3.841227,1.383879,-1.448552,0.960565
0.213555,0.378770,0.853115,0.978371,0.661901,0.838323,-1.198100,0.288897,1.316942,0.563404,0.664330,0.865758,1.088042,2.459734,0.551084,1.077310,1.173945,1.284068,-1.029974,1.815388,0.879184,-2.212147,-1.075348,2.686430,-1.099168,-4.501487,1.100680,1.148594,0.493753,-2.234434,0.712333,0.486302,278.172113,1.082799,-1.189179,0.711590,0.536608,1.479277,-1.034491,-1.117329,0.491585,0.470469,1.196382,0.209448,3.504857,0.915659,-1.448552,0.901467
0.213555,0.545927,1.384661,0.523172,0.519944,0.674820,-1.261671,0.190659,1.190868,0.416757,0.603820,0.593808,1.088042,2.459734,0.663545,0.879212,0.853816,1.022048,-1.113008,1.815388,0.879184,-2.212147,-0.905488,0.342141,-0.334395,-4.501487,1.419672,1.163306,-0.437860,-2.234434,0.712333,0.493599,453.000916,1.197457,-1.345382,0.153403,0.364778,1.836859,-0.531479,0.148072,0.361981,0.379402,1.264162,0.527487,3.504857,0.915659,-0.289658,0.901467
-1.249655,0.690667,1.274943,0.809368,0.608786,0.405227,-1.315201,0.528708,0.990081,0.208872,0.431771,0.446965,1.174475,1.172712,0.659721,0.442308,0.642335,0.521529,-1.173932,0.766890,2.938482,-0.615158,-1.252037,0.382916,-0.453335,-1.290731,1.419672,0.648238,-0.946090,-1.180728,0.427758,0.826944,517.720344,1.201633,-1.341177,0.219418,0.393642,1.887114,-0.531031,-0.754551,0.459282,0.263367,1.087470,0.573218,3.102061,1.488240,-1.422339,0.925756
-1.249655,0.917904,0.934585,0.822294,0.757215,0.331344,-1.370211,0.610407,1.342282,0.238357,0.464881,0.658474,1.174475,1.172712,0.681270,0.529334,0.799424,1.247478,-1.387247,1.187170,2.938482,-0.780372,-1.255656,1.068209,-0.820129,-1.290731,1.234458,0.298952,-0.946090,-1.522637,0.546107,0.776447,362.573851,1.345504,-1.346395,0.808961,0.449873,1.491979,-1.084397,-1.601950,0.991293,0.286018,0.770325,0.821404,3.102061,1.488240,-1.454202,0.925756
-0.426029,0.619586,0.492531,0.716100,0.869108,0.691212,-1.466944,0.320969,1.342282,0.648958,0.731379,0.416809,1.088497,1.495268,0.642974,0.763512,1.097880,1.226089,-1.357380,1.162725,1.538182,-1.520430,-1.072735,0.908442,-1.648159,-2.344303,1.234458,0.640257,0.640245,-2.172955,2.334341,0.666318,157.383633,1.412109,-1.453052,0.896526,0.677926,1.024611,-1.084397,-1.601580,0.758330,0.519605,0.650215,0.213492,4.128082,1.401027,-2.359528,1.807369
-0.426029,0.397156,1.539964,0.568587,0.613246,0.674461,-1.424018,0.339346,1.303182,0.508953,0.754296,0.712589,1.088497,1.495268,0.654549,0.746131,0.957483,1.098575,-1.192879,1.156669,1.538182,-1.520430,-0.905999,0.171657,-1.648159,-2.179567,1.323552,0.508577,-0.225620,-2.172955,2.334341,0.459891,507.448313,1.316368,-1.272886,0.209816,0.370723,0.541453,-0.347426,0.043152,0.328609,0.353421,0.900305,0.455114,4.128082,1.401027,-0.640012,1.493698
-0.777878,0.571343,1.738199,0.526875,0.627315,0.408658,-1.323242,0.427852,0.977835,0.331675,0.441727,0.556251,1.174913,2.038846,0.713468,0.445246,0.929662,0.746671,-1.195610,1.224611,2.582786,-0.373468,-1.349964,1.143938,-2.256370,-1.250651,1.323552,0.319386,-0.794540,-0.907102,0.374112,0.563905,721.367833,1.346324,-1.257590,0.226957,0.373062,2.041676,-0.814779,-1.002155,0.559887,0.311990,0.908591,0.580329,3.342111,1.462125,-1.365425,0.661944
-0.777878,0.793123,1.193371,0.535485,0.768596,0.381046,-1.415546,0.428286,1.343878,0.404981,0.524016,0.822662,1.174913,2.038846,0.715086,0.539763,1.070516,2.019357,-1.305362,1.231994,2.582786,-1.354823,-1.403395,1.409011,-2.256370,-1.721997,1.422827,0.293821,-0.794540,-1.426553,0.397803,0.546734,505.838316,1.443264,-1.336890,0.825489,0.461345,1.581361,-1.059029,-1.317831,0.865850,0.304776,0.674476,0.760671,3.342111,1.462125,-1.421666,0.711747
-0.809343,0.439564,0.523043,0.663073,0.854447,0.657861,-1.279457,0.394956,1.343878,0.659114,0.895918,0.797220,1.242303,1.611060,0.661364,0.783083,0.879143,1.951401,-1.201246,1.205390,2.284194,-2.045505,-1.027766,1.409011,-1.018875,-2.688944,1.422827,0.655701,0.626514,-1.851226,2.606758,0.742879,182.772691,1.342617,-1.314357,0.891570,0.719103,1.083457,-1.056194,-1.268623,0.584807,0.539060,0.628197,0.209366,3.990601,1.442624,-2.209810,1.689256
-0.809343,0.370515,1.345593,0.478037,0.599519,0.668413,-0.970919,0.446499,1.173103,0.511671,0.848529,0.878525,1.242303,1.611060,0.740035,0.731780,0.747084,1.177683,-0.869039,0.999497,2.284194,-2.045505,-0.861188,0.456869,-1.018875,-2.652204,1.484167,0.533228,-0.547787,-1.040167,2.606758,0.804274,441.357740,1.083755,-1.239480,0.224926,0.355861,1.890026,-0.355404,-0.012884,0.375887,0.276474,1.084209,0.538526,3.990601,1.278940,-0.720983,0.635846
-1.163377,0.579394,1.457999,0.801129,0.614345,0.389579,-1.198446,0.631973,0.973535,0.254447,0.354486,0.706587,1.229385,1.210062,0.779401,0.446184,0.822499,0.609074,-1.154890,0.868616,2.139511,-0.459272,-0.943560,0.183279,-2.930613,-1.285149,1.484167,0.424632,-1.125103,-0.878054,0.361801,0.533121,602.384514,1.276271,-1.366004,0.214873,0.330128,1.961099,-0.913644,-0.933685,0.531922,0.252657,1.085919,0.602969,4.268106,1.961423,-1.222818,0.656392
-1.163377,0.715924,0.739487,0.829882,0.787111,0.310575,-1.300576,0.600178,1.045424,0.342286,0.553510,0.786564,1.229385,1.210062,0.745882,0.504041,0.925213,2.295062,-1.260283,1.127707,2.139511,-1.188494,-1.076265,0.986518,-2.930613,-2.034768,1.385912,0.428462,-1.125103,-1.742481,0.410418,0.495818,310.032411,1.331858,-1.367986,0.851388,0.457468,1.110652,-1.129177,-1.189903,0.779613,0.258503,0.762251,0.804522,4.268106,1.961423,-1.927823,0.817537
-0.932405,0.405128,0.550569,0.605780,0.919648,0.437723,-1.209725,0.410939,1.051347,0.689255,0.927197,0.698012,1.389862,1.998888,0.623668,0.846603,0.966419,1.715931,-1.125837,1.772635,2.610459,-2.176933,-0.985587,0.778767,-0.651478,-2.571755,1.356614,0.949114,0.473099,-1.742481,2.576973,0.687600,180.752989,1.224131,-1.359806,0.955990,0.773899,1.146717,-1.129177,-0.958197,0.488051,0.564919,0.758625,0.156147,3.952543,1.836966,-2.285634,1.586440
-0.932405,0.328766,1.055152,0.216177,0.573644,0.585634,-1.222304,0.509130,1.008931,0.170434,0.719139,0.651480,1.389862,1.623445,0.654017,0.693168,0.595534,1.066856,-1.091591,1.772635,0.881598,-2.176933,-1.027971,0.580108,-0.466977,-1.402902,1.451524,0.693365,-0.728644,-1.488062,0.755835,0.616673,339.554629,1.262329,-1.293311,0.247062,0.368510,1.594893,-0.574926,-0.443082,0.391232,0.115998,0.876242,0.533097,0.075382,1.061223,-0.903504,1.005392
0.528965,0.510269,0.892539,0.613198,0.576990,0.554880,-1.328914,0.228184,0.606973,0.177104,0.366860,0.647869,1.031557,1.805840,0.845601,0.302900,0.547694,1.221689,-1.189146,1.461867,0.697844,-1.091689,-1.269575,0.568572,-0.202422,-1.198238,1.451524,0.616576,-1.365789,-1.078336,0.551306,0.845486,359.059461,1.292575,-1.405243,0.231726,0.338608,1.620940,-0.608928,-1.398966,0.562592,0.269738,1.007938,0.649498,2.276118,2.268864,-1.345849,0.359550
0.528965,0.878508,0.513060,0.783563,0.587030,0.507393,-1.386971,0.252074,0.931596,0.313895,0.472863,0.669020,1.031557,1.805840,0.649623,0.554501,0.683626,1.450058,-1.259787,1.461867,1.160479,-1.091689,-1.170332,1.286831,-0.448006,-1.198238,0.877961,0.660141,-1.365789,-1.078336,0.551306,1.065812,216.206041,1.360354,-1.255760,0.626885,0.415085,1.023833,-0.919010,-1.763186,0.885200,0.356037,1.017991,0.924859,2.276118,2.268864,-1.345849,0.359550
0.123819,0.575317,0.887393,0.465497,0.344931,0.508755,-1.152747,0.387890,0.931596,0.344475,0.529578,0.436440,0.576557,2.202658,0.235214,0.527600,1.408592,1.046871,-1.071849,1.298918,1.554223,-1.045440,-0.885177,1.286831,-1.144648,-2.461709,0.724950,0.820179,-0.116664,-1.160123,0.521982,0.308934,283.387919,1.166871,-1.230656,0.395975,0.304666,1.427548,-0.996366,-1.507468,0.683456,0.328878,0.638379,0.337812,5.334367,0.547167,-0.603869,0.956602
0.123819,0.872376,0.820550,0.087667,0.294596,0.455964,-0.876057,0.081674,0.400969,0.047308,0.333520,0.475608,0.471864,0.174845,0.210238,0.322590,0.090655,0.881300,-0.805706,1.003324,0.470438,-1.006407,-0.780570,0.232167,0.341282,-0.600464,0.724950,0.669743,-0.209190,-0.785629,0.210794,0.164695,264.048479,0.974362,-1.125336,0.061039,0.087625,1.368184,-0.338977,0.181929,0.263531,0.004059,0.570934,0.201618,-0.031148,0.610786,-0.152435,-0.159334
0.177481,0.832137,0.712214,0.235646,0.380784,0.294483,-1.142626,0.208409,1.109250,0.090722,0.200313,0.356708,0.609922,0.588352,0.106199,0.151131,0.195663,0.445851,-1.066046,0.936354,0.696641,-0.654728,-0.808375,0.474707,-0.381413,-0.513948,0.647693,0.333416,-0.209190,-0.805424,0.593399,0.252731,297.572310,1.183645,-1.234775,0.126048,0.152374,1.290089,-0.480475,-0.900289,0.647486,0.084918,0.693544,0.428042,-0.031683,0.620599,-0.905651,0.228579
0.269427,0.644352,0.700344,0.260486,0.379312,0.373266,-1.194759,0.132762,1.109466,0.139775,0.227982,0.289642,0.609922,0.588352,0.098183,0.177292,0.287643,0.445851,-1.132624,0.936841,0.696641,-0.509158,-0.898486,0.474707,-0.977090,-0.513948,0.594615,0.339340,-0.191220,-1.140106,0.593399,0.328884,284.374733,1.231367,-1.201490,0.353801,0.205768,1.357860,-0.650022,-0.900289,0.716215,0.094009,0.661774,0.503339,-0.031683,0.620599,-0.905651,0.243882
0.170662,0.366016,0.561516,0.387011,0.336766,0.226998,-1.423247,0.111881,1.210868,0.259618,0.392762,0.239841,0.648676,1.135180,0.231010,0.314941,0.467118,0.422586,-1.245506,0.956807,0.624631,-0.471409,-0.975753,0.474707,-0.977090,-0.985343,0.594615,0.310217,0.961918,-1.140106,0.593399,0.555731,190.973839,1.410734,-1.361794,0.374159,0.281905,1.184916,-0.650022,-0.900289,0.291891,0.251976,0.284520,0.059462,0.678207,0.877031,-0.394278,0.404563
0.170662,0.156258,0.532944,0.341536,0.415262,0.241638,-1.413357,0.179044,1.210868,0.169120,0.386941,0.335227,0.648676,1.135180,0.224270,0.275467,0.311893,0.422586,-1.250396,0.956807,0.624631,-0.471409,-1.023675,0.203252,-0.977090,-0.985343,0.594615,0.279917,0.581640,-1.138828,0.390965,0.360566,175.401833,1.434650,-1.368066,0.284338,0.295521,1.211877,-0.566308,-0.275803,0.079208,0.221427,0.329816,0.157186,0.678207,0.877031,-0.288119,0.404563
0.181899,0.371044,0.575298,0.959275,0.329944,0.384513,-1.212787,0.188151,0.956416,0.150303,0.605914,0.676656,0.508125,1.176056,0.292498,0.580506,1.017139,1.442064,-1.067155,1.311373,0.561281,-1.214431,-1.018259,2.025896,-1.814551,-1.276938,0.829929,0.451463,0.444321,-1.571595,0.551542,0.408464,221.085609,1.169509,-1.251620,0.358189,0.295598,1.155401,-0.817082,-0.924159,0.377912,0.226826,0.711365,0.142158,2.272549,0.795597,-0.653616,0.475636
0.640990,0.349798,0.596899,0.083673,0.290756,0.358427,-1.574601,0.107428,0.551176,0.033026,0.138769,0.472884,0.395962,0.224165,0.267173,0.066886,0.089036,-0.163662,-1.417424,0.676145,0.361489,-0.194467,-0.994018,-0.323357,-0.211040,-0.092983,0.626888,0.239999,0.134722,-0.754443,0.235098,0.145894,188.796405,1.442061,-1.343725,0.043793,0.082933,1.143263,-0.331321,0.064800,0.141538,0.014376,0.602699,0.120068,0.152438,0.481732,-0.179301,-0.111202
0.705267,0.593249,0.815299,0.242708,0.250839,0.497403,-1.306967,0.220026,0.188887,0.077853,0.320470,0.500701,0.412483,0.293798,0.161239,0.285809,0.492408,0.910554,-0.990550,0.895317,0.511485,-0.346586,-0.721082,0.292061,-0.866733,-0.433091,0.670084,0.178472,-0.356810,-0.718171,0.405017,0.298460,233.727877,1.090360,-1.187301,0.081237,0.153874,0.698020,-0.415890,0.183038,0.274651,0.067550,0.506312,0.203339,1.039777,0.602437,-0.210390,-0.206973
0.295614,0.819237,1.044082,0.465448,0.406236,0.226153,-1.223920,0.195826,1.315866,0.136159,0.214359,0.259551,0.799859,1.470001,0.145818,0.188346,0.493491,0.534011,-1.182820,1.212401,0.571903,-0.659726,-1.160805,0.700541,-0.847080,-0.670055,0.670084,0.268775,-0.357217,-0.718171,0.690870,0.238495,389.556671,1.284588,-1.228767,0.255168,0.258770,1.612560,-0.763446,-1.227689,0.821025,0.201950,0.332296,0.541126,2.389312,0.988233,-0.880473,0.462124
0.083549,0.562340,0.683780,0.554183,0.493701,0.205870,-1.346168,0.315497,1.834340,0.299052,0.417631,0.371867,0.799859,1.470001,0.205116,0.258419,0.586883,1.071749,-1.253614,1.212401,1.460669,-1.398213,-1.288258,0.700541,-0.847080,-0.670055,0.712708,0.591614,-0.309062,-0.784475,0.690870,0.410691,285.611357,1.292811,-1.226127,0.516721,0.340693,1.257207,-0.817359,-1.227689,0.639189,0.287182,0.509094,0.716111,2.389312,1.132070,-0.880473,0.462124
0.078941,0.119079,0.615900,0.322087,0.484644,0.388963,-1.329270,0.235175,1.834340,0.317492,0.489268,0.617664,0.823732,1.589259,0.409972,0.310343,0.699367,1.445413,-1.177693,1.029591,1.460669,-1.398213,-1.153767,0.367527,-0.150934,-1.860521,0.723755,0.704198,0.782959,-0.784475,0.813440,0.396448,208.812398,1.284476,-1.176266,0.414106,0.315336,1.216901,-0.776173,-0.466806,0.125373,0.283961,0.468368,0.274893,1.801504,1.132070,-0.534742,0.709931
0.262916,0.471600,1.773284,0.083672,0.423487,0.284590,-1.173183,0.191977,1.465939,0.037000,0.214678,0.507502,0.620382,0.190584,0.356590,0.158915,0.066431,0.939146,-1.046914,0.719800,0.450472,-0.358266,-0.806352,0.116529,0.247837,-0.537864,0.988956,0.275376,-0.451502,-0.666000,0.233784,0.230966,524.386438,1.174959,-1.217719,0.092567,0.094265,1.435245,-0.327124,-0.191738,0.454923,0.007861,0.362968,0.616312,0.028072,0.802991,0.287692,-0.096833
-0.984249,0.642789,1.715179,0.509646,0.555854,0.350284,-1.176606,0.617211,0.874132,0.207536,0.253676,0.326759,0.967306,1.088301,0.502757,0.343904,0.573074,0.476154,-0.970360,0.819880,1.696362,-0.296558,-1.141753,0.488964,-1.646787,-0.811904,0.988956,0.291053,-0.816072,-1.064899,0.277998,0.564578,641.344612,1.067706,-1.283970,0.200896,0.252805,1.752507,-0.839679,-0.830683,0.526959,0.210745,0.577126,0.484974,2.278670,1.447427,-1.096518,0.400651
-0.984249,0.738183,0.730334,0.517406,0.663915,0.285314,-1.299094,0.583700,1.179068,0.262307,0.428516,0.504429,0.967306,1.088301,0.519532,0.398687,0.660794,1.361386,-1.212806,1.051557,1.696362,-0.802855,-1.098352,1.176207,-1.646787,-0.811904,1.069943,0.250757,-0.816072,-1.064899,0.447633,0.433267,301.246489,1.277236,-1.246808,0.705780,0.323840,1.448942,-1.006914,-1.195621,0.779090,0.208441,0.542568,0.721969,2.278670,1.447427,-1.096518,0.400651
-0.059757,0.426197,0.499898,0.556055,0.728186,0.436024,-1.476142,0.198616,1.179068,0.383880,0.525123,0.367462,1.007956,1.588583,0.512641,0.453375,0.761490,1.268431,-1.489486,1.075180,0.953007,-0.976659,-1.054061,1.176207,-0.719135,-1.040421,1.069943,0.346232,0.538924,-0.912281,1.470330,0.185148,162.823698,1.421654,-1.373489,0.762820,0.558969,0.918988,-1.001660,-1.184436,0.555520,0.382610,0.350699,0.146579,2.319463,1.498814,-1.091999,0.943722
-0.059757,0.393785,2.005232,0.458586,0.587681,0.509908,-1.436455,0.288259,1.015174,0.263316,0.455729,0.767171,1.007956,1.588583,0.616848,0.407770,0.725965,1.190336,-1.437201,1.075180,0.931149,-0.976659,-0.920169,-0.020575,-0.719135,-1.040421,1.459312,0.449036,-0.578650,-0.774267,1.470330,0.707295,577.583475,1.378166,-1.219358,0.184055,0.367807,0.943469,-0.332594,0.014756,0.381538,0.245953,0.606818,0.520995,2.319463,1.498814,-1.091999,0.943722
-1.063984,0.653294,2.645141,0.597538,0.641266,0.542162,-1.267099,0.581526,0.940113,0.281374,0.342853,0.781530,1.399349,1.351098,0.735140,0.454459,0.794193,1.325387,-1.173577,0.717527,1.610909,-0.557965,-1.177566,0.595446,-2.146793,-1.314582,1.459312,0.491489,-1.271248,-0.865578,0.390494,0.883083,1017.217872,1.226338,-1.323227,0.232766,0.414181,1.870772,-0.810495,-0.917939,0.540288,0.279626,0.860336,0.663772,4.579806,1.915299,-1.570182,1.230654
-1.063984,0.831300,1.727898,0.613775,0.841730,0.431965,-1.323205,0.519534,1.219361,0.341108,0.541751,0.867621,1.399349,1.351098,0.732387,0.639820,1.028394,1.856319,-1.222658,1.014833,1.610909,-1.181516,-1.162532,1.192316,-2.146793,-1.314582,1.519815,0.468178,-1.271248,-2.320656,0.421531,0.775899,690.703394,1.324161,-1.322291,0.912958,0.537850,1.702544,-1.151684,-1.353469,0.913759,0.281258,0.733776,0.901835,4.579806,1.915299,-1.570182,1.230654
-0.617702,0.502989,0.675112,0.677035,0.998293,0.658612,-1.415815,0.329377,1.283294,0.682486,0.806138,0.899971,1.271962,1.481972,0.773270,0.761228,1.111076,1.589955,-1.295508,1.580207,3.007693,-2.926821,-0.981871,1.128368,-0.774945,-5.020995,1.519815,1.081861,0.533143,-2.320656,2.471461,1.635608,221.970050,1.370860,-1.398022,1.035161,0.794012,1.281188,-1.153197,-1.294384,0.595452,0.604873,0.964368,0.232421,2.510141,2.402441,-3.564192,2.025856
-0.617702,0.357551,1.439732,0.353775,0.640092,0.594764,-1.263606,0.503172,1.283294,0.538842,0.713666,0.840243,1.271962,1.481972,0.770927,0.629669,0.840522,1.281910,-1.043351,1.310668,3.007693,-2.926821,-0.900564,0.624905,-0.422148,-4.738455,1.648775,0.797543,-0.465895,-1.214586,2.471461,1.076618,431.050983,1.203402,-1.468532,0.288263,0.319117,1.796895,-0.340545,-0.489646,0.414029,0.260639,1.375851,0.540236,2.510141,2.402441,-0.695667,0.743244
-0.833450,0.541834,1.561620,0.433937,0.595394,0.494842,-1.343090,0.542939,1.281685,0.294953,0.343216,0.774243,1.240909,1.490631,0.901625,0.383665,0.551264,1.561296,-1.222280,1.085246,1.864541,-0.625637,-1.022208,0.235849,-1.615663,-1.720366,1.648775,0.526524,-1.211258,-1.040903,0.403110,0.563016,584.435076,1.294453,-1.509310,0.245570,0.389180,2.022003,-0.822053,-0.911321,0.574859,0.288948,1.384149,0.759925,2.581204,1.961195,-1.281259,0.767922
-0.833450,0.704688,0.860634,0.507487,0.779953,0.404862,-1.295533,0.456714,1.062757,0.374891,0.491922,0.924071,1.240909,1.490631,0.919362,0.453585,0.732403,2.080262,-1.184093,1.085246,1.864541,-1.611112,-1.062519,1.377018,-1.615663,-2.115285,1.590664,0.470167,-1.211258,-1.725487,0.403110,0.618776,334.070183,1.251497,-1.420954,0.845266,0.528429,1.680179,-1.093269,-1.162956,0.775820,0.303190,1.082007,0.862182,2.581204,1.961195,-2.402703,1.232933
-0.860966,0.360199,0.513208,0.721141,0.884535,0.443865,-1.245358,0.401792,1.254317,0.672006,0.809369,0.657179,1.262557,1.924195,0.697209,0.741464,0.995503,1.737287,-1.044023,1.332825,2.408874,-2.130464,-0.809108,1.182743,-0.560987,-2.305963,1.590664,0.712593,0.597866,-1.996028,2.597970,0.720447,176.221049,1.188120,-1.408805,0.923309,0.697385,0.969729,-1.093269,-0.988937,0.467467,0.575245,0.505686,0.170959,3.622391,1.550714,-2.473747,1.740401
-0.860966,0.364375,1.340187,0.423941,0.581577,0.468406,-1.025518,0.492962,1.254317,0.211277,0.684215,0.754990,1.262557,1.924195,0.675940,0.595498,0.908345,1.045044,-0.913249,1.076461,2.408874,-2.130464,-0.891746,0.532939,-0.523569,-1.796673,1.391299,0.512320,-0.622313,-0.957182,0.414351,0.789778,428.695158,0.985624,-1.258951,0.216814,0.299157,1.047619,-0.432993,-0.077321,0.389963,0.266822,0.825593,0.561300,3.622391,1.030637,-0.301538,-0.050685
-0.740597,0.566207,1.465083,0.394088,0.620113,0.405069,-1.149952,0.504900,0.727827,0.252646,0.299331,0.770425,1.062262,1.432147,0.675425,0.330157,0.685512,1.271919,-1.077074,1.073228,1.818659,-0.457423,-1.315625,1.073189,-1.099279,-1.132779,1.391299,0.457563,-1.168616,-0.957182,0.364237,0.819407,575.456919,1.158830,-1.441207,0.224159,0.322885,1.833290,-0.803406,-0.942203,0.530761,0.283082,1.069208,0.563088,2.766518,2.118345,-1.302424,0.611094
-0.740597,0.716050,0.802678,0.560056,0.791797,0.452943,-1.213839,0.495013,1.004658,0.299539,0.401197,0.579088,1.062262,1.432147,0.652652,0.708752,1.203140,1.271919,-1.068548,1.073228,1.818659,-0.942629,-1.314630,2.450320,-1.099279,-1.418182,1.293966,0.515806,-1.168616,-1.648061,0.364237,0.847340,318.526244,1.179655,-1.287692,0.848445,0.427969,0.808538,-1.088882,-1.301029,0.760791,0.283720,0.923743,0.832378,2.766518,2.118345,-1.537683,1.020961
-0.427470,0.344883,0.552174,0.945593,0.847408,0.739341,-1.325737,0.326570,1.105254,0.526324,0.883175,0.671299,1.119441,1.252181,0.632757,0.936948,1.350795,0.724217,-1.256037,1.228043,2.178064,-1.598520,-0.969699,2.032496,-1.370996,-1.609179,1.293966,0.768734,0.378053,-2.209152,1.700596,0.962130,176.409991,1.328654,-1.334183,0.887461,0.748793,1.270372,-1.049174,-1.233561,0.488967,0.459327,0.463884,0.195328,2.577636,1.665224,-1.537683,1.850375
-0.427470,0.270079,1.466142,0.640651,0.560504,0.835150,-1.246588,0.431198,1.105254,0.194409,0.672278,0.675239,1.119441,0.706878,0.575542,0.414300,0.970327,0.216668,-1.206268,1.228043,2.178064,-1.598520,-0.811746,0.323756,-0.084645,-1.541023,1.154317,0.584036,-0.194358,-1.287692,0.634730,1.431808,452.483119,1.288283,-1.314149,0.197144,0.326575,1.876091,-0.374135,-0.127537,0.327650,0.099484,0.870583,0.409716,2.577636,1.137315,-0.074578,-0.057082
-0.083239,0.500711,1.537345,0.612521,0.589719,0.434520,-1.257858,0.343172,0.849863,0.266226,0.414332,0.923063,1.080662,1.856462,0.559760,0.391043,0.959103,1.006300,-1.054495,1.258899,1.822833,-0.225398,-1.299397,1.530691,-1.797710,-1.206218,1.154317,0.441668,-0.892190,-1.156874,0.419030,0.942663,578.923637,1.167236,-1.364402,0.218538,0.352537,1.992033,-0.713192,-0.982402,0.510296,0.301026,0.907648,0.545202,3.437214,1.537140,-1.346434,0.662007
-0.083239,0.688971,1.066572,0.675716,0.746349,0.375162,-1.434599,0.346479,1.099995,0.306069,0.520998,0.802317,1.080662,1.856462,0.536981,0.749941,1.380701,1.537948,-1.327173,1.258899,1.822833,-1.136980,-1.281818,2.429847,-1.797710,-1.230543,1.156755,0.397256,-0.892190,-0.916847,0.419030,0.801831,405.464697,1.428085,-1.266983,0.807089,0.459043,1.889907,-1.068423,-1.171323,0.751479,0.290479,0.697048,0.704639,3.437214,1.537140,-1.739633,0.662007
-0.159719,0.496315,0.487885,1.032715,0.789110,0.634716,-1.405290,0.360436,1.284264,0.606309,0.720530,0.736118,0.938536,1.295422,0.648262,0.902739,1.239432,1.537948,-1.350981,1.311775,1.461967,-2.409681,-0.954878,2.429847,-1.466578,-1.891327,1.156755,0.841124,0.447751,-2.666858,1.757189,0.634859,159.752330,1.440547,-1.284282,0.820763,0.638867,0.928036,-1.068423,-1.145782,0.595000,0.462565,0.605971,0.204131,4.771625,1.643367,-2.033825,1.432565
-0.159719,0.416978,0.985169,0.683867,0.587821,0.651675,-1.372798,0.331717,1.284264,0.472519,0.669362,0.762581,0.938536,1.295422,0.661292,0.686306,0.897004,0.787396,-1.305696,0.764184,1.461967,-2.409681,-1.027660,-0.053273,-1.466578,-1.891327,1.172835,0.722137,0.192169,-2.666858,1.757189,0.846169,318.902903,1.345217,-1.245601,0.142779,0.290162,1.502086,-0.339130,0.159793,0.220995,0.250803,0.849820,0.323436,4.771625,1.643367,-0.725651,0.722027
0.109832,0.563618,0.897605,0.682444,0.605487,0.521105,-1.353633,0.383113,0.842001,0.238455,0.455210,0.762206,1.289727,2.507219,0.658093,0.309195,1.014775,1.484879,-1.310805,1.204638,1.070437,-0.672383,-1.186390,2.897211,-1.546129,-1.574381,1.172835,0.818763,-0.120490,-1.367699,1.099205,0.437888,366.438960,1.241140,-1.317424,0.277041,0.444990,1.527545,-0.798952,-1.180526,0.615440,0.366765,0.985562,0.291408,5.877613,1.247178,-1.041336,0.859452
0.507328,0.611525,0.952823,0.864848,0.673077,0.375223,-1.335097,0.235913,1.467352,0.446239,0.408713,0.830398,1.289727,2.507219,0.627931,0.770172,1.378517,1.484879,-1.290085,1.204638,1.070437,-1.085283,-1.161084,3.005193,-1.546129,-1.574381,1.145976,0.723995,-0.120490,-1.312685,1.099205,0.569104,385.547164,1.264820,-1.342998,0.727537,0.512036,1.471759,-0.936691,-1.180526,0.691036,0.452544,0.906092,0.536644,5.877613,1.247178,-1.041336,0.859452
0.237502,0.281923,0.821708,0.903619,0.605853,0.850272,-1.140887,0.330487,1.467352,0.444375,0.633441,0.735404,0.852136,2.443431,0.471893,1.322163,1.613209,0.932736,-0.965616,1.339642,1.042195,-1.393984,-0.971647,2.943183,-1.308769,-3.787373,1.145976,0.888219,0.528594,-1.642739,0.480180,0.289467,267.962557,1.125138,-1.354396,0.648786,0.434845,1.433249,-0.936691,-0.966978,0.390701,0.461269,1.095418,0.248487,6.889605,1.027326,-0.939990,1.145492
0.237502,0.547518,1.482022,0.482698,0.478995,0.610407,-1.116870,0.162298,1.228248,0.244779,0.595265,0.685501,0.852136,2.443431,0.562740,1.107264,1.268443,0.932736,-1.036339,1.339642,1.042195,-1.393984,-0.875988,0.635996,-1.159431,-3.787373,1.147421,0.897334,-0.468351,-1.640538,0.480180,0.291643,431.244027,1.218996,-1.305848,0.139139,0.291492,0.802562,-0.563007,0.040091,0.403071,0.354855,1.005379,0.550872,6.889605,1.047805,-0.797831,1.145492
-1.201169,0.708255,1.625145,0.854077,0.567925,0.412570,-1.155946,0.575023,0.870370,0.214657,0.342431,0.570879,1.099436,1.101225,0.634540,0.365761,0.664923,0.899739,-0.913804,0.748450,2.786770,-0.305868,-1.274291,0.254837,-2.636627,-0.938108,1.147421,0.530706,-1.037891,-1.239054,0.242599,0.866772,603.412775,0.976847,-1.384667,0.203941,0.291613,2.060042,-0.808921,-0.555418,0.432173,0.224659,0.823671,0.575397,3.589077,1.613166,-1.165566,0.606978
-1.201169,0.820101,1.212616,0.943196,0.699846,0.391918,-1.396414,0.618294,1.567717,0.235885,0.484496,0.795463,1.099436,1.101225,0.633211,0.434300,0.771691,1.709854,-1.271074,1.016365,2.786770,-0.801373,-1.356082,0.931871,-2.636627,-0.938108,1.113591,0.396610,-1.037891,-1.246036,0.486396,0.659342,435.769196,1.312949,-1.331064,0.746981,0.375238,1.921785,-1.054070,-1.157892,0.876120,0.229250,0.756383,0.883994,3.589077,1.613166,-1.173387,0.606978
-0.717042,0.566432,0.529054,0.682047,0.842771,0.637228,-1.244813,0.404941,1.567717,0.682419,0.726105,0.585374,1.126052,1.849105,0.671124,0.754281,0.899184,1.666365,-1.052585,1.272558,1.611214,-2.349770,-1.121265,0.931871,-1.874737,-2.222702,1.113591,0.727156,0.585573,-1.737596,2.345093,0.728149,164.572568,1.159337,-1.446486,0.873769,0.681331,1.012591,-1.054070,-1.157892,0.673307,0.513045,0.454357,0.274808,5.076014,1.299364,-1.716358,1.495860
-0.717042,0.429610,1.582609,0.526940,0.610216,0.757515,-1.216630,0.365154,1.336238,0.556745,0.715006,0.899333,1.126052,1.849105,0.704492,0.741062,0.832660,1.361789,-1.110985,1.272558,1.611214,-2.349770,-0.913028,0.190582,-1.874737,-2.222702,1.309350,0.710139,-0.373958,-1.737596,2.345093,0.441772,494.789204,1.228329,-1.358992,0.228459,0.349359,1.920783,-0.454847,0.029431,0.343741,0.300123,1.110778,0.521572,5.076014,1.299364,-0.688298,0.466122
-0.993605,0.588635,1.590930,0.569285,0.608588,0.454059,-1.282509,0.498455,0.984344,0.267164,0.368751,0.732111,1.131066,1.279400,0.660298,0.404602,0.634898,0.575306,-1.198033,1.086524,2.336276,-0.420751,-1.213072,0.527907,-2.254182,-1.069257,1.309350,0.383196,-0.946222,-1.033863,0.336559,0.601357,632.924164,1.277054,-1.443502,0.206846,0.309873,1.938711,-0.802625,-0.902688,0.530704,0.249956,1.095905,0.569206,2.444994,1.435039,-1.137251,0.621603
-0.993605,0.724291,0.746382,0.565054,0.733395,0.286983,-1.335574,0.514964,1.207842,0.325057,0.534089,0.658192,1.131066,1.279400,0.653594,0.489583,0.841060,1.499511,-1.241452,1.086524,2.336276,-0.987960,-1.231651,1.325092,-2.254182,-1.069257,1.265889,0.322942,-0.946222,-1.363323,0.345655,0.607125,299.725488,1.312504,-1.425951,0.792362,0.403694,1.475306,-1.055520,-1.125824,0.776090,0.252647,0.676042,0.787390,2.444994,1.435039,-1.137251,0.621603
-0.622728,0.441677,0.493221,0.708775,0.822282,0.621452,-1.336829,0.354395,1.207842,0.693480,0.766023,0.629855,1.182751,1.457385,0.562707,0.725646,0.872895,1.681208,-1.292982,1.120714,1.740517,-2.291528,-0.876017,1.232816,-1.264520,-3.124383,1.252607,0.637566,0.612423,-1.727129,2.605428,0.545763,158.358068,1.308309,-1.503466,0.858648,0.679256,0.954816,-1.055520,-1.086805,0.527599,0.528558,0.851526,0.161231,2.585747,1.373895,-2.043398,1.756314
-0.622728,0.476296,1.538399,0.463467,0.579311,0.762064,-1.186802,0.402509,1.088320,0.253908,0.724974,0.745604,1.182751,1.407730,0.647709,0.488806,0.717872,1.681208,-1.112366,0.869461,1.740517,-2.291528,-0.799404,0.318502,-1.264520,-3.124383,1.430240,0.501296,-0.665563,-1.727129,1.395927,0.431978,506.555823,1.199589,-1.567484,0.172122,0.264651,1.306764,-0.345367,0.091662,0.323878,0.192082,1.097902,0.575107,2.585747,1.038142,-0.466265,0.414879
-1.514257,0.629346,1.767196,0.631224,0.612381,0.267018,-1.351235,0.769628,0.727843,0.232975,0.323565,0.468083,1.186643,1.115859,0.681235,0.420594,0.616449,0.362486,-1.255978,0.899376,1.885042,-0.514753,-0.881717,0.302799,-2.604507,-1.118277,1.430240,0.401912,-1.280120,-0.917595,0.305137,0.690306,703.225594,1.341502,-1.343645,0.183421,0.322017,1.856849,-0.992896,-0.846311,0.488376,0.225384,1.037550,0.556027,3.075873,1.672355,-1.055638,0.594916
-1.514257,0.668843,0.646358,0.719445,0.769108,0.318484,-1.312757,0.710562,1.015790,0.314986,0.540777,0.654629,1.186643,1.115859,0.679148,0.497785,0.750759,1.780033,-1.077138,1.095900,1.885042,-1.335163,-1.058760,0.998453,-2.604507,-1.425940,1.259457,0.450733,-1.280120,-1.589400,0.431735,0.656186,251.085984,1.189597,-1.304691,0.828551,0.497269,0.845460,-1.145657,-1.120833,0.726372,0.273996,0.934180,0.865325,3.075873,1.672355,-1.732240,1.524293
-0.639563,0.354774,0.562685,0.705787,0.873985,0.407554,-1.197619,0.347578,1.295779,0.640771,0.844974,0.694436,1.225654,2.288373,0.604677,0.870873,0.788605,1.299712,-1.087874,1.774826,2.097862,-2.359296,-0.977099,0.739631,-0.478532,-5.086221,1.259457,0.741184,0.580877,-1.730353,2.582184,0.671240,192.267188,1.187447,-1.364462,0.902195,0.733801,1.063910,-1.143128,-0.826745,0.416611,0.565497,0.585542,0.181793,4.056451,1.581967,-1.732240,1.741440
-0.601783,0.361786,1.031112,0.083029,0.519391,0.683987,-1.044985,0.363951,1.195422,0.076307,0.657775,0.627834,1.074764,0.327095,0.603520,0.587750,0.126046,1.068050,-0.992654,1.774826,0.438489,-0.709605,-0.878623,0.664729,0.035305,-1.228674,1.258987,0.506054,-0.759790,-1.730353,0.490845,1.039807,336.460143,1.068258,-1.316979,0.184490,0.297329,1.434175,-0.347358,-0.384242,0.414583,0.021409,0.790621,0.566290,0.235737,1.135352,0.159024,0.184060
-0.134936,0.551381,0.944121,0.441766,0.567613,0.634467,-1.219851,0.401884,0.529830,0.176225,0.335429,0.783732,0.943114,1.791572,0.828129,0.366609,0.765814,1.789748,-1.129366,1.469095,1.695709,-1.400789,-1.053677,0.004125,-1.876514,-1.354981,1.258987,0.598619,-1.377476,-0.871361,0.392489,1.180928,373.675657,1.162910,-1.446816,0.247056,0.356333,1.439154,-0.917976,-1.514335,0.598480,0.262728,0.919349,0.577028,3.538000,2.237378,-1.279822,0.218418
-0.134936,0.705200,0.543611,0.511730,0.547290,0.499257,-1.354902,0.414416,0.770361,0.348465,0.413098,0.631474,0.943114,1.791572,0.679309,0.517082,0.863748,1.789748,-1.152197,1.469095,1.695709,-1.400789,-1.002493,0.844204,-1.876514,-1.354981,0.853826,0.593203,-1.377476,-0.930387,0.392489,1.254805,220.444200,1.307435,-1.327495,0.615118,0.376743,1.156486,-1.007336,-1.638155,0.717411,0.401596,0.905820,0.876788,3.538000,2.237378,-1.279822,0.218418
0.186544,0.548093,1.108865,0.268432,0.259600,0.612848,-0.868867,0.322425,0.770361,0.355464,0.483849,0.551942,0.468609,2.114694,0.257217,0.558421,1.058609,0.937468,-0.737260,1.281127,1.837331,-0.824189,-0.845112,0.484176,-0.549731,-3.397852,0.813357,0.606569,-0.210389,-0.930387,0.761130,0.434751,363.408329,0.927808,-1.296340,0.225513,0.306154,1.698660,-1.024476,-0.577477,0.507475,0.357708,0.549678,0.353129,4.093263,0.955014,-0.731381,1.363138
0.186544,1.066708,1.216552,0.028012,0.308770,0.132015,-0.839231,0.097309,0.076326,0.027112,0.122888,0.379077,0.369907,0.168089,0.082133,0.098374,0.015524,0.510744,-0.813634,0.831978,0.422698,-0.775448,-0.701214,0.015912,0.350219,-0.045248,0.714883,0.195758,-0.210389,-0.628892,0.204079,0.240628,426.796837,0.945756,-1.200918,0.035815,0.091955,1.473313,-0.319230,0.799964,0.072300,0.001782,0.547345,0.065023,-0.078406,0.655029,-0.188613,-0.155836
0.238732,0.845293,0.891725,0.375042,0.387802,0.489814,-1.014405,0.157266,1.287591,0.056761,0.260941,0.242667,0.552057,0.549935,0.055662,0.116595,0.152809,0.307894,-0.956593,0.910662,0.583411,-0.195119,-0.695935,0.779784,-0.922786,-0.294560,0.544194,0.289668,-0.194815,-0.830351,0.473738,0.301033,389.400346,1.097333,-1.159082,0.085937,0.161822,1.494134,-0.447684,-0.888179,0.649164,0.070448,0.486157,0.475645,0.156546,0.566126,-0.820675,0.077221
0.339576,0.627731,0.573086,0.362724,0.353839,0.452145,-1.016654,0.126353,1.351057,0.110247,0.256460,0.204111,0.552057,0.549935,0.067934,0.138345,0.223523,0.123877,-0.979829,0.910662,0.583411,-0.193350,-0.780184,0.797668,-0.922786,-0.294560,0.508555,0.317411,-0.117550,-0.830351,0.475255,0.276967,250.652420,1.091750,-1.156978,0.330575,0.194379,1.213958,-0.647385,-0.901228,0.700589,0.081025,0.587363,0.525730,0.156546,0.566126,-0.820675,0.159852
0.198967,0.327423,0.508731,0.424849,0.297212,0.510628,-1.240046,0.072840,1.370378,0.201767,0.294689,0.336531,0.643769,0.956996,0.194325,0.292723,0.530858,0.563050,-1.189305,1.068151,0.832827,-0.139510,-0.963195,0.797668,-0.922786,-0.450499,0.508555,0.203897,1.104340,-0.835303,0.475255,0.380362,178.017290,1.302948,-1.159783,0.342142,0.310303,0.963162,-0.647385,-0.901228,0.339713,0.232263,0.272496,0.075948,1.853023,0.988658,-0.668882,0.811947
0.198967,0.089240,0.512375,0.321703,0.412746,0.352690,-1.234627,0.154476,1.370378,0.147130,0.214493,0.254470,0.644071,0.956996,0.206906,0.270367,0.496738,0.563050,-1.114303,1.068151,0.832827,-0.139510,-1.025553,0.265401,-0.747780,-0.457752,0.511479,0.231640,0.692840,-0.835303,0.302606,0.237603,172.047062,1.262144,-1.101739,0.239009,0.316907,0.970592,-0.540377,-0.177670,0.073015,0.209565,0.343028,0.221441,1.853023,0.988658,-0.668882,0.811947
0.564035,0.384406,0.632348,0.208569,0.264844,0.341966,-1.488315,0.238288,0.613021,0.103032,0.448346,0.320169,0.395970,0.378309,0.141818,0.377006,0.366869,0.164008,-1.451530,0.928781,0.836807,-0.282812,-1.139604,0.444088,-1.131813,-0.631078,0.609941,0.187046,-0.167892,-0.853693,0.381287,0.176369,190.527311,1.451113,-1.321412,0.093995,0.198954,1.304749,-0.393663,0.233594,0.140643,0.090173,0.244883,0.234188,0.502668,0.460061,-0.028529,-0.109072
0.555609,0.833350,0.556347,0.071752,0.261433,0.175621,-0.965090,0.099667,0.233369,0.092108,0.274449,0.318064,0.380505,0.378309,0.159119,0.326774,0.233158,0.164008,-0.909912,0.796742,0.836807,-0.282812,-0.629434,0.289010,-0.800073,-0.631078,0.712053,0.170185,-0.397944,-0.853693,0.246072,0.269217,190.863330,1.062007,-1.469998,0.048202,0.085187,0.575853,-0.393663,0.326863,0.203973,0.054659,0.336750,0.169815,0.284626,0.444343,-0.168111,-0.059712
0.555609,0.842715,0.961334,0.292698,0.405875,0.141086,-1.269438,0.210568,1.219735,0.109405,0.233329,0.216551,0.733238,1.016399,0.147382,0.117041,0.329116,0.547645,-1.244959,0.871615,0.890705,-0.255459,-0.911036,0.690848,-0.490239,-0.638847,0.711193,0.159088,-0.397944,-0.674245,0.543686,0.277603,382.277055,1.309125,-1.395199,0.191579,0.209963,1.653212,-0.560498,-1.253371,0.805146,0.144116,0.430149,0.526228,1.314951,0.833023,-0.768974,0.205729
0.337076,0.651737,0.791325,0.389858,0.449668,0.180237,-1.300898,0.224937,1.612970,0.168832,0.310799,0.251260,0.733238,1.016399,0.169114,0.161291,0.416226,0.547645,-1.225522,0.871615,1.269469,-0.587293,-0.958040,0.693287,-0.490239,-0.638847,0.675476,0.246062,-0.337551,-0.674245,0.543686,0.285321,315.036276,1.301985,-1.272632,0.488501,0.303698,1.496106,-0.775484,-1.260423,0.678954,0.187239,0.608246,0.698238,1.314951,0.926922,-0.768974,0.494801
0.038297,0.263824,0.501630,0.341040,0.543344,0.351306,-1.476064,0.176980,1.761298,0.319058,0.286540,0.278494,0.831544,0.947272,0.494858,0.160821,0.391997,1.047334,-1.323257,0.947558,1.269469,-0.587293,-1.135579,0.682970,-0.143800,-1.015936,0.675476,0.454779,1.131797,-0.605297,1.240587,0.291783,163.943763,1.390497,-1.318834,0.490135,0.424493,1.027366,-0.773303,-0.637556,0.267091,0.208964,0.475015,0.152402,0.855957,1.396867,-0.979578,0.982619
0.038297,0.424330,1.970714,0.177318,0.510937,0.376771,-1.318744,0.261532,1.761298,0.080349,0.179656,0.523029,0.831544,0.473506,0.611785,0.149906,0.244596,1.047334,-1.203051,0.947558,0.549863,-0.493805,-0.877981,0.018145,0.180351,-0.728467,1.308249,0.442578,-0.377767,-0.734058,0.284882,0.433286,604.544731,1.298696,-1.356520,0.125364,0.113284,1.744991,-0.331053,-0.340611,0.479608,0.056184,0.677466,0.694801,0.855957,0.927943,0.201995,-0.173477
-1.138221,0.575635,2.087137,0.510877,0.592351,0.462553,-1.167688,0.624117,1.126015,0.273945,0.290449,0.513283,1.176480,1.335741,0.613709,0.399565,0.598029,0.844781,-1.068033,0.901868,1.616522,-0.332547,-1.151263,0.485959,-1.581832,-1.201343,1.308249,0.396261,-1.065626,-1.029683,0.417191,0.462020,786.398565,1.223925,-1.334443,0.206532,0.316715,1.948326,-0.838695,-0.883397,0.520168,0.262618,0.662495,0.664648,3.055770,1.733363,-1.225699,0.721195
-1.138221,0.723447,0.937332,0.521882,0.760644,0.377618,-1.315355,0.571902,1.207703,0.322315,0.503234,0.667676,1.176480,1.335741,0.663536,0.468348,0.732731,1.768176,-1.248702,1.081994,1.616522,-1.155580,-1.202439,1.190020,-1.581832,-1.201343,1.344036,0.400072,-1.065626,-1.595855,0.417191,0.510852,358.736343,1.340250,-1.347504,0.820879,0.434954,1.400692,-1.107801,-1.203992,0.795958,0.265738,0.554394,0.839419,3.055770,1.733363,-1.225699,0.721195
-0.770596,0.425958,0.570308,0.580186,0.902127,0.505844,-1.356519,0.379107,1.409731,0.604516,0.641934,0.612624,1.227086,1.699747,0.783944,0.687647,0.954628,1.916982,-1.247826,1.336476,1.549978,-1.883710,-1.235743,1.143191,-1.695545,-2.366921,1.344036,0.742158,0.678739,-1.756971,2.239382,0.819717,198.205149,1.359013,-1.353055,0.937515,0.755316,1.189698,-1.107801,-1.124148,0.540467,0.545481,0.565234,0.202093,4.366148,1.268571,-2.330231,1.595231
-0.770596,0.350277,1.339345,0.349867,0.585847,0.541299,-0.960035,0.480952,1.409731,0.181918,0.448755,0.649450,1.227086,1.699747,0.760212,0.489469,0.880828,1.017003,-0.805328,1.165625,1.549978,-1.659998,-0.905218,0.230148,-0.200428,-1.428244,1.433019,0.528925,-0.819000,-1.048530,0.434449,0.694044,437.745024,0.941654,-1.271716,0.265026,0.337986,1.327953,-0.406401,-0.279170,0.428754,0.205851,0.845868,0.650073,4.366148,1.166342,-0.053904,0.517819
-0.781906,0.581592,1.834454,0.398343,0.591909,0.486006,-1.364529,0.539710,0.917013,0.265421,0.288996,0.718984,1.258863,1.367079,0.798569,0.478678,0.598456,1.812087,-1.277410,0.840398,1.321436,-0.967824,-1.210154,0.351810,-2.221600,-1.320072,1.433019,0.492273,-1.341016,-1.017059,0.391221,0.749158,684.148033,1.373060,-1.326244,0.227592,0.365527,1.769664,-0.819619,-0.907913,0.548182,0.273677,1.078683,0.695329,2.925713,2.388214,-1.377868,0.869818
-0.781906,0.763501,1.319013,0.427430,0.786089,0.515235,-1.388601,0.505472,1.327461,0.302700,0.465985,0.951550,1.258863,1.367079,0.787918,0.565816,0.769378,2.558375,-1.252966,1.045073,1.321436,-1.016164,-1.318083,1.279086,-2.221600,-1.320072,1.296013,0.502867,-1.341016,-1.768963,0.391221,0.815732,489.479517,1.369770,-1.320243,0.849695,0.460408,1.905741,-1.093959,-1.266969,0.842468,0.266810,0.938136,0.993584,2.925713,2.388214,-1.377868,0.869818
-0.861195,0.436111,0.566571,0.694518,0.930702,0.420952,-1.375144,0.373533,1.327461,0.727236,0.726362,0.668888,1.192969,2.475729,0.675588,0.802277,1.139558,1.905847,-1.310087,1.443148,2.097138,-2.101433,-1.180212,1.276338,-0.972251,-3.006396,1.296013,0.710515,0.638996,-1.768963,2.549250,1.108399,199.950460,1.403880,-1.399087,0.966407,0.738900,1.085877,-1.093959,-1.169855,0.557979,0.598721,0.635400,0.201820,3.368268,1.907139,-2.660658,1.745606
-0.861195,0.359416,1.711225,0.365855,0.594692,0.483186,-1.201985,0.464094,1.238275,0.561835,0.658930,0.764736,1.189799,2.475729,0.733117,0.741575,1.085525,0.989620,-1.146223,1.065975,2.097138,-2.101433,-0.970979,0.451831,-0.972251,-2.844859,1.556849,0.521213,-0.602340,-0.995123,2.549250,0.930460,565.471146,1.258594,-1.318708,0.246154,0.283024,1.678823,-0.558319,-0.199037,0.419901,0.292757,0.862576,0.559634,3.368268,1.907139,-0.733955,0.409932
-1.258285,0.577775,1.983097,0.677101,0.598909,0.384525,-1.206758,0.657216,1.143237,0.275626,0.333413,0.768533,1.247363,1.323524,0.810974,0.464769,0.736025,1.348373,-1.134090,0.867249,1.845743,-0.452772,-1.038890,0.444726,-2.820897,-1.239291,1.556849,0.402974,-1.191450,-0.988449,0.428991,0.659459,829.281303,1.190013,-1.352460,0.220881,0.350526,1.762132,-0.945097,-0.879131,0.537131,0.269012,1.045565,0.654912,3.597553,2.070885,-1.241844,0.775015
-1.258285,0.709289,1.046161,0.708024,0.786580,0.363908,-1.356585,0.633561,1.156865,0.359739,0.547829,0.813267,1.247363,1.323524,0.739291,0.530069,0.895321,2.139698,-1.285701,1.094701,1.845743,-1.399187,-1.071405,1.433109,-2.820897,-2.201617,1.372828,0.396205,-1.191450,-1.495108,0.439835,0.682038,449.691707,1.340074,-1.259632,0.848651,0.515784,1.278241,-1.131531,-1.150679,0.780712,0.287153,0.929161,0.858147,3.597553,2.070885,-2.549326,1.509238
-0.561292,0.372648,0.586732,0.762215,0.900893,0.424749,-1.377367,0.346164,1.375011,0.647175,0.739772,0.736983,1.221729,1.519387,0.629101,0.674442,1.049338,1.847925,-1.272306,1.557792,1.515329,-1.965982,-1.013803,1.248336,-1.068418,-2.833256,1.372828,0.679253,0.662820,-1.852699,2.593958,0.724513,197.048507,1.309657,-1.333769,0.936556,0.722234,1.224259,-1.131531,-0.978022,0.477389,0.531112,0.490502,0.184514,4.706926,1.685348,-2.559066,2.009036
-0.561292,0.405882,1.645549,0.458514,0.556232,0.507144,-1.204268,0.429150,1.374057,0.212250,0.600505,0.843295,1.221729,1.519387,0.699519,0.517698,0.948720,1.847925,-1.181433,1.010375,1.515329,-1.965982,-1.081200,0.385257,-0.141577,-2.833256,1.507901,0.476351,-0.780143,-1.237788,0.651327,0.938130,507.888353,1.275281,-1.252835,0.228304,0.256247,1.346120,-0.372618,-0.218394,0.461138,0.189094,0.957928,0.610070,4.706926,1.258327,-0.295910,0.059304
-0.554357,0.617215,1.720347,0.368746,0.600286,0.493355,-1.157621,0.464308,0.791525,0.235863,0.255115,0.755250,1.166682,1.094660,0.735100,0.419386,0.614070,1.218453,-1.118828,0.946554,1.245760,-0.516609,-1.042042,0.540193,-1.879182,-1.125372,1.507901,0.384408,-1.368181,-1.077950,0.306429,0.855619,660.691564,1.223695,-1.419541,0.224505,0.319404,1.871444,-0.673362,-0.850980,0.531569,0.224706,1.118145,0.637305,2.000689,2.161419,-1.087166,0.587311
-0.554357,0.735137,0.831676,0.460196,0.749928,0.461050,-1.256276,0.439714,1.323529,0.253101,0.450649,0.768916,1.166682,1.094660,0.665032,0.684791,1.076612,1.501074,-1.139302,0.946554,1.300914,-1.077691,-1.027050,2.003979,-1.879182,-1.125372,1.209240,0.432450,-1.368181,-1.555125,0.306429,0.776939,327.333596,1.224377,-1.332625,0.806148,0.362188,1.035679,-1.055445,-1.168100,0.789821,0.215221,0.881557,0.976763,2.000689,2.161419,-1.243802,0.587311
-0.435245,0.412347,0.519765,0.927440,0.876665,0.550996,-1.303913,0.329251,1.323529,0.508960,0.716166,0.693240,1.215497,1.074359,0.612712,0.782112,1.068595,1.232574,-1.156381,1.392940,1.762081,-1.516699,-1.138897,1.842497,-1.196064,-1.839411,1.206925,0.622754,0.594492,-1.555125,2.066728,1.048442,167.298134,1.352846,-1.314174,0.906237,0.737109,1.063595,-1.055445,-1.166954,0.519122,0.456205,0.532703,0.212784,2.959795,1.633214,-1.005174,2.021875
-0.435245,0.296983,1.221602,0.612576,0.588097,0.802735,-1.212688,0.389891,1.183147,0.310584,0.611656,0.884574,1.215497,1.074359,0.603833,0.509547,0.786962,0.950032,-1.118829,1.149712,1.762081,-1.516699,-1.188227,0.362117,-1.196064,-1.839411,1.237893,0.513131,-0.119015,-1.224717,2.066728,1.315963,385.814428,1.273207,-1.313175,0.243053,0.383955,1.763438,-0.353947,-0.258819,0.352445,0.174495,0.873166,0.425648,2.959795,1.633214,-1.005174,0.828793
-0.223067,0.501430,1.135090,0.710760,0.582417,0.386035,-1.262863,0.341224,1.052333,0.207182,0.479292,0.859578,1.005831,1.747183,0.631702,0.337464,0.900551,0.799606,-1.129256,1.161116,3.086282,-0.123044,-1.301071,1.337893,-1.854969,-1.110576,1.237893,0.578520,-0.901719,-0.754489,0.370266,0.954445,456.176019,1.264507,-1.362026,0.210961,0.333437,1.758159,-0.618071,-0.860244,0.517065,0.260314,0.955829,0.610036,3.996727,1.885664,-1.266681,0.478558
-0.223067,0.674196,0.655426,0.733474,0.738705,0.338308,-1.302896,0.362572,1.267242,0.232106,0.531910,0.780019,1.005831,1.747183,0.617314,0.695073,1.292305,1.215322,-1.176805,1.184050,3.086282,-0.941634,-1.269203,2.591993,-1.854969,-1.110576,1.086356,0.532795,-0.901719,-0.996980,0.373297,0.823181,269.187349,1.313802,-1.274884,0.793765,0.421405,1.116318,-1.113224,-1.139475,0.724472,0.255842,0.776251,0.765945,3.996727,1.885664,-1.266681,0.478558
-0.076248,0.406006,0.497558,1.028390,0.818094,0.703141,-1.465252,0.289986,1.528133,0.493619,0.573569,0.573870,1.067484,1.127426,0.740172,0.694976,1.179184,1.021486,-1.200624,1.539187,1.006604,-1.211153,-1.158653,2.585841,-1.249075,-1.609003,1.086356,0.679017,0.605147,-1.906698,1.206086,0.583242,174.534551,1.362716,-1.389533,0.840972,0.761190,1.065669,-1.081094,-1.139475,0.535693,0.459035,0.643226,0.234977,3.246474,1.574233,-1.367443,2.267549
-0.076248,0.357998,1.511623,0.614017,0.568273,0.620087,-1.468998,0.302747,1.528133,0.359483,0.497591,0.775192,1.067484,1.127426,0.711653,0.421907,0.792574,0.573029,-1.313950,0.994553,1.006604,-1.211153,-0.952045,-0.008425,-1.030378,-1.407479,1.108434,0.515355,0.075379,-1.747178,1.206086,0.959138,474.069625,1.469433,-1.257993,0.179537,0.400044,1.767637,-0.344393,-0.004776,0.334655,0.192739,0.814016,0.447118,3.246474,1.574233,-1.367443,1.202081
0.417514,0.595146,1.340493,0.545765,0.594614,0.347892,-1.260446,0.233056,1.065756,0.257154,0.426834,0.712677,1.226980,2.011472,0.600419,0.454586,0.989469,0.833157,-1.144929,1.173357,1.506762,-0.367164,-1.171721,2.304651,-2.298934,-1.717525,1.108434,0.514474,-0.408617,-1.204625,0.669875,0.676336,532.950757,1.266127,-1.404200,0.278129,0.444242,1.813183,-0.800515,-1.226482,0.644500,0.342253,0.814054,0.457447,3.599946,1.260046,-1.480110,0.745939
0.179459,0.760376,0.934175,0.634803,0.764083,0.328795,-1.310754,0.228391,1.286321,0.377549,0.555450,0.786988,1.226980,2.011472,0.714577,0.805294,1.351089,1.367295,-1.223524,1.173357,1.506762,-1.456915,-1.258550,2.678359,-2.298934,-1.717525,1.488204,0.437543,-0.408617,-1.582059,0.669875,0.543033,377.984214,1.328636,-1.384036,0.823718,0.582874,1.709404,-0.990817,-1.252688,0.833141,0.383122,0.716068,0.617255,3.599946,1.260046,-1.649920,1.162953
-0.144565,0.350901,0.660796,0.675007,0.785989,0.762448,-1.398201,0.339110,1.623088,0.541298,0.641623,0.677825,1.089910,2.316979,0.827501,0.873751,0.896401,1.158204,-1.212468,1.330243,1.170569,-1.456915,-1.262570,2.453903,-1.509950,-1.564470,1.488204,0.611405,0.873323,-2.213207,1.388959,0.654281,213.111000,1.382606,-1.377977,0.827093,0.684676,1.344774,-0.983005,-1.242799,0.506579,0.494519,0.921568,0.203676,1.254395,1.405702,-1.649920,1.232236
-0.144565,0.374442,1.316899,0.429840,0.556574,0.700334,-1.254986,0.327545,1.623088,0.368537,0.470324,0.587349,1.089910,2.316979,0.678000,0.529171,0.326888,0.362840,-1.126635,1.330243,1.170569,-0.619213,-1.073383,0.132900,-1.509950,-1.564470,1.191126,0.516346,-0.343067,-1.593833,1.388959,1.098923,416.102047,1.239202,-1.393682,0.186337,0.437262,1.679786,-0.729061,-0.002659,0.397030,0.331749,1.025916,0.607532,1.254395,1.405702,-1.153100,1.110914
-0.724667,0.590456,1.395290,0.896991,0.612589,0.499302,-1.283406,0.470927,1.161909,0.213939,0.428026,0.767325,1.073487,1.200657,0.646918,0.468468,0.808591,1.862062,-1.155087,0.753813,2.687680,-0.619213,-1.181337,0.829023,-3.155254,-1.256416,1.191126,0.436077,-1.117942,-1.342481,0.312377,0.987062,552.850377,1.271354,-1.323953,0.210563,0.314957,1.754683,-0.744106,-0.831519,0.504988,0.255218,1.185639,0.740064,3.766227,1.689255,-1.199971,0.762197
-0.724667,0.768314,1.019346,0.865050,0.752038,0.327660,-1.369015,0.477826,1.258078,0.241041,0.616262,0.815636,1.073487,1.200657,0.695962,0.602397,1.001442,1.862062,-1.260697,0.997085,2.687680,-1.064747,-1.183982,1.603578,-3.155254,-1.256416,1.352206,0.378330,-1.117942,-1.412517,0.376940,0.748378,398.758141,1.350487,-1.408823,0.810230,0.424230,1.063943,-1.070099,-1.186375,0.840393,0.249992,0.958615,0.788064,3.766227,1.689255,-1.199971,0.762197
-0.567466,0.468901,0.484544,0.813583,0.872365,0.696538,-1.391683,0.376824,1.319922,0.658799,0.787892,0.696341,1.306463,0.956067,0.723261,0.739648,0.877342,1.558198,-1.214898,1.421377,1.336698,-2.253216,-1.018724,1.603578,-1.491181,-2.668065,1.352206,0.827528,0.382226,-1.989210,2.438797,0.979266,165.237392,1.325346,-1.422607,0.909082,0.746541,0.883403,-1.070099,-1.160570,0.598870,0.475942,0.589168,0.246405,2.578443,1.544848,-2.300517,1.686622
-0.567466,0.356003,1.264495,0.650990,0.618994,0.703190,-1.369767,0.391939,1.319922,0.523864,0.736949,1.002299,1.306463,0.956067,0.762117,0.676571,0.766529,1.558198,-1.181103,1.421377,1.336698,-2.253216,-0.956022,0.323875,-1.491181,-2.668065,1.470706,0.719110,-0.353730,-1.989210,2.438797,0.763245,418.347654,1.309612,-1.377642,0.245580,0.400630,1.168229,-0.327461,-0.051853,0.357857,0.176249,1.041416,0.528414,2.578443,1.544848,-0.722657,1.275411
-0.800894,0.568267,1.717416,0.653088,0.620919,0.383383,-1.396673,0.468203,1.091329,0.300905,0.425570,0.712312,1.180153,1.635567,0.740966,0.465881,0.871565,0.806984,-1.228386,1.114257,2.863200,-0.323773,-1.384793,0.809188,-2.711134,-1.342247,1.470706,0.417342,-0.959232,-1.100966,0.375491,0.601565,683.573082,1.370129,-1.414893,0.228910,0.358588,2.118205,-0.841242,-1.003129,0.549723,0.298666,1.032762,0.651410,3.642301,1.641174,-1.421404,0.760756
-0.800894,0.764552,1.252892,0.659774,0.775798,0.319112,-1.359187,0.462338,1.272964,0.358281,0.575890,0.732843,1.180153,1.635567,0.733832,0.567774,1.022316,1.743138,-1.172266,1.154406,2.863200,-1.306958,-1.421435,1.548218,-2.711134,-1.316792,1.486970,0.389860,-0.959232,-1.538055,0.379492,0.569922,477.955682,1.324938,-1.411022,0.836527,0.464206,2.169327,-1.043074,-1.294569,0.839234,0.292435,0.733357,0.813739,3.642301,1.641174,-1.421404,0.760756
-0.812595,0.408362,0.535118,0.726682,0.874196,0.631495,-1.369671,0.394599,1.283401,0.709988,0.872262,0.741312,1.197085,2.323305,0.741492,0.862186,1.285483,1.543563,-1.129074,1.714266,2.858087,-2.737849,-1.244040,1.507616,-1.075273,-4.219343,1.486970,0.934598,0.605182,-1.822704,2.601963,0.815840,180.827395,1.298670,-1.306700,0.911506,0.770142,1.159156,-1.043074,-1.182273,0.534151,0.586631,1.031070,0.183095,4.496116,1.675760,-2.293765,1.712976
-0.812595,0.377615,1.888132,0.443115,0.593443,0.771196,-0.888557,0.451358,1.283401,0.571295,0.834417,0.878614,1.197085,2.323305,0.793364,0.818607,1.215220,0.948134,-0.702661,1.714266,2.858087,-2.737849,-0.909411,0.577678,-1.075273,-4.219343,1.420864,0.838246,-0.561459,-1.344044,2.601963,1.072299,594.071931,0.793226,-1.271472,0.215249,0.397506,1.560177,-0.499953,-0.066558,0.383106,0.301716,1.150741,0.588237,4.496116,1.627006,-1.059176,0.931324
-1.301245,0.576463,2.044905,0.757519,0.620172,0.433724,-1.227983,0.697482,1.171242,0.249019,0.317720,0.790379,1.220497,1.173235,0.708720,0.380302,0.724754,1.038418,-1.149316,0.783902,2.039178,-0.348552,-1.046990,0.031773,-2.577947,-1.002167,1.420864,0.333622,-1.168620,-1.055402,0.288076,0.726133,793.052374,1.239424,-1.300763,0.199955,0.300843,1.901800,-0.942810,-0.831070,0.508016,0.218833,1.011573,0.632094,4.074416,2.027887,-1.179547,0.507916
-1.301245,0.732054,1.027294,0.826344,0.770691,0.276962,-1.302710,0.678553,1.207557,0.281074,0.552451,0.578933,1.220497,1.173235,0.645722,0.426495,0.779219,1.748809,-1.207289,1.103375,2.039178,-1.163228,-1.358958,0.805023,-2.577947,-1.002167,1.241978,0.389526,-1.168620,-1.657227,0.471112,0.605136,397.035759,1.309036,-1.322111,0.826446,0.412167,1.712226,-1.119467,-1.206836,0.782800,0.225203,0.800793,0.844768,4.074416,2.027887,-1.179547,0.507916
-0.659319,0.486915,0.513622,0.618773,0.915083,0.392847,-1.366955,0.366845,1.207557,0.600678,0.731750,0.593670,1.280488,1.791338,0.648989,0.567158,0.667222,1.147293,-1.301447,1.399412,1.781806,-2.396155,-1.424080,0.805023,-0.369599,-3.042815,1.241978,0.892634,0.474255,-1.657227,2.579494,0.714128,184.240455,1.417901,-1.388776,0.945608,0.709187,0.981430,-1.114079,-1.182703,0.578386,0.520787,0.654727,0.217292,1.871456,1.327612,-1.170494,1.611349
-0.659319,0.339907,1.065103,0.353864,0.623027,0.620652,-1.267897,0.517041,1.153764,0.472364,0.650425,0.880757,1.280488,1.791338,0.721705,0.545642,0.558939,1.147293,-1.269685,1.170207,1.781806,-2.396155,-1.227425,0.239812,-0.369599,-3.042815,1.527486,0.896651,-0.641535,-1.520886,2.579494,0.486872,357.310287,1.365531,-1.510652,0.247443,0.329758,1.760236,-0.369660,-0.293810,0.366519,0.281876,0.697492,0.545448,1.871456,1.327612,-0.867337,0.484235
0.211689,0.559676,0.918663,0.434308,0.582544,0.520059,-1.352537,0.307146,0.724781,0.205233,0.401921,0.917615,1.009130,1.851742,0.828484,0.262081,0.595139,2.402729,-1.383541,1.493888,1.478386,-0.940903,-1.298612,0.666106,-0.788135,-1.225009,1.527486,0.640298,-1.310159,-0.892328,0.458804,0.933733,378.069704,1.378559,-1.520691,0.245092,0.312546,1.713008,-0.829172,-1.611759,0.645390,0.247039,1.231495,0.626014,1.946066,2.059498,-1.199637,0.215372
0.211689,0.830995,0.491347,0.545845,0.479633,0.477215,-1.371744,0.299264,0.748255,0.294180,0.536161,0.573473,1.009130,1.851742,0.633398,0.537772,0.781699,2.402729,-1.242406,1.493888,1.478386,-0.940903,-1.088138,0.900325,-0.911390,-1.225009,0.655835,0.500489,-1.310159,-0.746002,0.458804,0.943663,196.104006,1.293303,-1.338844,0.565712,0.349816,0.916905,-0.869026,-1.763420,0.736589,0.342693,1.081082,0.824209,1.946066,2.059498,-1.199637,0.215372
0.219025,0.623174,0.632747,0.257237,0.224108,0.445383,-1.055874,0.285853,0.692152,0.268983,0.301655,0.357645,0.459990,1.608886,0.252693,0.328063,1.064817,0.588331,-1.044683,1.035346,1.367155,-0.610671,-0.869674,0.224631,-0.812511,-1.621801,0.870163,0.454134,-0.317883,-0.746002,0.646033,0.174466,222.810269,1.113067,-1.280070,0.165339,0.201191,1.343422,-0.745249,-0.602142,0.526364,0.248255,0.575832,0.363252,2.626380,0.647318,-0.214188,0.565273
0.219025,1.109614,1.270921,0.031267,0.321973,0.082074,-0.898794,0.096302,-0.238436,0.025993,0.057626,0.280606,0.422359,0.168950,0.111838,0.056710,0.024502,0.532238,-0.866167,0.685035,0.444469,-0.466723,-0.709501,-0.026665,0.359515,-0.007809,0.508711,0.176691,-0.355219,-0.603261,0.206042,0.128814,428.818534,1.007274,-1.324914,0.032347,0.079575,1.835260,-0.331136,0.998890,0.035241,0.002998,0.447446,0.023462,-0.088508,0.624312,-0.106810,-0.236980
0.280797,0.925096,1.047019,0.242879,0.416616,0.394727,-1.173626,0.190620,0.969113,0.112541,0.248935,0.229516,0.701689,0.820459,0.089490,0.202153,0.383969,0.508994,-1.042682,1.071916,0.915979,-0.521029,-0.782269,0.803834,-1.552490,-0.375354,0.620528,0.396261,-0.355219,-1.021001,0.652318,0.238133,435.780909,1.220481,-1.374404,0.151119,0.208008,1.711092,-0.577235,-1.120893,0.789282,0.113127,0.290050,0.457650,-0.031436,0.706805,-1.081663,0.274521
0.383989,0.743676,0.799567,0.300329,0.423227,0.337313,-1.273060,0.145755,0.969113,0.155717,0.270639,0.191297,0.701689,0.820459,0.102342,0.266259,0.415462,0.287289,-1.138557,1.071916,0.915979,-0.521029,-0.993922,0.803834,-1.555034,-0.375354,0.620528,0.430915,-0.316438,-1.021001,0.652318,0.371274,314.730985,1.324032,-1.351589,0.407194,0.254325,1.499680,-0.712862,-1.120893,0.812104,0.126204,0.347201,0.500070,0.009019,0.706805,-1.081663,0.274521
0.279270,0.520601,0.693734,0.433604,0.383079,0.213078,-1.428023,0.106785,1.082770,0.283669,0.419877,0.250925,0.663956,1.095881,0.218603,0.415236,0.604259,0.263363,-1.429364,1.168939,0.941730,-0.309637,-1.180456,0.803834,-1.555034,-1.159669,0.572917,0.352019,0.829778,-1.079978,0.652318,0.631698,214.005783,1.291243,-1.373291,0.416392,0.340102,1.510947,-0.712862,-1.120893,0.331113,0.260534,0.357066,0.053374,1.138977,0.795572,-0.463707,0.813035
0.279270,0.248018,0.599566,0.382491,0.422734,0.147979,-1.382470,0.185481,1.082770,0.208022,0.390036,0.399486,0.663956,1.095881,0.260719,0.339221,0.395837,0.247448,-1.370878,1.168939,0.941730,-0.309637,-1.156565,0.540323,-1.229873,-1.159669,0.525844,0.347862,0.581565,-1.079978,0.448106,0.615182,198.520634,1.232402,-1.272618,0.307676,0.305204,1.213134,-0.605933,-0.394460,0.084904,0.214828,0.595661,0.125121,1.138977,0.795572,-0.397570,0.813035
0.657087,0.515480,0.486247,0.108945,0.294373,0.054322,-0.914934,0.130071,-0.361166,0.096821,0.068444,0.045998,0.340840,1.080199,0.228836,0.026365,0.004118,-0.017336,-0.876040,-0.867413,0.382732,-0.248912,-0.587207,-0.210617,0.163052,-0.626705,-3.864122,0.205650,-0.542534,-0.342448,-1.146373,0.277156,205.174423,1.033841,-0.987013,0.028537,0.068057,0.920984,-0.314638,0.378772,0.168034,0.041658,0.248519,0.024695,-0.095175,8.198667,-0.056806,1.046384
0.453034,1.035343,0.537628,0.021543,0.283526,0.043818,-0.936168,0.018379,-0.327015,0.096821,0.019045,0.086610,0.289966,0.716330,0.228836,0.026365,0.004118,0.195755,-0.875957,-0.160932,0.436473,-0.102889,-0.669681,-0.154766,0.386788,-0.326996,-1.865316,0.205650,-0.393644,-0.382288,-0.512184,0.165492,237.837497,1.044862,-0.992078,0.004455,0.068057,1.051009,-0.320381,0.970307,0.024593,0.041658,0.107944,0.018427,-0.131145,5.134659,-0.007117,0.451930
0.538954,1.056699,0.521339,0.007618,0.273230,0.094177,-1.048952,0.014668,-0.418213,0.077476,0.007971,0.022074,0.277278,0.323341,0.183115,0.021097,0.003295,0.059648,-0.942282,0.546108,0.389551,-0.086060,-0.792891,-0.211224,0.355964,-0.003300,0.135074,0.164561,-0.473626,-0.363580,0.122507,0.060648,173.364985,1.119702,-1.296836,0.002248,0.054459,1.091985,-0.316248,1.039146,0.011354,0.033335,0.147378,0.011728,-0.169993,1.825433,-0.028159,-0.190100
0.534199,1.013735,0.529059,0.002081,0.270977,0.012041,-0.871616,0.013575,-0.421157,0.001499,0.002972,0.015744,0.275368,0.165943,0.014513,0.004039,0.002441,0.035860,-0.805113,0.637882,0.385400,-0.089464,-0.773993,-0.169467,0.378517,0.113023,0.443342,0.008587,-0.461701,-0.334069,0.202411,0.094683,193.717315,0.974147,-1.180927,0.001096,0.003702,0.874891,-0.317696,1.004161,0.005102,0.000687,0.070069,0.009673,-0.178582,0.590602,-0.029019,-0.425793
0.408693,0.775253,0.860768,0.363575,0.361223,0.084661,-1.169742,0.148611,1.040707,0.096065,0.159131,0.101255,0.606767,0.757324,0.074050,0.092089,0.267728,0.294712,-1.076815,0.894961,0.603784,-0.459866,-0.882817,0.326844,0.150822,-0.369836,0.520013,0.126247,-0.460636,-0.522626,0.476177,0.153955,328.477588,1.240433,-1.298493,0.167888,0.145288,1.566397,-0.594828,-0.943294,0.760066,0.091475,0.276781,0.528836,1.357674,0.801207,-0.544787,0.014341
0.234651,0.491838,0.513565,0.395537,0.334497,0.070746,-1.150829,0.192147,1.348589,0.115506,0.241379,0.168247,0.606767,0.757324,0.100437,0.144056,0.338870,0.529824,-1.090271,0.894961,1.013945,-0.606873,-0.887120,0.326844,0.050416,-0.369836,0.608219,0.192828,-0.193349,-0.598610,0.476177,0.275162,215.145433,1.216536,-1.313420,0.369882,0.232087,1.050227,-0.667847,-0.943294,0.522260,0.142972,0.386925,0.464455,1.357674,0.845014,-0.544787,0.343027
-0.066811,0.268021,0.534093,0.295277,0.476584,0.200365,-1.159676,0.144072,1.386139,0.175308,0.335738,0.206176,0.722029,0.684302,0.311432,0.183445,0.405132,0.623560,-1.034366,0.867429,1.013945,-0.576554,-1.029002,0.269392,0.047335,-0.498960,0.671011,0.253825,0.928236,-0.598610,0.629805,0.253641,177.106754,1.131203,-1.129313,0.301415,0.290127,1.245327,-0.644419,-0.242511,0.287323,0.154593,0.319013,0.133196,0.514287,1.062219,-0.389619,0.544430
0.044274,0.384295,1.577837,0.117074,0.446976,0.219778,-1.187333,0.248443,1.293956,0.046823,0.090915,0.381263,0.718081,0.203171,0.396467,0.132544,0.106553,0.541889,-1.124845,0.706478,0.515283,-0.288533,-0.823163,0.047005,0.239844,-0.212200,1.120926,0.192011,-0.360965,-0.621680,0.258241,0.486261,486.273198,1.209289,-1.261526,0.106387,0.063102,1.355655,-0.366472,-0.242511,0.426095,0.010010,0.618084,0.535242,0.431308,0.738912,0.332047,-0.202698
-1.148872,0.582231,1.696139,0.307196,0.553238,0.330398,-1.122498,0.651469,0.710606,0.244880,0.270535,0.430430,0.992203,1.135736,0.477220,0.329023,0.347845,0.665988,-1.047879,1.068428,2.121214,-0.757083,-0.958534,0.065345,-0.651366,-1.028806,1.120926,0.399866,-0.887019,-1.163330,0.295098,0.338541,665.325993,1.177868,-1.287195,0.206993,0.331198,1.940571,-0.971466,-0.937605,0.529113,0.213687,0.723109,0.430560,1.292046,1.202973,-1.086754,0.620115
-1.148872,0.723484,0.719721,0.462336,0.661395,0.265675,-1.175029,0.604516,0.963171,0.276798,0.286763,0.567301,0.992203,1.135736,0.480579,0.413116,0.487320,1.408609,-1.092316,1.103593,2.121214,-0.757083,-0.941503,1.324540,-0.725701,-1.028806,1.025995,0.457136,-0.887019,-1.163330,0.477759,0.297735,311.697462,1.215895,-1.500304,0.701927,0.382673,1.506385,-1.024566,-1.310531,0.758670,0.222374,0.782731,0.694874,1.292046,1.202973,-1.086754,0.620115
-0.446615,0.463510,0.528918,0.623055,0.710338,0.363496,-1.313608,0.266234,0.986539,0.558244,0.518491,0.310206,0.992930,1.556139,0.494347,0.453654,0.894422,0.891930,-1.255957,1.130065,1.747988,-1.343801,-0.894756,1.324540,-0.765533,-1.506169,1.023511,0.734470,0.617419,-1.035447,2.443445,0.175816,187.291599,1.340651,-1.478400,0.737658,0.517097,1.047848,-0.985460,-1.177010,0.535068,0.488133,0.489501,0.102904,3.162994,1.067578,-0.661364,0.911771
-0.446615,0.515459,1.291915,0.408184,0.570166,0.498804,-1.193109,0.373599,0.986539,0.247773,0.410803,0.659684,0.917137,1.556139,0.559435,0.361720,0.847160,0.891930,-1.049538,0.886488,1.747988,-1.343801,-0.767697,0.402581,-0.765533,-1.506169,1.061896,0.565849,-0.363781,-0.680796,2.443445,0.400250,412.324042,1.154697,-1.174655,0.144571,0.237494,1.490527,-0.383882,0.219791,0.273261,0.280338,0.771967,0.449391,3.162994,1.246192,-0.038876,0.105752
-1.370108,0.639739,1.266158,0.501561,0.602654,0.277180,-1.215346,0.726714,0.774247,0.252745,0.286264,0.565101,0.965530,1.249208,0.535800,0.412031,0.510790,0.688880,-1.194442,1.162072,2.412484,-0.789404,-0.885726,0.356074,-1.671494,-1.276200,1.061896,0.391358,-0.774602,-0.942789,0.313589,0.492331,503.306536,1.273196,-1.309181,0.194667,0.324604,1.506551,-1.089929,-1.102107,0.603667,0.232255,0.841134,0.417066,2.304577,1.346768,-1.177753,0.597199
-1.370108,0.721161,0.644826,0.530143,0.703320,0.193894,-1.275979,0.721617,0.995574,0.307336,0.404566,0.521044,0.965530,1.249208,0.536952,0.477224,0.630011,1.208677,-1.248782,1.162072,2.412484,-1.146324,-1.027559,0.684563,-1.671494,-1.276200,1.071285,0.416722,-0.774602,-1.220468,0.473187,0.434840,265.700858,1.298751,-1.340549,0.749516,0.408430,1.386294,-1.106740,-1.391078,0.738297,0.242879,0.699710,0.653720,2.304577,1.346768,-1.177753,0.597199
-0.537956,0.451629,0.504951,0.435889,0.747101,0.283758,-1.263794,0.266389,0.995574,0.525771,0.504762,0.248059,0.958919,1.888143,0.511560,0.453005,0.628102,0.782292,-1.208356,1.128146,1.294462,-1.146324,-0.946387,0.581092,-0.574409,-1.775200,1.048735,0.400152,0.632144,-1.220468,2.291534,0.442152,173.184467,1.298319,-1.337130,0.775424,0.509415,0.958206,-1.052050,-1.118142,0.501355,0.420008,0.698886,0.094005,1.085000,1.358201,-0.848262,1.143242
-0.537956,0.530857,1.640060,0.177789,0.574995,0.233196,-1.007021,0.382399,0.916150,0.278671,0.484790,0.554426,0.912069,1.888143,0.465453,0.343100,0.437542,0.782292,-0.917377,1.128146,1.195393,-1.141040,-0.776358,0.310101,-0.252353,-1.775200,1.036951,0.317305,-0.488050,-0.864348,2.101481,0.232785,536.782208,1.015301,-1.291510,0.137641,0.154302,1.722143,-0.537392,0.201448,0.302497,0.252243,0.706714,0.484534,0.868543,1.326511,0.155059,-0.194977
-1.611790,0.629628,1.521648,0.455307,0.607235,0.393879,-1.220543,0.750902,0.742362,0.254281,0.302771,0.556676,1.038254,1.381859,0.530444,0.288501,0.342935,1.239682,-1.165761,0.979551,2.275921,-0.801153,-0.836364,0.034590,-0.841572,-1.167772,1.036951,0.442438,-1.009366,-1.060952,0.310186,0.401239,612.980812,1.224961,-1.268705,0.175155,0.291987,1.737266,-1.093213,-0.763158,0.512134,0.240149,0.737020,0.469024,1.123883,1.583520,-1.197899,0.436444
-1.611790,0.679594,0.610797,0.580528,0.708523,0.347314,-1.341389,0.750595,1.246996,0.298396,0.371214,0.712238,1.038254,1.381859,0.529498,0.382842,0.535174,1.548480,-1.217507,1.192281,2.275921,-0.801153,-0.847718,0.842897,-0.841572,-1.167772,1.019051,0.452424,-1.009366,-1.060952,0.464227,0.704258,251.268300,1.312679,-1.239793,0.758899,0.367802,1.356811,-1.185727,-1.207411,0.720062,0.261441,0.605879,0.844386,1.123883,1.583520,-1.197899,0.514692
-0.395137,0.435943,0.499521,0.643831,0.788555,0.525522,-1.268299,0.280647,1.246996,0.455988,0.455936,0.334895,1.054536,1.259907,0.550320,0.399929,0.921839,0.954913,-1.199925,1.150785,1.579464,-1.146659,-0.926824,0.696465,-0.668844,-1.268800,0.979300,0.603658,0.550150,-1.076428,1.369025,0.543188,176.456325,1.298566,-1.225058,0.819107,0.717440,1.027050,-1.025117,-1.132760,0.526505,0.485851,0.407473,0.200956,3.650006,1.339808,-1.495637,1.478903
-0.395137,0.463443,1.235465,0.268325,0.557967,0.511119,-1.171733,0.384720,1.120193,0.121630,0.309689,0.722676,1.054536,1.229052,0.518014,0.237130,0.761356,0.954913,-1.097608,0.891143,1.579464,-1.146659,-0.887937,0.159509,-0.263779,-0.761191,1.085056,0.414353,-0.476091,-1.023293,0.597027,0.336481,436.579302,1.212854,-1.247394,0.178136,0.308583,1.710630,-0.355308,0.127973,0.337059,0.135644,0.708966,0.488839,3.650006,1.098477,0.074625,0.089905
-0.989192,0.609001,1.214053,0.492574,0.592509,0.286386,-1.249660,0.611775,0.538479,0.205861,0.232655,0.682574,0.999569,1.222741,0.539664,0.231800,0.437458,0.969096,-1.175081,0.852367,2.052129,-0.326197,-0.957524,0.357033,-0.894404,-0.828794,1.085056,0.394857,-0.955316,-1.038231,0.439116,0.374456,530.456116,1.280398,-1.327439,0.181778,0.266571,1.709010,-0.947350,-0.805467,0.520710,0.233481,0.837778,0.463439,2.144654,1.390873,-1.112095,0.449257
-0.989192,0.652774,0.618398,0.561380,0.700000,0.304079,-1.366291,0.606205,0.940747,0.256396,0.345322,0.530128,0.999569,1.222741,0.556433,0.345057,0.680430,0.988779,-1.300355,1.166226,2.052129,-0.749457,-0.895500,1.142311,-0.894404,-0.828794,1.098112,0.336896,-0.955316,-1.038231,0.463571,0.672244,258.957286,1.407071,-1.271178,0.746344,0.344549,1.432137,-1.042895,-1.107802,0.687923,0.237692,0.482439,0.718158,2.144654,1.390873,-1.112095,0.449257
-0.410493,0.445299,0.497293,0.853455,0.774133,0.425409,-1.332094,0.299707,0.940747,0.579023,0.653866,0.490112,1.081083,0.910948,0.508172,0.495960,0.813605,0.961304,-1.287798,1.257338,1.018032,-1.689817,-0.795257,1.140967,-0.771886,-1.791488,1.098112,0.677805,0.426483,-1.681022,2.289901,0.443521,170.075079,1.371393,-1.320186,0.801220,0.618235,0.814220,-1.008026,-1.061214,0.514148,0.498287,0.517339,0.148486,2.993895,1.583701,-1.477240,1.549553
-0.410493,0.488846,1.156960,0.531937,0.560149,0.648683,-1.095260,0.375013,0.884552,0.428902,0.645974,0.961158,1.081083,0.910948,0.543810,0.428639,0.633149,0.961304,-1.012409,1.086418,1.018032,-1.689817,-1.009475,0.220618,-0.771886,-1.791488,1.161595,0.630255,-0.332842,-0.716159,2.289901,0.501951,351.724662,1.146704,-1.233656,0.159553,0.275518,1.642477,-0.428548,0.163335,0.299636,0.164149,0.775640,0.408482,2.993895,1.583701,-0.760421,0.540900
-0.846732,0.619048,1.086495,0.791541,0.590153,0.367750,-1.212861,0.560307,0.619476,0.204166,0.451464,0.704919,0.925355,1.079334,0.564867,0.320391,0.555481,0.220938,-1.183197,0.993548,3.232319,-0.266987,-1.059400,0.843234,-1.811211,-0.906202,1.161595,0.440105,-0.735526,-1.101174,0.368666,0.620087,415.255216,1.264403,-1.332776,0.168436,0.286220,1.572239,-0.869204,-0.782628,0.538517,0.214542,0.743793,0.366026,1.946540,1.330536,-1.067637,0.485117
-0.846732,0.687524,0.533593,0.742754,0.667704,0.351037,-1.315674,0.573453,1.068875,0.238387,0.473121,0.482925,0.925355,1.079334,0.502423,0.505829,0.874642,1.081940,-1.237882,1.123340,3.232319,-0.596258,-1.084876,1.795822,-1.811211,-0.906202,0.910372,0.357744,-0.735526,-1.101174,0.409498,0.521931,214.976120,1.335824,-1.281936,0.713163,0.344537,1.086880,-1.029368,-1.142852,0.673243,0.219784,0.534830,0.654235,1.946540,1.330536,-1.067637,0.485117
-0.242258,0.420245,0.497989,0.832237,0.731002,0.589656,-1.384344,0.287842,1.068875,0.439352,0.583576,0.583212,1.043051,1.151502,0.488770,0.574759,0.850742,1.081940,-1.312614,1.217829,1.237560,-1.280409,-0.953480,1.411132,-0.651861,-0.883828,0.893675,0.551690,0.493212,-1.436631,1.440055,0.435882,168.815816,1.378623,-1.271475,0.758535,0.633478,0.877056,-0.975997,-1.067844,0.503976,0.418672,0.395428,0.175832,3.094351,1.439784,-0.999424,1.414359
-0.242258,0.446236,1.265064,0.465597,0.545233,0.650312,-1.282031,0.359644,1.057162,0.118159,0.448681,0.841284,1.043051,0.785220,0.539719,0.271216,0.375603,0.833003,-1.300246,0.989563,1.186639,-1.280409,-0.892017,0.056723,0.239575,-0.861784,1.117265,0.468941,-0.326629,-0.905369,0.448917,0.622734,401.260389,1.340256,-1.330856,0.148715,0.266517,1.643919,-0.337587,0.130399,0.277358,0.088781,0.663901,0.439037,1.822139,1.276511,0.065683,-0.183814
-0.409666,0.594826,1.137635,0.558692,0.596920,0.359514,-1.219213,0.490167,0.394099,0.185639,0.418406,0.772777,0.947993,1.203679,0.594106,0.212743,0.624885,0.618406,-1.201374,1.094620,2.210379,-0.249536,-0.861047,1.426752,-1.679005,-1.107536,1.117265,0.458139,-0.832410,-0.924228,0.375358,0.613445,456.142682,1.286726,-1.234990,0.184442,0.296525,1.642008,-0.675172,-0.895545,0.525538,0.205221,0.886978,0.361434,1.652491,1.582926,-1.139896,0.414044
-0.409666,0.709934,0.478814,0.559261,0.670482,0.378489,-1.324181,0.491848,1.144014,0.210144,0.494604,0.516619,0.947993,1.203679,0.565210,0.578249,1.065123,0.618406,-1.237874,1.147632,2.210379,-0.619469,-0.782067,2.464229,-1.679005,-1.107536,0.948004,0.458847,-0.832410,-0.924228,0.375358,0.740771,204.069250,1.360935,-1.261528,0.722404,0.353278,1.013677,-0.964324,-1.267987,0.653227,0.212221,0.707217,0.725798,1.652491,1.582926,-1.139896,0.465157
-0.019697,0.345512,0.562209,0.698735,0.705865,0.559903,-1.349751,0.231207,1.144014,0.556570,0.774482,0.658079,0.996031,1.523481,0.379711,0.850704,0.745161,1.169463,-1.244707,1.609175,0.869744,-2.142936,-1.103359,1.284325,-1.127815,-3.617170,0.919338,1.011329,0.652040,-1.250440,1.910659,0.317791,192.910223,1.368329,-1.279277,0.734947,0.533808,1.187921,-0.898905,-1.085121,0.452629,0.444941,0.420302,0.138892,0.752070,1.509533,-0.536352,1.113803
-0.019697,0.410647,1.016172,0.343117,0.496440,0.712912,-1.353647,0.444605,0.869665,0.193653,0.629528,0.818209,0.996031,0.645771,0.373936,0.469469,0.314523,0.769079,-1.163970,1.609175,0.782280,-2.142936,-0.901602,0.181808,0.053983,-3.131971,0.981546,0.730444,-0.401348,-1.250440,0.560301,0.772653,384.513234,1.325748,-1.369406,0.147078,0.172980,1.440066,-0.408905,0.042300,0.338891,0.084755,0.731126,0.388489,1.731120,0.829147,-0.014687,-0.067727
-1.139274,0.618789,1.153836,0.800689,0.566960,0.401243,-1.261031,0.729658,0.461135,0.198542,0.201486,0.593858,1.067858,1.199156,0.472770,0.300535,0.705427,0.219384,-1.076821,0.975298,2.883202,-0.072310,-1.030079,0.484438,-1.817326,-0.922863,0.981546,0.295635,-1.170290,-0.817840,0.408346,1.236139,518.080928,1.253677,-1.419167,0.169421,0.263676,1.602814,-0.863004,-0.656589,0.424479,0.209886,0.868787,0.527617,3.578327,1.850038,-1.112282,0.423691
-1.139274,0.686816,0.634658,0.800242,0.676718,0.407823,-1.270303,0.588693,1.086615,0.225599,0.365592,0.697714,1.067858,1.199156,0.493946,0.481939,0.877363,1.145362,-1.122194,1.083091,2.883202,-0.944285,-0.955137,1.609933,-1.817326,-0.922863,0.951485,0.293248,-1.170290,-0.817840,0.474255,0.839601,268.160737,1.279496,-1.272841,0.726542,0.337452,0.899886,-1.016679,-1.157634,0.715143,0.218053,0.739220,0.842195,3.578327,1.850038,-1.112282,0.423691
-0.225753,0.414176,0.493122,0.737698,0.794808,0.575510,-1.389089,0.245357,1.155472,0.450730,0.656194,0.587741,1.052165,1.442752,0.466319,0.646532,0.876336,1.221268,-1.248611,1.534470,1.247536,-1.849441,-1.037867,1.460481,-1.023327,-2.548417,0.835670,0.764567,0.499076,-1.449361,1.631329,0.855617,164.345988,1.360608,-1.321595,0.819258,0.688793,1.068863,-1.016679,-1.074106,0.526591,0.433101,0.556165,0.177730,3.216742,1.653853,-0.670405,1.786985
-0.225753,0.285692,0.879173,0.423111,0.570148,0.601762,-1.139449,0.374016,1.155472,0.160432,0.560525,0.683397,1.052165,0.939773,0.537148,0.341469,0.586959,1.221268,-0.960918,1.297333,1.247536,-1.849441,-0.987103,0.158235,0.284836,-2.548417,1.198348,0.649577,-0.204490,-1.130165,0.511654,0.836979,273.717330,1.107585,-1.297932,0.165265,0.298361,1.304633,-0.328116,-0.041013,0.272827,0.120924,1.221805,0.427107,3.216742,1.054937,-0.318571,0.806536
-1.122312,0.486902,1.230463,0.594956,0.595184,0.363503,-1.254438,0.674330,0.676002,0.251100,0.331659,0.594900,1.021866,1.103048,0.553638,0.364122,0.625362,0.666115,-1.152671,0.969919,2.937589,-0.382837,-0.944868,0.497664,-1.694079,-1.116549,1.198348,0.433445,-0.830475,-1.127584,0.359513,0.801025,483.093696,1.297760,-1.331851,0.172279,0.341749,1.916901,-0.910565,-0.793159,0.454102,0.217552,1.217380,0.447951,2.441864,1.455562,-1.095720,0.748464
-1.122312,0.670548,0.845437,0.562693,0.684791,0.364130,-1.294262,0.653537,1.195823,0.276429,0.426315,0.583165,1.021866,1.103048,0.558492,0.475863,0.755631,1.197301,-1.136545,1.176980,2.937589,-0.794610,-0.892516,1.291247,-1.694079,-1.116549,1.072313,0.393655,-0.830475,-1.086235,0.413773,0.793764,348.849263,1.292379,-1.255805,0.730071,0.410813,1.635205,-1.102590,-1.129269,0.668264,0.228707,0.585932,0.727982,2.441864,1.455562,-1.095720,0.748464
-0.571171,0.465689,0.526550,0.662556,0.781309,0.528027,-1.337952,0.332680,1.195823,0.480470,0.664029,0.581472,1.108324,1.414688,0.576086,0.532332,0.738752,1.276165,-1.186616,1.234809,1.574142,-1.295843,-0.943108,1.275617,-0.745221,-0.870105,1.072313,0.531390,0.573141,-1.346004,2.481943,0.457588,181.215794,1.290537,-1.326012,0.806902,0.634306,1.053737,-0.996161,-1.106674,0.566528,0.442684,0.283030,0.174695,2.917506,1.365884,-0.966614,1.465051
-0.571171,0.385811,1.189799,0.442986,0.569746,0.520723,-1.023355,0.415477,1.082424,0.211677,0.586570,0.881281,1.108324,1.414688,0.554702,0.348606,0.637009,1.276165,-0.958802,0.863980,1.574142,-1.295843,-0.845835,0.256737,-0.708948,-0.870105,1.098226,0.449546,-0.352895,-0.886697,1.947616,0.496033,388.357207,1.084535,-1.137979,0.194666,0.304072,0.943580,-0.352580,0.033333,0.321610,0.220521,0.595214,0.480326,2.917506,1.349465,-0.966614,0.702211
-1.065276,0.563998,1.236939,0.476007,0.576246,0.252397,-1.158996,0.587497,0.809321,0.220738,0.294145,0.694219,0.923089,1.194148,0.557205,0.391446,0.624720,0.534752,-1.113805,1.057831,1.927943,-0.283074,-0.917841,0.392519,-2.099924,-1.006315,1.098226,0.335074,-0.828647,-1.259905,0.371435,0.530677,492.466325,1.234715,-1.227202,0.189712,0.281250,1.685188,-0.902120,-0.785665,0.504327,0.242339,0.687959,0.457289,2.337003,1.481091,-1.017282,0.474985
-1.065276,0.644158,0.724491,0.485852,0.676893,0.219334,-1.233607,0.575826,0.871713,0.291093,0.431065,0.525351,0.923089,1.194148,0.538601,0.443639,0.737100,1.330427,-1.172974,1.091110,1.927943,-0.980900,-0.860252,1.153882,-2.099924,-1.006315,0.979418,0.297960,-0.828647,-1.259905,0.390364,0.489683,283.377547,1.296205,-1.147413,0.725505,0.368164,1.165843,-1.033755,-1.060729,0.699790,0.242704,0.539908,0.632452,2.337003,1.481091,-1.207159,0.474985
-0.535664,0.443325,0.529726,0.680154,0.749717,0.437950,-1.266560,0.318940,1.006475,0.535986,0.650712,0.574760,1.070448,1.226906,0.531237,0.547513,0.742022,1.690211,-1.144803,1.362477,1.293996,-1.439979,-0.797007,1.153882,-0.765907,-0.924552,0.978346,0.617492,0.420158,-1.536759,1.930255,0.229423,171.968398,1.318516,-1.154513,0.776211,0.598439,0.981819,-0.997730,-0.930020,0.478598,0.515949,0.381955,0.156825,3.108308,1.287331,-1.303096,1.327149
-0.535664,0.475873,1.302667,0.417891,0.550673,0.520823,-0.979181,0.415538,1.006475,0.209660,0.581101,0.901094,1.070448,1.226906,0.559671,0.420374,0.602997,1.690211,-0.897166,1.030199,1.293996,-1.439979,-0.913556,0.251251,0.087836,-0.924552,1.001031,0.501010,-0.380031,-0.985589,0.681792,0.674117,374.905887,1.071389,-1.205847,0.165841,0.271282,1.574326,-0.501311,0.160292,0.273019,0.152156,0.643950,0.421158,3.108308,1.287331,-0.309141,0.134155
-1.782401,0.623517,1.260961,0.434541,0.586565,0.303817,-1.247350,0.844433,0.531911,0.230327,0.364793,0.680460,0.932663,1.059991,0.491310,0.411811,0.435262,0.871752,-1.085930,1.106151,1.730467,-0.540037,-1.133189,0.041300,-2.171538,-0.979404,1.001031,0.301024,-0.829062,-1.297136,0.249358,0.658260,455.556549,1.263749,-1.124374,0.194371,0.301702,1.659223,-1.060089,-1.032778,0.575958,0.203215,0.787330,0.400470,1.914467,1.700737,-1.081826,0.606016
-1.782401,0.712251,0.565828,0.561068,0.683046,0.343164,-1.340088,0.844001,0.848267,0.320960,0.511957,0.603212,0.932663,1.059991,0.526147,0.472997,0.540026,1.374703,-1.194015,1.229147,1.730467,-1.109982,-1.128376,0.895726,-2.171538,-0.979404,1.090132,0.305171,-0.829062,-1.297136,0.475651,0.705753,235.717693,1.342912,-1.244284,0.731573,0.433466,1.176748,-1.336057,-1.302475,0.715128,0.251336,0.711913,0.630081,1.914467,1.700737,-1.081826,0.799301
-0.628641,0.392225,0.550244,0.499914,0.695728,0.315714,-1.214431,0.304482,0.848267,0.537002,0.575951,0.518152,0.871944,1.957630,0.505204,0.496968,0.787359,1.367533,-1.139512,1.066029,2.229824,-1.109982,-0.823886,0.812422,-0.372354,-1.609407,1.090132,0.482796,0.290980,-1.173712,2.585514,0.491549,192.617751,1.247284,-1.339716,0.707497,0.512306,1.137397,-1.054726,-0.767352,0.391169,0.396000,0.437797,0.158511,2.568208,1.515989,-0.603706,1.329499
-0.334652,0.395817,1.058992,0.050563,0.501467,0.243515,-1.057216,0.305840,0.757251,0.029874,0.297315,0.525862,0.822633,0.222553,0.339789,0.285731,0.200405,0.633328,-0.982799,1.066029,0.435237,-0.624192,-0.769720,0.315088,0.152562,-0.288021,0.827656,0.243915,-0.387046,-0.799744,0.211627,0.374863,362.695560,1.140331,-1.315467,0.097044,0.133210,1.540041,-0.344233,0.070742,0.237967,0.006334,0.410881,0.367386,0.977630,0.985291,0.207456,-0.135941
0.011411,0.555866,0.867393,0.609458,0.518092,0.236385,-1.191430,0.343713,0.308395,0.174070,0.244664,0.425410,0.839145,1.430089,0.454330,0.196851,0.825326,0.561280,-1.081916,1.526636,0.857316,-4.162486,-0.834819,0.706307,-1.217616,-0.858330,0.827656,0.301214,-0.686003,-0.799744,0.489762,0.238175,379.485739,1.227869,-1.338995,0.219968,0.261646,1.514631,-0.767001,-1.086143,0.571758,0.176482,0.639841,0.289613,1.917087,1.779898,-0.879289,0.003334
0.011411,0.571699,0.504187,0.668713,0.359239,0.354015,-1.402501,0.364436,0.509136,0.251548,0.408442,0.339369,0.839145,2.025969,0.383632,0.346188,0.889382,0.561280,-1.258395,1.526636,1.488273,-0.458928,-0.897269,0.850832,-1.217616,-0.858330,0.654242,0.300958,-0.686003,-0.790884,0.489762,0.378104,211.213103,1.384830,-1.189771,0.428541,0.252233,1.040336,-0.815285,-1.147420,0.500443,0.321291,0.684522,0.459022,1.917087,1.779898,-0.879289,0.003334
0.431681,0.510533,0.775363,0.207956,0.222584,0.218659,-0.700265,0.267734,0.509136,0.234908,0.219996,0.216999,0.409762,2.025969,0.185244,0.247779,0.797377,0.486838,-0.585533,1.089659,1.488273,-0.405424,-0.714507,0.267862,-0.739408,-1.603907,0.848690,0.281256,-0.248831,-0.672796,0.510029,0.248372,245.340266,0.716851,-0.974471,0.168534,0.132300,1.248047,-0.729677,-0.611270,0.444204,0.282072,0.466092,0.280691,2.179075,0.780943,-0.262083,0.099724
0.483704,0.848315,0.721131,0.016864,0.306729,0.085112,-0.847567,0.068335,-0.063957,0.013334,0.051298,0.180635,0.335964,0.165600,0.112217,0.051832,0.019578,0.375961,-0.781726,0.683336,0.399204,-0.268242,-0.696687,-0.089801,0.330214,-0.094040,0.848690,0.124176,-0.248831,-0.511013,0.201126,0.150930,252.065960,0.949749,-1.121923,0.013040,0.038179,0.687226,-0.323531,0.715031,0.050965,0.001677,0.432021,0.049776,-0.078243,0.706443,-0.095915,-0.261351
0.490660,0.697335,0.603261,0.308643,0.370332,0.368609,-1.162177,0.171705,0.856604,0.052488,0.244606,0.315592,0.519150,0.332940,0.078535,0.126589,0.185433,0.375961,-1.091275,0.774266,0.517188,-0.156946,-0.709073,0.552044,-0.454406,-0.285310,0.484595,0.303016,-0.247475,-0.738534,0.445526,0.171370,254.618653,1.197516,-1.172246,0.074885,0.131262,1.211894,-0.385205,-0.747938,0.498957,0.044354,0.395497,0.334205,0.128999,0.572693,-0.639018,-0.058432
0.487108,0.608365,0.673020,0.307458,0.309374,0.500890,-1.251468,0.138783,0.938430,0.091714,0.309962,0.262713,0.519150,0.359605,0.094840,0.194722,0.295699,0.266660,-1.207263,0.782782,0.517188,-0.137094,-0.599568,0.552044,-1.122227,-0.285310,0.532538,0.280688,-0.164546,-1.131948,0.445526,0.238525,276.132169,1.286839,-1.197197,0.249284,0.153156,1.380091,-0.478017,-0.790260,0.646946,0.075585,0.590430,0.421358,0.128999,0.572693,-0.639018,0.072149
0.315569,0.470268,0.661407,0.474339,0.250265,0.295068,-1.352907,0.291100,0.949673,0.276448,0.407069,0.220827,0.741275,0.851085,0.178748,0.368906,0.646800,0.081414,-1.275461,1.012904,0.734370,-0.065679,-1.005735,0.552044,-1.380639,-0.548298,0.532538,0.259418,0.687746,-1.131948,0.697904,0.450494,219.093960,1.352862,-1.207154,0.285044,0.211682,1.450026,-0.478017,-0.790260,0.211640,0.199696,0.358855,0.081374,1.683455,0.824621,-0.410341,0.351911
0.315569,0.231392,0.595019,0.419075,0.348227,0.265454,-1.287843,0.196028,0.949673,0.231373,0.433213,0.266567,0.741275,0.851085,0.197640,0.327702,0.588680,0.032616,-1.186228,1.012904,0.734370,-0.194809,-1.045068,0.261497,-1.380639,-0.548298,0.567393,0.264790,0.270988,-1.126578,0.697904,0.325845,195.944350,1.276976,-1.247522,0.266980,0.214278,1.240860,-0.414227,-0.520508,0.149380,0.188614,0.356182,0.203459,1.683455,0.824621,-0.410341,0.351911
-0.125741,0.132266,0.615228,0.798106,0.475305,0.826901,-0.989365,0.255883,0.626247,0.185648,0.852919,1.493159,0.801912,1.214691,0.367982,0.631261,0.760209,1.897184,-0.964492,1.468082,0.744849,-2.290157,-1.033034,0.112581,-1.076974,-2.531851,0.636199,1.164537,0.139866,-1.553027,0.415656,1.317675,201.527886,1.096456,-1.192128,0.150626,0.338182,1.381242,-0.362332,-0.036273,0.107521,0.197775,0.930740,0.126068,2.454678,1.119211,-0.476201,0.709145
0.433790,0.271925,0.660763,0.060373,0.375152,0.486263,-1.059456,0.197658,0.528373,0.041882,0.222985,0.883489,0.468837,0.171113,0.255631,0.135506,0.033281,-0.518208,-0.969712,0.791258,0.406856,-0.371035,-0.765066,-0.096688,0.258302,-0.481710,0.636199,0.383795,0.133592,-1.553027,0.205556,1.048293,217.964413,1.149659,-1.199866,0.039666,0.095690,1.280985,-0.323011,-0.036273,0.163196,0.003342,0.947670,0.078552,-0.085421,0.752790,-0.085369,-0.079076
0.585070,0.360688,0.597281,0.240206,0.391550,0.437577,-1.325197,0.274394,0.419130,0.061557,0.338751,0.738138,0.448946,0.307016,0.194446,0.149162,0.135666,0.099429,-1.153841,0.767516,0.350855,0.010499,-0.808134,0.658752,-1.751308,-0.229512,0.723068,0.342789,-0.135826,-0.787749,0.317420,0.830211,249.863146,1.304364,-1.266700,0.032309,0.113857,1.192888,-0.323011,0.054218,0.097201,0.022571,0.630454,0.171452,0.451475,0.919059,-0.339300,-0.079076
1.025464,0.231834,0.482434,0.580249,0.269586,0.399020,-1.387130,0.156589,0.239775,0.067532,0.434574,0.357003,0.448946,0.549695,0.178930,0.421819,0.577970,0.099429,-1.233049,0.890347,0.393237,-0.022001,-0.842195,1.535743,-2.084762,-0.229512,0.723068,0.350454,-0.135826,-0.734597,0.317420,0.486881,205.244399,1.336288,-1.280507,0.165411,0.149510,0.967386,-0.443867,-0.097102,0.217980,0.094479,0.438069,0.109911,1.068197,0.919059,-0.339300,0.073832
0.541891,0.473460,0.480119,0.565772,0.145989,0.427517,-1.105346,0.368890,0.199964,0.083955,0.614205,0.462148,0.263361,0.549695,0.151800,0.455582,0.526736,0.175363,-0.979935,0.821487,0.599012,-1.029178,-0.852156,1.535743,-1.153139,-0.500707,0.614687,0.458004,-0.289683,-0.863984,0.361742,0.339930,162.292588,1.143197,-1.285721,0.091722,0.157649,0.909406,-0.443867,-0.097102,0.387484,0.093814,0.343153,0.148038,1.068197,0.480639,-0.305988,0.112648
0.538254,0.956356,0.787781,0.045218,0.279168,0.161219,-1.002373,0.082113,-0.116107,0.027711,0.312786,0.141021,0.500274,0.172191,0.083942,0.147209,0.024945,0.264384,-0.919091,0.737769,0.404670,-0.387964,-0.773115,0.014675,0.338420,-0.006883,0.614687,0.196648,-0.445329,-0.604611,0.214725,0.193855,267.076780,1.106983,-1.278960,0.066878,0.107729,1.489414,-0.324402,0.657360,0.092348,0.002394,0.309844,0.094554,-0.082946,0.524935,-0.459458,0.115658
0.538254,0.875165,0.801741,0.544777,0.415111,0.188204,-1.239582,0.210218,0.985346,0.103098,0.133761,0.142802,0.821355,1.171979,0.105352,0.166244,0.389874,0.298644,-1.170419,0.885554,0.510322,-0.532004,-0.972814,0.794709,-0.196597,-0.723726,0.573589,0.205415,-0.445329,-0.811987,0.562708,0.354583,333.508867,1.272147,-1.289208,0.236592,0.213843,1.531533,-0.627033,-1.195431,0.862314,0.165418,0.203964,0.471334,1.525527,0.845020,-0.727276,0.158341
0.113251,0.643668,0.600359,0.667709,0.464773,0.178417,-1.242188,0.288643,1.423010,0.182946,0.266661,0.190379,0.821355,1.171979,0.151879,0.210178,0.431939,0.595027,-1.156622,0.885554,1.253625,-0.757704,-1.076061,0.803541,-0.196597,-0.723726,0.606647,0.302717,-0.326954,-0.811987,0.562708,0.219430,241.663311,1.215260,-1.310127,0.505813,0.307570,1.189081,-0.798848,-1.195431,0.658878,0.237837,0.180206,0.591029,1.525527,0.946941,-0.727276,0.514841
-0.022850,0.215659,0.603469,0.403157,0.549724,0.329530,-1.392202,0.186064,1.514442,0.368085,0.250328,0.366696,0.919892,1.189090,0.356193,0.199208,0.436932,0.830280,-1.366883,1.175589,1.253625,-0.757704,-1.024531,0.659674,0.293368,-0.941829,0.599941,0.546751,0.915878,-0.551229,1.480075,0.250623,194.910716,1.361945,-1.193019,0.462863,0.474926,0.934116,-0.751847,-0.475709,0.246943,0.264033,0.509244,0.161450,0.683835,1.208913,-1.613506,1.493113
0.155046,0.363474,1.609756,0.136473,0.460609,0.369563,-1.210716,0.249677,1.514442,0.065240,0.151079,0.557207,0.730723,0.312413,0.395569,0.111180,0.159271,0.830280,-1.044590,0.884633,0.506929,-0.677516,-0.784966,0.018400,0.255895,-0.941829,1.060866,0.454035,-0.435053,-0.802233,0.228640,0.495321,479.313214,1.198045,-1.324753,0.105946,0.077803,2.138848,-0.333619,-0.187551,0.407094,0.016473,0.608548,0.608528,0.683835,0.795822,0.097012,-0.237307
-1.058703,0.570610,1.686859,0.560839,0.566472,0.224277,-1.243622,0.652019,0.857447,0.214486,0.236213,0.456463,1.095618,1.105557,0.543520,0.338771,0.573010,0.522247,-1.123116,0.866952,2.015444,-0.465950,-0.913472,0.056966,-1.745140,-0.936617,1.060866,0.317010,-0.964386,-0.999553,0.264227,0.503406,640.355196,1.252597,-1.336862,0.203336,0.269917,1.958157,-0.888348,-0.865797,0.511025,0.212991,0.702394,0.516324,2.802053,1.301707,-1.123033,0.410193
-1.058703,0.735186,0.743230,0.624695,0.701648,0.190384,-1.285687,0.610776,1.091583,0.269092,0.374717,0.516096,1.095618,1.105557,0.550376,0.388304,0.676736,1.272061,-1.166663,1.109917,2.015444,-0.761133,-1.034394,0.825681,-1.745140,-0.936617,1.001713,0.311226,-0.964386,-0.999553,0.438211,0.507313,300.263241,1.265612,-1.385483,0.753297,0.362960,1.047364,-1.020422,-1.266864,0.775654,0.223848,0.698038,0.759191,2.802053,1.301707,-1.123033,0.410193
-0.388056,0.422890,0.529704,0.553797,0.785099,0.380031,-1.308412,0.290968,1.091583,0.594140,0.701271,0.513591,1.029273,1.440825,0.498749,0.503898,0.586840,1.272315,-1.235820,1.137834,1.923552,-2.135790,-1.005951,0.822981,-0.253125,-3.793127,0.943956,0.661426,0.639896,-0.982754,2.531541,0.297407,177.846846,1.338957,-1.442985,0.816917,0.564762,0.655949,-1.020422,-1.141739,0.529721,0.473893,0.614523,0.121202,2.154340,1.072792,-1.067854,1.219505
-0.388056,0.412749,1.394420,0.319259,0.560883,0.537390,-1.198935,0.374291,1.008688,0.210740,0.642372,0.753403,1.019473,1.440825,0.559688,0.321745,0.384522,0.849028,-1.154002,1.132614,1.923552,-2.135790,-0.834075,0.128852,0.031571,-3.793127,1.131335,0.600461,-0.568259,-0.909390,0.557472,0.466970,448.879396,1.272443,-1.227711,0.165006,0.205838,1.686732,-0.360153,-0.008705,0.341045,0.212240,0.721476,0.519879,2.154340,0.768688,-0.461346,-0.082014
-1.702888,0.592564,1.554983,0.454747,0.600639,0.295822,-1.210092,0.781684,0.590912,0.232534,0.305883,0.638198,1.134242,0.821702,0.556106,0.324237,0.566431,0.622501,-1.176027,0.923039,1.832533,-0.873980,-0.921937,-0.018568,-1.449686,-1.053323,1.131335,0.357351,-1.047396,-0.901001,0.284413,0.483242,640.453150,1.283156,-1.348561,0.183650,0.299048,1.831177,-0.715790,-1.002881,0.530340,0.145278,0.978445,0.460216,2.032380,1.496585,-1.233188,0.602868
-1.702888,0.788946,0.752981,0.627142,0.689331,0.239467,-1.265973,0.821498,0.941864,0.248591,0.344995,0.499087,1.134242,0.821702,0.555809,0.391784,0.654603,1.070473,-1.190963,1.204318,1.832533,-0.873980,-0.994695,1.105299,-1.449686,-1.053323,1.063915,0.408308,-1.047396,-0.952386,0.371730,0.494004,317.116845,1.282053,-1.253379,0.741427,0.357043,1.570770,-1.178715,-1.510140,0.767845,0.188526,0.862195,0.769224,2.032380,1.496585,-1.233188,0.602868
-0.587820,0.467137,0.557305,0.888856,0.834471,0.385210,-1.380999,0.303949,1.112110,0.550256,0.670175,0.373920,1.152867,1.111052,0.486074,0.520231,0.695585,1.011113,-1.166736,1.995587,1.557254,-1.965161,-0.977214,1.105299,-0.527280,-1.293912,1.004069,0.780679,0.316371,-1.298311,2.522100,0.593990,186.294075,1.350545,-1.298206,0.856194,0.779157,1.063488,-1.072632,-1.262474,0.597526,0.571949,0.511841,0.207953,2.086576,1.741207,-1.054534,2.464946
-0.587820,0.336575,1.297772,0.296893,0.569428,0.406212,-0.867774,0.453737,1.112110,0.194032,0.633936,0.692599,1.152867,1.111052,0.523810,0.352801,0.462600,1.011113,-0.796703,1.101351,1.557254,-1.397382,-0.812527,0.464955,0.041883,-1.116396,1.185232,0.551345,-0.388699,-1.157260,0.498189,0.660606,429.160931,0.963499,-1.206397,0.203479,0.267577,1.137385,-0.340101,-0.071264,0.335518,0.134977,0.904384,0.472118,2.086576,1.408266,0.206180,0.193244
-1.251919,0.558196,1.358063,0.585572,0.582011,0.307648,-1.104575,0.691061,0.566344,0.235441,0.241620,0.688123,1.056556,1.060112,0.614232,0.316260,0.566180,0.950478,-1.079625,1.033481,2.178920,-0.487560,-0.886759,0.056185,-2.104822,-1.120686,1.185232,0.420107,-0.960678,-1.253703,0.249467,0.526425,556.350464,1.186747,-1.382358,0.180248,0.273569,1.798591,-0.926375,-0.828609,0.499353,0.211645,0.857222,0.457350,2.853375,1.627969,-1.096138,0.442812
-1.251919,0.683008,0.635953,0.651162,0.667875,0.291698,-1.247258,0.677338,0.966126,0.273033,0.410120,0.633364,1.056556,1.060112,0.564869,0.382417,0.660415,1.357800,-1.192345,1.182883,2.178920,-0.733735,-0.917843,1.150229,-2.104822,-1.120686,1.022392,0.421652,-0.960678,-1.253703,0.434586,0.519119,268.984753,1.314008,-1.591763,0.710819,0.347795,0.360367,-1.053832,-1.157753,0.699502,0.227126,1.168762,0.721073,2.853375,1.627969,-1.096138,0.442812
-0.390542,0.432499,0.506098,0.583890,0.727657,0.336282,-1.383496,0.304578,1.005139,0.522696,0.597826,0.362181,0.979632,1.049245,0.522901,0.466293,0.910552,0.874283,-1.228395,1.076946,2.066790,-1.183544,-0.903569,1.143143,-0.411252,-0.783914,1.022392,0.539169,0.522533,-1.407761,1.915961,0.384088,163.669695,1.369875,-1.576261,0.751198,0.525422,1.051201,-1.019254,-0.943868,0.502697,0.451470,1.371476,0.129155,2.350528,0.614659,-0.823463,1.242807
-0.390542,0.476906,1.346337,0.385452,0.543101,0.438991,-1.087943,0.400129,1.005139,0.110981,0.393603,0.538445,0.979632,1.010113,0.463259,0.334953,0.797058,0.874283,-1.014153,1.028074,2.066790,-1.183544,-0.805541,0.078060,-0.263001,-0.646773,1.002270,0.374079,-0.404002,-0.773053,0.330075,0.437953,421.420430,1.169899,-1.301184,0.136500,0.175580,1.843699,-0.369606,0.121276,0.319395,0.140912,0.923511,0.438807,2.229971,0.853368,0.015347,-0.229403
-1.031718,0.636021,1.519645,0.432406,0.589283,0.290828,-1.215142,0.629622,0.446186,0.229497,0.338456,0.506097,1.021702,1.055477,0.472299,0.399803,0.571646,0.357585,-1.165435,1.116478,1.832549,-0.407471,-1.029794,0.666678,-2.199218,-0.925220,1.002270,0.389926,-1.025802,-0.900891,0.297235,0.609648,598.354619,1.273196,-1.327312,0.192778,0.311330,1.928295,-0.845979,-0.939773,0.535817,0.218253,1.023638,0.421352,1.959897,1.405311,-1.101486,0.605149
-1.031718,0.629882,0.479455,0.441871,0.667268,0.302612,-1.329070,0.590435,0.881222,0.287439,0.509905,0.651479,1.021702,1.055477,0.508518,0.552677,0.848270,1.307649,-1.228848,1.116478,1.832549,-0.847274,-0.890804,1.807698,-2.199218,-0.925220,1.146595,0.367466,-1.025802,-0.900891,0.314841,0.434735,201.398409,1.321269,-1.282625,0.714238,0.450302,0.870372,-1.025876,-1.136590,0.645003,0.250897,0.796770,0.719763,1.959897,1.405311,-1.101486,1.358444
-0.442132,0.258595,0.602303,0.821530,0.711176,0.499252,-1.372683,0.349450,1.006507,0.575334,0.898123,0.828829,1.107394,1.065173,0.423162,0.863865,1.399871,1.347942,-1.230834,1.809765,1.616411,-1.547236,-0.938960,1.099906,-1.841388,-3.847817,0.946533,0.731636,0.461945,-1.540706,2.168632,0.480535,210.354792,1.347239,-1.287408,0.710645,0.604780,1.087653,-0.958327,-0.614840,0.330211,0.410839,0.462007,0.154569,5.503129,1.495551,-0.714262,1.661103
0.024009,0.357031,0.988349,0.070554,0.457872,0.372483,-1.306793,0.252554,0.983107,0.050983,0.561596,0.612587,0.882571,0.187893,0.310541,0.331138,0.099170,0.066531,-1.216631,1.382205,0.469550,-0.279188,-0.889380,0.358295,0.117829,-1.268026,0.903267,0.317417,-0.454572,-1.540706,0.210177,0.843031,337.746825,1.331294,-1.280692,0.114199,0.154903,1.228840,-0.343893,-0.147367,0.365689,0.006350,0.533496,0.422220,0.191017,0.887052,0.149174,-0.212456
-0.742628,0.586251,0.988921,0.790717,0.573410,0.414823,-1.329046,0.578912,0.379012,0.179984,0.316071,0.544446,1.027867,0.999191,0.497193,0.301398,0.594621,0.103584,-1.245933,0.816074,2.726021,-0.045838,-1.082336,0.857595,-1.931249,-0.914324,0.903267,0.256070,-1.105367,-0.640375,0.360451,0.826634,410.032037,1.372230,-1.394438,0.174817,0.264646,1.655891,-0.835376,-0.774839,0.447429,0.198800,0.509523,0.456384,2.946720,1.793594,-1.123012,0.373486
-0.742628,0.705152,0.564385,0.738246,0.694179,0.430718,-1.417620,0.548891,1.164943,0.224731,0.378780,0.583766,1.027867,0.999191,0.479064,0.535692,0.993778,0.856655,-1.317950,1.078959,2.726021,-0.570098,-1.040873,1.970325,-1.931249,-0.914324,0.900031,0.300286,-1.105367,-0.812517,0.414484,0.688713,238.191002,1.414473,-1.346227,0.748962,0.343250,1.089885,-1.006681,-1.208152,0.732757,0.199561,0.565023,0.838483,2.946720,1.793594,-1.123012,0.373486
-0.177944,0.435465,0.490589,0.778630,0.765839,0.497881,-1.383357,0.303178,1.165608,0.423888,0.601542,0.548128,0.902142,1.027067,0.472846,0.713541,1.002307,0.786849,-1.257118,1.122384,1.133763,-1.147241,-0.928232,1.805291,-1.194179,-1.242620,0.900031,0.552854,0.436733,-2.290301,1.306665,0.510251,157.122749,1.389637,-1.302104,0.798635,0.648902,0.973246,-1.006630,-1.205841,0.556288,0.378220,0.402850,0.208806,3.160874,1.423843,-1.389968,1.531703
-0.177944,0.368720,1.434134,0.457745,0.528699,0.603605,-1.231816,0.377831,1.165608,0.097925,0.482722,0.668419,0.902142,0.859093,0.537375,0.334882,0.646190,0.750919,-1.136518,0.750310,1.133763,-1.147241,-1.218207,-0.031181,0.150014,-0.550931,1.144417,0.456210,-0.253104,-1.322210,0.494895,0.497174,440.394268,1.309625,-1.385454,0.141250,0.290663,1.851792,-0.382265,0.059570,0.299156,0.090791,0.626476,0.431243,3.160874,1.423843,0.022224,-0.166260
0.503240,0.564309,1.280767,0.600664,0.550659,0.273190,-1.272346,0.216247,0.722829,0.204209,0.434484,0.548215,1.070400,1.794325,0.565663,0.278454,0.708984,0.262616,-1.172220,1.160842,1.038935,-0.092809,-1.499390,2.347425,-1.549884,-1.141292,1.144417,0.515426,-0.618881,-0.803576,0.466045,0.415588,495.967888,1.335900,-1.379687,0.227079,0.332081,1.796251,-0.689081,-0.841262,0.540948,0.284682,0.732476,0.384464,1.721162,1.439166,-1.143264,0.449733
0.112837,0.588960,0.623692,0.719189,0.641186,0.322318,-1.347625,0.287470,1.386196,0.308156,0.497843,0.571085,1.070400,1.794325,0.530255,0.642905,1.075832,0.657778,-1.203627,1.160842,1.038935,-1.100011,-1.365356,2.635077,-1.549884,-1.141292,1.069449,0.496148,-0.618881,-1.149879,0.466045,0.603097,256.439905,1.348553,-1.302003,0.691240,0.417378,1.308200,-0.902673,-0.977452,0.639715,0.325555,0.592590,0.727378,1.721162,1.439166,-1.143264,0.789799
-0.154291,0.253102,0.653853,0.631333,0.666443,0.831010,-1.205822,0.349956,1.386196,0.438513,0.584944,0.605620,1.040522,1.856217,0.495869,0.713434,0.905692,1.068672,-1.072747,1.427138,0.891692,-1.100011,-1.140121,1.940151,-0.934102,-2.081605,1.045766,0.759976,0.729295,-1.149879,1.024704,0.343933,214.091459,1.221099,-1.293778,0.696656,0.494383,1.239262,-0.902673,-0.944332,0.347677,0.388353,0.700714,0.176155,0.837185,1.234908,-0.856671,0.884512
-0.154291,0.394521,0.966809,0.129412,0.510525,0.734314,-1.080082,0.301301,1.245004,0.172154,0.479724,0.629187,1.040522,0.579548,0.525956,0.320258,0.251174,0.769891,-0.982027,1.427138,0.847486,-0.978709,-0.938382,0.205639,0.025754,-2.081605,0.995360,0.472408,-0.293078,-0.954102,0.483722,0.472820,320.147770,1.168913,-1.339758,0.165339,0.218914,1.450392,-0.388127,0.025307,0.351932,0.057744,0.656366,0.494720,0.243446,0.940687,0.005557,0.167583
-1.409314,0.591556,1.085784,0.936986,0.569679,0.367444,-0.989313,0.653551,0.813738,0.196751,0.400965,0.570458,0.928787,1.043659,0.524735,0.367418,0.613902,0.576332,-0.839691,0.931238,2.869403,-0.079187,-1.104935,0.681316,-2.068235,-1.065141,0.995360,0.476390,-0.777263,-1.138831,0.230103,0.598879,423.172158,0.996935,-1.342616,0.182624,0.294366,1.654698,-0.794028,-0.708535,0.491300,0.198109,0.770013,0.480911,3.118234,1.822002,-1.081773,0.549984
-1.409314,0.739310,0.655146,0.938949,0.697276,0.404708,-1.247441,0.716809,1.197763,0.236656,0.546144,0.659704,0.928787,1.043659,0.522241,0.475481,0.797779,0.781239,-1.183470,1.073021,2.869403,-0.597804,-1.052414,1.513397,-2.068235,-1.065141,1.037032,0.407812,-0.777263,-1.138831,0.508997,0.501209,250.392886,1.297850,-1.244687,0.747766,0.360532,0.429201,-1.148243,-1.286871,0.755828,0.212129,0.758165,0.715305,3.118234,1.822002,-1.099518,0.549984
-0.735657,0.489462,0.534693,0.873415,0.811229,0.607603,-1.402255,0.361174,1.197763,0.608790,0.682341,0.607401,1.158375,1.390608,0.582282,0.706101,1.160045,1.866483,-1.311229,1.660339,1.220685,-1.511225,-0.899040,1.380272,-1.858296,-3.109454,1.037032,0.597496,0.489923,-1.509237,2.584268,0.462715,172.553088,1.367945,-1.201001,0.841805,0.725946,1.020366,-1.021073,-1.264259,0.609876,0.532758,0.640163,0.206758,3.425079,1.551398,-0.926038,2.034855
-0.735657,0.405506,0.951212,0.583741,0.556182,0.691207,-1.086964,0.422013,1.168124,0.074391,0.466403,0.722069,1.158375,1.390608,0.556188,0.256762,0.740044,1.866483,-0.938326,0.960085,1.220685,-1.511225,-0.993549,0.269885,0.067747,-0.862295,1.186192,0.394638,-0.414934,-1.448301,0.370141,0.546581,327.013119,1.021786,-1.463956,0.188288,0.291172,1.000069,-0.331252,0.061667,0.320634,0.145106,0.777915,0.479283,3.011812,0.989415,-0.217359,0.535627
-1.005442,0.586722,1.085256,0.782878,0.596522,0.397412,-1.382309,0.541923,0.591863,0.253165,0.405399,0.482775,1.051450,1.216401,0.565586,0.401108,0.631663,0.249675,-1.371956,0.843789,3.135047,-0.095813,-1.040479,0.993277,-2.361804,-1.069416,1.186192,0.382958,-0.960193,-1.150860,0.458795,0.531567,456.737162,1.379828,-1.445134,0.183634,0.297942,1.664426,-0.871376,-0.918307,0.497169,0.244631,0.722271,0.482290,3.253991,1.702070,-1.104678,0.604062
-1.005442,0.740239,0.656344,0.798120,0.706085,0.391738,-1.399734,0.536963,1.276477,0.305784,0.599612,0.484463,1.051450,1.216401,0.557843,0.483131,0.796460,0.961158,-1.318517,1.047198,3.135047,-1.164624,-1.098626,1.087293,-2.361804,-1.069416,1.066231,0.403241,-0.960193,-1.507198,0.458795,0.489194,264.990828,1.369344,-1.361643,0.758734,0.378079,1.375893,-1.038024,-1.205749,0.749509,0.247908,0.857402,0.798525,3.253991,1.702070,-1.104678,0.604062
-0.810038,0.526183,0.494327,0.638593,0.785520,0.524066,-1.209692,0.411664,1.276477,0.573158,0.779673,0.621603,0.997663,2.079133,0.545151,0.620073,0.822518,0.799583,-1.099799,1.144862,2.277064,-2.151955,-0.886957,0.801853,-0.377706,-1.565978,1.066231,0.822070,0.528583,-1.507198,2.493827,0.438059,161.835043,1.169795,-1.359808,0.817449,0.602294,1.073051,-1.038024,-1.141088,0.612212,0.479858,0.516035,0.208677,2.569974,1.242249,-0.711873,1.350096
-0.810038,0.504707,1.262474,0.406421,0.555118,0.531233,-1.072791,0.419411,1.026799,0.370072,0.729085,0.965200,0.997663,2.079133,0.565698,0.532272,0.664108,0.799583,-0.966122,1.144862,2.277064,-2.151955,-0.981876,0.263839,-0.293933,-1.565978,1.048343,0.767660,-0.403785,-0.871868,2.493827,0.633130,378.163323,1.146848,-1.242742,0.172068,0.280828,1.838505,-0.409054,0.162228,0.299243,0.281560,0.729333,0.457871,2.569974,1.191205,-0.509262,0.124729
-1.149629,0.634571,1.160732,0.524587,0.586313,0.369828,-1.244280,0.604103,0.856109,0.212969,0.347715,0.834077,0.949011,1.163229,0.537498,0.415928,0.627195,0.896527,-1.159419,1.135775,1.606942,-0.405559,-0.991147,0.133478,-1.999242,-1.062656,1.048343,0.313580,-0.902773,-1.221348,0.305535,0.614806,449.577436,1.262569,-1.303804,0.193177,0.279505,1.788016,-0.894553,-0.885147,0.536937,0.235063,0.881894,0.463918,2.545219,1.760540,-1.037513,0.502109
-1.149629,0.686761,0.586600,0.555685,0.695305,0.354332,-1.294571,0.612880,0.850037,0.273394,0.484949,0.568006,0.949011,1.163229,0.532684,0.444535,0.711160,1.263277,-1.216945,1.135775,1.606942,-1.023816,-1.059567,1.171982,-1.999242,-1.062656,1.003374,0.311040,-0.902773,-1.221348,0.358709,0.589770,242.525205,1.276229,-1.214470,0.743162,0.388695,1.055096,-1.090189,-1.119978,0.738050,0.235994,0.761557,0.663070,2.545219,1.760540,-1.141638,0.542539
-0.415365,0.477226,0.487407,0.622312,0.758225,0.297283,-1.366147,0.304264,0.994860,0.559743,0.559932,0.382393,0.938765,1.025600,0.557966,0.339598,0.768361,0.971817,-1.193568,1.225979,1.291804,-2.070934,-0.986265,1.171982,0.027150,-1.160333,1.003374,0.529057,0.470431,-1.214533,2.190271,0.425065,169.383901,1.284594,-1.304016,0.783115,0.562835,1.032982,-1.086671,-1.000848,0.527255,0.442659,0.557195,0.143246,2.180601,1.477697,-1.192452,1.150700
-0.415365,0.465056,1.239384,0.373920,0.576574,0.303999,-1.025548,0.411318,0.994860,0.377337,0.568264,0.665853,0.938765,1.025600,0.554126,0.318760,0.712955,0.971817,-0.809459,1.121397,1.291804,-2.070934,-0.967209,0.127740,0.027150,-1.160333,1.035844,0.462445,-0.404178,-0.848676,2.190271,0.332967,404.723730,0.972076,-1.375087,0.129499,0.225017,1.830152,-0.341030,0.159759,0.253359,0.189322,0.528975,0.457437,2.180601,1.477697,-0.998378,0.522216
-1.303577,0.642779,1.183038,0.334480,0.601743,0.336788,-1.169958,0.753230,0.737701,0.252301,0.275567,0.471425,1.012505,1.279410,0.533234,0.319255,0.523399,0.688317,-1.082673,1.232910,1.962354,-0.395947,-1.080167,0.653724,-1.090214,-0.986860,1.035844,0.397737,-0.815730,-1.213227,0.394657,0.470307,484.704920,1.239593,-1.465561,0.220164,0.307813,1.751355,-0.990275,-1.170220,0.664742,0.208434,0.535176,0.420276,1.560101,1.085337,-1.093549,0.423086
-1.303577,0.791379,0.512205,0.442120,0.690201,0.409443,-1.270463,0.672435,0.911103,0.381986,0.425890,0.327380,1.012505,1.279410,0.515203,0.428664,0.657310,0.688317,-1.165236,1.526971,1.962354,-1.187312,-0.973651,1.016511,-1.090214,-0.986860,0.966455,0.380411,-0.815730,-1.213227,0.402137,0.629692,231.145231,1.271336,-1.384366,0.748296,0.615598,1.078044,-1.066579,-1.377253,0.755998,0.413242,0.466612,0.613120,1.560101,1.085337,-1.093549,1.945642
-0.722090,0.295930,0.587037,0.693435,0.687837,0.337698,-1.470594,0.325848,0.911103,0.685497,0.750970,0.509220,1.034270,2.203350,0.512487,0.720189,0.727051,1.173960,-1.434828,1.526971,2.624026,-1.507701,-0.848292,0.776562,-0.242522,-4.119253,0.962863,0.779545,0.221194,-1.240171,2.211901,0.390794,211.857872,1.454074,-1.314615,0.669268,0.664763,1.114121,-1.010723,-0.514959,0.321573,0.521062,0.687843,0.193206,4.537481,1.639501,-1.102786,1.945642
0.291257,0.402468,0.946859,0.095115,0.428448,0.276185,-1.271753,0.242206,0.765129,0.029995,0.242322,0.418974,0.602270,0.175803,0.253840,0.206507,0.048152,1.015606,-1.281287,0.709012,0.451278,-0.833328,-0.912721,-0.040915,0.276941,-0.541510,0.870533,0.424163,-0.532293,-0.965608,0.207067,0.442884,318.866469,1.310102,-1.206671,0.065377,0.067601,1.636344,-0.327507,-0.073987,0.341298,0.005220,0.781120,0.388220,0.033590,1.005918,0.056684,-0.187639
0.003347,0.618651,0.790812,0.605223,0.524422,0.338799,-1.251306,0.396156,0.329388,0.165434,0.215159,0.360788,0.915632,1.683547,0.450768,0.272924,0.687860,0.641132,-1.199822,1.418950,1.064420,-0.622235,-1.098362,0.564822,-1.378455,-0.915324,0.870533,0.270249,-0.818008,-0.782013,0.441183,0.391874,324.310971,1.287387,-1.354415,0.227040,0.281567,1.526800,-0.778182,-1.184362,0.610420,0.203177,0.718820,0.294976,1.449336,1.599310,-1.044240,0.131163
0.003347,0.601103,0.632052,0.758590,0.448327,0.400157,-1.324168,0.419385,0.718927,0.304507,0.361979,0.436997,0.915632,1.683547,0.347344,0.442529,0.924259,0.875838,-1.301392,1.418950,1.392720,-0.622235,-1.102152,1.144520,-1.378455,-0.915324,0.626046,0.289142,-0.818008,-0.790223,0.442015,0.504915,256.842415,1.359615,-1.396313,0.499814,0.318670,1.378593,-0.904412,-1.223273,0.593376,0.354927,0.914839,0.618219,2.937864,1.599310,-1.044240,0.131163
0.322342,0.605173,1.064811,0.386963,0.249909,0.288265,-0.979354,0.271971,0.685156,0.292697,0.405633,0.197795,0.358604,1.662707,0.201732,0.499590,0.855320,0.359751,-0.965666,1.101293,1.392720,-0.559413,-0.782565,0.794620,-0.140081,-2.365324,0.673243,0.294349,-0.274655,-0.790223,0.463650,0.341080,352.822844,1.063146,-1.392630,0.209147,0.164788,1.467503,-0.834960,-0.718444,0.523943,0.290283,0.370314,0.331611,3.251372,0.516371,-0.598824,0.358768
0.345745,1.023774,0.795459,0.024384,0.297093,0.147804,-1.012234,0.055254,0.022020,0.014562,0.105043,0.233639,0.358980,0.168180,0.091244,0.074003,0.021664,0.401196,-0.962890,0.739512,0.412347,-0.295478,-0.799882,-0.089731,0.332334,-0.131463,0.673243,0.101395,-0.292840,-0.573635,0.201779,0.120496,266.178095,1.097553,-1.425653,0.020043,0.053147,1.503454,-0.321003,0.802046,0.076684,0.001818,0.484723,0.073569,-0.029130,0.516371,-0.160021,-0.233082
0.345745,0.837903,0.753101,0.468169,0.372806,0.501195,-1.274236,0.237138,0.770803,0.050631,0.302054,0.288615,0.533469,0.349350,0.071463,0.145205,0.165118,0.401196,-1.219673,0.829647,0.478358,-0.185818,-0.909037,0.420878,-0.126295,-0.230319,0.471921,0.296593,-0.292840,-0.699813,0.416628,0.171616,320.830561,1.379347,-1.277386,0.084173,0.122610,1.425866,-0.442102,-0.759978,0.597384,0.042745,0.340303,0.355535,0.111673,0.504727,-0.699312,0.067944
0.441452,0.670065,0.685374,0.453610,0.308405,0.504329,-1.222797,0.165402,0.829571,0.086528,0.315017,0.253200,0.533469,0.349350,0.111452,0.204679,0.346123,0.401196,-1.164904,0.871005,0.478358,-0.167903,-0.902152,0.426707,-1.443607,-0.230319,0.570269,0.293732,-0.252093,-1.109094,0.416628,0.227204,296.604462,1.323751,-1.268174,0.248495,0.145879,1.461169,-0.524768,-0.791745,0.722973,0.056616,0.642256,0.402524,0.153604,0.504845,-0.699312,0.072066
0.465897,0.475472,0.559415,0.625086,0.254528,0.180025,-1.238807,0.137042,0.829571,0.211257,0.461583,0.166006,0.632680,0.589335,0.201608,0.465657,0.794297,0.330514,-1.151550,0.917366,0.739177,-0.354351,-0.882344,0.426707,-1.443607,-0.893023,0.570269,0.223742,0.569546,-1.109094,0.466744,0.346033,196.458607,1.114199,-1.010043,0.264488,0.213968,1.184663,-0.524768,-0.791745,0.187570,0.140250,0.457098,0.063823,2.772847,0.756229,-0.391610,0.107758
0.465897,0.246200,0.529996,0.438062,0.333267,0.155976,-1.457141,0.174183,0.768820,0.164408,0.433625,0.436709,0.632680,0.589335,0.279419,0.413539,0.687532,0.330514,-1.413704,0.917366,0.739177,-0.354351,-1.135984,0.320242,-1.325727,-0.893023,0.834485,0.273817,0.301000,-1.109094,0.466744,0.389668,182.291094,1.347952,-1.115362,0.209644,0.205673,1.081264,-0.474279,-0.479380,0.148286,0.127479,0.606843,0.137268,2.772847,0.756229,-0.249996,0.107758
0.241148,0.572024,0.680464,0.882732,0.452712,0.291897,-1.282758,0.252511,0.798998,0.133514,0.490810,0.535849,0.831637,1.314709,0.331967,0.292817,0.762498,0.589004,-1.187981,1.420933,0.848418,-0.187867,-0.818172,2.720746,-2.357881,-0.830466,0.709530,0.541938,0.136642,-0.882180,0.481026,0.252168,292.913812,1.311879,-1.285259,0.298485,0.293353,1.286730,-0.740037,-0.890640,0.613276,0.186467,0.568319,0.213811,1.967246,1.024100,-0.725257,0.146503
0.083745,0.449951,0.651917,0.985508,0.334951,0.713865,-1.349328,0.267714,1.118339,0.278427,0.772974,0.651346,0.674382,0.697560,0.274375,0.832557,1.485548,0.581826,-1.227561,1.235094,1.825681,-1.502578,-1.143291,2.720746,-2.373215,-3.350387,0.727910,0.613233,0.467319,-1.069337,0.726064,0.464275,277.319207,1.370160,-1.365517,0.374447,0.242311,1.412853,-0.740037,-0.837945,0.442867,0.181610,0.848316,0.162659,4.705747,0.841269,-0.656427,0.295739
0.427513,0.605382,0.598328,0.036291,0.286175,0.274230,-0.928834,0.061172,0.485942,0.011807,0.120295,0.457653,0.315482,0.169130,0.164226,0.082401,0.025855,0.141251,-0.886014,0.661340,0.366014,-0.194065,-0.783999,-0.137532,0.314237,-0.066130,0.575289,0.178468,-0.096545,-0.779550,0.202450,0.240155,212.089833,1.034946,-1.320772,0.022360,0.052938,1.423909,-0.320220,0.236522,0.187152,0.001939,0.541340,0.151987,-0.075523,0.812000,0.105226,-0.151812
0.659321,0.945545,0.487287,0.029014,0.300370,0.150633,-0.924183,0.067735,-0.091230,0.018603,0.045667,0.290205,0.325161,0.168716,0.161363,0.044065,0.022737,0.238852,-0.855498,0.682602,0.446755,-0.130892,-0.914069,-0.239182,0.319351,0.064593,0.874698,0.076638,-0.333915,-0.494947,0.202450,0.205396,171.537251,1.005807,-1.403934,0.015949,0.038811,1.006663,-0.325906,0.898375,0.025736,0.002829,0.488333,0.062571,-0.069065,0.666016,-0.032357,-0.352135
0.808898,0.827037,0.884022,0.146860,0.398837,0.174282,-1.257953,0.194434,1.217353,0.150935,0.229190,0.388263,0.785508,1.072480,0.135867,0.141435,0.190650,0.511876,-1.210831,0.896598,0.446755,-0.354898,-1.216748,0.727449,-0.505788,-0.938919,0.589515,0.160030,-0.333915,-0.711035,0.680471,0.364075,371.932334,1.334185,-1.440726,0.240572,0.275972,1.670428,-0.634954,-1.118596,0.756779,0.161391,0.386792,0.502305,0.689425,0.732536,-0.873332,0.249943
0.115025,0.540429,0.701737,0.201310,0.461853,0.252138,-1.257695,0.418111,1.482486,0.234484,0.345878,0.403097,0.785508,1.072480,0.185655,0.183714,0.265897,0.511876,-1.201953,0.896598,0.969538,-0.670740,-1.232349,0.727449,-0.505788,-0.938919,0.667741,0.329755,-0.297522,-0.711035,0.680471,0.332777,309.169645,1.327614,-1.419038,0.499925,0.313292,1.493075,-0.718023,-1.118596,0.608824,0.229389,0.815442,0.610403,0.689425,0.887939,-0.873332,0.351537
-0.435362,0.121013,0.567910,0.402112,0.490552,0.206081,-1.138292,0.257065,1.482486,0.392348,0.441901,0.461205,0.857123,2.050800,0.362086,0.455076,0.701391,1.100281,-1.037664,1.291237,1.211494,-1.102910,-1.126788,0.322677,-0.649593,-1.755963,0.655865,0.540606,0.776814,-1.499670,1.592162,0.393991,199.604530,1.206795,-1.287491,0.370210,0.334486,1.128818,-0.716992,-0.204944,0.141418,0.296225,0.546095,0.184784,2.936316,0.946463,-0.545955,0.515392
0.054756,0.465475,1.730017,0.093529,0.443123,0.316828,-1.151079,0.255473,1.464841,0.042154,0.142130,0.687844,0.750733,0.192025,0.332005,0.101855,0.065028,1.100281,-1.029468,1.091516,0.576136,-0.763648,-0.801381,0.130650,0.215602,-0.316101,1.066699,0.356204,-0.462420,-1.499670,0.254490,0.251797,562.999850,1.209703,-1.419884,0.093591,0.088884,1.726783,-0.339375,-0.116104,0.434933,0.007569,0.844495,0.616879,-0.048312,0.827300,-0.033159,-0.142758
-0.966739,0.663020,1.624441,0.472091,0.571065,0.345634,-1.215803,0.606749,0.692460,0.214431,0.166489,0.467090,0.999524,1.066971,0.527687,0.313931,0.550684,0.640212,-1.098210,0.905355,1.881734,-0.305512,-1.236927,0.360417,-1.361427,-0.872624,1.066699,0.346041,-0.927445,-1.089995,0.364646,0.397911,681.898218,1.227834,-1.335667,0.193115,0.255078,1.841010,-0.857638,-0.875344,0.532382,0.209885,0.816679,0.465674,2.467140,1.549127,-1.070746,0.461744
-0.966739,0.709750,0.679266,0.506235,0.681962,0.286735,-1.334008,0.577983,1.007810,0.310401,0.355133,0.541697,0.999524,1.066971,0.557116,0.369672,0.645648,1.544129,-1.160118,1.122673,1.881734,-0.870866,-1.332293,1.062521,-1.361427,-0.872624,1.080852,0.311904,-0.927445,-1.089995,0.411959,0.389791,298.979374,1.307934,-1.328201,0.728176,0.332867,1.359362,-1.027348,-1.148644,0.751186,0.211170,0.758793,0.683486,2.467140,1.549127,-1.083116,0.461744
-0.402560,0.423352,0.521029,0.584391,0.704945,0.390705,-1.350559,0.301766,1.007810,0.628185,0.654872,0.489485,0.911750,1.393565,0.582096,0.437875,0.865536,1.281783,-1.292299,1.111685,1.396123,-2.013315,-0.998239,1.062521,-0.237211,-2.609107,1.080852,0.512203,0.345017,-0.810494,2.327077,0.316696,171.136718,1.347255,-1.294483,0.741327,0.453650,1.162723,-1.008332,-1.102660,0.513953,0.416651,0.363832,0.151865,2.369013,1.369949,-1.190105,0.617541
-0.402560,0.477393,1.289167,0.476588,0.526212,0.560208,-1.227198,0.378253,0.876759,0.397244,0.623559,0.796399,0.900442,1.393565,0.563529,0.377405,0.808326,1.281783,-1.107650,1.111685,1.130543,-2.013315,-0.813134,0.145040,0.096387,-2.609107,1.044033,0.512962,-0.521405,-0.784462,2.327077,0.285488,386.874491,1.218528,-1.277017,0.138304,0.204312,1.681628,-0.372485,0.140066,0.306119,0.241691,0.466668,0.456561,2.369013,1.226369,-0.074433,0.014565
-0.862775,0.630174,1.336648,0.541743,0.594561,0.335993,-1.243080,0.588042,0.706051,0.227723,0.279381,0.714294,1.038748,1.236190,0.526044,0.415006,0.593808,1.136502,-1.019502,0.955101,1.717254,-0.514748,-1.119010,0.424165,-1.988059,-0.913661,1.044033,0.330829,-0.879392,-0.983403,0.391758,0.633967,512.273544,1.177032,-1.361616,0.198737,0.308726,1.645521,-0.916983,-1.015320,0.551948,0.240975,0.750534,0.448013,2.827309,1.740746,-1.143821,0.674676
-0.862775,0.725809,0.703631,0.616454,0.729554,0.325374,-1.399164,0.583011,0.968557,0.340177,0.489671,0.621969,1.038748,1.236190,0.535475,0.486413,0.759544,1.349336,-1.225866,1.112894,1.717254,-1.473157,-1.180691,1.302838,-1.988059,-1.653231,1.034087,0.346622,-0.879392,-1.041359,0.469616,0.587295,289.724116,1.371035,-1.288840,0.784041,0.486738,1.423423,-1.058668,-1.293166,0.777598,0.271954,0.669423,0.694462,2.827309,1.740746,-2.126361,1.377779
-0.624356,0.415812,0.625475,0.607797,0.788264,0.393113,-1.474574,0.337556,1.122280,0.575666,0.720286,0.470926,1.119977,1.523920,0.536024,0.667432,0.737646,1.707989,-1.296244,1.326943,1.664020,-1.502726,-0.719448,1.302838,-1.228320,-1.970762,1.034087,0.690314,0.531920,-1.651218,2.323796,0.301798,197.216006,1.304392,-1.225697,0.827099,0.641162,1.260722,-1.058668,-1.066969,0.489908,0.516836,0.426056,0.152980,3.477783,1.350918,-2.126361,1.491554
-0.624356,0.479880,1.493414,0.314860,0.513413,0.460291,-1.511744,0.450532,1.122280,0.146903,0.590164,0.702236,1.119977,1.523920,0.595973,0.517780,0.480716,1.707989,-1.458988,0.906415,1.635754,-1.281787,-0.983152,0.366829,0.056943,-1.334972,1.183298,0.477106,-0.689547,-1.376925,0.455420,0.229743,482.170752,1.363824,-1.323562,0.192211,0.268430,1.424188,-0.382281,0.045726,0.381459,0.176556,0.863442,0.550707,3.115701,1.350918,-0.013233,0.098889
-1.095191,0.673476,1.529250,0.515842,0.596574,0.420162,-1.440579,0.657357,0.577940,0.229106,0.278661,0.583860,1.190917,1.663872,0.595492,0.387972,0.647764,0.762720,-1.429671,0.750637,1.428281,-0.531459,-1.359626,0.426248,-1.644065,-1.050927,1.183298,0.359415,-1.064584,-1.070112,0.364789,0.587957,642.021849,1.374900,-1.392294,0.226480,0.328167,1.991094,-0.968431,-0.964651,0.565213,0.256503,0.890532,0.466049,3.339577,1.724450,-1.367210,0.630764
-1.095191,0.755967,0.889238,0.620770,0.766442,0.339144,-1.359901,0.629010,1.036945,0.308484,0.410308,0.564873,1.190917,1.663872,0.536644,0.473770,0.869665,1.231350,-1.263536,1.120723,1.428281,-1.386786,-1.345561,1.531609,-1.644065,-1.256091,1.066865,0.352632,-1.064584,-1.038760,0.524191,0.682679,375.694182,1.333463,-1.379624,0.822321,0.433432,1.360191,-1.086763,-1.281301,0.825621,0.259058,0.656813,0.792325,3.339577,1.724450,-1.862299,0.630764
-0.668409,0.440907,0.662350,0.774961,0.845578,0.482015,-1.378271,0.342646,1.217865,0.620718,0.805271,0.514985,1.114131,1.457607,0.589785,0.701592,0.998852,1.483472,-1.196444,1.487819,1.496447,-1.500541,-0.998349,1.531609,-1.131399,-1.588257,1.066865,0.629994,0.476020,-1.960450,2.523586,0.407120,224.966444,1.363755,-1.209151,0.880354,0.679661,1.414221,-1.086763,-1.194153,0.546825,0.550109,0.405147,0.185259,4.047514,1.345695,-2.086407,1.804701
-0.668409,0.438647,1.502253,0.478830,0.574233,0.509963,-1.036999,0.422736,1.217865,0.227987,0.754505,0.756833,1.114131,1.457607,0.628339,0.500482,0.788172,1.483472,-0.942439,0.947741,1.496447,-1.500541,-0.892015,0.407590,0.009894,-1.580990,1.236676,0.474990,-0.598633,-0.718118,0.503724,0.307523,464.118763,1.087347,-1.217688,0.187627,0.255422,1.500911,-0.351649,0.052329,0.352553,0.226016,0.735374,0.555328,4.047514,1.242806,-0.086514,0.037458
-1.056972,0.610516,1.423652,0.387267,0.602089,0.322038,-1.251231,0.590386,0.722958,0.237156,0.329513,0.530509,1.075559,1.119027,0.552394,0.350573,0.529596,0.828756,-1.220066,1.107141,1.940760,-0.418634,-0.894022,0.254473,-1.634271,-1.042378,1.236676,0.305579,-1.000651,-0.958238,0.316388,0.456601,550.358248,1.340551,-1.217033,0.208587,0.302119,1.630525,-0.799420,-0.961229,0.569836,0.217848,0.896749,0.478808,1.877100,1.697088,-1.124237,0.572521
-1.056972,0.646656,0.521958,0.517604,0.728903,0.312941,-1.332443,0.573283,0.990868,0.288026,0.450795,0.502371,1.075559,1.119027,0.557075,0.487666,0.817043,1.074857,-1.261087,1.125109,1.940760,-0.923515,-0.966553,1.409954,-1.634271,-1.042378,1.107985,0.325855,-1.000651,-1.046816,0.318349,0.716104,221.888161,1.386299,-1.329124,0.779172,0.429404,0.619753,-1.089601,-1.128271,0.679320,0.234257,0.796507,0.752765,1.877100,1.697088,-1.124237,0.853344
-0.125428,0.288654,0.563588,0.819105,0.758304,0.388654,-1.333232,0.247074,0.990868,0.385988,0.623584,0.592742,0.946221,0.908731,0.466990,0.542100,0.954988,0.946484,-1.200483,1.273555,1.016853,-1.728614,-0.970752,1.075676,-0.424887,-3.732521,1.078115,0.659543,0.355496,-1.450335,1.437347,0.754029,189.466774,1.360806,-1.387149,0.778677,0.589780,1.243335,-1.081935,-0.773031,0.350830,0.349925,0.689138,0.193227,3.204884,1.933252,-1.121536,1.697792
-0.125428,0.303886,1.067079,0.489059,0.520768,0.756330,-1.142447,0.344244,0.921709,0.137870,0.511381,0.717813,0.946221,0.776684,0.405064,0.309242,0.734164,0.085812,-1.001380,0.960586,1.016853,-1.728614,-0.715508,0.202363,0.080179,-3.052554,0.989226,0.428944,-0.194940,-1.183880,0.518488,1.035982,311.898459,1.184155,-1.312697,0.144162,0.182656,0.902534,-0.349895,-0.049938,0.283374,0.073584,0.673315,0.319980,3.204884,1.030258,0.208830,0.037648
-0.851917,0.545176,1.147846,0.807903,0.579721,0.415612,-1.179915,0.585532,0.526496,0.203587,0.340635,0.766445,0.938753,1.024977,0.474468,0.334637,0.551355,0.325472,-1.082830,0.861088,3.141787,-0.128981,-1.128781,0.805203,-1.783602,-0.986025,0.989226,0.463681,-0.868115,-0.935375,0.403565,0.758341,431.270895,1.214663,-1.418307,0.174165,0.306391,1.801149,-0.859462,-0.908478,0.473938,0.199231,0.637938,0.428030,2.419701,1.654964,-1.114614,0.558412
-0.851917,0.715903,0.528886,0.762903,0.705386,0.418843,-1.337962,0.576411,1.056850,0.243110,0.429002,0.559146,0.938753,1.024977,0.494404,0.518610,0.898257,0.781174,-1.262945,1.142066,3.141787,-0.695263,-1.057438,1.580814,-1.783602,-0.986025,1.004726,0.320113,-0.868115,-0.935375,0.434099,0.476959,226.523371,1.369453,-1.273659,0.755384,0.396069,1.186343,-1.020990,-1.254830,0.711573,0.204795,0.498509,0.729102,2.419701,1.654964,-1.114614,0.558412
-0.385538,0.351628,0.534914,1.048299,0.770299,0.658083,-1.387608,0.341414,1.056850,0.479979,0.830582,0.854221,1.047656,1.139004,0.481051,0.780944,1.279265,1.196851,-1.217136,1.322957,1.768898,-2.521000,-0.910592,1.071013,-1.046020,-3.809017,0.932872,0.873765,0.536871,-1.560747,2.108991,0.448094,181.008726,1.360140,-1.309991,0.797584,0.609756,1.117162,-0.998903,-1.062921,0.450323,0.394637,0.574489,0.150187,4.597443,1.682135,-0.744202,1.814280
-0.347753,0.317757,0.922230,0.127725,0.503293,0.623008,-1.155637,0.324189,1.002826,0.055685,0.488931,0.708554,0.909059,0.391541,0.374053,0.318961,0.274908,0.660874,-1.108435,0.832441,0.574055,-1.923263,-0.794597,0.225119,0.097501,-0.770658,1.003366,0.522982,-0.278696,-0.940420,0.486572,0.627873,297.963541,1.228005,-1.164736,0.133073,0.200894,1.406849,-0.339991,-0.035814,0.291043,0.029262,0.671438,0.407085,1.406089,0.929840,0.096116,-0.254853
0.025078,0.543396,0.856125,0.502440,0.568840,0.306953,-1.275375,0.302590,0.536168,0.189101,0.355996,0.640637,0.911402,1.497806,0.478930,0.252112,0.763678,0.624805,-1.190801,1.126079,2.129637,0.010881,-1.176403,1.360069,-1.724400,-1.089329,1.003366,0.465300,-0.808787,-0.848005,0.332161,0.760144,347.104025,1.324246,-1.280666,0.196764,0.312550,1.580194,-0.718771,-0.866700,0.479695,0.241019,0.727937,0.384865,2.036893,1.679848,-1.229242,0.504179
0.025078,0.648822,0.485339,0.598124,0.716730,0.425741,-1.352945,0.306586,1.325166,0.276249,0.433737,0.531682,0.911402,1.497806,0.466653,0.631639,1.144875,0.624805,-1.278667,1.126079,2.129637,-0.660733,-1.199015,2.420365,-1.724400,-1.089329,1.048856,0.453600,-0.808787,-0.882904,0.361593,0.879634,206.940995,1.387507,-1.228896,0.768462,0.451030,0.885122,-0.966598,-1.195877,0.689031,0.248472,0.619520,0.784603,2.036893,1.679848,-1.485884,0.844416
0.135136,0.293622,0.544304,0.789226,0.744504,0.751672,-1.422152,0.255348,1.325166,0.369364,0.590683,0.523059,0.834657,1.207012,0.471505,0.777582,1.115123,0.975573,-1.332977,1.179082,1.511767,-1.425809,-1.278982,1.706821,-1.222295,-2.923107,1.034360,0.722237,0.625200,-2.433953,0.884911,0.761758,184.443093,1.406836,-1.286116,0.780043,0.599532,1.107281,-0.956310,-1.086134,0.414056,0.327501,0.596574,0.211575,2.826765,1.571412,-1.485884,1.260945
0.135136,0.382492,1.022217,0.414183,0.499770,0.752174,-0.898887,0.237674,1.194370,0.082253,0.367290,0.627845,0.834657,0.538968,0.504473,0.257704,0.627180,0.862370,-0.742403,1.179082,1.511767,-1.425809,-1.064939,0.049269,0.028980,-2.586192,1.047406,0.572847,-0.458002,-0.771285,0.205505,0.521827,318.758988,0.867338,-1.203475,0.139155,0.144463,1.158115,-0.337894,0.005962,0.379548,0.075797,0.667095,0.470498,2.826765,1.252706,0.112983,-0.082129
-0.718480,0.604635,1.042496,0.729686,0.575475,0.346327,-1.364562,0.511959,0.713722,0.153025,0.363442,0.528195,0.985812,1.117576,0.523892,0.351270,0.523836,0.455802,-1.254034,0.718695,2.363970,-0.512631,-1.088506,0.301960,-2.122355,-0.943165,1.503228,0.401520,-1.111725,-0.807255,0.203853,0.502237,429.500824,1.402102,-1.451347,0.185972,0.248446,1.542178,-0.764737,-0.714518,0.452713,0.208737,1.111215,0.528660,2.544079,1.661357,-1.158317,0.457782
-0.718480,0.773802,0.573012,0.767972,0.718278,0.343333,-1.417511,0.536161,1.209170,0.193232,0.395893,0.617175,0.985812,1.117576,0.555364,0.508046,0.837938,0.741136,-1.287501,1.056089,2.363970,-0.544985,-1.024548,1.239959,-2.122355,-0.943165,1.503228,0.392242,-1.111725,-0.811915,0.403250,0.743296,247.222080,1.431158,-1.008742,0.770951,0.329200,0.556180,-0.996555,-1.441060,0.830268,0.212483,1.025898,0.857324,2.544079,1.661357,-1.204188,0.457782
-0.445961,0.456726,0.546404,0.881225,0.810593,0.412844,-1.403099,0.384442,1.209170,0.581885,0.654461,0.470309,1.051760,1.248216,0.576405,0.704081,0.857718,0.759987,-1.279884,1.200274,1.069203,-1.522762,-1.514508,1.155122,-1.430977,-2.117830,1.056081,0.525011,0.512809,-1.843027,2.333527,0.628909,184.029158,1.404049,-1.331660,0.843728,0.676605,1.158576,-0.996555,-1.338752,0.583010,0.432122,0.702257,0.199300,1.906620,1.273968,-1.299006,1.830832
-0.445961,0.351869,1.460625,0.394655,0.555005,0.342756,-1.276407,0.416874,1.178981,0.107512,0.426114,0.624940,1.051760,1.037806,0.498161,0.335167,0.314357,0.526827,-1.216314,0.904445,1.015368,-1.522762,-0.746154,0.164106,0.109370,-0.800745,1.011878,0.478582,-0.378343,-1.835145,0.505910,0.334048,463.529872,1.311769,-1.489921,0.154134,0.245214,0.873519,-0.328147,0.030831,0.287765,0.144248,1.172881,0.451114,1.600931,1.204811,-0.208277,-0.029078
-0.762812,0.577990,1.501939,0.329460,0.603327,0.258648,-1.311881,0.514705,0.650097,0.269634,0.249534,0.723221,1.179567,1.117987,0.507940,0.368668,0.671368,0.761137,-1.203348,1.177851,1.496307,-0.352959,-1.040719,0.401745,-1.705602,-1.004561,1.011878,0.364009,-1.048832,-1.064685,0.265993,0.531510,573.900437,1.324178,-1.555240,0.194016,0.333582,1.745880,-0.715880,-1.189404,0.539124,0.222061,1.199978,0.505652,1.904572,0.979475,-1.251046,0.728623
-0.762812,0.746978,0.701444,0.374724,0.705195,0.225239,-1.324667,0.484642,1.279049,0.330734,0.430678,0.601052,1.179567,1.117987,0.539689,0.512066,0.849894,1.354177,-1.169347,1.177851,1.496307,-1.124859,-1.008651,1.406625,-1.705602,-1.004561,1.164387,0.340040,-1.048832,-1.233913,0.339421,0.758455,284.794319,1.277216,-1.421930,0.758534,0.410363,1.065743,-1.053036,-1.358546,0.778007,0.224734,0.609070,0.855874,1.904572,0.979475,-1.251046,0.728623
-0.422383,0.390986,0.722926,0.590128,0.767271,0.723487,-1.214338,0.314916,1.279049,0.518568,0.757711,0.726535,1.056728,1.543691,0.441027,0.734780,0.850296,1.596248,-1.132353,1.017043,2.057608,-1.678970,-1.081694,1.322727,-0.394704,-3.621990,1.143284,0.597389,0.743936,-1.233913,2.270349,0.949337,253.128480,1.225016,-1.460709,0.803960,0.558056,1.442705,-1.053036,-1.168310,0.499717,0.403427,0.742397,0.173947,2.091159,1.268665,-0.603378,0.960896
-0.422383,0.405380,1.719428,0.451612,0.568768,0.751760,-1.216952,0.371800,0.905882,0.384622,0.723806,0.768270,1.056728,1.543691,0.520348,0.612770,0.680521,0.883396,-1.060454,1.017043,2.057608,-1.678970,-1.162866,0.309529,-0.394704,-3.621990,1.202915,0.501552,-0.487493,-0.823252,2.270349,0.648004,536.151861,1.214867,-1.536491,0.190883,0.295092,1.800190,-0.329504,0.018203,0.336399,0.263850,0.914524,0.456477,2.091159,1.096102,-0.297392,0.960896
-1.162691,0.580507,2.207234,0.637249,0.583989,0.190208,-1.263200,0.679282,0.577631,0.227779,0.309480,0.698707,1.082785,0.963999,0.657600,0.413179,0.705056,1.186740,-1.115474,0.894691,1.950652,-0.662115,-1.123063,0.113582,-2.727773,-1.189245,1.202915,0.328255,-1.211127,-1.033074,0.304207,0.410876,844.232060,1.256518,-1.513883,0.178661,0.247771,1.913733,-0.939462,-0.947214,0.512785,0.178001,1.329846,0.502792,3.085116,1.532255,-1.019245,0.308230
-1.162691,0.751223,0.701700,0.623963,0.672632,0.353604,-1.334023,0.634786,1.000731,0.249824,0.457438,0.659975,1.082785,0.963999,0.651769,0.460746,0.788795,1.524064,-1.192392,1.108251,1.950652,-0.662115,-1.085310,1.063769,-2.727773,-1.189245,1.065615,0.328677,-1.211127,-1.033074,0.423783,0.362306,273.185381,1.345322,-1.165790,0.726546,0.295897,1.190573,-1.007045,-1.315993,0.731731,0.193180,0.922218,0.819404,3.085116,1.532255,-1.023308,0.308230
-0.877437,0.387116,0.559208,0.762577,0.818045,0.318086,-1.362217,0.375974,1.163193,0.621904,0.811304,0.610032,1.166042,2.098649,0.518541,0.681426,0.752860,1.185120,-1.291011,1.600099,2.439298,-2.187100,-0.943411,1.034616,-0.487842,-3.306440,1.065615,0.890994,0.491844,-0.958714,2.598703,0.528013,183.843348,1.342745,-1.357330,0.832797,0.663180,1.087065,-1.007045,-1.116156,0.505765,0.525528,0.672590,0.189746,2.311889,1.394823,-0.705350,1.919869
-0.644668,0.400963,1.222456,0.101999,0.538519,0.419944,-1.291075,0.339552,1.163193,0.062109,0.493849,0.701693,1.073363,0.271162,0.483953,0.423877,0.141988,0.705957,-1.207345,1.423446,0.378220,-1.710365,-1.107636,0.371694,0.235582,-0.941815,1.157938,0.517463,-0.796627,-0.861008,0.206808,0.464080,406.459233,1.267493,-1.340958,0.162223,0.242311,1.494972,-0.334465,-0.109275,0.391687,0.011100,0.805787,0.601800,0.218596,1.217556,0.244114,-0.210813
-0.546747,0.653188,1.130655,0.375920,0.604397,0.445318,-1.276957,0.522350,0.245646,0.189684,0.409987,0.583594,1.036119,1.466520,0.663750,0.365747,0.533104,0.942130,-1.153599,1.116497,1.333971,-1.300585,-1.207832,0.470602,-0.900380,-0.924217,1.157938,0.559616,-1.601226,-0.941564,0.229004,1.117575,470.922765,1.147694,-1.399921,0.175943,0.236378,1.516533,-0.860136,-1.525513,0.607848,0.228034,1.086324,0.573987,2.673411,1.843536,-1.369219,0.194594
-0.546747,0.857739,0.503352,0.523525,0.656366,0.474663,-1.440671,0.438422,0.973822,0.280695,0.482613,0.366269,1.036119,1.466520,0.607430,0.530919,0.749371,0.942130,-1.421538,1.219661,1.333971,-1.300585,-0.926764,1.487700,-0.900380,-0.924217,0.886098,0.681652,-1.601226,-1.360861,0.307690,1.243100,208.735525,1.435932,-1.151462,0.699391,0.509656,0.983543,-1.042011,-1.874182,0.890199,0.338187,1.050514,0.988032,2.673411,1.308276,-1.369219,1.013389
-0.642678,0.299716,0.790460,0.464576,0.549159,0.438416,-1.121929,0.298754,0.920154,0.506073,0.604342,0.682852,0.863231,1.265913,0.399158,0.516658,0.690249,1.663967,-1.031601,1.164011,1.315970,-1.474774,-0.840328,0.441739,-0.308625,-3.644083,0.769597,0.563948,0.426730,-1.331319,2.584391,0.633592,241.793573,1.164114,-1.283950,0.343976,0.445488,1.442488,-0.741426,-0.001740,0.250433,0.349892,0.850641,0.130539,1.637553,1.449712,-0.581938,1.013389
0.140201,0.514634,1.037669,0.068235,0.347793,0.148036,-1.451347,0.211769,0.552243,0.018936,0.124272,0.453316,0.429623,0.172899,0.165904,0.076958,0.025637,0.688825,-1.297835,0.688533,0.435559,-0.506926,-0.780246,-0.042259,0.338118,0.003079,0.663023,0.190967,-0.242736,-0.473943,0.224893,0.353624,306.600221,1.366853,-1.059345,0.034409,0.043562,1.229684,-0.337449,0.019823,0.236189,0.004039,0.664006,0.222014,-0.091525,1.153791,0.267779,-0.201044
0.461183,0.694761,1.054823,0.470913,0.476416,0.363851,-1.428629,0.232468,0.466310,0.096063,0.215212,0.404748,0.885595,1.432532,0.316578,0.201200,0.408529,0.550993,-1.298047,1.250440,0.806061,-0.437441,-0.828974,0.631868,-0.668187,-0.756761,1.014925,0.235685,-0.504947,-0.508962,0.534064,0.171519,404.059774,1.369720,-1.223987,0.225594,0.292303,1.674363,-0.693461,-0.919212,0.647034,0.177034,0.492299,0.267904,0.707973,1.153791,-0.802933,0.229456
0.403968,0.551604,0.580184,0.563926,0.377233,0.410589,-1.347237,0.283547,0.563900,0.267692,0.340543,0.513470,0.885595,1.636925,0.329221,0.292140,0.934884,0.987387,-1.356645,1.250440,1.634076,-0.654171,-0.897224,0.738369,-0.668187,-1.880793,1.014925,0.253809,-0.504947,-0.741488,0.534064,0.199175,257.255174,1.363499,-1.174688,0.413821,0.316077,0.746242,-0.816661,-0.920454,0.569309,0.309700,0.441736,0.376427,2.962887,0.806348,-0.802933,0.229456
0.348814,0.626282,0.646623,0.232412,0.222531,0.261085,-0.913656,0.189049,0.556649,0.244123,0.208804,0.282730,0.300344,1.636925,0.260712,0.245727,0.935692,0.668493,-0.897262,1.125483,1.634076,-0.405073,-0.782172,0.088966,-0.501002,-1.880793,0.942785,0.278394,-0.181231,-0.659823,0.409437,0.223415,215.095769,1.033390,-1.241666,0.117278,0.111338,1.378737,-0.736374,-0.389303,0.390731,0.249273,0.422845,0.236863,2.962887,0.806348,-0.205779,0.160956
0.348814,0.970844,0.499269,0.021027,0.289112,0.092615,-0.856090,0.052128,-0.110722,0.007713,0.049221,0.109080,0.342530,0.165577,0.067764,0.043761,0.015251,0.064982,-0.812853,0.658751,0.404826,-0.236119,-0.745164,-0.091461,0.368295,0.017841,0.478516,0.130731,-0.209411,-0.501465,0.200862,0.187021,169.025836,0.973292,-1.269395,0.016938,0.041623,0.845728,-0.317215,0.861673,0.043465,0.001016,0.300384,0.021535,-0.098463,0.677059,-0.170144,-0.228906
0.386419,0.755823,0.520524,0.350021,0.352725,0.313490,-1.174255,0.208656,0.796697,0.033556,0.245210,0.208725,0.473497,0.289481,0.081522,0.105071,0.113615,0.009233,-1.129027,0.720214,0.479298,-0.112327,-0.700462,0.397122,-0.407348,-0.220247,0.478516,0.211920,-0.209411,-0.685352,0.360447,0.212604,228.053472,1.216186,-1.315659,0.067285,0.083345,1.029828,-0.363914,-0.485675,0.460195,0.026608,0.537239,0.315683,-0.029642,0.599177,-0.566483,-0.128306
0.469884,0.548746,0.524450,0.318964,0.277266,0.270296,-1.194459,0.168314,0.856048,0.069485,0.279689,0.208389,0.473497,0.289481,0.080166,0.161732,0.225371,0.067122,-1.106545,0.763367,0.479298,-0.065931,-0.743702,0.398519,-1.087530,-0.220247,0.478907,0.191738,-0.158709,-1.018897,0.364698,0.306337,234.271292,1.223657,-1.358856,0.206959,0.115893,1.049374,-0.454015,-0.573879,0.598985,0.044570,0.505782,0.380175,-0.029642,0.483456,-0.566483,0.066032
0.481664,0.375355,0.482730,0.275413,0.235740,0.202874,-1.326487,0.183628,0.856048,0.189195,0.420196,0.174222,0.602067,0.608226,0.142465,0.328900,0.514325,0.287604,-1.197491,0.890635,0.575874,-0.216693,-0.961968,0.398519,-1.087530,-0.650507,0.490352,0.202284,0.482365,-1.018897,0.507668,0.550039,163.697990,1.290949,-1.434376,0.241134,0.169385,0.990930,-0.454015,-0.573879,0.110237,0.124291,0.417206,0.102466,1.240309,0.629387,-0.280608,0.225774
0.481664,0.237500,0.554072,0.230443,0.368965,0.168218,-1.315106,0.198222,0.802884,0.148732,0.409414,0.337550,0.602067,0.608226,0.198148,0.288973,0.436234,0.287604,-1.220314,0.890635,0.575874,-0.284404,-0.927999,0.254388,-0.876580,-0.650507,0.490352,0.301129,0.191526,-0.938338,0.507668,0.310475,187.189086,1.309650,-1.494929,0.172538,0.211441,1.164031,-0.398513,-0.327071,0.118791,0.117753,0.414329,0.190435,1.240309,0.629387,-0.203424,0.225774
0.474182,0.399569,0.501641,0.036800,0.296644,0.117558,-1.046536,0.067594,0.678939,0.017755,0.069101,0.285264,0.327071,0.167954,0.175821,0.046028,0.023498,-0.032147,-1.013403,0.665070,0.387392,-0.143269,-0.772006,-0.249228,0.310242,0.034097,0.691805,0.191622,0.037358,-0.593955,0.200314,0.139286,174.916979,1.104918,-1.179542,0.020626,0.087146,0.842623,-0.316070,0.027772,0.228014,0.001946,0.294942,0.176521,-0.068748,0.588353,0.132379,-0.159675
0.627474,0.842328,0.953648,0.057240,0.309601,0.364175,-0.844489,0.056735,0.339898,0.024383,0.047619,0.364315,0.427853,0.169458,0.183558,0.064796,0.033800,0.358402,-0.789588,0.672588,0.441362,-0.143269,-0.679377,-0.284321,0.324637,-0.002727,0.691805,0.144236,-0.388034,-0.621335,0.202961,0.199606,293.851757,0.972020,-1.410250,0.028181,0.092876,1.573554,-0.330235,0.529465,0.141025,0.003665,0.495184,0.222550,-0.092651,0.588353,-0.162853,-0.061751
0.437715,0.859240,1.035998,0.350274,0.422205,0.209789,-1.204030,0.229874,1.237874,0.130341,0.116291,0.237429,0.850196,1.225425,0.115496,0.150206,0.305518,0.499803,-1.120889,0.998388,0.596567,-0.388591,-1.166061,0.926284,-0.460112,-0.625754,0.570269,0.174086,-0.388034,-0.621335,0.620777,0.235584,418.524367,1.222752,-1.354969,0.237416,0.249511,1.600835,-0.680218,-1.380783,0.855286,0.174352,0.542493,0.503723,0.685929,1.126775,-0.965979,0.256295
0.080849,0.657833,0.667354,0.409284,0.491407,0.191750,-1.255397,0.370973,1.612348,0.216265,0.240560,0.285956,0.850196,1.225425,0.216089,0.184988,0.389510,0.555006,-1.196456,0.998388,0.834817,-0.678507,-1.278680,0.934666,-0.460112,-0.625754,0.787031,0.341393,-0.368676,-0.611024,0.620777,0.264163,290.243850,1.274506,-1.171915,0.535871,0.361629,1.379087,-0.811920,-1.380783,0.695079,0.257179,0.501844,0.670139,0.685929,1.126775,-0.965979,0.529765
-0.268867,0.220203,0.612960,0.378628,0.549871,0.323213,-1.235921,0.214193,1.780159,0.407210,0.262572,0.321975,0.873135,1.203507,0.459851,0.201216,0.678067,0.887236,-1.153987,1.042550,1.053153,-0.678507,-1.248835,0.491712,0.080473,-1.265261,0.739167,0.401827,0.965043,-0.606864,1.757181,0.302863,208.530108,1.248856,-1.201901,0.454619,0.427473,1.371008,-0.811920,-0.358558,0.237277,0.284370,0.582197,0.193526,1.473833,1.298751,-0.598722,0.868726
0.111235,0.458024,1.571048,0.098640,0.453657,0.370135,-1.292448,0.223267,1.780159,0.046240,0.147998,0.510852,0.734533,0.190733,0.416668,0.129103,0.105132,0.589562,-1.154674,0.658015,0.599835,-0.315310,-0.711858,0.041397,0.254533,-0.780083,1.062956,0.229162,-0.417048,-0.651365,0.219588,0.363161,508.605975,1.330133,-1.109202,0.088027,0.097341,1.769186,-0.338094,-0.358558,0.486663,0.004816,0.622245,0.685214,0.385141,0.945743,0.235615,-0.266290
-1.184060,0.600720,1.560340,0.373785,0.571453,0.302867,-1.326180,0.658406,0.841516,0.219672,0.257262,0.422729,1.009641,1.202510,0.580584,0.322597,0.418873,0.157214,-1.213829,0.942752,2.008729,-0.598997,-0.892765,-0.046010,-0.829502,-1.025176,1.062956,0.375345,-0.905703,-1.139780,0.370447,0.342723,628.903332,1.332484,-1.309627,0.189898,0.261628,1.765164,-0.839177,-0.751852,0.480864,0.215040,0.591009,0.479661,1.371299,1.552844,-1.181149,0.358476
-1.184060,0.668421,0.676465,0.478367,0.713293,0.258583,-1.359095,0.615241,1.064221,0.268800,0.366240,0.640119,1.009641,1.202510,0.556832,0.384988,0.556957,1.467897,-1.267570,1.112551,2.008729,-0.858655,-0.950214,1.060884,-0.829502,-1.025176,0.955677,0.386376,-0.905703,-1.139780,0.410744,0.507785,279.938913,1.361551,-1.200478,0.767475,0.365367,1.374894,-1.048308,-1.135236,0.728095,0.225997,0.531936,0.741428,1.371299,1.552844,-1.373758,0.550587
-0.436622,0.468591,0.539203,0.685138,0.785000,0.386683,-1.246551,0.294976,1.064221,0.516564,0.615290,0.494675,0.921401,1.104375,0.489643,0.539846,0.648975,1.194136,-1.109436,1.309347,1.272273,-1.983290,-0.928708,1.058610,-0.457541,-2.086412,0.955674,0.662292,0.438391,-1.457165,1.780563,0.417804,177.818140,1.200848,-1.234062,0.818207,0.638565,1.025441,-1.048308,-1.044959,0.523367,0.466504,0.414765,0.180841,2.921993,1.636277,-1.637656,1.437438
-0.436622,0.573053,1.358050,0.365356,0.515475,0.496429,-1.448803,0.406895,1.032765,0.195401,0.530454,0.657012,0.907777,1.104375,0.519565,0.430992,0.528405,1.187904,-1.369299,0.920558,1.272273,-1.983290,-0.835640,0.141608,0.044272,-2.086412,1.184329,0.527065,-0.608931,-1.168569,0.392485,0.311195,409.036878,1.353078,-1.268333,0.165249,0.215977,1.446984,-0.428215,0.199706,0.364424,0.157090,0.585815,0.501920,2.921993,1.430685,-0.449762,-0.100301
-0.631742,0.716384,1.381736,0.520615,0.590055,0.345405,-1.460183,0.478837,0.545622,0.245578,0.357672,0.578631,1.054713,1.643034,0.569521,0.428458,0.592590,0.801984,-1.431228,1.290080,1.266520,-0.758145,-1.351891,-0.012294,-1.387463,-1.029809,1.184329,0.361262,-0.984123,-0.750324,0.432016,0.562568,525.245201,1.430689,-1.260011,0.244607,0.347970,1.592694,-0.776120,-1.067712,0.598107,0.286302,0.799131,0.418600,2.202022,1.522038,-1.274643,0.634905
-0.631742,0.679755,0.798452,0.655386,0.720569,0.372710,-1.233963,0.471728,1.004420,0.384897,0.431784,0.694241,1.054713,1.643034,0.528781,0.503257,0.756067,1.766692,-1.088612,1.290080,1.266520,-1.321629,-1.368728,1.165997,-1.387463,-1.029809,1.145462,0.393434,-0.984123,-0.951075,0.432016,0.642652,329.548139,1.182724,-1.210857,0.767696,0.463448,1.114813,-1.045889,-1.229693,0.763054,0.319874,0.761938,0.766528,2.202022,1.522038,-1.274643,0.678979
-0.368613,0.373218,0.500640,0.552056,0.698198,0.379244,-1.308526,0.322432,1.004420,0.402492,0.492434,0.365088,0.873948,1.668474,0.528510,0.568296,0.982643,1.157165,-1.219863,1.194684,1.728112,-1.321629,-1.165854,1.165997,-0.655722,-0.578306,1.145462,0.313306,0.400125,-1.019755,0.993368,0.284339,169.234566,1.337721,-1.126788,0.738225,0.549792,1.091011,-1.045889,-1.005054,0.426654,0.450952,0.356863,0.139154,4.191824,1.142987,-1.161567,1.167088
-0.368613,0.510615,1.541335,0.252544,0.525403,0.336049,-1.203783,0.378463,0.828556,0.138103,0.325798,0.500881,0.873948,1.644121,0.512544,0.391469,0.808195,0.774766,-1.086327,1.181323,1.728112,-0.669229,-0.794580,0.181582,-0.524537,-0.329492,1.023891,0.274989,-0.664969,-0.779412,0.245171,0.347829,464.851223,1.246004,-1.214724,0.145643,0.229399,1.652955,-0.481368,0.133235,0.329526,0.180725,0.440981,0.482731,4.191824,1.027248,-0.067564,-0.093547
-0.773374,0.675552,1.536655,0.347210,0.588454,0.322749,-1.244199,0.509909,0.441699,0.224036,0.290304,0.480663,0.994061,1.238174,0.543971,0.364753,0.516832,0.678966,-1.134929,1.131039,1.425482,-0.348901,-1.337521,0.203247,-1.130441,-1.080635,1.023891,0.312978,-0.964574,-1.200865,0.334832,0.627527,607.012779,1.285070,-1.230733,0.210353,0.284274,1.717455,-0.768831,-1.058543,0.593846,0.226910,0.688662,0.409720,2.809733,1.656643,-1.066598,0.498277
-0.773374,0.698606,0.611815,0.468716,0.716547,0.335658,-1.312265,0.489443,1.056777,0.299055,0.435027,0.492620,0.994061,1.238174,0.545537,0.444021,0.684343,1.215145,-1.205086,1.131039,1.425482,-0.968887,-1.345254,1.028595,-1.130441,-1.080635,1.039258,0.309944,-0.964574,-1.200865,0.334832,0.546994,275.477785,1.331644,-1.319206,0.770279,0.438082,1.478529,-1.027316,-1.203090,0.734162,0.245505,0.643382,0.776571,2.809733,1.656643,-1.135423,1.383997
-0.392203,0.350445,0.552248,0.680008,0.800849,0.414472,-1.299827,0.300045,1.147566,0.525026,0.709154,0.683501,1.061006,1.308370,0.441381,0.659874,0.659467,1.487516,-1.161087,1.301292,1.587359,-2.498428,-1.185908,0.818844,-0.596119,-3.954173,1.039258,0.588878,0.613351,-1.136549,2.444371,0.575384,186.396455,1.277988,-1.380183,0.817370,0.633847,1.279219,-1.027316,-0.854918,0.413741,0.438690,0.726775,0.136551,2.160974,1.797298,-1.135423,2.019688
-0.392203,0.350024,1.361077,0.256717,0.517580,0.475924,-1.082331,0.370807,1.147566,0.082680,0.510597,0.777579,1.033180,1.308370,0.470239,0.361629,0.383953,0.751484,-1.075296,1.009849,0.678556,-2.304311,-0.743972,0.245153,0.037090,-0.538423,1.210317,0.301958,-0.447455,-1.136549,0.449050,0.755718,427.058134,1.160419,-1.358047,0.176820,0.200519,0.675030,-0.381631,-0.196049,0.392217,0.114351,0.723933,0.475804,0.202437,1.060234,0.011533,-0.006261
-0.937346,0.569594,1.457939,0.342141,0.571630,0.322175,-1.263878,0.618159,0.459395,0.223067,0.277097,0.757056,1.006235,1.142993,0.562464,0.379233,0.449919,0.779741,-1.245519,1.135532,1.643861,-0.441509,-1.113117,0.414841,-1.380784,-0.961054,1.210317,0.333716,-0.929747,-1.128025,0.370255,0.544036,567.316707,1.293040,-1.360538,0.206985,0.297569,1.664399,-0.764241,-1.126605,0.561332,0.216249,0.776282,0.436448,2.012394,1.902338,-1.145335,0.617482
-0.937346,0.747119,0.570242,0.543650,0.732399,0.302112,-1.144909,0.557281,0.967986,0.317488,0.409414,0.453965,1.006235,1.142993,0.569327,0.458810,0.740584,1.061681,-1.031197,1.761613,1.643861,-1.167820,-1.104925,1.090683,-1.380784,-1.632276,1.057831,0.359266,-0.929747,-1.175159,0.370255,0.524236,242.293122,1.153479,-1.374322,0.789450,0.563793,1.005006,-1.043876,-1.357771,0.775685,0.319145,0.717885,0.731621,2.012394,1.902338,-2.354194,1.817890
-0.456208,0.344833,0.489367,0.815349,0.805752,0.463878,-1.266699,0.288301,1.356442,0.530159,0.670906,0.660313,1.004117,1.278414,0.522372,0.652251,1.040409,1.530765,-1.212800,1.801269,1.316277,-2.158786,-1.007872,0.862170,-0.716230,-2.312679,1.057831,0.805473,0.462964,-1.643534,2.175418,0.726195,170.374262,1.350162,-1.433137,0.823462,0.662364,0.983142,-1.037693,-0.899156,0.426133,0.498461,0.725081,0.229134,3.394126,1.837636,-2.354194,1.817890
-0.456208,0.300660,1.104829,0.170035,0.516417,0.603284,-1.056238,0.378565,1.296231,0.052245,0.568303,0.553758,1.004117,0.241100,0.422323,0.416413,0.264313,0.040457,-1.110609,1.413600,0.417951,-1.735074,-0.906755,0.344276,-0.040735,-0.965962,1.083318,0.434705,-0.214567,-1.572157,0.725942,0.778284,361.159058,1.191818,-1.324896,0.162284,0.169409,1.895137,-0.498404,-0.249311,0.336261,0.025819,0.732422,0.442235,0.123973,0.823138,0.208973,-0.208628
-1.076013,0.508305,1.160326,0.564851,0.560195,0.377289,-1.162005,0.682954,0.661943,0.204666,0.318719,0.638368,0.912332,1.097425,0.484965,0.291068,0.397523,0.660906,-1.196642,1.037197,2.721988,-0.160779,-1.123150,1.139590,-1.708469,-1.015529,1.083318,0.467842,-0.735209,-1.123338,0.248347,0.526547,460.765368,1.251789,-1.371669,0.181091,0.308824,1.865703,-0.995559,-0.943839,0.497712,0.210431,0.821200,0.406030,2.552401,1.622632,-1.107729,0.511773
-1.076013,0.727339,0.501326,0.518538,0.663979,0.395866,-1.214968,0.654116,1.183358,0.231544,0.340717,0.505235,0.912332,1.097425,0.502116,0.533686,0.837820,0.660906,-1.075469,1.154528,2.721988,-0.627716,-1.108027,1.881461,-1.708469,-1.015529,0.995245,0.379582,-0.735209,-1.123338,0.471563,0.597107,212.855484,1.196883,-1.478930,0.710087,0.366094,1.073680,-1.045219,-1.292052,0.676076,0.223804,0.700640,0.725980,2.552401,1.622632,-1.115957,0.511773
-0.164408,0.362492,0.505426,0.915297,0.716550,0.558427,-1.225254,0.218767,1.183358,0.480026,0.669245,0.651212,0.979993,0.982208,0.493723,0.658383,0.964205,0.944296,-1.087391,1.215952,1.208438,-1.926874,-0.939556,1.291041,-1.254691,-2.500938,0.913494,0.730651,0.650333,-1.129617,1.704626,0.578736,169.010064,1.207173,-1.509684,0.739509,0.544327,0.937320,-0.935746,-1.054644,0.466120,0.359767,0.909392,0.153835,3.773406,1.592436,-0.646080,1.334829
-0.164408,0.399981,0.946818,0.600155,0.526538,0.696924,-1.138555,0.312435,0.972470,0.073377,0.450690,0.650272,0.979993,0.799051,0.404326,0.262560,0.501659,0.944296,-1.041132,1.113113,1.084134,-1.926874,-0.956745,0.100018,0.280172,-1.289697,0.902398,0.398407,-0.311578,-0.854611,0.593703,0.892040,302.630987,1.179704,-1.390378,0.133071,0.165318,1.511668,-0.316098,0.056511,0.314511,0.096025,0.800315,0.408624,0.269330,0.848764,0.102566,-0.209364
-0.693144,0.600014,0.909228,0.621703,0.593890,0.344538,-1.105493,0.544360,0.472672,0.170847,0.295218,0.707209,0.929805,1.030488,0.623839,0.248359,0.515650,1.392185,-0.989731,0.854334,2.910133,-0.112619,-1.153797,1.053401,-1.301659,-1.280253,0.902398,0.371237,-0.872848,-0.953699,0.387696,0.802148,352.239746,1.090461,-1.314789,0.170156,0.263524,1.559279,-0.843983,-1.022577,0.515888,0.206289,1.017716,0.406389,2.116588,1.812898,-1.222603,0.408064
-0.693144,0.814772,0.509084,0.617429,0.703101,0.292390,-1.295994,0.533525,1.241484,0.232979,0.336866,0.575035,0.929805,1.030488,0.621015,0.586309,1.040633,1.392185,-1.200590,1.103912,2.910133,-0.460046,-1.154136,1.936931,-1.301659,-1.280253,0.908574,0.440324,-0.872848,-1.338022,0.387696,0.700791,203.069312,1.292645,-1.402708,0.757151,0.339649,0.832247,-0.973451,-1.552438,0.775132,0.218013,0.979926,0.821034,2.116588,1.812898,-1.222603,0.410222
0.028875,0.333601,0.618023,0.770620,0.738764,0.575431,-1.223162,0.234591,1.241484,0.580124,0.659442,0.678344,1.056582,1.815474,0.459178,0.866900,0.912476,0.927689,-1.098508,1.268929,1.396685,-1.565106,-0.988146,1.520837,-1.786188,-2.540044,0.736261,0.908722,0.594042,-1.580518,1.949498,0.474643,199.405049,1.246042,-1.213175,0.780665,0.545999,1.353652,-0.958484,-1.368669,0.473046,0.477628,0.870468,0.198164,1.985450,1.075242,-0.741703,1.110455
0.037428,0.378634,1.390524,0.098966,0.468427,0.660130,-1.050047,0.250344,0.907775,0.095995,0.510595,0.666151,0.900211,0.201142,0.441519,0.393992,0.125266,0.755905,-0.838765,1.268929,0.407435,-1.565106,-0.871582,0.196653,-0.011244,-1.145432,1.148895,0.694708,-0.592946,-0.941446,0.555893,0.966702,447.538388,0.988281,-1.457120,0.124675,0.159022,1.654415,-0.416876,-0.120367,0.411732,0.021279,1.495445,0.437893,0.113340,0.986239,-0.029051,-0.189605
-0.566408,0.621524,1.512896,0.372712,0.577786,0.405183,-1.284595,0.515817,0.528424,0.175803,0.246279,0.710352,1.007216,1.080613,0.587481,0.308365,0.454380,0.732578,-1.129476,0.890740,2.054466,-0.373903,-1.164220,0.545064,-1.059482,-0.957161,1.148895,0.334619,-1.226390,-0.922462,0.329604,1.282939,583.288703,1.247132,-1.481794,0.204855,0.281622,2.009965,-0.707235,-0.926331,0.504377,0.215324,1.474371,0.552416,1.656965,1.296249,-1.262940,0.553872
-0.566408,0.769079,0.620095,0.510449,0.709208,0.387941,-1.275265,0.463981,1.093157,0.199368,0.275751,0.414575,1.007216,1.080613,0.574757,0.496515,0.723631,0.766603,-1.199301,1.130096,2.054466,-0.578517,-0.977284,1.698571,-1.059482,-0.957161,0.936280,0.357683,-1.226390,-0.922462,0.331208,0.721273,258.448968,1.282267,-1.390261,0.757521,0.344547,1.454494,-1.001139,-1.356963,0.790512,0.214202,0.761511,0.885159,1.656965,1.296249,-1.262940,0.553872
-0.547226,0.427145,0.500123,0.931174,0.788643,0.527711,-1.310364,0.336717,1.165146,0.591763,0.738389,0.631071,1.061093,1.081195,0.520062,0.788352,0.899109,1.281634,-1.213765,1.313912,1.776475,-1.933135,-0.848280,1.647084,-1.247755,-2.403942,0.932475,0.744622,0.571566,-1.551010,2.542498,0.602785,178.303505,1.314319,-1.277438,0.815638,0.627670,0.956757,-1.000452,-1.227989,0.539218,0.430603,0.382451,0.163654,3.208541,1.387021,-0.604949,1.645696
-0.547226,0.403682,1.242652,0.622258,0.549340,0.649580,-1.213144,0.421489,1.165146,0.125598,0.552856,0.768741,1.061093,1.081195,0.560212,0.390703,0.646109,1.281634,-1.130682,0.954326,1.646414,-1.933135,-0.922762,0.242640,0.262973,-2.127467,1.180654,0.586085,-0.395312,-1.060645,0.502356,0.503293,404.967882,1.233274,-1.334652,0.173587,0.245668,1.258534,-0.329104,0.026671,0.330621,0.136656,0.749296,0.501608,3.147008,0.793495,-0.036030,0.390802
-0.994093,0.593651,1.497595,0.570693,0.597654,0.311545,-1.169400,0.601873,0.641437,0.228556,0.300581,0.573150,1.031171,1.200273,0.560105,0.328648,0.540662,1.062412,-1.043523,0.748502,2.729658,-0.261559,-1.209921,0.718395,-1.531911,-0.999811,1.180654,0.361495,-0.928314,-1.039269,0.477876,0.418725,600.678944,1.162841,-1.244972,0.188318,0.291701,1.865550,-0.885987,-0.911823,0.498366,0.245261,0.897629,0.460567,2.478024,1.437961,-1.168787,0.547494
-0.994093,0.715737,0.670650,0.601474,0.705428,0.272876,-1.375595,0.576295,1.190716,0.279526,0.377576,0.400683,1.031171,1.200273,0.556361,0.513924,0.763310,1.062412,-1.246221,1.124310,2.729658,-0.876124,-1.276825,1.527066,-1.531911,-0.999811,1.091394,0.356860,-0.928314,-1.039269,0.480162,0.656175,276.257984,1.355980,-1.172688,0.755040,0.361705,-0.001571,-1.022338,-1.246382,0.751474,0.248561,0.704141,0.785300,2.478024,1.437961,-1.168787,0.547494
-0.611867,0.493429,0.483734,0.574865,0.757270,0.591585,-1.335826,0.349915,1.190716,0.530918,0.464151,0.510573,0.953455,1.386016,0.493730,0.581414,0.758149,1.221756,-1.254343,0.904059,1.489789,-1.020754,-1.202988,1.512283,-0.597212,-1.091783,1.091394,0.347615,0.546055,-1.475666,2.148936,0.702887,159.690322,1.330852,-1.270393,0.790971,0.569870,0.842395,-1.022338,-1.201322,0.580052,0.376961,0.541187,0.186732,2.522693,1.452881,-0.853744,1.273962
-0.611867,0.506120,1.350124,0.312329,0.578785,0.434962,-1.185322,0.391438,0.874963,0.311709,0.431519,0.667565,0.953455,1.386016,0.492735,0.402932,0.556049,0.948832,-1.101754,0.765503,1.489789,-1.020754,-0.855117,0.329866,-0.597212,-0.337203,1.000113,0.341493,-0.429182,-0.866604,2.148936,0.657453,416.369904,1.248778,-1.258776,0.150537,0.285108,1.907710,-0.389904,0.230114,0.275446,0.211319,0.660852,0.440946,2.522693,1.420830,-0.853744,0.928436
-0.965830,0.633889,1.277408,0.459374,0.607022,0.248930,-1.253593,0.558050,0.683389,0.216214,0.274715,0.651300,0.986924,1.152670,0.558571,0.306055,0.549694,0.708649,-1.149256,1.052684,2.185547,-0.283693,-0.993237,0.134455,-1.569102,-1.123839,1.000113,0.335227,-0.876308,-1.188480,0.418865,0.513148,510.447770,1.261934,-1.283765,0.190244,0.283927,1.822628,-0.859804,-0.954357,0.544307,0.224170,0.712546,0.435833,1.576880,1.487789,-1.076060,0.495089
-0.965830,0.673358,0.536131,0.505998,0.716609,0.253999,-1.343903,0.551122,0.890726,0.287171,0.434878,0.501136,0.986924,1.152670,0.556633,0.379186,0.671453,1.063116,-1.272093,1.180318,2.185547,-0.896428,-0.934715,1.114074,-1.569102,-1.123839,0.963181,0.314658,-0.876308,-1.188480,0.418865,0.533852,226.756806,1.307526,-1.216477,0.767147,0.399583,1.060380,-1.041096,-1.142875,0.713453,0.240076,0.601680,0.677912,1.576880,1.487789,-1.321362,0.951635
-0.633808,0.391426,0.482797,0.590866,0.780104,0.346957,-1.387649,0.337000,1.088202,0.608246,0.694769,0.516008,0.973949,2.048752,0.450505,0.587103,0.599268,1.284424,-1.173578,1.360941,1.604293,-2.113666,-0.961959,1.114074,-0.453586,-2.240637,0.892352,0.683939,0.441808,-1.559021,2.263915,0.344446,164.439331,1.343593,-1.185285,0.802509,0.588206,0.849629,-1.035606,-0.897251,0.428260,0.516997,0.502569,0.155847,1.984278,1.582778,-1.321362,1.431023
-0.633808,0.461335,1.275868,0.234266,0.538889,0.314928,-1.206032,0.428425,1.027681,0.116531,0.449854,0.717238,0.953369,2.048752,0.445400,0.403568,0.348118,1.284424,-1.161780,0.893906,1.320361,-2.113666,-0.884566,0.303838,-0.416045,-1.209817,1.027870,0.353888,-0.565630,-0.963350,0.451433,0.357366,408.309708,1.258404,-1.289385,0.141309,0.191749,1.636441,-0.387502,0.118506,0.315017,0.234172,0.603782,0.487965,0.751458,0.943945,-0.334350,0.004311
-0.993160,0.658583,1.248353,0.315365,0.588120,0.270617,-1.063905,0.611330,0.385287,0.216074,0.266006,0.535617,0.973378,1.220752,0.539856,0.266844,0.382156,0.738715,-0.808545,1.083429,1.870336,-0.338760,-0.872315,0.215831,-1.010664,-0.840078,1.027870,0.314510,-1.020223,-1.178515,0.339390,0.405929,491.790880,0.922780,-1.284996,0.193438,0.267360,1.779185,-1.025021,-1.092437,0.608046,0.221579,0.799479,0.418865,1.916723,1.397449,-1.066341,0.395785
-0.993160,0.735693,0.515242,0.445891,0.696788,0.329060,-1.424159,0.613047,0.785403,0.297167,0.455442,0.380050,0.973378,1.220752,0.546902,0.337914,0.499077,0.857298,-1.322548,1.126750,1.870336,-1.001153,-0.839227,1.047801,-1.010664,-1.271659,1.017404,0.292414,-1.020223,-1.178515,0.418477,0.596680,225.823327,1.415001,-1.189737,0.743398,0.482525,0.767310,-1.180279,-1.275079,0.726351,0.289935,0.544898,0.669611,1.916723,1.397449,-1.066341,1.835576
-0.790186,0.342847,0.516462,0.495907,0.742489,0.263946,-1.444449,0.433898,1.023042,0.588822,0.790487,0.438708,0.923277,1.965091,0.504750,0.701038,0.807176,1.017876,-1.289664,1.578320,1.909660,-2.460415,-0.719658,1.047801,-0.494873,-4.306560,1.006491,0.875286,0.248837,-1.175419,2.382390,0.437996,175.235833,1.418884,-1.247308,0.751371,0.663462,0.870551,-0.956292,-0.784274,0.385183,0.488141,0.595616,0.197922,1.772424,2.067543,-0.947215,1.873548
-0.383904,0.346069,0.943832,0.062954,0.488351,0.245728,-1.067330,0.311376,0.890152,0.040912,0.391521,0.606761,0.923277,0.174367,0.395698,0.338329,0.137399,1.017876,-0.964760,1.014031,0.407935,-0.771039,-1.021243,0.583539,0.275978,-0.379304,0.981507,0.434707,-0.396704,-1.082334,0.214050,0.527744,305.690200,1.155192,-1.254911,0.113365,0.191348,1.426347,-0.330699,0.011154,0.267153,0.005595,0.741635,0.371861,0.150520,1.018762,0.090880,-0.088294
0.393967,0.560811,0.847266,0.663429,0.539352,0.228545,-1.166977,0.339163,0.315174,0.124684,0.230308,0.472724,0.968245,1.591070,0.567519,0.227172,0.583526,0.461057,-1.072374,1.321029,0.879023,-0.307700,-1.058946,0.468087,-0.611845,-0.626327,0.981507,0.360397,-0.690236,-0.888801,0.536112,0.312805,345.889087,1.221961,-1.331185,0.219479,0.238051,1.364144,-0.655094,-1.103033,0.570875,0.186398,0.642740,0.311693,1.451568,1.692120,-0.904682,0.099322
0.393967,0.670387,0.494301,0.775041,0.452256,0.330207,-1.253633,0.346371,0.672454,0.248755,0.395676,0.431562,0.968245,1.591070,0.453033,0.354447,0.623522,0.580202,-1.210142,1.321029,1.033313,-0.620806,-0.898515,0.873868,-0.611845,-0.626327,0.841923,0.328632,-0.690236,-0.888801,0.536112,0.399690,206.320710,1.292519,-1.261377,0.501899,0.267409,0.865942,-0.836124,-1.210096,0.605057,0.262812,0.544165,0.543764,1.451568,1.692120,-0.904682,0.099322
0.318148,0.499837,0.603295,0.321285,0.243089,0.298223,-1.219696,0.262463,0.672454,0.251678,0.327982,0.228890,0.333025,1.153873,0.195501,0.289395,0.887931,0.580202,-1.130986,0.958863,1.118153,-0.620806,-0.659939,0.856666,-0.504564,-1.236814,0.675856,0.363057,-0.217554,-0.637157,0.259912,0.197591,203.320493,1.265407,-1.279302,0.245277,0.194328,1.257045,-0.823358,-0.927658,0.564755,0.215719,0.372561,0.315665,1.995678,0.601816,-0.337882,0.413439
0.318148,0.852245,0.657953,0.068923,0.285996,0.199649,-0.782169,0.051594,0.095250,0.023101,0.151486,0.201318,0.365590,0.169590,0.110688,0.162669,0.046271,0.525263,-0.713404,0.802844,0.468634,-0.419188,-0.702706,0.038456,0.368513,-0.154878,0.675856,0.212988,-0.247808,-0.609986,0.204352,0.148664,220.736129,0.889657,-1.300155,0.032551,0.066996,1.257247,-0.326958,0.306755,0.175686,0.001782,0.412646,0.104992,-0.012034,0.497622,-0.256026,-0.174489
0.318148,0.747787,0.579273,0.259934,0.370386,0.446738,-1.039645,0.247596,0.842673,0.068805,0.247250,0.300334,0.536666,0.372269,0.102466,0.116075,0.140022,0.494921,-1.068239,0.826698,0.483874,-0.281814,-0.746947,0.594647,-0.401166,-0.321256,0.481087,0.274084,-0.247808,-0.746830,0.536021,0.177560,243.685317,1.167572,-1.196715,0.090670,0.127128,1.168049,-0.389760,-0.711051,0.529866,0.051207,0.712828,0.350400,-0.013566,0.518526,-0.554363,-0.016631
0.402589,0.603509,0.561972,0.266201,0.317809,0.506617,-1.133188,0.188460,0.990290,0.124577,0.303896,0.261674,0.536666,0.372269,0.109234,0.177037,0.277339,0.308377,-1.138596,0.837265,0.483874,-0.171931,-0.798128,0.594647,-1.193187,-0.321256,0.535102,0.270944,-0.244422,-1.053466,0.536021,0.198507,239.790392,1.224526,-1.199834,0.272583,0.163037,1.099894,-0.512997,-0.730007,0.655313,0.071380,0.759551,0.444906,-0.013566,0.518526,-0.554363,0.111481
0.458637,0.473147,0.530350,0.408061,0.312093,0.410734,-1.067673,0.171370,1.005476,0.244766,0.499214,0.241746,0.714978,2.113032,0.186071,0.566692,0.871078,0.602348,-0.971157,0.949880,0.905610,0.040453,-0.940567,0.594647,-1.277168,-0.802345,0.535102,0.258476,0.703791,-1.053466,0.605553,0.376339,184.637213,1.078545,-1.114628,0.330659,0.218690,1.147706,-0.615568,-0.730007,0.127011,0.295612,0.574413,0.077718,3.454826,0.703482,-0.388044,0.392310
0.458637,0.412811,0.570909,0.331237,0.406351,0.348171,-1.112271,0.257857,1.005476,0.143009,0.551402,0.461472,0.714978,2.113032,0.209352,0.564427,0.810164,0.602348,-1.045793,0.949880,0.905610,-0.158483,-1.044219,0.224931,-1.277168,-0.802345,0.431313,0.267444,0.550970,-1.038809,0.605553,0.472247,203.402233,1.175553,-1.089084,0.243928,0.221182,1.068652,-0.615568,-0.545984,0.075903,0.284682,0.430401,0.148031,3.454826,0.703482,-0.354844,0.392310
0.206231,0.240559,0.789115,0.095376,0.396464,0.558648,-1.112272,0.204807,0.805003,0.044594,0.215301,0.836989,0.683294,0.180653,0.393246,0.217550,0.062219,-0.120072,-1.045804,0.995344,0.398296,-1.070105,-0.796115,-0.004451,0.164634,-0.586986,0.672666,0.592311,0.129647,-0.875997,0.210745,1.232758,265.425820,1.216551,-1.209077,0.102855,0.153024,1.480657,-0.360253,-0.310875,0.265247,0.004532,0.603936,0.204183,-0.108791,0.819556,-0.007825,-0.141001
0.821399,0.338508,0.754775,0.044361,0.378492,0.303537,-1.142547,0.182200,0.485492,0.059185,0.070238,0.578829,0.463633,0.304001,0.106139,0.081628,0.056520,-0.345381,-1.093059,0.780120,0.422026,-0.009179,-1.008722,-0.183183,0.159982,0.066640,0.713366,0.191546,-0.187453,-0.766670,0.238059,0.785915,261.121998,1.226483,-1.310156,0.050243,0.142276,1.535356,-0.323128,-0.038533,0.141882,0.020903,0.458573,0.141690,0.167655,0.887166,0.141213,-0.141001
0.928219,0.375952,0.667281,0.461419,0.430383,0.318414,-1.298716,0.182005,0.232875,0.070268,0.446400,0.395402,0.635874,0.864006,0.422297,0.132088,0.304822,-0.088166,-1.178758,1.028622,0.422026,-0.009179,-0.983455,1.768110,-1.838804,-0.755363,0.773313,0.388126,-0.394217,-0.766670,0.413801,1.355766,281.530793,1.319250,-1.349177,0.087364,0.225772,1.421374,-0.391483,-0.217890,0.199236,0.119295,0.535334,0.211373,0.827696,1.152293,-0.546018,0.035685
0.949747,0.303893,0.542636,0.660868,0.289297,0.392683,-1.329195,0.184106,0.378057,0.164562,0.354464,0.450194,0.635874,0.864006,0.404948,0.587442,0.814679,0.314898,-1.256822,1.028622,0.532774,-0.188551,-0.872784,2.075910,-1.838804,-0.755363,0.773313,0.353370,-0.394217,-0.787364,0.413801,0.850503,224.493356,1.321339,-1.385196,0.261529,0.240748,0.957938,-0.590813,-0.369527,0.340123,0.157139,0.465138,0.278410,1.304484,1.152293,-0.546018,0.035685
0.566398,0.477103,0.582919,0.479835,0.177923,0.606589,-1.125208,0.305418,0.378057,0.178655,0.412825,0.372384,0.268405,0.323987,0.134263,0.558934,0.729530,0.394539,-0.957046,0.843342,0.534608,-0.489418,-0.823912,1.841808,-1.416571,-0.447252,0.587905,0.321399,-0.291338,-0.787364,0.307298,0.235704,198.485418,1.183587,-1.380638,0.150535,0.164160,1.212646,-0.590813,-0.352499,0.453729,0.098884,0.319605,0.223650,1.304484,0.534820,-0.488423,0.096292
0.566398,0.913614,0.744413,0.033872,0.278157,0.146768,-0.883457,0.081937,-0.073624,0.035248,0.219882,0.317401,0.492396,0.172507,0.084675,0.148065,0.029513,0.394539,-0.840244,0.702351,0.425928,-0.405324,-0.809086,0.025867,0.337338,-0.030885,0.587905,0.223267,-0.420371,-0.705006,0.212675,0.379607,253.989250,0.978770,-1.333337,0.072564,0.105493,1.430498,-0.324567,0.504467,0.151505,0.002467,0.214938,0.115686,-0.113616,0.625006,-0.142300,-0.026262
0.410326,0.896773,0.756047,0.688658,0.416400,0.202644,-1.248529,0.216029,1.278518,0.141757,0.168306,0.291184,0.869416,1.552030,0.156008,0.210206,0.570698,0.312917,-1.154986,1.045125,0.719359,-0.896311,-1.046494,1.026578,-0.501459,-0.890453,0.593705,0.281676,-0.420371,-0.675007,0.742159,0.207106,323.100703,1.332417,-1.320365,0.274904,0.253567,1.581452,-0.707423,-1.224293,0.876076,0.205699,0.558008,0.565785,2.133867,1.129495,-1.050552,0.390139
0.227948,0.590892,0.649756,0.767675,0.490848,0.187008,-1.271836,0.284036,1.694633,0.211623,0.317174,0.253021,0.869416,1.552030,0.250174,0.318210,0.611418,0.702589,-1.146568,1.045125,1.114775,-1.016140,-1.116703,1.026578,-0.501459,-0.890453,0.740733,0.455185,-0.347829,-0.890297,0.742159,0.389058,273.452997,1.323546,-1.302716,0.529520,0.363159,1.153273,-0.829082,-1.224293,0.655373,0.269329,0.617779,0.671476,2.133867,1.274428,-1.050552,0.517974
-0.083671,0.240006,0.614638,0.241196,0.537660,0.339189,-1.436122,0.220074,1.694633,0.245405,0.314819,0.409713,0.854600,1.007052,0.379449,0.263836,0.367338,1.000285,-1.324118,1.172626,1.114775,-1.016140,-1.010117,0.564647,0.043977,-0.672994,0.627629,0.505128,0.890418,-0.890297,0.898852,0.254746,200.868071,1.417904,-1.276408,0.403657,0.449108,1.209841,-0.756407,-0.379648,0.243840,0.251043,0.421182,0.221757,0.998454,1.328312,-0.739028,0.917998
0.237393,0.455245,1.686335,0.064616,0.437451,0.327258,-1.302753,0.199159,1.579301,0.045545,0.181537,0.529593,0.723073,0.193394,0.386749,0.137832,0.063035,0.850151,-1.182604,0.682606,0.454058,-0.289330,-0.844562,-0.027724,0.256250,-0.672994,1.147908,0.245706,-0.429192,-0.643350,0.260501,0.371606,528.813600,1.316751,-1.435292,0.093467,0.107081,1.782526,-0.335313,-0.379648,0.495051,0.007403,0.613345,0.622119,0.054806,0.963015,0.301317,-0.007217
-1.049803,0.577173,1.682979,0.332123,0.553714,0.291838,-1.240817,0.623501,0.827407,0.227617,0.266410,0.481395,1.010681,1.198017,0.548132,0.366105,0.488628,0.577908,-1.153829,0.996520,1.622735,-0.335830,-0.964426,0.370137,-0.928711,-0.941897,1.147908,0.341803,-0.900650,-1.103718,0.383507,0.356624,648.975879,1.274463,-1.411530,0.205925,0.263328,1.782988,-0.781987,-0.895228,0.523929,0.218114,1.017033,0.486596,1.905204,1.417569,-1.005529,0.403780
-1.049803,0.647815,0.645465,0.413274,0.688154,0.272323,-1.375226,0.571416,1.026684,0.294752,0.386985,0.520389,1.010681,1.198017,0.566092,0.424381,0.638199,1.068987,-1.265257,1.064274,1.622735,-0.840438,-1.001858,1.145969,-0.928711,-0.941897,1.137859,0.384096,-0.900650,-1.103718,0.383507,0.544643,257.960298,1.380614,-1.263883,0.737383,0.362802,1.261206,-1.049652,-1.100337,0.686143,0.227348,0.815732,0.708869,1.905204,1.417569,-1.133325,0.759253
-0.472689,0.379443,0.538013,0.566100,0.751617,0.331045,-1.296365,0.309499,1.088086,0.576795,0.628855,0.443276,1.026113,0.960372,0.540362,0.611733,0.797868,1.132265,-1.195676,1.105860,1.387251,-1.255948,-0.908296,0.981297,-1.360080,-1.069176,1.137859,0.577973,0.549817,-1.473569,1.994975,0.330215,167.006191,1.359185,-1.275611,0.781500,0.558224,1.231240,-1.049652,-0.917375,0.456031,0.464029,0.299979,0.133802,3.489904,1.382563,-1.133325,1.109911
-0.472689,0.429876,1.206416,0.398892,0.521081,0.406513,-1.142740,0.390691,1.088086,0.114096,0.475761,0.549239,1.026113,0.960372,0.538658,0.400240,0.514617,0.919929,-1.127108,0.780698,1.387251,-1.255948,-0.891037,0.186161,0.140340,-0.760388,1.235421,0.351917,-0.471267,-0.846596,0.340144,0.488946,409.972393,1.196432,-1.389771,0.169215,0.223729,1.785478,-0.345322,0.072984,0.348045,0.116389,0.662560,0.484327,3.489904,1.054092,0.170196,-0.045003
-0.887433,0.634188,1.199449,0.456645,0.585811,0.360066,-1.185800,0.580431,0.534788,0.230103,0.365377,0.580310,1.013384,1.306786,0.526302,0.410156,0.387831,0.924082,-1.121846,1.159321,1.583590,-1.837820,-1.218885,-0.105344,-0.990723,-0.994207,1.235421,0.311496,-0.939323,-0.930952,0.403075,0.637058,516.259155,1.181740,-1.366130,0.213785,0.311725,1.693638,-0.771042,-1.092551,0.568456,0.240149,0.862534,0.433650,1.656759,1.852737,-1.217632,0.581625
-0.887433,0.731145,0.652180,0.563508,0.749805,0.340998,-1.311892,0.562407,0.974728,0.333131,0.428634,0.592732,1.013384,1.306786,0.503528,0.452409,0.547212,1.278752,-1.214907,1.159321,1.583590,-1.837820,-1.210007,0.915250,-0.990723,-1.348326,1.049319,0.404091,-0.939323,-1.415838,0.403075,0.545801,271.893379,1.302547,-1.347420,0.802914,0.459008,1.368728,-1.074957,-1.347147,0.795546,0.270815,0.708285,0.746379,1.656759,1.852737,-1.819273,1.055794
-0.367182,0.381297,0.511766,0.627650,0.808803,0.363479,-1.301047,0.292539,1.473056,0.506561,0.584443,0.408310,1.032641,1.076348,0.547004,0.562790,0.939142,0.830633,-1.101592,1.273394,1.354320,-1.259697,-1.238902,0.904741,-0.532269,-1.601655,1.049319,0.518569,0.534495,-1.415838,1.744782,0.443161,169.867867,1.324409,-1.415104,0.842581,0.653443,1.055173,-1.074957,-1.006990,0.470483,0.445418,0.338791,0.252873,2.842091,1.289555,-1.950859,1.323549
-0.367182,0.387036,1.513977,0.308907,0.514574,0.353061,-1.014248,0.358891,1.473056,0.115790,0.429861,0.477537,0.931153,0.953839,0.513651,0.340329,0.685639,0.736629,-0.930838,1.134582,1.354320,-0.746344,-0.856667,0.319355,-0.123514,-0.795843,1.257212,0.374363,-0.554268,-0.924020,0.214766,0.235372,464.435946,1.075485,-1.228806,0.153537,0.203251,1.512667,-0.347631,-0.060734,0.382875,0.112932,0.704270,0.632258,2.373265,1.278571,-0.017493,-0.170597
-1.087189,0.620808,1.881664,0.508873,0.587100,0.411301,-1.318543,0.629956,0.868741,0.220892,0.214282,0.500443,1.048371,1.115627,0.592331,0.340976,0.526237,0.622165,-1.203059,0.880432,1.862520,-0.426870,-1.005619,0.315235,-1.679015,-1.016689,1.257212,0.305313,-1.046170,-1.067868,0.343338,0.508484,736.238887,1.343716,-1.251809,0.198151,0.290885,1.852869,-0.893341,-0.842511,0.514518,0.215370,0.887972,0.544479,2.572248,1.720690,-1.110561,0.623210
-1.087189,0.712701,0.835042,0.548995,0.723286,0.344021,-1.408883,0.599370,1.063445,0.278856,0.378451,0.559340,1.048371,1.115627,0.556306,0.404380,0.605790,1.376688,-1.251407,1.109093,1.862520,-0.842435,-1.020427,1.199029,-1.679015,-1.016689,1.030505,0.327622,-1.046170,-1.067868,0.428279,0.588246,334.963641,1.432575,-1.367560,0.774919,0.389241,1.008986,-1.041521,-1.215350,0.772131,0.221529,0.665422,0.789762,2.572248,1.720690,-1.110561,0.623210
-0.464464,0.397757,0.533156,0.714115,0.811288,0.379204,-1.353461,0.318615,1.286989,0.565668,0.679201,0.390602,1.136925,1.063485,0.580432,0.495469,0.712863,1.021953,-1.278273,1.318988,1.686325,-1.566777,-1.164663,1.120594,-0.368100,-0.878288,1.030505,0.552373,0.587966,-1.189903,1.990334,0.405396,179.800407,1.357489,-1.413975,0.841439,0.651662,1.085107,-1.041521,-1.006964,0.501193,0.464292,0.345205,0.191845,2.445286,1.443332,-1.524881,1.465382
-0.464464,0.431810,1.283103,0.465675,0.538732,0.416799,-1.350630,0.371034,1.286989,0.095681,0.443465,0.663189,1.136925,1.063485,0.566044,0.323749,0.493447,1.021953,-1.252739,0.860200,1.646347,-1.566777,-1.019047,0.164333,0.235665,-0.543274,1.248137,0.381970,-0.495676,-1.059963,0.409122,0.316108,433.405375,1.406161,-1.432884,0.186600,0.262294,1.022982,-0.332743,-0.059308,0.394286,0.133767,0.560915,0.586043,1.152312,1.439356,0.142095,-0.019409
-1.040154,0.628317,1.337357,0.399402,0.591409,0.307179,-1.318374,0.614341,0.671953,0.225615,0.297936,0.646223,1.058700,1.163322,0.554673,0.313105,0.441973,0.910341,-1.210188,1.094484,1.788149,-0.219224,-0.959737,0.592712,-1.513832,-0.976776,1.248137,0.351321,-1.054589,-0.993826,0.362193,0.725415,551.568476,1.346116,-1.424815,0.206882,0.294606,1.850630,-0.802945,-0.881204,0.549133,0.216956,0.726890,0.487490,1.636916,1.477320,-1.057832,0.593926
-1.040154,0.652078,0.629777,0.498117,0.717080,0.306761,-1.304082,0.588898,0.831455,0.267655,0.463352,0.584076,1.058700,1.163322,0.549191,0.537423,0.962237,1.102154,-1.139914,1.105559,1.788149,-0.668412,-1.032205,1.818584,-1.513832,-1.004306,1.054304,0.419687,-1.054589,-1.171272,0.362193,0.675849,252.974624,1.303973,-1.382561,0.769112,0.388901,0.898476,-1.033658,-1.117367,0.676068,0.224926,0.629058,0.702895,1.636916,1.477320,-1.415626,0.593926
-0.079810,0.336657,0.514703,0.898977,0.762645,0.444916,-1.311704,0.229716,0.831455,0.335799,0.713510,0.702110,0.959898,1.511376,0.481421,0.666089,1.027199,1.089043,-1.218722,1.290571,0.925949,-2.135683,-1.071161,1.437606,-1.245067,-1.886122,1.054304,0.909589,0.311081,-1.887065,1.036814,0.586101,175.500661,1.354998,-1.418761,0.792056,0.629020,1.077220,-1.028339,-0.993598,0.420664,0.431164,0.611955,0.148369,2.137805,2.208295,-1.415626,1.723825
-0.079810,0.361216,1.092351,0.475253,0.526444,0.708993,-1.237164,0.340291,0.820421,0.141363,0.683343,0.583094,0.959898,1.343962,0.433420,0.383979,0.525753,0.321547,-1.142637,1.095885,0.925949,-2.135683,-0.987694,0.111821,0.067893,-1.886122,1.078879,0.713311,-0.409229,-1.192086,0.589257,0.771748,347.361719,1.304052,-1.251255,0.151024,0.244908,1.610561,-0.381853,-0.030897,0.294603,0.129287,0.682068,0.349290,2.137805,0.884547,0.101982,-0.026692
-0.525867,0.571263,1.043717,0.471716,0.575080,0.342896,-1.295817,0.478957,0.421034,0.221464,0.365129,0.613119,0.934161,1.530249,0.519955,0.311567,0.622238,0.612907,-1.208897,1.045609,2.312142,-0.467711,-1.084106,0.911450,-2.051033,-0.891543,1.078879,0.468526,-0.812384,-1.030183,0.313882,0.505412,412.345737,1.341055,-1.384410,0.180867,0.268875,1.589134,-0.614126,-0.811478,0.504958,0.215708,0.718316,0.383076,2.297525,1.521585,-0.980514,0.394581
-0.525867,0.685546,0.505460,0.490687,0.666528,0.355716,-1.328805,0.464212,1.114792,0.243366,0.453450,0.364041,0.934161,1.530249,0.489895,0.496916,0.900635,0.612907,-1.195531,1.045609,2.312142,-0.577980,-1.106499,1.875139,-2.051033,-0.891543,0.875978,0.403800,-0.812384,-1.030183,0.313882,0.532448,211.665447,1.368674,-1.261271,0.716087,0.325303,0.815815,-0.950908,-1.149481,0.668540,0.208693,0.513990,0.725180,2.297525,1.521585,-1.025654,0.394581
-0.395860,0.359454,0.532279,0.948353,0.734684,0.733297,-1.337652,0.324378,1.114792,0.555762,0.787989,0.712310,1.100008,1.014785,0.494112,0.897560,1.189099,1.707374,-1.216818,1.506757,1.195714,-1.984296,-1.047664,1.382286,-1.631636,-3.484666,0.861382,0.796827,0.586284,-1.102905,2.102580,0.473944,182.556760,1.381012,-1.269479,0.761207,0.601095,1.033939,-0.928683,-1.043744,0.472203,0.392356,0.438246,0.175258,5.379064,1.431309,-0.636190,1.491620
-0.389845,0.369038,1.185998,0.122790,0.501311,0.863282,-1.102001,0.313549,1.113642,0.056939,0.560240,0.740225,1.044550,0.389499,0.491592,0.352694,0.299749,0.682922,-1.014557,1.506757,0.450752,-1.984296,-0.947423,0.275601,0.077642,-1.253829,1.016496,0.516825,-0.280278,-0.835693,0.984099,0.627289,384.271269,1.207493,-1.384240,0.148612,0.256249,1.565668,-0.369644,0.023397,0.325393,0.039398,0.752529,0.456067,0.605415,0.968067,0.050032,-0.241145
-0.818247,0.578965,1.143637,0.660736,0.576501,0.351565,-1.146309,0.546766,0.476043,0.197021,0.291465,0.520539,0.922130,1.314808,0.518996,0.286959,0.580730,0.359584,-0.998715,0.923724,2.806603,-0.057991,-1.113458,1.062812,-1.884750,-0.939857,1.016496,0.387000,-0.800836,-0.813569,0.369761,0.433514,450.232375,1.157025,-1.453424,0.183954,0.289782,1.648301,-0.824713,-0.832478,0.495064,0.228031,0.819356,0.384151,2.261961,1.508371,-1.144943,0.510432
-0.818247,0.659219,0.532099,0.631759,0.711122,0.377345,-1.367758,0.523755,1.237023,0.239554,0.447647,0.468141,0.922130,1.314808,0.484777,0.571097,1.002833,0.596373,-1.277727,1.065866,2.806603,-0.787608,-1.051847,2.034045,-1.884750,-0.939857,0.824538,0.371399,-0.800836,-0.825431,0.369761,0.787163,224.033802,1.384738,-1.412054,0.763308,0.406655,1.022885,-1.013457,-1.181466,0.660484,0.230737,0.764891,0.763697,2.261961,1.508371,-1.144943,0.733609
-0.244555,0.345026,0.539962,0.809940,0.777577,0.600580,-1.224484,0.279183,1.237023,0.400648,0.634187,0.632108,0.992025,1.380461,0.439052,0.677507,0.897800,1.121963,-1.154186,1.397561,1.165110,-2.149092,-1.151464,1.243644,-0.973437,-4.092006,0.765770,0.895677,0.635761,-1.442609,1.347334,0.503574,185.178326,1.250012,-1.184322,0.803936,0.692287,1.094499,-0.986603,-0.996839,0.446732,0.436463,0.474164,0.175471,1.623883,1.557651,-0.839665,2.007067
-0.240347,0.370289,1.331558,0.200178,0.501697,0.688343,-1.217893,0.267962,1.033608,0.072351,0.415479,0.736798,0.958899,0.519256,0.355544,0.256491,0.426492,1.121963,-1.234113,1.262834,0.878990,-2.149092,-0.904635,0.199036,0.177410,-0.659645,0.874676,0.320715,-0.309105,-1.016478,0.523113,0.845327,440.850245,1.304300,-1.387015,0.154462,0.236265,1.575006,-0.325884,-0.057779,0.349048,0.032686,0.679648,0.412676,0.666782,0.772770,0.046930,-0.241773
-1.284296,0.591723,1.299147,0.807698,0.561657,0.254002,-1.238240,0.637312,0.517302,0.163076,0.315303,0.506577,0.934143,0.948781,0.436146,0.288194,0.591293,0.408669,-1.258198,0.870121,2.888890,-0.240514,-1.301843,0.515827,-1.236270,-0.876825,0.874676,0.310533,-0.881185,-0.920523,0.200705,0.743292,548.985731,1.315232,-1.472372,0.159092,0.251378,1.688889,-0.762493,-0.743718,0.445389,0.178148,0.776337,0.421927,2.920142,1.538565,-1.090865,0.448364
-1.284296,0.800496,0.548608,0.778725,0.649609,0.346365,-1.427964,0.627527,1.225214,0.179115,0.374984,0.648536,0.934143,0.948781,0.485401,0.400614,0.735728,0.880977,-1.298136,1.130910,2.888890,-0.296034,-1.260660,1.359162,-1.236270,-0.876825,0.941356,0.294733,-0.881185,-0.920523,0.459581,0.553379,227.739302,1.383181,-1.303826,0.694436,0.312272,1.031706,-1.022072,-1.474219,0.785304,0.196200,0.655176,0.784246,2.920142,1.538565,-1.143654,0.448364
-0.367703,0.447992,0.493380,0.904873,0.777895,0.418479,-1.365628,0.279719,1.332586,0.415369,0.561696,0.545041,1.096544,1.256109,0.596278,0.653635,1.025357,1.333304,-1.275164,1.481061,1.608984,-1.673887,-1.079840,1.359162,-1.421874,-1.617852,0.941356,0.678304,0.489187,-1.395802,1.774202,0.540040,168.094898,1.295619,-1.280202,0.799955,0.653450,0.977651,-0.929964,-1.374884,0.607606,0.414064,0.786013,0.247451,3.757300,1.531541,-0.873126,2.015304
-0.367703,0.322498,1.362346,0.319674,0.531495,0.534674,-1.193074,0.343208,1.332586,0.073076,0.373569,0.704202,1.055872,0.880769,0.507219,0.303992,0.623807,1.318458,-1.064421,0.993861,1.381537,-1.075205,-0.881829,0.190959,0.032526,-0.958864,1.101515,0.498594,-0.295515,-1.223394,0.480209,0.628212,420.264021,1.190514,-1.375531,0.164982,0.209316,1.447328,-0.321474,-0.100434,0.363801,0.081985,0.933266,0.490834,0.479436,0.988647,-0.028526,-0.202263
-1.072261,0.552240,1.545710,0.613767,0.576284,0.255343,-1.209578,0.605835,0.665122,0.227380,0.275197,0.475470,1.082825,1.207179,0.468069,0.342193,0.699343,0.302490,-1.080605,0.764831,3.019969,-0.188874,-1.002019,0.503995,-2.063951,-1.055263,1.101515,0.364848,-0.943915,-0.949625,0.398882,0.598201,589.838860,1.240912,-1.397474,0.180726,0.282191,1.597428,-0.887551,-0.841598,0.482165,0.227779,0.958013,0.480652,3.187267,1.576093,-1.101854,0.537462
-1.072261,0.720459,0.754180,0.626614,0.672233,0.266909,-1.285802,0.579690,1.319399,0.291800,0.514793,0.583638,1.082825,1.207179,0.519424,0.482873,0.816851,1.125044,-1.203560,1.093387,3.019969,-0.832275,-1.079952,1.372448,-2.063951,-1.055263,1.123938,0.330148,-0.943915,-0.949625,0.402978,0.605491,303.976158,1.308799,-1.536501,0.714516,0.358651,1.532488,-1.007497,-1.175392,0.720901,0.237159,0.765018,0.817401,3.187267,1.576093,-1.101854,0.537462
-0.430326,0.464231,0.521105,0.460416,0.704364,0.498222,-1.250035,0.346215,1.319399,0.563416,0.700658,0.574214,0.905435,1.095559,0.508478,0.634098,0.662842,1.523124,-1.194307,0.795745,1.428010,-1.228476,-0.965499,1.153462,-1.062965,-1.106854,1.123938,0.458285,0.663552,-1.291205,2.223148,0.378044,183.209414,1.271792,-1.539365,0.734616,0.453246,0.882082,-1.006039,-1.156949,0.557967,0.379728,0.516698,0.202650,2.801584,1.493624,-0.694540,0.732392
-0.430326,0.463015,1.025697,0.345193,0.548050,0.432980,-1.068514,0.345903,0.912006,0.181752,0.525480,0.606251,0.905435,1.040364,0.478350,0.349261,0.466473,0.793122,-1.030867,0.795745,1.380504,-1.228476,-0.896201,0.151467,-1.012885,-1.106854,0.993279,0.413635,-0.389052,-0.653053,1.390398,0.521021,361.231887,1.186317,-1.409434,0.133795,0.182277,1.190012,-0.338172,0.169580,0.283718,0.185316,0.680952,0.420272,2.801584,1.244127,-0.492758,0.496409
-1.192324,0.605219,0.994540,0.401147,0.581811,0.309601,-1.176390,0.624967,0.627085,0.203513,0.297226,0.581560,0.920210,1.082948,0.573101,0.382424,0.550582,0.445128,-1.108631,1.109543,1.555137,-0.321038,-1.065816,0.144817,-2.012551,-0.950331,0.993279,0.284704,-0.848273,-1.207276,0.294385,0.646959,422.380189,1.229518,-1.414052,0.169510,0.256029,1.410805,-0.868104,-0.784558,0.493730,0.225451,0.540836,0.435850,2.210082,1.294385,-0.979803,0.405511
-1.192324,0.661358,0.570687,0.423820,0.665171,0.366941,-1.287330,0.624183,0.926806,0.264683,0.484045,0.438533,0.920210,1.082948,0.541458,0.404545,0.622630,1.244860,-1.179283,1.118221,1.555137,-0.948799,-1.058316,0.945105,-2.012551,-0.950331,0.922073,0.292552,-0.848273,-1.207276,0.416513,0.593996,240.461320,1.308268,-1.354363,0.711678,0.346042,1.242451,-1.070664,-1.080240,0.700921,0.228125,0.498770,0.665435,2.210082,1.294385,-0.983816,0.405511
-0.523548,0.452957,0.518016,0.521828,0.751264,0.294508,-1.369969,0.299142,0.992219,0.547113,0.709767,0.498117,0.987779,1.811286,0.452106,0.572427,0.611286,1.207710,-1.199509,1.226235,1.575942,-1.578614,-0.903624,0.945105,0.019709,-1.662382,0.922073,0.629221,0.489182,-0.910092,2.284372,0.429498,179.103184,1.327000,-1.248515,0.778023,0.533203,0.957407,-1.055822,-0.969944,0.528677,0.438104,0.689315,0.144517,1.969139,1.149486,-0.770795,1.160112
-0.523548,0.445727,1.116991,0.367884,0.552812,0.466751,-1.115761,0.402023,0.992219,0.208458,0.682630,0.831736,0.987779,1.811286,0.547900,0.538348,0.539333,1.207710,-1.009624,1.226235,1.575942,-1.578614,-0.984511,0.328004,0.094299,-1.662382,1.151396,0.601712,-0.353065,-0.543650,1.570557,0.357171,396.104617,1.200492,-1.359273,0.176447,0.216151,1.613064,-0.351666,0.077453,0.319889,0.229775,0.793889,0.436632,1.969139,1.127866,-0.438016,-0.072646
-1.257264,0.625145,1.103578,0.500559,0.581118,0.254185,-1.184842,0.687654,0.679525,0.223565,0.359945,0.674099,0.939319,1.078979,0.533578,0.419312,0.474170,0.569838,-1.081782,1.152180,2.105462,-0.526321,-1.202402,0.187022,-1.959154,-0.958927,1.151396,0.346067,-0.809994,-1.277725,0.300541,0.598909,476.335251,1.223568,-1.350214,0.207267,0.306690,1.627962,-0.990842,-1.061791,0.587184,0.213668,0.803837,0.421057,1.729816,1.681246,-1.112909,0.573306
-1.257264,0.750992,0.516330,0.538176,0.689962,0.294077,-1.359504,0.647657,0.997953,0.354730,0.507085,0.466166,0.939319,1.078979,0.497929,0.456440,0.567784,1.334489,-1.239105,1.187262,2.105462,-1.352880,-1.191466,0.888101,-1.959154,-1.062378,1.002531,0.351129,-0.809994,-1.277725,0.424375,0.615668,221.272445,1.360693,-1.296338,0.744615,0.549179,1.127493,-1.031256,-1.319284,0.751171,0.318660,0.670829,0.661411,1.729816,1.681246,-1.112909,1.838704
-0.759373,0.380536,0.565832,0.466077,0.713990,0.271259,-1.254687,0.327301,0.997953,0.599281,0.742051,0.595783,0.924770,1.872200,0.443052,0.586321,0.831549,1.261560,-1.186204,1.169954,1.927956,-1.962233,-0.881773,0.745170,-0.531253,-3.176267,1.002531,0.820262,0.297322,-1.241099,2.511988,0.449843,192.174946,1.285220,-1.271880,0.719919,0.694314,1.190587,-1.022980,-0.829791,0.378803,0.445365,0.615669,0.204302,2.704267,1.455663,-0.945145,2.850285
0.007285,0.510663,1.219071,0.046712,0.472276,0.246791,-1.049639,0.269244,0.760501,0.052759,0.407558,0.529097,0.776627,0.176726,0.267513,0.243519,0.057224,1.086544,-0.980693,1.098903,0.463341,-0.957954,-0.800459,0.402256,0.260551,-0.681155,0.901006,0.462307,-0.507703,-0.878535,0.207295,0.340447,404.246557,1.135318,-1.378071,0.083781,0.129527,1.818941,-0.337315,0.097763,0.277483,0.003493,0.702597,0.381245,0.113332,0.992490,0.109647,-0.246073
0.099680,0.630893,0.968094,0.485235,0.546390,0.252248,-1.080660,0.330409,0.222855,0.125634,0.268068,0.378087,0.865777,1.153590,0.511210,0.166297,0.557785,0.344072,-0.935479,1.235841,0.757275,-0.497788,-1.011412,0.424317,-0.967181,-0.822798,0.901006,0.351618,-0.843771,-0.943001,0.329210,0.235156,418.442449,1.076260,-1.378985,0.166354,0.247094,1.712556,-0.630774,-0.983693,0.539248,0.150394,0.796970,0.297842,0.987589,1.869640,-0.994659,0.089398
0.099680,0.646136,0.547351,0.644900,0.484895,0.304625,-1.282324,0.346220,0.655626,0.227706,0.371031,0.413574,0.865777,1.153590,0.402539,0.322269,0.606968,0.591139,-1.183231,1.235841,1.449934,-0.497788,-1.043661,1.171537,-0.967181,-0.822798,0.543801,0.366287,-0.843771,-0.943001,0.329210,0.627877,230.447746,1.315219,-1.193879,0.506507,0.282280,1.097930,-0.823079,-1.136168,0.639790,0.216588,0.848457,0.570679,0.987589,1.869640,-0.994659,0.089398
0.126569,0.627332,0.778621,0.508544,0.309671,0.432955,-1.223321,0.334785,0.655626,0.343791,0.303556,0.544647,0.603691,1.210148,0.168575,0.305882,0.685532,1.418072,-1.173231,1.006731,1.460764,-0.617148,-0.873649,1.171537,-0.725616,-1.034569,0.748352,0.468558,-0.225022,-0.971101,0.743462,0.432812,250.447708,1.302978,-1.207044,0.334478,0.248517,1.421764,-0.823079,-1.017021,0.676441,0.221713,0.691124,0.302051,1.962072,0.725900,-0.529427,0.534248
0.126569,0.896037,0.626258,0.055679,0.325103,0.296800,-0.959954,0.148489,0.232603,0.045314,0.108464,0.522996,0.506558,0.183979,0.165760,0.131696,0.072677,1.418072,-0.930307,0.976628,0.493406,-0.540146,-0.837208,-0.048494,0.356808,-0.222424,0.748352,0.411194,-0.225022,-0.971101,0.224677,0.144883,207.742312,1.059706,-1.248157,0.072252,0.127690,1.195130,-0.328975,0.418386,0.167615,0.005648,0.515534,0.135623,-0.025830,0.725900,-0.523018,0.100824
0.161740,0.760949,0.525309,0.230670,0.385203,0.383053,-1.366414,0.199300,0.998430,0.087658,0.204561,0.223944,0.550696,0.514372,0.127631,0.121919,0.198881,0.169151,-1.221578,0.861720,0.773375,-0.413014,-0.850177,0.404508,-0.506051,-0.155061,0.699396,0.234576,-0.225022,-0.780562,0.463023,0.154946,219.569619,1.390669,-1.315736,0.101810,0.102178,1.155676,-0.531561,-0.931372,0.715479,0.065995,0.455929,0.419426,-0.053751,0.652851,-0.619529,0.100824
0.350590,0.634693,0.531219,0.220220,0.332451,0.386797,-1.372071,0.123231,1.066927,0.108334,0.227020,0.169285,0.550696,0.514372,0.114704,0.155281,0.290254,0.123918,-1.190905,0.861720,0.773375,-0.205553,-0.876102,0.404508,-1.114949,-0.155061,0.621905,0.186924,-0.176147,-1.176214,0.463023,0.335975,223.808179,1.375110,-1.249857,0.290175,0.120812,1.024679,-0.567170,-0.932258,0.662870,0.070738,0.678918,0.420245,0.014028,0.604540,-0.619529,0.115527
0.348673,0.550773,0.498088,0.371664,0.273863,0.133078,-1.171378,0.070722,1.066927,0.272950,0.382334,0.123899,0.801928,0.594919,0.216248,0.309778,0.544661,0.123918,-0.956970,1.015771,0.634071,-0.233930,-1.113210,0.404508,-1.114949,-0.427105,0.621905,0.191996,0.849408,-1.176214,0.614100,0.516227,168.969360,1.081951,-1.189273,0.318555,0.251489,1.043837,-0.567170,-0.932258,0.240907,0.184541,0.406277,0.054690,1.309045,0.671222,-0.302085,0.610692
0.348673,0.340366,0.558780,0.370504,0.385331,0.277386,-1.239008,0.181847,1.037244,0.226187,0.445400,0.337605,0.801928,0.594919,0.276052,0.264506,0.427046,0.164537,-1.138023,1.015771,0.572392,-0.659673,-1.123396,0.172951,-0.986095,-0.427105,0.621905,0.415064,0.480552,-1.176214,0.614100,0.403538,187.987156,1.250527,-1.238038,0.285902,0.288862,1.155674,-0.489047,-0.559792,0.105339,0.162999,0.405213,0.134087,1.309045,0.671222,-0.262063,0.610692
0.312968,0.930054,0.492503,0.019277,0.273069,0.212050,-0.915841,0.026496,-0.123769,0.144106,0.019412,0.078481,0.282226,0.471342,0.232005,0.291303,0.081079,0.131516,-0.833485,0.931923,0.404681,-0.102145,-0.715731,-0.155760,0.362112,-4.690874,-5.727279,0.018631,-0.230794,-0.456366,0.604360,0.223897,207.935508,1.020724,-1.160234,0.005685,0.084709,0.937371,-0.321417,0.901402,0.019029,0.010289,0.251362,0.026908,2.245250,-7.556049,-0.033464,-2.587594
0.392532,0.947027,0.483975,0.009839,0.275014,0.059040,-0.925221,0.022251,-0.195300,0.144106,0.006246,0.051393,0.282556,0.346716,0.232005,0.291303,0.081079,0.094339,-0.858607,0.807887,0.381411,-0.085536,-0.761476,-0.210210,0.368001,-2.743039,-2.917173,0.018631,-0.263988,-0.318712,0.440194,0.252976,211.578170,1.017387,-1.100898,0.003689,0.084709,1.010202,-0.317336,0.901575,0.027622,0.010289,0.043625,0.013753,1.263207,-3.877593,-0.024580,-1.561572
0.401664,0.920547,0.478917,0.005072,0.272550,0.030485,-0.898523,0.020273,-0.234373,0.115313,0.003463,0.021201,0.274205,0.214969,0.185651,0.233100,0.064879,0.077708,-0.850931,0.676764,0.385977,-0.077853,-0.743866,-0.204060,0.378990,-0.683898,-0.107067,0.014909,-0.327195,-0.319456,0.266647,0.135639,159.296182,1.011928,-1.353957,0.001471,0.067784,1.049520,-0.315553,0.899790,0.009665,0.008233,0.018198,0.021839,0.225047,-0.199136,-0.015321,-0.535550
0.413914,0.963610,0.487175,0.002258,0.269764,0.044647,-0.947339,0.022900,-0.297302,0.001952,0.008261,0.040583,0.273450,0.166899,0.012132,0.003289,0.002389,0.103660,-0.945471,0.635892,0.384629,-0.094109,-0.625459,-0.183802,0.376434,0.098998,0.443053,0.006026,-0.365242,-0.352542,0.202553,0.074622,173.441760,1.079308,-1.240504,0.001274,0.005791,0.995190,-0.316099,0.943249,0.011314,0.000653,0.066624,0.016854,-0.163479,0.584084,-0.031077,-0.357670
0.347148,0.749091,0.748520,0.367638,0.367857,0.043035,-1.032419,0.166651,0.957039,0.089596,0.130867,0.133074,0.622154,0.729618,0.049734,0.091468,0.232181,0.303285,-1.000542,0.887967,0.550181,-0.356157,-0.950682,0.455100,-0.082522,-0.277701,0.520549,0.098826,-0.410447,-0.443441,0.483933,0.194676,325.035879,1.125529,-1.283908,0.182809,0.131811,1.390025,-0.612801,-0.928527,0.751167,0.089141,0.266166,0.487567,1.032203,0.817988,-0.544854,0.027978
-0.057351,0.518735,0.531693,0.427641,0.338622,0.128568,-1.133405,0.247381,1.153313,0.129885,0.195896,0.133784,0.643605,0.729618,0.102075,0.141909,0.294119,0.494239,-1.101195,0.887967,1.023199,-0.417337,-0.896081,0.455100,-0.082522,-0.277701,0.584038,0.136700,-0.058595,-0.466874,0.483933,0.272775,227.936345,1.218867,-1.090255,0.374403,0.256220,1.215088,-0.654654,-0.928527,0.550035,0.165597,0.232359,0.335998,1.032203,0.881048,-0.794026,0.587813
-0.260402,0.208436,0.585841,0.335289,0.469904,0.178431,-1.324572,0.289226,1.302081,0.149802,0.282891,0.332258,0.691096,0.697587,0.243136,0.278879,0.544860,0.494239,-1.204246,0.824276,0.949235,-0.421466,-1.030579,0.164555,-0.004020,-0.375128,0.600645,0.320201,0.448703,-0.491902,0.556966,0.314885,193.087541,1.307901,-1.188544,0.163056,0.290400,1.385176,-0.504776,-0.031998,0.222442,0.176635,0.496883,0.220052,1.735480,0.890806,-0.794026,0.587813
0.435384,0.575168,1.444813,0.098185,0.394278,0.165599,-1.166694,0.170202,0.872407,0.035691,0.117812,0.292410,0.574930,0.181449,0.194004,0.095454,0.061362,0.328947,-1.092235,0.704328,0.436940,-0.174269,-0.783696,0.023399,0.144922,-0.034379,0.806061,0.128646,-0.397327,-0.479030,0.215455,0.412913,485.498206,1.185657,-1.205118,0.079527,0.071820,1.856741,-0.325287,0.001935,0.361203,0.007733,0.515165,0.381366,0.041755,0.813039,0.348735,-0.133181
-0.849886,0.730951,1.340464,0.380965,0.546184,0.217863,-1.232081,0.638585,0.173506,0.147180,0.261833,0.235064,0.801410,0.763080,0.396201,0.245022,0.387835,0.509963,-1.202686,0.972078,0.967219,-0.598444,-0.900754,-0.096681,-0.682871,-0.597947,0.806061,0.195160,-0.733961,-0.795213,0.410988,0.438956,557.623418,1.326134,-1.281010,0.159715,0.246207,1.876008,-0.841420,-0.943463,0.606415,0.135557,0.429920,0.253458,1.399274,1.329510,-0.877398,0.230259
-0.849886,0.660638,0.518047,0.421520,0.549115,0.254186,-1.248669,0.489731,0.953106,0.180917,0.363140,0.312519,0.801410,0.763080,0.344158,0.278766,0.438800,0.911807,-1.150193,1.079391,0.967219,-0.632477,-1.028132,1.013650,-0.682871,-0.597947,0.786183,0.274186,-0.733961,-0.795213,0.428002,0.256143,221.324884,1.286300,-1.222889,0.585589,0.275284,1.212705,-0.966797,-1.164904,0.628806,0.150175,0.356785,0.618980,1.399274,1.090382,-0.877398,0.230259
-0.475609,0.387200,0.524401,0.503484,0.600130,0.320325,-1.205074,0.250473,0.953106,0.375934,0.530119,0.491873,0.851202,1.036899,0.340016,0.388607,0.463359,1.151512,-1.158581,1.106817,1.107912,-1.240011,-1.001919,1.013650,-0.075952,-1.524601,0.702643,0.567174,0.498810,-1.006980,1.643406,0.277858,181.791475,1.225907,-1.282080,0.577709,0.406200,1.075030,-0.792789,-0.564776,0.351695,0.334010,0.418686,0.129953,1.443832,1.207799,-0.436250,1.061826
0.120147,0.434777,1.147531,0.038100,0.465388,0.212647,-0.973214,0.300262,0.885114,0.037136,0.251929,0.444641,0.713713,0.178113,0.244523,0.160213,0.044951,0.411042,-0.956989,0.712843,0.403035,-0.092769,-0.733890,0.199330,0.240070,-0.336567,0.815368,0.221512,-0.392045,-0.696354,0.207095,0.378020,361.548778,1.099836,-1.175816,0.066581,0.122976,1.279084,-0.333516,0.071601,0.263924,0.002532,0.427509,0.396711,0.033650,0.922543,0.126280,-0.243178
-0.921796,0.598922,1.321608,0.577914,0.554035,0.284202,-1.217642,0.681460,0.248763,0.177862,0.178986,0.403204,0.995751,0.876558,0.400148,0.299599,0.574935,0.758505,-1.233090,0.986879,1.665819,-0.385633,-0.887598,0.222890,-1.829462,-0.687174,0.815368,0.238445,-0.870251,-0.937225,0.313521,0.500955,520.578375,1.298530,-1.169847,0.147178,0.251403,1.727461,-0.844977,-0.935731,0.498514,0.160824,0.706893,0.332967,2.771281,1.535293,-1.028132,0.324971
-0.921796,0.676279,0.543673,0.612869,0.592880,0.378358,-1.310218,0.551183,1.042246,0.216512,0.403976,0.597031,0.995751,0.876558,0.394019,0.385661,0.626113,1.376011,-1.282595,1.133777,1.665819,-0.779953,-0.964892,0.927382,-1.829462,-0.687174,0.812775,0.257902,-0.870251,-0.937225,0.441031,0.453485,226.387411,1.350336,-1.242171,0.631565,0.325217,1.104769,-0.992867,-1.203030,0.640746,0.173425,0.684298,0.710340,2.771281,1.535293,-1.028132,0.376363
-0.586337,0.406429,0.517365,0.385701,0.615620,0.309983,-1.152081,0.307251,1.042246,0.417628,0.597504,0.382770,0.845510,2.133494,0.398369,0.479176,0.633781,0.829405,-1.109325,1.127575,1.244902,-1.143730,-0.892601,0.682032,-0.132341,-1.297596,0.812775,0.502591,0.491249,-0.753216,1.987851,0.630225,174.846392,1.227024,-1.365088,0.604755,0.419814,1.088822,-0.868788,-0.734452,0.367094,0.385051,0.651733,0.150312,1.231060,1.443330,-0.532998,0.833232
-0.179779,0.517443,1.089957,0.047091,0.459488,0.322421,-1.124729,0.309483,0.899560,0.043781,0.332325,0.617473,0.719166,0.201965,0.253706,0.200282,0.034176,0.474412,-1.046210,0.870331,0.427115,-0.380920,-0.815938,0.351053,0.204740,-0.188559,0.941249,0.264417,-0.448590,-0.810760,0.205290,0.306519,369.003464,1.205024,-1.172031,0.075291,0.132558,1.493715,-0.331191,0.120768,0.293961,0.005510,0.383901,0.417639,0.028687,0.865804,0.220742,-0.224487
-1.262832,0.646569,1.123255,0.346412,0.558561,0.248376,-1.169735,0.756131,0.261892,0.174165,0.238592,0.268785,0.894917,0.864436,0.411741,0.272910,0.426009,0.500346,-1.080669,0.987259,1.357845,-0.473497,-0.925949,0.267354,-1.234358,-0.665137,0.941249,0.244411,-0.822187,-1.053278,0.268345,0.450318,472.390916,1.238973,-1.228891,0.162255,0.240959,1.672845,-0.992401,-0.808899,0.524819,0.157182,0.630574,0.297709,2.862059,1.513900,-0.945832,0.399519
-1.262832,0.608994,0.486011,0.392249,0.564533,0.278197,-1.345995,0.668417,0.998448,0.210454,0.450647,0.354174,0.894917,0.864436,0.370546,0.338532,0.462364,0.734026,-1.279041,1.089124,1.357845,-0.749935,-0.999988,1.181279,-1.234358,-0.665137,0.867019,0.256615,-0.822187,-1.053278,0.415861,0.337116,213.028082,1.437496,-1.149797,0.604785,0.302026,0.868273,-1.024831,-1.018545,0.564231,0.179568,0.589820,0.658182,2.862059,1.513900,-0.945832,0.399519
-0.303663,0.406670,0.518964,0.416166,0.620622,0.155474,-1.324076,0.241353,1.065865,0.454398,0.612948,0.500465,0.854212,1.415395,0.334030,0.492714,0.478092,1.345024,-1.303241,0.966180,1.279695,-1.474845,-0.849367,1.092781,0.041880,-2.992714,0.851691,0.491300,0.610572,-1.134695,1.881244,0.301812,178.562303,1.385383,-1.167030,0.607750,0.416001,1.045064,-0.883117,-0.767172,0.401918,0.355724,0.577322,0.128478,1.574447,1.226797,-0.611348,0.806883
-0.190578,0.479908,1.269049,0.044474,0.484285,0.295203,-1.003117,0.290345,0.971647,0.035632,0.351089,0.518311,0.794864,0.501425,0.318500,0.281666,0.180218,1.182359,-1.005962,0.880858,0.709616,-0.462119,-0.823333,0.238386,0.292412,-0.121089,0.941662,0.274444,-0.396800,-0.792961,0.208635,0.445633,423.540006,1.139960,-0.978896,0.106100,0.122439,1.681552,-0.331239,0.117702,0.315943,0.029273,0.505167,0.430937,0.087568,0.965168,0.247505,-0.278216
-0.957576,0.654599,1.128727,0.534518,0.560099,0.294589,-1.204145,0.649095,0.298280,0.146818,0.194328,0.365924,0.905055,0.783000,0.418331,0.228960,0.495811,0.308956,-1.208197,0.970608,1.672768,-0.289752,-1.067277,0.301811,-1.528624,-0.553141,0.941662,0.221448,-0.839864,-0.945039,0.208635,0.463304,470.386808,1.282520,-1.127973,0.149338,0.199738,1.715603,-0.786699,-0.789818,0.502904,0.157382,0.492523,0.323832,2.410082,1.408367,-0.911561,0.165112
-0.957576,0.658779,0.472011,0.572960,0.577298,0.314929,-1.292056,0.591871,1.028151,0.188385,0.361046,0.418571,0.905055,0.783000,0.388601,0.304926,0.548544,1.018530,-1.229160,1.081159,1.672768,-0.724740,-0.931095,1.084124,-1.528624,-0.553141,0.808854,0.236909,-0.839864,-0.945039,0.426054,0.373153,203.742429,1.284624,-1.191414,0.616799,0.238741,1.060600,-0.983254,-1.107521,0.626537,0.167630,0.519406,0.680361,2.410082,1.408367,-0.911561,0.165112
-0.438813,0.481334,0.485828,0.636991,0.628003,0.204120,-1.353297,0.290706,1.028151,0.478635,0.583127,0.389838,0.868776,1.114165,0.361421,0.371062,0.631164,0.922226,-1.325861,1.027163,1.235065,-1.666871,-0.944320,1.084124,-0.233803,-1.360432,0.808854,0.640950,0.527482,-0.860009,1.971077,0.195671,168.548038,1.407433,-1.258194,0.635192,0.415529,1.074539,-0.887562,-0.982595,0.486420,0.378911,0.425772,0.133388,2.643692,1.283417,-0.568459,0.792544
-0.417098,0.596473,1.359477,0.146222,0.506463,0.396794,-1.136366,0.354955,0.891381,0.045909,0.425464,0.598237,0.805333,0.359588,0.327194,0.289798,0.257159,0.864124,-1.055049,0.849552,0.606631,-1.580122,-0.761351,0.131733,0.297805,-0.230324,0.962079,0.442193,-0.393329,-0.590730,0.449299,0.281244,457.033497,1.220842,-1.277750,0.101730,0.155846,1.945418,-0.352821,0.252571,0.281988,0.034521,0.346415,0.420404,-0.051960,0.861678,0.224584,-0.257996
-0.699557,0.700071,1.167547,0.623727,0.586478,0.280424,-1.264774,0.574344,0.236452,0.171097,0.275961,0.480531,0.937024,0.937476,0.416696,0.222543,0.539130,0.229013,-1.219005,1.075423,2.249396,-0.146829,-0.931443,0.916834,-1.376190,-0.760904,0.962079,0.323855,-0.830087,-0.776408,0.425605,0.454876,501.032484,1.290542,-1.229133,0.158737,0.248645,1.883779,-0.822358,-0.877863,0.574279,0.183961,0.589738,0.308741,2.461687,1.403162,-1.087992,0.336538
-0.699557,0.652910,0.498590,0.612497,0.630078,0.344182,-1.384642,0.522860,1.084775,0.232987,0.443559,0.513972,0.937024,0.937476,0.388785,0.464246,0.824142,0.798459,-1.310487,1.185202,2.249396,-0.510179,-0.968994,1.676785,-1.376190,-0.760904,0.780282,0.329131,-0.830087,-0.776408,0.425605,0.711930,219.463859,1.412053,-1.166215,0.672254,0.336468,1.089447,-1.005408,-1.131480,0.612374,0.196676,0.471282,0.700631,2.461687,1.403162,-1.087992,0.613819
-0.412308,0.440999,0.571913,0.498483,0.613350,0.510807,-1.271741,0.283276,1.084775,0.515019,0.540938,0.699816,0.830869,1.591303,0.343656,0.577084,1.008203,0.715943,-1.211882,1.099335,1.595064,-1.347957,-0.988188,1.101668,-1.216547,-2.049974,0.767722,0.808871,0.392708,-1.263884,2.037122,0.459601,195.883155,1.343200,-1.047498,0.624553,0.448869,0.999683,-0.900974,-0.814309,0.410328,0.406705,0.712036,0.178351,3.945971,1.444865,-0.447332,0.957566
-0.053704,0.629640,1.352524,0.055303,0.456866,0.390407,-1.071225,0.259500,0.755484,0.022461,0.172903,0.589176,0.679446,0.179165,0.246323,0.161167,0.093750,0.036212,-1.034031,1.021200,0.390120,-0.925240,-0.712765,0.049862,0.132101,-0.175641,0.781074,0.414701,-0.337246,-0.651703,0.206542,0.591968,418.172798,1.161223,-1.313386,0.068644,0.103386,1.769930,-0.344574,0.319098,0.261954,0.004428,0.561410,0.332238,0.176639,0.951711,0.183972,-0.232058
-0.376382,0.711656,1.238011,0.436751,0.556653,0.207359,-1.152253,0.432798,0.286087,0.151299,0.338267,0.356737,0.869095,0.934462,0.406788,0.358359,0.653124,0.281613,-1.069123,1.092544,1.215071,-0.180026,-0.997563,0.964262,-2.216997,-0.583743,0.875205,0.370975,-0.615163,-0.869978,0.293781,0.470418,482.426817,1.196530,-1.268890,0.176176,0.265884,1.724425,-0.568831,-0.862716,0.578860,0.152535,0.551181,0.263465,2.339738,1.476531,-1.010828,0.327186
-0.376382,0.656601,0.536463,0.425912,0.591229,0.239719,-1.362443,0.443299,1.056752,0.224597,0.521956,0.399689,0.869095,0.934462,0.409920,0.534235,0.892464,0.411561,-1.265968,1.092544,1.215071,-0.586348,-1.077863,1.560117,-2.216997,-0.583743,0.875205,0.331218,-0.615163,-0.872890,0.299626,0.338329,230.426485,1.415598,-1.223456,0.637332,0.330658,1.219006,-0.945609,-1.133391,0.641771,0.182751,0.542806,0.617000,2.339738,1.476531,-1.010828,0.526266
-0.255038,0.432795,0.671639,0.289117,0.581288,0.350850,-1.251157,0.268153,1.056752,0.468172,0.522336,0.510131,0.798581,1.121632,0.365432,0.564520,0.590316,0.702037,-1.163337,1.017069,1.108764,-1.177748,-1.014538,0.897002,-0.609334,-2.015938,0.762759,0.727502,0.442763,-0.895196,1.701691,0.292657,232.116793,1.232655,-1.280913,0.601648,0.365387,1.495137,-0.885789,-0.985194,0.446907,0.341061,0.583624,0.137849,1.047734,0.998697,-0.563282,0.557210
-0.255038,0.618213,1.137689,0.099536,0.474881,0.304517,-1.145673,0.305979,0.758370,0.026678,0.256971,0.571370,0.753913,0.276046,0.369104,0.254059,0.208904,0.702037,-1.102461,0.870841,0.511358,-1.177748,-0.848459,0.081390,-0.117221,-0.115429,0.864254,0.427220,-0.359499,-0.836891,0.230338,0.396809,399.920414,1.265859,-1.077279,0.080670,0.128551,1.697028,-0.427135,0.308820,0.261155,0.020623,0.563950,0.376135,1.047734,0.718055,0.116166,-0.107123
0.389195,0.714989,0.988117,0.698192,0.540944,0.263278,-1.185018,0.271457,0.433674,0.152893,0.321428,0.403566,0.999050,1.487714,0.381782,0.251162,0.771806,0.103343,-1.154332,1.266464,0.938743,-0.165653,-0.885185,1.769803,-1.544943,-0.799350,0.864254,0.402451,-0.505091,-0.837616,0.481596,0.330068,425.345817,1.277092,-1.173121,0.226619,0.288416,1.656315,-0.657843,-0.901980,0.659046,0.193447,0.555091,0.286456,2.007331,1.217716,-0.918089,0.290693
-0.002386,0.566171,0.542063,0.798717,0.497047,0.285117,-1.294662,0.344068,0.925801,0.212112,0.371098,0.383978,0.999050,1.487714,0.350173,0.491596,1.003118,0.129591,-1.246699,1.266464,0.938743,-0.549614,-0.886078,2.005094,-1.544943,-0.799350,0.812598,0.373310,-0.505091,-0.851215,0.481596,0.566970,234.811954,1.333058,-1.186520,0.562609,0.343971,1.153318,-0.813169,-0.950685,0.510858,0.239450,0.654547,0.528921,2.007331,1.217716,-0.918089,0.290693
-0.178911,0.446855,0.519158,0.537790,0.431140,0.254226,-1.203978,0.239762,0.918360,0.335404,0.345269,0.447134,0.661788,1.550506,0.379858,0.448744,0.584838,0.447890,-1.194617,1.040606,0.677166,-1.014490,-0.952033,1.139750,-0.407053,-1.468966,1.149430,0.402313,0.406371,-0.867125,1.058107,0.760535,186.380204,1.295585,-1.201817,0.392843,0.262743,0.644193,-0.656225,-0.449480,0.334929,0.274701,0.361745,0.129098,1.563591,0.902589,-0.469312,0.323306
0.215273,0.754793,1.461013,0.106953,0.453663,0.279660,-1.079805,0.181708,0.742885,0.028889,0.136549,0.563587,0.553719,0.169952,0.326338,0.116589,0.047589,0.365463,-1.064132,0.740713,0.501744,-0.218987,-0.783534,0.016210,0.291329,-0.225031,1.149430,0.294637,-0.345886,-0.684736,0.218686,0.280585,501.292146,1.210829,-1.226697,0.041949,0.066916,1.551475,-0.322284,0.416959,0.206744,0.003118,0.402729,0.335020,0.006375,0.890243,0.241674,-0.268979
-1.048723,0.735649,1.266148,0.822330,0.567106,0.225807,-1.062056,0.593717,0.353816,0.169696,0.238803,0.407610,0.953062,0.875216,0.376764,0.246891,0.648082,0.302075,-1.011935,1.018296,2.603308,-0.221093,-1.110033,0.617339,-1.865609,-0.815422,0.806066,0.256155,-0.793955,-0.830690,0.218686,0.947223,544.149521,1.095503,-1.277924,0.129226,0.237987,1.633342,-0.807263,-0.809232,0.522639,0.163555,0.632873,0.319429,3.494228,1.518567,-1.052936,0.371584
-1.048723,0.751839,0.573905,0.834389,0.597910,0.306398,-1.313390,0.593417,1.120601,0.210236,0.377053,0.487437,0.953062,0.875216,0.410305,0.370764,0.733546,0.638875,-1.288577,1.086265,2.603308,-0.525166,-1.143597,1.319160,-1.865609,-0.815422,0.857403,0.232044,-0.793955,-0.830690,0.510298,0.485339,247.058564,1.355971,-1.453924,0.638263,0.275533,1.268166,-0.993623,-1.288126,0.712850,0.173278,0.594689,0.698314,3.494228,1.518567,-1.075413,0.371584
-0.371755,0.476604,0.554581,0.636414,0.656211,0.409746,-1.374941,0.321602,1.120601,0.517222,0.484484,0.409349,0.963828,1.243739,0.506419,0.415191,0.751179,0.983493,-1.307724,1.138681,1.261040,-1.236945,-1.227372,1.083579,-0.401572,-1.384519,0.857403,0.581612,0.513971,-1.073546,1.780427,0.255123,192.134257,1.414144,-1.410792,0.675304,0.496223,1.223651,-0.919240,-1.208990,0.558449,0.376122,0.534101,0.182202,1.873146,1.310528,-0.596423,0.753639
-0.199341,0.455947,1.450289,0.087740,0.503138,0.380436,-1.120535,0.306329,0.995467,0.041903,0.229145,0.515217,0.822181,0.186613,0.295820,0.155315,0.126424,0.535210,-1.122484,1.138681,0.481170,-1.236945,-0.887256,0.149766,0.279580,-0.347363,0.812454,0.392985,-0.359305,-0.641402,0.201585,0.542244,453.115655,1.249086,-1.251117,0.088938,0.144038,1.346577,-0.324815,0.169261,0.261728,0.007126,0.585574,0.418199,0.641735,0.817854,0.022620,-0.213756
-0.915617,0.616957,1.278912,0.717915,0.563806,0.241237,-1.215425,0.634522,0.403749,0.169386,0.244919,0.361123,0.922795,0.911451,0.429133,0.276045,0.571533,0.323981,-1.208027,0.890559,2.483426,-0.213207,-1.123726,0.455040,-1.947138,-0.747037,0.812454,0.272085,-0.887043,-1.185668,0.313918,0.465583,496.400238,1.322639,-1.179162,0.137919,0.225594,1.697394,-0.874027,-0.847076,0.506474,0.157397,0.610042,0.389373,2.899627,1.393996,-1.004780,0.241235
-0.915617,0.759306,0.513424,0.708931,0.589421,0.302257,-1.322106,0.576015,1.145025,0.197847,0.470050,0.417889,0.922795,0.911451,0.459178,0.320102,0.617336,0.793784,-1.271883,1.038912,2.483426,-0.955253,-1.144471,0.790548,-1.947138,-0.747037,0.863710,0.318135,-0.887043,-1.185668,0.420453,0.485195,209.477235,1.370755,-1.256374,0.632441,0.268978,1.091936,-0.936653,-1.301392,0.683373,0.168763,0.562802,0.739412,2.899627,1.393996,-1.004780,0.241235
-0.535076,0.459124,0.512899,0.543345,0.681244,0.294402,-1.439975,0.324194,1.145025,0.645294,0.648933,0.571545,0.933123,1.665369,0.363334,0.561268,0.511004,1.614021,-1.363128,1.160386,1.666852,-1.387657,-0.913228,0.734075,0.122819,-3.003180,0.857926,0.665976,0.604962,-1.094537,2.584444,0.361483,175.222244,1.475840,-1.261275,0.694024,0.524503,1.053077,-0.913590,-1.229018,0.544177,0.385433,0.525744,0.153737,1.518169,1.594103,-0.597850,1.159563
-0.535076,0.446373,1.336528,0.244461,0.526079,0.380186,-1.123905,0.378379,1.035202,0.114161,0.533161,0.651855,0.854406,1.665369,0.407697,0.422092,0.341845,1.614021,-1.098207,1.147260,0.762229,-1.387657,-0.809553,0.299363,0.127857,-0.872954,0.958922,0.484959,-0.390352,-0.943531,0.593911,0.455019,462.176296,1.241265,-1.358943,0.128419,0.216875,1.868063,-0.455642,0.098994,0.287162,0.160234,0.584911,0.437547,0.573515,0.845269,-0.316538,0.603881
-0.690246,0.610016,1.161318,0.523004,0.564989,0.227389,-1.213445,0.535493,0.373388,0.164249,0.217574,0.368065,0.926061,0.960293,0.426979,0.231817,0.520911,0.477179,-1.230229,0.958987,2.101084,-0.444466,-0.892395,0.223240,-1.418601,-0.819884,0.958922,0.260547,-0.903302,-0.958510,0.370581,0.415750,509.919312,1.299570,-1.419253,0.167094,0.242071,1.731765,-0.859964,-0.831457,0.504279,0.179128,0.701719,0.380739,2.623220,1.582717,-0.974427,0.270973
-0.690246,0.589155,0.479752,0.566624,0.578911,0.269600,-1.353016,0.500282,0.851598,0.196536,0.396519,0.429814,0.926061,0.960293,0.404085,0.321027,0.588979,0.835706,-1.344387,1.096581,2.101084,-0.665419,-0.944269,1.134209,-1.418601,-0.819884,0.831788,0.248850,-0.903302,-0.958510,0.370581,0.414872,201.181379,1.390301,-1.142718,0.616219,0.274545,1.002474,-1.005454,-1.041401,0.564478,0.185680,0.573961,0.657574,2.623220,1.582717,-0.974427,0.270973
-0.369572,0.425658,0.486829,0.502474,0.606794,0.272304,-1.297994,0.309389,0.865273,0.434917,0.492090,0.348842,0.873457,1.003660,0.354824,0.293353,0.646251,0.689071,-1.259134,1.113956,1.605112,-1.139445,-0.966994,1.134209,-0.407918,-1.096845,0.739790,0.502708,0.426175,-0.679795,2.200447,0.247918,172.596414,1.346375,-1.028711,0.598298,0.409500,0.980967,-0.840346,-0.673360,0.398367,0.356659,0.339063,0.128262,1.718911,1.191327,-0.717644,0.729720
-0.174543,0.495648,1.161015,0.093725,0.491816,0.296504,-0.979959,0.343862,0.826669,0.049928,0.215549,0.463922,0.763897,0.231474,0.233370,0.186424,0.153530,0.388608,-0.947402,0.684151,0.484714,-0.766146,-0.800407,0.034754,0.279814,-0.050370,0.843456,0.206705,-0.419338,-0.592985,0.203273,0.334669,415.115267,1.104057,-1.269482,0.072742,0.132441,1.414239,-0.343508,0.195337,0.254005,0.009585,0.405798,0.399603,0.772798,0.921646,0.062693,-0.256528
-0.898793,0.658306,1.265528,0.695168,0.570862,0.261854,-1.236095,0.634204,0.305637,0.175361,0.216712,0.327469,0.983695,0.917400,0.467502,0.238984,0.532062,0.269506,-1.184504,0.910794,2.014890,-0.475921,-1.125274,-0.008852,-0.950147,-0.812964,0.843456,0.282847,-0.986937,-1.127025,0.394616,0.528132,541.371977,1.253415,-1.302703,0.164455,0.244132,1.687883,-0.846429,-0.897502,0.533775,0.174365,0.641665,0.377879,2.669757,1.622173,-1.063832,0.323990
-0.898793,0.706914,0.483049,0.741792,0.581599,0.317714,-1.439121,0.568345,0.905403,0.244400,0.437219,0.508733,0.983695,0.917400,0.483950,0.328977,0.608645,1.109806,-1.440177,1.127464,2.014890,-0.735900,-1.153037,0.970241,-1.170333,-0.812964,0.821950,0.284564,-0.986937,-1.127025,0.457505,0.484101,204.765699,1.461405,-1.426719,0.620662,0.301168,1.126731,-0.998828,-1.212454,0.647337,0.210532,0.658191,0.673716,2.669757,1.622173,-1.063832,0.348849
-0.626511,0.430512,0.603879,0.424513,0.570226,0.306353,-1.264949,0.357409,0.905403,0.535996,0.620433,0.576212,0.832132,2.094868,0.365669,0.474148,0.833790,1.256918,-1.268897,1.084808,1.891634,-1.115429,-0.992428,0.763543,-0.578742,-2.172258,0.766818,0.637687,0.202003,-1.020401,2.571437,0.424930,196.818463,1.328239,-1.343783,0.532313,0.371684,1.134999,-0.878659,-0.648326,0.313609,0.378527,0.558756,0.166936,2.006306,1.406405,-0.407033,0.730917
0.122014,0.585729,1.324843,0.047950,0.439011,0.225651,-0.937283,0.234017,0.535611,0.026484,0.133246,0.319341,0.577261,0.171843,0.226178,0.106936,0.039743,0.375448,-0.925527,0.689960,0.394571,-0.510549,-0.811910,-0.025197,0.291293,-0.188688,0.806409,0.269760,-0.474635,-0.706272,0.202886,0.519996,436.979272,1.048408,-1.123601,0.056265,0.049987,1.679955,-0.326334,0.221798,0.229774,0.003181,0.465993,0.278462,-0.002143,0.854224,0.073079,-0.264733
-0.030948,0.666131,1.013087,0.515361,0.519752,0.209452,-1.193659,0.374790,0.282817,0.143483,0.205794,0.306650,0.856144,1.210904,0.381019,0.205725,0.670696,0.421779,-1.123837,1.386851,0.900200,-0.501533,-0.809532,0.458132,-1.262026,-0.534550,0.789008,0.258792,-0.712439,-0.727632,0.449402,0.359304,424.076860,1.259356,-1.098286,0.188908,0.253606,1.583772,-0.747553,-1.070629,0.619873,0.153156,0.565050,0.245014,1.614377,1.604622,-0.874425,0.088822
-0.030948,0.575772,0.545259,0.653140,0.385387,0.325278,-1.302593,0.388618,0.557701,0.242769,0.308097,0.353589,0.856144,1.240729,0.341113,0.357587,0.989619,0.467421,-1.202468,1.386851,1.584577,-0.501533,-0.818824,0.914100,-1.262026,-0.534550,0.637522,0.243142,-0.712439,-0.727632,0.449402,0.530119,242.702727,1.325425,-1.149508,0.440134,0.270605,0.849381,-0.841225,-1.102737,0.536296,0.275227,0.633201,0.495738,2.619728,1.567104,-0.874425,0.088822
0.371847,0.651479,0.703347,0.360446,0.222639,0.318781,-0.959164,0.272767,0.557465,0.248935,0.201158,0.264158,0.399678,1.240729,0.212041,0.327685,1.083337,0.991329,-0.840695,1.144148,1.584577,-0.466240,-0.910753,0.707812,-0.622384,-1.987085,0.978920,0.297966,-0.425002,-0.828673,0.504339,0.482552,239.247270,1.072241,-1.243226,0.176839,0.103749,1.424634,-0.719813,-0.612466,0.523135,0.231060,0.458779,0.347733,4.299748,0.753749,-0.316931,-0.031866
0.359406,1.096433,0.733811,0.020145,0.302453,0.186096,-0.908802,0.089053,-0.123701,0.013467,0.086647,0.148632,0.363746,0.167713,0.090237,0.084188,0.022432,0.295400,-0.873178,0.711439,0.417783,-0.427198,-0.890341,-0.076152,0.359657,-0.018006,0.859302,0.139124,-0.480903,-0.738869,0.201054,0.121689,252.125405,1.044504,-1.135976,0.024468,0.040390,1.490481,-0.321373,0.937123,0.052160,0.001458,0.399001,0.078245,-0.067594,0.617247,-0.128655,-0.261273
0.378975,0.805012,0.657491,0.363940,0.366536,0.465301,-1.214516,0.231486,0.756527,0.059678,0.244658,0.303286,0.504999,0.322920,0.095104,0.134513,0.227020,0.295400,-1.201004,0.828346,0.446965,-0.112295,-0.770828,0.399658,-0.667442,-0.212279,0.475114,0.217425,-0.480903,-0.640267,0.403693,0.295672,286.267553,1.297275,-1.177555,0.080186,0.097620,1.313782,-0.459709,-0.594673,0.596393,0.031797,0.445866,0.416687,0.381988,0.478253,-0.630202,-0.127595
0.361777,0.466938,0.708136,0.357926,0.278399,0.257791,-1.306555,0.195085,0.807055,0.135522,0.272517,0.236742,0.504999,0.322920,0.088547,0.154232,0.376973,-0.007581,-1.250657,0.858022,0.446965,-0.017363,-0.777031,0.399658,-1.397895,-0.212279,0.447520,0.203160,-0.219651,-1.029192,0.403693,0.393578,318.860552,1.332144,-1.132492,0.238076,0.146604,1.272511,-0.491406,-0.606766,0.537567,0.097544,0.599419,0.321981,0.817926,0.435636,-0.630202,0.084354
0.273406,0.230642,0.799039,0.453226,0.314445,0.172524,-1.299057,0.202764,0.768348,0.153890,0.547675,0.219308,0.563277,0.334729,0.155684,0.204905,0.474259,0.094203,-1.182263,0.951552,0.670344,-0.324159,-0.898409,0.288301,-1.397895,-0.257758,0.425031,0.227980,0.517031,-1.029192,0.377328,0.312262,294.762042,1.290889,-1.072758,0.260717,0.114549,1.372746,-0.462457,-0.527985,0.097731,0.105425,0.178325,0.077665,0.913111,0.463967,-0.283313,0.084354
0.319673,0.187365,1.140131,0.121727,0.383293,0.125753,-1.190864,0.181222,0.637166,0.043509,0.176299,0.311311,0.563277,0.285432,0.157388,0.100311,0.189365,0.035282,-1.128735,0.722805,0.393300,-0.324159,-0.805431,0.059439,0.108411,-0.257758,0.517200,0.231914,0.125376,-0.386893,0.340314,0.621829,360.104170,1.209167,-1.160125,0.074282,0.049067,1.621556,-0.390962,-0.210994,0.217329,0.013179,0.241447,0.143186,0.504558,0.461675,0.019071,-0.129378
0.445872,0.801697,0.583847,0.168775,0.281428,0.287488,-1.033421,0.069938,0.159757,0.026153,0.204246,0.188972,0.347917,0.256027,0.121487,0.182262,0.136688,0.246546,-0.978970,0.710399,0.520729,-0.216332,-0.805340,0.120597,-0.419351,-0.089674,0.642790,0.172159,-0.284262,-0.551722,0.242616,0.281826,241.136177,1.111308,-1.144114,0.051554,0.066113,1.243404,-0.370566,0.657053,0.077210,0.022988,0.419536,0.124661,0.167779,0.538641,-0.103309,-0.291221
0.631873,1.075147,0.547463,0.017740,0.278833,0.054060,-0.950822,0.022527,-0.265944,0.004144,0.012920,0.052742,0.285207,0.170075,0.034186,0.015832,0.018215,0.284417,-0.932363,0.639922,0.404438,-0.117520,-0.737516,-0.160959,0.369183,0.096623,0.444846,0.035506,-0.451338,-0.446934,0.215158,0.139831,181.712851,1.084869,-1.363283,0.002872,0.013893,1.201020,-0.317258,1.045040,0.016927,0.001417,0.124902,0.047256,-0.109088,0.529242,-0.003741,-0.400556
0.650516,1.092508,0.546925,0.012607,0.275901,0.079291,-0.884758,0.018680,-0.413258,0.003576,0.008078,0.053539,0.282574,0.177848,0.024487,0.017016,0.007942,0.197344,-0.825414,0.647063,0.380105,-0.098700,-0.690622,-0.209280,0.361973,0.099680,0.412655,0.025151,-0.519890,-0.412331,0.199279,0.093557,187.189632,1.012259,-1.368159,0.002579,0.009023,1.046419,-0.318288,1.072007,0.008268,0.002178,0.090927,0.023425,-0.149168,0.446904,-0.021075,-0.418893
0.362950,0.788425,0.905317,0.272280,0.374255,0.192354,-1.008967,0.216905,0.998547,0.087942,0.063684,0.122336,0.607020,0.583192,0.067063,0.092723,0.144326,0.352655,-0.941659,0.881440,0.759974,-0.432988,-0.684833,0.450446,0.064534,-0.266005,0.454430,0.123115,-0.584434,-0.506507,0.363944,0.229957,365.452567,1.079893,-1.393928,0.175124,0.134133,1.543063,-0.624776,-1.051284,0.799984,0.066849,0.316434,0.566021,0.137686,0.536518,-0.542572,-0.016492
0.325900,0.576148,0.498084,0.339504,0.314284,0.103997,-1.178936,0.079920,1.310033,0.108443,0.162171,0.167876,0.568646,0.583192,0.076164,0.119557,0.231213,0.437870,-1.160631,0.881440,0.724880,-0.502772,-0.785814,0.456260,0.048481,-0.253680,0.559169,0.149521,0.066720,-0.504736,0.363944,0.385875,217.310263,1.262830,-1.006297,0.351506,0.227933,0.883953,-0.761668,-1.051284,0.599005,0.118265,0.386339,0.323503,0.137686,0.821389,-0.528060,0.291841
-0.362605,0.249051,0.603185,0.212403,0.503043,0.187599,-1.176393,0.243392,1.310033,0.251774,0.259599,0.226355,0.701888,0.813463,0.241662,0.169375,0.278236,0.587009,-1.086850,0.884749,0.841471,-0.657873,-0.916553,0.186169,0.141057,-1.300047,0.571617,0.330235,0.814254,-0.347930,1.231237,0.571485,209.843233,1.213165,-1.126255,0.128828,0.235893,1.305409,-0.352697,0.007177,0.239822,0.146274,0.437340,0.150790,0.452427,0.970501,-0.496687,0.591071
0.329318,0.479603,1.413049,0.030341,0.402623,0.241806,-1.057483,0.176400,0.947865,0.014546,0.128339,0.203148,0.497477,0.179617,0.168110,0.072890,0.025687,0.484414,-1.044666,0.658763,0.449059,-0.235768,-0.690560,0.037797,0.306358,-0.018795,0.751323,0.114357,-0.406746,-0.613946,0.206210,0.253503,440.786871,1.147738,-1.189296,0.044166,0.028950,1.645344,-0.323040,0.007177,0.333920,0.003903,0.499556,0.417310,-0.093841,0.844088,-0.012448,-0.267470
-0.786547,0.688583,1.528627,0.343995,0.538374,0.244181,-1.175043,0.626525,0.191331,0.149445,0.200288,0.286495,0.899062,0.794013,0.358115,0.194382,0.384742,0.534716,-1.112213,0.996360,1.312776,-0.386643,-0.915382,0.264866,-0.923479,-0.503323,0.751323,0.174023,-0.788548,-0.852641,0.382877,0.450365,591.415185,1.201458,-1.274739,0.157840,0.212678,1.890809,-0.817722,-0.832002,0.552632,0.143093,0.463839,0.299304,1.577367,1.350101,-0.977058,0.137282
-0.786547,0.644659,0.481806,0.385967,0.567055,0.253142,-1.335427,0.524958,0.992359,0.178878,0.373762,0.303757,0.899062,0.794013,0.332271,0.281833,0.442920,0.801471,-1.275406,1.103248,1.312781,-0.699409,-1.006647,1.053570,-0.923479,-0.503323,0.768595,0.227174,-0.788548,-0.852641,0.392812,0.347702,205.311157,1.365881,-1.309900,0.606150,0.264811,1.000460,-1.008799,-1.062974,0.601594,0.158206,0.407255,0.652211,1.577367,1.327365,-0.977058,0.305600
-0.355597,0.401617,0.514677,0.575784,0.629429,0.257988,-1.289550,0.272443,1.023578,0.384670,0.484188,0.376846,0.865379,1.016392,0.365459,0.389252,0.509398,1.301097,-1.320269,1.200164,1.312781,-1.314040,-1.168092,1.053570,-0.106057,-1.329594,0.724391,0.405418,0.563855,-0.745096,1.605888,0.250385,181.704155,1.313793,-1.318105,0.616503,0.437694,1.118584,-0.850023,-0.764155,0.404478,0.344854,0.407572,0.148542,1.174853,1.242834,-0.680103,1.056377
-0.017409,0.451070,1.307229,0.059019,0.462687,0.255202,-1.200722,0.307482,0.985393,0.036844,0.189912,0.505298,0.742335,0.180421,0.236174,0.101872,0.083040,0.395978,-1.139043,0.726243,0.420679,-0.356373,-0.689000,0.101101,0.205577,-0.079086,0.814974,0.214822,-0.429251,-0.662937,0.211913,0.484359,429.865716,1.289637,-1.100827,0.078081,0.127936,1.427360,-0.329887,0.112564,0.287125,0.004369,0.274551,0.434523,0.027379,1.006393,0.235797,-0.271163
-0.918239,0.644521,1.264019,0.595393,0.563665,0.228981,-1.245249,0.688292,0.225980,0.182179,0.193919,0.394386,1.010880,0.892729,0.384851,0.303608,0.541928,0.395978,-1.184684,0.941194,1.898275,-0.366532,-0.901101,0.317050,-1.538648,-0.730785,0.814974,0.240772,-0.803049,-0.976031,0.365328,0.440934,536.717843,1.280910,-1.266766,0.169308,0.261461,1.659706,-0.875856,-0.979925,0.550130,0.172993,0.708817,0.314802,2.341478,1.732617,-1.048770,0.334551
-0.918239,0.673570,0.501919,0.604818,0.621914,0.340221,-1.338324,0.589274,0.936780,0.232704,0.457440,0.525586,1.010880,0.892729,0.407791,0.386868,0.612983,1.139111,-1.303849,1.161245,1.898275,-0.776472,-0.951823,0.858954,-1.538648,-0.730785,0.889782,0.284324,-0.803049,-0.976031,0.394737,0.439040,218.098632,1.362727,-1.282905,0.663546,0.356078,1.043016,-1.008258,-1.201668,0.647945,0.198595,0.635795,0.665397,2.341478,1.732617,-1.048770,0.628774
-0.430077,0.399378,0.505642,0.338906,0.641843,0.286227,-1.388246,0.317362,0.996290,0.321836,0.457270,0.282490,0.866640,1.054205,0.385663,0.300984,0.474496,0.982806,-1.274453,1.110416,1.489656,-1.319614,-0.967680,0.536681,-0.504553,-1.646517,0.889782,0.536394,0.586163,-9.031226,1.292700,0.529313,167.633360,1.386913,-1.290564,0.635883,0.462485,1.097293,-0.906965,-0.720914,0.382733,0.343001,0.439108,0.122550,1.925320,1.427925,-1.101036,0.948577
-0.043060,0.527648,1.487597,0.057210,0.450336,0.230427,-1.304627,0.325414,0.936193,0.028192,0.106481,0.418477,0.683002,0.187157,0.240554,0.107132,0.049545,0.624455,-1.292996,0.705665,0.408132,-0.385653,-0.814059,0.041648,0.280218,-0.222388,0.911805,0.219932,-0.517110,-0.806469,0.209477,0.191152,463.822707,1.322100,-1.336946,0.085303,0.105116,1.681900,-0.327693,0.114336,0.334864,0.006071,0.500101,0.465065,-0.028732,0.717450,0.177006,-0.134502
-0.843100,0.689723,1.553095,0.350594,0.569497,0.361357,-1.318381,0.644835,0.274656,0.184662,0.196390,0.348222,0.916554,0.938339,0.476372,0.295234,0.468055,0.348038,-1.292021,0.931636,0.972310,-0.385653,-1.028632,0.292281,-1.207330,-0.679153,0.911805,0.254057,-0.932144,-0.925766,0.356550,0.398288,611.890671,1.372784,-1.479461,0.169950,0.248165,1.955718,-0.794650,-0.871921,0.537123,0.180998,0.682418,0.331064,2.217753,1.301210,-0.972831,0.370304
-0.843100,0.647258,0.546085,0.417096,0.625839,0.324293,-1.362447,0.574956,1.018710,0.243969,0.397719,0.506420,0.916554,0.938339,0.461386,0.382394,0.580747,1.144027,-1.265350,0.995775,0.972310,-0.570396,-1.040915,1.335130,-1.207330,-0.679153,0.947218,0.279594,-0.932144,-0.925766,0.356550,0.482517,227.657730,1.372997,-1.288109,0.669325,0.339142,1.063256,-0.958504,-1.087430,0.652440,0.184989,0.475097,0.740153,2.217753,1.301210,-0.972831,0.621102
-0.377623,0.394161,0.520855,0.441594,0.673885,0.322226,-1.348097,0.309170,1.018710,0.494784,0.557259,0.355135,0.887851,1.173096,0.390215,0.466263,0.541103,1.082176,-1.307981,0.968020,1.572995,-1.355994,-0.871550,1.147620,-0.326310,-1.812161,0.947218,0.532508,0.635635,-0.924268,2.362812,0.209258,183.389179,1.373176,-1.227993,0.688305,0.467830,1.096850,-0.958504,-0.953275,0.433162,0.378453,0.419676,0.113951,2.335467,1.381317,-0.609086,0.903646
-0.362634,0.465121,1.482174,0.087521,0.502683,0.366403,-1.057459,0.357447,0.992555,0.057825,0.296335,0.586359,0.799141,0.296890,0.321584,0.241591,0.145978,1.079925,-0.966558,0.739632,0.565150,-1.320002,-0.864709,-0.011195,0.020886,-0.117244,0.962833,0.250986,-0.401960,-0.770955,0.351734,0.584193,474.919194,1.093141,-1.134712,0.103334,0.138446,1.883871,-0.347250,0.122672,0.281161,0.030101,0.402101,0.452368,0.497987,0.943510,0.237104,-0.264791
-1.287682,0.650265,1.307237,0.419791,0.560687,0.329466,-1.252006,0.771631,0.329736,0.181333,0.237530,0.448235,0.966530,0.866779,0.417737,0.283192,0.369148,0.417028,-1.210672,1.081432,1.694273,-0.524876,-1.045189,0.259686,-1.605365,-0.732240,0.962833,0.264897,-0.934826,-0.988093,0.212474,0.483674,519.789028,1.309672,-1.330476,0.155271,0.227596,1.737701,-1.036335,-1.037376,0.551994,0.163941,0.530440,0.377322,1.755881,1.489148,-0.961296,0.141955
-1.287682,0.713602,0.480082,0.439568,0.582721,0.364545,-1.358747,0.656981,1.018528,0.221720,0.386598,0.502202,0.966530,0.866779,0.363612,0.362507,0.481065,0.912329,-1.372401,1.146392,1.694273,-0.631941,-1.037741,1.246607,-1.605365,-0.732240,0.812171,0.308522,-0.934826,-0.988093,0.429248,0.354843,194.869140,1.381956,-1.257702,0.625040,0.288781,0.821964,-1.054446,-1.243821,0.660844,0.188907,0.516960,0.727330,1.755881,1.489148,-0.961296,0.496912
-0.664115,0.374254,0.521542,0.699352,0.631258,0.466117,-1.190866,0.315437,1.018528,0.495652,0.612685,0.553143,0.922503,1.449215,0.464193,0.567648,1.314814,1.447403,-1.199559,1.389689,1.422572,-1.231586,-0.945887,0.916075,-1.375566,-1.843175,0.679367,0.810244,0.552633,-0.979502,2.492421,0.351363,177.970579,1.255017,-1.397365,0.615897,0.500622,1.185636,-0.840066,-0.750245,0.376562,0.366906,0.428057,0.155795,6.821086,1.257608,-0.454591,1.003019
0.190651,0.434927,1.500434,0.039703,0.454167,0.287585,-1.037889,0.248382,0.979249,0.031688,0.228304,0.465376,0.653289,0.177746,0.194265,0.118221,0.034549,0.097501,-0.999100,0.690242,0.429575,-0.406073,-0.780427,-0.021891,0.291399,-0.809626,0.792732,0.222570,-0.354778,-0.690285,0.208550,0.473412,508.573250,1.176843,-1.224692,0.048108,0.116370,1.853174,-0.336005,0.039168,0.273727,0.003202,0.290704,0.397803,-0.057679,0.869719,0.143691,-0.242237
-0.776253,0.599842,1.296081,0.513753,0.553282,0.294999,-1.137530,0.612733,0.194062,0.170480,0.290081,0.250937,0.870137,0.923137,0.344067,0.213228,0.520488,0.169385,-1.097918,0.952355,2.019587,-0.163738,-0.861281,0.809630,-1.778742,-0.562269,0.792732,0.301285,-0.816669,-0.834857,0.322657,0.514724,552.568527,1.241682,-1.162979,0.141897,0.232773,1.735673,-0.756431,-0.725274,0.463664,0.154355,0.518334,0.306910,1.847320,1.304445,-0.986653,0.225386
-0.776253,0.629315,0.499048,0.527603,0.572800,0.346953,-1.281647,0.541846,1.063297,0.201308,0.475254,0.379888,0.870137,0.923137,0.345944,0.389236,0.715343,0.558098,-1.247304,1.058124,2.019587,-0.535122,-0.909142,1.650395,-1.778742,-0.562269,0.705957,0.267073,-0.816669,-0.834857,0.323749,0.541241,206.822218,1.318692,-1.063980,0.614401,0.282926,1.058863,-0.934274,-1.079580,0.590385,0.158626,0.494023,0.706123,1.847320,1.304445,-0.986653,0.335676
-0.379927,0.450571,0.529152,0.403869,0.598798,0.397148,-1.312562,0.297202,1.063297,0.433536,0.518590,0.565879,0.807101,1.424391,0.368405,0.493772,0.824577,0.905690,-1.272916,1.022860,1.621805,-1.144851,-0.890608,1.131849,-0.851190,-0.622144,0.758660,0.714613,0.536178,-0.967643,1.641985,0.520925,176.600981,1.330616,-1.214900,0.605655,0.431098,1.149075,-0.864920,-0.902555,0.449964,0.348353,0.510642,0.150782,3.179819,1.470214,-0.473101,0.862830
-0.102720,0.584572,1.080581,0.040204,0.451740,0.369808,-1.035321,0.279742,0.838204,0.028623,0.183774,0.562045,0.703036,0.181734,0.259577,0.188565,0.066450,0.063484,-0.992252,0.955751,0.378469,-1.103636,-0.721250,0.099597,0.145947,-0.300378,0.810455,0.432073,-0.252037,-0.638640,0.206175,0.500252,368.409982,1.163724,-1.117725,0.075501,0.128915,1.781712,-0.352105,0.243536,0.274616,0.004814,0.394441,0.348554,-0.065186,0.852501,0.205827,-0.189842
-0.085551,0.692288,0.991141,0.491324,0.553286,0.186207,-1.025341,0.350752,0.394919,0.141973,0.317667,0.471030,0.935501,1.300166,0.404189,0.317467,0.745981,0.243150,-0.941178,1.124108,1.212922,-0.092731,-1.087739,1.031901,-2.568751,-0.634060,0.976732,0.380453,-0.526958,-0.942526,0.329352,0.430010,417.611594,1.105781,-1.239142,0.181164,0.267476,1.700713,-0.417429,-0.787521,0.553474,0.176757,0.505365,0.272403,1.229090,1.293948,-0.904341,0.321994
-0.085551,0.692856,0.662721,0.537886,0.572416,0.203942,-1.240272,0.386222,0.888961,0.157361,0.429929,0.333837,0.935501,1.300166,0.400681,0.471863,0.919055,0.272955,-1.170604,1.186770,1.212922,-0.465427,-1.072394,1.652369,-2.568751,-0.634060,0.976732,0.358689,-0.526958,-0.942526,0.329352,0.393259,272.853691,1.297335,-1.140862,0.588462,0.304410,0.794918,-0.892766,-0.973115,0.720087,0.177400,0.512969,0.492664,1.229090,1.293948,-0.904341,0.321994
-0.146846,0.582824,0.526608,0.652377,0.527442,0.428484,-1.253112,0.300700,0.888961,0.347808,0.434258,0.335881,0.741067,1.125594,0.328653,0.384286,0.572444,0.789046,-1.180872,1.034224,0.962325,-0.889079,-0.855487,1.652369,-0.850157,-0.487841,0.705185,0.405204,0.328144,-1.038168,1.117075,0.407830,181.453060,1.272145,-1.249043,0.548722,0.392688,1.002128,-0.892766,-0.973115,0.639275,0.325791,0.722974,0.153922,1.684470,1.091642,-0.796771,0.793863
-0.146846,0.513764,0.637484,0.431603,0.491936,0.339617,-1.193839,0.256805,0.796559,0.345001,0.351199,0.714975,0.741067,1.125594,0.357124,0.310077,0.469270,0.789046,-1.127488,1.010654,0.810203,-0.889079,-0.869552,0.324143,-0.019612,-0.487841,0.979995,0.482285,0.142585,-1.038168,1.117075,0.569623,197.511930,1.242240,-0.974090,0.304183,0.338129,1.263537,-0.585349,0.154951,0.127996,0.321141,0.601346,0.168204,1.684470,1.091642,-0.393586,0.793863
-0.146846,0.624700,1.078446,0.319889,0.497826,0.380679,-0.960123,0.347368,0.787605,0.268547,0.296105,0.645555,0.741067,1.125594,0.394936,0.191709,0.380530,0.789046,-0.867133,1.010654,0.810203,-0.889079,-0.812027,0.168587,-0.019612,-0.487841,0.979995,0.406810,-0.206404,-1.038168,1.117075,0.554036,429.321645,1.025260,-1.144612,0.098008,0.243737,1.730761,-0.433131,0.415413,0.184957,0.259439,0.638163,0.308935,1.684470,1.091642,-0.393586,0.793863
-0.146846,0.632479,1.087786,0.287492,0.502775,0.413814,-0.941289,0.365061,0.787605,0.224060,0.301359,0.624341,0.727135,1.125594,0.388170,0.167777,0.374647,0.789046,-0.869892,0.863812,0.769329,-0.889079,-0.763635,-0.062739,-0.019612,-0.397301,0.979995,0.369075,-0.292317,-0.635466,1.117075,0.391357,435.056958,1.040785,-1.124080,0.081597,0.123894,1.749597,-0.433131,0.415413,0.190434,0.182715,0.641335,0.351189,1.684470,1.091642,-0.393586,0.150247
0.305639,0.692348,1.242473,0.080975,0.506639,0.300769,-1.013625,0.252043,0.624433,0.026880,0.137641,0.524837,0.871244,0.266709,0.366479,0.083257,0.033687,0.167252,-0.979730,0.683191,0.678528,-0.077300,-0.842352,-0.062739,0.306697,-0.637658,0.892508,0.174071,-0.319505,-0.613904,0.253089,0.324382,399.194041,1.132430,-1.220366,0.117687,0.155815,1.815129,-0.323225,0.371831,0.176626,0.028124,0.420321,0.288757,-0.056917,0.853048,-0.504905,0.272087
0.506601,0.661246,1.225350,0.127291,0.563787,0.170608,-1.003927,0.221204,0.462511,0.071258,0.213117,0.532903,0.982702,0.319873,0.400327,0.153471,0.131120,0.167252,-0.976838,0.683191,1.008054,-0.209774,-0.817630,-0.173762,0.306697,-0.669190,0.892508,0.402093,-0.319505,-0.729384,0.253089,0.251243,394.824125,1.138338,-1.262841,0.182980,0.187142,1.804345,-0.323225,-0.308103,0.274195,0.040610,0.400185,0.234038,0.530258,0.853048,-0.822659,0.272087
0.465353,0.692266,1.062274,0.647682,0.511090,0.270829,-1.181355,0.232413,0.565941,0.137479,0.300809,0.495139,0.982702,1.629741,0.360291,0.268283,0.792368,0.266809,-1.150307,1.180243,1.008054,-0.209774,-0.792510,1.587613,-1.674507,-0.782476,0.892508,0.415811,-0.319505,-0.743029,0.526492,0.370911,427.535337,1.290933,-1.212375,0.268917,0.288892,1.756782,-0.790175,-0.821494,0.665162,0.216267,0.410100,0.259376,1.320459,0.853048,-0.881137,0.272087
-0.033218,0.548016,0.536239,0.719059,0.556058,0.269612,-1.220894,0.348252,1.149503,0.259117,0.336496,0.368868,0.982702,1.629741,0.308008,0.431968,0.960346,0.267385,-1.179749,1.198401,1.008054,-0.532195,-0.930357,1.666534,-1.674507,-0.998428,0.729053,0.417035,-0.319505,-0.816490,0.526492,0.554023,220.458004,1.300667,-1.313398,0.614075,0.475461,1.098994,-0.835117,-0.847130,0.574832,0.341499,0.435107,0.509295,1.320459,0.814685,-0.881137,1.175872
-0.115846,0.340113,0.624170,0.556049,0.571559,0.395397,-1.177506,0.264242,1.149503,0.442508,0.491736,0.422366,0.824838,2.221318,0.372553,0.512318,0.633943,0.663634,-1.104683,1.295255,0.826789,-1.279886,-0.878699,0.816273,-0.705936,-1.141840,0.916091,0.580507,0.497920,-1.164543,1.414576,0.371153,202.756103,1.253434,-1.361775,0.547719,0.432472,1.204936,-0.763449,-0.341600,0.243678,0.442111,0.470067,0.165389,1.963091,1.038229,-0.934559,1.175872
0.166867,0.558908,1.284553,0.065708,0.440990,0.420570,-0.923270,0.200943,0.858060,0.028682,0.292728,0.500908,0.674528,0.182452,0.277006,0.196465,0.047110,0.134500,-0.869081,1.240554,0.423117,-0.497384,-0.738404,0.126190,0.220055,-0.400013,0.916091,0.349160,-0.353126,-1.164543,0.220494,0.265109,426.189866,1.035185,-1.367891,0.069603,0.075308,1.633010,-0.335646,0.210022,0.292636,0.006408,0.515204,0.363743,0.001119,0.721490,0.172464,-0.236775
-0.363041,0.688029,1.092516,0.600065,0.559340,0.195339,-1.129659,0.429661,0.439046,0.149854,0.251953,0.394543,0.998231,0.743025,0.359506,0.352262,0.530522,0.045090,-1.105848,1.004634,2.095555,-0.277049,-1.101855,0.357702,-3.020878,-0.713497,0.843986,0.232223,-0.805799,-0.847816,0.220494,0.684351,471.904268,1.210014,-1.370703,0.169746,0.210293,1.573291,-0.511646,-1.094090,0.560071,0.130151,0.621343,0.369479,1.598199,1.373643,-1.001323,0.202699
-0.363041,0.834779,0.508731,0.542969,0.609626,0.381650,-1.287908,0.402030,1.040577,0.185132,0.414515,0.580783,0.998231,0.743025,0.398082,0.432300,0.711203,1.043199,-1.200774,1.143521,2.095555,-0.540198,-1.145292,0.905560,-3.020878,-0.713497,0.863490,0.229412,-0.805799,-0.847816,0.341710,0.335492,217.086040,1.320256,-1.245818,0.653757,0.256070,0.315631,-0.877478,-1.468731,0.756022,0.136547,0.577528,0.690765,1.598199,1.373643,-1.001323,0.202699
-0.314744,0.505593,0.513573,0.653440,0.636335,0.337365,-1.320428,0.282870,1.040577,0.323320,0.405562,0.593845,0.850600,1.244204,0.427049,0.483974,0.834992,1.559547,-1.215376,1.094414,1.835098,-1.178994,-1.295960,0.905560,-0.422593,-1.408669,0.863490,0.500143,0.478109,-1.210173,1.250990,0.278822,173.614381,1.304999,-1.288000,0.654807,0.445402,1.113289,-0.864131,-1.174884,0.531289,0.350226,0.960635,0.174409,2.714071,1.553815,-0.471873,0.978978
-0.124871,0.608594,1.450398,0.081267,0.499766,0.276706,-1.142332,0.300048,0.802084,0.051740,0.114254,0.452245,0.721022,0.197167,0.232487,0.151117,0.156749,-0.013238,-1.146179,0.688716,0.478333,-1.178994,-0.864677,-0.020762,0.256116,-0.188985,0.780483,0.242263,-0.461650,-0.581536,0.206574,0.482753,479.320430,1.237212,-1.267038,0.066952,0.125847,1.701438,-0.335786,0.301323,0.237574,0.006670,0.607054,0.381843,0.008360,0.802081,0.099302,-0.267812
-0.790216,0.666785,1.165585,0.482688,0.572983,0.196802,-1.221441,0.582677,0.231983,0.172585,0.206753,0.292467,0.926665,0.931027,0.392401,0.168023,0.464457,0.286036,-1.217101,0.959080,2.083420,-0.460701,-0.967822,0.300372,-1.082259,-0.768754,0.780483,0.226549,-0.895409,-0.914177,0.366438,0.546623,482.064683,1.292384,-1.305807,0.142684,0.221994,1.599438,-0.842739,-0.947968,0.563288,0.157023,0.692318,0.317339,2.300188,1.351309,-1.050112,0.188055
-0.790216,0.728098,0.476217,0.511788,0.554509,0.312361,-1.314147,0.493786,1.042704,0.185734,0.385163,0.398237,0.926665,0.931027,0.408186,0.286088,0.553675,0.768721,-1.240348,1.110558,2.083420,-0.562896,-1.038373,1.260033,-1.082259,-0.768754,0.752761,0.232312,-0.895409,-0.914177,0.366438,0.354083,195.752881,1.332881,-1.127063,0.592760,0.251896,0.933227,-0.922455,-1.286372,0.619677,0.170856,0.662938,0.718186,2.300188,1.351309,-1.050112,0.188055
-0.568139,0.466088,0.489817,0.453567,0.603793,0.163236,-1.352437,0.261960,1.042704,0.421748,0.497304,0.327997,0.820791,1.178489,0.346170,0.407479,0.455584,0.760846,-1.229525,1.112992,1.308900,-1.368024,-1.004600,1.073712,-0.072247,-2.106727,0.671542,0.570106,0.544929,-0.998363,2.086562,0.498784,167.777807,1.363496,-1.327310,0.595705,0.397467,0.826689,-0.866107,-0.935538,0.446922,0.302648,0.424875,0.134712,1.389292,1.279572,-0.419602,0.868760
-0.429523,0.510366,1.630193,0.077227,0.500334,0.163723,-1.153514,0.338438,0.856678,0.029705,0.276103,0.466313,0.806778,0.326690,0.278803,0.235792,0.152794,0.387482,-1.073726,0.832719,0.530778,-0.743969,-0.707931,0.183911,0.234835,-0.057782,0.876133,0.344884,-0.433339,-0.843577,0.204005,0.595788,501.805859,1.195246,-1.187456,0.097760,0.133045,1.466071,-0.338593,0.166312,0.279915,0.013063,0.379871,0.407742,0.211475,0.788817,0.193911,-0.253773
-0.979899,0.647057,1.633482,0.462121,0.570242,0.274556,-1.232078,0.628622,0.345017,0.166069,0.210000,0.386808,0.944766,0.869319,0.434103,0.189826,0.447126,0.394478,-1.210901,0.983185,1.965566,-0.332826,-0.890437,0.360159,-0.990452,-0.703540,0.876133,0.273283,-0.864019,-0.997375,0.295846,0.439619,640.006140,1.314569,-1.219440,0.159329,0.213871,1.652698,-0.883958,-0.790163,0.513960,0.164056,0.774108,0.341037,2.069238,1.521810,-0.926815,0.321948
-0.979899,0.629933,0.506456,0.491508,0.610860,0.358474,-1.384007,0.604124,0.938810,0.216391,0.418900,0.416457,0.944766,0.869319,0.424686,0.283377,0.515684,0.780436,-1.373747,1.068580,1.965566,-0.731025,-0.995213,1.105623,-0.990452,-0.703540,0.812547,0.279770,-0.864019,-0.997375,0.395116,0.384850,214.717341,1.404432,-1.200015,0.654415,0.287573,1.132759,-1.037490,-1.073384,0.609207,0.184679,0.774654,0.668537,2.069238,1.521810,-0.926815,0.494392
-0.547512,0.458321,0.534785,0.451484,0.667912,0.323418,-1.276658,0.346416,0.938810,0.429734,0.600658,0.439402,0.901304,1.979644,0.387722,0.457261,0.594188,0.867913,-1.179483,1.202732,1.543653,-1.082647,-0.929151,1.105623,-0.360682,-0.713279,0.735501,0.582986,0.337165,-1.152083,1.517262,0.354609,173.091177,1.321904,-1.207086,0.678933,0.507413,1.185367,-0.931188,-0.896678,0.470165,0.445179,0.507893,0.158685,2.263248,1.316417,-0.936625,1.125528
-0.177551,0.570309,1.590143,0.058111,0.477887,0.304075,-1.049680,0.275974,0.829619,0.041294,0.325489,0.595677,0.849307,0.180617,0.285077,0.252049,0.112844,0.762458,-1.025512,0.913559,0.418171,-1.082647,-0.799671,0.237988,0.175638,-0.284022,0.830143,0.376976,-0.481405,-0.786894,0.206673,0.428815,490.843114,1.184550,-1.274721,0.088651,0.236523,1.771240,-0.340161,0.220715,0.296688,0.005262,0.554617,0.405859,0.188239,1.064883,-0.042557,1.301610
-1.039973,0.718987,1.409784,0.540840,0.564021,0.252037,-1.131346,0.682889,0.135574,0.178371,0.231795,0.346559,0.989187,0.924333,0.451079,0.220174,0.453226,0.460504,-1.110184,0.984860,1.861952,-0.512721,-1.017924,0.203348,-1.501991,-0.819209,0.802167,0.305628,-0.997657,-1.181896,0.414313,0.513936,547.400461,1.210506,-1.264270,0.177144,0.283852,1.758164,-0.955630,-0.985381,0.608515,0.175338,0.814683,0.338099,2.146759,1.602173,-1.061851,1.301610
-1.039973,0.729284,0.484136,0.563531,0.527999,0.319997,-1.256759,0.533537,0.925431,0.210039,0.436506,0.560639,0.989187,0.924333,0.455233,0.288196,0.529643,1.341798,-1.202508,1.072236,1.861952,-0.933459,-1.106581,0.982831,-1.501991,-0.819209,0.798025,0.337782,-0.997657,-1.181896,0.421708,0.404977,198.648182,1.309646,-1.256567,0.562906,0.320126,0.919184,-0.986628,-1.251834,0.619632,0.211544,0.661096,0.684135,2.146759,0.905555,-1.061851,0.347777
-0.563546,0.330008,0.530092,0.392111,0.567808,0.426840,-1.313903,0.280392,0.930753,0.403579,0.594506,0.624224,0.950259,1.821477,0.402941,0.497680,0.651814,1.474283,-1.266878,0.999064,1.571044,-1.051174,-1.004185,0.555105,-0.302650,-3.816033,0.780151,0.602950,0.577456,-0.880876,2.568843,0.626632,182.876964,1.364272,-1.170986,0.476839,0.463410,1.130844,-0.814181,-0.226797,0.315939,0.328459,0.620770,0.110722,1.905053,1.418048,-0.841240,0.964699
0.330858,0.325809,1.268520,0.051441,0.419537,0.189285,-1.125002,0.189721,0.885736,0.017406,0.197859,0.325300,0.585305,0.176548,0.258735,0.086733,0.034378,0.253632,-1.034900,0.668986,0.387406,-0.540654,-0.745606,-0.119157,0.309155,-0.007892,0.850633,0.154778,-0.324953,-0.711702,0.205021,0.538827,397.140387,1.211325,-1.170594,0.055490,0.041898,1.756060,-0.325465,-0.180474,0.319591,0.002709,0.533349,0.356503,-0.063016,0.849814,0.170079,-0.236151
0.201239,0.549779,1.209649,0.380400,0.513006,0.218341,-1.125739,0.348461,0.168643,0.101898,0.221261,0.415510,0.793548,0.977292,0.423401,0.185726,0.437417,0.983138,-1.010657,1.249261,0.952546,-0.512332,-0.872590,0.226649,-0.930341,-0.517869,0.844663,0.256795,-0.835705,-0.768933,0.410477,0.350770,486.049755,1.176244,-1.321955,0.154273,0.214527,1.798152,-0.610131,-1.005392,0.512148,0.152922,0.596282,0.305656,1.278474,1.598578,-0.792663,-0.010600
0.201239,0.619366,0.548981,0.455488,0.404334,0.231880,-1.476241,0.388005,0.566537,0.216764,0.293894,0.438119,0.793548,0.977292,0.352037,0.309795,0.493328,0.983138,-1.472231,1.249261,1.108289,-0.512332,-0.917006,0.763503,-0.930341,-0.517869,0.548394,0.243488,-0.835705,-0.768933,0.410477,0.352904,233.943112,1.453193,-1.287017,0.440851,0.241728,1.174617,-0.831800,-1.135232,0.578612,0.216190,0.681877,0.534110,1.278474,1.598578,-0.792663,-0.010600
0.425909,0.481825,0.732039,0.346491,0.219891,0.316824,-1.044943,0.301802,0.566537,0.243688,0.162231,0.227926,0.353514,1.609242,0.212425,0.263456,1.097704,0.518070,-1.040255,1.114760,1.345427,-0.466880,-0.740030,0.731415,-0.409409,-1.678566,0.762025,0.297032,-0.218622,-0.815216,0.407555,0.413410,260.122921,1.041355,-1.305697,0.226500,0.145553,1.582641,-0.793189,-0.770093,0.507377,0.250821,0.434352,0.265267,3.899632,0.574882,-0.417528,0.131084
0.422427,0.844034,0.749012,0.040051,0.291459,0.159889,-0.894665,0.068065,0.084598,0.016105,0.069315,0.218421,0.378213,0.167071,0.126020,0.082597,0.023796,0.518070,-0.857067,0.754601,0.460514,-0.246638,-0.635927,0.048347,0.366983,-0.135026,0.762025,0.149674,-0.224634,-0.450913,0.202067,0.141588,255.180122,1.042847,-1.325289,0.030718,0.051299,1.217733,-0.325843,0.499679,0.116196,0.001315,0.404527,0.086106,-0.052563,0.567144,-0.273672,-0.121439
0.422427,0.698784,0.702396,0.310004,0.369377,0.357567,-1.150178,0.196713,0.826559,0.057986,0.222176,0.232898,0.501377,0.309716,0.097941,0.152768,0.179249,0.248358,-1.099997,0.813638,0.532099,-0.246638,-0.657599,0.374406,-0.171167,-0.336806,0.466753,0.271172,-0.224634,-0.717792,0.446244,0.191668,279.212512,1.251938,-1.182070,0.080101,0.107241,1.473836,-0.405091,-0.706136,0.533593,0.035055,0.375706,0.333894,0.112434,0.524347,-0.536918,-0.050549
0.544882,0.547206,0.636980,0.287238,0.307929,0.377938,-1.113295,0.129849,0.888526,0.093089,0.250013,0.216652,0.501377,0.309716,0.103659,0.181899,0.265496,0.248358,-1.022442,0.813921,0.532099,-0.178017,-0.780129,0.374406,-1.015414,-0.336806,0.466753,0.245559,-0.155010,-1.116704,0.446244,0.268254,252.467559,1.149253,-1.319901,0.262865,0.135751,1.338038,-0.489154,-0.735536,0.596956,0.045544,0.618177,0.391160,0.112434,0.467012,-0.536918,0.047681
0.417212,0.404439,0.560913,0.273363,0.268491,0.221722,-1.225136,0.184972,0.888526,0.270719,0.379041,0.139101,0.701149,0.640912,0.185098,0.288959,0.524679,0.072840,-1.209178,0.989959,0.596663,-0.107733,-1.050116,0.374406,-1.015414,-0.573195,0.450010,0.216832,0.664607,-1.116704,0.619969,0.423338,188.524456,1.252675,-1.059175,0.298138,0.199006,1.166550,-0.489154,-0.735536,0.184801,0.171036,0.230564,0.055472,0.982740,0.632284,-0.535625,0.399012
0.417212,0.230694,0.666290,0.268135,0.389133,0.240582,-1.292970,0.209947,0.869670,0.230198,0.401943,0.362758,0.701149,0.640912,0.254273,0.250111,0.422242,0.072840,-1.276005,0.989959,0.596663,-0.132129,-1.014806,0.298554,-0.987271,-0.573195,0.704525,0.324035,0.386972,-0.955014,0.619969,0.524228,217.140462,1.336513,-1.122427,0.199978,0.197359,1.186113,-0.398906,-0.374926,0.083750,0.164245,0.452575,0.142608,0.982740,0.632284,-0.535625,0.399012
0.546081,0.533526,0.477045,0.032874,0.276997,0.183219,-1.041072,0.037950,0.454572,0.012918,0.064869,0.232079,0.337624,0.169377,0.171640,0.055861,0.018878,-0.252626,-0.998021,0.677642,0.368986,-0.178866,-0.873262,-0.278477,0.302945,0.030986,0.834863,0.133613,-0.208254,-0.713448,0.199567,0.222246,158.255531,1.135976,-1.256165,0.021680,0.032717,0.763675,-0.317313,0.096648,0.253334,0.001977,0.447699,0.174748,-0.076146,0.772457,0.059575,-0.204695
0.546081,0.914489,0.850635,0.063217,0.319473,0.412129,-0.893697,0.102348,-0.019277,0.021679,0.060105,0.431780,0.397622,0.171778,0.169483,0.055855,0.040665,0.469982,-0.865192,0.677642,0.443259,-0.090972,-0.734174,-0.298498,0.271032,0.046842,0.835897,0.109096,-0.376280,-0.580640,0.199385,0.411887,268.664517,1.016392,-1.363934,0.023427,0.065512,1.711053,-0.323700,0.846999,0.035908,0.003313,0.351833,0.085924,-0.079983,0.547017,-0.096912,-0.227300
0.472073,0.761165,0.851152,0.280901,0.397234,0.174405,-1.114987,0.202671,0.951364,0.085365,0.121520,0.190044,0.682961,0.850615,0.078893,0.109673,0.247562,0.469982,-1.082533,0.934489,0.653888,-0.278510,-0.810406,0.755945,-0.822238,-0.251547,0.503098,0.165097,-0.376280,-0.567726,0.488873,0.259369,348.445552,1.219540,-1.340288,0.199280,0.151018,1.653996,-0.620798,-1.021028,0.752994,0.112642,0.222632,0.462271,0.245699,0.701791,-0.697680,-0.019533
0.037113,0.502756,0.497197,0.323960,0.358933,0.182861,-1.177257,0.273948,1.120573,0.119831,0.166963,0.194351,0.682961,0.850615,0.080423,0.134110,0.314896,0.457211,-1.139100,0.934489,0.653888,-0.462846,-0.878340,0.774625,-0.822238,-0.251547,0.503098,0.231366,-0.116475,-0.567726,0.488873,0.379776,212.637901,1.294281,-1.288001,0.403493,0.260913,1.044073,-0.692741,-1.021028,0.527117,0.164207,0.223140,0.346070,0.245699,0.786675,-0.697680,0.314175
-0.218892,0.210659,0.529969,0.201461,0.468816,0.117586,-1.095164,0.247160,1.103782,0.215865,0.262617,0.394349,0.698227,0.541285,0.236720,0.266559,0.363511,0.953825,-1.076474,0.811694,0.887595,-0.678639,-0.976361,0.057414,-0.093250,-0.742971,0.658465,0.336242,0.554036,-0.620099,0.826735,0.239536,179.470226,1.200030,-1.271702,0.169643,0.253444,1.162415,-0.438143,0.024658,0.150953,0.139358,0.374773,0.172770,1.173167,0.786675,-0.314923,0.314175
0.444380,0.569700,1.344484,0.037722,0.385126,0.164270,-1.124081,0.173062,0.798637,0.022612,0.061765,0.440262,0.552926,0.181622,0.246890,0.089080,0.046907,0.953825,-1.085386,0.684087,0.426376,-0.242429,-0.716919,0.057414,0.166589,0.008557,0.783057,0.143039,-0.462127,-0.576513,0.239736,0.280355,433.595547,1.204281,-1.208648,0.066282,0.048220,1.674294,-0.327148,0.046574,0.347926,0.004562,0.384581,0.382600,0.039627,0.683673,0.286317,-0.196829
-0.934405,0.705513,1.376752,0.391964,0.529644,0.236126,-1.112284,0.672192,0.102524,0.138915,0.165171,0.304274,0.814642,0.819855,0.316457,0.250699,0.401577,0.503560,-1.092529,0.900896,1.263091,-0.535322,-1.239295,0.154134,-0.989017,-0.386598,0.783057,0.165380,-0.846848,-0.740105,0.356961,0.291777,557.321478,1.188830,-1.320868,0.143966,0.164953,1.812177,-0.833231,-0.925170,0.551814,0.150002,0.651093,0.279201,1.743283,1.310250,-0.849258,0.063265
-0.934405,0.653555,0.478340,0.413513,0.503820,0.275938,-1.255262,0.511979,0.997197,0.175938,0.264061,0.392876,0.814642,0.819855,0.257229,0.281124,0.452073,0.891912,-1.237174,1.043095,1.263091,-0.535322,-1.227551,0.759208,-0.989017,-0.386598,0.652947,0.193820,-0.846848,-0.740105,0.393235,0.257385,190.925283,1.330841,-1.304707,0.541207,0.189850,0.961800,-0.903300,-1.225748,0.620966,0.166845,0.552322,0.674239,1.743283,1.104511,-3.382398,0.063265
-0.383323,0.490027,0.575954,0.436379,0.526427,0.208283,-1.227784,0.250499,0.997197,0.321129,0.401430,0.481285,0.735967,1.063756,0.321425,0.361399,0.437964,1.381862,-1.218816,0.850905,0.996220,-1.004131,-1.137003,0.759208,-0.069584,-0.722252,0.880660,0.379733,0.239386,-0.923438,1.078886,0.316621,185.615756,1.283610,-1.356245,0.513943,0.310787,1.196364,-0.777533,-0.651025,0.343994,0.309597,0.424026,0.191607,0.913224,1.183007,-0.323262,0.567261
0.040472,0.678315,1.136124,0.077213,0.465120,0.315854,-1.087533,0.271902,0.606771,0.027654,0.157049,0.453263,0.600287,0.182516,0.219132,0.107644,0.057670,0.398836,-0.963867,0.699796,0.383649,-0.130372,-0.737412,0.059868,0.191322,-0.026535,0.880660,0.182364,-0.585700,-0.621715,0.205717,0.248739,383.063751,1.173034,-1.283209,0.048743,0.073159,1.781414,-0.328470,0.426083,0.182640,0.005359,0.401622,0.343594,0.006726,0.721048,0.159431,-0.273472
-0.964560,0.686850,1.110040,0.477827,0.572212,0.256011,-1.326134,0.656227,0.082131,0.176705,0.210985,0.303193,0.956041,0.998977,0.375644,0.208223,0.445839,0.541578,-1.238249,1.056943,1.858798,-0.551619,-1.051451,0.149246,-1.215396,-0.689250,0.852363,0.234864,-0.999084,-0.954417,0.402945,0.549980,474.390950,1.398633,-1.332332,0.151285,0.242136,1.808763,-0.953958,-0.916985,0.567269,0.190875,0.477976,0.308213,2.004213,1.277629,-1.043887,0.283102
-0.964560,0.681619,0.537030,0.515706,0.567617,0.349661,-1.398184,0.572761,1.015897,0.206204,0.393787,0.413701,0.956041,0.998977,0.378864,0.337888,0.515911,0.913052,-1.318936,1.103169,1.858798,-0.554853,-0.974850,1.072313,-1.215396,-0.689250,0.852363,0.253445,-0.999084,-0.954417,0.420730,0.549565,235.192886,1.451250,-1.327692,0.604251,0.280141,1.124056,-1.071263,-1.220122,0.605692,0.205138,0.436547,0.748958,2.004213,1.277629,-1.043887,0.283102
-0.379200,0.397630,0.491107,0.327055,0.577211,0.296445,-1.239069,0.276960,1.015897,0.272846,0.395518,0.384898,0.784527,1.072421,0.343410,0.279489,0.452250,0.761370,-1.197531,0.988449,1.329743,-1.057480,-1.057789,1.027890,-0.063773,-0.911522,0.760089,0.523542,0.423101,-0.909191,0.967780,0.510199,168.012014,1.263688,-1.423662,0.569824,0.363815,0.941795,-0.797047,-0.835782,0.406678,0.291509,0.340531,0.180263,0.918396,1.055199,-0.499040,0.699478
-0.337446,0.479450,1.748243,0.068316,0.505826,0.253859,-1.042767,0.342843,0.930590,0.046964,0.176371,0.421617,0.735019,0.261770,0.314444,0.186354,0.154988,0.421115,-0.977289,0.663238,0.547164,-0.868420,-0.691618,0.092771,0.260708,-0.168102,0.906036,0.233118,-0.457218,-0.838197,0.206615,0.272804,535.261010,1.127883,-1.143618,0.065458,0.087388,1.812732,-0.341606,0.159213,0.262534,0.014811,0.490945,0.460616,0.172893,0.806781,0.253334,-0.230256
-0.795806,0.612093,1.417952,0.342358,0.565466,0.366238,-1.123400,0.593008,0.355274,0.173661,0.178566,0.288803,0.881691,0.991323,0.412329,0.185436,0.384743,0.285516,-1.028783,0.962476,1.540573,-0.443356,-0.974938,0.304529,-0.724652,-0.790548,0.906036,0.251204,-0.931052,-0.875940,0.393026,0.428350,547.632482,1.165950,-1.272920,0.144102,0.213108,1.743011,-0.809996,-0.868204,0.508754,0.168636,0.642652,0.348089,1.749156,1.239277,-0.936165,0.194547
-0.795806,0.652476,0.490274,0.436586,0.567706,0.294725,-1.302193,0.526731,0.997640,0.203682,0.420930,0.418087,0.881691,0.991323,0.390477,0.268543,0.445928,0.923162,-1.273863,1.070116,1.540573,-0.786324,-1.023458,1.123953,-0.724652,-0.790548,0.738852,0.263623,-0.931052,-0.875940,0.393026,0.504742,203.039407,1.354693,-1.276579,0.608581,0.272418,0.982416,-0.950005,-1.094803,0.604991,0.188290,0.569411,0.701309,1.749156,1.239277,-0.936165,0.284212
-0.310083,0.518077,0.539489,0.447351,0.608602,0.235372,-1.416441,0.236232,0.997640,0.414801,0.578552,0.315408,0.759654,0.863764,0.326284,0.369659,0.443556,0.915840,-1.427928,1.020921,1.193738,-1.996443,-1.017203,1.016549,0.064291,-2.781999,0.694132,0.601233,0.479057,-0.939313,1.832573,0.274324,177.200587,1.451894,-1.369871,0.603773,0.428570,1.219018,-0.864430,-0.821568,0.412096,0.309073,0.366331,0.128633,1.325416,1.347544,-0.346158,0.952919
-0.184292,0.655819,1.584971,0.066291,0.487228,0.296298,-1.248815,0.294029,0.833887,0.027305,0.217590,0.532655,0.730818,0.317547,0.293892,0.229440,0.163337,0.725519,-1.100535,0.869862,0.607288,-0.597515,-0.780892,0.256909,0.276204,-0.132620,0.796125,0.358133,-0.513338,-0.939313,0.209224,0.263415,513.233732,1.265790,-1.088874,0.074634,0.097161,1.663858,-0.330286,0.355711,0.234467,0.014251,0.348390,0.415630,0.255332,0.887139,0.186288,-0.296374
-1.183243,0.687042,1.228509,0.368167,0.557138,0.317842,-1.263416,0.711245,0.127850,0.166176,0.213135,0.420560,0.858745,0.969288,0.392563,0.216954,0.380794,0.581808,-1.144316,1.021303,1.716935,-0.396775,-1.083177,0.387682,-1.414579,-0.741977,0.796125,0.239492,-0.926956,-0.885359,0.345707,0.327017,506.571263,1.286954,-1.220799,0.154229,0.189156,1.242676,-0.969159,-0.784980,0.532286,0.192579,0.628875,0.323097,1.990616,1.195752,-0.867813,0.060539
-1.183243,0.622329,0.482624,0.436479,0.569103,0.348810,-1.393786,0.623469,1.032882,0.228594,0.468200,0.562666,0.858745,0.969288,0.372087,0.299887,0.516826,1.349435,-1.311794,1.021303,1.716935,-0.915537,-1.069704,1.168770,-1.414579,-0.741977,0.737009,0.278267,-0.926956,-0.885359,0.390739,0.457148,212.034364,1.403649,-1.170135,0.611621,0.286885,0.922087,-0.976263,-1.053141,0.617847,0.226591,0.602982,0.722096,1.990616,1.195752,-0.867813,0.723988
-0.403436,0.395796,0.490555,0.484326,0.630356,0.181602,-1.290941,0.266282,1.032882,0.433945,0.578696,0.412825,0.875571,1.188433,0.342924,0.472701,0.674444,1.081382,-1.226450,1.031051,1.454358,-1.233695,-1.092669,0.953808,-0.529371,-0.904193,0.794709,0.613401,0.492150,-0.964565,1.555688,0.319191,171.411395,1.378662,-1.248938,0.612881,0.433167,0.859054,-0.868718,-0.759760,0.370486,0.367049,0.473327,0.150603,2.364014,1.354394,-0.737523,0.978596
0.090690,0.524337,1.411250,0.069636,0.456379,0.253782,-1.074084,0.258179,0.788700,0.030242,0.201475,0.586692,0.649135,0.183495,0.182841,0.111460,0.027349,0.477734,-1.055321,0.660808,0.460160,-0.469059,-0.904674,0.065179,0.340633,-0.100447,0.821181,0.218818,-0.556641,-0.661656,0.207848,0.251541,454.335451,1.215336,-1.289448,0.065931,0.089127,1.727493,-0.325435,0.146754,0.302922,0.005157,0.845845,0.409328,-0.045848,0.746843,0.284218,-0.174414
-0.831819,0.664845,1.169094,0.441390,0.551280,0.305885,-1.058002,0.589298,0.213145,0.154805,0.274493,0.426644,0.853065,0.809022,0.410670,0.180085,0.417850,0.477734,-1.000367,1.020389,1.803999,-0.147323,-0.937542,0.871231,-1.856182,-0.761557,0.822293,0.325857,-0.929847,-0.768096,0.357755,0.607029,482.872059,1.131707,-1.384227,0.161055,0.219741,1.664345,-0.791643,-0.739235,0.523884,0.154204,0.964370,0.349859,1.042335,1.289789,-0.911232,0.276922
-0.831819,0.608686,0.472281,0.425721,0.565195,0.304879,-1.332269,0.536425,0.974967,0.178998,0.423234,0.487866,0.853065,0.809022,0.405758,0.362922,0.687621,0.841395,-1.285653,1.060126,1.803999,-0.390812,-0.880175,1.661858,-1.856182,-0.761557,0.822293,0.350007,-0.929847,-0.768096,0.357755,0.550630,202.166521,1.369495,-1.125217,0.610268,0.285441,0.993099,-0.914699,-0.985121,0.571835,0.165091,0.504280,0.690435,1.042335,1.289789,-0.911232,0.425609
-0.373685,0.390535,0.499536,0.565363,0.613386,0.376234,-1.195717,0.290916,0.992665,0.362867,0.517132,0.616192,0.850202,1.023615,0.432553,0.471409,0.742592,0.763356,-1.134764,1.291872,1.088490,-1.506282,-0.814271,1.381328,-0.571201,-0.983351,0.813512,0.793981,0.507160,-0.975692,1.335107,0.370331,170.905117,1.258272,-1.121750,0.605351,0.486973,1.073692,-0.813831,-0.755775,0.373821,0.342448,0.504334,0.161632,3.251350,1.459194,-0.814732,1.298368
0.135144,0.579716,1.351800,0.080416,0.445597,0.267581,-1.131893,0.212937,0.899390,0.022774,0.245166,0.525742,0.646095,0.180882,0.158963,0.130735,0.031430,0.142322,-1.178911,0.676609,0.378839,-0.225372,-0.629935,0.051374,0.266240,-0.355353,0.813512,0.213659,-0.271549,-0.843000,0.208943,0.493823,431.956500,1.259761,-1.242304,0.055018,0.092504,1.641217,-0.321784,0.211453,0.281635,0.003125,0.349352,0.358005,-0.033358,0.832291,0.169668,-0.264725
-0.609397,0.669698,1.071070,0.627654,0.550213,0.196087,-1.223256,0.538941,0.310590,0.147613,0.309280,0.318486,0.792336,0.962353,0.349018,0.197954,0.505429,0.123627,-1.184943,0.982410,2.275210,-0.185214,-1.121764,0.979868,-1.927726,-0.549159,0.743014,0.336421,-0.583773,-0.665543,0.352369,0.558329,445.196835,1.301516,-1.378773,0.145342,0.221891,1.552157,-0.742300,-0.794993,0.538158,0.160771,0.654177,0.258485,2.055890,1.289915,-1.078605,0.200879
-0.609397,0.630566,0.499055,0.570397,0.600012,0.247773,-1.360442,0.501706,1.039062,0.243789,0.458667,0.453905,0.792336,0.962353,0.340823,0.388388,0.747365,0.568493,-1.295133,1.093290,2.275210,-0.442631,-1.099561,1.584502,-1.927726,-0.549159,0.743014,0.311994,-0.583773,-0.665543,0.352369,0.440408,213.944880,1.408928,-1.349655,0.644201,0.325239,1.086284,-0.943724,-1.143617,0.616317,0.198957,0.627374,0.607894,2.055890,1.289915,-1.078605,0.492291
-0.465387,0.465347,0.543613,0.454938,0.590689,0.400891,-1.169472,0.294261,1.039062,0.407877,0.434931,0.354947,0.775912,1.322542,0.377573,0.468522,0.844348,0.629137,-1.129016,1.004473,1.362491,-1.068653,-0.772979,1.034733,-0.748354,-0.655141,0.812361,0.627172,0.481687,-1.318025,1.435985,0.304475,187.004187,1.245427,-1.375328,0.601273,0.397080,1.016943,-0.856610,-0.758177,0.369703,0.347200,0.469972,0.167217,3.616647,0.978579,-0.439319,0.902405
-0.020203,0.654856,1.143371,0.041298,0.453707,0.170294,-1.151406,0.288624,0.845172,0.019558,0.143242,0.294059,0.580538,0.178047,0.187744,0.088059,0.034007,-0.004309,-1.156833,0.706903,0.331219,-0.137742,-0.731996,-0.023371,0.291809,-0.297846,0.812361,0.216027,-0.319305,-0.622302,0.204306,0.265371,394.831992,1.280476,-1.346791,0.046982,0.072680,1.635474,-0.328951,0.381442,0.215957,0.004393,0.316035,0.350639,0.023445,0.706271,0.081688,-0.174452
0.194879,0.710460,1.000425,0.681934,0.534645,0.254160,-1.260973,0.300005,0.603742,0.159691,0.318666,0.247199,1.016176,1.657204,0.407762,0.206796,0.754330,0.314467,-1.202281,1.211426,1.091536,-0.368652,-0.841634,1.758857,-1.073814,-0.700496,0.796364,0.445098,-0.428473,-0.931814,0.444229,0.352011,426.761196,1.338432,-1.312416,0.238922,0.297953,1.641755,-0.682748,-0.858782,0.661253,0.206638,0.474838,0.289331,1.879952,1.226188,-0.939969,0.284709
0.104923,0.562722,0.510152,0.782727,0.528456,0.262396,-1.333925,0.335274,1.131057,0.223105,0.386185,0.338306,1.016176,1.657204,0.406187,0.419082,0.964546,0.314467,-1.222953,1.211426,1.091536,-0.554682,-1.002305,1.963184,-1.073814,-0.700496,0.726168,0.470170,-0.428473,-0.946497,0.444229,0.592805,218.444028,1.352587,-1.198061,0.592732,0.416980,1.130799,-0.828537,-0.916872,0.533713,0.276853,0.443802,0.552468,1.879952,1.208145,-0.939969,0.717840
-0.203415,0.350820,0.595396,0.395687,0.504774,0.296767,-1.223774,0.213781,1.131057,0.354987,0.354175,0.509685,0.789992,1.426179,0.398818,0.389104,0.533349,0.746952,-1.249446,1.025403,1.157482,-0.554682,-0.991415,1.109282,-0.554982,-1.053938,0.901981,0.582294,0.538449,-0.946497,1.324001,0.443814,197.920480,1.319933,-1.123596,0.465495,0.354960,1.296876,-0.709129,-0.398575,0.254250,0.289746,0.444016,0.151721,1.894316,1.068701,-0.526461,0.717840
0.321409,0.679612,1.132330,0.038458,0.412769,0.239757,-1.055509,0.158541,0.918209,0.020516,0.231766,0.534425,0.539671,0.176645,0.190208,0.130108,0.037462,0.286631,-1.021384,0.706206,0.398378,-0.177026,-0.981994,0.025020,0.119600,-0.429069,0.901981,0.148329,-0.429275,-0.706770,0.210085,0.300950,361.311820,1.180966,-1.327892,0.040310,0.076362,1.792646,-0.330682,0.275234,0.294521,0.002889,0.622113,0.396417,-0.013009,0.758891,0.220590,-0.284281
-1.211692,0.765096,1.046250,0.786001,0.547231,0.353481,-1.184754,0.636239,0.283109,0.139466,0.178516,0.347804,0.905346,0.658676,0.376790,0.242985,0.567584,0.263813,-1.124459,0.818598,2.303791,-0.217209,-1.050527,0.491169,-1.707711,-0.639940,0.698744,0.256052,-0.860742,-0.682062,0.210085,0.796502,432.534232,1.241731,-1.386480,0.149916,0.226293,1.803627,-0.705807,-0.681039,0.473064,0.125135,0.737495,0.342599,2.904026,1.473560,-0.988873,0.388169
-1.211692,0.698713,0.484680,0.810888,0.586780,0.386180,-1.304132,0.583611,0.987867,0.167856,0.333055,0.558957,0.905346,0.658676,0.353538,0.332620,0.659205,0.875720,-1.226848,1.164630,2.303791,-0.636320,-1.180998,1.258201,-1.707711,-0.639940,0.708991,0.233928,-0.860742,-0.682062,0.469795,0.418690,210.287989,1.330904,-1.289041,0.628678,0.270725,0.993372,-0.920628,-1.129713,0.697757,0.149750,0.590537,0.691687,2.904026,1.473560,-0.988873,0.388169
-0.346012,0.432986,0.487968,0.556290,0.670809,0.384505,-1.287251,0.255323,1.045126,0.340280,0.470184,0.524730,0.889946,1.207140,0.381046,0.423013,0.785564,1.308432,-1.231859,1.306681,1.128233,-1.451291,-1.276543,1.050739,-0.515521,-1.955184,0.708991,0.628994,0.572638,-0.862577,1.294832,0.333907,164.345850,1.315705,-1.263618,0.674820,0.534357,0.862560,-0.885872,-0.956407,0.483212,0.379692,0.440655,0.144619,2.516578,1.290834,-0.493661,1.635231
-0.034470,0.413465,1.168527,0.059943,0.467335,0.287150,-1.214234,0.300720,0.911774,0.032567,0.221334,0.479339,0.773140,0.192428,0.245436,0.158128,0.121638,0.175678,-1.225095,0.743198,0.417559,-0.393523,-0.808809,0.111416,0.152829,-0.331468,0.898122,0.219301,-0.274940,-0.717104,0.224670,0.304037,394.587056,1.297042,-1.233892,0.087502,0.114779,1.019841,-0.334509,0.070167,0.295417,0.006589,0.657101,0.376785,0.533598,0.748606,0.051202,-0.268912
-1.072803,0.652629,1.369988,0.550799,0.546369,0.301987,-1.193062,0.697321,0.381493,0.178658,0.249531,0.279420,0.896227,0.873722,0.435546,0.315031,0.555381,0.061853,-1.172127,0.880334,1.619210,-0.302035,-0.994404,0.397963,-1.510210,-0.673370,0.898122,0.268891,-0.757542,-1.102453,0.347345,0.320281,589.111761,1.230559,-1.208722,0.152424,0.242080,1.785493,-0.852693,-0.884941,0.525385,0.170997,0.679168,0.335491,3.021856,1.231120,-0.984405,0.368575
-1.072803,0.745384,0.516058,0.542038,0.622673,0.391928,-1.308064,0.580188,1.210821,0.233900,0.409031,0.474529,0.896227,0.873722,0.441851,0.365269,0.603846,0.905532,-1.242501,1.030146,1.619210,-0.784629,-1.129764,0.862180,-1.510210,-0.673370,0.879574,0.327874,-0.757542,-1.102453,0.448713,0.371428,218.845441,1.341518,-1.242657,0.667538,0.312115,1.166498,-1.014063,-1.223045,0.709512,0.196614,0.465187,0.718032,3.021856,1.231120,-0.984405,0.404006
-0.920493,0.435308,0.500615,0.602534,0.702731,0.418768,-1.240473,0.340155,1.210821,0.644129,0.691775,0.517025,0.953819,2.497020,0.469724,0.659683,0.635594,1.025552,-1.180865,1.341438,2.063344,-2.061440,-1.016566,0.862180,-0.242322,-1.724445,0.879574,0.906946,0.503854,-1.062531,2.361968,0.382368,171.475421,1.293287,-1.274629,0.713589,0.570213,1.000413,-1.014063,-1.058655,0.493435,0.522834,0.471978,0.219541,3.120094,1.253440,-0.629696,1.335751
-0.008672,0.435900,1.317418,0.057018,0.483451,0.310833,-1.092490,0.272721,1.102197,0.035434,0.308524,0.567305,0.801561,0.185595,0.238897,0.170274,0.059873,0.493811,-1.110517,1.341438,0.518576,-0.635062,-0.800919,0.277055,0.298621,-0.561999,0.822019,0.539353,-0.321992,-0.693179,0.205812,0.405487,449.092658,1.202059,-1.253154,0.087344,0.128845,1.610085,-0.324800,0.042815,0.292468,0.006883,0.548317,0.450965,0.046988,0.647957,0.095265,-0.253378
-1.209517,0.624069,1.253446,0.380214,0.558950,0.222924,-1.168425,0.729966,0.394649,0.172240,0.229753,0.301059,0.874158,0.874620,0.396075,0.244832,0.376334,0.531334,-1.154615,1.008775,1.862944,-0.299136,-0.915066,0.374980,-1.152255,-0.774754,0.822019,0.239460,-0.846129,-1.132096,0.297226,0.386417,520.749209,1.228456,-1.403737,0.154170,0.240265,1.548714,-0.974599,-0.853093,0.522848,0.162014,0.893836,0.349145,1.496305,1.232886,-0.957533,0.323484
-1.209517,0.656618,0.482055,0.411512,0.594956,0.227802,-1.314437,0.653673,0.842352,0.216760,0.420852,0.394236,0.874158,0.874620,0.404131,0.307700,0.466949,0.957051,-1.303468,1.100699,1.862944,-0.786581,-0.950932,1.027700,-1.152255,-0.774754,0.776604,0.290350,-0.846129,-1.132096,0.435851,0.321265,197.501894,1.373711,-1.326146,0.634916,0.339949,1.112721,-1.044192,-1.141426,0.623123,0.190761,0.605475,0.606027,1.496305,1.216613,-0.957533,0.827514
-0.346256,0.401573,0.488027,0.493702,0.640580,0.276969,-1.344984,0.253394,0.903083,0.300146,0.561522,0.321663,0.817426,1.046211,0.329671,0.401527,0.401287,0.750488,-1.302246,1.227840,1.339968,-1.533219,-0.946705,1.027700,0.115571,-1.058916,0.728556,0.623241,0.262168,-0.904701,1.113858,0.383777,165.415761,1.420610,-1.150810,0.625866,0.502519,0.919439,-0.883678,-0.763228,0.381633,0.391781,0.505311,0.189574,0.599825,1.570217,-0.669941,1.338060
0.006942,0.543503,1.816629,0.090181,0.461178,0.273381,-1.130378,0.255976,0.760491,0.044526,0.339600,0.684068,0.660521,0.186907,0.240217,0.188518,0.066275,0.502903,-1.075534,0.744365,0.435931,-0.490383,-0.794358,0.155253,0.272250,-0.109795,0.896450,0.253698,-0.559547,-0.856650,0.216128,0.494053,576.209614,1.197150,-1.290202,0.052179,0.114021,2.076361,-0.329664,0.160399,0.303802,0.005616,0.463452,0.403372,-0.016102,1.156779,0.273008,-0.195299
-1.705995,0.715328,1.843982,0.470079,0.565334,0.329779,-1.149920,0.822196,0.109175,0.152387,0.259511,0.393826,1.050903,0.660507,0.485703,0.286586,0.446626,0.502903,-1.123812,0.978209,1.928372,-0.701220,-0.880687,-0.050981,-1.252978,-0.763694,0.946138,0.256153,-1.173929,-1.003598,0.216128,0.490406,744.097815,1.233620,-1.384214,0.158632,0.236968,1.975925,-0.620114,-1.000787,0.579022,0.103195,0.797754,0.390850,1.730789,1.763380,-1.121501,0.251479
-1.705995,0.772246,0.512730,0.575076,0.560321,0.411271,-1.348342,0.741885,0.911130,0.186454,0.417161,0.553921,1.050903,0.660507,0.464712,0.362510,0.550985,1.624478,-1.320366,1.130754,1.928372,-1.273363,-0.849071,1.000385,-1.252978,-0.763694,0.946138,0.243280,-1.173929,-1.003598,0.274011,0.453140,216.178799,1.419291,-1.211628,0.597456,0.332782,1.097607,-1.159300,-1.430648,0.693378,0.160415,0.661004,0.748670,1.730789,1.207300,-1.121501,0.896539
-0.665912,0.309355,0.677948,0.447266,0.608658,0.249913,-1.386616,0.290471,0.821536,0.556568,0.730381,0.740810,0.888508,2.079219,0.401431,0.638346,0.587111,1.721771,-1.335448,1.239567,1.686962,-1.632734,-1.114897,0.763899,-0.038522,-3.861560,0.813112,0.731354,0.282194,-0.876909,2.428577,0.835793,229.779690,1.437641,-1.200758,0.510963,0.514655,1.438706,-0.866271,-0.089702,0.305013,0.412806,0.527313,0.150714,1.867998,1.500779,-0.613533,1.116981
0.351620,0.347892,1.272266,0.044659,0.408902,0.305054,-0.883573,0.209981,0.704732,0.028410,0.220049,0.440419,0.544802,0.169280,0.184613,0.103802,0.029276,0.352237,-0.844616,0.684215,0.393887,-0.632164,-0.765529,0.018422,0.247806,0.013679,0.795239,0.179158,-0.400655,-0.555515,0.204756,0.591853,435.909516,0.967678,-1.123686,0.036258,0.062883,1.494869,-0.325191,-0.089702,0.262362,0.002020,0.327787,0.264915,-0.025123,0.762131,0.095822,-0.228944
0.139896,0.522661,0.985479,0.322885,0.505995,0.247495,-1.281711,0.323110,0.036819,0.115681,0.173604,0.397728,0.771854,1.419777,0.304413,0.183626,0.459972,0.679267,-1.251194,1.295082,0.899436,-0.576904,-0.879781,0.315975,-1.475241,-0.488906,0.765445,0.219578,-0.801060,-0.859247,0.381512,0.502081,424.615478,1.364385,-1.227453,0.141253,0.202378,1.548304,-0.534048,-0.893433,0.448777,0.150359,0.474767,0.274130,1.000505,1.345953,-0.847149,-0.000296
0.139896,0.645506,0.549868,0.400817,0.420697,0.238522,-1.421807,0.346539,0.533993,0.200225,0.320610,0.465240,0.771854,1.419777,0.250143,0.287986,0.518359,0.770774,-1.358504,1.295082,0.899436,-0.618989,-0.891869,0.781097,-1.475241,-0.488906,0.515487,0.257100,-0.801060,-0.859247,0.381512,0.388490,217.420227,1.475938,-1.215296,0.421368,0.241170,0.555831,-0.784832,-1.067707,0.628065,0.193207,0.537066,0.505202,1.000505,1.345953,-0.847149,-0.000296
0.375132,0.545385,0.681500,0.271851,0.230174,0.278684,-1.339521,0.232555,0.533993,0.204276,0.181043,0.318128,0.369822,1.097741,0.166810,0.216289,0.823996,0.770774,-1.226509,1.046286,1.181201,-0.618989,-0.786989,0.781097,-0.427767,-1.142731,0.770312,0.260228,-0.085980,-0.764941,0.291004,0.192151,234.788575,1.375065,-1.065766,0.252717,0.188367,1.445120,-0.784832,-1.051327,0.602030,0.200075,0.414933,0.175852,2.867488,0.600704,-0.582295,0.153423
0.375132,0.751096,0.825780,0.196229,0.269690,0.252619,-0.967573,0.097043,0.404758,0.137202,0.152283,0.213996,0.369822,1.097741,0.186816,0.159291,0.813774,0.522041,-0.948921,0.906751,1.181201,-0.275331,-0.835728,-0.023017,-0.427767,-1.142731,0.770312,0.268073,-0.290301,-0.764941,0.291004,0.144844,296.656480,1.102111,-1.281609,0.054538,0.124423,1.539803,-0.626611,0.074765,0.293987,0.165220,0.454383,0.199211,2.867488,0.600704,-0.039801,0.153423
0.384023,0.926133,0.670044,0.123605,0.286554,0.187424,-1.468680,0.173840,0.039191,0.030205,0.138732,0.174720,0.314370,0.258286,0.123757,0.121369,0.319580,0.384392,-1.523334,0.692694,0.437819,-0.275331,-0.854228,-0.001046,-1.647091,-0.038831,0.770312,0.171589,-0.290301,-0.534733,0.290656,0.117464,303.482756,1.404795,-1.249974,0.019744,0.047088,1.403652,-0.408469,0.639742,0.106210,0.029954,0.351422,0.100559,-0.057576,0.485521,-0.170971,-0.263629
0.412614,0.838141,0.632669,0.181774,0.297984,0.449448,-1.511023,0.234334,0.113241,0.037313,0.458079,0.353006,0.330044,0.354518,0.064844,0.189887,0.508307,0.249980,-1.591466,0.695442,0.756161,-0.393894,-0.943970,0.198017,-1.737846,-0.009790,0.441811,0.370978,-0.290301,-0.381583,0.290656,0.329683,262.979597,1.469228,-1.161072,0.021644,0.038647,1.390933,-0.408469,0.640492,0.149419,0.043663,0.341760,0.103235,1.952609,0.483487,-0.170971,-0.329561
0.703422,0.767690,1.308815,0.156429,0.309778,0.218483,-1.186721,0.145562,0.118681,0.029289,0.445294,0.252495,0.330044,0.354518,0.165028,0.112688,0.404656,-0.159076,-1.164753,0.695442,0.756161,-0.393894,-0.801700,0.218843,-1.494679,-0.002273,0.569118,0.328061,-0.259995,-0.343353,0.234067,0.857169,418.278163,1.297298,-1.142882,0.012971,0.035666,1.760557,-0.341526,0.640492,0.093626,0.032722,0.394499,0.107254,1.952609,0.573841,-0.041372,-0.354321
0.384124,0.862001,1.396133,0.074284,0.350342,0.261170,-1.202282,0.126705,0.114753,0.033637,0.175450,0.235199,0.452516,0.173018,0.264657,0.054901,0.058446,-0.159076,-1.223348,0.837840,0.450126,-0.027834,-0.756064,0.310099,0.038135,-0.014582,0.954231,0.145258,-0.277087,-0.170295,0.198607,0.429650,470.302441,1.321572,-1.427034,0.047236,0.034782,1.643326,-0.328266,0.732893,0.041178,0.026774,0.286529,0.095577,0.183123,0.575557,0.013479,-0.360761
0.573700,0.587981,0.491299,0.018120,0.312272,0.345099,-0.880924,0.092377,0.427297,0.013014,0.048971,0.210686,0.330414,0.170649,0.173210,0.067227,0.011252,0.119108,-0.777784,0.671060,0.343790,-0.136670,-0.731808,-0.384178,0.311290,0.057071,0.727120,0.129898,-0.202217,-0.708637,0.200885,0.185538,167.160459,0.981659,-1.075725,0.014191,0.060834,0.950773,-0.322534,0.361196,0.150380,0.002938,0.588919,0.215601,-0.119333,0.491698,0.063442,-0.220630
0.788443,0.886163,0.733456,0.028819,0.300811,0.183247,-0.858467,0.066112,-0.077679,0.020606,0.035867,0.262776,0.413707,0.171298,0.077505,0.035626,0.018056,0.447757,-0.786537,0.671060,0.398567,-0.195246,-0.722102,-0.295250,0.316202,0.017128,0.727120,0.099705,-0.359712,-0.708637,0.206292,0.337510,232.661446,0.980627,-1.138142,0.025763,0.084488,1.410545,-0.319669,0.745404,0.067292,0.003047,0.572693,0.079383,-0.128645,0.557799,-0.220550,-0.113557
0.197281,0.785141,0.767268,0.332538,0.400193,0.146197,-1.128045,0.335821,1.252117,0.122873,0.130296,0.214214,0.714896,1.196334,0.057405,0.149169,0.313822,0.326974,-1.094755,1.045991,0.704324,-0.314651,-1.002805,0.830238,-0.821732,-0.400440,0.505974,0.139888,-0.359712,-0.484445,0.573729,0.623847,312.709159,1.225052,-1.163250,0.212136,0.171267,1.400129,-0.658817,-1.213872,0.798479,0.133067,0.230239,0.547045,0.248692,0.829792,-0.755476,0.053982
0.026756,0.578476,0.608771,0.444368,0.456830,0.124634,-1.216800,0.278246,1.594088,0.188836,0.217309,0.392852,0.812514,1.196334,0.202781,0.158981,0.346119,0.949245,-1.131565,1.045991,0.704324,-0.582072,-0.964350,0.864161,-0.821732,-0.400440,0.615181,0.326064,-0.087787,-0.622225,0.573729,0.432807,240.349551,1.233722,-1.101675,0.499867,0.351883,1.379057,-0.780170,-1.213872,0.594863,0.219596,0.347233,0.454895,0.248692,0.990397,-0.760655,0.723554
-0.057930,0.148812,0.661561,0.248197,0.498155,0.239186,-1.250740,0.246892,1.594088,0.292736,0.240317,0.584090,0.812514,0.712202,0.278216,0.215999,0.270317,1.135878,-1.213853,0.823274,0.920919,-0.582072,-0.826360,0.279994,0.240973,-1.185080,0.667597,0.411513,0.542894,-0.533341,0.947467,0.281294,215.783418,1.291707,-0.905752,0.239970,0.374058,1.303407,-0.610885,-0.070181,0.190871,0.211606,0.601446,0.307803,0.952884,1.025302,-0.760655,0.723554
0.530069,0.501034,1.475770,0.030448,0.397891,0.110832,-0.894447,0.152186,0.946204,0.021371,0.074939,0.323366,0.517853,0.179383,0.186528,0.059025,0.023581,0.399026,-0.868636,0.661193,0.386017,-0.274998,-0.736252,0.005898,0.265884,0.006222,0.763949,0.138104,-0.313747,-0.508906,0.210372,0.289178,469.260335,1.016293,-1.202244,0.053185,0.053687,1.235459,-0.321080,-0.047186,0.320568,0.003676,0.465273,0.357722,-0.016503,0.825027,0.372917,-0.261596
-0.773002,0.655171,1.399766,0.465065,0.541596,0.173383,-1.015849,0.623126,0.183366,0.157327,0.205171,0.302198,0.902248,0.789156,0.366027,0.259435,0.483676,0.466644,-0.938322,0.865404,1.416335,-0.377440,-0.978985,0.170770,-1.241781,-0.613454,0.763949,0.191843,-0.734793,-0.951651,0.382763,0.279474,545.716978,1.055129,-1.323153,0.144520,0.216650,1.499731,-0.760312,-0.879029,0.520559,0.145691,0.529180,0.290539,1.998653,1.224224,-0.920261,0.188095
-0.773002,0.679489,0.488001,0.482790,0.574921,0.217298,-1.329076,0.497208,1.090644,0.202607,0.387298,0.547465,0.902248,0.789156,0.369223,0.316947,0.560684,1.389343,-1.277605,1.036118,1.416335,-0.730709,-1.091281,0.875564,-1.241781,-0.613454,0.746970,0.257727,-0.734793,-0.951651,0.390492,0.285176,199.327653,1.373100,-1.253793,0.616438,0.293007,1.019432,-0.922102,-1.162045,0.648310,0.168208,0.348355,0.670519,1.998653,1.199202,-0.920261,0.509062
-0.329433,0.372634,0.506303,0.487402,0.630103,0.222189,-1.232425,0.254660,1.090644,0.411663,0.451834,0.357440,0.827077,0.986758,0.313026,0.362894,0.577513,0.840684,-1.196129,1.015320,1.343876,-1.234672,-0.912667,0.807053,-0.278793,-0.699846,0.751827,0.423305,0.554282,-0.925231,1.394891,0.260110,166.534488,1.254852,-1.069828,0.610880,0.407714,1.112973,-0.854851,-0.670784,0.335888,0.358030,0.453596,0.152078,2.070246,1.330514,-0.981385,0.826989
0.124002,0.483879,1.380980,0.034455,0.442968,0.239571,-1.011422,0.257421,0.884588,0.017683,0.166069,0.457227,0.641422,0.177851,0.207895,0.072152,0.033015,0.400377,-0.996227,0.675716,0.444387,-0.292550,-0.675809,-0.005103,0.319268,-0.019190,0.854376,0.158719,-0.376870,-0.864735,0.203523,0.278626,446.477892,1.135798,-1.187039,0.064631,0.062067,1.962152,-0.328719,0.097620,0.301915,0.003172,0.466686,0.381469,-0.070262,0.790642,0.259381,-0.267878
-0.703179,0.669853,1.346405,0.352877,0.556006,0.251209,-1.132645,0.611117,0.220633,0.164244,0.204475,0.308582,0.911186,0.990020,0.436744,0.261589,0.423019,0.400377,-1.103120,0.938325,1.380840,-0.417720,-0.794339,0.383733,-1.234531,-0.684719,0.854376,0.232218,-0.889328,-0.836987,0.414920,0.445263,546.581216,1.215274,-1.409590,0.164685,0.214049,2.027634,-0.688055,-0.896774,0.533695,0.167181,0.575677,0.336519,1.774237,1.498695,-1.011508,0.195867
-0.703179,0.663119,0.488529,0.376075,0.592641,0.296456,-1.319794,0.505820,1.102897,0.217480,0.421533,0.458139,0.911186,0.990020,0.383807,0.347004,0.538937,1.006696,-1.223402,1.031302,1.423196,-0.731573,-1.058646,1.162937,-1.234531,-0.684719,0.701064,0.316784,-0.889328,-0.836987,0.414920,0.324173,197.649420,1.343578,-1.385340,0.633685,0.309998,1.007260,-1.048615,-1.086719,0.635972,0.188550,0.659368,0.709241,1.774237,1.345184,-1.011508,0.524266
-0.460936,0.343705,0.512469,0.273998,0.605058,0.279665,-1.322369,0.309055,1.102897,0.362988,0.403486,0.386809,0.822994,1.684258,0.352399,0.345694,0.661412,1.295644,-1.242784,1.024604,1.485394,-1.204683,-1.212781,0.905352,-0.468751,-0.746010,0.630241,0.459549,0.493028,-0.919689,1.311281,0.180382,171.597983,1.358752,-1.250747,0.581664,0.449500,0.921748,-0.879889,-0.656241,0.344944,0.341581,0.323138,0.175010,2.267860,1.149588,-1.236314,1.116804
0.043153,0.454501,1.545418,0.036146,0.445728,0.179743,-1.033446,0.277200,0.892317,0.021381,0.134765,0.344189,0.609174,0.186334,0.143969,0.123096,0.038068,0.199733,-1.025206,0.687389,0.518274,-0.332925,-1.020309,0.023497,0.310272,-0.030597,0.750526,0.209671,-0.367728,-0.610339,0.212155,0.378568,515.431927,1.156462,-1.352062,0.051156,0.054149,1.262748,-0.327247,0.073332,0.289383,0.004851,0.278816,0.397111,0.001047,0.743348,0.273574,-0.255820
-1.028748,0.659708,1.438519,0.270688,0.554618,0.227762,-1.152168,0.663711,0.177153,0.189656,0.192715,0.171566,0.861140,0.956875,0.355779,0.227636,0.311663,0.407021,-1.176146,0.971131,1.527564,-0.590196,-1.164638,0.205462,-0.652719,-0.651541,0.750526,0.251121,-0.770081,-0.883293,0.379783,0.349577,615.256970,1.235588,-1.270123,0.154577,0.271263,1.601098,-0.820056,-1.133004,0.579131,0.166099,0.610033,0.273417,0.980367,1.167836,-1.050602,0.322713
-1.028748,0.742884,0.476952,0.394495,0.591885,0.267211,-1.072805,0.534975,1.087994,0.218871,0.280725,0.269488,0.861140,0.956875,0.328922,0.269592,0.394705,0.783659,-0.926415,1.141355,1.527564,-0.874259,-1.173455,0.940134,-0.652719,-0.651541,0.757053,0.292529,-0.770081,-0.883293,0.379783,0.485416,202.211181,1.014696,-1.271514,0.633357,0.377982,0.898182,-0.921874,-1.346849,0.702952,0.194563,0.567869,0.696416,0.980367,1.010329,-1.050602,0.665968
-0.314880,0.319169,0.518775,0.539160,0.633092,0.250206,-1.285528,0.249978,1.082794,0.328954,0.546637,0.665191,0.912981,1.028803,0.338416,0.437172,0.761168,1.436295,-1.281075,1.157973,0.990076,-1.315801,-0.952429,0.825603,-0.421229,-2.224258,0.597887,0.611159,0.482325,-0.863190,1.604440,0.551183,174.285267,1.394254,-1.361386,0.607564,0.473757,1.061505,-0.863439,-0.554008,0.316192,0.326326,0.563332,0.129825,3.248367,1.502708,-0.457429,1.051434
0.264638,0.441998,1.397238,0.037473,0.438964,0.251635,-1.031427,0.204621,0.948786,0.034056,0.278165,0.650426,0.680740,0.179277,0.207013,0.141123,0.042230,0.449865,-1.029150,0.684871,0.397209,-0.228553,-0.809820,0.018384,0.298027,-0.440887,0.852448,0.211677,-0.300406,-0.713444,0.214339,0.336709,423.446703,1.153735,-1.483133,0.065627,0.108874,1.051412,-0.336662,0.032537,0.322693,0.003386,0.527412,0.372925,-0.021600,0.830410,0.244013,-0.266129
-1.002584,0.647546,1.447429,0.434974,0.537808,0.264948,-1.119720,0.673351,0.193392,0.163915,0.261381,0.350351,0.829372,0.850437,0.472440,0.265700,0.409882,0.449865,-1.105882,0.986709,1.219400,-0.260005,-1.183619,0.449688,-1.301783,-0.722251,0.852448,0.248608,-0.702850,-0.891017,0.372477,0.343865,532.071271,1.223899,-1.372441,0.145867,0.222420,1.737976,-0.818332,-0.831464,0.517098,0.166784,0.786672,0.276389,1.869870,1.156859,-0.902380,0.235818
-1.002584,0.639786,0.467997,0.434629,0.583746,0.285456,-1.324524,0.571923,1.111338,0.202653,0.438017,0.410366,0.829372,0.850437,0.464975,0.339161,0.548078,0.766513,-1.360062,1.025450,1.219400,-0.637086,-1.196886,1.077161,-1.301783,-0.722251,0.771288,0.275084,-0.702850,-0.891017,0.372477,0.285828,199.573321,1.420558,-1.214638,0.624044,0.296451,0.860184,-0.928701,-1.098235,0.616436,0.183515,0.461970,0.667558,1.869870,1.156859,-0.902380,0.513053
-0.345543,0.380942,0.503310,0.537416,0.657640,0.222245,-1.195589,0.263533,1.111338,0.473605,0.505169,0.464606,0.887604,1.184042,0.300061,0.463748,0.601633,1.033124,-1.172803,1.125825,1.089035,-1.932995,-0.966826,1.048393,-0.383500,-2.739232,0.750467,0.670026,0.629878,-1.010524,1.885073,0.295571,167.858796,1.220290,-1.216467,0.645822,0.479967,1.063025,-0.887101,-0.770931,0.383419,0.386835,0.659264,0.133852,2.280518,1.420273,-0.635587,1.270061
-0.059362,0.483474,1.252715,0.043047,0.471517,0.391422,-1.136565,0.264161,0.987867,0.022800,0.175935,0.519580,0.741739,0.185095,0.266907,0.169511,0.077356,0.267245,-1.164848,0.915876,0.397515,-0.399784,-0.913822,0.101362,0.236743,-0.118654,0.932411,0.229377,-0.329924,-0.905228,0.217950,0.290459,410.077135,1.274408,-1.384901,0.087769,0.097089,2.030911,-0.332430,0.121156,0.292726,0.005164,0.607101,0.407457,-0.030264,0.949503,0.295109,-0.237986
-0.915803,0.608640,1.066085,0.555414,0.551258,0.206332,-1.174041,0.629018,0.300253,0.169445,0.274183,0.369850,0.823811,0.904609,0.475674,0.201067,0.430611,0.589365,-1.135775,0.957011,2.387577,-0.250254,-1.010594,0.653439,-1.760298,-0.665371,0.932411,0.332701,-0.806655,-0.916980,0.391663,0.277734,448.824314,1.279777,-1.402519,0.151888,0.210220,1.896424,-0.819336,-0.703855,0.488803,0.161897,0.714578,0.329895,1.741995,1.415912,-0.988533,0.158468
-0.915803,0.625476,0.489350,0.548518,0.559541,0.245701,-1.308965,0.574609,1.120237,0.190007,0.425820,0.396789,0.823811,0.904609,0.448647,0.370339,0.617915,0.592389,-1.178931,1.110773,2.387577,-0.361564,-0.948454,1.600172,-1.760298,-0.665371,0.728992,0.334152,-0.806655,-0.916980,0.391663,0.426858,205.610011,1.344835,-1.173573,0.602536,0.254710,0.928493,-0.912917,-1.105532,0.563885,0.172134,0.548090,0.719276,1.741995,1.415912,-0.988533,0.260212
-0.519064,0.476298,0.478101,0.645778,0.608420,0.330227,-1.339215,0.314565,1.120237,0.480306,0.527825,0.519951,0.801584,1.410030,0.349422,0.516971,0.820003,0.746212,-1.281149,1.167129,1.304193,-1.430937,-0.914270,1.237142,-1.092841,-1.481221,0.729544,0.728174,0.557018,-0.898671,2.050205,0.229390,164.991273,1.400482,-1.215820,0.608358,0.425861,0.973064,-0.826531,-0.957233,0.457414,0.382831,0.527368,0.155572,3.391600,1.134141,-0.384976,0.921058
-0.226183,0.587338,1.192625,0.050785,0.469763,0.276978,-1.115513,0.299366,0.907158,0.034824,0.233664,0.506063,0.739331,0.185516,0.273869,0.208677,0.080563,-0.032373,-1.033435,0.863127,0.381140,-0.951626,-0.816812,0.074204,0.235572,-0.204581,0.814906,0.413328,-0.239051,-0.749766,0.199824,0.688984,371.942788,1.163858,-1.309346,0.079447,0.131833,1.843532,-0.332150,0.277155,0.256282,0.006632,0.483381,0.353912,-0.108293,0.935860,0.207576,-0.246516
-0.375606,0.679421,1.145232,0.334368,0.558690,0.170349,-1.184410,0.423361,0.446416,0.142498,0.294111,0.408560,0.887371,0.877375,0.429330,0.268733,0.527261,0.273145,-1.141128,1.060020,1.238261,-0.214886,-1.069377,0.867340,-1.714538,-0.755177,0.817993,0.344031,-0.475488,-0.918780,0.320467,0.401467,445.400307,1.274773,-1.298673,0.165116,0.236844,1.912803,-0.515307,-0.765099,0.543347,0.159005,0.515755,0.257913,1.459628,1.379797,-0.900912,0.250506
-0.375606,0.688847,0.587239,0.416648,0.563346,0.178252,-1.264873,0.461303,0.919439,0.154921,0.344875,0.283925,0.887371,0.877375,0.417810,0.412818,0.701616,0.273145,-1.254141,1.189535,1.238261,-0.398686,-1.050741,1.608982,-1.714538,-0.755177,0.817993,0.325714,-0.475488,-0.918780,0.320467,0.390690,241.932961,1.360735,-1.159183,0.583163,0.275779,1.376216,-0.889331,-1.065154,0.694101,0.161829,0.537111,0.518447,1.459628,1.379797,-0.900912,0.250506
-0.357666,0.604626,0.482556,0.630743,0.568822,0.387251,-1.283285,0.309168,0.994084,0.337061,0.480499,0.256309,0.720556,0.591988,0.395298,0.365992,0.654792,0.725902,-1.257315,1.180492,1.208469,-1.048359,-0.923235,1.608982,-0.745044,-0.990579,0.763940,0.538865,0.494887,-1.132677,1.105718,0.498455,155.356214,1.349758,-1.131347,0.579585,0.447300,0.962297,-0.889331,-1.065154,0.668119,0.316375,0.430387,0.135285,2.787153,1.223672,-0.613326,0.930307
-0.357666,0.539281,0.692928,0.365715,0.499670,0.401857,-1.200279,0.269083,0.994084,0.331369,0.365898,0.670870,0.720556,0.591988,0.390153,0.285161,0.552602,0.725902,-1.216358,1.180492,1.208469,-1.048359,-0.928672,0.166314,-0.472673,-0.990579,0.928167,0.554734,0.153379,-1.132677,1.105718,0.392266,219.272429,1.278661,-1.262659,0.173839,0.374068,1.237227,-0.651534,0.369907,0.171799,0.304291,0.437444,0.233848,2.787153,1.223672,-0.378538,0.930307
-0.357666,0.614536,1.107087,0.253127,0.504365,0.399236,-1.200004,0.364262,0.994084,0.231329,0.324686,0.535326,0.720556,0.591988,0.396447,0.210556,0.483686,0.725902,-1.223187,0.943537,1.208469,-0.731015,-0.843514,0.010511,-0.472673,-0.990579,0.928167,0.421092,-0.170865,-1.094773,1.105718,0.318538,469.898788,1.239805,-1.191396,0.097681,0.164271,1.661772,-0.373177,0.369907,0.213024,0.097098,0.439928,0.386447,2.787153,1.223672,-0.378538,0.244158
-0.357666,0.634865,1.115673,0.204197,0.503361,0.399310,-1.113901,0.397206,0.994084,0.090023,0.282976,0.493613,0.720556,0.538984,0.381130,0.175363,0.457941,0.725902,-1.147778,0.943537,1.208469,-0.731015,-0.843167,0.010511,0.188881,-0.784875,0.928167,0.352726,-0.255963,-0.540565,0.295098,0.309902,475.611722,1.212907,-1.286041,0.093497,0.147857,1.702468,-0.373177,0.369907,0.212822,0.050640,0.443844,0.403957,2.787153,1.178752,-0.378538,0.168024
0.269160,0.710511,1.315068,0.061167,0.487986,0.083108,-1.146608,0.273877,0.744480,0.035328,0.165330,0.387040,0.749878,0.232474,0.226047,0.110159,0.038008,0.143280,-1.192557,0.690492,0.650166,-0.002315,-0.869088,-0.003591,0.305165,-0.071881,0.808257,0.115636,-0.276016,-0.537042,0.211516,0.217490,448.519329,1.222917,-1.280416,0.090348,0.073421,1.654999,-0.322867,0.369907,0.182503,0.012968,0.319683,0.300622,-0.083840,1.300367,-0.143207,0.035781
0.428438,0.705047,1.323027,0.055431,0.526718,0.087508,-1.089729,0.265667,0.571956,0.033896,0.155035,0.455983,0.878260,0.246338,0.372705,0.101444,0.046579,0.636078,-1.057258,0.690492,0.911354,-0.172936,-0.878834,-0.092949,0.305165,-0.675618,0.808257,0.182068,-0.325941,-0.537042,0.225820,0.210912,446.214230,1.105421,-1.311308,0.136294,0.128962,1.757789,-0.322867,0.182092,0.194863,0.023303,0.603797,0.262567,0.071455,1.300367,-0.440438,0.136539
-0.358042,0.691062,1.147848,0.493542,0.562651,0.136541,-1.140171,0.453574,0.445362,0.176767,0.382472,0.419566,0.915734,1.232741,0.375040,0.139687,0.502898,0.636078,-1.072000,1.167379,1.738004,-0.172936,-0.878252,1.282529,-1.296762,-0.772920,0.808257,0.386456,-0.325941,-0.730882,0.379264,0.325434,486.266292,1.124568,-1.289588,0.173349,0.255467,1.698302,-0.564963,-0.886874,0.637904,0.148632,0.614061,0.223511,1.414560,1.300367,-0.891857,0.136539
-0.358042,0.671099,0.539886,0.547453,0.550411,0.208140,-1.237749,0.451515,1.114364,0.221342,0.551476,0.403895,0.915734,1.232741,0.357202,0.395913,0.755610,0.636078,-1.128115,1.175058,1.738004,-0.451524,-0.992555,1.627623,-1.296762,-0.772920,0.670330,0.355761,-0.325941,-1.141716,0.379264,0.521628,222.614734,1.259952,-1.279509,0.599923,0.335861,1.161784,-0.950202,-1.224789,0.558745,0.187060,0.642660,0.508222,1.414560,1.300367,-0.891857,0.491228
-0.210006,0.310644,0.533270,0.251487,0.513640,0.246323,-1.209096,0.198122,1.286155,0.264946,0.343591,0.356531,0.704551,1.071406,0.320870,0.300704,0.350273,0.531793,-1.066552,0.835835,0.704461,-0.497671,-1.250058,0.750854,-0.783426,-0.401117,0.644239,0.342412,0.754984,-1.141716,0.725871,0.482427,185.037794,1.125299,-1.044343,0.487872,0.358873,1.062353,-0.693292,-0.610991,0.298880,0.279228,0.487599,0.140415,0.699394,0.831882,-0.991805,0.782878
0.222735,0.557544,1.356551,0.043079,0.431737,0.211917,-0.982156,0.203291,1.029791,0.022911,0.183212,0.356611,0.515170,0.178197,0.187936,0.101313,0.056827,-0.018034,-0.919870,0.678194,0.459177,-0.248243,-0.800411,0.086604,0.099188,-0.264693,0.796263,0.160570,-0.229973,-0.637016,0.220716,0.448295,422.539843,1.105410,-1.231482,0.039397,0.048736,1.624186,-0.328103,0.184977,0.286498,0.003599,0.642804,0.400445,0.022400,0.775680,0.266815,-0.244502
-1.304903,0.703296,1.247553,0.678078,0.561409,0.255956,-1.089305,0.681345,0.360129,0.151018,0.245272,0.261234,0.879575,0.537640,0.334892,0.278047,0.405100,0.036291,-1.052963,0.954245,2.411415,-0.471068,-1.189581,0.291998,-1.750180,-0.769540,0.796263,0.353504,-0.542682,-1.089974,0.220716,0.626479,470.910907,1.192322,-1.327801,0.137363,0.232778,1.706523,-0.503635,-1.082296,0.586791,0.090436,0.530669,0.251477,1.629779,1.287337,-1.156995,0.329770
-1.304903,0.860026,0.489468,0.692135,0.579843,0.355715,-1.273783,0.674618,1.155481,0.167210,0.341166,0.415450,0.879575,0.537640,0.354266,0.335269,0.542202,0.413738,-1.249839,1.234148,2.411415,-0.471068,-1.112377,1.147089,-1.750180,-0.769540,0.836394,0.342441,-0.542682,-1.089974,0.404574,0.298156,203.227405,1.349365,-1.155319,0.622008,0.269394,1.029810,-1.031923,-1.634004,0.728158,0.135759,0.422715,0.624262,1.629779,1.287337,-1.159759,0.329770
-0.378535,0.367754,0.502352,0.622979,0.652824,0.368762,-1.266460,0.255730,1.263377,0.288869,0.430978,0.459963,0.916735,1.005072,0.417523,0.324627,0.548815,1.468413,-1.205583,1.216754,1.123550,-1.364699,-0.847240,1.147089,-0.489209,-2.024822,0.711370,0.574045,0.446944,-1.116178,0.980295,0.378234,168.855604,1.258638,-1.224573,0.655451,0.558637,0.974763,-0.883376,-0.959371,0.427277,0.340932,0.324703,0.244413,1.405478,1.190256,-1.170652,1.316898
0.167005,0.498428,1.772649,0.073676,0.455386,0.293370,-1.049769,0.226185,1.099876,0.036267,0.215737,0.501565,0.654563,0.177544,0.184010,0.143681,0.045029,0.288312,-1.074087,0.698292,0.556201,-0.221368,-0.788399,-0.049434,0.242250,-0.724493,0.853122,0.301398,-0.446281,-0.791405,0.210788,0.269349,555.918382,1.190865,-1.204750,0.054601,0.098380,1.834819,-0.323331,0.114150,0.323912,0.003456,0.434264,0.426496,-0.051321,0.841047,0.012195,-0.232974
-0.996935,0.652388,1.629302,0.479679,0.555679,0.252638,-1.224029,0.645024,0.285701,0.159849,0.224502,0.406767,0.895299,0.956489,0.409738,0.180471,0.435586,0.399993,-1.188125,0.776169,1.776840,-0.293137,-0.897716,0.437171,-1.607000,-0.596773,0.853122,0.307140,-1.060163,-0.878546,0.408049,0.608767,661.930047,1.315927,-1.369653,0.139074,0.152257,1.777932,-0.819735,-0.581403,0.427736,0.168149,0.659325,0.397624,2.362360,1.526719,-0.905972,0.012106
-0.996935,0.609009,0.485018,0.517678,0.570279,0.305619,-1.372558,0.571606,1.102704,0.183076,0.381481,0.539947,0.895299,0.956489,0.381479,0.308943,0.602660,0.933941,-1.298476,0.971555,1.776840,-0.384189,-0.890481,1.557421,-1.607000,-0.596773,0.674987,0.259357,-1.060163,-0.878546,0.408049,0.725203,210.255105,1.435333,-1.507763,0.617456,0.182130,0.921898,-0.953867,-1.096583,0.615620,0.179242,1.039508,0.801323,2.362360,1.526719,-0.914713,0.012106
-0.692938,0.457530,0.491751,0.632317,0.683255,0.402215,-1.270226,0.332689,1.102704,0.540874,0.653872,0.430592,0.908715,2.040689,0.500316,0.667270,0.736442,1.431373,-1.124057,1.401435,1.642256,-1.535506,-0.879627,1.476208,-0.834220,-2.026466,0.569681,0.853589,0.478919,-1.376144,2.526043,0.462633,168.564694,1.272891,-1.352679,0.693983,0.565669,0.904807,-0.953867,-0.999129,0.505935,0.450962,1.404887,0.191908,2.971414,1.057340,-0.645882,1.390035
-0.346382,0.502963,1.536086,0.078437,0.488342,0.356350,-1.093198,0.299368,1.026293,0.046527,0.456514,0.531333,0.860037,0.186916,0.350959,0.370363,0.128141,0.883024,-1.088949,1.225977,0.449750,-1.425244,-0.729318,0.325268,0.139316,-0.660415,0.843680,0.645267,-0.450515,-0.961186,0.209014,0.466382,484.174013,1.182317,-1.235423,0.095358,0.203797,1.315522,-0.331568,0.145526,0.311646,0.007618,0.879366,0.449115,0.104495,0.704964,0.165640,-0.211968
-1.265234,0.686523,1.435736,0.327927,0.568296,0.307276,-1.021517,0.717950,0.420960,0.174124,0.234922,0.374590,0.895469,0.886839,0.463705,0.282715,0.410570,0.740279,-0.979530,1.026507,1.631360,-0.350768,-1.097673,0.129555,-0.956829,-0.743794,0.843680,0.290244,-0.848058,-1.243460,0.291862,0.428500,567.790150,1.067605,-1.319360,0.159253,0.228987,1.714877,-0.957019,-0.838539,0.553093,0.165309,0.791594,0.354375,2.408840,1.338244,-0.914979,0.217977
-1.265234,0.648708,0.512680,0.393539,0.621894,0.262135,-1.319756,0.668519,0.879177,0.222594,0.386308,0.442879,0.895469,0.886839,0.461053,0.329014,0.481302,1.061640,-1.306582,1.092192,1.631360,-0.745440,-1.108762,1.064722,-0.956829,-0.743794,0.864624,0.305596,-0.848058,-1.243460,0.435086,0.454752,222.622995,1.395299,-1.348373,0.663413,0.318217,0.817459,-1.026014,-1.101071,0.645328,0.184568,0.716941,0.629176,2.408840,1.338244,-0.914979,0.618387
-0.473593,0.399946,0.529658,0.610800,0.691760,0.304181,-1.290367,0.311493,0.899108,0.380476,0.673234,0.416036,0.902598,1.724837,0.379942,0.525700,0.547992,1.227063,-1.230904,1.327495,1.621583,-1.431542,-0.839643,1.064722,-0.360765,-1.605877,0.836878,0.792514,0.351086,-0.877633,1.658670,0.391914,191.683178,1.349304,-1.413703,0.686193,0.518335,1.032065,-0.950673,-0.754700,0.423770,0.420794,0.495240,0.159115,2.053194,1.392914,-0.586303,1.545989
-0.130868,0.395846,1.559735,0.071467,0.473735,0.309954,-1.289562,0.314964,0.859824,0.021550,0.365626,0.506461,0.793602,0.177184,0.219030,0.244126,0.042207,0.416869,-1.285143,1.104397,0.412905,-1.032216,-0.933463,0.227047,0.239219,-0.304279,0.744236,0.431171,-0.577525,-0.664763,0.199010,0.289553,509.859233,1.322504,-1.521565,0.108607,0.104806,1.057512,-0.318565,0.020934,0.299142,0.003951,1.415118,0.444006,-0.050317,0.486978,0.050039,-0.260888
-1.178283,0.633073,1.808601,0.682881,0.538571,0.217182,-1.363151,0.725079,0.135181,0.189172,0.215889,0.273655,1.023139,0.955101,0.475110,0.295909,0.559901,0.274229,-1.358407,1.077570,2.133507,-0.690283,-1.060890,-0.027098,-1.590932,-0.758763,0.747763,0.348933,-0.923701,-1.170187,0.370560,0.412390,729.510920,1.374000,-1.292506,0.173369,0.244744,1.884210,-0.986882,-1.048347,0.568492,0.164029,1.558253,0.322126,2.571754,1.500944,-1.092815,0.336051
-1.178283,0.763956,0.574586,0.739915,0.548165,0.371064,-1.274434,0.561317,1.003896,0.223229,0.400999,0.483434,1.023139,0.955101,0.410317,0.359011,0.640275,1.215354,-1.135236,1.137263,2.133507,-1.151441,-0.986655,0.963617,-1.590932,-0.758763,0.804585,0.349424,-0.923701,-1.170187,0.434198,0.596291,232.812124,1.221846,-1.289365,0.583939,0.397602,1.266384,-1.002190,-1.331501,0.691086,0.224331,0.700346,0.667204,2.571754,1.147205,-1.092815,1.010428
-0.614721,0.343156,0.599692,0.380647,0.592172,0.251061,-1.380943,0.312948,1.013465,0.373955,0.527989,0.675031,0.885074,1.947141,0.299236,0.485863,0.589640,1.570456,-1.358947,1.154950,1.584343,-1.400525,-1.099138,0.454993,-0.480020,-2.975454,0.579302,0.629840,0.454245,-1.164060,1.945903,0.809559,204.240860,1.444163,-1.202513,0.455379,0.426578,1.292146,-0.840269,-0.171581,0.331459,0.357573,0.484144,0.165552,1.497923,1.238569,-0.711158,1.010428
0.448985,0.314881,1.160606,0.047696,0.392297,0.181440,-0.938308,0.214264,0.862274,0.017155,0.092425,0.383029,0.536641,0.175238,0.201451,0.055761,0.038710,0.448315,-0.915552,0.692289,0.422324,-0.388351,-0.775949,-0.020545,0.282603,-0.057655,0.653416,0.160028,-0.334848,-0.579015,0.202872,0.365716,371.666726,1.059402,-1.433209,0.038504,0.057142,1.648332,-0.325782,-0.171581,0.281527,0.002314,0.422247,0.306554,-0.032989,0.655608,0.327948,-0.225378
0.226818,0.518478,0.887878,0.435563,0.470667,0.252798,-1.280443,0.337888,0.383725,0.111903,0.146445,0.303747,0.771926,1.181716,0.403127,0.201082,0.421122,0.569539,-1.210995,1.164820,0.794667,-0.281203,-0.891205,0.605066,-1.076755,-0.604449,0.649729,0.257969,-0.652064,-0.841195,0.396442,0.189938,360.144647,1.343149,-1.398062,0.170596,0.221385,1.660951,-0.642601,-0.830703,0.478128,0.160302,0.689099,0.265543,0.821340,1.342719,-0.824032,0.014575
0.226818,0.549663,0.495837,0.544868,0.386801,0.293399,-1.387735,0.339636,0.735073,0.220990,0.266289,0.319207,0.771926,1.181716,0.345511,0.331873,0.496654,0.683724,-1.352557,1.164820,0.794667,-0.381991,-1.143655,1.106187,-1.076755,-0.604449,0.631067,0.263361,-0.652064,-0.841195,0.396442,0.245158,211.466366,1.433682,-1.210410,0.415931,0.264711,0.951144,-0.802335,-0.876733,0.558859,0.216278,0.677575,0.528367,0.821340,1.342719,-0.824032,0.014575
0.283066,0.549180,0.704153,0.408144,0.252914,0.327869,-1.161129,0.298752,0.735073,0.213241,0.175486,0.322078,0.318793,1.324084,0.156761,0.257891,1.009275,0.463755,-1.101387,0.925982,1.270598,-0.546342,-0.838415,1.084291,-0.620832,-0.528722,0.664818,0.325315,-0.239754,-0.779911,0.401499,0.186900,229.865087,1.193528,-1.148585,0.257850,0.166115,1.466798,-0.802335,-0.848097,0.592807,0.227935,0.356820,0.327152,2.694685,0.475665,-0.519215,-0.008399
0.311420,0.881420,1.013597,0.097249,0.311819,0.247779,-0.936061,0.081483,0.206994,0.020697,0.127766,0.297156,0.354093,0.225341,0.143051,0.094752,0.196401,0.462479,-0.884109,0.786404,0.511453,-0.546342,-0.815030,-0.060174,0.333836,-0.528722,0.664818,0.280357,-0.242270,-0.419635,0.350672,0.212563,319.346767,1.049843,-1.210664,0.021028,0.058051,1.484560,-0.409368,0.482896,0.145084,0.011909,0.482763,0.098052,0.102622,0.482662,-0.106061,-0.113762
0.311420,0.767267,0.809314,0.362805,0.373076,0.389487,-1.312564,0.131721,0.955629,0.058753,0.245540,0.237529,0.515222,0.421072,0.091055,0.101866,0.183064,0.050573,-1.192678,0.896558,0.590598,-0.264166,-0.833396,0.517919,-0.574602,-0.244927,0.655683,0.262681,-0.242270,-0.751199,0.495897,0.220659,331.097350,1.368098,-1.264493,0.072219,0.155381,1.523976,-0.409471,-0.778756,0.553586,0.046747,0.657754,0.371573,-0.010550,0.504653,-0.787683,0.069712
0.473627,0.568947,0.700630,0.328791,0.311606,0.474030,-1.241787,0.073873,0.970213,0.108291,0.278978,0.189272,0.515222,0.421072,0.089046,0.119100,0.240245,0.050573,-1.150131,0.919609,0.590598,-0.114723,-0.975669,0.517919,-1.097676,-0.244927,0.495072,0.293696,-0.188416,-0.970606,0.495897,0.305484,290.479908,1.283279,-1.177081,0.284282,0.211285,1.368646,-0.604204,-0.784548,0.629841,0.074070,0.839594,0.412413,-0.010550,0.504653,-0.787683,0.195913
0.038178,0.280503,0.573101,0.354554,0.283284,0.359962,-1.151652,0.204384,0.970213,0.208883,0.535000,0.322427,0.710696,1.187926,0.235563,0.390430,0.581629,0.511825,-1.140412,0.942668,0.591375,-0.795173,-1.047901,0.517919,-1.097676,-0.896434,0.598343,0.351672,0.603510,-0.970606,0.584704,0.247093,207.279706,1.260718,-1.247540,0.311685,0.256242,1.169961,-0.706846,-0.784548,0.263020,0.211547,0.410114,0.104887,2.182900,0.785761,-0.371322,0.468552
0.038178,0.162941,0.549443,0.300239,0.358267,0.297691,-1.145273,0.202808,0.878944,0.159728,0.448944,0.517291,0.710696,1.187926,0.313138,0.374637,0.517460,0.511825,-1.073462,0.942668,0.591375,-0.795173,-0.920783,0.164984,-0.607944,-0.896434,0.788260,0.445879,0.230273,-0.792074,0.584704,0.448925,196.367400,1.219214,-1.246152,0.148516,0.234376,1.101757,-0.706846,-0.165312,0.220035,0.201219,0.582421,0.184982,2.182900,0.785761,-0.371322,0.468552
0.384058,0.786250,0.765119,0.028089,0.284911,0.104615,-0.915573,0.032591,0.468447,0.012773,0.058140,0.261548,0.315564,0.168385,0.119017,0.046491,0.012546,0.190989,-0.858093,0.667441,0.367649,-0.151689,-0.788526,-0.284703,0.329875,0.047652,0.617833,0.133488,-0.087793,-0.580904,0.201330,0.182136,255.124466,1.018730,-1.248883,0.017655,0.054425,1.371299,-0.319749,0.360942,0.206570,0.001720,0.414788,0.145189,-0.065366,0.397797,0.098502,-0.215119
0.465049,1.079334,0.888583,0.017355,0.318745,0.210496,-0.893016,0.094613,0.040666,0.020471,0.026933,0.338726,0.394157,0.169523,0.110700,0.031454,0.014861,0.368160,-0.840084,0.665712,0.498526,-0.097258,-0.797725,-0.300451,0.324023,0.041067,0.661108,0.050422,-0.304323,-0.498562,0.203547,0.204935,289.916441,0.989626,-1.311562,0.019149,0.068657,1.359490,-0.321863,1.041928,0.010406,0.001846,0.331925,0.080138,-0.093611,0.406601,-0.083985,-0.208060
0.506890,0.848601,0.838322,0.263391,0.402813,0.133487,-1.254078,0.178274,1.126172,0.103764,0.169374,0.155626,0.682279,0.812836,0.083037,0.142729,0.314426,0.364197,-1.175288,0.942501,0.726528,-0.286603,-1.087461,0.695723,-0.853025,-0.388530,0.473986,0.142805,-0.304323,-0.721412,0.543066,0.347945,346.879474,1.321011,-1.162895,0.217745,0.162187,1.403753,-0.657008,-1.064111,0.840832,0.115024,0.349438,0.508417,0.744096,0.663446,-0.671558,0.025336
0.216568,0.538032,0.482000,0.306127,0.395550,0.161180,-1.305594,0.223549,1.393982,0.152857,0.277933,0.304101,0.682279,0.812836,0.151005,0.153943,0.340039,0.970627,-1.212356,0.942501,0.726528,-0.625944,-1.077649,0.709869,-0.853025,-0.388530,0.612441,0.255647,0.078300,-0.721412,0.543066,0.337536,205.858009,1.321542,-1.234970,0.436606,0.262069,1.031813,-0.712568,-1.064111,0.566144,0.180418,0.362692,0.377592,0.744096,1.054124,-0.657985,0.340353
-0.051792,0.192973,0.519399,0.155609,0.485985,0.153210,-1.301791,0.184870,1.393982,0.198098,0.186671,0.462775,0.672871,0.621257,0.220884,0.122164,0.266919,0.970627,-1.240696,0.878854,0.726140,-0.520566,-0.964437,0.019145,0.199787,-0.272541,0.739065,0.341160,0.623140,-0.581333,0.711668,0.176398,170.476135,1.349980,-1.180722,0.179331,0.271806,1.064697,-0.534817,0.014961,0.175737,0.170668,0.477426,0.232992,0.747113,1.054124,-0.879230,0.568030
0.325367,0.430183,1.548376,0.039093,0.414826,0.269242,-1.094989,0.172423,1.026273,0.021523,0.070942,0.454764,0.503987,0.188300,0.208044,0.070730,0.034236,0.644441,-1.062110,0.659601,0.459637,-0.208013,-0.748807,0.019145,0.318997,-0.045482,0.787604,0.150800,-0.425474,-0.611789,0.234020,0.191503,488.490367,1.237127,-1.278296,0.045354,0.039207,1.929887,-0.325418,0.017946,0.309000,0.005011,0.462720,0.413364,-0.107862,0.824125,0.328800,-0.232448
-1.202202,0.628851,1.286547,0.337197,0.516194,0.286391,-1.159281,0.733928,0.290497,0.167871,0.178300,0.253775,0.832778,0.831417,0.378138,0.225408,0.363880,0.536808,-1.067449,0.963311,1.750985,-0.450859,-1.048165,0.263594,-1.008379,-0.453038,0.859266,0.204184,-0.729592,-0.775784,0.289466,0.464853,512.517948,1.196026,-1.291228,0.149035,0.222879,1.901987,-0.931151,-0.914462,0.545357,0.153013,0.583576,0.311179,1.772650,1.090180,-0.849909,0.269450
-1.202202,0.663254,0.478884,0.370068,0.539198,0.253701,-1.322164,0.610429,0.983373,0.193170,0.356204,0.457596,0.832778,0.831417,0.346836,0.295634,0.433169,1.289186,-1.296176,1.083442,1.750985,-0.694344,-1.091960,0.837610,-1.008379,-0.453038,0.859266,0.243192,-0.729592,-0.775784,0.388049,0.258113,198.930516,1.350196,-1.376572,0.576456,0.282524,0.945117,-0.982759,-1.157152,0.611774,0.171314,0.517753,0.625765,1.772650,0.752262,-0.849909,0.274515
-0.473569,0.448587,0.501108,0.454030,0.575342,0.196951,-1.400140,0.269166,0.983373,0.340649,0.393911,0.347380,0.756631,1.058871,0.276639,0.343517,0.592885,0.565976,-1.319515,1.007965,1.072558,-1.416798,-0.942942,0.739527,-0.172684,-1.400312,0.605624,0.440620,0.517392,-0.926323,1.705476,0.314283,166.062435,1.395077,-1.321081,0.554390,0.357648,1.139323,-0.821164,-0.598595,0.329664,0.309648,0.372391,0.112365,1.783601,1.066200,-0.368208,0.864903
-0.044134,0.592450,1.274687,0.074860,0.459831,0.201075,-1.139930,0.279240,0.919061,0.027083,0.109511,0.436993,0.649662,0.190267,0.207678,0.114229,0.069612,0.464722,-1.083361,0.777501,0.427129,-0.406156,-0.821045,0.169533,0.169795,0.008984,0.782405,0.260263,-0.377961,-0.926323,0.229776,0.541590,403.013201,1.212439,-1.532550,0.056501,0.088696,1.067387,-0.323848,0.236390,0.263668,0.005086,0.849809,0.409583,0.126898,0.545449,-0.047655,-0.262789
-1.009686,0.690361,1.145827,0.484563,0.571842,0.285909,-1.133673,0.650877,0.246291,0.171929,0.340212,0.269795,0.918191,0.983766,0.455314,0.295206,0.453319,0.464722,-1.036093,1.020410,1.467718,-0.398747,-0.860389,0.237898,-1.224958,-0.895653,0.782405,0.316724,-0.957046,-1.079630,0.355665,0.490836,482.459355,1.183867,-1.628479,0.158398,0.263999,1.393186,-0.911942,-0.813782,0.544806,0.177170,0.988492,0.348754,1.690446,1.254798,-0.992208,0.433174
-1.009686,0.627912,0.498047,0.489270,0.578859,0.375329,-1.432286,0.589446,0.849351,0.216258,0.543861,0.331801,0.918191,0.983766,0.429720,0.375733,0.514339,0.848578,-1.361077,1.139692,1.528856,-0.904668,-0.901572,1.036480,-1.224958,-0.895653,0.748450,0.330259,-0.957046,-1.079630,0.439300,0.272549,206.152948,1.483793,-1.611633,0.616722,0.325556,0.881150,-1.031920,-1.124022,0.582883,0.190694,0.924453,0.658737,1.690446,1.254798,-0.992208,0.433174
-0.525338,0.428612,0.585945,0.415135,0.568540,0.228737,-1.389587,0.306843,0.849351,0.372264,0.450436,0.409231,0.820595,1.133910,0.454743,0.329878,0.507215,0.947431,-1.304288,0.929068,1.545455,-1.003614,-1.041398,0.818574,-0.373396,-1.560086,0.885894,0.484210,0.405427,-0.757010,1.605470,0.339988,204.865654,1.345894,-1.315283,0.555501,0.380303,1.224558,-0.892901,-0.726748,0.388574,0.292317,0.427675,0.127037,2.021189,0.978552,-0.524949,0.599330
-0.138780,0.567741,1.678651,0.053413,0.485468,0.235500,-1.314253,0.310955,0.812824,0.034159,0.146018,0.545671,0.708062,0.189203,0.252884,0.123537,0.058721,0.467474,-1.283214,0.674752,0.504759,-0.731063,-0.790844,-0.023242,0.304022,-0.050821,0.885894,0.282339,-0.510045,-0.763745,0.207427,0.264382,537.187107,1.387316,-1.362691,0.065832,0.099072,1.909361,-0.324926,0.214215,0.268590,0.006309,0.514307,0.402471,-0.054967,0.597690,0.278578,-0.291035
-0.940554,0.687916,1.461852,0.294477,0.560072,0.305234,-1.321403,0.652696,0.164566,0.157086,0.158640,0.292482,0.830520,0.931775,0.447910,0.119394,0.299131,0.526248,-1.308443,1.085253,1.350491,-0.328006,-0.998861,0.260419,-0.430262,-0.720631,0.838365,0.208205,-0.882077,-0.936217,0.327646,0.342075,591.560331,1.396386,-1.287284,0.159122,0.178007,1.898565,-0.867246,-0.953995,0.594590,0.163593,0.632748,0.298442,1.423374,1.050232,-0.899674,0.024273
-0.940554,0.708682,0.485269,0.432204,0.528508,0.308921,-1.398514,0.571858,1.005760,0.173410,0.371589,0.406611,0.830520,0.931775,0.451407,0.202004,0.367452,1.066171,-1.336755,1.085253,1.350491,-0.710978,-1.060051,1.149146,-0.443937,-0.720631,0.771376,0.198260,-0.882077,-0.936217,0.356506,0.328769,205.315515,1.431858,-1.276003,0.569917,0.206057,0.990599,-0.952053,-1.202741,0.610614,0.185266,0.489248,0.676767,1.423374,0.986535,-0.899674,0.082706
-0.513433,0.520967,0.492433,0.358911,0.549528,0.164674,-1.395113,0.281800,1.005760,0.442883,0.489352,0.387508,0.777214,1.180498,0.377011,0.331414,0.571015,0.887185,-1.371921,1.005016,1.586326,-1.591025,-1.096929,0.936111,-0.281055,-1.282466,0.785984,0.539262,0.446594,-0.741580,1.928631,0.253203,175.370796,1.419053,-1.270233,0.538222,0.351987,1.096567,-0.842603,-0.679281,0.359411,0.329348,0.658214,0.116096,1.658938,1.561096,-0.448754,0.758573
-0.003043,0.793404,1.283465,0.064230,0.462056,0.173848,-1.127373,0.285031,0.864024,0.038345,0.190894,0.398844,0.603669,0.181003,0.131992,0.157779,0.062940,0.270226,-1.103051,0.712503,0.397436,-0.271620,-0.885168,0.145318,0.271517,-0.062086,0.785984,0.334297,-0.509396,-0.631381,0.215784,0.278637,415.587608,1.202301,-1.311539,0.060787,0.109596,2.001168,-0.330958,0.378787,0.267039,0.004804,0.478803,0.440681,0.179807,0.923978,0.201434,-0.154745
-0.730498,0.768993,1.225511,0.328838,0.572510,0.179984,-1.213478,0.586250,0.126070,0.160296,0.264195,0.260592,0.817205,0.841073,0.409765,0.248231,0.442942,0.423033,-1.225031,0.977990,1.047699,-0.395405,-1.086208,0.494420,-1.354201,-0.623314,0.717020,0.281902,-0.845231,-0.976888,0.289698,0.489279,501.391714,1.314027,-1.460277,0.162254,0.211268,2.054560,-0.744206,-0.777638,0.610416,0.157515,0.551078,0.281628,1.236547,1.232605,-0.930515,0.130443
-0.730498,0.622057,0.480778,0.407558,0.555313,0.292958,-1.254694,0.516381,1.019945,0.209133,0.428371,0.354479,0.817205,0.841073,0.403194,0.314506,0.567679,0.779749,-1.133522,0.991742,1.047699,-0.869370,-1.023055,1.199858,-1.354201,-0.623314,0.780490,0.319683,-0.845231,-0.976888,0.289698,0.287409,205.498015,1.282976,-1.313813,0.598691,0.306636,0.885927,-0.898832,-1.057107,0.595583,0.199417,0.504913,0.654821,1.236547,0.846918,-0.930515,0.930752
-0.479304,0.323736,0.517813,0.547267,0.624690,0.311193,-1.224861,0.272306,1.195121,0.345887,0.502361,0.469663,0.878351,1.032997,0.358408,0.369784,0.522762,1.256461,-1.168451,1.191661,1.108710,-1.153025,-1.080645,1.185749,0.058544,-1.203761,0.579562,0.476120,0.509433,-0.922313,1.525139,0.297191,178.325674,1.266811,-1.244659,0.582905,0.474576,1.135463,-0.840025,-0.509430,0.328602,0.350290,0.440243,0.205423,1.547602,1.141611,-1.259653,1.201719
0.193911,0.461750,1.250074,0.037036,0.445710,0.212743,-1.097934,0.246944,1.025411,0.020170,0.210847,0.476669,0.570867,0.190323,0.182198,0.116395,0.044480,0.286762,-1.045889,0.667739,0.483356,-0.429561,-0.752005,-0.041037,0.321677,-0.288907,0.811138,0.223221,-0.410458,-0.650606,0.207380,0.519852,410.060743,1.205279,-1.241330,0.048076,0.050956,1.270245,-0.327569,0.063363,0.315755,0.005796,0.463632,0.415411,0.059520,0.832627,0.306745,-0.252051
-0.804970,0.631594,1.260450,0.431150,0.558017,0.235235,-1.330533,0.633969,0.220372,0.175543,0.240997,0.266803,0.898983,0.899654,0.383601,0.197542,0.400539,0.417201,-1.255825,0.986042,1.780939,-0.374853,-0.887216,0.544184,-1.461560,-0.658136,0.811138,0.272569,-0.870978,-0.894969,0.378258,0.515739,516.376566,1.398495,-1.263757,0.153402,0.238655,1.833499,-0.829412,-0.841876,0.509473,0.157237,0.769931,0.325387,1.509707,1.512301,-1.044187,0.277732
-0.804970,0.617574,0.480281,0.538218,0.521264,0.295613,-1.390508,0.536317,0.946929,0.196567,0.454242,0.400646,0.898983,0.899654,0.349936,0.354069,0.624698,0.881339,-1.330115,1.178722,1.780939,-0.604945,-0.800881,1.575803,-1.461560,-0.658136,0.666184,0.246537,-0.870978,-0.894969,0.378258,0.471632,203.526270,1.441218,-1.229441,0.560054,0.294674,0.902316,-0.931208,-1.123933,0.545456,0.174507,0.651690,0.669464,1.509707,1.285224,-1.044187,0.277732
-0.314933,0.452610,0.553312,0.536921,0.488821,0.334569,-1.277619,0.269905,0.933636,0.298684,0.580141,0.559484,0.745894,1.033842,0.433633,0.401688,0.809747,0.801166,-1.274317,0.938026,1.425709,-0.804791,-1.054106,1.323440,-0.886054,-0.590398,0.750075,0.534154,0.444212,-0.823371,1.169475,0.354743,198.624853,1.308061,-1.278269,0.462000,0.328862,1.084792,-0.733202,-0.539257,0.303084,0.266597,0.265881,0.105496,2.456346,1.228474,-1.002212,0.723973
-0.006430,0.792533,1.268600,0.087371,0.440304,0.250758,-1.295807,0.268501,0.782417,0.035726,0.204717,0.590627,0.490493,0.177872,0.093646,0.179483,0.043512,0.151749,-1.205200,0.684376,0.466861,-0.272251,-0.831001,0.138726,0.318244,-0.082089,0.750075,0.226135,-0.213536,-0.616180,0.202382,0.339366,402.838412,1.245310,-1.401095,0.022223,0.083556,1.647227,-0.321724,0.414087,0.224595,0.004406,0.374971,0.303144,-0.099465,0.732397,0.283228,-0.190682
-0.954525,0.789291,1.294866,0.889135,0.547812,0.276989,-1.287303,0.543402,0.156689,0.125944,0.352366,0.427131,0.837147,1.014894,0.321711,0.299057,0.419422,0.151749,-1.276348,1.029473,2.708274,-0.028656,-1.254792,0.869554,-1.496262,-0.593097,0.824414,0.307215,-0.668706,-0.701224,0.198553,0.198754,509.665053,1.325350,-1.422097,0.119582,0.230015,1.751397,-0.711636,-0.827931,0.555007,0.147100,0.535480,0.239488,2.295247,1.149522,-0.987596,0.228780
-0.954525,0.711980,0.626600,0.835214,0.584600,0.422526,-1.304200,0.541659,1.025734,0.179237,0.503045,0.601980,0.837147,1.014894,0.337623,0.400334,0.603714,0.447694,-1.198273,1.120436,2.708274,-0.429547,-1.250117,1.347668,-1.496262,-0.593097,0.824414,0.266832,-0.668706,-0.701224,0.373179,0.354818,257.700335,1.275430,-1.340085,0.623927,0.295657,1.515652,-0.928510,-1.269425,0.699005,0.161549,0.459361,0.614616,2.295247,1.149522,-1.013301,0.324552
-0.285310,0.421227,0.494544,0.482776,0.610328,0.358766,-1.267727,0.273439,1.316633,0.245578,0.347997,0.366890,0.788115,1.097567,0.407242,0.467843,0.785144,0.788467,-1.230226,1.119077,1.384355,-1.250706,-1.212079,0.796553,-0.870645,-1.016209,0.736458,0.499935,0.697960,-1.074099,0.478246,0.362909,164.895153,1.288187,-1.199966,0.611611,0.436385,0.885407,-0.870902,-0.804271,0.399740,0.355005,0.336396,0.167260,3.637969,0.980939,-0.756143,0.925156
0.174480,0.500997,1.312389,0.064828,0.468473,0.341168,-1.149490,0.275797,1.019198,0.031011,0.099685,0.336403,0.614082,0.179568,0.130857,0.106317,0.043654,0.062591,-1.093317,0.673926,0.557487,-0.239884,-0.772976,-0.067405,0.287197,-0.141155,0.770356,0.155173,-0.283168,-0.649432,0.212832,0.200669,439.739340,1.240628,-1.209214,0.041355,0.071825,1.738550,-0.329047,0.204247,0.224243,0.005308,0.387416,0.390244,-0.092532,0.829008,0.147645,-0.255248
-0.720999,0.622344,1.156128,0.438252,0.529635,0.330675,-1.245591,0.566065,0.349306,0.183695,0.298078,0.259920,0.831004,0.931039,0.414600,0.227114,0.570008,0.144122,-1.245880,1.176176,1.539721,-0.088208,-0.913149,1.355312,-1.728413,-0.839053,0.807699,0.375093,-0.653542,-0.670999,0.327779,0.463942,484.082037,1.332540,-1.271024,0.188083,0.249155,1.740346,-0.780891,-1.010884,0.586693,0.158416,0.622147,0.299755,1.385033,1.455807,-0.996257,0.170777
-0.720999,0.569006,0.562436,0.519585,0.493086,0.254236,-1.318960,0.481054,0.961703,0.241708,0.414873,0.347218,0.831004,0.931039,0.385892,0.397058,0.769942,0.347003,-1.238967,1.176176,1.539721,-0.641009,-1.109651,1.755130,-1.728413,-0.839053,0.807699,0.353953,-0.653542,-0.848966,0.327779,0.399731,232.853094,1.350835,-1.281067,0.548291,0.357892,1.316696,-0.893449,-1.089133,0.530191,0.228099,0.623695,0.596298,1.385033,1.268828,-0.996257,0.535191
-0.112164,0.282191,0.820093,0.391410,0.508372,0.476900,-1.390749,0.208402,1.027173,0.385914,0.445217,0.663022,0.860540,1.063983,0.399157,0.495212,0.843513,0.936426,-1.374782,0.935554,1.282756,-0.828661,-1.120405,1.290136,-1.043994,-2.825014,0.771299,0.695374,0.471803,-1.006680,1.238524,0.324643,272.470922,1.466319,-1.190626,0.456641,0.326216,1.562338,-0.717299,-0.298453,0.206377,0.287803,0.544318,0.138730,2.885819,1.092777,-0.398969,0.535191
0.350786,0.579424,1.312036,0.040315,0.415464,0.195433,-1.032903,0.162056,0.905449,0.021282,0.168910,0.384054,0.506257,0.176312,0.174641,0.109425,0.044093,-0.085592,-1.013746,0.672983,0.500401,-0.140864,-0.799111,0.055426,0.093783,-0.355958,0.771299,0.197577,-0.315645,-0.653912,0.214298,0.244039,451.279515,1.159858,-1.247578,0.042329,0.053595,1.837974,-0.336165,0.160715,0.292616,0.002988,0.612409,0.346723,0.007559,0.744221,0.173615,-0.291311
-1.579398,0.725212,1.116574,0.691147,0.546310,0.232951,-1.074292,0.705208,0.297493,0.131092,0.224489,0.267600,0.893405,0.549829,0.331342,0.294940,0.405511,-0.011651,-1.037327,0.945947,2.345989,-0.394711,-1.184582,0.324320,-1.225526,-0.851651,0.726333,0.286984,-0.682946,-1.018544,0.214298,0.205954,478.445551,1.223916,-1.268894,0.145593,0.262332,1.726688,-0.306869,-1.170307,0.604470,0.080012,0.736163,0.274008,1.483123,1.354426,-1.202457,0.347115
-1.612478,0.932415,0.484095,0.692792,0.545281,0.356393,-1.315221,0.795324,1.324878,0.145289,0.342628,0.532436,0.893405,0.549829,0.360179,0.329637,0.490393,0.646034,-1.245342,1.228913,2.345989,-0.566602,-1.376195,0.905640,-1.225526,-0.851651,0.759931,0.366224,-0.682946,-1.018544,0.205280,0.408017,204.556702,1.406238,-1.225933,0.592831,0.281363,0.920479,-1.116100,-1.625959,0.742537,0.124608,0.502514,0.728243,1.483123,1.281326,-1.202457,0.347115
-0.454765,0.430296,0.503727,0.504506,0.614605,0.288700,-1.312130,0.239073,1.320091,0.371663,0.532398,0.407410,0.893029,1.075390,0.418748,0.386332,0.555236,0.839285,-1.211447,1.154995,1.478921,-1.480926,-1.393352,0.820666,-0.133467,-1.044209,0.731702,0.554992,0.667884,-1.210287,1.686118,0.309630,169.737003,1.348368,-1.289442,0.612477,0.475187,1.053375,-0.913153,-0.946646,0.456153,0.300807,0.741921,0.168121,2.385472,1.686165,-0.516637,1.218316
0.139227,0.454513,1.146813,0.045909,0.444115,0.272673,-1.293296,0.246556,1.099109,0.026197,0.156473,0.666249,0.668308,0.185606,0.197072,0.111742,0.048413,0.667106,-1.208583,0.695956,0.424105,-0.178919,-1.031496,0.047844,0.288655,-0.314899,0.847975,0.284496,-0.337430,-0.712530,0.217178,0.257218,372.082882,1.334606,-1.358138,0.067732,0.093264,1.065831,-0.327700,0.058771,0.328230,0.004761,0.385674,0.416735,-0.021721,0.646801,0.139133,-0.190012
-1.643927,0.667087,1.258415,0.736061,0.535710,0.291330,-1.420678,0.841576,0.324420,0.186099,0.320277,0.444142,0.915519,1.051155,0.490166,0.297523,0.507413,0.667106,-1.350896,0.995430,1.939093,-0.410236,-1.265945,0.766959,-2.018985,-0.995392,0.920978,0.369735,-0.982587,-1.023765,0.232062,0.248354,503.468869,1.422487,-1.499024,0.154379,0.254349,1.708190,-1.014900,-0.866226,0.510056,0.183928,0.694778,0.396623,2.603881,1.455702,-0.999712,0.660561
-1.643927,0.667662,0.482079,0.744311,0.601673,0.435898,-1.418853,0.753647,1.128438,0.248331,0.535112,0.683580,0.915519,1.051155,0.462004,0.417502,0.652591,1.221698,-1.372683,1.083522,1.939093,-0.813893,-1.155630,1.441851,-2.018985,-0.995392,0.920978,0.371805,-0.982587,-1.023765,0.469241,0.431833,212.420962,1.426332,-1.457668,0.640691,0.361453,1.013104,-1.146281,-1.145609,0.674384,0.224919,0.651911,0.772996,2.603881,1.455702,-0.999712,0.984848
-0.529377,0.367314,0.577980,0.520162,0.688010,0.314809,-1.285899,0.303017,1.290810,0.516727,0.683640,0.658368,0.871402,2.193141,0.316812,0.585821,0.682586,1.221698,-1.180753,1.343734,1.874692,-1.796004,-1.088050,0.957546,-0.496398,-4.132236,0.831585,0.790594,0.727611,-1.278560,1.863139,0.680819,196.082640,1.317659,-1.457133,0.661576,0.524031,1.285220,-0.968163,-0.739941,0.395627,0.408765,0.589882,0.148380,1.363624,1.247078,-0.679804,1.496483
-0.047952,0.396892,1.531511,0.057842,0.456752,0.224511,-1.039112,0.255877,1.290810,0.033977,0.381551,0.592307,0.812465,0.174859,0.340491,0.214826,0.061066,0.660083,-1.002214,0.869630,0.436756,-0.446414,-0.778177,0.195885,0.195022,-0.230202,0.993914,0.348198,-0.415804,-1.232113,0.201518,0.352499,453.844032,1.148250,-1.194111,0.118869,0.104068,1.910181,-0.338590,-0.118872,0.390215,0.003039,0.511006,0.509499,0.150987,0.858411,-0.003248,-0.260658
-1.154050,0.644981,1.456749,0.450991,0.535701,0.313185,-1.179268,0.700865,0.439270,0.159534,0.243530,0.255196,0.885075,0.784017,0.481983,0.255443,0.459118,0.354893,-1.113340,1.004894,1.641396,-0.393242,-1.054085,0.310850,-1.340850,-0.676055,0.993914,0.236924,-0.870831,-1.035335,0.271660,0.392999,563.249087,1.221520,-1.272870,0.164214,0.215050,1.743022,-0.889858,-0.731592,0.505548,0.150539,0.709114,0.363805,1.780238,1.628198,-0.912419,0.286370
-1.154050,0.642999,0.553111,0.469643,0.582510,0.385976,-1.310818,0.642810,0.991589,0.194210,0.441586,0.462382,0.885075,0.784017,0.421838,0.302567,0.540018,1.214324,-1.285679,1.057710,1.641396,-0.775615,-1.046034,0.901078,-1.340850,-0.676055,0.766660,0.276926,-0.870831,-1.035335,0.431639,0.315319,230.741000,1.357104,-1.320846,0.625012,0.280765,1.317928,-0.960355,-1.056863,0.632210,0.169993,0.717465,0.663906,1.780238,1.628198,-0.912419,0.380356
-0.460960,0.397508,0.595711,0.496748,0.654251,0.240892,-1.362122,0.327437,1.089588,0.375734,0.543064,0.430512,0.828028,1.949121,0.355351,0.510591,0.693074,0.938971,-1.320251,1.250137,1.705569,-1.797131,-0.969789,0.889004,-0.575685,-2.286623,0.583550,0.704580,0.499400,-0.975164,1.524646,0.388277,196.814440,1.448201,-1.430986,0.638799,0.466717,1.373879,-0.914589,-0.742809,0.381610,0.401156,0.749347,0.147303,1.662149,1.294957,-0.632346,1.433454
-0.065629,0.471757,1.137306,0.067843,0.458929,0.235630,-1.090834,0.283344,1.015952,0.031636,0.226146,0.506988,0.731769,0.180394,0.190901,0.147212,0.049271,0.456374,-1.027095,0.922199,0.466472,-0.428840,-0.768844,0.223775,0.272818,-0.080965,0.742572,0.326250,-0.464930,-0.975164,0.207882,0.385589,366.812972,1.165485,-1.387687,0.081266,0.107081,1.397627,-0.328581,0.074450,0.302892,0.004712,0.402776,0.427120,0.016082,0.656599,0.099598,-0.221322
-1.636255,0.702517,1.315654,0.544667,0.559290,0.206323,-1.081416,0.881206,0.162816,0.197968,0.316546,0.323031,0.941428,0.776086,0.403786,0.220391,0.431760,0.496990,-1.066990,1.145441,2.099029,-0.945450,-0.981526,-0.146307,-1.094468,-0.964439,0.742572,0.436904,-0.903322,-1.003566,0.221787,0.241749,545.872445,1.122771,-1.245225,0.163474,0.287199,1.622252,-0.760290,-1.351547,0.675730,0.104993,0.722975,0.321268,1.569364,1.424371,-1.019770,0.377548
-1.636255,0.895285,0.615986,0.650146,0.537424,0.398624,-1.345239,0.752761,1.190094,0.206289,0.440491,0.546371,0.941428,0.776086,0.353305,0.269695,0.536589,1.347971,-1.343076,1.145441,2.099029,-1.026050,-0.953602,1.103547,-1.094468,-0.801673,0.789794,0.467934,-0.903322,-1.003566,0.309491,0.442631,258.638471,1.418521,-1.213388,0.570001,0.353898,1.378053,-1.060377,-1.657786,0.701514,0.144200,0.517048,0.708169,1.569364,0.950107,-1.019770,0.721767
-0.529665,0.275417,0.717089,0.367909,0.558395,0.363963,-1.553635,0.306691,0.926206,0.386416,0.575992,0.576923,0.846643,1.686177,0.335394,0.485487,0.669993,1.210537,-1.629478,1.010809,1.596585,-1.357820,-1.157959,0.838070,-0.536095,-2.515162,0.765361,0.580008,0.319515,-0.852011,2.238992,0.685949,245.223443,1.471694,-1.342825,0.458565,0.447854,1.526838,-0.966391,-0.017952,0.258316,0.328182,0.514546,0.139405,1.138357,1.367630,-0.788797,0.818793
0.369078,0.451032,0.969389,0.055472,0.389665,0.189140,-1.201847,0.136107,0.565925,0.015555,0.143569,0.384263,0.514135,0.174085,0.181596,0.104369,0.032651,0.415170,-1.097211,0.710732,0.430253,-0.340783,-0.742810,0.028880,0.280348,-0.073743,0.801427,0.186796,-0.453530,-0.535757,0.206507,0.344654,321.421192,1.133914,-1.262902,0.048446,0.047850,1.492869,-0.326913,-0.017952,0.318777,0.003095,0.466778,0.271271,-0.013273,0.754833,0.290467,-0.197310
0.451129,0.642492,0.874193,0.472629,0.474267,0.129188,-1.295445,0.230451,0.504247,0.102191,0.246998,0.342544,0.825096,1.351204,0.344753,0.252505,0.508714,0.781899,-1.257856,1.205376,0.967768,-0.499563,-0.876910,1.027479,-1.350345,-0.501506,0.801427,0.212590,-0.645639,-0.681142,0.530231,0.276507,355.756033,1.355748,-1.338523,0.253503,0.238205,1.484352,-0.725260,-0.815230,0.614170,0.185309,0.512354,0.303311,0.845660,1.281935,-0.847518,0.034172
0.098029,0.458413,0.510927,0.696445,0.316474,0.368356,-1.278593,0.293347,0.747796,0.211123,0.398645,0.372196,0.825096,1.351204,0.158952,0.397832,0.875147,0.804582,-1.227962,1.205376,1.532880,-0.524045,-0.881128,1.243275,-1.350345,-0.501506,0.676276,0.232761,-0.609176,-0.699995,0.530231,0.561451,210.544162,1.295923,-1.208850,0.364963,0.233123,1.123116,-0.771752,-0.815230,0.484489,0.288554,0.505121,0.406365,1.558846,0.569796,-0.847518,-0.073800
0.098029,0.927819,0.591533,0.301322,0.290751,0.099335,-0.943458,0.035640,0.637992,0.032810,0.185721,0.235234,0.358865,0.382308,0.093963,0.213126,0.316210,0.583592,-0.896867,0.699409,0.412404,-0.457928,-0.752191,0.006906,0.068607,-0.273198,0.562586,0.221561,-0.159549,-0.665104,0.484526,0.133220,203.941303,1.082252,-0.981232,0.022860,0.077781,1.142717,-0.612526,0.467198,0.225717,0.054233,0.414176,0.240357,1.558846,0.569796,0.059969,-0.140169
0.200394,1.149359,0.583770,0.012800,0.295455,0.148683,-0.823732,0.059422,0.084169,0.012481,0.020408,0.124329,0.329992,0.167442,0.037175,0.024005,0.010069,0.214294,-0.771292,0.646463,0.392105,-0.123845,-0.718167,-0.127723,0.349786,0.017844,0.485148,0.050397,-0.188337,-0.358811,0.203694,0.126205,193.454982,0.946585,-1.086684,0.016015,0.036655,1.000891,-0.317165,1.068556,0.021172,0.001020,0.139014,0.056616,-0.094131,0.528686,-0.129750,-0.341917
0.283483,0.809107,0.583415,0.349649,0.338056,0.319774,-1.169334,0.139736,1.017311,0.045096,0.225377,0.228458,0.422073,0.309761,0.042205,0.104537,0.126821,0.035210,-1.109588,0.781899,0.455545,-0.123845,-0.733595,0.207417,-0.475036,-0.113257,0.458072,0.167946,-0.163162,-0.773982,0.414182,0.238061,234.251706,1.187107,-1.096495,0.051823,0.100651,1.167830,-0.393922,-0.516290,0.536564,0.030421,0.360392,0.388355,0.095532,0.538479,-0.622770,-0.087363
0.227768,0.405827,0.535637,0.322082,0.253843,0.217867,-1.267232,0.129761,1.039000,0.083418,0.183839,0.235893,0.422073,0.319912,0.048170,0.123773,0.184509,0.078079,-1.215975,0.788623,0.455545,-0.024561,-0.749089,0.207417,-0.784723,-0.113257,0.532925,0.137923,0.114099,-1.030462,0.414182,0.445670,223.935745,1.281094,-1.104560,0.232836,0.157444,0.977571,-0.481909,-0.529412,0.490952,0.058629,0.338560,0.290444,0.095532,0.538479,-0.622770,0.089178
0.019580,0.124036,0.603356,0.375872,0.298751,0.137359,-1.044157,0.169325,1.013963,0.115118,0.427477,0.299460,0.614731,1.432899,0.240129,0.445575,1.108511,0.443181,-0.974945,0.912589,1.171073,-0.882276,-0.881285,0.275735,-0.820321,-0.697330,0.532925,0.434485,0.697156,-1.030462,0.321686,0.581828,204.133159,1.093447,-1.171798,0.299976,0.164838,1.252043,-0.537744,-0.450346,0.159156,0.211559,0.563459,0.095453,4.719155,0.690124,-0.605944,0.262332
0.019580,0.115991,0.540942,0.374410,0.434923,0.252488,-0.886020,0.266882,0.901246,0.097309,0.427185,0.616016,0.614731,1.432899,0.239075,0.419832,1.098225,0.443181,-0.866835,0.912589,1.171073,-0.882276,-0.762656,0.275735,-0.820321,-0.697330,0.500897,0.522496,0.306376,-0.686949,0.320221,0.380224,186.234694,1.004521,-1.065239,0.104069,0.181467,1.125962,-0.537744,-0.134516,0.139468,0.202576,0.357817,0.185508,4.719155,0.690124,-0.605944,0.262332
