feat_3,feat_12,feat_33,feat_155,feat_187,feat_245,feat_37,feat_5,feat_19,feat_180,feat_185,feat_255,feat_189,feat_149,feat_230,feat_175,feat_145,feat_254,feat_39,feat_169,feat_164,feat_213,feat_107,feat_194,feat_163,feat_198,feat_229,feat_205,feat_18,feat_223,feat_139,feat_25,feat_36,feat_40,feat_127,feat_190,feat_210,feat_28,feat_158,feat_13,feat_15,feat_150,feat_250,feat_20,feat_144,feat_239,feat_218,feat_209
0.376975,1.108188,0.285776,0.000320,0.378344,0.007334,-0.831960,0.020857,-0.577161,0.016425,0.000997,0.004870,0.379580,1.051804,0.018063,0.117022,0.050523,-0.250043,-0.957446,-0.644515,0.017003,-0.024871,-1.193842,-0.359843,0.013129,2.212354,-0.225108,0.046716,-0.659164,-0.115520,-1.494447,0.042466,164.303009,0.733946,-1.542541,0.000745,0.036214,1.188324,-0.367407,1.090361,0.008715,0.029368,0.012295,0.019819,-2.300455,-0.919536,-0.009169,-1.417421
0.397348,1.073689,0.260955,0.000710,0.378322,0.009784,-0.778787,0.023293,-0.574695,0.016425,0.000698,0.006085,0.379038,0.590999,0.018063,0.117022,0.050523,-0.236579,-0.930035,-0.140353,0.017308,-0.023933,-1.184070,-0.366316,0.014850,1.347876,0.058304,0.046716,-0.657305,-0.113599,-0.759879,0.051140,158.022397,0.710052,-1.548088,0.000365,0.036214,1.161355,-0.364274,1.049983,0.010865,0.029368,0.005188,0.015872,-1.507719,-0.329823,-0.010979,-0.849208
0.434049,1.032256,0.208033,0.000878,0.376000,0.006052,-1.061766,0.021155,-0.579440,0.013143,0.001154,0.016472,0.379114,0.110070,0.014454,0.093641,0.040429,-0.253051,-1.080782,0.363587,0.019019,-0.025820,-1.128572,-0.355325,0.013978,0.483780,0.341591,0.037382,-0.661373,-0.115147,-0.025635,0.026497,112.846680,1.049085,-1.418321,0.001814,0.028978,1.109294,-0.365480,1.003048,0.013009,0.023501,0.009243,0.016675,-0.715332,0.259631,-0.008280,-0.281246
0.427203,1.047355,0.209543,0.000593,0.369951,0.009611,-0.867262,0.015169,-0.555607,0.000819,0.004665,0.016204,0.373457,-0.127911,0.010017,0.002727,0.000759,-0.208232,-0.967159,0.543202,0.015871,-0.026379,-1.017503,-0.355278,0.014296,0.177562,0.443495,0.002450,-0.613054,-0.115105,0.244105,0.043185,115.544682,0.791048,-1.519731,0.001065,0.005967,0.989042,-0.363775,1.029536,0.008606,0.000704,0.081303,0.013523,-0.438056,0.239244,0.017255,-0.060250
-0.403636,0.753902,3.445099,0.122532,0.684697,0.376608,-1.282346,0.711727,0.145950,0.110256,0.187884,0.186423,1.123502,1.234660,0.465811,0.185613,0.150061,-0.013090,-1.217819,0.631611,0.417805,-0.949626,-1.643020,0.805803,-0.933775,-0.545099,1.114336,0.229556,-0.906399,-0.469327,0.416051,0.534193,920.106222,1.164713,-1.571849,0.200764,0.240760,2.047475,-0.672137,-0.867572,0.548927,0.231187,0.286875,0.268183,0.489840,0.522145,-1.174784,0.270775
-0.403636,0.681360,0.759008,0.225951,0.701828,0.286970,-1.306091,0.584921,1.407335,0.163844,0.281938,0.234668,1.123502,1.234660,0.520652,0.246144,0.169071,0.221653,-1.166042,0.685650,0.933240,-0.949626,-1.683587,0.805803,-0.933775,-0.545099,1.129286,0.223375,-0.906399,-0.262661,0.435708,1.132780,315.492699,1.160263,-1.722574,0.743829,0.299883,0.972384,-1.006242,-1.173003,0.709247,0.214443,0.205939,0.863674,0.489840,0.522145,-1.174784,0.270775
-0.222435,0.502285,1.053603,0.449424,0.731097,0.361608,-1.305014,0.408424,1.407335,0.343331,0.295073,0.488746,1.049477,1.431565,0.608255,0.397416,0.420134,1.760739,-1.316162,0.805254,0.933240,-0.956894,-1.740952,1.103114,-1.109889,-1.053452,1.117721,0.483394,0.623420,-1.391449,1.956741,0.319669,350.871185,1.187232,-1.787082,0.765987,0.404051,1.700736,-1.006242,-1.132426,0.574795,0.460247,0.663100,0.212263,1.624841,1.149641,-1.190047,1.142579
-0.222435,0.577514,2.914326,0.348473,0.663125,0.340494,-1.167086,0.415956,1.054188,0.089146,0.192408,0.602195,1.049477,1.431565,0.619458,0.294314,0.356210,1.760739,-1.045278,0.805254,0.532374,-0.956894,-1.396545,1.103114,-0.877328,-1.053452,1.300383,0.208131,-0.797266,-1.391449,0.404939,0.380373,789.832292,1.000908,-1.562130,0.171904,0.458828,1.938601,-0.429153,0.171806,0.293359,0.241593,0.827268,0.561915,1.624841,0.793601,-1.190047,1.142579
-0.990178,0.686309,2.705745,0.209832,0.762692,0.658715,-1.311081,0.629834,0.609158,0.152199,0.277476,0.642497,1.105046,1.375043,0.626029,0.312132,0.196177,0.365563,-0.910791,0.593379,0.063625,-1.059295,-1.553094,0.251594,-0.978284,-0.903613,1.300383,0.227907,-1.128569,-1.200499,0.626241,0.961708,931.887534,0.747344,-1.650669,0.218405,0.392367,2.158520,-1.085374,-0.823027,0.502416,0.275890,0.996631,0.552344,0.650579,1.313409,-1.385344,0.754271
-0.990178,0.773070,0.882321,0.211023,0.807157,0.635890,-1.487277,0.697909,1.196700,0.182682,0.375645,0.800179,1.105046,1.375043,0.607803,0.331996,0.193014,0.639007,-1.541056,0.803450,1.190820,-1.059295,-1.668595,0.658549,-0.978284,-0.903613,1.229341,0.264434,-1.128569,-0.551367,0.626241,1.053592,366.649873,1.418171,-1.683698,0.843133,0.371019,0.867844,-1.085374,-1.315437,0.815911,0.282673,0.916129,0.859430,0.650579,1.313409,-1.385344,0.754271
-0.039876,0.627719,1.087198,0.563694,0.840689,0.388931,-1.040887,0.439960,1.196700,0.389235,0.367397,0.659786,1.196033,1.226647,0.676392,0.413429,0.475900,2.028506,-1.042107,0.756182,1.190820,-1.480002,-1.544261,1.514053,-1.373097,-1.056997,1.229341,0.593351,0.246330,-1.275690,2.314130,0.267153,337.298925,1.062943,-1.976623,0.884142,0.504761,1.611220,-1.062674,-1.300407,0.711526,0.490172,0.578927,0.275222,1.967351,1.612360,-1.611295,1.344543
-0.039876,0.579169,3.397983,0.503243,0.733334,0.410044,-1.175628,0.355781,0.729319,0.291144,0.363052,0.925554,1.196033,1.226647,0.726166,0.434876,0.403772,2.028506,-1.109441,0.756182,0.368668,-1.480002,-1.447744,1.514053,-1.373097,-1.056997,1.747980,0.324919,-0.920407,-1.276076,2.314130,0.268441,863.544007,1.192555,-1.700970,0.204180,0.538724,2.201749,-0.429474,0.184921,0.265423,0.346279,0.725195,0.471806,1.967351,1.612360,-1.611295,1.344543
-0.958159,0.657687,2.818087,0.322135,0.776694,0.713663,-1.225756,0.608281,0.440723,0.175230,0.353903,0.877517,1.206309,1.355067,0.716890,0.337660,0.218822,1.601955,-0.911694,0.578685,0.245484,-1.020799,-1.420153,0.622426,-1.330961,-1.031847,1.747980,0.287511,-1.194485,-1.276076,0.435473,0.908734,909.313502,0.789625,-1.628720,0.232108,0.429108,2.490802,-1.132947,-0.879260,0.543431,0.338171,1.089439,0.524133,0.585664,1.530358,-1.454649,1.090612
-0.958159,0.707037,0.641278,0.322506,0.839870,0.722024,-1.538448,0.707022,1.273518,0.217384,0.406764,0.962935,1.206309,1.355067,0.730599,0.334754,0.212843,1.601955,-1.640315,0.796135,0.990134,-1.020799,-1.600390,0.330877,-1.330961,-1.031847,1.402985,0.321704,-1.194485,-0.545727,0.435473,0.984003,294.633307,1.466964,-1.568145,0.892736,0.448685,1.718757,-1.132947,-1.135339,0.743558,0.335328,1.020624,0.917795,0.585664,1.530358,-1.454649,1.986560
-0.412339,0.574725,1.654625,0.595255,0.865118,0.343449,-1.114566,0.581140,1.273518,0.418067,0.424966,0.746265,1.157751,2.502983,0.766648,0.465651,0.600923,2.428224,-1.133709,0.953241,0.990134,-0.979874,-1.766787,1.819038,-1.284101,-1.051550,1.402985,0.572029,0.261679,-0.990677,2.544914,0.327934,433.347539,1.012342,-1.922381,0.910369,0.650760,1.981356,-1.090611,-1.043548,0.617397,0.553683,0.805312,0.301872,1.804205,2.125237,-2.798605,1.986560
-0.412339,0.546560,3.090202,0.524868,0.723569,0.409852,-1.160781,0.480309,0.719064,0.285780,0.321557,0.976634,1.157751,2.502983,0.749473,0.452859,0.533887,2.428224,-1.098543,0.953241,0.314402,-0.979874,-1.339713,1.819038,-1.284101,-1.051550,1.904406,0.259979,-1.040130,-1.245490,2.544914,0.387384,829.360153,1.000021,-1.512425,0.203804,0.611340,1.607689,-0.539502,0.165643,0.238466,0.437227,0.808922,0.540699,1.804205,1.920930,-2.798605,1.231614
-1.045615,0.648167,2.947918,0.280876,0.756065,0.652112,-1.465004,0.682056,0.240331,0.181882,0.337031,0.981671,1.160677,1.665807,0.746859,0.413288,0.236967,1.522867,-1.429232,0.738837,0.221103,-1.071668,-1.583496,0.035483,-1.182633,-1.039527,1.904406,0.272013,-1.247328,-1.245490,0.731867,1.247038,979.877898,1.205681,-1.754763,0.247455,0.399322,2.001240,-1.242991,-1.036345,0.561296,0.355043,1.403927,0.465364,0.801219,2.013905,-1.441796,0.862140
-1.045615,0.675454,0.657306,0.309375,0.816468,0.883231,-1.319692,0.702191,0.875099,0.254595,0.520554,1.238779,1.160677,1.665807,0.699851,0.431462,0.241954,1.638037,-1.177452,0.738837,1.314890,-1.071668,-1.827662,-0.092965,-1.182633,-1.039527,1.343214,0.373500,-1.247328,-0.365094,0.731867,1.230689,278.663826,1.015042,-1.894378,0.874081,0.382167,0.943925,-1.242991,-1.246623,0.729181,0.380500,1.373653,0.829257,0.801219,2.013905,-1.493065,0.862140
-0.114625,0.525185,1.967709,0.310931,0.789645,0.783079,-1.196419,0.416221,0.875099,0.299318,0.438462,0.623510,1.194286,2.357463,0.668640,0.856885,0.556678,1.989685,-1.203745,0.986522,1.314890,-1.169409,-1.797886,3.601984,-1.024453,-1.058067,1.280344,0.569225,0.344097,-1.000781,3.277925,0.413583,540.010616,1.213280,-1.924342,0.827066,0.766601,1.570810,-1.057558,-0.690758,0.450075,0.482100,0.792731,0.165131,2.241520,1.790616,-1.616154,1.976819
-0.114625,0.527569,3.984295,0.223742,0.640646,0.720510,-1.327733,0.280332,0.860723,0.121560,0.275554,1.098956,1.194286,2.357463,0.604531,0.485971,0.461392,1.989685,-1.177787,0.986522,0.615716,-1.169409,-1.397041,3.601984,-1.024453,-1.058067,1.482801,0.354791,-0.808629,-1.013681,0.398868,0.451299,1047.379538,1.112744,-1.645188,0.208032,0.703396,1.683168,-0.891687,0.062882,0.272983,0.354128,0.749720,0.485248,2.241520,0.519294,-1.002436,1.976819
-1.365542,0.592080,2.912544,0.344788,0.693783,0.762717,-1.347012,0.692113,0.298628,0.177580,0.275352,0.859889,1.011163,1.162210,0.621808,0.389231,0.192884,0.869140,-1.150410,0.606902,0.240626,-0.562663,-1.816643,-0.380738,-1.119975,-0.847518,1.482801,0.195176,-0.980400,-1.013681,0.495863,0.542298,1030.516293,1.104908,-1.753455,0.199381,0.348978,2.098143,-1.044708,-0.863332,0.494338,0.229125,0.775840,0.391741,0.456313,0.938672,-1.002436,0.699061
-1.365542,0.588699,0.615062,0.357348,0.737582,0.715300,-1.390783,0.767060,1.060431,0.242696,0.408514,0.904067,1.011163,1.162210,0.538032,0.549986,0.265565,0.869140,-1.435187,0.682322,1.652339,-0.562663,-1.924428,1.288773,-1.119975,-0.847518,1.065954,0.290920,-0.980400,-0.331324,0.495863,1.120922,319.587488,1.329344,-1.853271,0.788556,0.363271,0.780251,-1.095960,-1.143908,0.625045,0.264654,0.547352,0.758381,0.456313,0.938672,-1.251142,0.752618
0.146325,0.557263,1.479199,0.336818,0.799604,0.622907,-1.086304,0.305632,1.060431,0.326627,0.498576,0.914459,1.084154,1.879851,0.432579,1.039597,0.440342,2.986223,-1.093427,1.045374,1.652339,-0.931493,-1.532700,2.692884,-0.524152,-1.071283,0.847011,0.550149,0.263435,-1.351365,1.889397,0.256082,388.455971,1.117946,-2.009059,0.837396,0.752535,2.001970,-1.046166,-0.929178,0.556987,0.494022,0.619259,0.200497,0.675297,1.020155,-2.084716,1.976174
0.146325,0.648142,4.691847,0.300759,0.663994,0.824135,-1.126496,0.212624,0.721179,0.167798,0.496859,1.161155,1.084154,1.879851,0.503732,0.752806,0.220465,2.986223,-0.589385,1.045374,0.623070,-0.931493,-1.440473,2.692884,-0.524152,-1.071283,1.212621,0.262678,-0.929735,-1.351365,1.889397,0.796705,1191.023236,0.595307,-1.640927,0.180804,0.658461,1.669944,-0.598837,0.200243,0.270082,0.334189,0.413556,0.481859,0.675297,0.777471,-1.743666,1.976174
-1.607688,0.688707,4.772902,0.236345,0.718077,0.913407,-1.528959,0.788487,0.239059,0.168423,0.289385,0.806388,1.092040,1.287832,0.590063,0.389031,0.219029,1.165155,-1.542939,0.645350,0.152151,-0.521847,-1.472998,0.224337,-1.530579,-0.934098,1.212621,0.260722,-1.114500,-0.991115,0.373414,0.726307,1537.295278,1.348288,-1.626632,0.199468,0.295980,2.047622,-1.027698,-0.681817,0.470122,0.257527,1.219471,0.440169,0.582601,1.276385,-1.630166,0.634571
-1.607688,0.643845,1.890688,0.275140,0.776560,0.607918,-1.444917,0.799952,1.190375,0.226883,0.339710,1.090501,1.092040,1.287832,0.643267,0.356605,0.215409,1.165155,-1.426183,0.713770,1.489174,-0.521847,-1.854865,0.869549,-1.530579,-0.934098,1.380718,0.310627,-1.114500,-0.570341,0.373414,1.356005,644.915626,1.304805,-1.454328,0.819256,0.332339,0.998007,-1.145186,-1.043769,0.706210,0.260228,1.184058,0.835385,0.582601,1.276385,-1.630166,0.634571
-0.079547,0.557774,1.202880,0.499568,0.829284,0.501126,-1.222722,0.332832,1.190375,0.380495,0.493776,0.908760,1.159094,1.649024,0.683677,0.584469,0.439541,3.135863,-1.139654,1.058281,1.489174,-1.344428,-1.703505,2.413137,-0.912026,-1.070668,1.371825,0.557823,0.194397,-1.512514,3.419501,0.228123,348.787165,1.160541,-1.840855,0.870677,0.547077,1.845144,-1.145186,-0.977381,0.596392,0.488449,0.536988,0.280200,1.645786,1.227658,-1.477174,1.769904
-0.079547,0.548455,2.832958,0.467691,0.727415,0.679121,-1.232478,0.325169,0.712714,0.273708,0.506929,1.019339,1.159094,1.649024,0.644574,0.577408,0.337532,3.135863,-1.063081,1.058281,0.223158,-1.344428,-1.625987,2.413137,-0.912026,-1.070668,1.483393,0.252689,-0.995619,-1.512514,3.419501,0.332789,736.356671,1.007384,-1.410543,0.205760,0.507705,1.197109,-0.553824,0.182467,0.225517,0.375718,0.574079,0.511499,1.645786,1.227658,-1.186348,1.769904
-1.183885,0.585884,2.498819,0.260421,0.771175,1.103536,-1.383711,0.654260,0.228171,0.162265,0.468390,0.704768,1.191463,1.253490,0.603346,0.386212,0.232241,0.950233,-1.139093,0.612856,0.365112,-0.870310,-1.554240,0.767996,-1.096451,-1.030905,1.483393,0.257651,-1.254045,-1.176623,0.511668,1.006270,856.408139,1.051394,-1.695044,0.226978,0.343875,2.279267,-1.085558,-0.805591,0.461430,0.298222,1.198586,0.458445,0.651671,1.834390,-1.803738,0.684964
-1.183885,0.640956,0.881700,0.270346,0.847979,1.127471,-1.407139,0.755084,0.996235,0.204434,0.431770,0.905772,1.191463,1.253490,0.650918,0.424089,0.265527,0.950233,-1.391131,0.809577,1.014192,-0.870310,-1.539328,1.161942,-1.096451,-1.030905,1.323984,0.312647,-1.254045,-0.491638,0.511668,1.436418,387.833401,1.254920,-1.681822,0.893564,0.424775,2.080450,-1.190503,-1.156742,0.691656,0.298534,1.198571,0.841576,0.651671,1.834390,-1.803738,0.684964
-0.116135,0.551749,1.344224,0.669737,0.893988,0.565898,-1.241165,0.477203,0.996235,0.462609,0.352931,0.692263,1.225809,2.423789,0.725389,0.528725,0.506141,2.482132,-1.210861,1.104082,1.014192,-1.124492,-1.858944,2.702038,-0.814331,-1.024171,1.323984,0.599874,0.300368,-1.491770,3.520860,0.468998,364.683022,1.144891,-1.846532,0.937912,0.488092,1.990500,-1.190503,-1.030733,0.600437,0.646860,0.603476,0.187932,2.090313,1.695740,-1.124597,1.294284
-0.116135,0.527427,2.841037,0.591524,0.738021,0.678412,-1.175167,0.365207,0.689912,0.376394,0.386024,0.817540,1.225809,2.423789,0.726904,0.453691,0.449674,2.482132,-0.829813,1.104082,0.505917,-1.124492,-1.300160,2.702038,-0.814331,-1.003176,1.875032,0.356394,-0.945559,-1.491770,3.520860,0.317038,786.413196,0.745877,-1.783589,0.241205,0.461564,1.780283,-0.653245,0.081979,0.257952,0.522265,0.702850,0.473203,2.090313,1.695740,-1.055475,1.294284
-1.050095,0.588925,2.289487,0.372540,0.739794,0.868085,-1.391124,0.633475,0.461917,0.157625,0.436173,0.669718,1.134492,1.213872,0.670566,0.306329,0.212644,0.926902,-1.231253,0.561935,-0.011596,-1.051073,-1.554235,1.021597,-1.045978,-1.028924,1.875032,0.254855,-1.307011,-1.297582,0.696692,0.988915,811.972711,1.155322,-1.767062,0.212180,0.387386,1.971659,-1.132819,-0.809314,0.472939,0.299189,0.949795,0.515351,0.736776,1.888757,-1.323846,0.758176
-1.050095,0.662773,0.722074,0.336942,0.795787,0.968372,-1.461259,0.666702,0.934310,0.215150,0.533670,0.844553,1.134492,1.213872,0.610464,0.341559,0.227140,0.946813,-1.571550,0.797424,1.129506,-1.051073,-1.517557,1.021597,-1.045978,-1.028924,1.293806,0.298740,-1.307011,-0.511742,0.696692,1.020183,297.084240,1.457223,-1.514974,0.842990,0.374451,1.682832,-1.132819,-1.162233,0.700545,0.295823,0.880943,0.836631,0.736776,1.888757,-1.323846,0.758176
-0.357131,0.578408,1.248461,0.606413,0.821281,0.407039,-1.300323,0.472298,0.934310,0.402381,0.393805,0.682095,1.124968,2.474542,0.658654,0.513234,0.479087,2.501847,-1.275917,0.922725,1.129506,-0.954878,-1.423663,2.154392,-1.105612,-1.037949,1.235383,0.530921,0.117987,-1.011508,2.782859,0.359618,373.989060,1.147253,-1.761339,0.861534,0.504705,1.563415,-1.117665,-1.006226,0.603698,0.583736,0.432160,0.233548,1.588022,1.636778,-1.750748,1.188321
-0.357131,0.602600,2.798089,0.491307,0.698401,0.540124,-1.396012,0.425721,0.541926,0.124997,0.338139,0.914402,1.124968,2.474542,0.628476,0.408205,0.390903,2.501847,-1.304921,0.922725,0.311221,-0.954878,-1.355862,2.154392,-0.799308,-1.037949,1.544841,0.249520,-1.017657,-1.098843,0.436151,0.195010,754.116215,1.240394,-1.787522,0.190482,0.505612,2.124624,-0.588918,0.239202,0.202124,0.418260,0.581087,0.475973,1.588022,0.823498,-1.750748,1.188321
-0.707159,0.651176,0.281287,0.339171,0.723917,0.709343,-1.355833,0.559546,0.882192,0.215648,0.528213,0.637627,1.116068,1.258927,0.480883,0.304085,0.180088,0.364182,-1.239212,0.819886,1.232948,-0.713633,-1.454086,1.045188,-1.156392,-1.035440,1.044321,0.283723,-1.180436,-0.408272,0.547661,0.769783,171.196163,1.179978,-1.772578,0.783428,0.291459,1.133228,-1.081521,-1.301805,0.659807,0.348653,0.587256,0.782153,0.251882,2.382732,-1.047054,0.701344
-0.221098,1.226286,0.405746,0.012690,0.424824,0.268683,-1.141719,0.205308,-0.215732,0.021027,0.041049,0.245421,0.478716,-0.121120,0.203202,0.057698,0.007576,0.203601,-1.165156,0.573600,0.040185,-0.136522,-1.262509,-0.130530,-0.023641,0.050913,0.823674,0.049136,-0.759465,-0.405596,0.268839,0.145843,210.438491,1.176883,-1.664306,0.025320,0.112066,0.745090,-0.367396,1.173173,0.030418,0.003578,0.304223,0.149686,-0.407333,0.414192,-0.284489,0.229249
0.380924,1.259500,0.344932,0.001574,0.374862,0.047583,-0.910281,0.065898,-0.704441,0.002778,0.008504,0.014908,0.385830,-0.134633,0.016051,0.008471,0.001587,-0.183464,-0.964644,0.547654,0.015015,-0.028946,-1.136296,-0.355327,0.008845,0.194419,0.428832,0.008631,-0.810633,-0.126702,0.231591,0.057155,144.864057,0.933999,-1.599573,0.004834,0.011587,1.205789,-0.365308,1.240730,0.010528,0.000882,0.108395,0.029575,-0.423074,0.003360,-0.010170,-0.033715
0.394147,1.247455,5.276264,0.006525,0.437716,0.237084,-1.390678,0.091715,-0.603505,0.011573,0.058164,0.229253,0.529304,-0.119793,0.079908,0.033232,0.008444,0.107418,-1.263712,0.555643,0.012156,-0.211811,-1.005303,-0.482826,-0.022618,0.116128,0.568488,0.023847,-0.733873,-0.173800,0.263468,0.093037,1195.164062,1.276765,-1.689917,0.036767,0.039294,2.612974,-0.376686,1.078179,0.053638,0.003090,0.214749,0.040248,-0.421298,0.142599,0.208779,-0.011884
0.387914,0.684707,0.823576,0.045946,0.352068,0.757942,-1.337347,0.070255,0.530597,0.027126,0.125621,0.254192,0.531830,-0.061995,0.173950,0.151664,0.016418,0.805244,-1.322978,0.573028,0.162081,-0.170178,-1.064284,1.164305,0.013894,-0.608007,0.629290,0.110797,0.276619,-0.375713,0.302482,0.140875,309.140955,1.247563,-1.513940,0.048927,0.132635,1.608413,-0.571760,0.581713,0.043208,0.016592,0.233618,0.073118,-0.355562,-0.032204,-0.765403,0.351610
0.382784,0.904102,0.274328,0.174436,0.289795,0.151257,-1.007587,0.288207,0.236733,0.055767,0.121005,0.315598,0.374934,0.402639,0.158626,0.158675,0.130996,0.431926,-1.034425,0.616627,0.241768,-0.145055,-1.504728,-0.115528,-0.145137,-0.518540,0.759603,0.091725,-0.588910,-0.626895,0.347885,0.643868,133.791481,0.971867,-1.616059,0.049586,0.206145,1.021553,-0.518998,0.298190,0.276870,0.081720,0.279720,0.239372,-0.253708,-0.085004,-0.248973,0.348175
0.634486,0.793104,0.277610,0.044373,0.435710,0.284223,-1.507854,0.173100,-0.334230,0.016941,0.046534,0.142958,0.493051,-0.114543,0.203039,0.078002,0.016531,0.016825,-1.535319,0.558017,0.061126,-0.118132,-1.036601,0.190075,-0.034212,0.166078,1.008328,0.025312,-0.467451,-0.297698,0.274822,0.224054,136.612171,1.360720,-1.598002,0.032592,0.112699,1.083511,-0.374558,0.733199,0.059402,0.006239,0.389367,0.043369,-0.416863,0.425658,-0.220827,0.210154
-0.653989,0.778741,4.254006,0.124315,0.692690,0.450304,-1.483564,0.762428,0.171669,0.116360,0.222129,0.222558,1.101922,0.752874,0.498007,0.212230,0.129176,0.064030,-1.551232,0.661591,0.202793,-0.838795,-1.516873,0.550413,-0.976295,-0.621413,1.139448,0.252070,-0.990915,-0.487329,0.484830,0.424903,1278.987036,1.404918,-1.571371,0.200851,0.193191,2.637923,-0.631231,-0.808333,0.559722,0.176380,0.528459,0.278744,0.167166,0.766144,-1.427824,0.301078
-0.653989,0.672235,0.671408,0.210623,0.712154,0.476050,-1.341622,0.641013,1.388005,0.163310,0.299919,0.202546,1.101922,0.752874,0.511411,0.263780,0.148284,-0.012381,-1.356278,0.753824,0.981024,-0.838795,-1.551180,0.550413,-0.976295,-0.621413,1.139448,0.252368,-0.990915,-0.323914,0.440323,1.277940,262.354156,1.198550,-1.696815,0.750723,0.252768,0.686499,-1.066985,-1.131248,0.689898,0.171447,0.466073,0.867993,0.167166,0.766144,-1.427824,0.301078
-0.085288,0.548195,1.173916,0.459210,0.742518,0.459280,-1.211600,0.333358,1.388005,0.330331,0.301369,0.424798,1.032833,1.151123,0.507482,0.393848,0.380275,1.184796,-1.148926,1.097190,0.981024,-0.723694,-1.662134,1.576063,-0.592122,-1.029040,0.931805,0.469070,0.477525,-0.967652,2.503663,0.298824,303.858391,1.093661,-1.829239,0.777464,0.380719,1.978143,-1.053601,-1.069733,0.597659,0.433954,0.356574,0.259862,1.560476,1.308565,-0.957522,0.645375
-0.085288,0.603545,3.584832,0.386615,0.674709,0.459907,-1.405419,0.412981,0.855169,0.129820,0.315945,0.595915,1.032833,1.151123,0.574332,0.334111,0.333646,1.184796,-1.315841,1.097190,0.189708,-0.723694,-1.407667,1.576063,-0.592122,-1.028390,1.434546,0.180163,-0.850325,-1.027275,2.503663,0.485576,864.125325,1.176263,-1.582910,0.138217,0.377092,1.067877,-0.467703,0.243429,0.236041,0.226485,0.474344,0.520056,1.560476,1.224313,-0.957522,0.645375
-0.985207,0.676448,3.373053,0.147191,0.748335,0.685869,-1.427450,0.678057,0.409566,0.144662,0.320497,0.608061,1.113964,1.122949,0.623089,0.279186,0.182554,0.850797,-1.166228,0.570636,0.253589,-0.809820,-1.569968,0.793671,-1.021881,-0.940360,1.434546,0.217942,-1.137079,-1.027275,0.555293,0.835335,1088.386265,0.990144,-1.623783,0.192396,0.313078,2.096867,-0.914951,-0.780380,0.493619,0.252531,0.657841,0.473839,0.525521,0.966751,-1.448350,0.596223
-0.985207,0.698199,0.802882,0.188556,0.770060,0.709799,-1.474295,0.684485,1.184027,0.169639,0.350313,0.706097,1.113964,1.122949,0.663668,0.300972,0.182512,0.850797,-1.521357,0.780824,0.947199,-0.809820,-1.724718,0.798372,-1.021881,-0.940360,1.337078,0.257559,-1.137079,-0.523465,0.555293,1.136637,364.108340,1.321884,-1.674125,0.811583,0.326946,1.892541,-1.049964,-1.146030,0.731057,0.252646,0.584845,0.849616,0.525521,0.966751,-1.448350,0.596223
-0.189972,0.593913,0.776291,0.500302,0.824412,0.375654,-1.166361,0.410190,1.184027,0.370969,0.334631,0.621633,1.148227,1.875149,0.734147,0.358643,0.458766,2.327462,-1.169794,0.879774,0.947199,-0.537284,-1.536804,1.957510,-1.025042,-1.032524,1.335884,0.534608,0.269792,-1.064116,2.463164,0.315227,237.231641,1.100087,-1.821871,0.862373,0.258805,1.778654,-1.049964,-1.056573,0.641901,0.530060,0.370678,0.253431,1.618275,1.511269,-1.126189,0.683293
-0.189972,0.559674,3.002512,0.446164,0.722649,0.440670,-1.108735,0.398119,0.782697,0.276568,0.360160,0.857082,1.148227,1.875149,0.651509,0.352365,0.405272,2.327462,-1.006507,0.879774,0.262160,-0.981364,-1.405619,1.957510,-1.025042,-1.032524,1.402549,0.265770,-0.953342,-1.187210,2.463164,0.325090,790.911941,0.777843,-1.666995,0.197461,0.327752,1.534728,-0.511454,0.226024,0.249708,0.389427,0.327511,0.513424,1.618275,1.472396,-1.126189,0.683293
-0.937860,0.642358,2.691002,0.270482,0.768835,0.805172,-1.526016,0.612170,0.414766,0.169819,0.369800,0.676415,1.258966,1.237906,0.636181,0.353433,0.231990,0.935057,-1.626629,0.585732,0.319658,-1.201832,-1.378131,0.506807,-1.365928,-0.996247,1.402549,0.271406,-1.157603,-1.187210,0.438942,0.929944,927.205171,1.478516,-1.721285,0.225313,0.405861,2.115063,-0.966850,-0.899544,0.528736,0.294589,1.225341,0.503437,0.646339,1.570328,-1.422485,1.036188
-0.937860,0.727109,0.597445,0.268391,0.836960,0.846624,-1.348824,0.649608,1.199905,0.226880,0.452997,0.811733,1.258966,1.237906,0.632097,0.364886,0.229440,0.935057,-1.461797,0.810993,1.152063,-1.201832,-1.363112,0.565554,-1.365928,-0.996247,1.294682,0.310709,-1.157603,-0.514926,0.438942,1.115055,274.155299,1.326360,-1.914735,0.892176,0.396170,1.689854,-1.078197,-1.245936,0.757404,0.291380,1.192302,0.894130,0.646339,1.570328,-1.474870,1.036188
-0.287380,0.589101,0.992256,0.575126,0.866922,0.413306,-1.129253,0.468595,1.199905,0.393469,0.419853,0.839543,1.164256,2.264490,0.626644,0.487201,0.578720,3.076955,-1.181902,0.812943,1.152063,-1.140646,-1.605555,1.579089,-1.415175,-1.039584,1.294682,0.575222,0.110107,-0.910826,2.548294,0.420545,297.749042,1.109806,-1.970126,0.910351,0.491085,1.643491,-1.078197,-1.088513,0.629102,0.576100,0.581844,0.318610,2.104306,2.149597,-2.465640,0.871043
-0.287380,0.568568,2.766485,0.460490,0.689201,0.493132,-1.083282,0.461624,0.695038,0.119086,0.356315,1.222004,1.164256,2.264490,0.602494,0.399884,0.359127,3.076955,-1.117189,0.812943,0.361982,-1.140646,-1.376461,1.579089,-0.811734,-0.946742,1.977559,0.232457,-1.056668,-1.267830,0.423115,0.286504,756.201425,1.080974,-1.604872,0.202685,0.482690,2.320372,-0.539023,0.229032,0.253402,0.404672,0.539670,0.543891,1.122229,1.093595,-2.465640,0.871043
-0.963899,0.658778,2.569391,0.288702,0.758950,0.662708,-1.299972,0.672666,0.163879,0.157143,0.345188,0.984242,1.119546,1.376393,0.682145,0.394036,0.245528,1.360535,-1.330474,0.653332,0.003118,-0.894884,-1.639542,-0.227997,-1.239397,-1.037670,1.977559,0.269447,-1.237322,-1.267830,0.454701,1.086013,848.671717,1.179196,-1.708401,0.243729,0.399014,1.905490,-1.089808,-1.021562,0.547767,0.300531,1.338697,0.434064,0.926494,2.241440,-1.361044,0.862928
-0.963899,0.681232,0.615448,0.331120,0.826761,0.709919,-1.287455,0.668231,1.016203,0.236248,0.517103,1.164720,1.119546,1.376393,0.626368,0.446551,0.263160,1.694133,-1.405050,0.760944,1.574924,-0.837168,-1.852622,0.783669,-1.239397,-1.037670,1.340471,0.366901,-1.237322,-0.311087,0.454701,0.984956,281.823416,1.232055,-1.845231,0.881463,0.408014,1.339230,-1.182012,-1.271229,0.721648,0.316647,1.368980,0.866335,0.926494,2.241440,-1.405257,0.862928
-0.090813,0.588224,1.396748,0.549094,0.801861,0.727041,-1.289571,0.398887,1.016203,0.282025,0.370960,0.645452,1.126923,2.486084,0.584794,0.631702,0.566452,1.981955,-1.410620,0.916896,1.574924,-0.775113,-1.710321,3.193771,-0.907091,-1.039541,1.111333,0.534233,0.129047,-1.255733,2.572447,0.295086,446.014382,1.212484,-1.858729,0.844254,0.706885,1.500185,-1.182012,-0.902200,0.523548,0.535638,0.863407,0.251122,1.678237,1.876436,-1.386276,1.633064
-0.090813,0.695618,3.940117,0.516513,0.646841,0.808429,-1.231630,0.231254,0.608597,0.133150,0.281023,1.072003,1.126923,2.486084,0.579876,0.341115,0.424440,1.981955,-1.291673,0.916896,0.584687,-0.775113,-1.500353,3.193771,-0.907091,-1.039541,1.244738,0.288714,-0.950894,-1.255733,0.286498,0.361276,1065.776913,1.205680,-1.724303,0.204022,0.720042,1.616884,-0.791127,0.223286,0.282106,0.416799,0.801924,0.472578,1.678237,0.369243,-1.386276,1.633064
-1.063047,0.744466,2.813070,0.315466,0.718461,0.780285,-1.385540,0.547677,0.070952,0.168454,0.297896,0.964186,1.048559,1.376418,0.574720,0.405961,0.199633,1.766673,-1.257723,0.661523,0.144605,-0.841715,-1.591187,-0.213063,-1.259703,-1.028752,1.244738,0.271495,-1.065800,-1.092695,0.352554,0.649674,954.054984,1.245771,-1.659443,0.242395,0.417609,1.827110,-0.925698,-0.990528,0.609762,0.248648,1.283368,0.371514,0.461602,1.740640,-0.994923,0.758918
-1.063047,0.670854,0.468030,0.307027,0.796922,0.708278,-1.254342,0.625745,0.901854,0.264206,0.462909,1.043252,1.048559,1.376418,0.536835,0.575061,0.249337,1.766673,-1.235824,0.714532,1.639031,-0.841715,-1.880934,1.450797,-1.259703,-1.028752,1.057078,0.354714,-1.065800,-0.346563,0.352554,1.014909,243.473032,1.120984,-1.851200,0.851957,0.353468,1.549138,-1.091164,-1.195652,0.717895,0.311277,1.054295,0.753328,0.461602,1.740640,-1.111438,0.758918
0.118038,0.587817,2.144859,0.464810,0.783095,0.776149,-1.202469,0.269077,0.901854,0.298158,0.497009,0.655989,1.054875,2.528855,0.426988,1.035278,0.504343,1.902649,-1.208287,1.196113,1.639031,-1.288446,-1.357621,3.461751,-0.615277,-1.042106,0.903262,0.585751,0.104934,-1.525033,1.837055,0.228728,566.529633,1.143755,-1.795848,0.828184,0.770713,2.133113,-1.091164,-0.892807,0.528861,0.512746,0.497702,0.197781,1.604818,1.158097,-1.672276,1.280682
0.118038,0.707414,4.631172,0.450527,0.634262,0.894717,-1.241009,0.145582,0.566427,0.134129,0.438238,1.065046,1.054875,2.528855,0.478137,0.363124,0.317591,1.902649,-1.230819,1.196113,0.640785,-1.288446,-1.372265,3.461751,-0.615277,-1.042106,1.221637,0.308248,-0.898649,-1.525033,0.302159,0.722131,1255.904740,1.142158,-1.630704,0.154280,0.639364,2.180838,-0.819060,0.246375,0.238479,0.375102,0.466468,0.432782,1.604818,0.611884,-1.589358,1.159936
-1.713086,0.729509,3.445454,0.246481,0.727776,1.008452,-1.435412,0.733082,0.082106,0.163550,0.302311,0.786154,1.096003,0.998789,0.587947,0.395012,0.233052,0.606061,-1.387901,0.601196,0.306075,-0.478281,-1.611058,0.047079,-1.484793,-1.033449,1.221637,0.236646,-1.049477,-1.017560,0.431221,0.560814,1228.918981,1.361757,-1.609866,0.188248,0.252168,2.197652,-0.976133,-0.754557,0.505807,0.213975,0.986376,0.381815,0.563653,1.236422,-1.665180,0.542473
-1.713086,0.690035,0.770041,0.260757,0.769712,0.621361,-1.236200,0.840549,1.324242,0.211925,0.381463,0.935564,1.096003,0.998789,0.619534,0.396276,0.234874,0.914266,-1.115021,0.748801,1.440020,-0.478281,-1.596685,0.161971,-1.484793,-1.033449,1.213032,0.284824,-1.049477,-0.438885,0.431221,1.223074,359.690794,1.036535,-1.362653,0.815460,0.301926,1.673475,-1.143504,-1.187272,0.739308,0.218377,1.018187,0.871370,0.563653,1.236422,-1.665180,0.542473
-0.003286,0.572852,1.335785,0.499545,0.832672,0.531129,-1.388569,0.369919,1.324242,0.456267,0.515274,0.723110,1.142558,2.471871,0.592480,0.502228,0.450506,2.544857,-1.429550,1.257558,1.440020,-1.119160,-1.703328,3.088792,-0.613890,-1.070995,1.202451,0.532212,0.391607,-1.380549,3.293719,0.170808,347.782665,1.295858,-1.839926,0.871547,0.981806,1.725087,-1.094215,-1.071594,0.618266,0.578216,0.963588,0.282898,1.166090,1.972095,-2.123942,7.573372
-0.003286,0.579807,3.139333,0.474438,0.704802,0.570518,-1.116426,0.357163,0.775240,0.365653,0.540549,0.813021,1.142558,2.471871,0.641072,0.504443,0.370367,2.544857,-0.658335,1.257558,0.413176,-1.119160,-1.535169,3.088792,-0.613890,-1.070995,1.450374,0.194896,-0.956096,-1.380549,3.293719,0.362319,752.812466,0.575742,-1.549701,0.213758,0.959845,2.065928,-0.606760,0.186877,0.262044,0.465561,1.035955,0.509033,1.166090,1.972095,-2.123942,7.573372
-1.179050,0.642721,3.057830,0.334307,0.766435,0.733653,-1.501446,0.665837,0.344824,0.168035,0.427099,0.758296,1.203242,1.241136,0.623962,0.391723,0.234084,0.746940,-1.387013,0.618362,0.262043,-0.990635,-1.504209,0.844246,-1.198393,-1.032536,1.450374,0.271388,-1.238625,-1.201824,0.465111,1.041635,919.309824,1.258159,-1.585803,0.242517,0.326939,2.178954,-1.086341,-0.843045,0.497046,0.300969,1.381491,0.491731,0.737921,1.891883,-1.677124,0.662328
-1.179050,0.698069,1.234771,0.326309,0.845873,0.788831,-1.363778,0.762586,1.004905,0.206014,0.435111,0.818029,1.203242,1.241136,0.630317,0.401865,0.252589,0.570184,-1.330884,0.765391,1.094518,-0.990635,-1.465150,0.996085,-1.198393,-1.032536,1.421919,0.319524,-1.238625,-0.690203,0.465111,1.275541,411.166819,1.156777,-1.773401,0.890445,0.335687,1.898451,-1.130318,-1.225217,0.748406,0.302662,1.401796,0.840965,0.737921,1.891883,-1.677124,0.662328
-0.157416,0.582053,1.133344,0.652698,0.905062,0.563014,-1.269788,0.491362,1.004905,0.443473,0.384611,0.570850,1.266813,2.425956,0.724341,0.568410,0.542645,2.408450,-1.345346,1.272947,1.094518,-1.540548,-1.844269,2.741178,-1.009038,-1.032957,1.421919,0.581301,0.202517,-1.179477,3.404776,0.469577,335.828058,1.272775,-1.969952,0.947629,0.519247,2.025242,-1.128157,-1.138862,0.659913,0.675010,0.638609,0.216603,1.781255,1.700939,-1.278746,1.596270
-0.157416,0.521952,3.040631,0.584135,0.727976,0.528437,-1.365254,0.362926,0.728024,0.355158,0.472570,0.873008,1.266813,2.425956,0.759926,0.527917,0.491026,2.408450,-1.335339,1.272947,0.584691,-1.540548,-1.496640,2.741178,-1.009038,-1.032957,2.474406,0.302083,-0.913451,-1.526748,3.404776,0.373689,759.177364,1.282853,-1.526771,0.268687,0.527172,1.307300,-0.562214,0.039500,0.315773,0.545124,0.666405,0.509942,1.781255,1.700939,-1.278746,1.596270
-1.336837,0.618680,2.770056,0.463922,0.741541,0.696518,-1.569515,0.711854,0.432874,0.170134,0.476817,0.838256,1.169583,1.234949,0.697969,0.368414,0.250898,1.486587,-1.465543,0.616934,0.031889,-1.587770,-1.513421,0.961773,-1.168653,-1.029864,2.474406,0.311663,-1.279495,-1.526748,0.583808,1.042369,912.645896,1.328888,-1.812068,0.236880,0.445207,1.990741,-1.217013,-0.823810,0.504830,0.307719,1.112618,0.509271,0.942219,1.738047,-1.326014,0.898477
-1.336837,0.722392,0.793479,0.437706,0.828292,0.803814,-1.450908,0.736611,1.117855,0.216537,0.537521,1.088841,1.169583,1.234949,0.665367,0.374897,0.271128,1.486587,-1.440815,0.843771,1.124119,-1.587770,-1.534851,0.961773,-1.168653,-1.032764,1.532656,0.362296,-1.279495,-0.455667,0.583808,0.920107,356.638607,1.293341,-1.605209,0.876420,0.405387,1.742561,-1.217013,-1.290304,0.773456,0.310494,1.163537,0.896121,0.942219,1.738047,-1.507825,0.898477
-0.356152,0.559773,1.002879,0.552384,0.852406,0.582238,-1.277410,0.444719,1.117855,0.407329,0.385224,0.691683,1.152202,2.318207,0.736910,0.584878,0.609608,2.715849,-1.242405,1.103192,1.124119,-0.977722,-1.420037,2.052559,-1.338866,-1.039353,1.340960,0.545282,0.259601,-1.132248,3.325916,0.415590,315.539217,1.138243,-1.836539,0.895633,0.490368,1.819856,-1.104313,-1.098464,0.600856,0.582130,0.742577,0.237716,2.006675,1.872734,-2.354514,1.378152
-0.356152,0.514665,2.581647,0.434629,0.705266,0.685763,-1.205418,0.459950,0.738194,0.155492,0.233883,0.881636,1.152202,2.318207,0.704781,0.405559,0.485839,2.715849,-1.144471,1.103192,0.183961,-0.977722,-1.310990,2.052559,-0.926436,-1.039353,1.655963,0.235412,-0.964253,-1.144781,0.423066,0.138409,684.639169,1.086584,-1.634882,0.202665,0.519410,2.094043,-0.632244,0.183639,0.215518,0.428943,0.823781,0.530219,1.929228,0.802929,-2.354514,1.378152
-0.633669,0.685175,0.321667,0.253609,0.663940,0.685250,-1.474561,0.543176,0.764007,0.251083,0.389551,0.620159,1.061062,1.399796,0.572343,0.285235,0.236624,0.521148,-1.460343,0.883136,0.940257,-0.626275,-1.759821,0.586125,-1.159240,-1.032069,1.145546,0.380697,-1.192211,-0.263967,0.423817,0.903508,191.922317,1.366603,-1.585612,0.737114,0.238361,1.063351,-1.066707,-1.294591,0.724839,0.393254,0.936014,0.687397,0.311982,2.488081,-1.384589,0.596778
0.165017,1.267394,0.294579,0.009571,0.393055,0.096477,-1.100743,0.089504,-0.660801,0.019502,0.022985,0.112397,0.427329,-0.134959,0.171146,0.030225,0.005082,-0.141724,-1.058404,0.573242,0.020102,-0.082215,-1.260405,-0.400250,-0.011231,0.088410,0.696893,0.063413,-0.833868,-0.261360,0.234269,0.142533,189.072224,1.054577,-1.589914,0.016497,0.044257,1.017279,-0.368202,1.194201,0.027543,0.002962,0.218167,0.031532,-0.411113,0.179111,-0.107776,0.044392
0.464450,1.275973,0.244875,0.001652,0.370574,0.047914,-1.013376,0.016725,-0.835047,0.002055,0.006784,0.021914,0.417778,-0.133901,0.011551,0.008729,0.001320,-0.192593,-0.984645,0.547067,0.017307,-0.044696,-1.097573,-0.352825,0.012765,0.202305,0.423306,0.009572,-0.877644,-0.118720,0.232628,0.060365,129.334274,1.003852,-1.553537,0.004933,0.017045,1.009919,-0.365922,1.249516,0.013407,0.001082,0.058871,0.011338,-0.425319,-0.044992,0.018637,-0.006843
0.266088,1.307528,3.960086,0.016034,0.369550,0.348651,-1.407299,0.048273,-0.402633,0.009011,0.046092,0.341226,0.435103,-0.124274,0.080571,0.027657,0.003908,0.312930,-1.184444,0.559092,0.032208,-0.104041,-1.151887,-0.369054,-0.004897,0.122388,0.536155,0.020703,-0.690943,-0.156040,0.256299,0.204155,863.300781,1.203907,-1.617085,0.024919,0.063610,1.512269,-0.388071,1.282849,0.016383,0.002428,0.229470,0.094627,-0.412890,0.046213,0.217746,0.057929
0.214634,0.825309,1.568787,0.135473,0.381123,0.629179,-1.465285,0.122344,0.409967,0.054530,0.187072,0.450640,0.564004,0.755822,0.243557,0.235381,0.066897,1.468583,-1.418196,0.704159,0.316778,-0.280237,-1.082059,1.105958,0.010795,-0.940880,0.780410,0.112930,0.084016,-0.507188,0.388644,0.281202,511.559404,1.370771,-1.750793,0.070256,0.274238,1.773821,-0.639702,0.706535,0.069536,0.105150,0.362747,0.084440,-0.030768,-0.002754,-0.940692,0.700039
0.498899,0.995805,0.239710,0.034147,0.364582,0.230565,-1.021411,0.054887,-0.272361,0.020556,0.078961,0.175879,0.440718,-0.084601,0.084391,0.091260,0.015073,0.107084,-0.705656,0.598446,0.064587,-0.256938,-1.311042,0.042837,-0.014936,-0.392449,0.545186,0.035510,-0.694277,-0.357311,0.270029,0.277287,127.372987,0.780705,-1.683170,0.043390,0.111560,0.964870,-0.460088,0.831021,0.071702,0.018489,0.197796,0.127165,-0.389041,-0.120430,-0.055625,0.186446
0.886719,0.822131,0.344097,0.009686,0.403446,0.260520,-1.367434,0.094789,-0.500216,0.006903,0.031507,0.088639,0.435104,-0.117798,0.144660,0.073567,0.011552,-0.022113,-1.462208,0.558685,0.044527,-0.104173,-1.485988,0.093757,-0.004618,0.134071,0.717427,0.025363,-0.597473,-0.244598,0.259258,0.270884,142.406648,1.273419,-1.666522,0.016144,0.115272,1.246477,-0.373518,0.787473,0.026877,0.005129,0.232710,0.027286,-0.397854,0.110000,-0.116208,0.269434
-0.103810,0.708543,2.371073,0.203747,0.686314,0.555987,-1.230102,0.654381,0.337008,0.109314,0.188856,0.338305,1.066910,1.147592,0.419587,0.188583,0.129625,-0.061597,-1.289126,0.750142,0.386791,-0.673944,-1.606350,0.997165,-0.853600,-0.580631,0.975970,0.167107,-0.798296,-0.433951,0.717427,0.548182,711.584051,1.170956,-1.638308,0.218704,0.162247,2.555329,-0.630899,-0.943796,0.581022,0.237577,0.423707,0.288451,0.142564,0.115249,-1.154858,0.314195
-0.103810,0.644444,0.414591,0.290485,0.695932,0.688727,-1.393184,0.583026,1.387232,0.156062,0.313709,0.274011,1.066910,1.147592,0.502058,0.223489,0.143569,0.144026,-1.250021,0.750142,1.045231,-0.673944,-1.634520,1.366621,-0.853600,-0.580631,1.101615,0.177763,-0.740697,-0.339758,0.584531,1.242285,208.598980,1.213119,-1.777699,0.743277,0.156234,1.270816,-1.012185,-1.154791,0.639435,0.221843,0.405176,0.794882,0.142564,0.417885,-1.154858,0.070350
-0.157953,0.560141,0.729526,0.454253,0.726763,0.448537,-1.303431,0.419206,1.387232,0.407530,0.365996,0.476994,1.028259,1.748715,0.516386,0.448095,0.537729,1.181556,-1.321117,1.262880,1.045231,-0.897406,-1.806419,2.048303,-0.896028,-1.043413,1.202118,0.488766,0.451783,-1.882830,3.473119,0.329126,233.132081,1.217897,-1.832847,0.750298,0.410645,1.448448,-0.958081,-0.975104,0.558854,0.560168,0.518238,0.274035,1.857624,1.284222,-1.416866,1.262055
-0.157953,0.630973,2.599720,0.354864,0.676757,0.324685,-1.318933,0.441235,0.816528,0.136955,0.251149,0.432483,1.028259,1.748715,0.549708,0.289451,0.329441,1.166393,-1.332476,1.157085,0.554786,-0.897406,-1.181938,2.048303,-0.643287,-1.041913,1.216125,0.234146,-0.854804,-1.882830,0.460241,0.329660,684.578468,1.184502,-1.679791,0.134174,0.402372,1.934316,-0.500930,0.351292,0.208884,0.386382,0.526790,0.506819,0.834094,0.786291,-1.416866,1.262055
-1.049533,0.668848,2.554199,0.217868,0.756172,0.640296,-1.304584,0.681971,0.371809,0.155681,0.329648,0.481445,1.085355,1.166288,0.645689,0.293429,0.186392,0.388446,-1.113873,0.603457,0.100736,-0.908594,-1.449813,0.616122,-1.176142,-0.966715,1.282150,0.225224,-1.131715,-0.954793,0.539629,0.761187,846.390843,1.006588,-1.773866,0.191024,0.348214,1.910488,-1.008487,-0.795287,0.501756,0.265803,0.701532,0.480781,0.516898,1.229406,-1.515177,0.556487
-1.049533,0.691756,0.689660,0.211715,0.778616,0.609041,-1.289807,0.714538,1.127182,0.189540,0.401700,0.641765,1.085355,1.166288,0.648368,0.318276,0.182920,0.401064,-1.265276,0.823879,1.046403,-0.853758,-1.551507,0.738091,-1.176142,-0.966715,1.282150,0.262416,-1.131715,-0.475701,0.539629,0.973450,289.269061,1.216021,-1.306597,0.824702,0.339528,1.573505,-1.073614,-1.178776,0.720641,0.267572,0.658515,0.846503,0.516898,1.229406,-1.515177,0.556487
-0.127475,0.621797,0.512168,0.480727,0.810033,0.392178,-1.185832,0.407136,1.127182,0.411107,0.372897,0.601716,1.116663,2.206202,0.685757,0.385474,0.539662,2.274746,-1.217799,1.241133,1.046403,-0.759698,-1.589679,2.092340,-1.068169,-1.035775,1.234803,0.526570,0.277357,-1.042135,3.043219,0.338531,176.044256,1.085068,-1.936388,0.850942,0.335782,1.442645,-1.073614,-1.061194,0.644995,0.575937,0.474873,0.250340,1.659564,1.325370,-1.357572,0.843539
-0.127475,0.648414,3.183202,0.440139,0.718407,0.454852,-1.192440,0.360193,0.578672,0.317439,0.340268,0.847682,1.116663,2.206202,0.651928,0.360568,0.489749,2.274746,-1.200099,1.241133,0.568569,-1.025449,-1.072180,2.092340,-1.068169,-1.035775,1.371237,0.227557,-0.994216,-1.107296,3.043219,0.309093,746.230538,1.041488,-1.669641,0.163887,0.358430,2.099953,-0.561886,0.287692,0.237163,0.475502,0.475416,0.502990,1.659564,1.124406,-1.357572,0.843539
-1.065126,0.692157,3.190168,0.312342,0.779515,0.733409,-1.628719,0.643793,0.270995,0.159175,0.339548,0.708996,1.196753,1.146906,0.614133,0.339111,0.213420,1.170234,-1.681679,0.640867,0.207474,-1.090867,-1.683818,0.380742,-1.294833,-1.029805,1.371237,0.250813,-1.256114,-1.107296,0.388746,1.050238,972.300764,1.498246,-1.768094,0.209546,0.358248,2.208945,-1.047148,-0.903851,0.539478,0.292834,1.402325,0.470902,0.642986,1.726013,-1.471922,0.690743
-1.065126,0.710258,0.819863,0.304161,0.823017,0.781705,-1.543984,0.708075,1.121282,0.214380,0.425296,0.870683,1.196753,1.146906,0.625209,0.347101,0.213152,1.170234,-1.597341,0.808834,1.116344,-0.896748,-1.712664,0.237320,-1.294833,-1.029805,1.292980,0.306544,-1.256114,-0.445755,0.388746,1.263427,337.794398,1.462687,-1.253204,0.877021,0.366219,2.236037,-1.078511,-1.224056,0.745427,0.298666,1.428639,0.893258,0.642986,1.726013,-1.597856,0.690743
-0.271480,0.585159,1.100375,0.538917,0.847370,0.424542,-1.218656,0.499594,1.121282,0.364586,0.367075,0.664339,1.158554,1.958782,0.654906,0.375124,0.549985,2.395227,-1.131622,0.863485,1.116344,-1.183749,-1.534057,1.287538,-1.530972,-1.036949,1.292980,0.556809,0.160090,-1.132111,2.690766,0.369879,291.511838,1.082454,-1.887578,0.888777,0.414146,1.920408,-1.059830,-1.016470,0.597086,0.522473,0.566152,0.282001,1.852335,2.367634,-2.381248,0.956300
-0.271480,0.572932,3.320076,0.415333,0.698474,0.459627,-1.126314,0.473979,0.662763,0.103593,0.317667,1.066980,1.158554,1.958782,0.518941,0.323519,0.339149,2.395227,-1.067219,0.863485,0.239520,-1.183749,-1.185895,1.287538,-0.694926,-0.847870,1.481478,0.233183,-1.117094,-1.231614,0.326218,0.308774,803.562112,1.074651,-1.684720,0.180992,0.455150,2.145025,-0.487769,0.287749,0.217916,0.326333,0.499034,0.531196,1.436218,1.215376,-2.381248,0.956300
-1.304370,0.657345,3.037327,0.278198,0.759024,0.547405,-1.163632,0.777346,0.148780,0.176818,0.325014,1.025050,1.126295,1.233809,0.665175,0.393403,0.269875,0.951676,-1.159334,0.746215,-0.030629,-0.847730,-1.708869,-0.186665,-1.328685,-1.037184,1.481478,0.292197,-1.257118,-1.231614,0.721351,1.201643,972.382917,1.065887,-1.697201,0.216569,0.380559,1.751397,-1.112182,-0.958042,0.520097,0.284215,1.437218,0.439793,1.073871,2.234373,-1.282553,0.955069
-1.304370,0.693624,0.705283,0.308818,0.806704,0.825718,-1.349081,0.743367,0.986300,0.231690,0.466135,1.225141,1.126295,1.233809,0.648215,0.407211,0.270715,1.750267,-1.463689,0.801668,1.322995,-0.652209,-1.909415,0.514235,-1.328685,-1.037184,1.293228,0.386020,-1.257118,-0.200513,0.721351,1.126536,316.568112,1.294677,-1.394679,0.860164,0.354739,1.188760,-1.115124,-1.311779,0.745685,0.301673,1.482172,0.868947,1.073871,2.234373,-1.532122,0.955069
-0.409081,0.551662,1.070893,0.413816,0.819725,0.597195,-1.276857,0.448279,0.986300,0.275877,0.365021,0.591463,1.213420,2.500082,0.566776,0.747259,0.568940,2.020740,-1.312086,0.839630,1.322995,-1.740817,-1.766837,3.414714,-0.849387,-1.046053,1.086167,0.533287,0.303041,-1.135002,3.227935,0.371738,294.412880,1.212454,-1.899631,0.862370,0.713449,1.532361,-1.089844,-0.827253,0.506395,0.544626,0.622554,0.203460,1.745777,1.756728,-1.832157,1.555441
-0.409081,0.544085,3.698542,0.396363,0.638707,0.559029,-1.332643,0.434125,0.852823,0.110080,0.255498,1.024925,1.213420,2.500082,0.507195,0.529332,0.356253,2.020740,-1.318945,0.839630,0.359164,-1.740817,-1.403214,3.414714,-0.849387,-1.046053,1.153734,0.287271,-0.899180,-1.083767,0.430017,0.233662,917.734966,1.219929,-1.700988,0.239068,0.669663,2.209563,-0.678046,0.126260,0.310471,0.393750,0.518796,0.523301,1.199371,0.810410,-1.156330,1.555441
-1.092152,0.662299,3.156778,0.354617,0.704637,0.689075,-1.302777,0.650135,0.209353,0.180355,0.364482,1.001458,1.120567,1.483145,0.570812,0.408211,0.186262,1.401299,-1.295064,0.768622,0.007762,-0.786354,-1.480391,-0.252282,-1.402104,-1.023257,1.153734,0.308941,-1.033569,-1.083767,0.610958,0.532433,1016.165104,1.116933,-1.729745,0.266241,0.378514,2.343465,-1.042748,-1.022026,0.567095,0.307394,0.830151,0.384299,0.561329,1.401256,-0.722343,1.134270
-1.092152,0.657666,0.821030,0.360182,0.794520,0.892835,-1.347759,0.672967,0.813764,0.265933,0.534142,0.983192,1.120567,1.483145,0.500113,0.684912,0.290940,1.406632,-1.417765,0.783626,1.587198,-0.786354,-1.752801,1.469269,-1.402104,-1.023257,1.037110,0.389828,-1.033569,-0.313963,0.610958,0.776333,333.726668,1.300617,-1.562478,0.845600,0.453981,1.860288,-1.176482,-1.234262,0.711880,0.371373,0.720577,0.721536,0.561329,1.401256,-0.914986,2.478487
0.062910,0.553287,1.654672,0.308041,0.792223,0.689292,-1.331651,0.309739,0.813764,0.228383,0.485734,0.761605,1.067915,1.614492,0.379171,1.123319,0.490261,2.164848,-1.283417,0.928240,1.587198,-1.017054,-1.699093,2.486446,-0.695369,-1.066995,0.814594,0.518431,0.166478,-1.125644,1.896946,0.202154,456.818819,1.217586,-1.709301,0.827165,0.761672,2.088248,-1.090537,-0.841947,0.492678,0.496541,0.368769,0.165437,0.619021,0.917091,-1.862992,1.926396
0.062910,0.672663,4.083357,0.275874,0.634829,0.752457,-1.317848,0.186714,0.670053,0.096910,0.457948,1.074479,1.067915,1.614492,0.397957,0.268945,0.174856,2.164848,-1.270375,0.928240,0.113259,-1.017054,-1.229293,2.486446,-0.695369,-0.905115,1.187099,0.250899,-0.936360,-1.063559,0.260861,0.563510,1090.312692,1.135510,-1.674435,0.198417,0.495242,2.360942,-0.546037,0.204483,0.277955,0.271081,0.433087,0.475073,0.619021,0.484567,-1.495718,0.894264
-1.376906,0.729851,3.266058,0.258524,0.719473,0.811769,-1.500239,0.657562,0.108347,0.161952,0.354870,0.727634,1.130809,1.042323,0.572213,0.367828,0.223467,0.686326,-1.531751,0.655547,0.195907,-0.774732,-1.197520,0.274735,-1.471924,-1.029021,1.187099,0.291293,-1.053415,-1.062036,0.339429,0.523092,1113.976343,1.336478,-1.725995,0.228050,0.282193,2.586106,-0.868643,-0.906968,0.558949,0.217335,0.929519,0.400509,0.511198,1.170374,-1.363725,0.922793
-1.376906,0.709643,0.825103,0.284734,0.780317,0.445975,-1.375911,0.724358,1.291353,0.205161,0.371026,0.755753,1.130809,1.042323,0.588537,0.393424,0.221821,1.138255,-1.356280,0.769934,1.221427,-0.774732,-1.795272,0.349160,-1.471924,-1.029021,1.247263,0.331676,-1.053415,-0.414979,0.347967,1.022392,352.373473,1.188293,-1.876986,0.827661,0.392118,1.684627,-1.150034,-1.268802,0.746822,0.232524,0.961753,0.874620,0.511198,1.170374,-1.363725,0.922793
-0.178508,0.600229,1.233152,0.543413,0.817098,0.575770,-1.098792,0.386578,1.291353,0.467798,0.580661,0.537713,1.124165,2.488150,0.549575,0.653290,0.633848,1.940422,-0.947469,1.274320,1.221427,-0.811529,-1.679005,2.865935,-0.892944,-1.075644,1.247263,0.556311,0.432418,-1.946904,3.331443,0.229630,310.217116,0.969285,-1.934437,0.855599,0.567713,1.941935,-1.106577,-1.070618,0.615996,0.703690,0.615730,0.267086,1.575413,1.656857,-1.987743,2.015692
-0.178508,0.535341,3.036269,0.503185,0.726283,0.433147,-1.217712,0.479559,0.816505,0.388119,0.626555,0.731164,1.124165,2.488150,0.573289,0.634452,0.566605,1.940422,-1.056008,1.274320,0.528412,-0.960972,-1.391724,2.865935,-0.892944,-1.075644,1.267157,0.246174,-0.875609,-1.946904,3.331443,0.311482,749.501206,1.094489,-1.507161,0.148827,0.573288,2.098979,-0.676659,0.245209,0.148483,0.625976,0.625803,0.448181,1.575413,1.628600,-1.524223,2.015692
-1.005746,0.577306,2.887903,0.247098,0.769187,0.596473,-1.413950,0.688686,0.318902,0.149689,0.479004,0.883830,1.192903,1.225059,0.593417,0.381441,0.235617,0.842059,-1.209428,0.619590,0.499400,-0.960972,-1.522544,1.033415,-1.154170,-1.031668,1.267157,0.244060,-1.161329,-0.955137,0.426940,0.968338,942.696203,1.196302,-1.624829,0.183589,0.391340,2.186438,-0.963134,-0.892628,0.459979,0.303824,1.274564,0.486734,0.709050,1.485489,-1.631416,0.704477
-1.005746,0.678746,0.698832,0.238538,0.804171,0.709099,-1.348798,0.715036,1.053517,0.176803,0.473382,1.102368,1.192903,1.225059,0.659615,0.412402,0.253879,0.997161,-1.268743,0.744503,1.114858,-0.922489,-1.463699,0.982121,-1.154170,-1.031668,1.648356,0.288156,-1.161329,-0.556583,0.426940,1.483842,307.884801,1.114267,-1.796789,0.851629,0.384735,1.742608,-1.059213,-1.273567,0.717139,0.305824,1.268475,0.843805,0.709050,1.485489,-1.631416,0.704477
-0.390700,0.577437,1.195137,0.589708,0.858448,0.438062,-1.148210,0.532913,1.053517,0.413058,0.347871,0.621069,1.165442,2.406532,0.654676,0.584075,0.489398,1.779510,-1.099719,0.807457,1.114858,-1.156082,-1.794742,2.099502,-1.207734,-1.035309,1.505314,0.569051,0.397820,-1.561876,3.082481,0.540383,313.230705,0.988830,-1.834985,0.896904,0.434638,1.942746,-1.059213,-1.085724,0.607453,0.609599,0.576879,0.193175,1.965983,1.518942,-1.472930,1.576367
-0.390700,0.624717,3.317102,0.543871,0.707622,0.355047,-1.220210,0.406312,0.759787,0.343369,0.279415,0.930838,1.165442,2.406532,0.714385,0.518087,0.443597,1.779510,-1.154706,0.807457,0.296926,-1.156082,-1.344570,2.099502,-1.207734,-1.035309,1.799620,0.276335,-0.964727,-1.561876,3.082481,0.260255,831.796050,1.090535,-1.573013,0.228696,0.482174,2.060280,-0.492308,0.171195,0.295938,0.476365,0.601334,0.521439,1.965983,1.345181,-1.472930,1.576367
-1.286834,0.687109,2.877055,0.373432,0.766889,0.665423,-1.427968,0.685718,0.322499,0.162602,0.377092,0.682117,1.147842,1.162311,0.685191,0.349690,0.224365,1.265390,-1.435307,0.630683,0.035636,-1.075594,-1.641435,0.567772,-1.128318,-1.029113,1.799620,0.261122,-1.255503,-1.265667,0.607447,0.958355,970.104796,1.294437,-1.768911,0.231411,0.514787,2.175225,-1.212162,-0.816206,0.514217,0.284510,1.472636,0.479398,0.777422,1.624809,-1.164268,1.213771
-1.286834,0.704580,0.751440,0.335225,0.826286,0.763577,-1.412489,0.757909,0.996015,0.210228,0.466804,0.932444,1.147842,1.162311,0.637837,0.382595,0.238254,1.265390,-1.314699,0.777667,1.106654,-1.075594,-2.009178,0.999668,-1.128318,-1.029113,1.451022,0.325876,-1.255503,-0.426286,0.607447,1.067385,331.790776,1.207598,-1.659078,0.872861,0.501709,1.638285,-1.212162,-1.276056,0.757765,0.280311,1.541732,0.855042,0.777422,1.624809,-1.461556,1.213771
-0.385833,0.584567,1.240211,0.665962,0.841431,0.502395,-1.204076,0.524500,0.996015,0.503538,0.515356,0.795352,1.129171,2.198232,0.706091,0.759336,0.677489,3.308151,-1.175127,1.437966,1.191259,-0.817447,-1.645666,2.394014,-1.045407,-1.068888,1.335619,0.595600,0.102971,-1.860728,3.470291,0.342595,375.766281,1.197685,-1.874600,0.883968,0.529895,2.082335,-1.102543,-1.101188,0.608022,0.641670,0.611945,0.236964,1.811226,1.925373,-1.549154,1.673465
-0.385833,0.657496,2.585380,0.614010,0.685704,0.518091,-1.142836,0.403684,0.534127,0.321230,0.508474,1.028615,1.116579,2.198232,0.739030,0.731699,0.611030,3.308151,-1.067653,1.437966,0.453780,-0.817447,-1.506585,2.394014,-1.045407,-1.068888,1.816402,0.313179,-1.093527,-1.860728,3.470291,0.344084,680.918985,1.070617,-1.754281,0.188549,0.509612,1.161149,-0.736588,0.235559,0.243521,0.550400,0.628263,0.492304,1.811226,1.925373,-1.468618,1.673465
-0.735698,0.707905,0.286029,0.341592,0.719766,0.766173,-1.255817,0.573180,0.721574,0.266662,0.484907,0.512674,1.141375,1.623242,0.558608,0.276656,0.263885,1.072865,-1.182562,0.810365,1.173306,-0.786545,-1.499224,0.823192,-1.311615,-1.023111,1.120852,0.435227,-1.329812,-0.247032,0.492887,0.781700,170.289250,1.090779,-1.833383,0.795491,0.241833,1.139130,-1.098503,-1.258664,0.758082,0.389127,0.958264,0.730659,0.566078,2.122553,-1.170162,0.468682
0.262327,1.191703,0.315144,0.009043,0.378231,0.191492,-1.093092,0.036721,-0.557004,0.010392,0.029431,0.080504,0.392701,-0.127182,0.112642,0.041418,0.005324,-0.009553,-1.123730,0.562016,0.044178,-0.090904,-0.958656,-0.393051,0.004273,0.106965,0.631183,0.051805,-0.886864,-0.357183,0.236870,0.238632,174.169909,1.061257,-1.735955,0.008709,0.090436,1.163926,-0.367923,0.961435,0.076892,0.002807,0.238810,0.067797,-0.407255,0.365660,-0.022148,0.224685
0.386578,1.246512,0.286903,0.002951,0.368146,0.034236,-1.052444,0.019842,-0.779431,0.002726,0.007164,0.026779,0.373219,-0.133968,0.013167,0.008004,0.001603,-0.211876,-1.037172,0.546176,0.018658,-0.037284,-0.987523,-0.311013,0.013794,0.197448,0.417924,0.006956,-0.891552,-0.120990,0.231002,0.034040,133.701000,0.966573,-1.699054,0.003711,0.010758,1.078085,-0.365071,1.225912,0.009238,0.000952,0.090316,0.025915,-0.427552,-0.165954,0.009689,-0.036501
0.367205,1.228396,3.396951,0.017130,0.369615,0.441839,-1.617551,0.035312,-0.385765,0.013737,0.043350,0.358027,0.402165,-0.116220,0.073430,0.033974,0.006548,0.301009,-1.717962,0.554120,0.034490,-0.103470,-1.058977,-0.308664,-0.011224,0.102710,0.561908,0.037419,-0.759483,-0.206163,0.255290,0.292873,750.690325,1.451777,-1.616419,0.025098,0.090856,2.321100,-0.393984,1.134113,0.042325,0.004528,0.270906,0.132881,-0.418434,-0.012510,0.115780,0.141655
0.531713,0.771189,1.493789,0.023332,0.353356,0.626018,-1.306184,0.084012,0.391835,0.032417,0.133829,0.321453,0.448988,-0.041990,0.257710,0.149148,0.017401,0.788117,-1.406329,0.683573,0.162327,-0.381217,-1.158855,1.100224,0.000522,-1.034178,0.616784,0.114021,0.001597,-0.369461,0.394567,0.226794,452.580118,1.250690,-1.732221,0.047984,0.255816,1.794417,-0.465704,0.599200,0.090731,0.017593,0.260698,0.108893,-0.343875,-0.182774,-1.062519,0.917879
0.348233,1.067398,0.287583,0.017624,0.335852,0.145057,-0.888641,0.104665,-0.188015,0.021220,0.045859,0.318877,0.387174,-0.030727,0.156290,0.071460,0.013228,0.451402,-0.915480,0.612349,0.099831,-0.199836,-1.362222,-0.121400,0.005980,-0.637637,0.687887,0.071649,-0.682477,-0.562322,0.417996,0.218368,155.061117,0.813580,-1.631093,0.038720,0.165516,0.974151,-0.373126,0.722927,0.128393,0.011711,0.197830,0.140616,-0.398475,-0.177042,-0.251858,0.302918
0.724952,0.839318,0.272820,0.028484,0.403128,0.200707,-1.229272,0.137685,-0.391767,0.009840,0.047667,0.114964,0.434843,-0.115850,0.139498,0.061275,0.013515,-0.187636,-1.193506,0.557641,0.058945,-0.175002,-1.597391,0.133111,-0.012086,0.175108,0.814028,0.017729,-0.580702,-0.260592,0.254544,0.161908,133.561410,1.128257,-1.430906,0.018759,0.082096,1.106985,-0.370894,0.813417,0.023167,0.007129,0.232792,0.044605,-0.400407,0.078245,-0.135944,0.131116
-0.710130,0.706896,3.675314,0.146068,0.704801,0.423028,-1.413799,0.798144,0.129564,0.115571,0.239136,0.231336,1.005589,0.936257,0.451147,0.196757,0.123056,-0.012289,-1.408338,0.584709,0.178290,-0.923301,-1.705514,0.611764,-0.921958,-0.572083,1.022059,0.247480,-0.870207,-0.367170,0.599839,0.464094,1162.215890,1.235456,-1.688712,0.150557,0.237338,2.151208,-0.783851,-0.736683,0.533566,0.197508,0.590612,0.250323,0.105142,0.440547,-1.074194,0.463351
-0.710130,0.632669,0.698930,0.228538,0.685085,0.597782,-1.349469,0.681394,1.343797,0.161310,0.346550,0.229031,1.005589,0.936257,0.494978,0.266684,0.130363,0.032777,-1.335262,0.784266,1.037062,-0.923301,-1.674999,1.045328,-0.921958,-0.572083,1.082842,0.248324,-0.870207,-0.291734,0.458178,1.212595,299.689803,1.273376,-1.677223,0.723208,0.281082,1.619591,-1.026999,-1.147269,0.639114,0.189868,0.549332,0.816266,0.105142,0.440547,-1.124657,0.463351
-0.018237,0.540566,1.029246,0.435114,0.721854,0.495542,-1.291110,0.339626,1.343797,0.271778,0.308091,0.563101,0.972105,1.486481,0.576289,0.342854,0.455377,1.760628,-1.287986,0.712829,1.037062,-0.554219,-1.727465,0.983785,-0.697075,-1.039373,1.082842,0.499427,0.496890,-1.073140,0.706135,0.288008,278.395759,1.180118,-1.644772,0.756344,0.346370,1.595784,-1.026999,-1.110370,0.591604,0.474326,0.376988,0.246772,1.531090,1.075005,-1.578111,0.812944
-0.018237,0.646194,3.143664,0.335071,0.659740,0.384781,-1.529605,0.324913,0.897059,0.069517,0.277677,0.747256,0.972105,1.200912,0.573307,0.256227,0.285881,1.760628,-1.348246,0.712829,0.429401,-0.705001,-1.445834,0.821214,-0.432207,-1.039373,1.360783,0.225113,-0.871335,-1.073140,0.362774,0.581854,736.290234,1.173335,-1.630635,0.136828,0.318845,2.078742,-0.440317,0.282968,0.272157,0.150848,0.530133,0.545028,1.531090,0.391530,-1.578111,0.812944
-1.318806,0.708429,3.152595,0.179607,0.742833,0.660526,-1.528398,0.695965,0.443267,0.146956,0.311982,0.638415,1.057904,1.109926,0.572327,0.297866,0.197712,0.520738,-1.537950,0.607455,0.179783,-0.705001,-1.700430,0.332135,-0.979449,-0.987111,1.360783,0.219791,-1.171198,-1.043501,0.557501,0.843631,993.940339,1.361680,-1.583640,0.193881,0.274000,2.084294,-1.031449,-0.756497,0.505832,0.249347,0.733871,0.476476,0.563194,0.953125,-1.616568,0.573627
-1.318806,0.684823,1.075238,0.208482,0.780112,0.668538,-1.444448,0.766599,1.178622,0.185841,0.376383,0.762351,1.057904,1.109926,0.614318,0.324336,0.203046,0.908093,-1.512385,0.793047,1.136910,-0.678930,-1.707642,0.596661,-0.979449,-0.987111,1.242515,0.260528,-1.171198,-0.428487,0.557501,1.180153,416.970004,1.358736,-1.750660,0.823328,0.328972,1.839720,-1.122723,-1.149503,0.728711,0.250930,0.638387,0.861036,0.563194,0.953125,-1.616568,0.573627
-0.219892,0.589544,0.886177,0.537744,0.815048,0.338593,-1.397835,0.459367,1.178622,0.421889,0.455523,0.690367,1.097998,2.080976,0.727102,0.488183,0.483900,2.322568,-1.538735,1.072627,1.136910,-0.822982,-1.660550,2.079047,-0.898315,-1.042160,1.242515,0.539354,0.314324,-1.121269,3.214220,0.374146,266.987549,1.318145,-1.815939,0.853147,0.320469,1.399041,-1.097580,-1.048699,0.623046,0.569344,0.451938,0.249539,1.678725,1.571785,-1.906862,0.532402
-0.219892,0.612936,2.341954,0.458674,0.709143,0.399361,-1.325405,0.384728,0.701448,0.316300,0.458369,0.819970,1.097998,2.080976,0.678549,0.502044,0.421895,2.322568,-1.256766,1.072627,0.445232,-0.900221,-1.436552,2.079047,-0.898315,-1.042160,1.560717,0.248217,-0.954260,-1.251978,3.214220,0.334663,703.793351,1.125686,-1.623508,0.158723,0.377732,1.978509,-0.558918,0.266955,0.242214,0.440419,0.673494,0.506371,1.678725,1.425759,-1.906862,0.532402
-1.048101,0.668855,2.245469,0.248837,0.769354,0.590344,-1.410269,0.617967,0.365021,0.163898,0.405901,0.642916,1.194994,1.304288,0.642389,0.377013,0.211467,0.517691,-1.339751,0.664901,0.288186,-0.951645,-1.617857,0.315537,-1.173247,-1.014886,1.560717,0.237777,-1.161477,-1.251978,0.493884,0.875801,854.704063,1.251849,-1.437318,0.215886,0.380984,2.208366,-1.056661,-0.893879,0.535151,0.310390,1.402855,0.482018,0.602334,1.704975,-1.430262,0.828301
-1.048101,0.694966,0.622203,0.263758,0.809435,0.642903,-1.360574,0.700246,1.130820,0.210551,0.431724,0.846664,1.194994,1.304288,0.620700,0.365065,0.218129,0.839346,-1.425144,0.765778,1.214897,-0.951645,-1.650011,0.838619,-1.173247,-1.014886,1.288971,0.280061,-1.161477,-0.426919,0.493884,1.073289,295.633487,1.294499,-1.385803,0.861674,0.386339,1.236654,-1.108060,-1.209040,0.728964,0.311978,1.358521,0.874994,0.602334,1.704975,-1.430262,0.828301
-0.458049,0.572829,0.909044,0.573230,0.833579,0.349747,-0.992583,0.549547,1.130820,0.346179,0.455701,0.667131,1.171866,2.363781,0.621679,0.481900,0.589062,2.450972,-0.737843,0.841763,1.214897,-1.186525,-1.740245,1.674451,-1.444732,-1.035405,1.288971,0.562026,0.173249,-1.075319,2.235186,0.428917,272.663436,0.771840,-2.055947,0.874726,0.505101,1.521308,-1.087663,-1.041775,0.608104,0.535979,0.516554,0.279410,1.804489,1.753618,-2.232981,1.057902
-0.458049,0.565348,3.497942,0.420579,0.697404,0.426782,-1.192085,0.493279,0.678218,0.112222,0.339472,1.053877,1.171866,2.363781,0.655402,0.435033,0.437001,2.450972,-1.177743,0.841763,0.559364,-1.186525,-1.218793,1.674451,-0.856559,-1.035405,1.897077,0.265616,-1.011359,-1.217568,0.444773,0.263649,793.960952,1.101964,-1.425352,0.209906,0.467708,2.162965,-0.566648,0.220432,0.260775,0.369908,0.514963,0.531406,1.761265,0.663048,-2.232981,1.057902
-1.349812,0.653464,3.431186,0.237036,0.751934,0.612746,-1.403881,0.751194,0.228561,0.174210,0.372980,0.962077,1.100863,1.496179,0.659778,0.428430,0.237004,1.302772,-1.429574,0.704367,0.049736,-0.945771,-1.460989,-0.066059,-1.240443,-1.036541,1.897077,0.281280,-1.189637,-1.217568,0.700862,1.036349,986.329564,1.301985,-1.683222,0.237182,0.467184,2.048094,-1.236316,-0.960217,0.538071,0.323261,1.358960,0.449327,0.813377,1.895229,-1.129703,1.162982
-1.349812,0.675867,0.684202,0.269134,0.821895,0.748739,-1.352679,0.731092,0.926148,0.236501,0.488951,1.271080,1.100863,1.496179,0.641645,0.463726,0.245645,2.294346,-1.274401,0.722136,1.444611,-0.914308,-1.762523,0.287592,-1.240443,-1.036541,1.466110,0.357136,-1.189637,-0.440595,0.700862,1.041682,304.440499,1.172197,-1.725598,0.874109,0.442084,1.438622,-1.236316,-1.268100,0.728267,0.345888,1.393214,0.849419,0.813377,1.895229,-1.129703,1.162982
-0.294993,0.624876,1.555624,0.247396,0.820850,0.618986,-1.346148,0.405958,0.926148,0.286904,0.383700,0.817472,1.140402,2.489426,0.600149,0.757941,0.637023,2.294346,-1.246558,1.195810,1.444611,-0.588623,-1.480648,2.845444,-1.124645,-1.034413,1.292427,0.541212,0.263043,-1.371261,3.031581,0.329361,430.048077,1.212870,-1.847779,0.865397,0.555335,1.623628,-1.140977,-0.903381,0.565033,0.519270,0.622891,0.208148,2.241173,1.575786,-2.004688,1.280519
-0.294993,0.711868,3.863158,0.209461,0.678575,0.738519,-1.312228,0.254478,0.817849,0.139482,0.306731,1.129842,1.140402,2.489426,0.628167,0.505368,0.554759,1.822643,-0.989227,1.195810,0.494145,-0.588623,-1.362716,2.845444,-1.124645,-1.034413,1.221099,0.285475,-0.904414,-1.371261,0.505606,0.519427,1050.585099,0.916067,-1.570651,0.213216,0.557095,1.947068,-0.901769,0.194769,0.308175,0.404955,0.508550,0.508672,2.241173,0.468746,-2.004688,1.280519
-1.478223,0.749944,2.740266,0.296557,0.721921,0.807251,-1.330035,0.627216,0.145654,0.186395,0.289779,0.926970,1.070215,1.350028,0.574146,0.371462,0.192444,1.041772,-1.129396,0.684818,0.223103,-0.629570,-1.508423,-0.231359,-1.188751,-1.031075,1.221099,0.256768,-1.087751,-1.149902,0.615589,0.565965,968.972331,0.996423,-1.683800,0.224777,0.341515,2.034394,-1.085050,-0.904348,0.592910,0.263791,0.706761,0.398289,0.570431,0.832261,-1.149940,0.825822
-1.478223,0.666110,0.576997,0.284339,0.775176,0.865438,-1.399591,0.747685,0.843136,0.247708,0.425632,0.955795,1.070215,1.350028,0.525888,0.545150,0.257418,1.041772,-1.339841,0.773962,1.657837,-0.629570,-1.944620,1.397339,-1.188751,-1.031075,1.103579,0.317907,-1.087751,-0.297063,0.615589,1.054019,274.945092,1.180122,-1.726561,0.825093,0.328814,1.637011,-1.123209,-1.151680,0.721110,0.308059,0.583481,0.742714,0.570431,0.832261,-1.149940,0.825822
0.068477,0.573549,1.908636,0.312194,0.787617,0.665062,-1.279355,0.286830,0.843136,0.306630,0.468255,1.010139,1.069641,1.774310,0.501732,0.785720,0.452441,2.556987,-1.232559,1.083971,1.657837,-1.155078,-1.693486,2.366037,-0.649803,-1.062118,1.103579,0.542374,0.237852,-1.046733,2.363911,0.267274,536.411380,1.173582,-1.812092,0.824615,0.763150,1.847882,-1.050962,-0.968788,0.544002,0.455594,0.395364,0.143123,0.758556,0.695614,-1.714226,5.216493
0.068477,0.630261,4.681596,0.317323,0.643985,0.856717,-1.204124,0.193875,0.742508,0.121345,0.384529,1.049715,1.069641,1.774310,0.501295,0.259969,0.211498,2.556987,-1.205445,1.083971,0.117571,-1.155078,-1.148844,2.366037,-0.649803,-1.062118,1.233473,0.245446,-0.782651,-1.046733,0.336738,0.569317,1216.638102,1.099837,-1.662939,0.181701,0.694160,2.272180,-0.549150,0.210864,0.242854,0.304114,0.369690,0.447293,0.758556,0.270150,-1.714226,5.216493
-1.729922,0.671719,3.661108,0.347528,0.717081,1.015319,-1.417693,0.786695,0.211141,0.177729,0.353019,0.706493,1.077696,1.103860,0.590501,0.400784,0.193863,1.458984,-1.320351,0.582290,0.173274,-0.519926,-1.580905,-0.228876,-1.718434,-1.012497,1.233473,0.256136,-0.886282,-0.903256,0.378281,0.498463,1208.466311,1.114437,-1.629675,0.204580,0.337810,2.229432,-0.930467,-0.819058,0.501381,0.199105,0.998695,0.356870,0.490197,1.147633,-2.071444,1.061934
-1.729922,0.710394,1.221929,0.399008,0.784490,0.654448,-1.442078,0.805605,1.267690,0.229694,0.351683,0.828426,1.077696,1.103860,0.614467,0.392632,0.205075,1.459610,-1.490671,0.789578,1.395926,-0.519926,-1.688699,1.260715,-1.718434,-1.012497,1.364435,0.316372,-0.886282,-0.574565,0.378281,1.276195,491.521160,1.359634,-1.599023,0.826956,0.398156,2.130713,-1.130340,-1.296247,0.760649,0.207652,1.020299,0.811181,0.490197,1.147633,-2.071444,1.061934
-0.178637,0.614593,1.176407,0.479441,0.834554,0.453988,-1.257246,0.331650,1.267690,0.454487,0.385821,0.826708,1.133770,2.332198,0.559535,0.504394,0.572950,3.158148,-1.284108,1.484208,1.395926,-1.224119,-1.732912,2.513856,-0.713356,-1.072102,1.321176,0.568570,0.287628,-1.560729,3.537015,0.286770,338.498114,1.250204,-1.681428,0.872246,0.647375,2.005791,-1.130340,-1.234488,0.672754,0.606370,0.513783,0.285165,1.943512,1.108726,-1.585880,1.939147
-0.178637,0.582179,3.109110,0.423674,0.717593,0.506692,-1.301515,0.407234,0.694424,0.350557,0.407221,0.937166,1.133770,2.332198,0.619598,0.485229,0.482554,3.158148,-1.205047,1.484208,0.265820,-1.224119,-1.376483,2.513856,-0.713356,-1.072102,1.503218,0.239456,-0.919948,-1.560729,3.537015,0.186732,769.388784,1.202110,-1.462162,0.182038,0.628213,1.929534,-0.517570,0.228509,0.214156,0.503109,0.570790,0.475560,1.943512,0.963547,-1.543083,1.939147
-1.021695,0.618060,2.920491,0.293997,0.774575,0.690911,-1.393854,0.661581,0.294736,0.167214,0.433219,0.666473,1.185526,1.207453,0.638485,0.346429,0.216167,0.971821,-1.298183,0.626432,0.342965,-0.973669,-1.479723,0.778695,-1.301863,-1.028748,1.503218,0.249616,-1.218890,-1.166061,0.482577,0.801888,901.900607,1.152727,-1.758432,0.216629,0.368923,1.914600,-0.947506,-0.868282,0.495696,0.285351,1.175866,0.471691,0.712841,1.398577,-1.710975,0.701425
-1.021695,0.690337,0.994735,0.284426,0.831574,0.742967,-1.349186,0.666932,1.081882,0.199038,0.399266,0.886334,1.185526,1.207453,0.645815,0.366144,0.224271,0.971821,-1.432033,0.800414,1.092587,-0.973669,-1.387856,0.778695,-1.301863,-1.028748,1.446665,0.296308,-1.218890,-0.554803,0.482577,1.210837,359.184339,1.247719,-1.721936,0.877853,0.373282,1.640631,-1.129023,-1.195710,0.726128,0.280752,1.229669,0.854239,0.712841,1.398577,-1.710975,0.701425
-0.351237,0.595598,1.212308,0.658804,0.880584,0.548171,-1.199474,0.428322,1.081882,0.460597,0.414577,0.641844,1.221200,2.247747,0.693072,0.643824,0.577774,2.203003,-1.240686,1.294224,1.092587,-1.390769,-1.758428,2.060740,-1.363397,-1.044529,1.429521,0.585468,0.233695,-1.146917,3.519440,0.484522,351.450398,1.148672,-1.761754,0.924457,0.549223,1.658961,-1.129023,-1.112462,0.655497,0.638043,0.805578,0.242023,2.134075,1.879890,-2.097497,1.245761
-0.351237,0.565061,3.748557,0.586067,0.732069,0.558174,-1.350847,0.407874,0.692849,0.373695,0.451603,0.867559,1.221200,2.247747,0.705593,0.619969,0.524716,2.203003,-1.500715,1.294224,0.542085,-1.390769,-1.166806,2.060740,-1.363397,-1.044529,1.691845,0.297336,-0.932383,-1.356280,3.519440,0.303957,849.914344,1.274809,-1.665075,0.238407,0.583988,2.297692,-0.686805,0.129330,0.273162,0.530074,0.685031,0.490722,2.134075,1.879890,-2.097497,1.245761
-1.359265,0.624199,3.402763,0.362313,0.751800,0.708291,-1.402526,0.707963,0.435672,0.178876,0.458930,0.726278,1.185139,1.233583,0.647923,0.406368,0.258329,0.755484,-1.461196,0.597823,0.075807,-1.258506,-1.520954,0.990677,-1.254526,-1.031962,1.691845,0.282393,-1.268857,-1.356280,0.705210,0.969082,1008.799246,1.281053,-1.676042,0.223873,0.486158,2.427882,-1.204371,-0.831556,0.501149,0.303136,1.337413,0.509705,0.891987,1.532872,-1.327566,0.949576
-1.359265,0.707871,0.929574,0.320074,0.809676,0.745274,-1.540208,0.773665,0.995373,0.228160,0.507119,0.840539,1.185139,1.233583,0.635867,0.427283,0.275181,0.837700,-1.770270,0.761374,1.196171,-1.258506,-1.571395,0.990677,-1.254526,-1.034713,1.577590,0.331466,-1.268857,-0.405185,0.705210,1.041865,381.994276,1.509220,-1.668561,0.856228,0.458654,2.044155,-1.204371,-1.254719,0.758941,0.299304,1.384640,0.845780,0.891987,1.532872,-1.378744,0.949576
-0.313676,0.591900,1.038300,0.600968,0.823766,0.379373,-1.201024,0.494438,0.995373,0.416252,0.413180,0.776808,1.087092,2.214506,0.682633,0.616747,0.600468,3.258719,-1.188847,1.144891,1.196171,-0.599411,-1.603520,2.176475,-1.018833,-1.045078,1.568113,0.569853,0.238250,-1.637292,3.419043,0.438264,302.625623,1.015201,-1.856665,0.865395,0.412112,1.482369,-1.098854,-1.106347,0.617077,0.621600,0.464502,0.216279,1.851387,1.560865,-2.290514,0.930363
-0.313676,0.620091,3.041242,0.577527,0.712331,0.451244,-1.236038,0.393058,0.571372,0.315896,0.434043,0.986140,1.087092,2.214506,0.648894,0.601616,0.551398,3.258719,-1.260752,1.144891,0.360719,-0.790157,-1.435564,2.176475,-1.018833,-1.045078,1.347802,0.307959,-1.013643,-1.637292,3.419043,0.197531,788.832546,1.167311,-1.728720,0.172528,0.461648,1.947818,-0.784008,0.261499,0.203817,0.524713,0.590475,0.487332,1.851387,1.560865,-2.290514,0.930363
-0.785220,0.693156,0.318864,0.309166,0.788662,0.840500,-1.232616,0.577840,0.780390,0.224668,0.445507,0.794364,1.105735,1.775479,0.556241,0.312172,0.197450,1.029239,-1.012993,0.814675,1.005592,-1.664455,-1.687486,0.771496,-1.241338,-1.024711,1.169937,0.332657,-1.245284,-0.346521,0.559144,0.890874,182.705458,0.974191,-1.779285,0.844135,0.380644,0.775650,-1.076616,-1.314969,0.732335,0.347135,1.244815,0.796492,0.545795,2.452794,-1.274187,0.842882
0.142966,1.031813,0.747437,0.013534,0.370388,0.227036,-1.232773,0.039465,0.123618,0.016951,0.043887,0.144598,0.394564,-0.124523,0.193030,0.048052,0.010457,0.031078,-1.255433,0.582816,0.044746,-0.245381,-1.317747,-0.125112,0.004191,0.086691,0.954141,0.070735,-0.751109,-0.527411,0.239938,0.435021,313.859121,1.218244,-1.779082,0.024771,0.068483,1.636134,-0.378479,0.667154,0.186429,0.005248,0.326311,0.310530,-0.402144,0.038769,-0.199130,0.126197
0.316454,1.236211,0.508086,0.003150,0.374583,0.049399,-0.826501,0.026561,-0.614929,0.002491,0.010592,0.030999,0.380039,-0.135275,0.016555,0.009015,0.002369,-0.109978,-1.019210,0.546575,0.017557,-0.049962,-0.819635,-0.342918,0.011270,0.198050,0.443093,0.005875,-0.803291,-0.119504,0.233502,0.075734,168.157581,0.792568,-1.655099,0.002101,0.014358,1.435910,-0.365367,1.224074,0.007659,0.001014,0.112378,0.051686,-0.405281,0.067430,-0.009792,-0.024463
0.283954,1.253153,3.234909,0.011879,0.380831,0.485566,-1.282371,0.056520,-0.426587,0.011371,0.051391,0.587028,0.472725,-0.123604,0.091399,0.044827,0.007867,0.587112,-1.179152,0.557780,0.028266,-0.036418,-1.008608,-0.473695,-0.026008,0.114152,0.544329,0.042938,-0.708441,-0.174637,0.257793,0.211029,626.441416,1.116680,-1.514897,0.041915,0.101585,1.435469,-0.399313,1.176399,0.037706,0.004074,0.285101,0.084309,-0.408269,0.102651,0.144317,0.091922
0.512970,0.746445,1.603842,0.036981,0.341216,0.619695,-1.245711,0.110790,0.411780,0.039398,0.178373,0.432631,0.455996,0.031416,0.279832,0.272975,0.037353,1.529185,-1.332743,0.729758,0.246114,-0.418245,-1.204360,1.450285,0.001933,-1.037126,1.486581,0.113800,-0.001045,-0.556559,0.415192,0.205799,527.796130,1.268303,-1.752351,0.046529,0.313650,1.723913,-0.595414,0.571781,0.098712,0.028576,0.239711,0.094360,-0.170458,-0.054675,-1.190485,1.012724
0.463610,0.979724,0.206530,0.034786,0.377908,0.066615,-1.111089,0.066696,-0.417417,0.013526,0.044797,0.174699,0.429317,-0.067057,0.124182,0.087939,0.020102,0.035260,-0.950007,0.574840,0.053376,-0.212969,-1.574301,-0.245465,-0.007828,-0.461422,0.660958,0.028843,-0.732689,-0.282489,0.285439,0.087223,110.048212,1.009845,-1.645716,0.026013,0.100996,0.942094,-0.437267,0.864698,0.057897,0.017747,0.154078,0.092974,-0.331814,-0.284848,-0.110338,0.114522
0.697015,0.920608,0.318542,0.025400,0.376198,0.283775,-1.320459,0.169892,-0.486798,0.012576,0.035563,0.098338,0.407556,-0.108225,0.169173,0.054164,0.013004,-0.073708,-1.226254,0.567275,0.029342,-0.104965,-1.557046,0.029360,-0.012900,0.177455,0.947026,0.017894,-0.742748,-0.250539,0.244714,0.144774,146.405203,1.076495,-1.504263,0.035269,0.079135,1.146307,-0.392233,0.884861,0.030742,0.008221,0.540644,0.072461,-0.405862,0.764344,-0.159284,0.111300
0.020908,0.751276,2.583140,0.169011,0.694222,0.488319,-1.346155,0.594876,0.295402,0.109368,0.191870,0.225585,1.046416,0.808819,0.484026,0.146910,0.126343,-0.020865,-1.329024,0.864436,0.328436,-0.724726,-1.686809,0.791029,-0.848499,-0.674315,1.167944,0.224326,-0.635420,-0.335526,0.825382,0.617005,785.695375,1.230927,-1.517734,0.205047,0.208418,2.526978,-0.551076,-0.961800,0.583239,0.200377,0.707203,0.215587,0.439858,0.609418,-1.499616,0.291861
0.020908,0.665871,0.300848,0.291080,0.706530,0.601398,-1.347780,0.544350,1.348185,0.155506,0.297262,0.233450,1.046416,0.808819,0.545400,0.169654,0.136483,0.214786,-1.107826,0.763329,0.971178,-0.724726,-1.565522,0.792302,-0.848499,-0.674315,1.167944,0.239960,-0.635420,-0.165893,0.578312,1.177680,161.790289,1.046047,-1.667938,0.750284,0.209545,1.000433,-0.977390,-1.225558,0.684272,0.181254,0.582282,0.745370,0.439858,0.590833,-1.499616,0.291861
-0.214387,0.510555,0.775513,0.443981,0.733864,0.330906,-1.171278,0.352155,1.348185,0.377239,0.376624,0.521108,1.067445,1.777679,0.498327,0.407400,0.485243,1.335732,-1.149160,0.852982,0.971178,-1.465863,-1.591659,1.625031,-0.915182,-1.037665,0.834439,0.448507,0.533871,-1.730416,3.399689,0.279384,251.162695,1.166001,-1.852222,0.759510,0.366144,1.586754,-0.947569,-0.997211,0.511163,0.526964,0.384370,0.227366,1.593850,1.266717,-1.048610,0.998518
-0.214387,0.596230,3.072459,0.330667,0.665713,0.292869,-1.493986,0.397442,0.950875,0.124266,0.309788,0.559437,1.067445,1.777679,0.438845,0.286475,0.242542,1.335732,-1.508792,0.852982,0.701140,-1.465863,-1.283230,1.625031,-0.547301,-1.026423,1.233533,0.154995,-0.879174,-1.730416,0.872081,0.394722,803.941613,1.420249,-1.461377,0.151944,0.360000,1.951903,-0.484212,0.256906,0.258787,0.302174,0.401227,0.541659,0.538697,0.562286,-1.048610,0.998518
-1.144890,0.684783,3.026638,0.197276,0.760266,0.509162,-1.489763,0.676836,0.453978,0.148501,0.316014,0.670604,1.154518,1.132762,0.580631,0.320124,0.190322,1.027954,-1.489510,0.560408,0.146084,-0.782122,-1.524392,0.300228,-1.112328,-1.031408,1.233533,0.253559,-1.180092,-1.045877,0.369318,0.868206,998.743355,1.284103,-1.702297,0.202595,0.311442,2.318485,-0.983660,-0.780878,0.495668,0.266582,1.079268,0.520674,0.564432,1.128085,-1.715551,0.569235
-1.144890,0.703746,0.905302,0.207490,0.803438,0.498566,-1.504089,0.730525,1.252072,0.185060,0.383685,0.932553,1.154518,1.132762,0.622377,0.336627,0.190973,1.255015,-1.575577,0.820814,1.016217,-0.782122,-1.828910,0.432400,-1.112328,-1.031408,1.302610,0.298451,-1.180092,-0.482801,0.369318,1.027998,346.198060,1.427718,-1.249993,0.846640,0.329757,1.874065,-1.129232,-1.201404,0.740930,0.267974,1.065407,0.904811,0.564432,1.128085,-1.715551,0.531595
-0.316812,0.608162,0.774598,0.551146,0.835286,0.493089,-1.197735,0.485976,1.252072,0.420893,0.365483,0.732173,1.114247,2.223470,0.699173,0.493137,0.580662,2.363115,-1.251856,0.997629,1.016217,-1.128937,-1.625834,1.951662,-1.229495,-1.034407,1.228682,0.563973,0.270392,-1.232497,2.827477,0.307209,241.426447,1.148053,-1.970430,0.875895,0.384640,1.689313,-1.116085,-1.079208,0.650693,0.578367,0.513280,0.284034,2.152506,1.734226,-1.896683,0.836652
-0.316812,0.615265,3.101402,0.511285,0.713976,0.473831,-1.284632,0.412064,0.687462,0.325576,0.365345,0.829010,1.114247,2.223470,0.699552,0.502358,0.532016,2.363115,-1.356762,0.997629,0.293519,-1.128937,-1.465990,1.951662,-1.229495,-1.032763,1.587512,0.281810,-0.943093,-1.232497,2.827477,0.335361,789.938830,1.181871,-1.566914,0.179392,0.406207,1.524626,-0.592499,0.213757,0.263545,0.461203,0.678973,0.511503,2.152506,1.734226,-1.896683,0.836652
-1.293894,0.680697,3.064770,0.347548,0.765890,0.586301,-1.334908,0.689452,0.333252,0.173356,0.395747,0.648758,1.151923,1.152349,0.652652,0.377092,0.238227,2.179146,-1.017810,0.658791,0.140140,-1.088101,-1.789160,0.372345,-1.234059,-1.029406,1.587512,0.273326,-1.237772,-1.222272,0.679701,1.036399,985.371038,0.879949,-1.641641,0.214709,0.403913,2.177414,-1.225937,-0.857870,0.532996,0.313844,1.395510,0.469002,0.722175,1.819872,-1.381406,0.779138
-1.293894,0.714913,0.840149,0.337011,0.816453,0.645685,-1.513546,0.776170,1.182137,0.224205,0.495029,0.788568,1.151923,1.152349,0.643623,0.378298,0.248477,2.179146,-1.627318,0.762493,1.303183,-1.088101,-1.936236,0.442869,-1.234059,-1.029406,1.509489,0.324550,-1.237772,-0.462394,0.679701,1.097034,333.814351,1.402088,-1.755943,0.866326,0.400301,1.395166,-1.225937,-1.234649,0.755923,0.317685,1.394413,0.912031,0.722175,1.819872,-1.464735,0.779138
-0.356032,0.613310,1.160187,0.569597,0.831592,0.360001,-1.166371,0.531240,1.182137,0.434340,0.462611,0.709501,1.142627,2.419389,0.726608,0.539408,0.507488,2.735038,-1.054810,0.991872,1.303183,-0.551709,-1.828911,1.539277,-1.027740,-1.041830,1.509489,0.547489,0.189235,-0.999422,2.969002,0.360197,321.295438,1.072713,-1.857217,0.874312,0.463614,1.904837,-1.078472,-1.124668,0.636096,0.564834,0.521683,0.288749,1.642272,2.001768,-2.132962,1.029200
-0.356032,0.653346,3.531442,0.519392,0.716055,0.370320,-1.174646,0.410687,0.622122,0.334809,0.389542,0.933269,1.142627,2.419389,0.680280,0.516738,0.454273,2.735038,-0.952150,0.991872,0.232128,-0.656979,-1.290677,1.539277,-1.027740,-1.041830,1.757044,0.258027,-0.969851,-1.240374,2.969002,0.260356,819.844591,0.984110,-1.457360,0.182991,0.505509,2.468375,-0.618810,0.302888,0.232642,0.453539,0.604419,0.496813,1.642272,1.523730,-2.132962,1.029200
-1.324912,0.699650,3.125768,0.262043,0.770770,0.615428,-1.531530,0.713060,0.206601,0.178152,0.344263,0.844097,1.109573,1.432410,0.664770,0.397704,0.265648,1.634668,-1.428356,0.706880,0.188807,-1.064221,-1.506421,-0.058273,-1.344962,-1.039189,1.757044,0.268595,-1.242238,-1.240374,0.826148,1.044439,939.484139,1.237072,-1.768305,0.220804,0.416823,2.172850,-1.176543,-0.948430,0.558923,0.304183,1.319550,0.452197,0.960013,2.236532,-1.376424,0.823152
-1.324912,0.687917,0.583912,0.299838,0.829498,0.959909,-1.309260,0.717127,0.937030,0.238500,0.483511,1.283178,1.109573,1.432410,0.640130,0.424254,0.271689,1.912389,-1.230263,0.757421,1.409587,-0.930728,-1.762867,0.520793,-1.344962,-1.039189,1.363095,0.364202,-1.242238,-0.391176,0.826148,0.940223,279.780370,1.119581,-1.720268,0.882789,0.395845,1.517409,-1.176543,-1.245823,0.735208,0.320502,1.379209,0.824607,0.960013,2.236532,-1.389166,0.823152
-0.183131,0.606670,1.384906,0.481373,0.850020,0.784292,-1.242675,0.338833,0.937030,0.359269,0.330448,0.707486,1.166636,2.509084,0.587000,0.720041,0.569442,1.994727,-1.177515,1.037719,1.409587,-1.012947,-1.754994,3.325163,-1.060885,-1.064436,1.205082,0.593302,0.192720,-1.586223,3.472709,0.330867,394.299576,1.147796,-1.885066,0.889849,0.809365,1.898320,-1.107291,-0.905522,0.563497,0.491677,0.821392,0.211629,1.845252,2.038618,-1.822793,1.754077
-0.183131,0.615619,4.034251,0.464940,0.671812,0.909169,-1.188364,0.256705,0.732105,0.194799,0.271271,1.089767,1.166636,2.509084,0.581817,0.547220,0.470070,1.994727,-0.927134,1.037719,0.429175,-1.012947,-1.428787,3.325163,-1.060885,-1.064436,1.476692,0.327940,-0.956526,-1.586223,2.941351,0.519753,1030.210500,0.820500,-1.754279,0.200946,0.767181,2.046239,-0.783422,0.147675,0.268871,0.371406,0.650917,0.463962,1.845252,1.879564,-1.822793,1.754077
-1.353011,0.677105,2.981668,0.257248,0.714888,0.892854,-1.431144,0.664695,0.148405,0.169561,0.235667,0.920868,1.057434,1.007060,0.548887,0.336398,0.185902,1.258387,-1.296182,0.638086,0.251352,-0.776400,-1.589905,-0.146804,-1.142463,-0.996539,1.476692,0.273430,-1.079103,-1.046092,0.393793,0.667258,945.641361,1.156121,-1.765377,0.200447,0.376431,1.973890,-0.875327,-0.829224,0.525823,0.194661,1.033556,0.399667,0.397699,0.842758,-1.401304,0.762878
-1.353011,0.675096,0.592880,0.262283,0.779694,0.754960,-1.326623,0.728012,1.023908,0.230171,0.369952,0.933870,1.057434,1.007060,0.527634,0.486055,0.252298,1.258387,-1.299483,0.747964,1.614380,-0.776400,-1.881797,1.785289,-1.142463,-0.996539,1.106486,0.343585,-1.079103,-0.502478,0.393793,1.121486,267.662116,1.245865,-1.501704,0.833203,0.385464,1.496656,-1.061362,-1.164631,0.721073,0.240004,0.762854,0.781386,0.397699,0.842758,-1.401304,0.824562
0.262615,0.614648,1.650797,0.235042,0.810978,0.528081,-1.334996,0.238329,1.023908,0.311123,0.380794,0.759490,1.036106,1.532634,0.482690,0.811793,0.444050,2.115449,-1.449232,1.187768,1.614380,-0.686609,-1.377576,2.426359,-0.569443,-1.062508,1.106486,0.556568,0.255415,-1.016549,2.545557,0.387640,442.932174,1.376059,-1.701417,0.851781,0.636318,1.866922,-1.056818,-1.029931,0.606354,0.459212,0.607536,0.207081,0.932424,1.154247,-2.046835,1.536267
0.262615,0.665255,5.126949,0.190442,0.657527,0.692732,-1.345152,0.171903,0.688098,0.097771,0.286013,1.000891,1.036106,1.532634,0.498586,0.229200,0.170857,2.115449,-1.183498,1.187768,0.324835,-0.588441,-1.352857,2.426359,-0.569443,-1.062508,1.203932,0.225494,-0.977965,-1.016549,0.290359,0.702192,1254.067597,1.173715,-1.449277,0.159214,0.551774,2.260816,-0.532298,0.273965,0.236002,0.253468,0.380903,0.506104,0.496886,0.843110,-2.046835,1.536267
-1.773245,0.687843,3.805864,0.178886,0.711302,0.949897,-1.348798,0.831703,0.211353,0.159688,0.291408,0.855104,1.037199,0.883942,0.548008,0.386430,0.221591,0.847825,-1.212158,0.566834,0.594583,-0.551190,-1.623091,0.157730,-1.599296,-0.903820,1.203932,0.236822,-1.102757,-1.006499,0.442240,0.586869,1223.463225,1.147827,-1.629174,0.178920,0.259195,2.209382,-1.081245,-0.648204,0.469834,0.202909,1.478859,0.419834,0.466933,1.425835,-1.708192,0.638841
-1.773245,0.628379,0.886053,0.276228,0.738674,0.624958,-1.262123,0.926998,1.295137,0.202644,0.394665,1.052864,1.037199,0.883942,0.600469,0.349589,0.221163,1.474595,-1.329558,0.678856,1.313668,-0.551190,-1.810468,0.750466,-1.599296,-0.962845,1.199871,0.279504,-1.102757,-0.330372,0.442240,1.464689,349.464759,1.179490,-1.810219,0.779477,0.348171,1.801920,-1.133928,-1.038542,0.682745,0.207703,1.568679,0.896215,0.466933,1.425835,-1.925804,0.638841
-0.458537,0.553631,0.870232,0.564327,0.780762,0.287086,-1.348547,0.551889,1.295137,0.417043,0.521540,0.603610,1.139158,2.408752,0.627731,0.543820,0.613451,2.419025,-1.220754,1.174509,1.313668,-0.817627,-1.781399,1.911882,-1.253915,-1.059716,1.189177,0.522512,0.428287,-1.659612,3.480172,0.257454,265.985064,1.158420,-1.907020,0.817122,0.545987,1.607216,-1.105619,-0.986989,0.579188,0.587557,0.473963,0.248223,1.983549,1.329178,-1.606102,1.617876
-0.458537,0.590904,3.077454,0.519393,0.714512,0.291874,-1.243495,0.471647,0.800597,0.316839,0.491998,0.876306,1.139158,2.408752,0.659679,0.543766,0.545418,2.419025,-1.150214,1.174509,0.428642,-0.928097,-1.309782,1.911882,-1.253915,-1.059716,1.361466,0.230597,-0.961838,-1.659612,3.480172,0.305555,784.280155,1.023582,-1.544965,0.162573,0.523199,2.168436,-0.759743,0.281247,0.211828,0.483364,0.477927,0.517278,1.983549,1.329178,-1.290329,1.617876
-1.115169,0.636718,2.637079,0.310695,0.771575,0.635104,-1.466743,0.629794,0.367593,0.172957,0.387500,0.822775,1.138294,1.443828,0.629014,0.345906,0.229617,1.207630,-1.384444,0.648943,0.325283,-0.946317,-1.446035,0.546811,-1.294617,-1.027361,1.361466,0.266125,-1.225087,-1.073659,0.637302,0.910899,877.963343,1.152776,-1.680629,0.211643,0.439649,2.256181,-1.176267,-0.880297,0.505057,0.330585,1.431159,0.492399,0.669765,1.679564,-1.354201,0.957246
-1.115169,0.664987,0.617628,0.308213,0.822269,0.675173,-1.236378,0.667059,1.013970,0.219976,0.409240,0.930294,1.138294,1.443828,0.637096,0.362682,0.236729,1.207630,-1.128924,0.758426,0.979687,-0.946317,-1.487142,1.193173,-1.294617,-1.027361,1.381325,0.316738,-1.225087,-0.627460,0.637302,1.179290,284.234277,1.012330,-1.831799,0.869428,0.441196,0.931843,-1.176267,-1.200978,0.715596,0.325601,1.464306,0.851364,0.669765,1.679564,-1.369112,0.957246
-0.379413,0.576743,0.923248,0.666547,0.843366,0.407884,-1.273653,0.488307,1.013970,0.399498,0.464713,0.662508,1.152135,2.520858,0.703581,0.525084,0.612157,1.960719,-1.266010,1.014617,1.022507,-0.916509,-1.680535,1.881581,-1.457281,-1.031927,1.353771,0.561239,0.145197,-1.139294,3.025448,0.403435,274.257755,1.235056,-1.899721,0.885365,0.474268,1.319069,-1.066426,-1.020047,0.606588,0.585614,0.623947,0.244511,2.232902,2.266788,-2.361204,0.939690
-0.379413,0.650555,2.891423,0.575907,0.718811,0.391196,-1.321819,0.374940,0.601586,0.318034,0.428190,0.835313,1.152135,2.520858,0.710426,0.513118,0.549999,1.960719,-1.221047,1.014617,0.463474,-0.916509,-1.063266,1.881581,-1.457281,-1.031927,1.722790,0.287694,-0.943560,-1.406310,3.025448,0.299253,738.606927,1.171134,-1.586011,0.201081,0.529512,2.037004,-0.679554,0.250088,0.275702,0.501686,0.756446,0.491965,2.232902,2.266788,-2.361204,0.939690
-1.141326,0.693284,2.786758,0.385837,0.768690,0.526466,-1.335806,0.602567,0.387248,0.151788,0.476898,0.640274,1.165028,1.191413,0.600083,0.388364,0.233243,0.845417,-1.032309,0.611981,0.011230,-1.381239,-1.670933,1.001942,-1.187710,-1.032642,1.722790,0.273310,-1.272990,-1.406310,0.573130,0.822644,913.944708,0.859919,-1.503649,0.212152,0.536261,1.917015,-1.216385,-0.931143,0.547859,0.298331,1.397791,0.499789,0.842776,1.565112,-1.680818,1.079770
-1.141326,0.744771,0.839812,0.344607,0.832347,0.642872,-1.564648,0.673668,1.004776,0.207740,0.523559,0.785299,1.165028,1.191413,0.537073,0.402271,0.244123,1.120434,-1.460699,0.832652,1.238630,-1.381239,-1.500195,1.030031,-1.187710,-1.036208,1.310611,0.338700,-1.272990,-0.511956,0.573130,0.899914,350.462070,1.369051,-1.781752,0.881116,0.481234,0.680854,-1.216385,-1.391637,0.789712,0.299371,1.428249,0.883387,0.842776,1.565112,-1.725372,1.079770
-0.406782,0.581866,1.171295,0.723864,0.867871,0.398385,-1.267957,0.459567,1.004776,0.473575,0.571445,0.678588,1.195339,2.325335,0.634428,0.679715,0.706255,2.550004,-1.158657,1.268865,1.248232,-1.371109,-1.745831,2.816516,-1.247203,-1.040147,1.202148,0.557393,0.160014,-1.464645,3.357344,0.391618,350.271422,1.112205,-1.931074,0.910298,0.545953,1.741068,-1.101929,-1.158791,0.628429,0.666244,0.583701,0.245492,2.194021,1.628001,-1.597807,1.843114
-0.406782,0.546188,2.594211,0.600659,0.690506,0.485441,-1.402448,0.400994,0.610473,0.165651,0.494204,0.955088,1.195339,2.325335,0.658512,0.619543,0.566231,2.550004,-1.356966,1.268865,0.671024,-1.371109,-1.442725,2.816516,-1.247203,-1.040147,1.449778,0.258520,-0.996420,-1.464645,1.097487,0.296699,700.143218,1.304987,-1.748967,0.220057,0.520122,1.657742,-0.818286,0.175255,0.226471,0.549143,0.628425,0.488032,2.086499,0.627879,-1.597807,1.843114
-0.703587,0.646370,0.268487,0.295978,0.732525,0.735340,-1.411623,0.555607,0.805604,0.165932,0.451961,0.625111,1.040644,1.585062,0.489127,0.257740,0.167330,0.328148,-1.543081,0.761735,0.958216,-0.803645,-1.830061,1.014983,-1.075479,-1.022524,1.181057,0.226570,-1.201697,-0.269348,0.521528,0.847000,165.740855,1.349149,-1.412040,0.779192,0.263645,0.960658,-1.069090,-1.246091,0.668246,0.297528,0.833304,0.796511,0.454620,1.783686,-0.882463,0.679093
-0.202479,1.146579,0.734347,0.013279,0.406838,0.219833,-0.996448,0.098123,0.056969,0.014561,0.038846,0.247997,0.468272,-0.131727,0.186654,0.039105,0.006935,0.648030,-0.836483,0.570015,0.044438,-0.322872,-1.042895,-0.047221,-0.011171,0.025894,0.774397,0.041633,-0.723773,-0.501053,0.247455,0.352566,322.369268,0.967190,-1.614341,0.018895,0.076696,1.586851,-0.366710,0.882563,0.140411,0.003839,0.270124,0.261083,-0.403780,0.185155,-0.227548,0.178400
0.280459,1.269306,0.597027,0.003288,0.371644,0.049522,-0.685735,0.036041,-0.713227,0.005335,0.008548,0.030984,0.381281,-0.135770,0.019740,0.008657,0.002198,-0.195338,-0.769465,0.549950,0.017755,-0.038379,-1.189661,-0.354814,0.008526,0.177028,0.470112,0.014578,-0.793256,-0.145718,0.232937,0.043338,182.703037,0.648935,-1.575784,0.005761,0.016828,1.570027,-0.367087,1.248557,0.011768,0.001517,0.080086,0.021015,-0.413603,0.090893,0.008856,0.013932
0.404476,1.225413,1.747221,0.011125,0.370325,0.555591,-1.408112,0.026600,-0.524658,0.006642,0.053995,0.359532,0.390695,-0.124975,0.069386,0.024888,0.005062,0.608038,-1.382692,0.552489,0.028012,-0.061709,-0.936078,-0.330247,0.004728,0.134157,0.443045,0.029202,-0.680968,-0.198783,0.257665,0.178333,416.109607,1.317339,-1.478812,0.005008,0.104055,1.990516,-0.391431,1.192553,0.032800,0.004251,0.195102,0.040046,-0.414610,-0.018743,0.081726,0.128136
0.162328,0.774211,2.079167,0.382525,0.563278,0.766759,-1.317212,0.265152,-0.096280,0.052644,0.200316,0.371342,0.728309,0.111408,0.139495,0.160792,0.126423,0.141459,-1.316151,0.600690,0.522171,-0.189124,-1.096265,-0.670818,-0.558991,-0.194083,0.695859,0.133916,-0.756410,-0.153482,0.300346,0.143989,673.286256,1.277984,-1.562474,0.078968,0.124730,1.275048,-0.372497,-0.420817,0.485391,0.050130,0.201557,0.167705,0.419914,0.288361,-0.638086,0.475981
0.162328,0.612465,0.669555,0.368207,0.474976,0.506033,-1.267865,0.278050,0.376003,0.053200,0.320990,0.383813,0.728309,0.111408,0.147380,0.191784,0.135323,0.315124,-1.245293,0.651048,0.786698,-0.174718,-1.695724,-1.366599,-0.558991,-0.194083,0.695859,0.147807,-0.752136,-0.101686,0.300346,0.399655,291.263829,1.179135,-1.700578,0.261204,0.155514,1.701147,-0.707150,-0.753853,0.659274,0.068259,0.218423,0.366359,0.419914,0.241083,-0.792235,0.475981
0.162328,0.458384,0.243568,0.277775,0.354502,0.243419,-1.205695,0.311467,0.695077,0.057258,0.256226,0.173859,0.713818,0.111408,0.078639,0.150867,0.134519,0.315124,-1.255712,0.651048,1.238097,0.117366,-1.750302,-0.995753,-0.550761,-0.194083,0.677287,0.078794,-0.406039,-0.142317,0.274728,0.825930,123.293560,1.142613,-1.388897,0.400579,0.282654,0.916949,-0.707150,-0.753853,0.270891,0.111052,0.309272,0.342417,0.419914,0.281026,-0.798879,0.475981
0.369842,0.511214,0.283878,0.186885,0.237729,0.257057,-0.912804,0.203326,0.695077,0.068798,0.412662,0.221960,0.508911,-0.143363,0.080214,0.119510,0.155384,0.409237,-0.629723,0.651048,1.355700,-0.050783,-1.520896,0.695807,0.104100,-0.332260,0.576289,0.207597,0.132721,-0.360294,0.274728,0.411863,128.552057,0.558166,-1.624303,0.240724,0.237249,0.865337,-0.707150,-0.753853,0.557563,0.132376,0.559072,0.148025,-0.124708,0.281026,-0.798879,0.195873
0.605574,1.138697,0.251019,0.002541,0.376620,0.031566,-0.799820,0.015120,-0.675534,0.012709,0.003428,0.013786,0.385437,-0.304307,0.488209,0.109418,0.052356,-0.225134,-0.993164,-0.118743,0.019176,-0.031112,-0.747281,-0.351372,0.013595,-4.616825,21.813288,0.053238,-0.731838,-0.134327,0.020329,0.040804,151.243825,0.749695,-1.446998,0.004325,0.005677,1.039624,-0.364856,1.112957,0.010903,0.004322,0.019906,0.012973,1.850722,-20.939590,-0.008467,0.119922
0.622863,1.100170,0.234936,0.002024,0.380275,0.042688,-0.830729,0.010722,-0.647092,0.012709,0.002615,0.022693,0.382705,-0.231045,0.488209,0.109418,0.052356,-0.227306,-0.976927,0.158194,0.015411,-0.030758,-0.951418,-0.355105,0.013385,-2.755586,13.538036,0.053238,-0.700592,-0.128890,0.107915,0.056077,166.665607,0.805453,-1.569329,0.001748,0.005677,1.022712,-0.364551,1.030732,0.033055,0.004322,0.029086,0.010931,0.963283,-11.910496,-0.017296,0.023691
0.560350,1.185771,0.207759,0.001021,0.375132,0.002406,-0.803388,0.012121,-0.641168,0.010170,0.000924,0.005665,0.379379,-0.157783,0.390665,0.087556,0.041895,-0.246409,-0.963930,0.435132,0.017780,-0.023370,-0.780017,-0.368555,0.014813,-0.818346,4.924880,0.042601,-0.703280,-0.117896,0.195501,0.024968,117.993508,0.764434,-1.367611,0.004044,0.004543,0.955176,-0.363909,1.158116,0.007323,0.003459,0.015380,0.015505,0.039607,-2.881402,-0.012396,-0.076469
0.581315,1.185590,0.305586,0.000688,0.369427,0.018864,-0.980836,0.013986,-0.643459,0.001390,0.003623,0.014660,0.379714,-0.128373,0.009731,0.006815,0.001152,-0.249556,-1.097034,0.543425,0.016665,-0.031823,-0.749944,-0.352748,0.013291,0.178187,0.483461,0.003904,-0.723600,-0.124373,0.233376,0.046071,145.210083,0.934489,-1.361487,0.002619,0.008580,0.948546,-0.363867,1.157440,0.013541,0.000742,0.076293,0.019615,-0.435274,0.530913,-0.010148,-0.103821
-1.097726,0.765719,3.657463,0.118491,0.653055,0.370835,-1.358935,0.973871,0.005022,0.088637,0.198397,0.412668,0.925252,0.601207,0.289075,0.171049,0.112473,0.287880,-1.196624,0.616812,0.242803,-0.361029,-1.642189,-0.185045,-0.648187,-0.371594,0.748508,0.164962,-1.109082,-0.343083,0.436645,0.376624,1094.802636,1.069424,-1.515623,0.132810,0.170670,1.999836,-0.834962,-0.680219,0.544477,0.148328,0.564247,0.248935,0.064100,0.889510,-0.728262,0.344209
-1.097726,0.576181,0.319163,0.254941,0.553418,0.318048,-1.292995,0.740422,1.077895,0.113858,0.252445,0.325523,0.925252,0.601207,0.193445,0.212939,0.128061,0.287880,-1.360993,0.751440,0.664152,-0.339667,-1.781194,1.044475,-0.648187,-0.371594,0.775784,0.164352,-1.076321,-0.025633,0.436645,1.193873,194.319258,1.256846,-1.476279,0.602017,0.213002,1.139541,-1.058531,-0.961920,0.544327,0.162830,0.626519,0.733471,0.064100,0.560615,-0.812539,0.344209
-0.182134,0.577076,0.570432,0.361559,0.555079,0.288001,-1.109719,0.420906,1.077895,0.151638,0.248585,0.468250,0.874624,0.713137,0.421247,0.238839,0.350258,1.130791,-1.214718,0.611020,0.664152,-0.484327,-1.584791,0.594458,-1.131405,-1.018809,0.891352,0.326990,0.397308,-0.724439,0.978776,0.396856,189.526163,1.063814,-1.793345,0.560237,0.430408,1.643379,-0.907882,-0.566656,0.374744,0.298800,0.305476,0.187530,1.174584,1.522746,-1.068855,1.536041
-0.171265,0.976640,3.361025,0.222913,0.585199,0.286750,-1.172471,0.444006,0.641091,0.056414,0.185492,0.498912,0.816176,0.082818,0.208452,0.206168,0.075892,0.644409,-1.200790,0.622273,0.135440,-0.721233,-1.373218,0.522017,-0.254631,-0.307882,0.971844,0.134928,-0.839758,-0.977212,0.284307,0.253185,836.212385,1.133678,-1.482063,0.103235,0.321575,2.281407,-0.450153,0.586837,0.282463,0.045502,0.329054,0.449675,-0.037379,0.714469,-1.068855,1.536041
-1.023155,0.903108,2.737747,0.298127,0.771205,0.364277,-1.180154,0.755327,-0.021834,0.139120,0.306416,0.506261,1.039950,0.951532,0.436840,0.255622,0.178078,0.763405,-1.189439,0.682855,0.039518,-0.745856,-1.541896,0.390294,-1.023813,-0.781147,0.971844,0.241333,-1.126982,-0.870091,0.648919,0.415619,898.726720,1.115365,-1.553683,0.209119,0.310986,2.034547,-1.054435,-0.963612,0.705300,0.246649,0.522845,0.354579,0.400402,1.383974,-0.780848,0.564310
-1.023155,0.712060,0.347268,0.244971,0.729456,0.353740,-1.359125,0.747054,0.996702,0.191644,0.409342,0.580880,1.039950,0.951532,0.465844,0.245267,0.176901,0.763405,-1.399296,0.800169,0.864896,-0.725480,-1.771379,0.533356,-1.023813,-0.781147,1.018737,0.254996,-1.126982,-0.259944,0.648919,0.600097,207.956717,1.284820,-1.845388,0.786136,0.293640,1.109777,-1.054435,-1.206068,0.718486,0.269361,0.555763,0.791490,0.400402,1.383974,-0.780848,0.564310
-0.099932,0.582783,0.766703,0.390465,0.757097,0.314637,-1.129975,0.434431,0.996702,0.359104,0.308487,0.459455,1.061270,1.944169,0.532766,0.338582,0.402442,1.065992,-1.165346,0.836124,0.864896,-1.179736,-1.747434,1.697751,-0.832574,-1.036189,1.018737,0.472323,0.210494,-0.760057,2.779816,0.224854,268.851259,1.119194,-1.821049,0.778467,0.356691,1.003193,-0.999441,-1.028788,0.538276,0.501139,0.556645,0.240627,1.057413,2.023346,-0.961144,1.178526
-0.099932,0.717851,2.817194,0.227943,0.628561,0.340559,-0.893380,0.361462,0.703180,0.080873,0.274574,0.538144,1.028147,0.247968,0.366353,0.189776,0.153600,1.065992,-0.467048,0.597423,0.067905,-1.179736,-1.326732,1.697751,-0.559045,-0.079861,1.304563,0.201193,-1.036331,-1.049756,0.475142,0.416783,773.088712,0.424321,-1.691253,0.171041,0.369539,2.260840,-0.518084,0.302614,0.327778,0.075646,0.651292,0.532846,0.380223,0.739526,-0.719291,1.178526
-0.854127,0.799062,2.529396,0.351706,0.730324,0.713696,-1.313025,0.652125,0.114639,0.126666,0.379164,0.433338,1.065752,0.967048,0.506590,0.296606,0.206402,0.519226,-1.096012,0.713425,0.276779,-0.711379,-1.441996,0.473255,-0.959105,-0.882338,1.304563,0.252705,-1.244647,-1.049756,0.484839,0.817070,855.226497,1.023774,-1.698258,0.229932,0.324999,1.897863,-1.112491,-1.095164,0.648477,0.269457,0.798188,0.437269,0.671363,1.895690,-1.002439,0.549379
-0.854127,0.758429,0.474980,0.348370,0.727188,0.664151,-1.353467,0.722748,1.016347,0.195869,0.494835,0.527800,1.065752,0.967048,0.471981,0.318005,0.218950,0.467014,-1.227304,0.822809,1.045224,-0.703019,-1.933767,0.473255,-0.959105,-0.882338,1.128830,0.278138,-1.244647,-0.371250,0.484839,0.954801,235.197160,1.172140,-1.819228,0.782903,0.268084,1.552774,-1.112491,-1.356662,0.758105,0.278666,0.710476,0.847543,0.671363,1.895690,-1.002439,0.476361
-0.315946,0.633581,0.868976,0.498364,0.720534,0.364056,-1.093821,0.524996,1.016347,0.264466,0.307761,0.431081,0.986258,1.547093,0.443478,0.417842,0.354659,1.140671,-1.041274,0.730001,1.045224,-0.803154,-1.577428,1.452961,-0.771557,-1.026499,0.966350,0.420856,0.077366,-0.793836,2.049075,0.329975,257.386706,1.066226,-1.831179,0.738015,0.439708,0.937706,-0.996307,-0.954324,0.506581,0.421944,0.434522,0.283140,0.755137,1.746522,-1.447229,0.877800
-0.315946,0.821693,2.959851,0.166103,0.652268,0.319621,-1.253381,0.436158,0.488798,0.058040,0.242797,0.520977,0.943679,0.163889,0.414933,0.251217,0.172029,0.473685,-1.058778,0.659192,0.082468,-0.803154,-1.356837,1.452961,-0.616957,-0.454739,1.616389,0.148291,-1.102160,-0.979072,0.267341,0.359891,755.961902,1.017532,-1.626635,0.119514,0.336630,1.452485,-0.565470,0.468271,0.239861,0.059633,0.562493,0.489224,0.605583,1.059006,-1.447229,0.877800
-0.982857,0.785235,2.735209,0.202061,0.725974,0.528762,-1.445138,0.733384,-0.117854,0.140596,0.304502,0.660645,1.031658,1.237059,0.486746,0.307957,0.199987,0.965832,-1.361837,0.701720,0.237761,-0.701717,-1.687028,-0.017933,-0.912186,-0.880159,1.616389,0.242120,-1.230024,-0.979072,0.573795,0.697145,913.864584,1.280181,-1.820158,0.209075,0.318625,2.284673,-1.102079,-1.065238,0.652631,0.274809,1.178028,0.364886,0.585943,1.551747,-0.911751,0.946031
-0.982857,0.639783,0.309394,0.211548,0.690340,0.547239,-1.415835,0.718654,0.756996,0.201220,0.474631,0.913854,1.031658,1.237059,0.412148,0.336868,0.206258,1.693864,-1.478327,0.725155,1.274059,-0.579311,-1.820178,0.603042,-0.912186,-0.880159,1.166012,0.290531,-1.230024,-0.345014,0.573795,0.798931,176.067145,1.349123,-1.638950,0.743734,0.274077,1.087531,-1.102079,-1.157436,0.661550,0.302045,1.124267,0.734891,0.585943,1.551747,-0.911751,0.946031
0.055587,0.656360,1.465101,0.333537,0.718679,0.639233,-1.362462,0.340698,0.756996,0.242695,0.247610,0.549344,1.083747,1.935878,0.339277,0.599880,0.429909,1.618677,-1.349275,0.785957,1.274059,-0.578413,-1.589675,2.464569,-0.800745,-1.028545,0.902785,0.431023,0.209521,-1.104337,1.752270,0.269017,422.032618,1.208683,-1.738941,0.727949,0.465958,1.987708,-0.908680,-0.544969,0.425420,0.411248,0.457564,0.139928,1.481900,1.371518,-2.077862,1.031284
0.055587,0.772702,3.969947,0.274785,0.609169,0.586065,-1.360405,0.228845,0.599301,0.074896,0.230791,0.969343,1.083747,1.935878,0.390246,0.237955,0.353862,1.618677,-1.262177,0.785957,0.382308,-0.578413,-1.349284,2.464569,-0.800745,-0.949342,1.197196,0.257565,-0.896421,-0.967784,0.270608,0.454158,1007.049524,1.160389,-1.697167,0.187620,0.450032,1.946833,-0.665409,0.384404,0.279960,0.260443,0.469499,0.467050,1.481900,0.465407,-0.947537,1.031284
-1.127048,0.793101,2.939388,0.208695,0.687829,0.721408,-1.366455,0.637681,0.034418,0.127072,0.245177,0.741721,1.046789,0.994605,0.470068,0.269112,0.129798,0.997814,-1.227974,0.715432,0.182525,-0.552273,-1.589553,-0.046499,-0.766827,-0.834216,1.197196,0.220386,-1.101549,-0.967784,0.429584,0.459930,963.480489,1.104252,-1.613004,0.209861,0.281789,1.981761,-0.862735,-0.897773,0.612536,0.199439,0.702487,0.348744,0.157270,1.230374,-0.748339,0.538545
-1.127048,0.632398,0.272804,0.186900,0.647760,0.559558,-1.362180,0.687581,0.754835,0.180597,0.460872,0.731946,1.046789,0.994605,0.407567,0.393901,0.180162,1.139601,-1.303348,0.760517,1.306849,-0.273152,-1.853968,-0.054890,-0.766827,-0.834216,0.914867,0.232900,-1.101549,-0.189548,0.429584,0.985417,165.032151,1.285961,-1.554224,0.699363,0.252976,1.145056,-0.967186,-1.085433,0.645015,0.243338,0.614687,0.682586,0.157270,1.230374,-0.748339,0.538545
0.129865,0.635674,1.283988,0.252838,0.659503,0.571754,-1.111160,0.300094,0.754835,0.288394,0.435177,0.762548,0.953206,2.087486,0.419953,0.693401,0.360444,2.207541,-1.076278,1.055499,1.306849,-0.718365,-1.568512,1.869317,-0.357692,-1.044085,0.914867,0.391234,0.292072,-1.008322,2.456616,0.256439,379.910686,1.075435,-1.818444,0.666061,0.442639,1.905511,-0.911293,-0.573964,0.408508,0.444501,0.431405,0.134103,0.600366,1.300291,-1.621725,0.588391
0.160068,0.768386,4.338228,0.124596,0.588877,0.517598,-1.205822,0.283870,0.670605,0.045272,0.241277,0.863162,0.918582,0.148175,0.275804,0.170551,0.076616,2.207541,-1.147337,0.640961,0.131737,-0.718365,-1.448216,1.869317,-0.136055,-0.090261,1.009923,0.160236,-0.829709,-0.822692,0.361350,0.371409,1104.590630,1.159075,-1.650705,0.109051,0.286905,2.121061,-0.421341,0.462733,0.224955,0.044039,0.354914,0.422395,-0.052560,0.646966,-1.041194,0.588391
-0.813598,0.781148,2.880618,0.157042,0.712970,0.720411,-1.411261,0.637328,0.095996,0.128110,0.273693,0.537734,0.998456,0.722243,0.408537,0.252831,0.169067,0.564956,-1.285775,0.720873,0.225395,-0.573006,-1.641177,-0.199094,-0.942223,-0.751251,1.009923,0.212959,-0.999449,-0.822692,0.359576,0.338425,1020.849255,1.282714,-1.659532,0.196909,0.295934,2.332148,-0.702101,-0.928531,0.622405,0.178297,0.509200,0.366010,0.162796,1.211264,-0.799764,0.542023
-0.813598,0.700337,0.290163,0.178556,0.686278,0.460981,-1.455814,0.582063,1.097779,0.177981,0.375031,0.497764,0.998456,0.722243,0.396759,0.218044,0.171775,0.564956,-1.417385,0.790964,1.228742,-0.573006,-1.643942,0.559278,-0.942223,-0.751251,1.068149,0.227980,-0.999449,-0.310859,0.359576,0.885169,183.775933,1.347785,-1.801993,0.739244,0.312875,1.019484,-0.941304,-1.185910,0.693904,0.193620,0.363893,0.748241,0.162796,1.211264,-1.026177,0.542023
-0.179513,0.640824,0.423152,0.336065,0.717686,0.599246,-1.360421,0.382703,1.097779,0.341667,0.320821,0.485972,0.958192,1.831650,0.361320,0.361417,0.392005,1.119586,-1.334488,0.922169,1.228742,-0.727531,-1.635223,1.555889,-0.813115,-1.032475,0.767296,0.425561,0.144510,-0.742360,2.753930,0.217868,174.556773,1.246098,-1.788885,0.741112,0.377877,1.373720,-0.941304,-1.000153,0.567122,0.477348,0.338289,0.287565,0.799777,1.704113,-1.452001,0.835438
-0.179513,0.787880,3.346936,0.296584,0.648794,0.398125,-1.339408,0.445144,0.442743,0.097439,0.272149,0.572422,0.940455,1.831650,0.346956,0.214620,0.234528,0.992634,-1.246109,0.878241,0.339140,-0.730789,-1.376563,1.555889,-0.615068,-0.618484,1.064577,0.162704,-1.037331,-0.865350,0.425734,0.330926,867.300243,1.227157,-1.490697,0.141980,0.367927,1.960884,-0.605423,0.499416,0.214180,0.298026,0.359968,0.471336,0.760111,0.562425,-1.398971,0.835438
-0.710466,0.771658,2.828432,0.309561,0.742318,0.870444,-1.484496,0.630115,-0.058223,0.128238,0.389249,0.481251,1.065886,1.169199,0.489351,0.285283,0.193877,0.219004,-1.388245,0.669461,0.382998,-0.738510,-1.609277,0.550465,-0.888384,-1.008993,1.064577,0.251946,-1.186767,-0.865350,0.401147,0.690491,928.388587,1.321960,-1.612385,0.234433,0.329716,2.061892,-0.926971,-1.000744,0.631591,0.273877,0.999904,0.368323,0.450248,1.814502,-1.414564,0.725659
-0.710466,0.665281,0.329392,0.328839,0.745568,0.886092,-1.409508,0.635545,0.964228,0.185262,0.476286,0.655928,1.065886,1.169199,0.503963,0.335659,0.211002,0.776193,-1.406723,0.806918,0.980289,-0.738510,-1.558543,0.959174,-0.888384,-1.008993,1.307095,0.272845,-1.186767,-0.236500,0.401147,1.127237,194.767775,1.263295,-1.721277,0.800640,0.313616,0.923100,-1.043541,-1.157277,0.668079,0.282432,0.954127,0.809804,0.450248,1.814502,-1.414564,0.725659
-0.381987,0.610198,0.743711,0.539479,0.741956,0.539812,-1.225269,0.520109,0.964228,0.348759,0.324135,0.352409,0.990808,2.350314,0.420497,0.476069,0.489642,1.201625,-1.169141,0.742522,0.980289,-1.159605,-1.696077,1.636186,-1.240942,-1.031289,0.906809,0.429985,0.185595,-0.771271,2.645836,0.360254,245.008611,1.155051,-1.711735,0.762187,0.517354,1.910153,-0.998417,-0.798955,0.484324,0.499678,0.559035,0.232751,1.423517,1.845813,-1.785941,1.147475
-0.381987,0.809009,2.889368,0.327547,0.650303,0.364858,-1.227283,0.454224,0.546593,0.073522,0.220484,0.526057,0.990808,2.106802,0.446034,0.315470,0.315522,0.658323,-1.119100,0.624261,0.070792,-1.159605,-1.201456,1.636186,-0.659805,-0.124824,1.633699,0.135346,-1.085201,-1.071581,0.341522,0.351600,779.868762,1.022228,-1.707200,0.152525,0.371225,2.089746,-0.579337,0.412060,0.287761,0.237514,0.574961,0.514373,1.124580,0.978106,-1.785941,1.147475
-1.098670,0.815932,2.520388,0.316634,0.723906,0.638306,-1.470498,0.719248,-0.088347,0.117862,0.327473,0.401438,1.053661,0.845822,0.473559,0.246734,0.201603,0.286623,-1.419029,0.637747,0.225253,-0.854022,-1.570900,0.529710,-1.048712,-0.929677,1.633699,0.253183,-1.259257,-1.071581,0.596804,0.659311,891.934728,1.323558,-1.700424,0.198728,0.317561,2.079321,-1.018965,-0.892545,0.619479,0.223750,1.045479,0.375581,0.574239,1.742723,-1.099031,0.641013
-1.098670,0.675233,0.332194,0.294490,0.717961,0.647454,-1.463574,0.759755,0.998584,0.186586,0.456516,0.639126,1.053661,0.845822,0.398165,0.272366,0.200365,1.262498,-1.488990,0.782892,0.962099,-0.854022,-1.886224,0.472567,-1.048712,-0.929677,1.273843,0.298570,-1.259257,-0.226902,0.596804,0.837368,195.244829,1.352281,-1.761364,0.772617,0.270044,0.770428,-1.127033,-1.165406,0.684372,0.239146,1.040259,0.821768,0.574239,1.742723,-1.099031,0.641013
-0.210846,0.592001,1.015332,0.508942,0.759507,0.513338,-1.329733,0.445511,0.998584,0.405486,0.324667,0.514268,1.059116,2.468521,0.447607,0.444648,0.633073,1.182617,-1.278505,1.113024,0.962099,-0.744690,-1.690607,1.720689,-1.017792,-1.038834,1.003875,0.513744,-0.015417,-1.464237,3.500748,0.286606,324.711366,1.198021,-1.855970,0.759160,0.461848,0.821035,-0.981413,-0.720910,0.429987,0.619072,0.623458,0.264759,2.252999,1.898108,-1.342901,1.192971
-0.151126,0.794764,2.761425,0.183368,0.619761,0.543442,-1.368985,0.366106,0.490480,0.032901,0.176625,0.645360,0.961453,0.280103,0.405667,0.130856,0.167052,0.956250,-1.495912,0.670542,0.174553,-0.640241,-1.352113,1.720689,-0.152262,-0.091169,1.101722,0.137065,-1.207039,-0.975426,0.461323,0.447091,752.034954,1.370020,-1.648793,0.131964,0.341097,1.460846,-0.431903,0.380428,0.289191,0.067650,0.567661,0.528918,0.074732,1.102693,-1.342901,1.192971
-1.119522,0.678696,0.366305,0.322372,0.652952,0.729841,-1.319820,0.792200,0.778623,0.170701,0.449538,0.666831,1.096428,1.063329,0.495492,0.354062,0.227690,1.420178,-1.345831,0.817688,0.871867,-0.746195,-1.673871,0.557426,-1.038532,-0.989265,1.279755,0.308616,-1.400677,-0.193193,0.454430,1.226732,203.668781,1.275386,-1.802584,0.707541,0.315770,0.769463,-1.133033,-1.244409,0.667552,0.284531,1.366371,0.788934,0.766615,2.345121,-1.532394,0.753973
0.088029,1.296412,0.875560,0.018111,0.413912,0.205738,-1.123275,0.134221,-0.133627,0.024791,0.035514,0.203918,0.469956,-0.132527,0.232848,0.055028,0.009706,0.077851,-1.227098,0.575380,0.038431,-0.114972,-1.276508,-0.204657,-0.025556,-0.009225,0.704808,0.081033,-0.799034,-0.401959,0.232468,0.256870,372.148835,1.024330,-1.734872,0.021858,0.079928,1.579667,-0.378379,1.095054,0.080376,0.005559,0.324026,0.203621,-0.394890,0.404003,-0.192453,0.179250
0.622492,1.302441,0.286135,0.001081,0.373982,0.065054,-0.642100,0.017564,-0.736935,0.003273,0.005916,0.022683,0.380478,-0.136572,0.014780,0.008745,0.001138,-0.196147,-0.808977,0.545719,0.015052,-0.048608,-1.074089,-0.353171,0.008563,0.185554,0.454978,0.007933,-0.773268,-0.120224,0.228199,0.032362,153.446601,0.545305,-1.535084,0.003013,0.012379,1.058211,-0.364703,1.266450,0.017935,0.000829,0.114728,0.007999,-0.424601,0.322419,0.013717,-0.029401
0.569995,1.337350,2.659333,0.014656,0.391985,0.310830,-1.552496,0.031993,-0.617270,0.008619,0.039812,0.433680,0.450788,-0.115735,0.101389,0.029745,0.006879,0.728819,-1.477278,0.550340,0.038292,-0.012233,-0.991530,-0.258845,-0.011348,0.150332,0.588146,0.030430,-0.778151,-0.194884,0.258499,0.123777,616.032849,1.274440,-1.370099,0.036976,0.057800,2.248883,-0.394935,1.293179,0.016942,0.004348,0.294001,0.057010,-0.419598,0.429809,0.262037,0.122061
0.434331,0.513969,0.351031,0.436848,0.480177,0.817897,-1.369221,0.325902,0.492688,0.095139,0.526992,0.552147,0.863211,0.984172,0.295972,0.210517,0.137050,0.590034,-1.434855,0.704988,0.939626,-0.344671,-1.684702,-0.195611,-0.449466,-0.451701,0.710677,0.134949,-0.998596,-0.182792,0.565307,0.240446,200.811423,1.318133,-1.641792,0.525118,0.176206,1.092961,-0.751850,-0.934871,0.516967,0.231834,0.441413,0.553679,0.347043,1.435947,-0.094159,0.479696
-0.144869,0.718324,1.909646,0.410932,0.385805,0.250045,-1.384171,0.447063,0.617795,0.148505,0.425674,0.203666,0.718741,1.095455,0.153954,0.345719,0.189372,0.827503,-1.280982,0.687097,0.952054,-0.065041,-1.363295,1.185113,0.017381,-0.335412,0.576546,0.202837,0.363857,-0.541586,0.520830,0.572492,498.582155,1.294733,-1.699155,0.388039,0.215140,2.207711,-0.655940,-0.168933,0.303434,0.313242,0.233336,0.070185,0.034061,0.222041,-0.971974,0.186048
0.451872,0.952089,1.767515,0.036017,0.339595,0.728283,-1.222389,0.068562,0.465344,0.019796,0.088868,0.217022,0.469300,-0.084265,0.159442,0.125635,0.012887,0.553955,-1.159464,0.561965,0.079463,-0.100607,-1.310987,1.163792,0.017092,-0.335412,0.609323,0.074315,0.309654,-0.453254,0.271702,0.070563,475.510347,1.114031,-1.638034,0.043492,0.116978,1.986267,-0.536427,0.822143,0.070431,0.015205,0.301222,0.046692,-0.386529,-0.065207,-0.909747,0.186048
0.500361,0.811957,0.347387,0.165896,0.456488,0.214764,-1.244395,0.405228,0.393754,0.079376,0.077916,0.153072,0.757683,0.486834,0.115062,0.116862,0.072673,0.060211,-1.280820,0.742267,0.332154,-0.306596,-1.412486,0.082963,-0.215135,-0.248080,0.609323,0.172493,0.128213,-0.369049,0.750199,0.617117,198.519167,1.255819,-1.812397,0.142812,0.173136,1.122271,-0.472086,0.287825,0.242218,0.113698,0.365045,0.071071,-0.029796,0.029340,-0.370064,0.115643
0.514528,1.187118,0.243731,0.022496,0.338519,0.189753,-0.811572,0.116202,-0.259089,0.015193,0.064036,0.230721,0.397135,-0.082247,0.093613,0.094715,0.012922,0.214013,-0.937295,0.615049,0.072228,-0.130437,-1.302867,-0.056056,0.004847,-0.261110,0.648035,0.084093,-0.677040,-0.571063,0.282347,0.270868,167.062330,0.828526,-1.560065,0.064413,0.144964,1.008472,-0.442553,0.756061,0.112775,0.010060,0.154014,0.105355,-0.377769,-0.024743,-0.278953,0.280947
0.614247,1.143528,0.237472,0.014570,0.362944,0.056725,-1.280662,0.088012,-0.591022,0.009494,0.027450,0.024749,0.415147,-0.123095,0.022520,0.012033,0.005033,-0.187284,-1.283509,0.564619,0.017203,-0.038780,-1.463932,-0.279615,-0.023421,0.140280,0.446531,0.016003,-0.752322,-0.117167,0.246983,0.046894,126.647323,1.236649,-1.568395,0.041724,0.025569,0.975777,-0.388003,1.050922,0.037778,0.003436,0.064276,0.046334,-0.417923,0.102563,-0.024190,-0.023588
1.208998,0.993153,1.156990,0.026264,0.434423,0.104776,-1.299491,0.092683,-0.476026,0.009764,0.052842,0.098466,0.493540,-0.114910,0.160919,0.062744,0.010314,-0.282116,-1.187561,0.561192,0.044010,-0.257807,-1.187820,0.122997,-0.012656,0.163338,0.778901,0.032584,-0.533182,-0.349026,0.267622,0.218040,355.567303,1.116927,-1.227681,0.022367,0.119990,1.855580,-0.373083,0.975143,0.009216,0.004610,0.305692,0.016608,-0.424309,0.705342,-0.246532,0.257586
-0.971040,0.788243,4.571733,0.089757,0.679374,0.314839,-1.507425,0.968194,-0.021538,0.100241,0.193057,0.330374,0.989745,0.516595,0.369648,0.191365,0.123716,0.278188,-1.559115,0.746105,0.186715,-0.492744,-1.640548,0.084092,-0.761172,-0.456640,0.873835,0.182977,-1.073080,-0.423087,0.561029,0.405994,1414.566016,1.325081,-1.522616,0.137130,0.141866,2.362688,-0.741867,-0.740766,0.540071,0.143067,0.498327,0.259122,0.098697,1.197744,-1.130086,0.276664
-0.971040,0.671000,0.471081,0.194479,0.624388,0.308835,-1.416205,0.731563,1.189266,0.139135,0.279279,0.375608,0.989745,0.516595,0.326589,0.233896,0.143025,0.278188,-1.387401,0.718448,0.815684,-0.351042,-1.685345,0.641438,-0.761172,-0.456640,0.881842,0.181338,-1.060773,-0.104997,0.448219,1.261233,229.277387,1.250964,-1.468224,0.669698,0.196193,0.798304,-1.105866,-1.130299,0.650832,0.143934,0.492430,0.799070,0.098697,1.197744,-1.130086,0.200536
-0.167986,0.489141,0.595568,0.383973,0.652058,0.510479,-1.385691,0.436103,1.189266,0.161262,0.229045,0.384629,0.972582,0.939001,0.481712,0.255749,0.370448,0.971089,-1.388975,0.635888,0.815684,-1.079240,-1.618248,0.940237,-0.918609,-1.032340,0.929448,0.413517,0.545260,-0.974063,0.727157,0.264265,202.788802,1.183878,-1.698132,0.672684,0.459906,0.771784,-0.998099,-0.933926,0.471570,0.404353,0.284203,0.202281,1.193761,1.417099,-1.421208,1.543819
-0.110584,0.653660,2.593153,0.202437,0.620301,0.413345,-1.359424,0.384187,0.880167,0.043905,0.183315,0.522410,0.887980,-0.056670,0.328341,0.186237,0.088799,0.650535,-1.320572,0.635888,0.091858,-1.079240,-1.142260,0.863817,-0.227647,-1.032340,1.072518,0.190142,-0.886301,-0.974063,0.312328,0.336728,711.297731,1.144996,-1.437927,0.093323,0.376091,1.566304,-0.448097,0.279387,0.294779,0.028456,0.330039,0.498701,0.005756,0.492762,-1.421208,1.543819
-0.893103,0.740215,2.017124,0.349102,0.716958,0.552931,-1.522108,0.664591,0.290928,0.129690,0.333626,0.463879,1.040599,0.947556,0.464211,0.275456,0.218874,0.348836,-1.484267,0.708665,0.078867,-0.758852,-1.667924,0.626742,-1.027316,-0.822609,1.072518,0.234463,-1.132096,-0.931950,0.666046,0.661819,728.554418,1.374806,-1.698691,0.197818,0.321627,1.404198,-1.146107,-0.912021,0.582614,0.280210,0.525537,0.434977,0.580878,1.515718,-0.864404,0.550192
-0.893103,0.661667,0.282907,0.330470,0.703896,0.502453,-1.406980,0.692832,0.901931,0.182083,0.447462,0.521906,1.040599,0.947556,0.503076,0.290601,0.221777,0.375966,-1.358809,0.781620,0.860028,-0.758852,-1.752466,1.144927,-1.027316,-0.822609,1.074068,0.261884,-1.132096,-0.287727,0.666046,0.759212,179.331179,1.266629,-1.176597,0.759693,0.279003,1.066082,-1.146107,-1.130751,0.679618,0.298702,0.512532,0.766496,0.580878,1.515718,-0.864404,0.550192
-0.031945,0.569705,0.539390,0.507082,0.737658,0.333821,-1.261405,0.432717,0.901931,0.381989,0.286616,0.531999,1.030836,1.878400,0.508599,0.328742,0.434543,1.194432,-1.147436,0.903153,0.860028,-0.749432,-1.580651,1.641007,-0.829575,-1.028615,1.074068,0.459062,0.197793,-1.118694,2.960785,0.210512,189.802236,1.035497,-1.784068,0.754470,0.329538,1.335907,-0.963176,-0.872961,0.478639,0.534190,0.509953,0.199715,0.978085,1.720692,-1.361048,0.690032
-0.031945,0.729331,3.232692,0.437830,0.638175,0.296892,-1.444235,0.444436,0.587650,0.082144,0.251291,0.517537,0.953086,1.878400,0.417667,0.269747,0.259682,1.088853,-1.619083,0.842552,0.144067,-0.749432,-1.219737,1.641007,-0.528579,-0.372363,1.510470,0.186126,-1.011444,-0.990971,0.335256,0.349315,784.171238,1.443831,-1.412353,0.155815,0.295254,2.289899,-0.523423,0.359688,0.274412,0.319442,0.623955,0.507555,0.661448,0.910417,-1.361048,0.690032
-0.653182,0.772208,2.769341,0.290928,0.731929,0.484144,-1.514071,0.649560,0.121257,0.137045,0.332436,0.456209,1.023099,1.373920,0.539485,0.251533,0.174133,0.346371,-1.684227,0.667018,0.123522,-0.752182,-1.567273,0.423906,-1.031691,-0.806500,1.510470,0.208694,-1.210312,-0.949701,0.450528,0.677183,873.720133,1.479989,-1.586336,0.217896,0.284267,2.262876,-0.981914,-1.012939,0.633172,0.282125,0.717549,0.415578,0.428626,1.940351,-0.865072,0.596319
-0.653182,0.717135,0.353945,0.288856,0.721657,0.423778,-1.143617,0.637013,1.066843,0.201534,0.440249,0.633538,1.023099,1.373920,0.466705,0.244876,0.181670,0.951235,-0.805868,0.812901,1.130826,-0.669080,-1.619722,0.423906,-1.031691,-0.806500,1.164301,0.233639,-1.210312,-0.285922,0.450528,0.658831,202.064019,0.711164,-1.576403,0.775564,0.260637,0.819200,-0.999421,-1.241377,0.715618,0.295059,0.683195,0.841591,0.428626,1.940351,-0.865072,0.502746
-0.198982,0.596054,1.259569,0.466031,0.758159,0.368432,-1.313574,0.477872,1.066843,0.284622,0.324550,0.450392,1.072812,1.477627,0.374545,0.459041,0.364378,1.334253,-1.278152,0.916083,1.130826,-0.957261,-1.802886,1.655412,-0.631052,-1.028977,0.976235,0.459911,0.021281,-0.829777,2.077628,0.295934,412.072808,1.238422,-1.893535,0.782682,0.510878,1.942177,-0.967140,-1.009056,0.539947,0.415801,0.396056,0.307806,0.766523,1.556745,-1.303615,1.434070
-0.198982,0.739968,3.346389,0.208868,0.647679,0.437252,-0.982146,0.344876,0.486006,0.060516,0.323843,0.582475,1.069628,0.989619,0.357195,0.298144,0.198411,0.607912,-0.361628,0.788092,0.083281,-0.957261,-1.287390,1.655412,-0.541122,-0.371610,1.312628,0.150484,-1.063338,-0.962167,0.324899,0.309230,938.391756,0.404480,-1.547226,0.146084,0.453616,1.882906,-0.573015,0.386659,0.237199,0.120427,0.504956,0.476154,0.494153,0.663914,-1.303615,1.434070
-1.173697,0.744511,2.427421,0.201234,0.704393,0.570543,-1.330178,0.704125,-0.096733,0.150667,0.360490,0.700303,1.029560,1.386889,0.501862,0.342595,0.200828,1.006411,-1.098881,0.724787,0.224617,-0.727895,-1.656221,-0.018632,-0.930110,-0.967160,1.413548,0.236629,-1.171579,-0.962167,0.581704,0.741895,879.333341,1.016042,-1.588228,0.211574,0.373645,1.976313,-1.095370,-1.046808,0.624696,0.294313,1.161956,0.359938,0.516074,1.541813,-1.224188,1.096805
-1.173697,0.625761,0.345848,0.223332,0.684588,0.591154,-1.401925,0.679767,0.790525,0.205314,0.500264,0.887829,1.029560,1.386889,0.486320,0.376071,0.215140,1.605081,-1.364048,0.746225,1.285018,-0.727895,-1.681045,0.846851,-0.930110,-0.967160,1.413548,0.309075,-1.171579,-0.258260,0.581704,0.839073,216.065482,1.237790,-1.367840,0.738256,0.354970,0.832534,-1.095370,-1.153203,0.653241,0.315300,1.096477,0.714624,0.516074,1.541813,-1.224188,1.096805
-0.126853,0.660749,1.540938,0.339034,0.695759,0.603118,-1.268216,0.323755,0.790525,0.238310,0.313686,0.432330,1.025011,2.068049,0.357580,0.577789,0.331552,1.472830,-1.331017,0.741466,1.285018,-0.460148,-1.537785,2.298467,-0.639318,-1.023962,0.806575,0.425775,0.157432,-1.248254,2.033139,0.172946,462.386460,1.246940,-1.836432,0.694374,0.461209,1.931489,-0.961609,-0.386474,0.366812,0.439233,0.395704,0.154257,0.640007,1.884289,-1.827324,0.717212
-0.089944,0.754738,3.584657,0.124623,0.599218,0.580023,-1.255068,0.301701,0.615985,0.035255,0.145585,0.804605,0.953372,0.140639,0.287688,0.123959,0.120143,1.472830,-1.056323,0.728798,0.166109,-0.460148,-1.224902,2.298467,-0.113055,-0.856770,1.015034,0.187728,-1.015169,-0.870112,0.246942,0.312554,1035.667471,1.001975,-1.646733,0.107859,0.293802,0.888485,-0.452346,0.466502,0.216132,0.042727,0.377992,0.470587,0.551829,0.691486,-0.967867,0.717212
-0.927507,0.760245,2.406631,0.199130,0.692715,0.550529,-1.439038,0.659995,-0.027601,0.122032,0.303472,0.650461,1.001987,1.056767,0.400376,0.327111,0.149206,1.138584,-1.368313,0.750861,0.034997,-0.723506,-1.597212,-0.022601,-0.930140,-0.755025,1.015034,0.231032,-1.155121,-0.838787,0.355924,0.486753,873.934806,1.311878,-1.609060,0.197557,0.341124,2.222923,-0.874396,-1.079737,0.632485,0.221279,0.539476,0.366075,0.225565,1.281545,-0.455621,0.807535
-0.927507,0.661939,0.367557,0.207029,0.659996,0.440411,-1.420750,0.617515,0.736400,0.198654,0.480540,0.579923,1.001987,1.056767,0.355414,0.395148,0.179926,1.138584,-1.492675,0.767854,1.318749,-0.723506,-1.577683,0.442631,-0.930140,-0.755025,1.148736,0.285564,-1.155121,-0.438287,0.355924,0.765007,203.933114,1.387973,-1.688062,0.716170,0.332910,1.235192,-0.996606,-1.218862,0.678053,0.277550,0.347352,0.667832,0.225565,1.281545,-0.806392,0.807535
0.262391,0.654404,1.630612,0.316181,0.656063,0.619997,-1.210548,0.212965,0.736400,0.295527,0.384262,0.507202,0.969873,1.531908,0.326327,0.597428,0.325632,1.457397,-1.238734,0.935881,1.318749,-0.531211,-1.403130,2.169961,-0.493652,-1.037742,0.792710,0.400549,0.137196,-1.083803,1.972117,0.252981,446.728313,1.191978,-1.799437,0.650697,0.483281,1.831843,-0.922069,-0.463780,0.355741,0.432181,0.471063,0.149894,0.524618,1.129995,-1.687687,0.803423
0.303378,0.799968,4.253907,0.095113,0.554474,0.630103,-1.169819,0.168305,0.568545,0.020382,0.196018,0.703348,0.798111,-0.001158,0.228615,0.121635,0.037585,1.449658,-1.226364,0.693685,0.114540,-0.531211,-1.295386,1.808469,-0.049403,-0.376189,1.017070,0.128449,-0.855204,-0.758131,0.254038,0.394575,1088.227603,1.182857,-1.424676,0.086429,0.216214,2.093581,-0.405533,0.474428,0.195212,0.025214,0.431340,0.412335,-0.189797,0.564717,-0.997922,0.571779
-1.362063,0.768854,3.118637,0.187852,0.701458,0.697528,-1.338208,0.765843,0.009592,0.149122,0.261024,0.655530,1.013449,1.090383,0.473444,0.293001,0.189607,0.689644,-1.342383,0.671181,0.287635,-0.384516,-1.648842,-0.180958,-1.108144,-0.850279,1.017070,0.213837,-1.013046,-0.758131,0.630860,0.363989,1106.417209,1.217924,-1.631481,0.181087,0.207048,2.206263,-0.950293,-0.810632,0.562283,0.196553,0.893082,0.318131,0.511332,1.404184,-1.056153,0.748106
-1.362063,0.639875,0.502960,0.207984,0.648596,0.432137,-1.483301,0.832198,0.913632,0.191904,0.373944,0.669403,1.013449,1.090383,0.465043,0.322005,0.187688,0.689644,-1.501119,0.744024,1.121704,-0.341512,-1.782013,0.315443,-1.108144,-0.850279,1.083663,0.248419,-1.013046,-0.261975,0.630860,1.077602,228.447281,1.386819,-1.574500,0.691450,0.262147,1.341430,-1.117183,-1.095929,0.666284,0.215206,0.857281,0.702199,0.511332,1.404184,-1.117904,0.748106
-0.134761,0.519691,1.209821,0.474297,0.702840,0.373773,-1.252080,0.475108,0.913632,0.274958,0.395790,0.539492,1.068081,1.626609,0.410041,0.446679,0.335648,1.875122,-1.278962,1.055031,1.121704,-0.521864,-1.651769,2.105951,-0.494656,-1.053187,0.891215,0.391443,0.300481,-1.027713,2.406147,0.160675,332.387485,1.283041,-1.768779,0.724711,0.442242,1.999662,-0.983573,-0.892321,0.484402,0.443937,0.344251,0.182092,0.872351,1.624573,-1.405730,1.207420
-0.134761,0.652579,3.983167,0.435374,0.651841,0.343441,-1.359321,0.407062,0.621945,0.086423,0.377162,0.730885,1.068081,1.626609,0.413376,0.236823,0.143257,1.875122,-1.266778,1.055031,0.146146,-0.736561,-1.338286,2.105951,-0.494656,-0.343371,1.201794,0.146325,-0.996587,-1.054761,0.340994,0.336654,942.677838,1.184752,-1.581161,0.178621,0.341447,2.123109,-0.564660,0.252126,0.275994,0.293552,0.341910,0.478093,0.112241,0.494945,-0.923258,0.623682
-0.965431,0.717764,3.217361,0.383950,0.711640,0.649573,-1.356062,0.669396,0.133759,0.122133,0.339447,0.474478,1.096571,0.878620,0.474338,0.283125,0.197841,0.304527,-1.261510,0.608755,0.184304,-1.167475,-1.457318,0.702321,-0.998963,-0.939361,1.201794,0.267091,-1.202028,-1.054761,0.433939,0.752239,1003.419536,1.160142,-1.672095,0.209220,0.382032,2.444327,-1.108990,-0.889741,0.557386,0.253033,1.098844,0.423243,0.597743,1.684956,-1.233225,0.830367
-0.965431,0.673146,0.459768,0.366838,0.729496,0.683942,-1.400635,0.719375,1.018380,0.177770,0.451653,0.693982,1.096571,0.878620,0.485713,0.309251,0.208158,0.901362,-1.329526,0.781187,0.989497,-1.167475,-1.653668,0.702321,-0.998963,-0.939361,1.281583,0.290091,-1.202028,-0.277239,0.433939,0.892963,243.748106,1.182147,-1.467099,0.777285,0.370333,1.008759,-1.108990,-1.159042,0.682454,0.258002,1.107013,0.827187,0.597743,1.684956,-1.233225,0.830367
-0.258189,0.568055,1.230277,0.551366,0.754022,0.432475,-1.222326,0.495814,1.018380,0.395439,0.334607,0.342611,1.077644,2.453040,0.474668,0.452950,0.421510,0.940797,-1.260178,1.145834,0.989497,-0.802608,-1.792134,1.791225,-0.630051,-1.030648,1.024105,0.491619,0.228115,-1.270842,3.353182,0.325738,370.241506,1.113062,-2.059864,0.783902,0.447793,1.954759,-0.996734,-0.949301,0.538561,0.543603,0.591767,0.234776,1.223759,1.862357,-1.781632,1.215318
-0.258189,0.713327,3.353396,0.475552,0.666062,0.418170,-1.283984,0.426332,0.626904,0.112477,0.271913,0.470728,1.077644,2.453040,0.500522,0.392732,0.255530,0.471771,-1.210622,1.145834,0.205563,-0.802608,-1.349984,1.791225,-0.609485,-0.639148,1.369708,0.221939,-1.007356,-1.194431,0.322813,0.296227,881.176588,1.100719,-1.799599,0.179285,0.395345,2.180265,-0.664120,0.320923,0.279343,0.355617,0.709735,0.496715,0.677733,0.868174,-1.781632,1.215318
-0.912924,0.734832,2.706818,0.235526,0.743131,0.614335,-1.376049,0.678784,0.039175,0.140615,0.348864,0.410724,1.101997,1.011929,0.502720,0.238739,0.167369,0.445307,-1.158668,0.668345,0.286250,-0.746592,-1.550226,0.583796,-0.996822,-1.026871,1.369708,0.234187,-1.164943,-1.039385,0.378806,0.867116,878.024872,1.017521,-1.648637,0.202894,0.290402,2.009127,-0.858281,-0.786515,0.545600,0.230886,0.892434,0.372794,0.363452,1.954238,-1.595161,0.474997
-0.912924,0.643155,0.565404,0.238287,0.752153,0.621468,-1.354943,0.728775,1.019240,0.193530,0.404703,0.496145,1.101997,1.011929,0.450862,0.329977,0.191122,0.418045,-1.347831,0.768379,0.964608,-0.746592,-1.773629,0.857739,-0.996822,-1.026871,1.113947,0.269973,-1.164943,-0.281119,0.378806,1.256739,259.909692,1.251715,-1.698043,0.802777,0.295218,1.261717,-1.075922,-1.070532,0.652354,0.227590,0.835326,0.822474,0.363452,1.954238,-1.595161,0.474997
-0.358990,0.591964,1.060460,0.612152,0.752438,0.274150,-1.109990,0.549628,1.019240,0.328834,0.300586,0.522370,1.031187,2.476202,0.614610,0.533048,0.502314,1.490956,-1.039541,1.145206,0.964608,-0.761330,-1.665573,1.625614,-1.222757,-1.033604,1.113947,0.446725,0.225559,-1.095473,3.278997,0.349851,307.326267,1.009821,-1.803895,0.785312,0.541815,1.559419,-1.054735,-0.921104,0.545317,0.563441,0.651186,0.244184,1.895505,1.696610,-1.952997,1.082523
-0.358990,0.684867,3.204419,0.410287,0.620213,0.377913,-1.154223,0.513759,0.762566,0.096077,0.247702,0.560526,1.021063,2.304562,0.436059,0.405137,0.264329,1.097715,-1.129751,0.881105,0.135358,-0.761330,-1.376544,1.625614,-0.775495,-0.423387,1.095563,0.161300,-0.809290,-0.908880,0.429935,0.141644,721.529871,1.028866,-1.742924,0.162545,0.416031,1.867190,-0.554530,0.307189,0.272190,0.278676,0.568400,0.477174,0.922280,0.853095,-1.952997,1.082523
0.783306,0.735098,2.189518,0.275612,0.699799,0.441800,-1.304988,0.241884,0.193920,0.084573,0.290335,0.447973,1.092616,1.437596,0.499052,0.263946,0.127418,-0.048109,-1.397188,0.703950,0.072159,-0.776420,-1.637375,0.243112,-0.819827,-0.854623,1.095563,0.254716,-0.977343,-0.908880,0.663656,0.300990,637.600751,1.220867,-1.761207,0.232507,0.392879,1.909650,-0.865820,-0.911390,0.568274,0.275834,0.383093,0.351494,0.342348,1.806576,-0.646567,0.713856
0.882719,0.620248,0.579812,0.272435,0.635383,0.388331,-1.328724,0.217883,0.539611,0.252593,0.501248,0.578094,1.092616,1.437596,0.363112,0.281941,0.178308,0.342418,-1.244476,0.800537,0.984118,-0.776420,-1.781398,0.823276,-0.819827,-0.854623,0.792281,0.308472,-0.977343,-0.485413,0.663656,0.479638,228.656212,1.104993,-1.791585,0.648921,0.399338,0.144989,-0.938239,-0.973558,0.690622,0.340839,0.377556,0.603277,0.342348,1.806576,-0.564302,0.713856
0.777599,0.566092,2.473835,0.342418,0.470306,0.655109,-1.329328,0.289587,0.539611,0.300898,0.298865,0.285357,0.713488,0.860182,0.245066,0.268189,0.220928,0.403777,-1.369297,0.801440,0.984118,-0.343490,-1.695428,0.823276,-0.021861,-1.048567,0.949974,0.284347,-0.179213,-0.775707,0.761177,0.539274,543.571007,1.186450,-1.766429,0.489118,0.303192,2.244224,-0.938239,-0.854577,0.557265,0.309872,0.231014,0.201472,0.247269,0.443539,-0.803393,0.569926
0.785499,0.817227,4.378737,0.066024,0.538074,0.708907,-1.461634,0.233054,0.317573,0.054544,0.128577,0.362511,0.717489,0.098949,0.240593,0.127151,0.124687,0.403777,-1.650972,0.645059,0.062877,-0.409810,-1.422445,0.686234,-0.022527,-1.048567,0.949974,0.150455,-0.847271,-0.775707,0.761177,0.256712,983.983449,1.411491,-1.563235,0.077576,0.213355,2.229249,-0.477075,0.568681,0.133629,0.030612,0.209722,0.354310,0.247269,0.532168,-0.803393,0.569926
0.162967,0.591216,0.296876,0.230388,0.555186,0.264548,-1.237154,0.378851,0.998383,0.200139,0.399348,0.282883,0.958811,1.178179,0.362435,0.214348,0.177343,0.307694,-1.084969,0.822488,1.005633,-0.919151,-1.365268,0.651128,-0.748043,-0.626346,1.106453,0.291172,-0.907352,-0.438615,0.487157,0.583873,168.119654,1.063229,-1.708735,0.619772,0.241683,1.165085,-0.893583,-0.918058,0.603902,0.290687,0.320625,0.648938,0.074873,0.306422,-0.926704,0.299576
0.100062,1.134910,0.233941,0.015326,0.402247,0.305127,-1.090261,0.156361,-0.232345,0.030502,0.042867,0.300205,0.482779,-0.121881,0.321758,0.054167,0.008986,0.312647,-1.072333,0.582489,0.034965,-0.346126,-1.409727,-0.325230,-0.026622,-0.061643,0.860604,0.071968,-0.724587,-0.433397,0.241475,0.255901,163.263183,1.087908,-1.597003,0.042918,0.199401,0.952122,-0.369125,1.088760,0.038011,0.003393,0.340379,0.102638,-0.412532,0.578429,-0.264568,0.621599
0.567169,1.142569,0.246018,0.002236,0.383489,0.034305,-0.812778,0.042870,-0.627078,0.005996,0.004920,0.053645,0.401213,-0.134133,0.013796,0.008863,0.001876,-0.189035,-0.879099,0.544726,0.017421,-0.059733,-1.250055,-0.291015,0.005967,0.178106,0.428487,0.009258,-0.736269,-0.114979,0.228931,0.053486,137.014602,0.691222,-1.647461,0.012078,0.017219,1.089076,-0.364420,1.062621,0.035875,0.001059,0.062920,0.029637,-0.427534,0.211284,-0.047656,-0.048383
0.504461,1.100051,4.849226,0.014212,0.481668,0.338261,-1.392530,0.171055,-0.422643,0.027789,0.034697,0.333529,0.617696,-0.056042,0.079191,0.083497,0.016051,0.432883,-1.312958,0.563410,0.004208,-0.254303,-0.958694,-0.634868,-0.062000,0.058163,0.534368,0.049404,-0.588488,-0.165681,0.283415,0.078746,1136.166242,1.258319,-1.475003,0.087067,0.078449,1.598067,-0.376787,0.697598,0.161283,0.010328,0.186125,0.044068,-0.437976,0.367085,0.274783,0.118223
0.718889,0.882758,1.452763,0.041720,0.329545,0.500837,-1.257078,0.057422,0.324337,0.031959,0.144009,0.260656,0.457358,-0.014932,0.249430,0.214159,0.025907,0.623841,-1.220398,0.611106,0.144087,-0.282127,-1.146318,1.127098,-0.032499,-0.548197,0.712853,0.078642,-0.330205,-0.317222,0.302531,0.103897,518.639858,1.189176,-1.713080,0.044643,0.250193,2.260893,-0.498037,0.754806,0.097127,0.018471,0.274546,0.167933,-0.401646,0.024461,-1.057200,0.636533
0.646359,1.103805,0.248006,0.012909,0.346055,0.122341,-1.046144,0.132836,-0.711771,0.016549,0.025198,0.108927,0.408098,-0.109517,0.076466,0.041542,0.008825,0.007967,-1.051269,0.558615,0.096101,-0.074683,-1.674781,-0.198087,0.012652,0.126348,0.605667,0.019958,-0.815679,-0.317850,0.262885,0.082850,133.199703,1.007039,-1.809838,0.033988,0.058251,1.046663,-0.364889,0.894038,0.070595,0.005902,0.178582,0.026542,-0.394934,0.261914,-0.041071,0.103024
1.030965,0.971377,0.286596,0.030767,0.403297,0.249468,-1.255120,0.090098,-0.484488,0.008777,0.046908,0.062757,0.414888,-0.117613,0.123590,0.074781,0.015509,-0.260525,-1.138192,0.557823,0.054690,-0.232633,-1.402301,0.194282,0.006667,0.146170,0.731770,0.024161,-0.556010,-0.245053,0.251081,0.124868,132.157981,1.101128,-1.608237,0.006361,0.104210,1.142818,-0.365491,0.936372,0.024055,0.005087,0.379248,0.019141,-0.403184,0.852820,-0.208674,0.246706
-0.965014,0.790569,4.834283,0.139659,0.681966,0.413801,-1.409897,0.963812,-0.004510,0.099898,0.194637,0.168145,0.983704,0.647808,0.393212,0.167341,0.130920,-0.000354,-1.329120,0.696714,0.179452,-0.788790,-1.536152,0.411384,-0.743632,-0.431817,0.829430,0.206766,-1.098852,-0.361324,0.652820,0.395572,1465.364460,1.138273,-1.505088,0.130001,0.238469,2.547945,-0.782751,-0.654440,0.529423,0.151649,0.471898,0.275196,0.205343,0.836511,-1.142203,0.410817
-0.965014,0.714505,0.452726,0.201405,0.634461,0.540402,-1.331267,0.716501,1.295888,0.129737,0.305729,0.214142,0.983704,0.647808,0.371035,0.199498,0.149184,0.160838,-1.202701,0.717201,1.031781,-0.788790,-1.778513,0.766002,-0.743632,-0.431817,0.937762,0.198646,-1.098852,-0.225402,0.391179,1.259417,215.422086,1.146558,-1.555316,0.679732,0.253412,1.248576,-1.035260,-1.252667,0.699842,0.153052,0.465258,0.848654,0.205343,0.371102,-1.142203,0.410817
-0.076171,0.558022,0.580273,0.390600,0.692112,0.461841,-1.391737,0.407328,1.295888,0.227507,0.288195,0.421273,0.956514,0.937859,0.467179,0.230629,0.346369,1.245365,-1.233538,0.628039,1.031781,-0.743346,-1.548328,0.879833,-0.830424,-1.035953,0.952479,0.418121,0.520660,-0.798773,1.171738,0.379358,193.641696,1.325765,-1.864707,0.718085,0.358963,1.591714,-0.983580,-1.164245,0.574863,0.380736,0.282709,0.262013,0.960979,1.337118,-0.867610,0.647180
-0.059403,0.677976,3.873179,0.260671,0.647396,0.342316,-1.385927,0.418014,0.799989,0.046066,0.257237,0.432222,0.943036,0.793290,0.347092,0.172208,0.140669,0.676238,-1.318453,0.595790,0.052040,-0.850242,-1.262385,0.879833,-0.402762,-0.419053,1.138547,0.120860,-0.912560,-0.887472,0.501365,0.334638,908.386334,1.123836,-1.663737,0.103997,0.324118,2.454435,-0.445639,0.366161,0.265215,0.121556,0.252754,0.491717,0.146605,0.936077,-0.867610,0.647180
-0.715299,0.720520,3.174548,0.249614,0.737580,0.599727,-1.373955,0.633322,0.255048,0.123725,0.347288,0.415617,1.100379,1.184025,0.486889,0.251991,0.179432,0.234360,-1.349486,0.675402,0.290271,-0.850242,-1.607526,0.858322,-1.054947,-0.769626,1.138547,0.190354,-1.141880,-0.887472,0.473614,0.621201,956.979331,1.139247,-1.770960,0.195534,0.322725,2.277942,-0.910083,-0.867999,0.580161,0.278576,0.448970,0.446531,0.429763,1.533923,-1.082806,0.637101
-0.715299,0.650258,0.342290,0.251991,0.731584,0.649462,-1.304386,0.647388,1.000759,0.166600,0.449169,0.612361,1.100379,1.184025,0.464302,0.284196,0.186637,0.722768,-1.197733,0.764699,1.016826,-0.790841,-1.844506,1.093138,-1.054947,-0.769626,1.216219,0.229510,-1.141880,-0.356322,0.473614,0.842070,197.168567,1.010255,-1.325079,0.785469,0.304504,0.810604,-1.031445,-1.123413,0.648539,0.277296,0.413629,0.793558,0.429763,1.533923,-1.082806,0.637101
-0.118857,0.595274,0.547909,0.497323,0.755228,0.397554,-1.178586,0.468915,1.000759,0.420622,0.403966,0.528377,1.103746,2.233099,0.516909,0.428902,0.440446,1.360680,-1.103637,1.151599,1.016826,-0.451543,-1.625713,2.058411,-0.664459,-1.030912,1.010994,0.529925,0.270369,-1.559233,3.246696,0.260915,198.723848,0.950067,-1.752346,0.781389,0.312638,1.521970,-1.031445,-0.925128,0.528586,0.595225,0.430945,0.225011,1.056307,1.299835,-1.210331,0.613460
-0.118857,0.743265,2.956179,0.416209,0.644094,0.331689,-1.292134,0.519029,0.618113,0.121067,0.314837,0.543163,0.996442,2.233099,0.450259,0.374040,0.239430,0.927252,-1.217202,1.129243,0.076976,-0.804280,-1.233192,2.058411,-0.664459,-1.019964,1.250147,0.239410,-0.978447,-1.433458,0.627491,0.324309,756.609251,1.132178,-1.522702,0.141249,0.316963,1.901020,-0.545803,0.399929,0.240562,0.299497,0.586217,0.467026,1.056307,0.802949,-1.210331,0.606950
-0.735996,0.764211,2.667695,0.295312,0.749295,0.508914,-1.416979,0.701356,0.062528,0.149435,0.335489,0.492363,1.077883,1.169066,0.553830,0.305041,0.180571,0.294743,-1.546543,0.700839,0.148958,-0.869009,-1.652459,0.710224,-1.115301,-0.842818,1.250147,0.208347,-1.178037,-0.855972,0.466972,0.651081,844.418352,1.367115,-1.750162,0.211690,0.300200,2.009733,-1.028735,-1.068094,0.617454,0.269549,0.786335,0.416916,0.466971,1.700050,-0.993884,0.539757
-0.735996,0.739837,0.365530,0.282520,0.738538,0.489773,-1.300195,0.668315,1.011805,0.204427,0.450742,0.684502,1.077883,1.169066,0.499545,0.299347,0.185621,0.643043,-1.075143,0.819537,1.176087,-0.656918,-1.757485,0.524818,-1.115301,-0.842818,1.132616,0.253732,-1.178037,-0.284876,0.466972,0.712806,192.822999,0.858690,-1.701715,0.792408,0.278201,0.770799,-1.028735,-1.297800,0.739240,0.281028,0.756863,0.824196,0.466971,1.700050,-0.993884,0.539757
-0.211187,0.632522,1.248648,0.459620,0.751550,0.463929,-1.343076,0.484419,1.011805,0.364096,0.341845,0.400350,1.006322,1.498949,0.469144,0.459083,0.304393,1.465598,-1.244632,0.954850,1.176087,-0.667647,-1.682191,1.714072,-0.581205,-1.031682,1.055666,0.522057,0.110667,-1.686828,2.454260,0.305993,350.212440,1.202727,-1.808325,0.780573,0.431655,1.472623,-0.945884,-1.065089,0.575489,0.453265,0.542102,0.277056,0.515697,1.798036,-1.509661,1.234014
-0.211187,0.796234,3.298216,0.442278,0.654719,0.396299,-1.205780,0.393596,0.484919,0.135906,0.314508,0.647007,0.987236,1.498949,0.418527,0.371583,0.167908,0.707554,-1.141685,0.954850,0.298232,-0.667647,-1.263951,1.714072,-0.542251,-1.025416,1.179373,0.259437,-1.051055,-1.686828,0.360067,0.232972,845.211320,1.088392,-1.689770,0.150214,0.406378,2.101726,-0.549021,0.454120,0.232324,0.284539,0.608759,0.481158,0.399952,0.751061,-1.509661,1.234014
-0.922169,0.779067,2.430500,0.212832,0.725020,0.522322,-1.371161,0.656346,-0.103221,0.122017,0.353517,0.642350,1.119071,1.036112,0.477444,0.337217,0.209790,0.971268,-1.302419,0.702098,0.303640,-0.785008,-1.732212,-0.067666,-1.033685,-0.904790,1.179373,0.266840,-1.169810,-0.945686,0.419290,0.706314,830.488229,1.246256,-1.638750,0.223777,0.344589,2.091476,-1.000489,-1.016252,0.630647,0.263093,1.180761,0.354540,0.464783,1.662016,-0.942485,0.898263
-0.922169,0.666765,0.293293,0.235119,0.702903,0.595811,-1.305831,0.680252,0.767161,0.187520,0.501872,1.033518,1.119071,1.036112,0.427743,0.396356,0.216539,2.012618,-1.257754,0.771692,1.355400,-0.785008,-1.789164,0.834660,-1.033685,-0.904790,1.182179,0.310338,-1.169810,-0.290719,0.419290,0.766792,173.199200,1.196922,-1.907677,0.757002,0.368813,0.515811,-1.031258,-1.224725,0.693721,0.299797,1.130428,0.734642,0.464783,1.662016,-0.942485,0.898263
-0.070864,0.661302,1.303416,0.368702,0.690987,0.566600,-1.276558,0.368800,0.767161,0.283786,0.304390,0.551174,0.980421,2.076161,0.396252,0.654416,0.410065,1.764498,-1.333337,0.912831,1.355400,-0.381406,-1.623303,2.095814,-0.678735,-1.034248,0.989749,0.405455,0.112072,-1.261590,2.510628,0.229879,354.540541,1.293534,-1.973122,0.703368,0.400092,1.148052,-0.956810,-0.570314,0.397296,0.449858,0.521362,0.151445,1.302370,1.538311,-1.418261,0.618538
-0.070864,0.831057,4.090046,0.222297,0.616681,0.482234,-1.299658,0.295546,0.575558,0.059867,0.209399,0.883565,0.980421,2.054962,0.320029,0.189813,0.280167,1.764498,-1.463578,0.853661,0.287246,-0.381406,-1.330761,2.095814,-0.678735,-1.019140,1.007835,0.221657,-0.966196,-0.869334,0.295411,0.346586,1072.097238,1.329461,-1.601097,0.138962,0.324636,2.068369,-0.602874,0.487792,0.233174,0.224695,0.394113,0.451929,1.302370,0.557707,-0.564414,0.618538
-0.961572,0.803367,2.537487,0.155788,0.711001,0.618498,-1.177057,0.626617,0.004141,0.121212,0.275790,0.695302,0.998420,1.160981,0.464750,0.287776,0.148202,1.008479,-1.086641,0.695774,0.040785,-0.621114,-1.827325,0.041918,-0.891807,-0.836257,1.007835,0.247242,-1.083806,-0.869334,0.428156,0.413577,892.128612,0.988920,-1.686830,0.209270,0.309075,1.617551,-0.923394,-0.952686,0.643049,0.224072,0.813036,0.354391,0.344604,1.580698,-0.911653,0.714501
-0.961572,0.660403,0.304450,0.168903,0.695495,0.509769,-1.414636,0.647394,0.933992,0.197758,0.477171,0.855309,0.998420,1.160981,0.433760,0.397675,0.198647,1.152173,-1.421642,0.780674,1.529812,-0.621114,-1.978184,0.220972,-0.891807,-0.836257,1.080205,0.286797,-1.083806,-0.402193,0.428156,0.856678,176.002560,1.307813,-1.711418,0.748296,0.332935,1.123352,-1.038581,-1.164007,0.677029,0.272764,0.705223,0.726123,0.344604,1.580698,-0.989711,0.714501
0.235207,0.648590,1.595047,0.259774,0.699398,0.575913,-1.323108,0.250478,0.933992,0.262023,0.375184,0.607612,0.970901,1.384165,0.333887,0.717126,0.334328,1.689384,-1.413630,0.894400,1.529812,-0.775137,-1.575343,2.163158,-0.507234,-1.041647,0.687008,0.413949,0.174019,-1.215158,1.916185,0.252420,439.084909,1.288641,-1.949989,0.711760,0.591121,1.931165,-0.980679,-0.726322,0.451896,0.395213,0.353198,0.199548,0.431648,1.082701,-1.313041,0.845446
0.235207,0.827389,5.005015,0.147148,0.587264,0.640324,-1.509614,0.170686,0.614518,0.044987,0.250649,0.822866,0.934292,0.059969,0.320449,0.147294,0.134279,1.689384,-1.672290,0.728303,0.125943,-0.775137,-1.329158,2.163158,-0.479531,-0.752383,1.120915,0.163963,-0.903369,-0.918464,0.285582,0.535122,1311.854918,1.288732,-1.565614,0.137002,0.394440,2.019971,-0.492077,0.465622,0.263672,0.048621,0.306708,0.465995,0.431648,0.434218,-0.973003,0.797658
-1.511067,0.810029,3.732239,0.153520,0.694110,0.728676,-1.427098,0.773353,-0.014100,0.134617,0.279062,0.662873,1.015468,0.844331,0.458407,0.318718,0.190235,1.183921,-1.174037,0.623235,0.385423,-0.501886,-1.772136,-0.169886,-1.285791,-0.672817,1.120915,0.225155,-1.022542,-0.918464,0.431217,0.443171,1219.175043,0.892310,-1.619503,0.177239,0.231875,2.156829,-0.911465,-0.708607,0.552578,0.186327,0.939461,0.327870,0.468616,1.237465,-1.688467,0.678011
-1.511067,0.650089,0.757398,0.185547,0.653435,0.397815,-1.399958,0.892296,0.902110,0.182357,0.369624,0.699596,1.015468,0.844331,0.425326,0.317775,0.179221,1.187139,-1.440563,0.733444,1.111571,-0.501886,-1.872126,0.930484,-1.285791,-0.672817,1.055753,0.248998,-1.022542,-0.274340,0.431217,1.248040,296.262137,1.290916,-1.867582,0.694822,0.235109,0.978691,-1.077155,-1.083847,0.687250,0.208206,0.924874,0.718793,0.468616,1.237465,-1.688467,0.678011
-0.076225,0.562239,1.099561,0.445392,0.692997,0.407812,-1.273975,0.436620,0.902110,0.327222,0.407306,0.802045,1.014907,1.212833,0.436744,0.412021,0.409835,3.103556,-1.064338,0.954911,1.111571,-0.679306,-1.677911,1.279032,-0.897884,-1.050980,0.828383,0.423175,0.292877,-1.219357,2.452742,0.215342,324.216947,0.973594,-1.858613,0.720798,0.355347,1.802218,-0.957330,-0.988609,0.556317,0.396170,0.498322,0.192481,1.255331,1.468071,-1.324000,0.879692
-0.076225,0.689712,3.423849,0.382353,0.655623,0.409874,-1.429975,0.394269,0.598791,0.085052,0.329606,0.958047,1.014907,1.212833,0.428896,0.263037,0.106161,3.103556,-1.160334,0.954911,0.039964,-0.761138,-1.156658,1.279032,-0.386179,-0.410373,1.189975,0.148951,-0.982075,-1.017814,0.288368,0.299710,830.099107,1.175628,-1.612023,0.160283,0.365614,2.007793,-0.426620,0.359370,0.258323,0.216178,0.317412,0.472631,0.003609,0.575265,-1.140854,0.688552
-0.806925,0.726395,2.745726,0.284265,0.738307,0.591514,-1.487455,0.626309,0.146987,0.134830,0.348853,0.514703,1.099713,1.133773,0.478142,0.299942,0.198103,0.251623,-1.301695,0.678163,0.217800,-0.761138,-1.481944,0.649194,-1.096994,-1.019519,1.189975,0.229330,-1.139833,-1.017814,0.418618,0.653260,871.241040,1.229485,-1.742139,0.209198,0.308836,2.061652,-0.899179,-0.905215,0.572912,0.269771,0.684520,0.416887,0.467752,1.495729,-1.227185,0.534340
-0.806925,0.676985,0.418447,0.288783,0.748197,0.573549,-1.484719,0.635320,1.040880,0.187291,0.451425,0.682782,1.099713,1.133773,0.475038,0.330403,0.200074,0.366532,-1.424425,0.828071,1.029253,-0.737728,-1.647421,0.820532,-1.096994,-1.019519,1.072298,0.262517,-1.139833,-0.325311,0.418618,0.884080,224.705093,1.338691,-1.603579,0.796586,0.261393,1.039574,-1.021375,-1.149696,0.687169,0.267071,0.704004,0.821871,0.467752,1.495729,-1.227185,0.458066
-0.110964,0.589054,1.065226,0.537003,0.778883,0.379876,-1.229105,0.423311,1.040880,0.360185,0.381071,0.475853,1.104966,1.366879,0.495210,0.459202,0.394171,1.847817,-1.215158,0.823389,1.029253,-0.968841,-1.612589,1.906115,-0.741189,-1.035033,1.062434,0.465539,0.176191,-0.981116,2.834537,0.374364,299.390154,1.161298,-1.837543,0.809859,0.441747,1.676261,-1.019636,-0.960716,0.588804,0.463772,0.569927,0.263400,1.327077,1.748694,-1.431151,1.134769
-0.110964,0.631402,3.096691,0.433106,0.696442,0.445667,-1.522395,0.444345,0.565979,0.095186,0.357926,0.632553,1.104966,1.366879,0.493229,0.405095,0.210284,1.847817,-1.540114,0.823389,0.504602,-0.968841,-1.388093,1.906115,-0.637423,-1.032462,1.182252,0.153134,-0.960562,-1.018338,0.588180,0.327238,772.514869,1.342336,-1.619008,0.163574,0.413792,2.092475,-0.483403,0.335659,0.201576,0.296207,0.527757,0.448492,0.447453,0.505687,-1.431151,1.134769
-0.948490,0.660025,2.332973,0.192690,0.716079,0.710592,-1.291379,0.701880,0.072762,0.108137,0.318073,0.546229,1.079779,1.106243,0.509707,0.249295,0.204387,0.185478,-0.983068,0.690405,0.480333,-0.693604,-1.389532,1.085015,-0.908374,-1.020070,1.496305,0.203045,-1.123532,-1.018338,0.526194,0.801579,749.046035,0.909393,-1.679043,0.194778,0.276668,2.071883,-0.893942,-0.896992,0.520471,0.239664,1.102040,0.375480,0.556091,1.411404,-1.386857,0.390278
-0.948490,0.639904,0.351793,0.235753,0.706848,0.751957,-1.441219,0.790825,1.064419,0.154052,0.413982,0.723579,1.079779,1.106243,0.498085,0.349129,0.219350,0.752086,-1.549490,0.704182,0.943006,-0.605605,-1.517273,1.537984,-0.908374,-1.020070,1.496305,0.243050,-1.123532,-0.285086,0.526194,1.345592,197.596612,1.421266,-1.605896,0.762155,0.283348,1.282530,-1.083112,-1.112601,0.621325,0.241696,1.078787,0.787929,0.556091,1.411404,-1.386857,0.390278
-0.494100,0.590174,0.960776,0.577306,0.751665,0.266047,-1.255678,0.606682,1.064419,0.437646,0.361653,0.562045,1.090362,2.348115,0.485497,0.485276,0.715480,1.365972,-1.348229,1.103936,0.943006,-1.132892,-1.556628,1.500244,-1.420531,-1.042796,0.955004,0.532674,0.204680,-1.725480,3.500744,0.445471,271.197220,1.311310,-1.923829,0.748513,0.440054,2.251093,-0.938111,-0.694749,0.456170,0.656958,0.801852,0.243984,2.215597,1.824711,-2.540197,1.280437
-0.375305,0.688401,3.664947,0.092781,0.643466,0.298490,-1.356837,0.515656,0.709247,0.036805,0.191875,0.590913,0.998871,0.320554,0.482300,0.156330,0.162211,0.980184,-1.403391,0.702399,0.089937,-0.620986,-1.484025,1.381150,-0.165743,-0.117596,1.264066,0.158659,-1.125472,-0.912495,0.604754,0.379004,788.768991,1.294698,-1.602932,0.085164,0.252952,1.487610,-0.436510,0.368731,0.239500,0.060837,0.414838,0.548623,0.080698,1.260581,-1.760426,1.217022
-0.929761,0.667140,0.336972,0.293346,0.681299,0.659685,-1.333328,0.733127,0.880262,0.183406,0.480319,0.629678,1.098051,1.216207,0.540333,0.397597,0.243689,0.492470,-1.365836,0.806784,0.944424,-0.782348,-1.795991,0.464013,-0.864063,-1.028561,1.244433,0.300245,-1.350539,-0.249378,0.484181,1.315916,195.574503,1.225666,-1.746454,0.736291,0.423749,0.984738,-1.079505,-1.378541,0.693820,0.313799,1.290377,0.810998,0.647427,2.186997,-1.410183,1.030523
0.165477,1.164364,0.408449,0.010795,0.391291,0.249365,-1.099953,0.115048,-0.055325,0.019564,0.039490,0.156080,0.433326,-0.127612,0.278945,0.062464,0.008583,0.024081,-1.114124,0.568150,0.040366,-0.257596,-1.274338,-0.225187,-0.016116,0.055260,0.806630,0.055436,-0.733980,-0.409691,0.250147,0.281494,219.319713,1.065285,-1.705499,0.019061,0.136629,1.603760,-0.366844,0.985251,0.062156,0.004031,0.408608,0.170745,-0.410897,0.424638,-0.270007,0.288007
0.554322,1.314196,0.236367,0.001418,0.371965,0.032513,-0.796615,0.013050,-0.726277,0.002286,0.004984,0.024244,0.376399,-0.136384,0.013207,0.007041,0.001004,-0.184655,-0.905915,0.543536,0.019182,-0.042249,-1.022064,-0.333224,0.013615,0.192675,0.445706,0.004058,-0.864772,-0.117210,0.230791,0.077350,128.015454,0.697206,-1.574381,0.002371,0.012401,1.111297,-0.364563,1.290184,0.008949,0.000804,0.082169,0.040823,-0.422502,0.238820,0.006995,-0.030452
0.538240,1.300249,4.094575,0.011277,0.383092,0.287864,-1.487424,0.032104,-0.537440,0.008686,0.038432,0.469368,0.438915,-0.114838,0.083887,0.036961,0.005927,0.580926,-1.634657,0.566181,0.026652,-0.073004,-1.072368,-0.334598,-0.003411,0.144343,0.573470,0.032434,-0.798856,-0.172640,0.244197,0.267035,846.929287,1.494077,-1.407804,0.030272,0.079539,2.229104,-0.392182,1.216119,0.033597,0.004362,0.227425,0.080641,-0.423347,0.326977,0.121568,0.103036
0.058428,0.604362,0.239067,0.482093,0.409083,0.845179,-1.375647,0.413617,0.464549,0.144286,0.616761,0.691923,0.950325,1.813603,0.232856,0.379828,0.158288,0.871826,-1.254362,0.703741,0.906319,-0.324893,-1.566296,0.362432,-0.765054,-0.499013,0.770522,0.192873,-0.713846,-0.276792,0.612379,0.467557,159.377689,1.192001,-1.616767,0.478989,0.351337,1.184018,-0.892523,-1.191307,0.624923,0.341079,0.292951,0.399322,0.261601,0.614277,0.027546,0.894114
0.356791,1.211572,0.639794,0.020619,0.378804,0.140927,-1.094107,0.053181,-0.021056,0.023079,0.041560,0.123385,0.448297,-0.118908,0.097918,0.062828,0.009172,0.004135,-1.062769,0.575350,0.029356,-0.202279,-1.378786,-0.171178,-0.052667,0.033137,0.506252,0.056977,-0.514559,-0.261288,0.252571,0.159759,288.654016,1.092243,-1.514669,0.045023,0.099399,1.685475,-0.368270,1.087047,0.063427,0.004707,0.215967,0.116886,-0.413552,0.291914,-0.151171,0.135728
0.466815,1.253975,0.204606,0.001785,0.371936,0.055747,-0.776356,0.024156,-0.591618,0.001874,0.009359,0.045956,0.428497,-0.131801,0.011190,0.007580,0.001196,-0.153107,-0.927746,0.543784,0.075621,-0.057552,-1.260771,-0.349963,0.010112,0.182258,0.429201,0.008240,-0.640280,-0.115916,0.231698,0.036285,114.112410,0.653001,-1.701565,0.006982,0.012629,1.017890,-0.364385,1.225789,0.011829,0.001032,0.052048,0.011225,-0.429671,0.171962,-0.006138,-0.098022
0.659837,1.026517,0.234964,0.013827,0.392523,0.066470,-1.379413,0.182887,-0.440074,0.010678,0.026645,0.130333,0.419338,-0.098520,0.022548,0.019363,0.007111,-0.106153,-1.296352,0.554940,0.035960,-0.033260,-1.375829,0.151328,-0.016217,0.167888,0.487263,0.014760,-0.552281,-0.208473,0.251298,0.275006,122.309937,1.224150,-1.512246,0.022305,0.030412,1.155201,-0.390217,0.951666,0.055306,0.005478,0.108117,0.031407,-0.413666,0.351774,-0.157666,-0.049469
-1.333082,0.793256,3.846792,0.114795,0.659370,0.311846,-1.614771,0.990018,-0.012395,0.093218,0.223988,0.235194,0.895788,0.740411,0.326475,0.196548,0.120458,0.043404,-1.766013,0.657737,0.174032,-0.607828,-1.836946,0.171459,-0.692161,-0.275820,0.715552,0.157141,-1.057294,-0.388561,0.481043,0.364176,1135.075429,1.500433,-1.717998,0.126831,0.193044,2.097502,-0.970347,-0.630770,0.555641,0.168969,0.446574,0.253473,0.143364,1.086689,-10.182075,0.326965
-1.333082,0.614551,0.483520,0.219835,0.583331,0.367389,-1.282011,0.818257,1.112690,0.112030,0.316574,0.294533,0.895788,0.740411,0.313189,0.251486,0.138367,0.188843,-1.271437,0.754273,0.833006,-0.607828,-2.013434,1.032729,-0.692161,-0.275820,0.877210,0.153375,-1.055881,-0.157791,0.481043,1.325024,208.076065,1.161589,-1.668295,0.630832,0.229432,1.344516,-0.997012,-1.092814,0.589736,0.182208,0.510809,0.780065,0.143364,0.806207,-1.073840,0.326965
-0.302586,0.533876,0.477052,0.422976,0.646653,0.562293,-1.272882,0.500361,1.112690,0.181645,0.269270,0.326644,0.961077,1.021066,0.537530,0.278965,0.398083,0.731882,-1.362263,0.661426,0.833006,-0.573607,-1.691923,1.032729,-1.046295,-1.023779,1.243503,0.395876,0.507688,-1.038746,0.795952,0.326526,165.793581,1.236022,-1.872913,0.663759,0.410421,1.486051,-0.881648,-0.882174,0.487268,0.421266,0.352010,0.206127,1.279845,1.535350,-1.685705,1.075833
-0.235300,0.755942,2.714860,0.172474,0.608795,0.395865,-1.222433,0.403051,0.779592,0.042246,0.155286,0.499431,0.846206,-0.064373,0.351569,0.178478,0.046343,0.717052,-1.341314,0.633252,0.066005,-0.606903,-1.253572,0.730747,-0.156810,-0.931429,1.243503,0.145046,-0.897533,-1.038746,0.257847,0.377427,696.134986,1.284298,-1.764436,0.075883,0.323993,1.400258,-0.429610,0.370686,0.285541,0.016884,0.378726,0.487650,-0.211170,0.521303,-1.685705,1.075833
-0.914678,0.796389,2.632440,0.260673,0.741513,0.527705,-1.283847,0.651910,0.181452,0.132768,0.291523,0.480018,1.082356,0.964799,0.486410,0.250935,0.150328,0.278302,-1.225222,0.666275,0.111241,-1.044086,-1.554714,0.603366,-1.203938,-0.853406,1.126701,0.232277,-1.147969,-0.849998,0.493959,0.707676,849.583193,0.981877,-1.812360,0.186842,0.349056,2.108255,-0.982434,-0.876491,0.596502,0.255146,0.473604,0.415947,0.303481,1.732700,-1.017374,0.479039
-0.914678,0.674336,0.377162,0.236625,0.723825,0.467918,-1.386566,0.690127,0.917408,0.182738,0.412403,0.524435,1.082356,0.964799,0.474319,0.270771,0.154904,0.362830,-1.465012,0.820585,1.056924,-1.044086,-1.704228,0.686687,-1.203938,-0.853406,0.976659,0.260678,-1.147969,-0.256535,0.493959,0.926298,183.054962,1.215886,-1.831661,0.779463,0.326001,1.235139,-1.001873,-1.120692,0.687294,0.273064,0.432435,0.781359,0.303481,1.732700,-1.017374,0.479039
-0.258507,0.614795,0.532837,0.480270,0.752000,0.317797,-1.235101,0.455659,0.917408,0.414872,0.357865,0.558182,1.027913,1.893752,0.476219,0.438445,0.497895,1.517193,-1.216040,0.899803,1.056924,-0.784042,-1.518801,1.280404,-1.073922,-1.031065,1.064692,0.481927,0.206771,-1.197301,2.861058,0.302573,197.026486,1.169912,-1.866099,0.777220,0.368426,0.447002,-0.944791,-0.949733,0.548334,0.538315,0.485338,0.214000,1.357572,1.611324,-2.073930,0.661520
-0.258507,0.711792,3.087459,0.344475,0.659007,0.296223,-1.189896,0.456480,0.526048,0.082254,0.262605,0.629211,0.976188,1.893752,0.403618,0.313334,0.285889,1.072550,-1.193226,0.847764,0.428810,-0.906660,-1.290379,1.280404,-0.675452,-0.779996,1.284168,0.184343,-1.060896,-0.941215,0.396518,0.293753,709.819202,1.262870,-1.555783,0.132703,0.327319,1.807067,-0.548253,0.399816,0.237345,0.297169,0.523762,0.464715,0.806550,0.836424,-2.073930,0.661520
-0.834327,0.743917,2.921710,0.257311,0.740550,0.488920,-1.410129,0.667290,0.090857,0.142150,0.322767,0.445100,1.082807,1.196672,0.499117,0.286081,0.186964,0.106138,-1.393021,0.692461,0.249390,-0.925458,-1.634132,0.301976,-1.111398,-0.764459,1.284168,0.234234,-1.150044,-0.941215,0.484839,0.821970,852.240349,1.300046,-1.659426,0.197554,0.328157,1.902028,-1.028513,-1.048986,0.612368,0.267316,0.666704,0.414548,0.504550,1.770385,-1.016146,0.756432
-0.834327,0.715511,0.372115,0.252574,0.725421,0.461076,-1.261322,0.667376,1.003813,0.203553,0.438924,0.610141,1.082807,1.196672,0.466986,0.276588,0.177846,0.898922,-1.302969,0.813505,1.014076,-0.664608,-1.899223,0.301976,-1.111398,-0.764459,1.190219,0.266593,-1.150044,-0.281981,0.484839,0.922544,199.088266,1.250601,-1.414423,0.780970,0.270650,1.313268,-1.028513,-1.251672,0.710370,0.285225,0.631092,0.800265,0.504550,1.770385,-1.016146,0.626988
-0.148579,0.626419,1.130113,0.490007,0.744381,0.495122,-1.159176,0.455537,1.003813,0.370678,0.332092,0.527709,1.018765,1.700067,0.384310,0.464744,0.355552,1.466335,-1.091065,0.954389,1.014076,-0.573519,-1.621382,1.737596,-0.652910,-1.030070,0.898951,0.514096,-0.001316,-1.590066,2.511021,0.259465,338.440713,1.122289,-1.816015,0.762012,0.333312,1.986722,-0.956377,-0.915084,0.513334,0.498483,0.461609,0.290825,0.693839,1.755974,-1.085197,0.690198
-0.148579,0.825678,3.231389,0.200835,0.638966,0.505064,-1.311132,0.384043,0.439380,0.060145,0.305929,0.689250,0.951605,0.987438,0.367296,0.250829,0.188800,0.894325,-1.273373,0.731003,0.070856,-0.697138,-1.347111,1.737596,-0.562116,-1.024989,1.165559,0.176812,-1.108819,-0.914077,0.660954,0.226618,794.776587,1.149421,-1.560499,0.120738,0.269213,2.100831,-0.538309,0.470157,0.248418,0.098842,0.471997,0.463379,0.407993,0.948735,-1.085197,0.690198
-0.864958,0.808468,2.257156,0.201174,0.724565,0.484920,-1.536383,0.649481,-0.061223,0.136621,0.283957,0.546849,1.066328,1.144696,0.457046,0.289178,0.177929,0.698815,-1.568951,0.716628,0.209004,-0.697138,-1.644104,0.083968,-1.163182,-1.008304,1.165559,0.247931,-1.170984,-0.914077,0.496653,0.680845,722.480006,1.308778,-1.360519,0.209343,0.290431,2.034072,-1.027122,-1.065994,0.671099,0.257537,1.208213,0.336939,0.371461,1.997428,-0.853046,0.803510
-0.864958,0.649723,0.265854,0.235333,0.697540,0.656405,-1.374037,0.615334,0.844172,0.184635,0.477193,0.808112,1.066328,1.144696,0.423686,0.337096,0.191973,1.358361,-1.359236,0.746695,1.242675,-0.642523,-1.724923,-0.134593,-1.163182,-1.008304,1.201318,0.300110,-1.170984,-0.152343,0.496653,0.802221,169.987830,1.284698,-1.588257,0.751653,0.299897,1.163442,-1.027122,-1.175806,0.667851,0.276414,1.178853,0.734111,0.371461,1.997428,-0.920879,0.803510
-0.070996,0.662982,1.167526,0.378144,0.728357,0.592706,-1.187884,0.337154,0.844172,0.222197,0.311584,0.537921,1.043321,1.364800,0.381706,0.526276,0.421594,2.094110,-1.179645,1.045470,1.242675,-0.283833,-1.496887,2.238486,-0.539369,-1.034461,0.881598,0.415146,0.244339,-1.152274,1.432048,0.205659,306.028962,1.124283,-1.908532,0.731207,0.384557,1.992545,-0.989886,-0.496636,0.398735,0.391439,0.486964,0.153668,0.823161,1.795335,-1.411875,0.691375
-0.070996,0.676179,3.672858,0.184813,0.637074,0.542665,-1.209748,0.440070,0.623867,0.052442,0.249433,1.090853,1.043321,1.364800,0.306943,0.197825,0.250991,2.094110,-0.695804,1.043351,0.252668,-0.389843,-1.142050,2.238486,-0.539369,-0.991092,0.992074,0.215978,-0.945509,-0.862478,0.281237,0.393513,862.447304,0.591248,-1.669489,0.143113,0.320665,2.400548,-0.596312,0.404025,0.186917,0.162493,0.441947,0.450544,0.823161,1.043570,-0.887119,0.691375
-0.803577,0.699006,2.662631,0.162209,0.687298,0.769181,-1.579247,0.666956,0.011086,0.126879,0.284256,0.847717,1.028597,1.003918,0.467316,0.262134,0.150648,0.971550,-1.566540,0.717532,0.342185,-0.652806,-1.596700,0.369535,-0.963408,-0.874447,0.992074,0.208395,-1.136395,-0.862478,0.471132,0.505236,830.434154,1.400826,-1.529517,0.195270,0.303268,2.260569,-0.818640,-0.914569,0.567273,0.220199,0.944049,0.375500,0.279841,1.327302,-0.946350,0.842829
-0.803577,0.658381,0.252809,0.176432,0.673063,0.511056,-1.489479,0.582937,1.001132,0.207719,0.424972,0.843536,1.028597,1.003918,0.437544,0.267030,0.147615,0.971550,-1.561627,0.782163,1.116904,-0.504744,-1.674869,0.356637,-0.963408,-1.005192,0.971323,0.253776,-1.131941,-0.371703,0.471132,0.932290,171.480858,1.464751,-1.751454,0.733255,0.270761,1.053359,-0.961660,-1.135449,0.657243,0.262658,0.814189,0.762954,0.279841,1.327302,-0.995236,0.476885
-0.407489,0.650593,1.404775,0.428013,0.676736,0.360961,-1.158411,0.454106,1.001132,0.360265,0.385004,0.379857,1.038521,1.721572,0.303640,0.673663,0.305462,1.258243,-1.028202,1.223869,1.116904,-0.542409,-1.352725,1.732589,-0.667168,-1.036105,0.784273,0.434598,0.040218,-1.271423,2.690554,0.246222,372.104753,1.060745,-1.665211,0.682526,0.558871,2.220103,-0.926000,-0.693502,0.419703,0.441767,0.412561,0.262850,0.424999,1.310263,-0.858851,1.418112
-0.216888,0.806770,3.759947,0.035582,0.571150,0.392691,-1.402813,0.296645,0.502081,0.028584,0.227881,0.602610,0.775117,-0.052643,0.237092,0.219806,0.019809,1.170728,-1.280245,0.657382,0.034745,-0.542409,-1.297716,1.666885,-0.058771,-0.545717,0.889380,0.164372,-0.755718,-0.827761,0.258306,0.293599,989.648568,1.238425,-1.526310,0.088509,0.388325,2.104413,-0.380085,0.548813,0.152334,0.011495,0.439121,0.342166,-0.346304,0.564626,-0.749579,1.418112
-0.989077,0.760966,2.067006,0.364755,0.685647,0.419654,-1.497793,0.627021,0.154233,0.124239,0.291692,0.512447,0.977773,0.743617,0.306530,0.298311,0.150878,0.985815,-1.573749,0.767696,0.336933,-0.239251,-1.377834,-0.366840,-1.069175,-0.524795,0.889380,0.204175,-0.882986,-0.563868,0.436334,0.290061,754.939456,1.414345,-1.758292,0.176454,0.212156,2.069577,-0.752556,-1.202949,0.717129,0.159192,0.376088,0.309811,0.141729,0.886418,-0.451080,0.696619
-0.989077,0.695588,0.284264,0.359711,0.585711,0.334134,-1.533808,0.630408,0.940029,0.161135,0.380490,0.418547,0.977773,0.743617,0.312628,0.382245,0.190613,0.985815,-1.712965,0.769678,1.115740,-0.027208,-1.853828,0.749980,-1.069175,-0.524795,0.938077,0.234885,-0.882986,-0.217238,0.436334,0.916065,173.059810,1.558139,-1.540135,0.640771,0.393426,1.186377,-1.017655,-1.284226,0.602507,0.216214,0.319124,0.633553,0.141729,0.886418,-0.871011,0.696619
-0.083011,0.607480,0.612307,0.382685,0.629504,0.443219,-1.407639,0.302174,0.940029,0.271422,0.428619,0.493573,0.930737,1.523908,0.299901,0.405967,0.378015,1.372918,-1.439157,0.869142,1.115740,-0.597713,-1.862742,1.385002,-0.601905,-1.033655,0.817790,0.345905,0.391349,-1.204537,1.973233,0.196848,211.748006,1.226915,-2.005571,0.635515,0.373882,1.631500,-0.846682,-0.592194,0.406536,0.385854,0.428551,0.184899,0.857948,1.542148,-1.375682,0.358283
-0.083011,0.787859,3.272748,0.297944,0.644566,0.381223,-1.220111,0.369769,0.693737,0.049410,0.365469,0.731838,0.921698,1.523908,0.304744,0.193287,0.188681,1.309226,-0.831216,0.631567,0.190329,-0.619754,-1.471877,1.385002,-0.446828,-0.086884,1.314050,0.170397,-0.927030,-0.855354,0.556835,0.380283,769.383908,0.743236,-1.463720,0.116945,0.240577,1.530504,-0.465250,0.501382,0.224840,0.242427,0.563537,0.470883,0.375422,0.796731,-0.984929,0.439871
-1.088519,0.773664,2.977397,0.223221,0.734492,0.690043,-1.383683,0.739914,0.115643,0.108906,0.339741,0.649064,1.086542,0.909749,0.476904,0.288346,0.186724,0.624586,-1.267993,0.654196,0.405314,-0.679567,-1.301611,0.299481,-0.999471,-1.030860,1.653564,0.214536,-1.154595,-0.855354,0.475459,0.832679,927.807606,1.066692,-1.580321,0.200880,0.250292,2.051493,-0.977986,-0.927119,0.599590,0.225679,1.248089,0.405318,0.597951,1.673379,-1.415702,0.602605
-1.088519,0.658429,0.342515,0.264340,0.721578,0.634200,-1.312677,0.726384,1.063809,0.166925,0.469717,0.851112,1.086542,0.909749,0.491603,0.316089,0.194702,1.375258,-1.413207,0.803920,1.108256,-0.679567,-1.716308,1.227454,-0.999471,-1.030860,1.653564,0.256245,-1.154595,-0.161494,0.475459,1.126962,185.957916,1.296951,-1.899451,0.778325,0.274657,1.059902,-1.048885,-1.164601,0.654548,0.233747,1.202440,0.796282,0.597951,1.673379,-1.415702,0.602605
-0.347050,0.596366,1.387287,0.556283,0.751048,0.457165,-1.160794,0.413857,1.063809,0.393971,0.378836,0.510037,1.044004,1.425325,0.434039,0.669746,0.423442,1.475952,-1.158254,0.894141,1.108256,-1.735444,-1.595470,2.296293,-0.764562,-1.074749,0.898650,0.602674,0.171497,-1.324267,3.186394,0.373905,388.769854,1.099442,-1.756833,0.753169,0.670203,1.800510,-0.974839,-0.635342,0.444136,0.393695,0.506769,0.260185,1.505906,1.542558,-2.607933,2.043717
-0.327511,0.650812,3.157418,0.153094,0.635311,0.477530,-1.060301,0.460337,0.770163,0.035328,0.118831,0.850450,0.989226,0.090928,0.470544,0.395872,0.087646,1.475952,-0.885556,0.894141,0.037286,-1.735444,-1.313829,2.296293,-0.221283,-1.071460,1.244206,0.203786,-0.919863,-0.901359,0.332658,0.220610,827.914572,0.945235,-1.690161,0.152537,0.518048,1.811837,-0.429198,0.267089,0.251299,0.045793,0.484889,0.488934,0.032827,0.880057,-2.145651,2.032565
-0.682055,0.677600,2.306175,0.267647,0.723168,0.447796,-1.324836,0.703356,0.001200,0.099244,0.294494,0.422962,0.973818,0.774109,0.418358,0.225803,0.141779,0.334895,-1.181998,0.700712,0.272946,-0.732760,-1.371891,0.637751,-1.035831,-0.786492,1.206551,0.191933,-1.131795,-0.901359,0.375803,0.602287,837.164079,1.168101,-1.721814,0.182751,0.314552,1.957026,-0.856125,-0.883963,0.540875,0.207720,0.804530,0.360090,0.330170,1.480870,-1.194486,0.485652
-0.682055,0.623707,0.377062,0.236502,0.664584,0.550530,-1.407890,0.635554,1.016328,0.158928,0.383614,0.437070,0.973818,0.774109,0.393046,0.325441,0.183219,-0.015461,-1.375610,0.799379,1.078807,-0.732760,-1.678215,1.204684,-1.035831,-0.786492,1.033175,0.214156,-1.131795,-0.216216,0.375803,1.121889,196.778087,1.220155,-1.540016,0.714093,0.228068,0.733301,-0.995132,-1.050195,0.594819,0.211015,0.754243,0.787579,0.330170,1.480870,-1.194486,0.470992
-0.327510,0.625557,1.177040,0.525545,0.679723,0.305818,-1.094819,0.498099,1.016328,0.301043,0.338277,0.422688,0.939897,1.289777,0.445347,0.437693,0.354016,1.495893,-1.074245,0.925937,1.078807,-0.581936,-1.752840,1.349320,-0.973656,-1.032945,0.880324,0.395642,0.190536,-0.783684,1.692702,0.290638,320.366769,1.035403,-1.856158,0.696380,0.325584,1.804153,-0.952709,-0.908463,0.546373,0.441557,0.449529,0.258565,0.927289,1.517049,-1.357863,0.551327
-0.316823,0.802888,3.302165,0.105269,0.617467,0.278783,-1.285321,0.441703,0.527866,0.040282,0.226522,0.451729,0.889767,0.010788,0.272722,0.209345,0.044964,0.651070,-1.080068,0.667497,0.028133,-0.596056,-1.297100,1.055080,-0.247857,0.018580,1.032282,0.149440,-0.823488,-0.822285,0.281629,0.165560,743.000756,0.916934,-1.704461,0.094134,0.310873,2.245819,-0.451612,0.539367,0.186509,0.024113,0.406255,0.383292,-0.046020,0.719449,-1.357863,0.498371
-0.959523,0.775292,2.050791,0.279781,0.711854,0.339202,-1.553354,0.714337,0.123545,0.147117,0.336943,0.434555,1.000182,1.356809,0.394008,0.262467,0.170610,0.452254,-1.678351,0.791173,0.069230,-1.237615,-1.712960,0.891985,-1.028089,-0.867829,1.032282,0.255629,-0.998551,-0.820352,0.569428,0.328387,620.654698,1.450669,-1.720343,0.198551,0.363304,2.152145,-1.133965,-1.188262,0.679989,0.274633,0.427238,0.356036,0.551507,1.443054,-1.160663,0.619966
-0.959523,0.716931,0.396673,0.313583,0.694617,0.404179,-1.358296,0.649106,0.984541,0.242244,0.462361,0.608750,1.000182,1.356809,0.369498,0.295095,0.193621,0.985727,-1.390359,0.854256,1.085400,-1.237615,-1.740265,0.891985,-1.028089,-1.024470,1.023839,0.340126,-0.998551,-0.532967,0.569428,0.313964,199.917864,1.242329,-1.831038,0.758297,0.288387,1.417250,-1.133965,-1.366666,0.717938,0.344823,0.288712,0.728990,0.551507,1.443054,-1.160663,0.573481
-0.338381,0.687223,1.670237,0.414023,0.654673,0.458114,-1.264312,0.356727,0.984541,0.379450,0.348922,0.482468,0.960948,1.212474,0.402949,0.517420,0.352745,1.119579,-1.427015,1.328621,1.085400,-0.641912,-1.389093,1.607484,-0.544261,-1.037459,0.709721,0.443850,-0.130901,-0.967382,3.340350,0.289512,459.036550,1.291718,-1.719243,0.670173,0.394474,2.311545,-1.126947,-0.710532,0.423022,0.435575,0.277959,0.301383,0.852506,1.356450,-0.907330,0.581074
-0.098328,1.037236,3.591358,0.046373,0.574919,0.535694,-1.217203,0.325068,0.413735,0.031941,0.187276,0.476683,0.766802,-0.075604,0.189422,0.161155,0.026407,1.059436,-1.265038,0.591714,0.025444,-0.641912,-1.085002,0.915501,-0.082343,-0.464170,1.197178,0.137869,-0.941912,-0.967382,0.292448,0.125183,890.740350,1.156258,-1.610224,0.109190,0.273548,2.115201,-0.376183,0.609543,0.222554,0.014548,0.334851,0.389418,-0.226238,0.846055,-0.524614,0.581074
-0.117275,0.606174,0.264662,0.240507,0.604538,0.377555,-1.353395,0.398932,0.829251,0.182768,0.322344,0.297921,0.987432,1.065959,0.357242,0.205807,0.134758,0.156304,-1.373379,0.804137,0.852239,-0.893149,-1.512864,0.690349,-0.820485,-0.477630,0.926108,0.214167,-1.011103,-0.394681,0.595239,0.638540,167.198006,1.235957,-1.802156,0.648992,0.244703,1.283294,-0.918374,-1.013511,0.611625,0.233391,0.264686,0.674652,0.047431,1.474220,-0.661516,0.376267
-0.127942,1.328538,0.407947,0.011746,0.418319,0.269427,-1.020315,0.144458,-0.217822,0.021332,0.042330,0.244359,0.459603,-0.132885,0.246614,0.044453,0.006615,0.329094,-1.181820,0.567201,0.019350,-0.184878,-1.343227,-0.227874,-0.014679,0.096867,0.709704,0.059279,-0.691968,-0.272980,0.238239,0.154152,198.728669,1.038983,-1.673947,0.030619,0.108628,1.473670,-0.367925,1.280023,0.027523,0.002907,0.393343,0.122802,-0.404862,0.541885,-0.139527,0.202815
0.508778,1.241636,0.245390,0.001827,0.380781,0.087614,-0.864669,0.028940,-0.673503,0.004695,0.010559,0.032887,0.391155,-0.135904,0.027643,0.006789,0.001650,-0.118976,-1.000089,0.545198,0.018839,-0.047590,-1.286008,-0.336632,0.007292,0.178231,0.430757,0.006406,-0.737891,-0.128590,0.236272,0.052627,121.100954,0.819703,-1.826501,0.004561,0.008698,0.705275,-0.364291,1.199062,0.025994,0.001093,0.210482,0.015973,-0.421068,-0.062673,0.005558,-0.052564
0.454859,1.244470,4.834787,0.014221,0.438517,0.737163,-1.326928,0.126792,-0.405319,0.016667,0.074909,0.545065,0.577741,-0.112378,0.066336,0.058034,0.011772,0.763925,-1.264347,0.564025,0.027251,-0.224324,-1.263621,-0.677421,-0.048900,0.113763,0.566184,0.041578,-0.660621,-0.190500,0.256637,0.073013,1067.321955,1.175410,-1.599098,0.069384,0.117904,1.754582,-0.388716,1.011941,0.086255,0.004570,0.248491,0.088942,-0.412427,0.193791,0.207532,0.136267
0.128193,0.867366,0.810286,0.065067,0.374048,0.553652,-1.196065,0.132545,0.326830,0.044050,0.114220,0.373222,0.648109,0.012908,0.280877,0.169773,0.088472,1.299212,-1.294535,0.744180,0.373930,-0.160930,-1.235037,1.081028,-0.003121,-1.035461,0.761339,0.155056,-0.039625,-0.443557,0.396707,0.164779,305.411274,1.203055,-1.608659,0.077080,0.261084,1.897150,-0.604042,0.755312,0.055285,0.049721,0.288967,0.109233,0.199125,-0.095571,-1.059226,0.781885
0.494280,1.064435,0.239129,0.060364,0.350427,0.181403,-0.972179,0.225212,-0.417648,0.018934,0.028314,0.178466,0.375160,-0.054314,0.088193,0.091603,0.052332,0.038313,-1.111929,0.575447,0.113165,-0.185144,-1.604950,-0.014929,-0.035956,-0.477811,0.527238,0.040765,-0.800115,-0.349527,0.406044,0.148338,125.840552,0.960870,-1.642826,0.007246,0.134824,1.115364,-0.364552,0.848089,0.130024,0.023120,0.297565,0.110149,-0.174597,0.205171,-0.083588,0.254036
1.035540,0.959882,0.267205,0.037233,0.405802,0.192823,-1.143677,0.046521,-0.459931,0.010421,0.044153,0.119992,0.457518,-0.101236,0.126320,0.065912,0.013238,0.040905,-1.004237,0.570054,0.049974,-0.173039,-1.454013,0.079468,0.001584,0.161591,0.724132,0.017764,-0.587488,-0.274225,0.253687,0.131648,134.596415,0.897264,-1.444061,0.013541,0.093014,1.191178,-0.371147,0.915628,0.024751,0.006983,0.271660,0.038367,-0.408557,0.675824,-0.140798,0.187320
-1.114960,0.772662,3.819889,0.132363,0.687080,0.544970,-1.441472,0.976080,-0.025734,0.105548,0.231854,0.297521,0.950484,0.747575,0.341776,0.215748,0.139160,0.145616,-1.388594,0.565633,0.183430,-0.760099,-1.672702,0.533104,-0.816760,-0.407791,0.984033,0.173367,-1.073465,-0.380392,0.571772,0.318985,1246.010879,1.167430,-1.478254,0.122485,0.204813,2.237864,-0.987369,-0.692127,0.541355,0.179478,0.515827,0.252014,0.259193,0.931511,-1.547590,0.501044
-1.114960,0.657628,0.353505,0.197631,0.634854,0.621926,-1.412667,0.742951,1.146290,0.134396,0.339836,0.322868,0.950484,0.747575,0.305636,0.269227,0.148180,0.145616,-1.419559,0.713135,0.922089,-0.760099,-1.732741,0.824716,-0.816760,-0.407791,0.984033,0.179159,-1.073465,-0.278188,0.571772,1.159250,185.774731,1.338710,-1.482531,0.683881,0.275647,1.277506,-1.014325,-1.138450,0.639075,0.185983,0.524616,0.792256,0.259193,0.840029,-1.547590,0.501044
0.016528,0.606973,0.444687,0.408849,0.689973,0.525077,-1.257705,0.390314,1.146290,0.302345,0.356852,0.409914,0.947924,1.058531,0.425112,0.258295,0.371467,0.978870,-1.296590,0.732506,0.922089,-0.439149,-1.648795,1.238860,-0.970780,-1.037059,1.007881,0.369569,0.362189,-0.693555,1.835844,0.401126,161.841392,1.242132,-1.701898,0.707281,0.469837,1.369579,-1.001620,-0.961889,0.523524,0.428140,0.321465,0.244390,0.948671,1.338331,-1.371197,1.009309
0.016528,0.773237,3.044503,0.310884,0.635705,0.376975,-1.554147,0.388586,0.565194,0.057031,0.330303,0.465493,0.886613,1.058531,0.317719,0.199527,0.157234,0.978870,-1.673794,0.584325,0.037979,-0.651900,-1.334318,1.238860,-0.423311,-0.081148,1.103426,0.089861,-0.887915,-0.881059,0.449604,0.317926,735.700368,1.458450,-1.433728,0.099672,0.318566,1.381573,-0.445322,0.482073,0.239292,0.184756,0.314081,0.436444,0.247989,0.627990,-1.371197,1.009309
-0.895886,0.769427,2.727656,0.262178,0.727270,0.497871,-1.570788,0.679044,0.037873,0.119292,0.290593,0.356963,1.087645,0.892699,0.472438,0.236691,0.151452,0.097838,-1.518529,0.640658,0.129151,-0.846961,-1.624258,0.823080,-1.147514,-0.691757,1.103426,0.194327,-1.120651,-0.881059,0.416921,0.605891,836.593292,1.364458,-1.701489,0.183212,0.310015,2.350534,-0.957285,-0.830372,0.579356,0.251871,0.482904,0.378111,0.280063,1.367767,-0.954060,0.535364
-0.895886,0.672203,0.347162,0.240798,0.709333,0.517958,-1.384046,0.705781,0.965556,0.156433,0.414005,0.391592,1.087645,0.892699,0.435307,0.248747,0.157486,0.337414,-1.046721,0.781633,1.075324,-0.846961,-1.834204,0.755978,-1.147514,-0.691757,1.103065,0.227412,-1.120651,-0.396284,0.416921,0.806571,190.177487,0.936601,-1.302518,0.760315,0.305838,0.859513,-1.021762,-1.129498,0.673149,0.256126,0.579222,0.785925,0.280063,1.367767,-0.954060,0.499474
-0.119664,0.627821,0.820364,0.473970,0.742193,0.337375,-1.294846,0.465432,0.965556,0.312410,0.354773,0.439247,0.996961,1.601402,0.532191,0.342061,0.394572,1.165883,-1.214000,0.964952,1.075324,-0.635157,-1.385447,1.944673,-0.823652,-1.031295,1.103065,0.467033,0.123885,-0.776744,2.319079,0.249472,260.283128,1.132538,-1.894855,0.769291,0.312761,1.928587,-0.993103,-1.026790,0.575921,0.452901,0.565288,0.251066,0.904816,1.927579,-2.152080,0.666970
-0.119664,0.777555,2.651759,0.381691,0.655569,0.285521,-1.226251,0.409640,0.489614,0.077221,0.289243,0.541096,0.970567,1.601402,0.336748,0.296359,0.176831,0.902698,-1.230387,0.964952,0.035143,-0.671840,-1.167853,1.944673,-0.545248,-0.424875,1.147609,0.168207,-1.049482,-0.927608,0.308622,0.315947,707.648572,1.096816,-1.714204,0.126825,0.343465,2.061119,-0.511006,0.458496,0.238391,0.278614,0.579030,0.463624,0.518668,0.805805,-2.152080,0.666970
-0.849366,0.786912,1.859419,0.255106,0.739377,0.543512,-1.502546,0.632514,0.038403,0.124006,0.323266,0.462436,1.085982,1.112591,0.460591,0.296662,0.175556,0.304036,-1.580721,0.707817,0.174083,-0.751255,-1.654310,0.405248,-1.069113,-0.842982,1.147609,0.216662,-1.226143,-0.927608,0.432776,0.785380,661.557989,1.442469,-1.756159,0.192877,0.353417,1.971820,-1.090663,-1.069650,0.634447,0.272019,0.845281,0.401362,0.395562,2.060059,-1.158495,0.716735
-0.849366,0.715915,0.371172,0.259570,0.704395,0.502011,-1.404790,0.676191,0.992935,0.184654,0.444616,0.553512,1.085982,1.112591,0.422221,0.298837,0.168067,0.673857,-1.479133,0.812961,1.005923,-0.606676,-1.776053,0.405248,-1.069113,-0.842982,1.139268,0.243340,-1.226143,-0.258825,0.432776,0.830553,181.653090,1.308521,-1.642734,0.759959,0.273326,0.327697,-1.090663,-1.272516,0.714920,0.283902,0.817265,0.817033,0.395562,2.060059,-1.158495,0.716735
-0.237913,0.650057,1.237821,0.456067,0.701395,0.428754,-1.159561,0.481273,0.992935,0.273067,0.354312,0.459877,0.962153,1.450565,0.403549,0.352043,0.397059,1.328665,-1.245476,0.788235,1.005923,-0.874101,-1.491175,1.488324,-0.791448,-1.031091,0.852117,0.438566,0.049737,-1.093157,1.526217,0.307310,355.645710,1.199087,-1.828883,0.717461,0.438935,2.155059,-0.907583,-0.810819,0.473168,0.411737,0.347388,0.266081,1.250707,1.475596,-1.224371,0.723540
-0.237913,0.832770,3.323432,0.168254,0.638227,0.450679,-1.195227,0.429673,0.440614,0.049050,0.190529,0.643614,0.876078,0.138594,0.257972,0.205444,0.154042,0.705278,-1.244341,0.653857,0.087511,-0.852290,-1.164472,1.488324,-0.372258,-0.060861,1.110412,0.115065,-0.996920,-0.846879,0.304980,0.140092,792.840780,1.295220,-1.699713,0.102922,0.347747,2.201671,-0.418870,0.578039,0.178701,0.067137,0.422876,0.440382,0.479626,1.078706,-1.224371,0.723540
-1.291443,0.756129,2.218081,0.187968,0.744541,0.619031,-1.419650,0.798747,-0.151329,0.140559,0.344825,0.658106,1.014386,1.260575,0.410880,0.331138,0.195498,1.243982,-1.430057,0.724297,0.168252,-0.715655,-1.773643,-0.153856,-1.199279,-0.889318,1.110412,0.232333,-1.192013,-0.844622,0.532375,0.668357,706.191565,1.304083,-1.607684,0.187937,0.380205,2.030040,-1.127904,-1.107149,0.637302,0.256236,1.273359,0.325884,0.478871,1.937845,-0.896945,0.995180
-1.291443,0.659535,0.343754,0.245217,0.657638,0.663741,-1.471696,0.742536,0.769983,0.194358,0.538124,0.918631,1.014386,1.260575,0.443671,0.393370,0.227968,1.837145,-1.515196,0.762397,1.362852,-0.715655,-1.839296,-0.187315,-1.199279,-0.889318,1.187003,0.285552,-1.192013,-0.277818,0.532375,0.813774,190.174077,1.330863,-1.808313,0.709158,0.337083,1.201101,-1.127904,-1.219159,0.656797,0.288975,1.262976,0.714633,0.478871,1.937845,-0.960871,0.995180
-0.020353,0.625333,1.207499,0.336599,0.685094,0.619132,-1.216548,0.356013,0.769983,0.201406,0.418789,0.415299,1.025881,1.864609,0.352265,0.518455,0.324722,1.613564,-1.120470,0.729819,1.362852,-0.922398,-1.594890,2.087629,-0.627423,-1.033714,1.034456,0.401883,0.202416,-0.958417,1.525863,0.184842,347.043458,1.105521,-1.737836,0.691273,0.455573,1.866027,-0.929500,-0.591669,0.418442,0.447395,0.480941,0.161207,0.814057,1.527340,-2.018776,0.796595
0.001378,0.761158,3.454200,0.172869,0.593476,0.632861,-1.380673,0.229726,0.583298,0.047571,0.182222,0.747467,0.993080,0.128473,0.287419,0.099287,0.115747,1.613564,-1.436438,0.729819,0.056056,-0.922398,-1.197666,2.087629,-0.483006,-0.861309,1.008827,0.191155,-0.913027,-0.996260,0.279570,0.349814,909.314316,1.299374,-1.575326,0.154788,0.300110,1.644487,-0.443864,0.412274,0.269244,0.050421,0.409552,0.445495,0.385786,0.549024,-1.334679,0.796595
-0.735233,0.799714,2.227543,0.156620,0.703246,0.654085,-1.384742,0.532890,0.023573,0.124054,0.278899,0.621146,1.009743,1.043582,0.470441,0.290430,0.141231,0.728888,-1.316839,0.740529,-0.001932,-0.585752,-1.626381,-0.006146,-1.059694,-0.749634,1.008827,0.212905,-1.084115,-0.996260,0.342628,0.449629,725.107089,1.233681,-1.619701,0.210494,0.306413,2.124467,-0.957619,-1.038346,0.659838,0.221469,0.659616,0.343160,0.220307,1.258547,-0.598576,0.616282
-0.735233,0.688778,0.266767,0.206415,0.654429,0.284038,-1.365534,0.562366,0.888095,0.193803,0.489148,0.526357,1.009743,1.043582,0.433504,0.355810,0.142698,0.650842,-1.125553,0.803178,1.255231,-0.585752,-1.803796,-0.279029,-1.059694,-0.749634,0.920200,0.249463,-1.084115,-0.451416,0.353214,0.744956,175.717733,1.106140,-1.695684,0.709869,0.306463,1.132315,-0.957619,-1.218090,0.674402,0.279727,0.420469,0.703354,0.220307,1.258547,-1.088323,0.616282
-0.050927,0.675404,1.954140,0.289629,0.624268,0.527852,-1.370292,0.352070,0.888095,0.227785,0.396556,0.542990,0.900821,0.862096,0.364179,0.602075,0.309330,1.460907,-1.359012,0.872092,1.255231,-0.441092,-1.447347,2.129908,-0.449340,-1.032608,0.789016,0.365663,0.113294,-0.748501,1.269997,0.197595,513.472245,1.273919,-1.652890,0.625550,0.417476,1.777034,-0.846482,-0.663076,0.416171,0.364025,0.519044,0.213424,0.397135,1.164076,-1.088323,1.088679
0.073351,0.899857,4.394501,0.053216,0.546695,0.528903,-1.277550,0.210823,0.522723,0.022357,0.229227,0.562818,0.786834,-0.087146,0.154684,0.125714,0.034709,1.460907,-1.301086,0.694612,0.042781,-0.294572,-1.253808,1.026113,-0.055913,-0.319404,0.826182,0.132820,-0.718865,-0.782583,0.245746,0.253492,1158.025737,1.175235,-1.670701,0.094012,0.273737,2.038134,-0.411425,0.595132,0.170221,0.017524,0.446886,0.339481,-0.179454,0.612981,-0.642235,1.088679
-0.734124,0.828684,2.451767,0.283112,0.695598,0.543685,-1.230391,0.528408,0.129838,0.121026,0.313806,0.440277,0.992241,0.853333,0.352923,0.259893,0.162988,0.667060,-1.050640,0.714018,0.089905,-0.442826,-1.409017,-0.038370,-1.051120,-0.814252,0.860253,0.247755,-0.850947,-0.601482,0.380659,0.191437,895.315652,0.996664,-1.685440,0.205617,0.267005,2.008516,-0.791867,-1.218711,0.737031,0.190941,0.437928,0.299789,0.289080,1.035811,-0.363880,0.725680
-0.734124,0.736642,0.379246,0.264456,0.642444,0.336970,-1.348975,0.531428,0.898389,0.176751,0.378792,0.399129,0.992241,0.853333,0.357550,0.314410,0.183235,0.669842,-1.310775,0.797925,1.336128,-0.299213,-1.728155,0.420204,-1.051120,-0.814252,0.902754,0.266694,-0.850947,-0.391511,0.380659,0.708784,202.263727,1.262892,-1.796163,0.693956,0.312134,0.863044,-0.959979,-1.378731,0.688348,0.235626,0.448821,0.647031,0.289080,1.035811,-0.732845,0.725680
-0.182694,0.610645,1.033284,0.491676,0.652401,0.476592,-1.441592,0.331783,0.898389,0.254314,0.471520,0.458306,0.938284,0.899209,0.349554,0.596635,0.370445,1.461600,-1.395550,0.812150,1.336128,-0.753838,-1.614829,1.743402,-0.639418,-1.046965,0.742825,0.396257,0.096768,-1.034412,1.511773,0.170613,300.506856,1.363051,-1.664512,0.666113,0.337730,1.526013,-0.950374,-0.879481,0.494094,0.360835,0.357849,0.227825,0.554578,1.126298,-1.464090,0.654971
-0.182694,0.823522,3.205544,0.148555,0.608313,0.339373,-1.388990,0.375487,0.465845,0.043924,0.302433,0.593138,0.863155,0.047579,0.287041,0.234721,0.084582,0.795035,-1.378485,0.628546,0.050249,-0.634566,-1.089430,1.743402,-0.166037,-0.251683,1.066345,0.136246,-0.898432,-0.824970,0.315020,0.319344,803.303761,1.292527,-1.595134,0.089197,0.250838,2.085395,-0.459508,0.534330,0.185769,0.031650,0.343520,0.411450,-0.052983,0.479011,-1.139981,0.501784
-0.530810,0.768988,2.241192,0.222246,0.709583,0.687111,-1.542186,0.518982,0.137893,0.103710,0.318674,0.471359,1.086394,1.081293,0.387920,0.255902,0.145329,0.201157,-1.505940,0.699779,0.317244,-1.202319,-1.626096,0.731259,-1.113162,-0.634478,1.066345,0.216513,-1.065030,-0.723337,0.471733,0.382112,748.199999,1.319674,-1.676867,0.197125,0.311389,1.331644,-0.854691,-0.827525,0.603013,0.228434,0.642636,0.350516,0.145425,1.365446,-1.011979,0.435722
-0.530810,0.700641,0.263539,0.260614,0.672822,0.592910,-1.469776,0.516977,1.034267,0.144728,0.484762,0.430623,1.086394,1.081293,0.380469,0.298588,0.154363,0.191880,-1.416972,0.847067,1.100523,-1.202319,-1.725629,1.251430,-1.113162,-0.634478,0.908577,0.229881,-1.065030,-0.404902,0.471733,0.869400,166.114129,1.291289,-1.803738,0.722975,0.331895,1.001108,-0.933036,-1.155620,0.676684,0.230374,0.581390,0.761399,0.145425,1.365446,-1.157191,0.435722
-0.438579,0.711325,0.817983,0.610055,0.657000,0.244624,-1.233176,0.479992,1.034267,0.391020,0.485977,0.502671,0.959937,1.130421,0.409083,0.493593,0.440050,1.721078,-1.232872,1.051656,1.100523,-1.035548,-1.458350,1.148292,-1.182193,-1.038101,0.806282,0.430621,0.057659,-0.958230,2.881940,0.343157,261.510832,1.122001,-1.757739,0.685762,0.352285,1.479106,-0.931643,-1.155499,0.676469,0.428164,0.649723,0.284085,1.361592,1.540641,-1.901314,0.827400
-0.438579,0.944852,3.881614,0.486419,0.647520,0.249236,-1.346370,0.412460,0.395585,0.115929,0.329745,0.628355,0.959937,0.982643,0.440864,0.445913,0.163893,1.721078,-1.325356,0.908458,0.054489,-1.035548,-1.426830,1.148292,-0.491466,-0.941655,1.088057,0.177506,-0.860898,-0.958230,0.260167,0.191673,891.173840,1.328113,-1.533135,0.100704,0.307973,2.254302,-0.567898,0.627602,0.208784,0.195274,0.798781,0.399176,0.182385,0.742493,-1.901314,0.827400
-0.533795,0.851901,2.859633,0.197616,0.748111,0.492370,-1.477733,0.493274,0.115363,0.119105,0.339938,0.321010,1.104628,1.159040,0.362890,0.227084,0.158164,0.350091,-1.525548,0.744866,0.173240,-1.259196,-1.463116,0.875528,-1.136546,-0.752571,1.088057,0.252841,-1.013824,-0.909562,0.445251,0.361370,845.783105,1.377801,-1.687987,0.190277,0.324206,2.381891,-0.835384,-0.860425,0.677767,0.248753,0.599480,0.315179,0.313522,1.267370,-0.889853,0.562468
-0.533795,0.682119,0.304360,0.236558,0.718907,0.464700,-1.427904,0.526497,1.041383,0.186498,0.480853,0.371542,1.104628,1.159040,0.317772,0.269346,0.168941,0.109184,-1.557275,0.859368,1.048633,-1.259196,-1.500577,0.927334,-1.136546,-0.752571,0.908269,0.280684,-1.013824,-0.507116,0.445251,0.687381,180.460157,1.398060,-1.789850,0.773483,0.318546,1.022011,-1.002535,-1.124734,0.672943,0.260090,0.297488,0.753983,0.313522,1.267370,-0.889853,0.562468
-0.312910,0.629669,1.190834,0.534817,0.737472,0.269058,-1.275456,0.419463,1.041383,0.410113,0.403013,0.389503,1.047308,1.852410,0.462162,0.536072,0.426336,1.083609,-1.322617,1.459884,1.048633,-1.128737,-1.526179,1.448038,-0.922708,-1.039215,0.908269,0.483030,0.064999,-1.188166,3.430851,0.302081,339.443640,1.202237,-1.732685,0.756339,0.441607,1.502028,-1.002535,-0.930915,0.558153,0.522471,0.345033,0.286040,1.496157,1.413974,-1.497072,1.304578
-0.292670,0.788657,3.603472,0.156233,0.621539,0.366423,-1.542543,0.394896,0.459324,0.047941,0.263813,0.562706,0.951738,0.045627,0.370253,0.223067,0.108659,0.837366,-1.592840,0.806307,0.031819,-0.934565,-1.260120,1.448038,-0.388092,-0.791782,1.178963,0.142172,-0.952908,-0.932520,0.306893,0.282757,883.900908,1.448486,-1.769772,0.123808,0.372839,1.789171,-0.506328,0.431034,0.222646,0.036004,0.398703,0.428102,0.215302,0.780564,-1.497072,1.304578
-0.694686,0.772667,2.593083,0.218342,0.704879,0.640252,-1.303131,0.624639,-0.084466,0.106848,0.292685,0.266046,1.047831,0.794007,0.420825,0.212184,0.133103,-0.073006,-1.082133,0.714674,0.134110,-1.016217,-1.645044,0.781172,-1.077493,-0.643872,1.178963,0.221789,-1.186293,-0.885028,0.383342,0.517486,827.552285,0.962784,-1.732906,0.179227,0.333524,2.176991,-0.834028,-0.987459,0.598249,0.204193,0.741123,0.338320,0.239802,1.528013,-1.328411,0.677691
-0.694686,0.702697,0.290037,0.198866,0.670817,0.665870,-1.384425,0.628516,0.975769,0.159818,0.444996,0.398743,1.047831,0.794007,0.317599,0.257572,0.136310,0.342367,-1.366299,0.789280,1.169070,-1.016217,-1.695321,0.781172,-1.077493,-0.643872,0.913383,0.245929,-1.186293,-0.335352,0.384172,0.770591,170.713030,1.189040,-1.647389,0.728233,0.327572,1.173798,-0.984858,-1.194520,0.683123,0.214798,0.765311,0.773133,0.239802,1.528013,-1.328411,0.677691
-0.311027,0.633237,0.673657,0.459477,0.701959,0.363907,-1.238439,0.456696,0.975769,0.364014,0.366983,0.356738,0.973136,1.592118,0.416865,0.430494,0.467503,1.002232,-1.327482,0.811347,1.169070,-0.972388,-1.385287,1.961076,-1.231456,-1.029420,0.913383,0.417091,0.052587,-0.756317,3.016224,0.375681,214.433619,1.182384,-1.749235,0.711160,0.502262,1.615376,-0.922421,-0.856135,0.485285,0.477178,0.456665,0.257269,1.308493,1.748083,-1.623011,0.861117
-0.193059,0.709941,2.294476,0.108786,0.630393,0.298637,-1.002754,0.421392,0.439812,0.026460,0.155788,0.483249,0.875413,0.082086,0.253172,0.160264,0.065898,1.002232,-1.044784,0.654003,0.039452,-0.752248,-1.134215,1.170136,-0.116382,-0.020110,0.944286,0.098234,-0.866400,-0.807516,0.258999,0.158035,618.216907,0.985596,-1.678410,0.086662,0.331047,2.063867,-0.399300,0.452850,0.162533,0.037073,0.382297,0.364742,-0.225493,0.587538,-1.623011,0.861117
-0.571809,0.692639,0.240893,0.272183,0.629976,0.474506,-1.294286,0.545707,0.846362,0.162252,0.456843,0.363554,0.946686,0.883095,0.311330,0.224160,0.144513,0.249841,-1.264829,0.801293,1.025323,-0.740470,-1.487050,0.508613,-0.903668,-0.623781,0.822541,0.195943,-1.130501,-0.361990,0.461010,0.527071,146.058849,1.129336,-1.788797,0.681767,0.180878,1.140861,-1.046750,-1.272885,0.631056,0.246454,0.377350,0.711644,0.231656,1.695104,-0.897661,0.418992
-0.080049,1.333366,0.361738,0.009899,0.429264,0.288752,-0.865015,0.154316,-0.327936,0.017887,0.025692,0.174556,0.464473,-0.138474,0.161089,0.042039,0.007440,0.119843,-1.082933,0.559582,0.023438,-0.079519,-1.161614,-0.239310,-0.025176,0.107929,0.659323,0.058962,-0.828440,-0.321234,0.233855,0.163123,208.466357,0.814036,-1.595599,0.023915,0.100848,1.358297,-0.367959,1.239348,0.034368,0.002723,0.322627,0.155992,-0.400992,0.321342,-0.079536,0.278847
0.610143,1.305040,0.261056,0.001690,0.371664,0.101518,-0.818203,0.019755,-0.801398,0.001579,0.006978,0.033423,0.374972,-0.137379,0.016523,0.006336,0.000904,-0.204177,-1.034221,0.545235,0.018610,-0.035947,-0.913243,-0.343948,0.012554,0.205141,0.448577,0.005451,-0.833100,-0.114287,0.251702,0.033695,136.817265,0.767360,-1.682171,0.001072,0.012202,1.174060,-0.364577,1.281001,0.008200,0.000810,0.092251,0.007451,-0.419003,0.218380,0.010499,-0.023615
0.585064,1.227483,4.874666,0.007548,0.396468,0.522413,-1.280736,0.051381,-0.592711,0.007875,0.036401,0.558179,0.447510,-0.127408,0.092285,0.033178,0.004784,1.064683,-1.315959,0.555563,0.027655,-0.070497,-1.034610,-0.482297,-0.008234,0.155925,0.537970,0.016933,-0.731588,-0.190755,0.245835,0.177390,1090.445520,1.271137,-1.527693,0.031080,0.089097,2.393469,-0.387742,1.188783,0.016089,0.002635,0.236131,0.037699,-0.422555,0.309654,0.207152,0.177614
0.012748,0.852724,0.898711,0.039858,0.395616,0.630175,-1.189588,0.156428,0.460951,0.045208,0.194676,0.251829,0.737505,0.047101,0.213802,0.245817,0.082982,0.617277,-1.145218,0.645968,0.360788,-0.107329,-1.161730,1.372072,-0.005617,-0.712404,0.734393,0.128809,0.000394,-0.401538,0.507757,0.099630,310.532550,1.156469,-1.508251,0.080849,0.308359,1.166262,-0.620302,0.739121,0.063550,0.048665,0.445254,0.121378,0.126943,0.085987,-1.348089,0.685605
0.594203,1.123819,0.250316,0.008624,0.370044,0.216725,-1.033787,0.013233,-0.601926,0.010254,0.036076,0.065926,0.412944,-0.119480,0.067084,0.054522,0.007116,-0.215173,-1.093725,0.566900,0.056683,-0.115529,-1.464959,-0.231630,0.006326,0.089870,0.547984,0.023140,-0.745004,-0.201348,0.235643,0.037191,138.423541,1.021919,-1.609494,0.022301,0.089416,1.007125,-0.368999,1.098909,0.013508,0.003237,0.243629,0.024919,-0.406243,0.088504,-0.084689,0.108767
1.026244,0.998887,0.418237,0.032276,0.410820,0.178760,-1.389898,0.058507,-0.614932,0.012155,0.035453,0.082148,0.445420,-0.110529,0.151044,0.056667,0.011643,-0.098761,-1.364752,0.556178,0.025238,-0.107363,-1.460619,0.016777,-0.001292,0.168925,0.772509,0.032626,-0.715800,-0.297908,0.249864,0.126776,161.138285,1.186805,-1.604307,0.010641,0.080752,1.178436,-0.371810,0.968808,0.018389,0.006496,0.220581,0.031929,-0.409771,0.349213,-0.107947,0.173236
-0.842566,0.770984,3.307064,0.105079,0.671879,0.322124,-1.360505,0.882054,0.069498,0.103736,0.187457,0.309977,0.948201,0.724691,0.337063,0.184221,0.113007,0.233363,-1.384239,0.713997,0.233152,-0.516583,-1.641241,-0.002083,-0.790787,-0.338735,0.897798,0.180603,-1.075172,-0.327327,0.510108,0.412931,1022.005709,1.203851,-1.483635,0.135806,0.195967,2.245248,-0.870836,-0.869861,0.603003,0.161645,0.459280,0.292517,0.072138,0.876163,-0.775592,0.353786
-0.842566,0.641117,0.288489,0.201294,0.584244,0.330780,-1.431130,0.629511,1.025620,0.118470,0.291085,0.315148,0.948201,0.724691,0.223334,0.225065,0.140157,0.233363,-1.474602,0.733363,0.887817,-0.516583,-1.734806,0.704636,-0.790787,-0.338735,0.903071,0.174898,-1.067643,-0.141231,0.487787,1.159857,182.006477,1.341787,-1.963152,0.635304,0.208504,1.035965,-1.009281,-1.127991,0.581969,0.164212,0.584338,0.722070,0.072138,0.676840,-0.775592,0.325510
-0.584969,0.651308,0.432606,0.436248,0.638382,0.346459,-1.514770,0.490978,1.025620,0.224457,0.245324,0.353360,0.947788,1.438892,0.486320,0.308499,0.382911,0.896697,-1.625788,0.735902,0.887817,-0.585400,-1.514960,0.881037,-1.270639,-1.017387,0.989884,0.354251,0.365577,-0.748940,2.158863,0.337601,170.540660,1.539770,-1.968353,0.633753,0.389619,1.445268,-0.805618,-0.540140,0.402629,0.371555,0.467389,0.193598,1.322835,1.688905,-1.396657,0.856428
-0.467591,0.821585,2.791684,0.091148,0.622739,0.245362,-1.457080,0.478838,0.586484,0.022750,0.118687,0.300131,0.819056,-0.011209,0.209940,0.084527,0.043748,0.681724,-1.415582,0.574206,0.004109,-0.625311,-1.329384,0.881037,-0.068420,-0.326994,0.989884,0.125332,-0.765432,-0.751029,0.268786,0.257906,679.677026,1.275905,-1.785919,0.066954,0.227941,2.076273,-0.422476,0.590260,0.185656,0.015545,0.239483,0.399693,-0.289874,0.341029,-1.160282,0.722195
-0.797088,0.757537,2.687049,0.145815,0.740644,0.364925,-1.502514,0.692047,0.068449,0.134968,0.337702,0.299458,1.029610,1.209246,0.411464,0.299673,0.134034,-0.117547,-1.459006,0.729647,0.163236,-0.875561,-1.733989,0.649498,-1.153023,-0.591467,0.943105,0.197653,-1.086844,-0.712323,0.482625,0.527954,807.408035,1.256695,-1.669180,0.184097,0.295805,2.100811,-1.015384,-1.006965,0.643731,0.277194,0.358829,0.358897,0.183133,1.146262,-0.953249,0.775493
-0.797088,0.692409,0.291457,0.173659,0.675610,0.331897,-1.474028,0.652095,1.021833,0.165871,0.461164,0.424433,1.029610,1.209246,0.374250,0.325610,0.145875,0.714481,-1.442598,0.811976,0.992120,-0.875561,-1.673514,0.649498,-1.153023,-0.591467,1.076262,0.217138,-1.086844,-0.315622,0.482625,0.731048,169.762389,1.337458,-1.870205,0.728263,0.287771,1.072941,-1.022477,-1.214809,0.642833,0.281495,0.269829,0.764814,0.183133,1.146262,-0.984447,0.775493
-0.421585,0.667810,0.618253,0.478307,0.676526,0.349298,-1.414209,0.468766,1.021833,0.277242,0.428228,0.481258,0.949367,1.897071,0.360521,0.358473,0.492539,0.690854,-1.349441,0.791026,0.992120,-0.427177,-1.568776,1.319638,-1.136100,-1.037242,0.715720,0.402665,0.089927,-0.814163,2.247935,0.314557,202.787822,1.286315,-1.804541,0.696616,0.337398,1.405762,-0.956991,-0.956848,0.547463,0.452852,0.390492,0.282928,1.415874,1.518229,-1.104056,0.564480
-0.421585,0.894488,3.259228,0.276509,0.653488,0.234003,-1.256303,0.454262,0.421157,0.063386,0.290025,0.529092,0.912541,1.715560,0.313674,0.224462,0.306580,0.674240,-0.833959,0.582594,0.139126,-0.681829,-1.188398,1.319638,-0.639089,-0.400487,1.112468,0.135179,-1.037255,-0.942019,0.422621,0.348935,828.082720,0.824522,-1.552262,0.099549,0.235853,2.003204,-0.546822,0.571742,0.220858,0.195847,0.494324,0.446965,1.010528,0.937758,-1.104056,0.460011
-0.861132,0.826695,2.320401,0.183561,0.748325,0.582576,-1.428782,0.646751,-0.108101,0.125586,0.269602,0.464783,1.103031,1.043845,0.440024,0.237244,0.169364,0.235721,-1.420541,0.698273,0.280617,-0.681829,-1.741997,0.403005,-1.112466,-0.802492,1.112468,0.197930,-1.177157,-0.808528,0.358728,0.788957,775.153409,1.287203,-1.594892,0.178098,0.294213,1.933712,-0.937597,-1.005672,0.641561,0.237778,1.167768,0.336543,0.372773,1.874442,-1.029776,0.558272
-0.861132,0.723195,0.327725,0.210900,0.683010,0.570099,-1.430643,0.688724,0.997089,0.177112,0.413154,0.517166,1.103031,1.043845,0.400464,0.256493,0.172180,0.610604,-1.512412,0.818039,1.023442,-0.613071,-1.849242,0.268141,-1.112466,-0.802492,1.051328,0.227816,-1.177157,-0.219996,0.370519,0.993855,191.950918,1.390545,-1.815076,0.740824,0.275998,1.173932,-1.002353,-1.298016,0.697194,0.251689,1.165045,0.800104,0.372773,1.874442,-1.119123,0.558272
-0.365034,0.610763,0.836018,0.486477,0.684082,0.302268,-1.103398,0.481021,0.997089,0.307256,0.334508,0.410508,0.990816,1.788220,0.375660,0.338056,0.489378,1.313477,-0.849578,0.726683,1.023442,-1.363264,-1.603150,1.272347,-1.308499,-1.028241,0.918557,0.444499,0.013923,-0.920887,2.030547,0.410229,261.525227,0.864154,-1.802558,0.694573,0.489280,1.431401,-0.953428,-0.825500,0.464533,0.534173,0.345622,0.258581,1.351392,1.625793,-1.789219,0.774973
-0.277875,0.799373,3.184198,0.111840,0.603311,0.350014,-1.044888,0.442242,0.441648,0.026930,0.107717,0.646976,0.867286,0.170363,0.275998,0.135040,0.114615,0.656322,-1.070079,0.658289,0.124792,-0.878980,-1.338193,1.127826,-0.103031,-0.018528,1.220206,0.106523,-1.012770,-0.851828,0.331308,0.186713,837.124901,1.031191,-1.756238,0.092918,0.291968,1.622301,-0.389196,0.503203,0.219696,0.050609,0.415419,0.424309,0.175612,0.874490,-1.789219,0.774973
-1.039924,0.788646,2.614154,0.189839,0.744179,0.464468,-1.371137,0.801410,-0.145544,0.149651,0.280468,0.772953,1.045795,1.113624,0.437294,0.297734,0.170752,1.283453,-1.449350,0.753577,0.081191,-0.628021,-1.804086,-0.215334,-1.281648,-0.943643,1.259224,0.250067,-1.181082,-0.851828,0.661036,0.777379,791.032612,1.355584,-1.726419,0.201596,0.276998,2.182405,-1.050231,-1.150505,0.651869,0.242834,1.198093,0.322630,0.529445,2.025397,-0.977789,0.977215
-1.039924,0.723136,0.286131,0.250403,0.698274,0.734510,-1.491992,0.680721,0.914021,0.204988,0.498151,0.899620,1.045795,1.113624,0.429962,0.376336,0.202499,1.371436,-1.534706,0.787657,1.305446,-0.519790,-1.869761,-0.482913,-1.281648,-0.943643,1.259224,0.300498,-1.181082,-0.298615,0.661036,0.966625,179.854440,1.393704,-1.614413,0.754335,0.314683,1.071181,-1.082753,-1.289339,0.718534,0.283753,1.210375,0.750460,0.529445,2.025397,-0.977789,0.977215
-0.286025,0.674719,1.596525,0.425842,0.692564,0.502451,-1.146407,0.405153,0.914021,0.243886,0.478459,0.501889,0.988015,2.429445,0.358670,0.558603,0.351909,1.555907,-1.163478,0.955896,1.305446,-0.588363,-1.595440,2.188970,-0.573431,-1.034102,0.879320,0.436849,0.049096,-1.201866,2.706854,0.329729,419.420409,1.184306,-2.057244,0.706797,0.463414,1.058166,-0.886857,-0.636426,0.412581,0.475002,0.554045,0.229736,1.186633,1.621780,-1.201278,0.964708
-0.232649,0.870244,3.565575,0.135875,0.613338,0.481723,-1.156166,0.275866,0.522747,0.044384,0.270179,0.897237,0.952635,0.232825,0.303208,0.197454,0.124669,1.555907,-1.092547,0.726252,0.084795,-0.383792,-1.321124,2.188970,-0.226719,-0.198736,0.947505,0.176714,-0.938499,-0.927838,0.264589,0.182761,946.467891,1.054690,-1.800232,0.121774,0.316554,1.766320,-0.413549,0.521692,0.227987,0.054726,0.439162,0.410629,0.541147,0.606417,-0.326327,0.964708
-0.769525,0.819903,2.063861,0.209262,0.729695,0.602596,-1.379733,0.527430,-0.018966,0.121432,0.192769,0.774446,1.041971,1.078550,0.396580,0.241989,0.122271,1.094275,-1.318671,0.728328,0.068451,-0.459025,-1.286523,-0.096654,-1.099097,-0.718356,0.947505,0.212077,-1.088927,-0.862876,0.417742,0.598839,744.951006,1.224949,-1.621315,0.170228,0.252372,2.050393,-0.802596,-0.973137,0.639275,0.216909,0.664348,0.339108,0.174405,1.397121,-0.849185,0.681713
-0.769525,0.691077,0.301889,0.226590,0.680123,0.382244,-1.311578,0.564158,0.992827,0.202023,0.358898,0.721093,1.041971,1.078550,0.332817,0.320700,0.143687,1.111482,-1.298305,0.802790,1.146772,-0.331573,-1.757446,0.475348,-1.099097,-0.718356,0.883950,0.246998,-1.088927,-0.491405,0.417742,0.891246,191.677140,1.202262,-1.716750,0.732639,0.301085,0.571784,-0.953053,-1.204678,0.688042,0.247490,0.599945,0.748171,0.174405,1.397121,-0.891544,0.681713
-0.303384,0.683440,2.219684,0.486958,0.689061,0.387362,-1.256191,0.420368,0.992827,0.321947,0.374904,0.538136,0.978733,1.297827,0.309491,0.624333,0.375592,1.360303,-1.261904,0.915926,1.146772,-0.583467,-1.502386,1.638545,-0.639533,-1.026258,0.686877,0.449085,0.046874,-1.506928,1.712242,0.210616,595.645872,1.168409,-1.859827,0.710481,0.466216,2.099896,-0.943811,-0.929990,0.513529,0.415886,0.414828,0.264490,0.422315,1.302903,-1.891184,1.016326
-0.303384,0.915036,4.257832,0.103588,0.567475,0.541548,-1.177206,0.241934,0.453117,0.034200,0.314176,0.657477,0.873644,0.172931,0.208568,0.195321,0.100289,1.360303,-1.269423,0.828601,0.001524,-0.583467,-1.133189,1.534231,-0.132660,-0.623127,0.880706,0.140194,-0.718269,-0.934946,0.267798,0.240219,1132.047529,1.110478,-1.455998,0.111787,0.238777,1.630159,-0.437231,0.623303,0.164902,0.041654,0.342838,0.325925,0.024449,0.663664,-0.837509,0.620943
-0.822804,0.827943,2.395776,0.321366,0.699283,0.602720,-1.301311,0.483505,0.147078,0.119225,0.253246,0.495873,1.013378,0.861926,0.385067,0.217794,0.131599,0.739231,-1.426352,0.745592,0.218374,-0.323856,-1.319970,-0.044693,-1.135147,-0.695238,0.880706,0.221957,-0.820214,-0.693203,0.411136,0.221930,830.947362,1.261104,-1.809822,0.206915,0.224509,1.655310,-0.795975,-1.088630,0.704268,0.190030,0.487140,0.283462,0.113678,1.289852,-0.386015,0.645830
-0.822804,0.739102,0.296973,0.280372,0.649825,0.328909,-1.329574,0.554826,0.947355,0.176087,0.331883,0.318433,1.013378,0.861926,0.361795,0.300226,0.153942,0.599534,-1.339112,0.783477,1.103862,-0.240062,-1.691936,0.121524,-1.135147,-0.695238,0.790812,0.250563,-0.820214,-0.438276,0.411136,0.714563,173.741022,1.238607,-1.392767,0.702977,0.262731,0.884526,-0.897351,-1.345385,0.708114,0.235285,0.353144,0.660011,0.113678,1.289852,-0.677345,0.645830
-0.014546,0.654309,1.173726,0.376346,0.648384,0.450986,-1.292172,0.327080,0.947355,0.259591,0.388403,0.510531,0.919847,1.536769,0.416819,0.544265,0.366443,1.300236,-1.179992,0.757760,1.103862,-0.619509,-1.476790,1.698458,-0.521079,-1.050735,0.942839,0.418203,0.072625,-1.055210,1.233130,0.202030,330.244720,1.139433,-1.856154,0.665759,0.358477,1.552355,-0.856982,-0.955148,0.527529,0.408251,0.339047,0.246436,1.076823,1.026332,-1.321784,0.712754
-0.007820,0.877845,3.291664,0.139065,0.592908,0.508404,-1.239121,0.281991,0.476960,0.037204,0.293355,0.700241,0.839806,0.114285,0.260304,0.194488,0.082035,1.217005,-0.962564,0.693317,0.038574,-0.619509,-1.323207,1.698458,-0.137553,-0.231503,0.951813,0.119237,-0.901128,-0.842473,0.300054,0.308161,836.742934,0.872461,-1.602951,0.082989,0.231758,1.869826,-0.413219,0.537766,0.207965,0.036547,0.383320,0.418603,-0.122881,0.322812,-0.909611,0.397443
-0.568025,0.816715,2.218475,0.211611,0.716075,0.616803,-1.380091,0.492773,0.152949,0.106287,0.284581,0.461359,1.114260,1.147030,0.325067,0.219488,0.142556,0.325497,-1.207403,0.733206,0.356215,-1.066171,-1.665632,0.648466,-1.064143,-0.638489,0.951813,0.223609,-1.030485,-0.842473,0.465526,0.340880,733.784285,1.058248,-1.634965,0.203531,0.296984,1.880802,-0.789388,-0.845761,0.653698,0.240214,0.460356,0.347132,0.243676,0.968463,-1.001391,0.397507
-0.568025,0.704957,0.304308,0.255699,0.674388,0.470603,-1.392227,0.498453,1.033820,0.160699,0.427558,0.441354,1.114260,1.147030,0.343802,0.256423,0.153849,0.258930,-1.390232,0.866990,1.063334,-1.066171,-1.822846,1.321482,-1.064143,-0.638489,1.078351,0.235068,-1.030485,-0.436638,0.465526,0.766708,175.720668,1.323741,-1.777827,0.723910,0.322664,1.034142,-0.909829,-1.105876,0.669830,0.248606,0.525408,0.757050,0.243676,0.968463,-1.108187,0.397507
-0.375683,0.670016,1.541284,0.451081,0.653904,0.389528,-1.270748,0.433025,1.033820,0.351909,0.345859,0.416009,0.877740,0.718059,0.456338,0.421926,0.362214,1.323668,-1.353631,0.959109,1.063334,-0.973586,-1.541774,0.840068,-0.719491,-1.040645,1.023608,0.410270,0.108487,-1.063668,2.233138,0.281822,394.549738,1.175863,-1.903057,0.676103,0.416723,2.144589,-0.906672,-1.101814,0.638613,0.387474,0.521094,0.281265,0.645972,1.209213,-0.960770,0.914593
-0.375683,0.809104,3.120433,0.154161,0.641909,0.328754,-1.202174,0.413223,0.464044,0.061949,0.248563,0.447560,0.860095,0.108017,0.334722,0.226301,0.161509,0.856510,-1.109867,0.829847,0.043286,-0.973586,-1.170377,0.817750,-0.463526,-1.002855,1.023608,0.126150,-0.878100,-0.879799,0.283980,0.192916,817.290083,0.894234,-1.392454,0.078812,0.394191,1.995999,-0.546083,0.542360,0.156007,0.057672,0.533454,0.398791,0.483295,0.649509,-0.960770,0.914593
-0.650346,0.753406,1.744674,0.224381,0.736539,0.534931,-1.257438,0.527797,0.107763,0.124516,0.311350,0.390984,1.042075,1.183159,0.346364,0.183567,0.153424,0.157878,-0.952122,0.749352,0.256097,-0.887457,-1.344551,0.746241,-1.080915,-0.719984,0.940991,0.245114,-1.044746,-0.782165,0.484893,0.454269,636.585114,0.879459,-1.788190,0.180762,0.323843,1.701123,-0.911652,-0.908269,0.623031,0.252771,0.460544,0.355830,0.417266,1.435631,-0.858556,0.692349
-0.650346,0.655590,0.330467,0.255220,0.718529,0.525775,-1.292996,0.552436,1.108635,0.204299,0.424705,0.401850,1.042075,1.183159,0.349308,0.270495,0.176501,0.172893,-1.269124,0.847359,1.051598,-0.887457,-1.500605,0.746241,-1.080915,-0.719984,0.906261,0.274646,-1.044746,-0.503071,0.484893,0.812823,187.986387,1.215754,-1.742494,0.769592,0.306907,0.830814,-1.076122,-1.090542,0.642225,0.263043,0.343038,0.804784,0.417266,1.435631,-0.897923,0.692349
-0.161608,0.605896,1.319842,0.460388,0.716939,0.388062,-1.340335,0.399749,1.108635,0.462716,0.394251,0.405703,1.023350,1.835060,0.448399,0.449275,0.403575,1.068269,-1.344336,1.556226,1.051598,-1.079403,-1.599409,1.564047,-0.803697,-1.029785,0.903492,0.476890,0.034578,-1.519834,3.165326,0.383506,362.812187,1.353392,-1.632650,0.737395,0.379224,2.058047,-1.076122,-0.887025,0.535985,0.541014,0.461962,0.308668,1.262341,1.040304,-2.555234,0.825498
-0.161608,0.830080,3.237356,0.163572,0.622666,0.465129,-1.351273,0.338387,0.425438,0.053354,0.235792,0.479664,0.897440,0.259036,0.326719,0.191117,0.071742,1.068269,-1.030604,0.733821,0.043784,-0.664256,-1.369941,1.564047,-0.342126,-0.417362,1.170231,0.150245,-0.994542,-0.930479,0.975182,0.276531,861.225430,0.892583,-1.668931,0.106128,0.274739,1.985607,-0.445340,0.472366,0.241299,0.045778,0.380555,0.451855,0.002096,0.599679,-2.555234,0.825498
-0.911672,0.812001,1.845079,0.167718,0.717348,0.665437,-1.542155,0.629563,-0.056910,0.114895,0.273283,0.450681,1.052824,1.019464,0.417624,0.208366,0.127602,0.375783,-1.597014,0.714491,0.124734,-1.120906,-1.540940,0.566647,-0.893322,-0.803775,1.170231,0.225067,-1.158084,-0.930479,0.457656,0.504776,675.630888,1.485206,-1.731089,0.190023,0.274507,2.070723,-0.863117,-0.998108,0.629291,0.261351,0.721434,0.309166,0.125123,1.471702,-1.522446,0.476129
-0.911672,0.714784,0.357573,0.227978,0.709204,0.669983,-1.516981,0.654872,0.953979,0.190429,0.387083,0.532154,1.052824,1.019464,0.378844,0.242397,0.136888,0.423274,-1.487104,0.813239,0.943918,-1.120906,-1.800064,0.566647,-0.893322,-0.912368,1.082594,0.268706,-1.158084,-0.314003,0.457656,0.808231,186.064637,1.315542,-1.963790,0.765561,0.303532,0.338092,-1.006916,-1.201795,0.714811,0.281151,0.732672,0.771316,0.125123,1.471702,-1.522446,0.476129
-0.218975,0.637300,0.633697,0.474785,0.690654,0.295627,-1.386357,0.419655,0.953979,0.316264,0.320411,0.461807,0.929715,1.051752,0.395556,0.429872,0.406543,0.916930,-1.431099,0.783667,0.943918,-1.136577,-1.373506,1.034443,-1.573912,-1.033919,0.863867,0.409681,0.012844,-0.874240,1.990862,0.328501,206.787467,1.312862,-1.895962,0.704485,0.492996,1.568294,-0.986294,-0.861387,0.467480,0.374955,0.376523,0.264736,1.248677,1.824246,-1.725551,0.701330
-0.201336,0.843682,2.786505,0.084234,0.611730,0.319854,-1.625406,0.386479,0.397274,0.030313,0.163799,0.434058,0.844055,-0.019964,0.251869,0.156939,0.048008,0.762589,-1.829496,0.712768,0.023377,-0.918511,-1.277935,1.034443,-0.112576,-0.180104,1.211676,0.103242,-1.005849,-0.916708,0.272697,0.206870,706.691742,1.530805,-1.720705,0.083069,0.352744,1.833499,-0.428543,0.536482,0.231536,0.018822,0.389840,0.427471,-0.301375,0.705325,-1.710627,0.701330
-0.547497,0.688962,0.245618,0.230055,0.663473,0.523838,-1.227027,0.508873,0.815342,0.185304,0.478796,0.391844,1.073082,1.151035,0.321759,0.255562,0.161102,0.165356,-1.093603,0.824299,1.093154,-0.638909,-1.568154,0.471624,-1.024209,-1.030091,0.821301,0.264511,-1.157489,-0.410648,0.530984,0.704025,158.278513,1.021671,-1.650538,0.721244,0.174482,0.944274,-1.007209,-1.247219,0.683256,0.267748,0.549358,0.716396,0.148211,1.593661,-1.171740,0.245287
-0.023446,1.336262,0.379958,0.007332,0.406580,0.182578,-1.141476,0.145489,-0.309118,0.018718,0.041569,0.154920,0.425290,-0.128773,0.245127,0.044807,0.007111,-0.010145,-1.072774,0.566068,0.036389,-0.147389,-1.136783,-0.244115,-0.003697,0.071975,0.866789,0.043235,-0.820821,-0.385838,0.248360,0.164857,212.739909,1.070435,-1.619160,0.010402,0.132834,0.861131,-0.372592,1.206839,0.044542,0.003217,0.292617,0.145684,-0.399937,0.445966,-0.173835,0.328627
0.547013,1.321440,0.252030,0.003832,0.376336,0.041243,-1.035011,0.016708,-0.754803,0.003433,0.011298,0.024710,0.382194,-0.134051,0.013674,0.010009,0.002013,-0.217360,-1.062210,0.547396,0.017511,-0.038518,-1.073260,-0.301514,0.001914,0.203055,0.430391,0.008448,-0.856389,-0.114529,0.233791,0.071541,132.076043,0.994066,-1.669627,0.002244,0.015837,1.047635,-0.366638,1.285282,0.024770,0.001027,0.084478,0.025147,-0.424581,0.097223,-0.013556,-0.012398
0.523590,1.234674,5.579100,0.011313,0.468666,0.138167,-1.453983,0.151538,-0.654202,0.022492,0.026288,0.178514,0.538605,-0.092468,0.042890,0.077556,0.010206,-0.224702,-1.474332,0.557427,0.008063,-0.218883,-1.269220,-0.597602,-0.042440,0.119372,0.545129,0.034944,-0.786051,-0.175916,0.269789,0.121645,1264.643946,1.378422,-1.398862,0.043456,0.039713,2.301545,-0.374405,1.007641,0.097789,0.006692,0.210498,0.041594,-0.432586,0.652891,0.184663,0.058150
0.385775,1.218445,0.228411,0.000373,0.377502,0.006975,-1.059613,0.017765,-0.490692,0.021575,0.000897,0.004520,0.378552,0.651342,0.107800,0.068640,0.023480,-0.248938,-1.070032,-0.637075,0.017455,-0.024674,-1.047727,-0.357091,0.014796,1.209333,4.436264,0.087046,-0.530590,-0.115144,2.262632,0.043241,160.387776,0.920091,-1.375862,0.000826,0.095236,1.061292,-0.363456,1.193796,0.011254,0.021062,0.014082,0.010078,0.432114,29.198910,-0.007747,3.408617
0.404307,1.220376,0.233577,0.000781,0.377746,0.010043,-0.807519,0.025536,-0.486109,0.021575,0.000825,0.006971,0.379974,0.332828,0.107800,0.068640,0.023480,-0.231217,-0.974008,-0.108665,0.017291,-0.024492,-1.110753,-0.365246,0.014911,0.751098,2.806010,0.087046,-0.547865,-0.113752,1.434245,0.019600,156.004842,0.675106,-1.532186,0.001323,0.095236,1.063913,-0.363860,1.203771,0.007223,0.021062,0.002805,0.016246,0.077019,17.406680,-0.009084,1.968356
0.429669,1.202669,0.227368,0.001384,0.378955,0.009208,-0.764370,0.016766,-0.530799,0.017264,0.000690,0.006230,0.380418,-0.000410,0.086261,0.054926,0.018789,-0.244207,-0.954908,0.419987,0.016238,-0.023893,-1.129882,-0.360314,0.013815,0.292653,1.100398,0.069654,-0.560243,-0.115720,0.567568,0.050669,124.155405,0.618538,-1.494779,0.000912,0.076208,1.083558,-0.363856,1.184837,0.008920,0.016853,0.004679,0.007574,-0.294491,5.069363,-0.014119,0.461520
0.473161,1.184935,0.236668,0.000591,0.368810,0.017220,-0.757405,0.015755,-0.522166,0.001042,0.003121,0.014414,0.370632,-0.127996,0.011233,0.005153,0.000712,-0.227266,-0.981614,0.543392,0.016738,-0.053582,-1.061846,-0.358420,0.014150,0.174865,0.472859,0.005760,-0.594948,-0.139424,0.231554,0.042660,128.060192,0.683031,-1.524305,0.000806,0.008284,1.133053,-0.363874,1.172364,0.006119,0.000770,0.053671,0.016321,-0.437945,0.396928,-0.028140,-0.114352
-0.047029,0.827672,2.748750,0.213427,0.662278,0.220094,-1.453546,0.547178,0.330238,0.092077,0.158438,0.321092,0.910408,0.386816,0.355494,0.104158,0.067742,0.044400,-1.610317,0.791433,0.236289,-0.568524,-1.408590,0.544798,-0.614002,-0.315243,1.271539,0.182922,-0.692528,-0.313628,0.511436,0.549411,847.594177,1.435818,-1.498735,0.161494,0.156626,2.751381,-0.520134,-1.021665,0.738868,0.102818,0.404681,0.314381,-0.105066,0.357936,-0.398491,0.222612
-0.047029,0.657568,0.244372,0.314025,0.507951,0.266766,-1.334883,0.341040,0.952036,0.106180,0.254391,0.221901,0.910408,0.386816,0.237526,0.134113,0.083030,0.044400,-1.448834,0.794923,0.651409,-0.568524,-1.491814,0.671615,-0.614002,-0.286736,1.271539,0.193057,-0.586205,-0.286000,0.355625,0.808692,163.934002,1.269511,-1.798118,0.565150,0.117915,1.076258,-0.923300,-1.165713,0.591255,0.136860,0.459255,0.485183,-0.105066,0.540086,-0.398491,0.003317
-0.468524,0.777086,0.726378,0.317008,0.533312,0.534242,-1.404253,0.296487,0.904511,0.202094,0.244063,0.250574,0.785649,0.855974,0.372174,0.220818,0.252468,0.468147,-1.559280,0.689761,0.651409,-0.404850,-1.434239,0.804183,-0.826157,-0.709278,1.147252,0.313843,0.099077,-0.712101,1.409295,0.255389,209.152637,1.319311,-1.477397,0.464080,0.286977,1.606842,-0.726006,-0.123668,0.262811,0.295471,0.402328,0.179377,0.474287,1.003607,-1.111006,0.571352
-0.127237,1.152027,3.400909,0.031146,0.561286,0.242827,-1.433388,0.354560,0.465981,0.036774,0.074195,0.360617,0.718158,-0.100915,0.174981,0.084726,0.021917,0.432692,-1.497891,0.589796,0.035442,-0.586284,-1.169308,0.649564,-0.097205,-0.166974,1.147252,0.112073,-0.824053,-0.728037,0.321481,0.441647,846.049464,1.233424,-1.462758,0.055030,0.206413,2.069857,-0.386479,0.803125,0.158093,0.007070,0.365392,0.365863,-0.285882,0.364685,-0.454179,0.520183
-0.797261,0.915433,2.203464,0.149047,0.722838,0.356805,-1.281093,0.621312,0.078279,0.092993,0.247693,0.371636,0.968466,0.538467,0.377563,0.166421,0.091451,0.432692,-1.274855,0.705506,0.207732,-0.825569,-1.706338,0.617166,-0.770454,-0.403248,1.056373,0.194166,-0.950235,-0.549893,0.488596,0.339163,765.274939,1.120680,-1.568029,0.144445,0.280070,2.024760,-0.893690,-1.062115,0.748848,0.148365,0.341960,0.276070,-0.019803,1.173043,-0.910588,0.453898
-0.797261,0.744477,0.256539,0.198831,0.574043,0.264640,-1.407388,0.577696,0.855693,0.129129,0.363100,0.275079,0.968466,0.538467,0.250217,0.167769,0.094532,0.166787,-1.450230,0.808075,0.826005,-0.825569,-1.781811,0.617166,-0.770454,-0.364285,1.056373,0.191362,-0.949143,-0.381303,0.488596,0.714480,168.035029,1.300590,-1.683647,0.631846,0.239897,0.962684,-0.997051,-1.299471,0.663614,0.179834,0.300202,0.607652,-0.019803,0.564497,-0.910588,0.441275
-0.402427,0.729212,0.654934,0.267976,0.560462,0.330167,-1.462620,0.368130,0.846951,0.250646,0.238938,0.485486,0.781502,0.758958,0.445691,0.179498,0.221167,1.206666,-1.331561,0.859080,0.826005,-0.527554,-1.388672,0.972206,-0.694637,-1.030014,1.308927,0.380805,0.101513,-0.909493,2.057852,0.299301,211.925061,1.218352,-1.734970,0.528878,0.259419,1.106191,-0.736051,-0.381884,0.314354,0.309758,0.465341,0.173878,0.466509,1.349389,-0.859516,0.482822
-0.088906,1.048033,2.903933,0.092711,0.581236,0.313051,-1.426868,0.384351,0.396304,0.048774,0.170155,0.362677,0.693947,-0.094752,0.249705,0.140336,0.036315,0.876102,-1.383834,0.606398,0.065367,-0.583858,-1.212050,0.546518,-0.146497,-0.092808,1.308927,0.121413,-0.786784,-0.766070,0.287540,0.192147,773.335066,1.219772,-1.533671,0.081327,0.295134,1.967572,-0.423672,0.759418,0.130456,0.013685,0.470583,0.341652,-0.311179,0.695816,-0.380097,0.744966
-0.917381,0.843069,1.824336,0.233743,0.725975,0.337653,-1.427196,0.674515,0.157136,0.116191,0.310609,0.247350,0.942388,0.963535,0.329658,0.202881,0.125304,0.158467,-1.459742,0.784711,-0.013057,-0.875923,-1.589967,0.635774,-0.879165,-0.431673,0.983621,0.201451,-0.906528,-0.493167,0.575921,0.196882,692.452562,1.338020,-1.572606,0.149720,0.379535,1.493203,-1.030618,-1.037759,0.720382,0.219110,0.503273,0.290662,0.140600,1.326248,-0.606063,0.744966
-0.917381,0.704471,0.247872,0.246135,0.596756,0.390401,-1.362905,0.574242,0.965303,0.196761,0.415835,0.307424,0.942388,0.963535,0.309331,0.208227,0.168111,0.538123,-1.290707,0.843274,0.850485,-0.875923,-1.490381,0.635774,-0.879165,-1.030852,0.983621,0.243392,-0.899854,-0.485538,0.575921,0.461544,157.974222,1.255480,-1.602066,0.659921,0.299654,1.022546,-1.030618,-1.166946,0.658214,0.278194,0.668642,0.644539,0.140600,0.835034,-0.667728,0.476387
-0.363618,0.688793,0.993406,0.416458,0.591698,0.346524,-1.373122,0.330681,0.960547,0.372509,0.316699,0.357157,0.867546,1.257518,0.404442,0.287843,0.296579,1.346265,-1.307327,1.106528,0.850485,-0.709195,-1.465831,1.150148,-0.459138,-1.030852,1.197627,0.393272,0.155963,-0.996029,2.934328,0.259541,290.097767,1.121511,-1.756620,0.549858,0.281953,1.642736,-0.806231,-0.409637,0.298797,0.450437,0.569131,0.181688,0.585193,1.355058,-1.477749,0.624276
-0.037433,0.959043,4.018336,0.088802,0.568467,0.299331,-1.344618,0.345962,0.474160,0.030944,0.164123,0.312905,0.693051,-0.099102,0.231220,0.156659,0.028205,0.356726,-1.280758,0.616972,0.091052,-0.477784,-1.220285,0.696907,-0.182875,-0.229690,1.197627,0.116357,-0.797072,-0.754165,0.283875,0.225530,928.811524,1.157409,-1.563648,0.062084,0.241891,2.124599,-0.434034,0.691449,0.155215,0.012259,0.434026,0.378863,-0.364285,0.530337,-0.385856,0.624276
-0.464352,0.833303,2.367650,0.173382,0.740410,0.314267,-1.583388,0.587849,0.109090,0.097809,0.307680,0.351490,1.013172,0.637528,0.395454,0.202650,0.104203,0.315183,-1.745690,0.783350,0.227933,-1.060143,-1.517220,0.644550,-0.758013,-0.428130,1.231744,0.193761,-0.965990,-0.517808,0.479316,0.287315,741.506460,1.553464,-1.538293,0.130772,0.372460,2.369076,-0.575996,-1.286621,0.732587,0.162742,0.308878,0.289142,-0.004425,1.077584,-0.870753,0.453127
-0.464352,0.876571,0.236936,0.188439,0.667219,0.249860,-1.472668,0.453288,0.998878,0.155907,0.400611,0.364527,1.013172,0.637528,0.298662,0.237021,0.124442,0.699618,-1.541489,0.855006,0.907473,-1.060143,-1.669691,0.644550,-0.758013,-0.497533,1.231744,0.194989,-0.965444,-0.433145,0.479316,0.533402,153.294392,1.329602,-1.838419,0.721368,0.315990,1.060688,-0.993384,-1.625472,0.757777,0.198879,0.398499,0.661200,-0.004425,0.888949,-0.870753,0.409513
-0.289011,0.712423,1.433825,0.429013,0.645568,0.381091,-1.445092,0.309016,0.998878,0.351352,0.327353,0.294679,0.942987,1.972798,0.353665,0.354333,0.336967,0.555608,-1.387970,1.159377,0.907473,-0.404990,-1.431601,1.729464,-0.498129,-1.028396,0.898460,0.428207,0.044919,-0.813841,2.738368,0.310617,416.765786,1.256054,-1.791574,0.628947,0.294244,1.701438,-0.899167,-0.608445,0.376566,0.520938,0.400550,0.239149,0.795700,1.480247,-1.165630,0.372836
0.026653,1.013670,2.839566,0.040124,0.569232,0.295044,-1.476680,0.409023,0.416064,0.032143,0.187890,0.340503,0.678751,-0.111428,0.188164,0.143400,0.014870,0.227597,-1.422239,0.589363,0.023092,-0.462839,-1.204554,0.832709,-0.101138,-0.194259,0.894354,0.073770,-0.859517,-0.753717,0.261741,0.305617,767.506661,1.358863,-1.643724,0.065643,0.226382,1.701131,-0.397338,0.725020,0.137521,0.006172,0.526074,0.368496,-0.382291,0.692519,-0.373743,0.454979
-0.702787,0.822970,1.908600,0.183663,0.702834,0.340403,-1.275045,0.696966,0.077636,0.106328,0.270805,0.470486,0.974171,0.803102,0.306772,0.224894,0.136008,0.623184,-0.994917,0.785717,0.106830,-0.770829,-1.466969,0.288119,-0.847207,-0.506962,1.080525,0.173095,-0.990222,-0.539457,0.468598,0.272322,663.625047,0.888860,-1.551676,0.166925,0.324040,1.746735,-0.959357,-1.086669,0.723308,0.199698,0.686989,0.284719,0.208440,1.293104,-0.802754,0.734448
-0.702787,0.687048,0.265229,0.240621,0.562098,0.377325,-1.343742,0.523838,0.938348,0.156303,0.452299,0.495724,0.974171,0.803102,0.184625,0.271323,0.161308,0.824616,-1.323632,0.790081,0.976708,-0.770829,-1.615227,0.144753,-0.847207,-0.506962,1.080525,0.211309,-0.966057,-0.282901,0.468598,0.579269,153.923843,1.219546,-1.796347,0.617745,0.305215,1.014019,-0.983991,-1.222028,0.628954,0.244206,0.458543,0.624999,0.208440,0.737532,-0.802754,0.734448
-0.441339,0.816332,1.314633,0.252443,0.584285,0.511347,-1.335802,0.344621,0.840090,0.306846,0.247218,0.465083,0.866198,1.385253,0.428419,0.452165,0.270826,1.326085,-1.376337,1.090127,0.944442,-0.163475,-1.385917,1.681062,-0.388775,-1.024983,1.094878,0.318214,0.193773,-0.866430,3.161696,0.241873,366.489284,1.331702,-1.961556,0.508600,0.287084,1.934927,-0.716285,0.037258,0.228828,0.409824,0.307335,0.152858,0.759162,1.364439,-1.124225,0.574699
0.028060,0.962987,3.273892,0.040263,0.568731,0.501870,-1.559591,0.365597,0.563041,0.027774,0.110717,0.386089,0.683458,-0.092915,0.171023,0.101339,0.021700,0.589364,-1.627231,0.571697,0.016352,-0.361200,-1.171788,0.572580,-0.096727,-0.647233,0.985014,0.068672,-0.797099,-0.690001,0.270956,0.258323,806.711546,1.467634,-1.534298,0.040506,0.193216,2.112323,-0.401347,0.800334,0.090393,0.009576,0.266996,0.370554,-0.375837,0.682657,-0.587296,0.346929
-0.628221,0.788942,1.956453,0.157607,0.679218,0.564816,-1.228068,0.619093,0.106157,0.102418,0.263494,0.367294,0.925614,0.971727,0.352102,0.214329,0.116444,0.066472,-0.902714,0.827159,0.311682,-0.639696,-1.472835,0.026109,-0.705221,-0.406622,1.021664,0.164534,-0.970088,-0.610066,0.524961,0.326438,629.711969,0.757075,-1.779912,0.177607,0.218931,2.144658,-0.821253,-1.085877,0.696584,0.188788,0.382367,0.309738,0.039194,1.053988,-0.871222,0.425119
-0.628221,0.696918,0.272984,0.179046,0.544690,0.528888,-1.287401,0.494273,0.831725,0.170613,0.497235,0.339244,0.925614,0.971727,0.184138,0.259577,0.150223,0.547255,-1.257585,0.827159,1.217281,-0.639696,-1.736463,0.703173,-0.705221,-0.522069,1.021664,0.228412,-0.954519,-0.365447,0.524961,0.833449,171.241278,1.154095,-1.715905,0.605610,0.223334,1.038570,-0.966060,-1.203656,0.665058,0.257592,0.333632,0.576779,0.039194,0.549664,-0.871222,0.380947
-0.332627,0.817704,1.542561,0.246172,0.555569,0.530355,-1.352308,0.289895,0.727747,0.336937,0.337885,0.613897,0.885034,1.512458,0.399883,0.466151,0.263101,1.800102,-1.292617,1.195482,1.136708,-0.353362,-1.460743,1.658401,-0.543418,-1.025215,1.096371,0.299089,0.129657,-0.899956,2.771500,0.460460,429.830411,1.282230,-1.558877,0.432969,0.296727,1.498392,-0.683676,0.154209,0.171287,0.462355,0.357771,0.150985,0.272154,1.063052,-1.094116,0.391201
0.147444,1.080658,3.552074,0.047782,0.542116,0.559561,-1.283572,0.172482,0.414703,0.022058,0.149708,0.335831,0.741992,-0.105211,0.154514,0.091002,0.015203,0.140167,-1.171532,0.597682,-0.001518,-0.257475,-1.174473,0.315830,-0.069380,0.015401,0.716087,0.073962,-0.746347,-0.732726,0.265185,0.299705,1084.086438,1.069099,-1.635093,0.096008,0.192225,1.770730,-0.372790,0.804005,0.142466,0.009309,0.260684,0.352819,-0.311365,0.476522,-0.234857,0.391201
-0.881910,0.854483,1.865518,0.189558,0.700711,0.392433,-1.563421,0.572144,0.145904,0.097715,0.183102,0.479231,1.024818,0.693523,0.254674,0.174442,0.120453,0.609600,-1.691697,0.762423,0.321111,-0.324449,-1.411578,-0.236328,-0.700252,-0.708641,0.799675,0.187804,-0.875327,-0.463690,0.383210,0.286466,715.954548,1.477370,-1.717710,0.167680,0.183750,1.980350,-0.757005,-1.001588,0.717992,0.160411,0.573432,0.262912,0.014473,1.096535,-0.884802,0.524450
-0.881910,0.669633,0.273246,0.182496,0.572342,0.316023,-1.385146,0.600870,0.931416,0.177692,0.362035,0.482384,1.024818,0.693523,0.233880,0.224922,0.170318,0.696286,-1.473087,0.803098,1.066821,-0.324449,-1.691115,0.248025,-0.700252,-0.708641,0.799675,0.234212,-0.875327,-0.396491,0.383210,0.899532,158.057398,1.312994,-1.559116,0.629404,0.280298,1.100704,-0.969579,-1.248245,0.613967,0.202366,0.696396,0.605566,0.014473,0.881566,-0.884802,0.524450
-0.265532,0.602106,1.034978,0.322542,0.583110,0.359558,-1.188590,0.341706,0.883580,0.249210,0.314018,0.377769,0.789380,0.805749,0.297611,0.263401,0.258389,1.593636,-1.212369,0.665160,1.066821,-0.386179,-1.443018,0.767477,-0.418074,-0.993702,0.964188,0.294824,0.242936,-0.679765,0.891162,0.362277,286.493770,1.172805,-1.605199,0.530741,0.296883,2.201527,-0.789734,-0.415251,0.312242,0.342405,0.403947,0.159435,0.409417,1.102503,-1.108180,0.406277
0.035018,0.911706,3.171200,0.052001,0.555695,0.358097,-1.480201,0.304085,0.397407,0.022082,0.146822,0.363760,0.690021,-0.113640,0.158549,0.114878,0.017933,0.624339,-1.530677,0.586550,0.049735,-0.449570,-1.088064,0.750318,-0.039488,0.020300,0.964188,0.085715,-0.820201,-0.702407,0.252031,0.285484,801.900841,1.392821,-1.517065,0.054645,0.213243,1.987174,-0.380815,0.608502,0.180373,0.006223,0.386766,0.369313,-0.395070,0.457276,-0.326002,0.406277
-0.544424,0.818597,1.846050,0.166032,0.692725,0.435870,-1.361657,0.563436,0.081514,0.094375,0.250758,0.288513,1.010904,0.685592,0.385151,0.170448,0.091099,0.165653,-1.116658,0.759940,0.041050,-0.974786,-1.506437,0.420311,-0.820174,-0.436744,1.234379,0.203225,-0.947152,-0.514841,0.460473,0.316452,658.599032,1.061817,-1.438418,0.161114,0.274571,1.679524,-0.729982,-0.989940,0.663719,0.167641,0.372182,0.306976,0.008507,1.527370,-1.036088,0.302315
-0.544424,0.723143,0.253609,0.204521,0.625020,0.369571,-1.275026,0.506193,0.918135,0.143374,0.384712,0.340950,1.010904,0.685592,0.355772,0.191260,0.103931,0.394202,-1.188555,0.831053,0.828814,-0.974786,-1.681803,0.781992,-0.820174,-0.436744,1.234379,0.209698,-0.947152,-0.508396,0.460473,0.737263,151.808470,1.158019,-1.534095,0.678924,0.239665,1.176733,-0.971994,-1.190254,0.671914,0.190443,0.218113,0.662982,0.008507,1.472051,-1.036088,0.275252
-0.389323,0.688948,1.060328,0.389959,0.663084,0.216536,-1.325110,0.397302,0.918135,0.331907,0.247196,0.427456,0.941788,1.374613,0.413870,0.315492,0.373568,1.160769,-1.395465,1.120245,0.828814,-0.806047,-1.528774,1.248445,-0.852060,-1.032637,1.105699,0.415763,0.053293,-0.980450,2.432512,0.366578,279.674970,1.302621,-1.808016,0.654359,0.372201,1.923259,-0.870531,-0.856374,0.459458,0.469216,0.266782,0.224721,0.779168,1.109269,-1.269227,1.241074
-0.156723,0.887961,3.328438,0.091251,0.595882,0.243078,-1.316145,0.383452,0.458291,0.022620,0.189156,0.419064,0.760625,-0.054001,0.190726,0.146720,0.047632,0.675877,-1.224810,0.615323,0.031958,-0.806047,-0.992581,0.777515,-0.075192,-0.171166,1.105699,0.090420,-0.885374,-0.980450,0.303370,0.280653,828.779450,1.136028,-1.572887,0.064301,0.369881,2.155023,-0.411126,0.674026,0.140250,0.023030,0.302816,0.394992,-0.132684,0.577962,-0.687453,1.241074
-0.400948,0.779223,1.879116,0.252743,0.693400,0.512521,-1.322973,0.506243,0.085437,0.092529,0.245675,0.272675,1.040993,0.969125,0.329531,0.124720,0.123085,-0.077307,-1.077328,0.733132,0.072412,-0.681406,-1.377269,0.491466,-0.883316,-0.553853,0.937215,0.177991,-1.009987,-0.565193,0.481099,0.390005,646.672127,1.016297,-1.683246,0.165950,0.298628,2.105307,-0.833119,-0.870279,0.623966,0.218858,0.583386,0.309527,0.255406,1.609429,-1.284999,0.499266
-0.400948,0.662242,0.241418,0.302379,0.630104,0.584766,-1.470866,0.436321,1.083431,0.193056,0.451829,0.322166,1.040993,0.969125,0.335755,0.205280,0.179678,0.141757,-1.475707,0.822742,1.015985,-0.681406,-1.642842,1.121820,-0.883316,-1.035638,0.937215,0.234887,-1.009987,-0.472892,0.481099,0.723215,150.873889,1.386367,-1.728980,0.690543,0.231648,0.993843,-0.976755,-1.048430,0.628915,0.242219,0.657848,0.719772,0.255406,1.609429,-1.284999,0.435114
-0.483836,0.746707,0.678509,0.360941,0.581321,0.304432,-1.246890,0.376132,1.083347,0.327123,0.356875,0.387793,0.829398,1.102064,0.416689,0.321921,0.337950,0.988085,-1.223952,1.005889,1.015985,-0.429219,-1.424363,1.121820,-0.997588,-1.035669,1.062486,0.376033,0.045030,-0.852999,2.497985,0.338971,188.114480,1.151169,-1.792832,0.562442,0.307676,1.967038,-0.896697,-0.555159,0.376460,0.337823,0.444666,0.263227,0.770845,1.547247,-1.353900,0.570805
-0.040102,1.061214,3.479836,0.043315,0.595442,0.200204,-1.143585,0.407755,0.389321,0.035229,0.125801,0.401226,0.711703,-0.103494,0.191013,0.091769,0.022282,0.772343,-1.031017,0.603093,0.027997,-0.446459,-1.048404,0.627192,-0.095140,-0.151803,1.062486,0.111385,-0.883953,-0.737072,0.260876,0.216154,846.041338,0.946004,-1.617254,0.064005,0.212157,2.058566,-0.389471,0.781105,0.119722,0.010195,0.234505,0.358288,-0.357108,0.930758,-0.347940,0.570805
-0.580951,0.838703,1.953311,0.233559,0.733045,0.427559,-1.453020,0.625418,0.108342,0.099261,0.273751,0.408655,0.999734,0.832453,0.324432,0.143460,0.122937,0.245954,-1.409294,0.774299,0.176041,-0.554291,-1.396703,0.172697,-0.957422,-0.514301,0.969291,0.164405,-1.011316,-0.463271,0.449710,0.321360,666.969978,1.253238,-1.615311,0.153635,0.270485,1.947773,-0.876352,-0.985370,0.705514,0.197332,0.669014,0.292984,0.243206,1.871095,-1.121886,0.482804
-0.580951,0.693379,0.264266,0.242384,0.586301,0.429086,-1.425741,0.526557,1.014668,0.159605,0.446827,0.311762,0.999734,0.832453,0.244077,0.183426,0.169292,0.562429,-1.402628,0.794071,1.048777,-0.554291,-1.667280,0.745355,-0.957422,-0.800276,0.860616,0.235948,-0.984706,-0.307728,0.449710,0.591029,171.207784,1.290464,-1.508514,0.644593,0.206201,1.064459,-0.947906,-1.154265,0.624914,0.214675,0.586153,0.647660,0.243206,1.049428,-1.121886,0.450652
-0.390730,0.723238,1.181460,0.418279,0.589212,0.390192,-1.270223,0.325105,0.876094,0.434212,0.341981,0.522861,0.972701,2.005576,0.329657,0.345305,0.455043,1.129360,-1.175331,1.159039,1.048777,-1.068317,-1.370538,1.731083,-1.011408,-0.902552,1.050956,0.373263,-0.096798,-0.941859,3.529364,0.313737,356.574228,1.098031,-1.517720,0.499821,0.439300,1.975843,-0.701717,-0.060283,0.210817,0.595347,0.297411,0.208502,1.074003,1.681828,-1.491162,0.810424
0.216790,0.956908,3.340846,0.111985,0.593965,0.457390,-1.207709,0.375150,0.257460,0.038916,0.152661,0.365309,0.699297,-0.101496,0.167747,0.147782,0.043800,0.036996,-1.115089,0.636783,0.070728,-0.591820,-1.398998,0.290913,-0.155397,-0.012122,0.912002,0.107862,-0.874204,-0.819728,0.271101,0.137706,852.943399,1.097176,-1.549652,0.069734,0.277888,1.012994,-0.453208,0.718755,0.127128,0.021254,0.348572,0.318167,-0.315166,0.952246,-0.508693,0.645793
-0.816402,0.693228,0.235672,0.270976,0.560895,0.496477,-1.351898,0.571482,0.822701,0.131037,0.464654,0.520018,0.933471,0.803225,0.262826,0.219540,0.155157,0.624481,-1.279737,0.835774,0.895442,-0.617012,-1.454447,0.412117,-0.823676,-0.570664,0.743247,0.164765,-1.103189,-0.363174,0.569116,0.804206,150.059158,1.241010,-1.716385,0.614250,0.139926,0.986548,-1.018134,-1.282832,0.602892,0.229206,0.882988,0.700559,0.261346,2.077145,-1.216659,0.267980
-0.068848,1.330432,0.760888,0.012248,0.427369,0.132303,-0.909667,0.197871,-0.130228,0.017743,0.036254,0.213151,0.468963,-0.131119,0.184538,0.040420,0.006288,0.131487,-0.922735,0.559626,0.019992,-0.179664,-1.255175,-0.272795,-0.017656,0.134939,0.748088,0.047342,-0.675710,-0.310041,0.232988,0.129112,336.249536,0.811165,-1.501828,0.016425,0.103171,1.738413,-0.368391,1.254019,0.040121,0.002746,0.212396,0.170696,-0.415406,0.329953,-0.257913,0.130338
0.544323,1.322574,0.325265,0.001507,0.372834,0.024055,-0.799089,0.032492,-0.663241,0.002877,0.006518,0.030140,0.379477,-0.134160,0.011891,0.008620,0.001476,-0.200063,-0.943570,0.547004,0.016259,-0.048159,-0.818303,-0.371171,0.011269,0.200186,0.432926,0.005504,-0.712074,-0.115602,0.232407,0.040826,132.089218,0.692929,-1.670019,0.006630,0.013671,1.498388,-0.364117,1.278344,0.022133,0.000831,0.056649,0.011413,-0.429403,0.160011,-0.001133,-0.050322
0.501656,1.284712,0.824630,0.009279,0.355886,0.474980,-1.327897,0.054708,-0.601069,0.010917,0.019053,0.215429,0.378644,-0.126149,0.083872,0.028948,0.004462,0.379517,-1.336744,0.553643,0.030292,-0.054707,-0.728820,-0.211286,0.005937,0.125307,0.567520,0.027492,-0.698617,-0.170679,0.240386,0.093926,244.114509,1.290450,-1.503105,0.014551,0.056608,1.696318,-0.380049,1.259249,0.021460,0.002254,0.207272,0.025751,-0.428276,0.194765,-0.004312,0.079874
-0.259887,0.851238,3.171169,0.453463,0.547402,0.566847,-1.343204,0.341891,-0.114113,0.084016,0.202445,0.236258,0.738178,0.091951,0.210277,0.220667,0.151270,0.173765,-1.353589,0.582615,0.434477,-0.110781,-1.196629,-0.699389,-0.881938,-0.143298,0.747588,0.163295,-0.718277,-0.159062,0.288730,0.312200,908.754802,1.229602,-1.595406,0.113877,0.091491,2.083332,-0.377716,-0.258458,0.448711,0.043520,0.363875,0.133679,0.519885,0.627559,-0.532390,0.423349
-0.259887,0.701821,2.292654,0.482706,0.550015,0.517672,-1.321812,0.390316,0.079321,0.083817,0.322046,0.431373,0.738178,0.091951,0.211313,0.268239,0.157169,0.752118,-1.184868,0.638005,0.688216,-0.110781,-1.554688,-1.140796,-0.881938,-0.152052,0.747588,0.171629,-0.718277,-0.133191,0.288730,0.303288,681.117001,0.985933,-1.620479,0.135083,0.136752,2.173945,-0.616552,-0.847969,0.654673,0.059780,0.538650,0.284743,0.519885,0.627559,-0.765809,0.423349
-0.259887,0.580725,0.299605,0.460614,0.459071,0.325792,-1.436292,0.373615,0.618844,0.098550,0.282383,0.343046,0.738178,0.091951,0.186107,0.234473,0.146202,0.752118,-1.546840,0.639147,0.732130,0.075524,-1.707731,-0.563943,-0.881938,-0.152052,0.747588,0.183320,-0.660410,0.071487,0.264727,0.706070,130.308766,1.404257,-1.605277,0.365608,0.173096,1.022878,-0.765244,-0.944597,0.607436,0.080101,0.635439,0.381508,0.519885,0.619941,-0.786158,0.423349
-0.259887,0.546916,0.261560,0.448140,0.407742,0.397330,-1.429808,0.430647,0.792570,0.092142,0.242147,0.240000,0.738178,0.091951,0.128597,0.145037,0.131060,0.752118,-1.536252,0.639147,1.129471,0.075524,-1.690763,0.014455,-0.881938,-0.152052,0.747588,0.100294,-0.522525,-0.164912,0.264727,1.048046,127.577936,1.394998,-1.499062,0.450549,0.246174,1.032254,-0.765244,-0.944597,0.331674,0.097479,0.657977,0.393092,0.519885,0.619941,-0.786158,0.423349
0.352973,1.095208,1.685238,0.025391,0.373373,0.393365,-1.199157,0.042176,0.220121,0.021085,0.076841,0.213523,0.476868,-0.119111,0.117703,0.057351,0.010135,0.857335,-1.188161,0.570491,0.035127,-0.278276,-1.080841,0.362994,-0.006273,0.024304,0.593800,0.070454,-0.446537,-0.317061,0.255366,0.046224,477.140709,1.062945,-1.623966,0.036736,0.121716,2.116806,-0.369205,0.943550,0.107999,0.004954,0.186732,0.227439,-0.408511,0.374285,-0.093817,0.730553
0.447216,1.327725,0.216758,0.006697,0.345401,0.125557,-1.034973,0.028619,-0.530801,0.006996,0.024587,0.079028,0.368287,-0.127416,0.035904,0.022453,0.004763,-0.109828,-1.144287,0.559081,0.036072,-0.117772,-1.508240,-0.183529,0.010302,0.118830,0.432451,0.017991,-0.593337,-0.240499,0.246906,0.079243,111.324083,1.025049,-1.609728,0.023178,0.079443,1.013842,-0.366449,1.190252,0.035124,0.002018,0.179721,0.014572,-0.426060,-0.079384,-0.055740,0.159626
0.587278,1.030645,0.261041,0.040459,0.399376,0.196234,-1.206220,0.065315,-0.389452,0.006611,0.029292,0.092879,0.443047,-0.107707,0.082740,0.045757,0.011402,-0.076233,-1.220005,0.560796,0.038506,-0.056434,-1.439824,-0.003988,-0.007427,0.133820,0.665704,0.014533,-0.527134,-0.211699,0.246438,0.074926,125.668979,1.117152,-1.426144,0.016200,0.063714,0.993595,-0.369109,0.977725,0.034951,0.005107,0.400712,0.044227,-0.412986,0.191284,-0.127892,0.113874
-0.286144,0.838201,2.081651,0.238708,0.659090,0.286425,-1.465761,0.701981,0.593870,0.094762,0.217832,0.342388,0.950308,0.453567,0.371694,0.113549,0.084055,0.147633,-1.658882,0.883912,0.317426,-1.019265,-1.356489,1.358131,-0.577539,-0.531443,1.123095,0.180545,-0.713053,-0.279267,0.501809,0.753880,616.162446,1.485319,-1.565806,0.198494,0.266102,2.258366,-0.632962,-1.223080,0.804184,0.117097,0.306972,0.432641,0.129320,0.540683,-0.813850,0.374921
-0.286144,0.805506,0.263067,0.304780,0.515259,0.217010,-1.397135,0.413425,1.149061,0.103493,0.292173,0.292128,0.950308,0.453567,0.217598,0.149161,0.099236,0.207578,-1.338992,0.883912,0.721597,-1.019265,-1.352086,1.358131,-0.577539,-0.562179,1.123095,0.213230,-0.442523,-0.519148,0.501809,0.610289,179.888456,1.255308,-1.710911,0.571914,0.233295,1.044217,-0.991709,-1.352568,0.684726,0.152707,0.213617,0.428998,0.129320,0.398441,-0.813850,0.119415
-0.487543,0.786792,0.356480,0.297817,0.557952,0.276660,-1.330829,0.264575,0.923678,0.250637,0.192023,0.272667,0.869139,0.930498,0.396966,0.209661,0.224065,0.500874,-1.216925,0.802202,0.624059,-0.416337,-1.249026,1.209462,-0.591362,-0.596068,1.119412,0.306495,0.257796,-0.652768,1.874646,0.250220,142.878886,1.171182,-1.467035,0.446911,0.251367,1.361870,-0.769777,0.060862,0.185261,0.340885,0.259769,0.134971,0.490859,0.505092,-0.879777,0.221272
-0.114367,0.994546,3.114000,0.021609,0.572449,0.297474,-1.449702,0.387389,0.537513,0.026638,0.064181,0.307376,0.699426,-0.104115,0.168747,0.063782,0.012771,0.098838,-1.384821,0.589040,0.051859,-0.407761,-1.222321,0.603289,-0.075594,-0.023896,1.119412,0.072062,-0.745247,-0.652626,0.269785,0.307013,724.249271,1.182540,-1.519396,0.044288,0.153238,1.920687,-0.390629,0.728529,0.134389,0.007225,0.220317,0.364209,-0.411482,0.291859,-0.371579,0.297739
-0.663582,0.806704,2.404141,0.186692,0.713671,0.338381,-1.383823,0.669178,0.079143,0.099630,0.268982,0.367388,0.959609,0.922189,0.417345,0.163999,0.098988,0.501004,-1.304224,0.715640,0.180968,-0.738618,-1.401336,0.490961,-0.775276,-0.421053,1.378367,0.166620,-0.893507,-0.476897,0.444187,0.440351,734.571228,1.178945,-1.546623,0.140646,0.259009,2.122589,-0.831351,-0.948357,0.650147,0.190194,0.450764,0.281658,0.031115,0.876528,-0.751244,0.555011
-0.663582,0.707579,0.286117,0.237732,0.607968,0.366539,-1.321084,0.595198,0.948227,0.144288,0.384871,0.342488,0.959609,0.922189,0.357458,0.196977,0.114199,0.501004,-1.347050,0.818077,0.826863,-0.738618,-1.821355,0.689281,-0.775276,-0.421053,1.378367,0.179237,-0.893507,-0.344266,0.444187,0.805689,174.142716,1.260142,-1.690561,0.659065,0.245541,1.064453,-0.966847,-1.240735,0.650952,0.207001,0.521172,0.656551,0.031115,0.942842,-0.751244,0.555011
-0.271559,0.654655,0.443671,0.380397,0.603574,0.254534,-1.265131,0.392706,0.947372,0.283459,0.292474,0.315753,0.840899,1.059359,0.380233,0.287649,0.274175,0.670622,-1.239281,0.711278,0.816684,-0.413056,-1.500907,1.101300,-0.698799,-1.018145,1.079518,0.353077,0.183363,-0.739587,2.105394,0.296834,162.087302,1.072159,-1.742109,0.598229,0.257227,1.156386,-0.839187,-0.734768,0.412482,0.370260,0.456251,0.206035,0.589446,1.435598,-1.037372,0.415759
-0.099985,0.993811,2.901400,0.055986,0.575772,0.188361,-1.254908,0.380234,0.444615,0.039823,0.155671,0.238988,0.750268,-0.113017,0.191056,0.171273,0.028452,0.175731,-1.095701,0.623209,0.102644,-0.560356,-1.313098,0.605986,-0.111222,0.011421,1.079518,0.110938,-0.835456,-0.830630,0.286949,0.275727,731.408171,0.986805,-1.469061,0.093030,0.225508,2.023555,-0.423238,0.633986,0.217799,0.011533,0.452545,0.395620,-0.254424,0.659183,-0.746336,0.423298
-0.852472,0.875515,2.125631,0.236189,0.729148,0.331163,-1.206788,0.668905,0.069750,0.112981,0.261901,0.367868,0.967407,0.879312,0.354901,0.205960,0.120423,0.175731,-1.074073,0.756433,-0.032927,-0.922000,-1.521161,0.680668,-0.866296,-0.589287,1.020805,0.208464,-0.947673,-0.523351,0.528704,0.331902,710.548445,0.943349,-1.677224,0.174415,0.327699,1.946242,-1.081102,-1.060528,0.732897,0.234447,0.387103,0.291077,0.144796,1.246922,-0.676522,0.423298
-0.852472,0.697464,0.247595,0.261579,0.614582,0.318528,-1.420919,0.585234,0.921833,0.195901,0.412012,0.406485,0.967407,0.879312,0.346903,0.248742,0.162247,0.817614,-1.411489,0.832020,0.766504,-0.922000,-1.536797,0.709449,-0.866296,-1.025972,0.882668,0.275880,-0.947673,-0.309898,0.528704,0.522600,153.045652,1.270260,-1.697490,0.675876,0.289602,1.102307,-1.081102,-1.213967,0.672764,0.268780,0.368710,0.655017,0.144796,1.246922,-0.676522,0.328382
-0.309118,0.652116,0.593294,0.394979,0.604189,0.275971,-1.254322,0.349154,0.921143,0.269439,0.223131,0.418365,0.805315,1.006584,0.488922,0.248128,0.303959,0.993768,-1.242481,0.806354,0.766504,-0.509253,-1.341541,0.916444,-0.685030,-1.033168,1.165910,0.341811,0.246938,-0.823619,1.906935,0.253791,204.386563,1.073095,-1.679074,0.564186,0.251948,1.902785,-0.836900,-0.437804,0.308755,0.362972,0.313074,0.168646,0.517552,1.272295,-0.758394,0.513919
0.043996,0.961194,3.403195,0.036266,0.574631,0.307748,-1.209433,0.387852,0.505955,0.025344,0.105776,0.289461,0.690797,-0.108062,0.183402,0.080279,0.016957,0.518102,-1.131077,0.565676,0.039242,-0.521112,-1.232002,0.583625,-0.080553,-0.127284,1.165910,0.099442,-0.873816,-0.763874,0.252978,0.254048,842.086029,0.925825,-1.676111,0.038663,0.237612,2.090007,-0.376224,0.645974,0.160094,0.006020,0.263358,0.406594,-0.395144,0.500069,-0.405084,0.513919
-0.481678,0.829214,2.323635,0.191328,0.708433,0.387380,-1.366942,0.585639,0.020816,0.104931,0.209315,0.385170,0.992434,0.878714,0.330165,0.156467,0.140870,0.279395,-1.262986,0.665907,-0.000783,-0.840521,-1.529126,0.487477,-0.765617,-0.445191,0.863971,0.192069,-0.942675,-0.491086,0.521644,0.349181,726.109655,1.080417,-1.661321,0.154720,0.315270,2.157448,-0.921878,-0.932984,0.660234,0.196509,0.398148,0.292674,0.328362,1.090435,-0.699954,0.354164
-0.481678,0.705268,0.250674,0.260976,0.608297,0.332737,-1.308436,0.505457,0.896165,0.179057,0.412886,0.333792,0.992434,0.878714,0.314466,0.183515,0.164798,0.503418,-1.181194,0.816165,0.970854,-0.840521,-1.651176,0.655966,-0.765617,-0.867560,0.863971,0.213774,-0.942675,-0.386520,0.521644,0.550632,155.033394,1.081632,-1.723906,0.665910,0.264487,1.035403,-0.960793,-1.249702,0.666930,0.235637,0.521318,0.647981,0.328362,1.045269,-0.699954,0.275120
-0.376820,0.627264,1.119911,0.378816,0.603704,0.217382,-1.414841,0.396147,0.894244,0.266844,0.276046,0.393681,0.815810,0.818749,0.326218,0.258723,0.286221,1.153310,-1.564055,0.856523,0.970854,-0.566740,-1.359981,1.095697,-0.469676,-1.025519,0.904663,0.334314,0.162554,-0.717736,1.876662,0.295709,314.751746,1.409493,-1.640392,0.569901,0.313573,1.500365,-0.794621,-0.539160,0.326630,0.359369,0.371699,0.184134,0.643592,1.324611,-1.162069,0.665110
0.016868,0.983477,3.372481,0.020675,0.554451,0.225195,-1.429702,0.304652,0.422768,0.019190,0.107213,0.311762,0.763385,-0.119132,0.173872,0.115844,0.011280,0.269411,-1.406676,0.575141,0.042146,-0.478432,-1.251959,0.584214,-0.070584,-0.020565,0.966856,0.069374,-0.809765,-0.844530,0.257438,0.269061,825.060395,1.292600,-1.479804,0.099259,0.228647,1.803335,-0.374130,0.620979,0.217495,0.005297,0.398610,0.398222,-0.394120,0.750059,-0.255048,0.665110
-0.835713,0.866800,2.011927,0.134048,0.708533,0.257176,-1.388537,0.658998,-0.026716,0.114663,0.179587,0.394701,0.958026,0.872871,0.333721,0.174995,0.111861,0.366518,-1.383204,0.823618,0.085589,-0.860294,-1.605231,-0.196879,-0.768226,-0.725899,0.966856,0.205867,-0.937723,-0.524272,0.464935,0.296075,684.290494,1.248645,-1.695088,0.183775,0.308793,2.013994,-0.970534,-1.121664,0.759665,0.202193,0.569373,0.244570,0.148860,1.318417,-0.834560,0.425040
-0.835713,0.697849,0.269736,0.234221,0.554261,0.275227,-1.365987,0.567352,0.769892,0.168724,0.437563,0.358568,0.958026,0.872871,0.259882,0.239356,0.141510,0.663051,-1.257334,0.836905,1.138866,-0.860294,-1.684260,0.210491,-0.768226,-0.725899,0.936863,0.252355,-0.932769,-0.176154,0.464935,0.608961,165.818435,1.198070,-1.752239,0.614361,0.345487,1.090084,-0.970534,-1.252543,0.649507,0.254644,0.512282,0.575109,0.148860,0.764794,-0.916465,0.425040
-0.354753,0.717998,1.028145,0.232364,0.579385,0.481645,-1.309629,0.351741,0.747685,0.262376,0.277882,0.475025,0.832186,0.863204,0.424639,0.437263,0.195899,1.766633,-1.376630,0.898694,0.994916,-0.294355,-1.425401,1.706959,-0.371530,-1.034213,1.086339,0.292873,0.170246,-0.814766,2.521460,0.322153,282.032207,1.276830,-1.715764,0.506681,0.341576,2.194775,-0.714993,-0.021338,0.215041,0.338558,0.492106,0.134297,0.250394,1.461439,-1.294202,0.480882
0.142835,0.957462,3.307946,0.047825,0.529789,0.498237,-1.492999,0.278909,0.492636,0.016211,0.154744,0.365699,0.706234,-0.118316,0.188281,0.096708,0.015774,0.777324,-1.431447,0.556555,0.051523,-0.418261,-1.122694,0.675591,-0.057894,-0.328402,1.022333,0.082017,-0.806270,-0.708478,0.250736,0.241605,805.295170,1.317276,-1.542876,0.072864,0.169352,1.700182,-0.382075,0.716439,0.142296,0.006693,0.353118,0.378459,-0.379737,0.392414,-0.445215,0.278345
-0.640506,0.813438,1.851982,0.171817,0.688619,0.448565,-1.449928,0.592674,0.040518,0.102807,0.172860,0.415871,0.983790,0.789060,0.412092,0.206616,0.097543,0.349029,-1.374818,0.773055,0.014610,-0.826171,-1.434660,-0.085245,-0.946481,-0.586556,2.321242,0.217239,-0.913178,-0.621584,0.474650,0.405815,669.968332,1.278291,-1.490173,0.193098,0.226379,1.817675,-0.940188,-1.040931,0.687944,0.192212,0.501891,0.281581,0.033912,1.301316,-0.655883,0.350395
-0.640506,0.663498,0.263683,0.203593,0.554636,0.475150,-1.306867,0.499479,0.745994,0.187860,0.385521,0.366981,0.983790,0.789060,0.302064,0.242119,0.127224,0.687647,-1.337477,0.800864,1.141787,-0.826171,-1.818210,0.248476,-0.946481,-0.487553,2.321242,0.270649,-0.883281,-0.293609,0.474650,0.817691,162.379503,1.190283,-1.731453,0.618622,0.257748,1.154003,-0.940188,-1.175242,0.629022,0.257347,0.487912,0.539506,0.033912,1.021646,-0.882114,0.350395
-0.244325,0.692448,1.433058,0.236182,0.552398,0.388619,-1.239836,0.281352,0.700071,0.246267,0.350744,0.525214,0.794499,0.862806,0.365412,0.374417,0.227393,1.809435,-1.087861,0.758284,1.077100,-0.350516,-1.464581,1.590522,-0.434016,-1.024048,0.996227,0.268650,0.129590,-0.737240,1.391076,0.397600,392.366347,1.041928,-1.593668,0.455285,0.325628,2.043817,-0.695608,-0.087139,0.214253,0.326274,0.451710,0.133313,0.413955,1.283266,-0.933811,0.348141
0.274991,0.942356,3.714060,0.027882,0.555342,0.578861,-1.396252,0.244238,0.347882,0.020953,0.135470,0.356297,0.716414,-0.106064,0.176890,0.103989,0.016274,0.144980,-1.417419,0.577031,0.005650,-0.382323,-1.165974,0.426434,-0.076110,-0.030143,0.903315,0.080340,-0.816595,-0.817066,0.251708,0.269235,1062.654614,1.347356,-1.630702,0.061428,0.219237,2.249300,-0.391210,0.715832,0.140508,0.007220,0.331760,0.359366,-0.395995,0.207403,-0.147541,0.322333
-0.755257,0.785608,1.769195,0.156112,0.675525,0.421808,-1.522999,0.602684,0.083335,0.105082,0.217800,0.575755,0.987617,0.681890,0.283361,0.230704,0.128255,0.817657,-1.737688,0.779811,0.382971,-0.548337,-1.416843,-0.247749,-0.802012,-0.536723,0.911924,0.194104,-0.903503,-0.634252,0.379425,0.301878,741.249380,1.519314,-1.543203,0.163232,0.207009,2.049050,-0.760603,-1.055484,0.693378,0.157385,0.564196,0.271063,0.094379,1.041845,-0.788700,0.526139
-0.755257,0.655918,0.249997,0.135962,0.545987,0.215132,-1.417122,0.530650,0.750990,0.163241,0.402062,0.556633,0.987617,0.681890,0.234130,0.248785,0.144660,0.817657,-1.537349,0.786106,1.014096,-0.548337,-1.569659,-0.378302,-0.802012,-0.536723,0.911924,0.207577,-0.903503,-0.235564,0.379425,0.859715,163.430766,1.377297,-1.582231,0.601381,0.212576,1.087061,-0.920704,-1.190015,0.594502,0.200522,0.537363,0.547655,0.094379,0.599300,-0.864627,0.526139
-0.204014,0.653775,0.795061,0.227230,0.560508,0.346023,-1.395709,0.315497,0.712291,0.231239,0.278506,0.505388,0.774833,0.724054,0.342150,0.310489,0.181554,1.393234,-1.376128,0.651905,1.010609,-0.156290,-1.399487,0.941540,-0.276889,-0.860999,1.133095,0.267217,0.065452,-0.784550,1.087265,0.295932,240.422632,1.343254,-1.763575,0.512646,0.257236,0.911822,-0.751369,-0.352099,0.285599,0.297731,0.332373,0.146844,0.140383,0.769357,-0.876719,0.351902
-0.006534,0.956858,3.249523,0.037517,0.570550,0.554181,-1.392265,0.348163,0.374327,0.017526,0.110947,0.305263,0.724670,-0.108190,0.198802,0.092785,0.013227,0.481353,-1.372792,0.563057,0.034112,-0.401934,-1.155312,0.835663,-0.061053,-0.000032,1.133095,0.070635,-0.839292,-0.777390,0.278278,0.266628,817.788648,1.278783,-1.621946,0.059175,0.202699,1.930355,-0.368564,0.670877,0.161131,0.005898,0.350534,0.354370,-0.369804,0.164106,-0.319098,0.351902
-0.756271,0.813836,1.499296,0.208095,0.698050,0.489735,-1.447804,0.620384,0.043601,0.106221,0.241616,0.319546,0.975840,0.880360,0.359194,0.154779,0.124461,0.233234,-1.542460,0.749415,0.219540,-0.873764,-1.478062,0.453944,-0.871065,-0.682307,0.924543,0.181236,-0.982441,-0.626691,0.495643,0.331539,569.630743,1.368519,-1.637450,0.172086,0.268032,1.799141,-0.946243,-0.941078,0.684066,0.204338,0.781489,0.277915,0.200315,0.924908,-1.025499,0.340905
-0.756271,0.663703,0.254785,0.214611,0.593934,0.373927,-1.266601,0.538529,0.907960,0.184368,0.364655,0.363344,0.975840,0.880360,0.310062,0.183038,0.149710,0.368567,-1.203573,0.780968,0.828690,-0.873764,-1.632758,0.701118,-0.871065,-0.759016,0.924543,0.220862,-0.982398,-0.383388,0.495643,0.720930,156.785264,1.128764,-1.653084,0.653382,0.233503,1.010571,-0.946243,-1.145855,0.617400,0.225257,0.701586,0.634548,0.200315,0.493986,-1.025499,0.281884
-0.384966,0.645568,1.115186,0.415193,0.619060,0.406737,-1.269609,0.365958,0.871201,0.339834,0.344022,0.422839,0.886431,1.474027,0.375229,0.395545,0.334604,1.236601,-1.235962,1.041844,0.828690,-0.625765,-1.522594,1.165665,-0.665608,-1.030662,0.916258,0.357247,0.060899,-0.904552,2.615112,0.296657,334.993267,1.149307,-1.765247,0.573781,0.323706,1.810628,-0.834245,-0.454804,0.314755,0.401083,0.414073,0.197473,0.706847,1.531436,-1.042197,0.708842
0.028810,0.846606,2.819239,0.056995,0.579224,0.420250,-1.365409,0.303039,0.348532,0.023302,0.222052,0.354993,0.723226,-0.127208,0.109616,0.177613,0.022080,0.323686,-1.382778,0.600118,0.047696,-0.483206,-1.003642,0.703199,-0.066003,-0.222022,0.859097,0.075712,-0.791507,-0.904552,0.282927,0.178534,792.550770,1.259421,-1.542407,0.074207,0.236608,2.309370,-0.370390,0.635995,0.138902,0.007446,0.224465,0.332905,-0.341872,0.514451,-0.353643,0.708842
-0.645317,0.737463,1.409870,0.316672,0.681103,0.398086,-1.496102,0.589048,0.138436,0.100895,0.313606,0.312628,0.947113,0.968421,0.300599,0.147596,0.128226,-0.078561,-1.536033,0.783175,0.195377,-0.843625,-1.382947,0.548522,-0.794919,-0.535401,0.999899,0.188693,-0.940315,-0.550017,0.438881,0.324922,575.035625,1.336392,-1.606713,0.173293,0.228720,2.178147,-0.948838,-0.936900,0.644599,0.212359,0.257756,0.296237,0.277684,1.246811,-1.068294,0.269144
-0.645317,0.654564,0.253593,0.311542,0.601458,0.365653,-1.459691,0.509945,0.976173,0.170068,0.461681,0.366287,0.947113,0.968421,0.312907,0.210812,0.181178,0.332234,-1.530388,0.811879,0.872398,-0.843625,-1.821248,0.751937,-0.794919,-1.034947,0.999899,0.254613,-0.940315,-0.373682,0.438881,0.600762,155.240065,1.443786,-1.348900,0.660524,0.238650,1.083100,-0.992548,-1.080459,0.625667,0.243479,0.373763,0.643022,0.277684,1.103332,-1.068294,0.394725
-0.524135,0.662123,0.922471,0.392351,0.647394,0.418498,-1.376288,0.394889,0.971009,0.260469,0.327732,0.295076,0.929890,0.708375,0.352593,0.300358,0.289167,0.535732,-1.250646,0.919795,0.872398,-0.949689,-1.507058,0.883406,-0.770593,-1.034947,0.781911,0.408551,0.141763,-0.786051,1.895074,0.289221,250.585589,1.177308,-1.759562,0.584724,0.310638,1.413171,-0.874868,-0.317505,0.287190,0.322457,0.441760,0.201665,0.607853,1.593783,-0.822835,0.625661
0.047304,0.763846,2.828202,0.048600,0.584603,0.326551,-1.203595,0.430957,0.451673,0.026693,0.178144,0.274515,0.736963,-0.109945,0.171084,0.117922,0.020263,0.201059,-1.006623,0.588081,0.024269,-0.413652,-1.269005,0.749834,-0.077056,-0.595543,0.994375,0.045836,-0.839212,-0.731020,0.257567,0.316040,694.481096,0.951376,-1.452396,0.069468,0.273887,1.949350,-0.382771,0.562488,0.120620,0.008259,0.388349,0.359541,-0.346961,0.832385,-0.637444,0.625661
-0.537924,0.686911,1.865443,0.258548,0.686942,0.459493,-1.556491,0.687175,0.067547,0.098633,0.305098,0.249394,0.986864,0.809391,0.321058,0.127502,0.121675,-0.125543,-1.565647,0.789834,0.391860,-0.758279,-1.515363,0.938582,-0.859236,-0.635432,0.994375,0.162059,-0.990630,-0.574101,0.448093,0.550778,610.091218,1.447307,-1.647376,0.156031,0.275730,2.051659,-0.857056,-1.020403,0.598752,0.195471,0.595182,0.301127,0.125722,1.500136,-1.171420,0.449365
-0.537924,0.727995,0.259983,0.272572,0.566925,0.481818,-1.356801,0.578495,0.919819,0.133421,0.467639,0.253351,0.986864,0.809391,0.208419,0.201462,0.153653,0.444814,-1.209180,0.807892,0.846966,-0.758279,-1.702195,1.239439,-0.859236,-0.635432,0.752122,0.205081,-0.989651,-0.319814,0.448093,0.953301,157.051044,1.159486,-1.907295,0.622443,0.166720,1.161528,-0.935518,-1.249998,0.641582,0.206125,0.552873,0.633881,0.125722,0.961576,-1.171420,0.427140
-0.445004,0.727948,0.747828,0.443842,0.622868,0.249732,-1.344183,0.419295,0.829354,0.327311,0.320202,0.486969,0.916878,1.679880,0.302230,0.382176,0.403684,1.164049,-1.424227,1.035978,0.846966,-1.142459,-1.551168,1.168882,-1.168094,-0.887191,0.730959,0.365504,0.190091,-1.146871,3.228448,0.402666,223.017340,1.260207,-1.823157,0.540779,0.425099,1.268295,-0.716597,-0.151253,0.234953,0.481925,0.353721,0.131704,1.116244,1.658821,-1.661226,0.861128
-0.047326,0.815819,2.842935,0.090461,0.603053,0.281244,-1.394658,0.485932,0.471733,0.026059,0.107440,0.273844,0.745028,-0.100926,0.219100,0.065691,0.017266,0.195566,-1.491650,0.567906,0.017848,-0.439831,-1.312290,0.555004,-0.078524,0.057420,0.952914,0.048533,-0.898448,-0.686813,0.255539,0.343213,707.778281,1.392480,-1.613262,0.050629,0.203785,2.318404,-0.392708,0.584636,0.121118,0.006603,0.202408,0.412015,-0.399048,0.989314,-0.470967,0.377144
-1.091534,0.652609,0.257741,0.284664,0.479372,0.524473,-1.386317,0.633173,0.802916,0.123161,0.380635,0.188443,0.907861,0.810847,0.179023,0.245526,0.184763,0.447705,-1.463428,0.799845,0.672691,-0.370424,-1.517678,0.067474,-0.603399,-0.483508,0.878947,0.197894,-1.073346,-0.334849,0.657969,0.744164,156.139575,1.327806,-1.784559,0.521093,0.143898,1.103480,-1.100581,-1.157857,0.611212,0.256252,0.848460,0.587078,0.411510,0.871113,-1.285388,0.075208
0.407834,1.270918,0.267014,0.010262,0.382590,0.065190,-1.089381,0.065472,-0.444674,0.012298,0.035037,0.134578,0.409317,-0.130104,0.161261,0.028762,0.003701,-0.113402,-1.174626,0.563021,0.023182,-0.150343,-1.002712,-0.360896,-0.003240,0.103810,0.670836,0.033945,-0.612877,-0.276684,0.231777,0.131040,175.699006,1.023486,-1.537925,0.013729,0.088176,0.979520,-0.368332,1.185682,0.026384,0.002117,0.253219,0.038289,-0.430262,0.258279,-0.036767,0.157886
0.598231,1.300331,0.230745,0.001567,0.371403,0.054424,-0.865597,0.016283,-0.585594,0.001503,0.004985,0.037475,0.377985,-0.131705,0.012275,0.005635,0.001067,0.005101,-1.074207,0.544185,0.018209,-0.050350,-0.716729,-0.353284,0.013310,0.198649,0.428718,0.005481,-0.673132,-0.110939,0.229679,0.049088,120.095321,0.759125,-1.528557,0.002461,0.011039,1.092788,-0.363880,1.280428,0.011084,0.000868,0.081202,0.020023,-0.432873,0.225396,0.008483,-0.061843
0.473752,1.290987,3.614106,0.032896,0.402312,0.355554,-1.367507,0.064510,-0.454340,0.010375,0.093574,0.423824,0.520759,-0.119826,0.082067,0.030358,0.006843,0.507094,-1.277135,0.567975,0.046726,-0.052916,-1.011440,-0.308215,0.002219,0.132101,0.562257,0.026292,-0.598859,-0.200467,0.250921,0.060501,741.364993,1.277009,-1.319944,0.047030,0.065493,1.939364,-0.368285,1.235300,0.024854,0.002222,0.293596,0.033085,-0.427119,0.239168,0.157365,0.108276
0.384355,0.921224,0.387222,0.040881,0.301020,0.645872,-1.244872,0.133735,0.391772,0.027157,0.126746,0.373963,0.381419,-0.118891,0.140014,0.080580,0.012805,1.398756,-1.187045,0.575464,0.054131,-0.233138,-1.232619,0.856021,-0.010339,-0.029017,0.679522,0.097237,-0.324435,-0.349565,0.252157,0.222610,199.685325,1.173938,-1.669838,0.061663,0.259658,1.269691,-0.376546,0.774409,0.140603,0.005154,0.291224,0.197253,-0.411236,0.058083,-0.552131,0.847723
0.384466,1.375729,0.228292,0.005441,0.368587,0.034616,-1.015210,0.022859,-0.456131,0.005119,0.018127,0.022742,0.377856,-0.129415,0.014860,0.018504,0.003526,-0.230216,-1.071769,0.546293,0.025248,-0.072976,-1.292221,-0.318215,0.009892,0.177932,0.476822,0.013755,-0.595388,-0.127702,0.239927,0.063242,129.669392,0.863036,-1.584251,0.004263,0.036104,1.034575,-0.366341,1.350588,0.010844,0.001137,0.091223,0.037405,-0.430856,-0.195013,-0.018469,-0.019352
0.658316,1.079975,0.540380,0.017404,0.406509,0.148630,-1.278719,0.041670,-0.416257,0.007319,0.039666,0.111870,0.460065,-0.119038,0.108632,0.056055,0.008976,-0.014273,-1.135847,0.553846,0.044734,-0.167112,-1.055588,0.047129,0.001083,0.170538,0.700253,0.020070,-0.477941,-0.245046,0.247452,0.122483,179.236229,1.145148,-1.510673,0.025629,0.080669,1.661471,-0.370237,1.030952,0.026022,0.003736,0.309851,0.016618,-0.423575,0.254403,-0.118196,0.162701
-0.699191,0.763035,2.534268,0.203853,0.636984,0.180106,-1.439306,0.781382,0.438257,0.084379,0.216127,0.138432,0.842108,0.684442,0.317558,0.093751,0.088875,-0.069329,-1.452133,0.785264,0.489244,-0.442806,-1.319815,0.581940,-0.561349,-0.277741,0.929832,0.143439,-0.700196,-0.206038,0.547706,0.471898,761.806480,1.318866,-1.665394,0.159030,0.144436,2.068249,-0.761728,-0.859720,0.706252,0.137468,0.362882,0.334160,-0.105409,0.412528,-0.538826,0.148489
-0.699191,0.636457,0.259155,0.285707,0.465980,0.236235,-1.307589,0.480483,0.981203,0.093075,0.342241,0.137124,0.842108,0.684442,0.145788,0.184311,0.116844,-0.006843,-1.321704,0.789174,0.783053,-0.425836,-1.365347,0.804824,-0.561349,-0.282943,0.929832,0.166228,-0.596791,-0.352616,0.413274,0.671032,164.529475,1.208018,-1.727303,0.520499,0.169743,1.038290,-0.944640,-1.072491,0.592112,0.154109,0.228446,0.476282,-0.105409,0.339706,-0.538826,0.084264
-0.351671,0.825311,0.276026,0.306124,0.510218,0.275560,-1.408852,0.235270,0.852200,0.231875,0.209629,0.258426,0.793580,0.831018,0.414491,0.209735,0.258686,0.641942,-1.455694,0.892080,0.737121,-0.426240,-1.524667,0.916529,-0.793118,-0.908520,1.329263,0.305119,0.111226,-0.704328,1.800588,0.189597,141.823018,1.353763,-1.532866,0.378527,0.291612,1.107906,-0.610751,0.287884,0.138350,0.307828,0.302089,0.152316,0.548786,0.830956,-1.056805,0.383413
-0.009595,1.114174,2.861046,0.042762,0.566931,0.274786,-1.496265,0.432136,0.420369,0.035943,0.087430,0.348432,0.679658,-0.094428,0.174754,0.047818,0.009870,-0.035429,-1.581375,0.578641,-0.002207,-0.411117,-1.296737,0.461487,-0.069954,0.041828,1.310018,0.076148,-0.777817,-0.734850,0.264981,0.322262,713.682893,1.398207,-1.502513,0.078652,0.156691,1.473260,-0.400624,0.817983,0.141148,0.008089,0.248118,0.330764,-0.413423,0.346986,-0.418090,0.312668
-0.955294,0.885556,2.951459,0.138674,0.729699,0.222326,-1.218392,0.752615,0.113242,0.112493,0.246497,0.390372,0.979166,0.765730,0.473020,0.171042,0.123082,0.296361,-0.914549,0.703215,0.243258,-0.758228,-1.646895,0.432602,-0.778245,-0.486439,1.406032,0.200095,-0.985221,-0.486949,0.504071,0.366695,897.662449,0.828916,-1.695634,0.141653,0.310148,2.176103,-0.915596,-0.961110,0.709117,0.185650,0.297253,0.297099,0.092062,0.981803,-0.984307,0.513305
-0.955294,0.712070,0.308306,0.184014,0.613196,0.265324,-1.525812,0.653723,0.978840,0.164038,0.361971,0.301571,0.979166,0.765730,0.373881,0.185543,0.137009,0.327342,-1.529749,0.818587,0.833144,-0.758228,-1.662782,0.443898,-0.778245,-0.615857,1.406032,0.223857,-0.982136,-0.357443,0.504071,0.794676,174.542315,1.295449,-1.642530,0.669000,0.283444,1.404988,-1.032138,-1.240008,0.670814,0.214828,0.485793,0.668107,0.092062,1.012437,-0.984307,0.513305
-0.668400,0.685077,0.649886,0.355660,0.602548,0.199297,-1.257516,0.435670,0.978441,0.273026,0.256739,0.252531,0.813475,1.122828,0.445286,0.286528,0.288541,0.745457,-1.079655,0.915062,0.833144,-0.452316,-1.390814,1.356245,-0.753364,-1.030086,1.270964,0.337833,0.165131,-0.741426,1.921547,0.313630,219.784396,1.131540,-1.626807,0.576785,0.269963,1.522092,-0.869220,-0.521905,0.352206,0.385192,0.466933,0.212790,0.750656,1.649531,-1.095462,0.436629
-0.117756,1.012644,2.930097,0.051458,0.580323,0.136854,-0.992153,0.369526,0.441016,0.025226,0.147994,0.268268,0.731582,-0.089327,0.201933,0.138189,0.033380,0.306893,-0.365120,0.596805,0.076414,-0.560403,-1.232364,0.752073,-0.108701,-0.138371,1.270964,0.078469,-0.864990,-0.820636,0.270971,0.295781,741.808214,0.288424,-1.316133,0.056312,0.217488,2.070664,-0.389994,0.698787,0.181088,0.013891,0.457179,0.395539,-0.287429,0.858530,-0.500258,0.436629
-1.064911,0.868488,2.076128,0.283796,0.708130,0.281167,-1.451805,0.718112,0.044814,0.113628,0.267971,0.350748,0.966498,0.748547,0.307099,0.209440,0.146519,0.280139,-1.188174,0.729202,-0.008008,-1.091090,-1.648946,0.751145,-0.844335,-0.606179,0.964389,0.220162,-0.978211,-0.516675,0.524983,0.313132,707.976773,0.911710,-1.555155,0.171635,0.341205,1.666945,-1.257136,-1.026386,0.723258,0.234272,0.462363,0.290951,0.199241,1.607148,-0.990423,0.583395
-1.064911,0.680509,0.278915,0.304960,0.589713,0.271026,-1.565811,0.681203,0.880999,0.188104,0.408742,0.331122,0.966498,0.748547,0.280066,0.227394,0.192151,0.282717,-1.550661,0.845355,0.778968,-1.091090,-1.761156,0.751145,-0.844335,-1.027473,0.905536,0.286221,-0.975542,-0.279993,0.524983,0.557236,176.385066,1.310283,-1.531590,0.650013,0.315426,1.142810,-1.257136,-1.189287,0.652307,0.283609,0.481275,0.647823,0.199241,1.607148,-0.990423,0.583395
-0.347907,0.681494,0.515217,0.441818,0.574737,0.259757,-1.264433,0.405005,0.880488,0.283982,0.242368,0.446578,0.792682,0.810278,0.406460,0.269151,0.397957,1.299861,-1.316138,0.862295,0.778948,-0.672089,-1.418861,0.881259,-0.681076,-1.027845,1.221591,0.326858,0.122545,-0.872287,2.067273,0.264777,181.719998,1.209004,-1.510665,0.522479,0.313240,1.755812,-0.792989,-0.335518,0.285712,0.329110,0.400379,0.172595,0.771287,1.273992,-1.217712,0.633149
-0.006971,1.019046,3.402245,0.028054,0.572908,0.262492,-1.347007,0.400190,0.454511,0.029724,0.097738,0.297902,0.681931,-0.104132,0.202932,0.087105,0.015210,0.391469,-1.249230,0.588124,0.024420,-0.450554,-1.291842,0.659106,-0.084145,-0.057193,1.221591,0.075575,-0.880643,-0.856334,0.263181,0.230933,744.505419,1.194093,-1.553102,0.070422,0.243864,1.301855,-0.372403,0.727631,0.171178,0.006811,0.341893,0.385342,-0.372834,0.805683,-0.411372,0.633149
-0.520367,0.865962,2.238759,0.223724,0.726647,0.367544,-1.461259,0.605323,0.095408,0.104938,0.234422,0.398983,0.980442,0.824852,0.330630,0.193436,0.134394,0.286500,-1.479985,0.717809,-0.020702,-0.875693,-1.617227,0.445036,-0.832759,-0.468984,1.089877,0.193615,-0.992393,-0.470439,0.522505,0.245591,694.810745,1.340256,-1.642376,0.148593,0.315761,2.178939,-1.000521,-1.053219,0.714259,0.204602,0.367551,0.295159,0.323754,1.422153,-0.825998,0.491247
-0.520367,0.727880,0.246513,0.294786,0.586731,0.352390,-1.347995,0.502358,0.900829,0.181251,0.421638,0.328845,0.980442,0.824852,0.322085,0.207216,0.163423,0.289691,-1.302080,0.821961,0.920303,-0.875693,-1.623059,0.445036,-0.832759,-0.876946,1.089877,0.232537,-0.973675,-0.356360,0.522505,0.490475,154.794164,1.245673,-1.920113,0.648499,0.302280,1.177709,-1.000521,-1.280076,0.674263,0.245247,0.625860,0.637726,0.323754,0.839443,-0.825998,0.379210
-0.415279,0.657472,0.865231,0.317248,0.572562,0.411659,-1.404745,0.391506,0.891545,0.217374,0.241009,0.446214,0.790134,0.935110,0.385210,0.216747,0.354894,1.311899,-1.509177,0.631159,0.920303,-0.857255,-1.182483,1.015860,-0.504462,-0.976566,1.059768,0.305517,0.011762,-0.799714,1.099503,0.343525,267.722888,1.314616,-1.755818,0.516569,0.317864,1.200697,-0.785070,-0.364109,0.278471,0.376788,0.362747,0.205923,0.806270,1.019120,-0.803748,0.451280
0.031333,1.055976,3.588803,0.042064,0.555543,0.268963,-1.175631,0.309174,0.338632,0.029606,0.110197,0.288633,0.732227,-0.117900,0.177558,0.060420,0.011878,-0.017248,-1.133575,0.578325,0.021174,-0.303345,-1.195008,0.466722,-0.085511,-0.059120,0.918663,0.076863,-0.852609,-0.822185,0.240014,0.339250,818.194998,1.068353,-1.582176,0.108525,0.230661,1.932114,-0.371402,0.700964,0.190337,0.006562,0.292448,0.364793,-0.402121,0.552646,-0.312978,0.451280
-0.785032,0.884174,2.190769,0.121314,0.714760,0.312221,-1.346511,0.621951,0.015672,0.117184,0.192589,0.432724,0.973426,0.705412,0.335268,0.147493,0.101946,0.276369,-1.160054,0.814733,0.136534,-0.739398,-1.677060,-0.198930,-0.810161,-0.874431,1.189631,0.192252,-0.972526,-0.523042,0.464795,0.236563,711.504128,0.997069,-1.509503,0.165661,0.279692,2.014833,-0.887934,-1.109829,0.766194,0.182121,0.375268,0.258219,0.055139,1.087744,-0.858882,0.448494
-0.785032,0.717410,0.254326,0.199635,0.551255,0.289609,-1.258180,0.557936,0.790921,0.162302,0.423794,0.276810,0.973426,0.705412,0.215560,0.193716,0.135621,0.543927,-1.025236,0.814733,0.956437,-0.739398,-1.634614,0.100490,-0.810161,-0.874431,1.189631,0.251017,-0.940172,-0.223614,0.464795,0.606900,159.612911,1.014142,-1.807275,0.610336,0.326072,1.097643,-0.915317,-1.255084,0.659926,0.227353,0.382449,0.551311,0.055139,0.845373,-0.858882,1.265796
-0.420557,0.805764,1.109712,0.306340,0.567664,0.375035,-1.334357,0.336812,0.701825,0.317088,0.302795,0.396731,0.879460,1.280180,0.399540,0.475462,0.268284,1.130577,-1.150474,1.130734,0.879682,-0.219195,-1.324002,1.847623,-0.508951,-1.031532,1.112571,0.321887,-0.014765,-1.213399,2.816362,0.299007,317.223287,1.203465,-1.827962,0.468256,0.347818,1.233686,-0.670459,0.149711,0.177018,0.428107,0.426545,0.163457,0.799523,1.497187,-1.472658,0.385608
0.043921,1.045005,3.719008,0.027421,0.568382,0.452520,-1.472807,0.353389,0.313727,0.028531,0.097916,0.325823,0.730373,-0.103976,0.138132,0.089487,0.012973,0.314961,-1.536082,0.574713,0.047505,-0.469848,-1.100055,0.547702,-0.081704,-0.019712,0.768129,0.069542,-0.809462,-0.678454,0.272170,0.194677,821.410694,1.388568,-1.512688,0.071631,0.172411,2.199333,-0.392720,0.838189,0.111005,0.008224,0.240272,0.335607,-0.385876,0.489881,-0.221960,0.270956
-0.895167,0.793854,2.503290,0.156549,0.686418,0.454973,-1.519812,0.711622,0.119615,0.102800,0.269547,0.462391,0.917802,0.831445,0.329219,0.197595,0.113315,0.641621,-1.450316,0.803785,0.388243,-0.541571,-1.352948,-0.084102,-0.722875,-0.462488,1.344446,0.171839,-0.989303,-0.468746,0.417581,0.310223,704.212118,1.350875,-1.628673,0.173762,0.224152,2.179045,-0.906060,-1.028684,0.714833,0.186677,0.495432,0.278152,0.071915,0.963822,-0.940206,0.488880
-0.895167,0.657925,0.257776,0.190670,0.494288,0.391402,-1.332400,0.578252,0.765717,0.165673,0.496558,0.379341,0.917802,0.831445,0.159666,0.212600,0.147611,0.827074,-1.260957,0.803785,1.166729,-0.541571,-1.562671,0.521663,-0.722875,-0.537948,1.344446,0.234007,-0.970068,-0.286898,0.417581,0.650950,173.436813,1.218727,-1.823211,0.556137,0.238046,1.106170,-0.939922,-1.105021,0.636081,0.260299,0.628374,0.540272,0.071915,0.506207,-0.940206,0.339688
-0.318923,0.805488,1.274545,0.246122,0.571063,0.505224,-1.358361,0.301980,0.619597,0.289746,0.244033,0.554068,0.841463,1.601862,0.406531,0.380678,0.272863,1.614016,-1.242119,1.023773,1.103283,-0.433924,-1.358373,1.792198,-0.312192,-1.019981,1.061557,0.293796,0.140611,-0.785776,2.242914,0.283959,389.149307,1.112559,-1.623883,0.393921,0.326576,1.984985,-0.603081,0.355388,0.131357,0.402059,0.326232,0.139260,0.488800,0.751103,-1.315422,0.493094
0.240672,0.926834,4.218165,0.039800,0.540555,0.437513,-1.479236,0.223995,0.280836,0.023445,0.090999,0.318222,0.676156,-0.116717,0.141322,0.091526,0.016588,-0.046470,-1.402419,0.575863,0.016312,-0.265078,-1.236418,0.356003,-0.111242,-0.032651,0.771574,0.063739,-0.827317,-0.664479,0.245210,0.243514,1064.944073,1.180979,-1.601173,0.061244,0.245690,1.754210,-0.406449,0.733150,0.115075,0.006113,0.268336,0.342625,-0.398665,0.382071,-0.179328,0.478071
-0.907989,0.770269,2.521687,0.127127,0.653847,0.340295,-1.144574,0.661793,0.119679,0.105723,0.237434,0.444751,0.945451,0.981707,0.298872,0.213495,0.135443,0.355181,-0.747504,0.777405,0.344512,-0.485260,-1.494330,-0.156427,-0.830759,-0.368251,1.055025,0.171881,-0.901164,-0.653575,0.437154,0.283267,838.556875,0.643424,-1.563460,0.174160,0.181861,1.560828,-0.933345,-1.023165,0.684170,0.189172,0.566907,0.287265,0.126867,0.981257,-0.836577,0.341160
-0.907989,0.646137,0.245970,0.147690,0.530609,0.282567,-1.363532,0.585155,0.858051,0.173699,0.463275,0.406417,0.945451,0.981707,0.172049,0.234734,0.175261,0.906747,-1.352971,0.777405,1.204556,-0.485260,-1.630505,0.046097,-0.830759,-0.768289,1.055025,0.224909,-0.885991,-0.325055,0.437154,0.760483,163.829421,1.265648,-1.719143,0.589719,0.210259,1.086094,-0.934937,-1.135085,0.594987,0.226081,0.827240,0.562898,0.126867,0.769986,-0.836577,0.341160
-0.147301,0.678326,1.198631,0.280752,0.554603,0.505621,-1.307368,0.264479,0.807092,0.236351,0.357900,0.432956,0.801162,0.525624,0.316088,0.284091,0.192538,1.089850,-1.263806,0.670185,1.204556,-0.230645,-1.506501,1.210860,-0.286511,-1.003808,0.996020,0.263406,-0.034930,-0.732638,1.219294,0.282446,337.392001,1.257726,-1.677969,0.460436,0.267162,2.161865,-0.639183,-0.127537,0.223228,0.268957,0.451488,0.201135,0.260703,1.001466,-0.943121,0.485689
0.167424,0.922265,3.389411,0.050658,0.564981,0.485810,-1.508308,0.305696,0.263235,0.027977,0.139678,0.249229,0.672272,-0.120758,0.145451,0.085396,0.017649,0.276118,-1.657982,0.571615,0.029956,-0.366404,-0.960077,0.626467,-0.067309,0.008845,0.996020,0.087336,-0.814718,-0.662773,0.258044,0.136927,868.737647,1.444393,-1.482476,0.044110,0.160682,2.228790,-0.396896,0.696237,0.118583,0.004891,0.299341,0.301713,-0.400140,0.378607,-0.310643,0.267478
-0.448375,0.775475,1.562315,0.173002,0.678334,0.477813,-1.284374,0.529893,0.074012,0.086999,0.240367,0.375379,1.021793,0.766272,0.317731,0.139161,0.110142,0.208786,-1.165740,0.770916,0.308992,-0.735560,-1.472278,0.129895,-0.846193,-0.563595,0.792349,0.186032,-0.943242,-0.467907,0.466970,0.350038,540.889456,1.034189,-1.533794,0.165816,0.224984,1.207306,-0.737611,-0.970836,0.648493,0.183431,0.506589,0.274742,0.114418,1.340725,-1.017598,0.311695
-0.448375,0.669188,0.247124,0.223416,0.571881,0.285302,-1.292799,0.474858,0.831032,0.136722,0.412491,0.308908,1.021793,0.766272,0.264885,0.184415,0.148242,0.519978,-1.340627,0.799069,0.956931,-0.735560,-1.654468,0.562511,-0.846193,-0.563595,0.786478,0.194080,-0.915981,-0.291421,0.466970,0.751771,160.422215,1.217977,-1.678220,0.628713,0.254978,1.176396,-0.915050,-1.163714,0.611937,0.196380,0.445090,0.595406,0.114418,0.535814,-1.017598,2.017141
-0.409657,0.676784,0.940120,0.281060,0.546418,0.234439,-1.429756,0.389576,0.784804,0.308487,0.284097,0.394368,0.845222,0.870244,0.452553,0.309988,0.269444,0.931194,-1.420143,1.019030,0.956931,-1.080833,-1.504701,1.571199,-0.476006,-1.038918,1.423991,0.311440,0.008001,-1.051817,2.466574,0.396347,260.830284,1.324304,-1.802747,0.513787,0.370179,1.630285,-0.771840,-0.445844,0.322619,0.362590,0.376090,0.177876,0.444764,0.936233,-1.018438,1.048336
-0.137804,1.035275,2.959799,0.072332,0.588795,0.225634,-1.402936,0.414748,0.380684,0.037264,0.140911,0.407104,0.686891,-0.073267,0.213201,0.147114,0.032347,0.821124,-1.210322,0.592912,0.137094,-0.460690,-1.320152,0.569615,-0.137487,-0.330238,1.423991,0.133360,-0.823027,-1.051817,0.305920,0.239331,700.857341,1.017479,-1.605005,0.035303,0.295498,2.133631,-0.420379,0.699208,0.127134,0.015235,0.307334,0.351138,-0.344541,0.480738,-0.432235,1.048336
-0.647341,0.823461,1.925675,0.248554,0.714498,0.397640,-1.394920,0.602409,0.064810,0.109730,0.284840,0.218473,0.983455,0.923384,0.320248,0.127277,0.120591,-0.143684,-1.071874,0.737092,0.120308,-0.968222,-1.472903,1.343842,-0.918710,-0.454522,0.832031,0.203896,-0.940148,-0.531344,0.600551,0.407899,594.347505,0.974645,-1.561598,0.150046,0.281272,2.094027,-0.985742,-0.938215,0.675064,0.219431,0.642888,0.282122,0.181377,1.577328,-0.901898,0.425704
-0.647341,0.679897,0.237385,0.309346,0.589102,0.450404,-1.403001,0.517312,0.973044,0.165998,0.434383,0.281635,0.983455,0.923384,0.319817,0.228659,0.154114,0.147399,-1.437477,0.843693,0.868058,-0.968222,-1.615531,1.372192,-0.918710,-0.576567,0.868743,0.211304,-0.940106,-0.463925,0.600551,0.794913,155.713005,1.261406,-1.611065,0.648971,0.236615,1.090374,-0.985742,-1.128667,0.607290,0.236974,0.704641,0.659141,0.181377,1.457677,-0.932736,0.242539
-0.502934,0.724969,1.342494,0.443706,0.599915,0.372152,-1.379366,0.365832,0.973044,0.289474,0.333642,0.333047,0.834387,0.911301,0.342242,0.377477,0.292340,0.689651,-1.405586,0.960820,0.868058,-0.427501,-1.380157,1.033071,-0.680621,-1.027319,0.906826,0.328408,0.089121,-0.847279,2.622906,0.399003,339.451669,1.384158,-1.674959,0.560715,0.342338,2.201031,-0.743458,-0.552813,0.381565,0.361907,0.370243,0.231370,0.747524,1.540257,-1.355524,0.750095
-0.069629,0.996274,3.303076,0.063644,0.573500,0.226411,-1.300718,0.387959,0.391332,0.029180,0.178634,0.310487,0.676700,-0.107476,0.138408,0.158666,0.027930,0.269871,-1.244406,0.580719,0.026542,-0.468319,-1.178164,0.775497,-0.135318,-0.135786,0.959873,0.065231,-0.850506,-0.703266,0.266038,0.262861,777.673015,1.239075,-1.650082,0.042408,0.257972,1.971070,-0.379660,0.775124,0.115104,0.007217,0.242190,0.352223,-0.279108,0.605206,-13.117031,0.750095
-0.739441,0.805026,1.740290,0.224929,0.680135,0.394066,-1.516019,0.659427,0.057234,0.090794,0.257139,0.340241,0.925496,0.721164,0.282127,0.148842,0.121682,0.100445,-1.606563,0.796256,0.203672,-0.847267,-1.438981,0.676452,-0.786491,-0.542117,0.959873,0.188724,-0.977487,-0.506979,0.551097,0.306939,595.494874,1.394587,-1.585113,0.169129,0.295343,1.700771,-0.963799,-0.993651,0.683861,0.204265,0.457597,0.295215,0.146610,1.577632,-13.117031,0.484389
-0.739441,0.678407,0.243263,0.250456,0.532673,0.367950,-1.294363,0.560985,0.844741,0.134363,0.441541,0.275659,0.925496,0.721164,0.192413,0.167867,0.161332,0.541513,-1.316863,0.822241,0.886104,-0.847267,-1.655608,0.676452,-0.786491,-0.652279,0.832552,0.238302,-0.977440,-0.251696,0.551097,0.532541,158.510186,1.166145,-1.768289,0.592828,0.227718,0.968531,-0.963799,-1.163630,0.616194,0.223006,0.421260,0.590854,0.146610,0.834229,-1.034135,0.222289
-0.486850,0.773510,0.775344,0.367644,0.566427,0.165564,-1.345326,0.363709,0.728067,0.260577,0.242560,0.412017,0.834047,1.542924,0.384236,0.262530,0.342529,0.841310,-1.330780,0.774782,0.886104,-0.510897,-1.404979,1.148441,-0.943912,-0.796796,1.144527,0.289073,0.043050,-0.693523,2.511074,0.274929,265.639196,1.257828,-1.829720,0.432936,0.335411,1.633298,-0.612041,0.152295,0.159125,0.371604,0.291809,0.147679,1.018235,1.535756,-1.228088,0.672914
0.082162,1.021342,2.535304,0.047211,0.563255,0.282060,-1.267041,0.416159,0.264422,0.029655,0.097722,0.251475,0.622399,-0.119549,0.132647,0.071291,0.012579,-0.138704,-1.090163,0.575718,0.025910,-0.453642,-1.232952,0.351107,-0.079928,0.013173,0.816168,0.062803,-0.909243,-0.757239,0.253287,0.344366,667.397586,1.123101,-1.481573,0.021315,0.185776,1.786901,-0.370627,0.755413,0.133530,0.005469,0.191560,0.354998,-0.377773,0.914067,-0.433212,0.548420
-0.850504,0.665945,0.244094,0.302317,0.525733,0.416492,-1.350590,0.530253,0.748411,0.125228,0.387940,0.253087,0.932401,0.915561,0.148138,0.204099,0.154958,0.486317,-1.235805,0.860624,0.831334,-0.633876,-1.254071,0.544791,-0.789860,-0.513128,0.813435,0.203460,-1.041044,-0.300803,0.590761,0.878990,161.986337,1.140470,-1.711286,0.570719,0.222017,1.094884,-0.988644,-1.209297,0.645584,0.207460,0.723748,0.573855,0.298708,0.846354,-1.237693,0.293057
0.302991,1.306954,0.252893,0.015456,0.388138,0.542358,-0.961028,0.070256,-0.248370,0.014804,0.050773,0.137318,0.419126,-0.128632,0.158144,0.038324,0.005605,-0.021522,-0.933510,0.559643,0.027455,-0.175224,-0.936153,-0.403179,-0.006547,0.060903,0.634873,0.044254,-0.638477,-0.308772,0.237503,0.232868,167.830757,0.830167,-1.576946,0.015143,0.100933,1.096197,-0.370764,1.171171,0.047636,0.002514,0.278044,0.083648,-0.416634,0.243760,-0.071401,0.251054
0.580101,1.283302,0.235191,0.001008,0.370439,0.028585,-0.691888,0.019073,-0.575248,0.002178,0.004140,0.016275,0.374877,-0.134049,0.012411,0.005922,0.001224,-0.217200,-1.074168,0.545037,0.017250,-0.037922,-0.814420,-0.353106,0.012779,0.194869,0.427390,0.007111,-0.615513,-0.113546,0.228945,0.022624,132.348774,0.606177,-1.656605,0.002230,0.010397,1.061333,-0.363978,1.270293,0.006641,0.000691,0.063857,0.010190,-0.430297,0.148409,-0.007105,-0.048721
0.528500,1.286383,2.638443,0.012366,0.399734,0.179291,-1.039067,0.067343,-0.616847,0.012087,0.022992,0.167896,0.436235,-0.117984,0.085573,0.028452,0.006682,0.223752,-0.956606,0.554999,0.021071,-0.084030,-0.962380,-0.324517,-0.013435,0.145446,0.577935,0.029834,-0.698565,-0.197900,0.246307,0.049074,651.564193,0.852812,-1.474986,0.031862,0.030636,0.710665,-0.382779,1.237758,0.021780,0.002732,0.154823,0.014914,-0.427346,0.430492,0.123747,0.028519
0.273921,1.026394,0.802493,0.036161,0.287671,0.508702,-1.328687,0.186036,0.541749,0.028833,0.095604,0.299534,0.342662,-0.116968,0.123769,0.124666,0.019566,1.077028,-1.139818,0.564729,0.071115,-0.143374,-1.089895,0.746068,0.002883,0.031372,0.768283,0.087008,0.126707,-0.315863,0.276233,0.117608,289.243363,1.078419,-1.582019,0.039528,0.207209,1.699892,-0.382441,0.716704,0.138477,0.007975,0.274366,0.107473,-0.395005,0.046782,-0.726055,0.788603
0.327283,1.330537,0.257640,0.018551,0.357838,0.080166,-0.949302,0.040937,-0.308569,0.015764,0.028454,0.194146,0.387825,-0.126138,0.063282,0.025192,0.006182,-0.061477,-1.172785,0.565549,0.048157,-0.085388,-1.581945,-0.156470,0.005210,-0.007881,0.505304,0.075214,-0.510797,-0.408536,0.244617,0.088109,130.097548,0.864567,-1.719124,0.037043,0.088843,1.145194,-0.368635,1.166192,0.052751,0.002107,0.148945,0.046160,-0.423371,-0.104778,-0.051337,0.157305
0.705335,1.087735,0.282510,0.030063,0.381463,0.266967,-1.298634,0.021652,-0.395353,0.006982,0.043965,0.115824,0.438575,-0.118825,0.122115,0.052696,0.010278,-0.002497,-1.089558,0.547443,0.090888,-0.114165,-1.314306,0.027795,0.007384,0.161376,0.707227,0.015561,-0.510804,-0.247693,0.255489,0.093604,130.696232,1.243694,-1.511119,0.028795,0.090972,1.227211,-0.370409,1.006604,0.054154,0.004453,0.407043,0.036917,-0.432521,0.404429,-0.096395,0.145854
-0.241355,0.834730,2.549069,0.215621,0.680186,0.376900,-1.363094,0.644552,0.413656,0.093297,0.169068,0.374237,0.929007,0.541541,0.388378,0.126110,0.075095,0.170150,-1.322238,0.838204,0.320722,-0.805565,-1.416494,0.807054,-0.597003,-0.465795,1.209157,0.188454,-0.658588,-0.280481,0.571414,0.604238,745.513251,1.261395,-1.692947,0.181981,0.234257,2.769837,-0.637100,-1.062918,0.747621,0.132107,0.601988,0.331051,0.059791,0.551422,-0.751255,0.304628
-0.241355,0.716374,0.227343,0.284519,0.524173,0.269342,-1.204070,0.365640,1.078123,0.105583,0.259230,0.219743,0.929007,0.541541,0.240464,0.152190,0.107502,0.170150,-1.070267,0.842527,0.770520,-0.805565,-1.561831,0.807054,-0.597003,-0.317504,1.209157,0.184115,-0.549580,-0.489083,0.478760,0.862864,152.789831,1.023612,-1.901582,0.581439,0.251233,1.032619,-0.933981,-1.242479,0.627519,0.159527,0.281090,0.486781,0.059791,0.403981,-0.751255,0.293462
-0.313495,0.805501,0.265867,0.288853,0.538730,0.352681,-1.284039,0.254417,0.978961,0.214560,0.205155,0.350174,0.799130,0.681219,0.377942,0.224540,0.230236,0.826765,-1.370723,0.736295,0.761287,-0.373427,-1.499362,1.100633,-0.709091,-0.679410,1.182756,0.321360,0.092959,-0.704603,1.746674,0.261821,134.662254,1.303260,-1.592360,0.464775,0.322230,1.079136,-0.737758,-0.144626,0.260202,0.300734,0.287234,0.188286,0.365108,0.719891,-0.654226,0.378370
-0.147436,1.096046,3.064411,0.050751,0.572565,0.287063,-1.379829,0.406219,0.401900,0.033375,0.082675,0.290844,0.685158,-0.083596,0.191926,0.067935,0.015080,0.057365,-1.369431,0.574884,0.023590,-0.428764,-1.275404,0.553546,-0.099014,0.075279,1.162648,0.084910,-0.833512,-0.703867,0.273772,0.439567,781.642129,1.336647,-1.710161,0.057830,0.143620,1.200227,-0.387561,0.811068,0.155268,0.010419,0.240362,0.354422,-0.395628,0.361036,-0.397859,0.338875
-0.803289,0.896919,2.761022,0.122030,0.719442,0.260702,-0.942673,0.663720,0.066524,0.105721,0.204490,0.403621,0.991473,0.640824,0.426726,0.155959,0.112902,0.294649,-0.495276,0.726026,0.268131,-0.698174,-1.596808,0.573361,-0.753427,-0.592791,1.043132,0.205392,-1.001824,-0.468981,0.519352,0.426260,874.143575,0.400885,-1.726834,0.163608,0.345766,2.136381,-0.946317,-0.962392,0.715011,0.179308,0.302567,0.284463,0.053566,0.706632,-0.810402,0.537285
-0.803289,0.693995,0.285843,0.181625,0.580587,0.323208,-1.324903,0.598690,0.891608,0.155881,0.308881,0.288600,0.991473,0.640824,0.323894,0.159440,0.130547,0.294649,-1.248176,0.818535,0.706464,-0.698174,-1.626075,0.622275,-0.753427,-0.652491,1.043132,0.206432,-0.995631,-0.355893,0.519352,0.736574,183.657118,1.170223,-1.665580,0.641313,0.305619,1.087213,-0.964124,-1.219802,0.640468,0.195881,0.382103,0.626362,0.053566,0.836736,-0.810402,0.495923
-0.263559,0.703917,0.765796,0.370444,0.591237,0.264841,-1.235569,0.349307,0.865714,0.278940,0.263518,0.337978,0.815616,1.076663,0.388522,0.252275,0.281493,0.731961,-1.091475,0.780039,0.706464,-0.642939,-1.343431,1.156881,-0.531120,-1.029002,1.031427,0.324284,0.054083,-0.781597,2.054481,0.317957,245.956214,1.072426,-1.906998,0.539367,0.268079,1.772591,-0.788511,-0.348380,0.306963,0.402174,0.342018,0.201284,0.723987,1.489738,-0.846750,0.526904
0.001433,0.958951,2.984516,0.044958,0.577730,0.240730,-1.243454,0.350991,0.376858,0.028383,0.168611,0.207999,0.684930,-0.112785,0.136371,0.111665,0.018349,-0.041959,-1.171417,0.578454,0.063637,-0.470924,-1.165402,0.516214,-0.113302,-0.061002,0.952881,0.040528,-0.841127,-0.691678,0.263336,0.301322,733.921413,0.933142,-1.569928,0.039250,0.204112,2.108369,-0.377271,0.769587,0.123849,0.008733,0.267977,0.356396,-0.345108,0.627454,-0.408434,0.451996
-0.902273,0.789355,1.794786,0.303987,0.688956,0.316607,-1.438970,0.700635,0.099213,0.100607,0.237606,0.291368,0.926019,0.625913,0.312857,0.151066,0.135786,0.027117,-1.519714,0.701469,-0.028051,-0.834284,-1.426589,0.689192,-0.766039,-0.499814,0.916463,0.169796,-0.956644,-0.460533,0.524040,0.306669,584.312434,1.425976,-1.463682,0.144901,0.253063,2.195654,-1.142555,-0.984879,0.661579,0.187903,0.454599,0.288700,0.242000,1.545821,-0.834094,0.451996
-0.902273,0.665176,0.240448,0.342798,0.571438,0.287629,-1.281242,0.583625,0.889593,0.172952,0.436581,0.398443,0.926019,0.625913,0.243574,0.186008,0.173269,0.619823,-1.118996,0.831561,0.935936,-0.834284,-1.440894,0.726089,-0.766039,-1.033084,0.916463,0.215608,-0.956426,-0.383554,0.524040,0.594160,159.653168,1.182558,-1.549798,0.630189,0.235534,1.164248,-1.142555,-1.136206,0.627464,0.223527,0.455121,0.623756,0.242000,0.761152,-0.834094,0.255138
-0.431124,0.634045,0.564748,0.274586,0.598869,0.322015,-1.298043,0.365561,0.877023,0.216549,0.284987,0.452992,0.840010,1.085199,0.390391,0.203687,0.285946,1.028260,-1.329816,0.661279,0.935936,-0.831240,-1.490254,0.787356,-0.776391,-1.033084,1.195272,0.353531,0.211803,-0.831400,0.938660,0.248833,183.654346,1.219256,-1.757932,0.545305,0.352263,1.355416,-0.817560,-0.365602,0.278254,0.376872,0.311308,0.156815,0.382629,0.776773,-0.778392,0.730350
0.145247,0.974922,3.127808,0.035317,0.555117,0.292756,-1.264662,0.356802,0.390196,0.019289,0.093624,0.291887,0.723122,-0.098585,0.199285,0.078503,0.018655,0.188154,-1.134889,0.588112,0.073621,-0.428875,-1.153097,0.648612,-0.090054,-0.048654,1.195272,0.107795,-0.831812,-0.840774,0.272731,0.359217,703.984925,0.907054,-1.483361,0.088620,0.226181,2.202017,-0.373777,0.583107,0.223384,0.007102,0.274986,0.390623,-0.337753,0.610806,-0.423387,0.730350
-0.377400,0.857207,2.238810,0.163007,0.720648,0.377262,-1.499143,0.599818,0.074221,0.112664,0.203539,0.411790,0.981717,1.016068,0.357574,0.138528,0.122982,0.435290,-1.419862,0.722883,0.017359,-0.737876,-1.553448,0.240860,-1.018318,-0.519140,1.083918,0.187244,-0.999090,-0.467185,0.512225,0.368572,697.348635,1.224017,-1.615966,0.172097,0.242731,2.003005,-0.940827,-1.050205,0.730751,0.210380,0.332274,0.279803,0.186492,1.232848,-0.966058,0.437546
-0.377400,0.715378,0.269713,0.239182,0.589613,0.379966,-1.125760,0.448377,0.944920,0.186285,0.406073,0.355720,0.981717,1.016068,0.303706,0.203779,0.174031,0.718435,-0.748659,0.791979,0.885393,-0.737876,-1.795251,0.700537,-1.018318,-0.909185,1.083918,0.243226,-0.998863,-0.414909,0.512225,0.648741,163.211534,0.728293,-1.951141,0.654261,0.239747,1.117945,-0.940827,-1.258700,0.654747,0.247273,0.354443,0.640755,0.186492,0.657396,-0.966058,0.437546
-0.396018,0.711071,0.693167,0.380979,0.544432,0.427151,-1.226050,0.322227,0.840138,0.295768,0.362846,0.417653,0.814981,0.836283,0.318126,0.267356,0.303757,0.862243,-1.237656,0.895727,0.885393,-0.645986,-1.357814,1.062553,-0.687706,-0.915860,1.002967,0.299179,-0.038892,-0.792211,2.136503,0.298931,224.696235,1.234272,-1.724299,0.457371,0.354039,1.746308,-0.755748,-0.175683,0.237942,0.334961,0.332325,0.187425,0.780513,0.844562,-0.939040,0.577543
0.051841,1.049135,3.686627,0.058512,0.546489,0.262261,-1.126894,0.308499,0.298678,0.033072,0.154002,0.236109,0.730747,-0.126270,0.129665,0.134280,0.018629,-0.003112,-1.185208,0.581556,0.062826,-0.467151,-1.298559,0.262899,-0.100267,0.019540,0.852330,0.074649,-0.850581,-0.826670,0.254948,0.223569,873.052439,1.171224,-1.532019,0.091610,0.236481,1.959840,-0.384166,0.729302,0.163887,0.009043,0.250427,0.320411,-0.373627,0.690228,-0.277523,0.545673
-0.535295,0.860343,1.983252,0.132453,0.724015,0.292461,-1.408338,0.581261,-0.028042,0.111689,0.153958,0.515858,1.021365,0.925097,0.293268,0.142288,0.110881,0.640477,-1.454784,0.808291,0.066185,-0.584166,-1.351720,-0.241358,-0.959650,-1.036187,0.763044,0.244891,-0.951810,-0.473025,0.505969,0.273119,680.088562,1.369053,-1.496112,0.172072,0.198992,1.751224,-0.871622,-1.116047,0.742597,0.192676,0.640087,0.246040,0.220750,1.369640,-0.797753,0.347936
-0.535295,0.697064,0.272679,0.237241,0.549311,0.443255,-1.369368,0.459171,0.688778,0.152692,0.426719,0.449341,1.021365,0.925097,0.204598,0.229887,0.145697,0.919844,-1.321121,0.816252,1.091970,-0.584166,-1.492172,0.711198,-0.959650,-0.412305,0.844235,0.275572,-0.935882,-0.181372,0.505969,0.597637,180.623388,1.215638,-1.657996,0.609132,0.275690,1.219534,-0.906041,-1.227469,0.659838,0.246292,0.622501,0.532476,0.220750,0.562866,-0.817261,0.360507
-0.312093,0.812572,1.112044,0.288227,0.565579,0.346567,-1.322683,0.274676,0.675121,0.267310,0.310869,0.496340,0.855547,1.291412,0.343513,0.433573,0.220853,0.997955,-1.389000,0.897885,0.862147,-0.375905,-1.416720,1.771531,-0.316532,-0.853497,1.203516,0.279920,0.078398,-1.008363,2.535312,0.253235,277.605997,1.248413,-1.754975,0.454815,0.350891,1.497344,-0.669506,0.259134,0.161813,0.380691,0.238582,0.134106,0.283861,0.991378,-0.929061,0.389683
0.076805,1.054542,3.604782,0.036006,0.534924,0.389738,-1.180534,0.288735,0.357392,0.019334,0.106469,0.226255,0.722664,-0.114928,0.188250,0.109210,0.012590,-0.098742,-1.280737,0.564956,0.064559,-0.375905,-1.058157,0.658255,-0.085845,-0.035577,0.970811,0.062078,-0.872532,-0.758976,0.247923,0.209007,844.880028,1.080283,-1.434429,0.085795,0.168613,2.044549,-0.396531,0.764431,0.169091,0.005649,0.389973,0.354173,-0.392867,0.401575,-0.284072,0.389683
-0.729044,0.864754,2.080403,0.148285,0.700781,0.283759,-1.350002,0.605824,0.087162,0.102883,0.183668,0.549073,0.916608,0.765091,0.283689,0.181166,0.098473,0.875076,-1.473560,0.784198,0.050802,-0.701836,-1.577282,-0.147743,-0.840136,-0.727769,0.952271,0.211691,-0.909803,-0.427148,0.421657,0.229465,687.629678,1.292710,-1.535729,0.179507,0.254080,2.319459,-0.921235,-1.092893,0.764486,0.196842,0.618286,0.270163,0.112877,1.069846,-0.928062,0.468954
-0.729044,0.671657,0.250305,0.181722,0.545173,0.359033,-1.394948,0.489722,0.743774,0.175430,0.403777,0.450149,0.916608,0.765091,0.225234,0.212535,0.137360,0.875076,-1.404170,0.784198,1.063142,-0.701836,-1.658895,0.338350,-0.840136,-0.727769,0.952271,0.261660,-0.907495,-0.306934,0.421657,0.625751,163.597221,1.277112,-1.751811,0.609063,0.278271,1.241900,-0.921235,-1.157917,0.632390,0.252516,0.740736,0.546173,0.112877,0.600956,-0.928062,0.468954
-0.380774,0.781880,1.610696,0.286151,0.551429,0.473594,-1.494723,0.302950,0.709460,0.321322,0.358177,0.466303,0.873524,1.279401,0.378826,0.428633,0.278014,1.053806,-1.265206,1.087762,1.038922,-0.299838,-1.384546,1.729841,-0.525964,-1.035981,1.064377,0.306816,0.049215,-0.911103,2.309598,0.386040,439.307386,1.133693,-1.483875,0.445782,0.283066,2.124672,-0.669109,0.072499,0.186413,0.422480,0.360385,0.148052,0.639952,1.060435,-0.937799,0.343782
0.100894,1.026397,3.998753,0.046539,0.557816,0.463355,-1.686075,0.283667,0.383614,0.025891,0.168221,0.346179,0.678073,-0.102196,0.195984,0.145159,0.021119,0.492443,-1.768885,0.573752,0.047714,-0.328188,-1.177694,0.339197,-0.101676,-0.110510,1.860068,0.073462,-0.693702,-0.667526,0.254325,0.139265,1016.178051,1.584187,-1.643907,0.039217,0.202753,1.969824,-0.411847,0.801955,0.111875,0.007089,0.232873,0.300192,-0.379346,0.356661,-0.257772,0.329257
-0.734733,0.825537,1.862109,0.164267,0.678399,0.420604,-1.494386,0.564542,0.093441,0.101656,0.239380,0.496182,1.018445,0.919898,0.286111,0.190236,0.125169,0.428435,-1.624544,0.820483,0.451298,-0.531448,-1.574772,-0.203225,-0.761990,-0.481332,1.016467,0.202685,-0.851585,-0.425361,0.413532,0.182379,652.017549,1.387236,-1.571555,0.160407,0.193369,2.222420,-0.758113,-1.047926,0.711213,0.168953,0.694529,0.248257,0.067540,0.885749,-0.767865,0.487229
-0.734733,0.676552,0.252575,0.145098,0.549459,0.325644,-1.334840,0.517565,0.777353,0.159040,0.464868,0.514012,1.018445,0.919898,0.262837,0.216514,0.172829,0.664334,-1.195580,0.823977,1.227645,-0.531448,-1.614554,-0.224305,-0.761990,-0.481332,1.016467,0.212747,-0.851581,-0.307303,0.413532,0.737505,164.598196,1.039497,-1.813447,0.608308,0.218575,1.150355,-0.912415,-1.197252,0.615713,0.206326,0.821114,0.558820,0.067540,0.766802,-0.767865,0.487229
-0.273815,0.675161,1.036611,0.314409,0.554057,0.344990,-1.319649,0.313785,0.748944,0.258068,0.399222,0.295147,0.819198,0.803804,0.322797,0.314582,0.232256,1.206385,-1.183299,0.868202,1.227645,-0.216556,-1.327853,1.391426,-0.292729,-0.753687,1.071627,0.289503,0.058392,-0.759177,1.732648,0.380348,287.938699,1.198459,-1.879010,0.494078,0.243593,2.162008,-0.724997,-0.241186,0.250484,0.329276,0.447303,0.150154,0.452103,1.439769,-1.198742,0.435352
0.033037,0.990688,3.710284,0.042969,0.567140,0.318986,-1.439761,0.321710,0.420269,0.027292,0.167495,0.439530,0.682696,-0.103073,0.159743,0.127308,0.021266,0.805095,-1.388566,0.595259,0.074178,-0.376386,-1.096095,0.620221,-0.075235,-0.006395,1.071627,0.099678,-0.832207,-0.732932,0.258163,0.309884,932.932522,1.173149,-1.551953,0.037701,0.196526,2.140088,-0.402790,0.688580,0.144944,0.008160,0.391491,0.356228,-0.389814,0.527501,-0.290711,0.435352
-0.648762,0.820043,1.862271,0.198745,0.697468,0.402338,-1.530965,0.585689,0.054582,0.089903,0.275974,0.390396,1.013678,0.764471,0.282756,0.137971,0.127777,0.283992,-1.590223,0.743158,0.382435,-0.662425,-1.461417,0.438726,-0.877861,-0.418606,0.843149,0.173592,-0.948566,-0.515151,0.403772,0.364771,664.655337,1.370971,-1.520029,0.157583,0.265133,2.072521,-0.804558,-0.861425,0.654390,0.177306,0.420338,0.273799,0.164963,1.353026,-0.856745,0.348181
-0.648762,0.649771,0.254762,0.239132,0.580068,0.345677,-1.299144,0.541967,0.903595,0.151001,0.464172,0.339295,1.013678,0.764471,0.271760,0.191946,0.166542,0.531612,-1.197680,0.791810,1.044386,-0.662425,-1.541027,0.642915,-0.877861,-0.418606,0.768346,0.180399,-0.931921,-0.393927,0.403772,0.905281,159.380445,1.138710,-1.846638,0.637643,0.226762,1.136124,-0.932470,-1.127969,0.608143,0.193928,0.355193,0.616201,0.164963,0.687073,-0.877130,0.348181
-0.585026,0.693134,0.623412,0.396328,0.575434,0.239769,-1.232098,0.411211,0.901972,0.339306,0.365385,0.494048,0.819807,1.245399,0.423196,0.357226,0.300938,1.395995,-1.275205,1.014585,1.044386,-0.503981,-1.465381,1.119790,-0.367957,-1.039731,1.206725,0.310334,0.103196,-0.908499,2.267017,0.353322,224.068712,1.165515,-1.779136,0.538254,0.327427,1.774080,-0.775566,-0.460732,0.342909,0.381075,0.290501,0.190714,0.566471,0.933476,-1.203909,0.752909
-0.060038,0.933970,2.355594,0.050312,0.583552,0.325023,-1.330524,0.364850,0.432906,0.028765,0.144409,0.391313,0.700608,-0.089875,0.196763,0.138397,0.024737,0.755973,-1.500481,0.600620,0.066129,-0.503981,-1.234622,0.654309,-0.112609,-0.524779,1.206725,0.088056,-0.825848,-0.853944,0.271508,0.254694,639.004985,1.376861,-1.518816,0.053018,0.244877,1.843496,-0.394913,0.751330,0.116828,0.010803,0.329561,0.366837,-0.332740,0.507973,-0.452204,0.752909
-0.341400,0.788988,1.558089,0.226083,0.704222,0.367883,-1.360246,0.523650,0.159972,0.100033,0.272316,0.199343,0.981077,0.807160,0.328145,0.157746,0.087680,-0.174690,-1.196998,0.777097,0.043745,-0.945212,-1.267903,0.821307,-0.847860,-0.512636,0.892991,0.199421,-0.931086,-0.583559,0.480957,0.439544,561.543857,1.062904,-1.588142,0.154583,0.244862,1.691880,-0.726009,-0.940924,0.647909,0.184980,0.409339,0.310173,0.000201,1.473239,-0.877501,0.296804
-0.341400,0.659606,0.267018,0.276073,0.586842,0.470936,-1.456036,0.439820,1.013657,0.146838,0.430331,0.251072,0.981077,0.807160,0.335374,0.241062,0.130401,0.008721,-1.441708,0.841264,0.991633,-0.945212,-1.321056,1.318562,-0.847860,-1.033446,0.896101,0.227655,-0.930256,-0.468691,0.480957,0.836745,169.262675,1.302466,-1.853825,0.646987,0.205935,1.020682,-0.975615,-1.037956,0.604717,0.217021,0.497437,0.641688,0.000201,1.280216,-0.877501,0.223038
-0.575736,0.699674,0.778082,0.477572,0.632877,0.398635,-1.422663,0.397690,1.005770,0.246026,0.382634,0.346500,0.882262,0.922440,0.416636,0.384734,0.317810,0.630588,-1.415460,0.710185,0.991633,-0.852874,-1.434754,1.031335,-0.889119,-1.034286,0.975131,0.361169,0.150646,-0.814610,2.023436,0.311052,287.734080,1.171799,-1.846208,0.580368,0.395508,1.647693,-0.766422,-0.485643,0.342470,0.334817,0.455101,0.233368,0.629535,1.597001,-1.178320,1.090013
0.009415,0.910786,3.096128,0.054496,0.571128,0.232153,-1.445216,0.417959,0.438156,0.032724,0.167228,0.355998,0.703646,-0.109603,0.170054,0.120266,0.019708,0.154298,-1.400276,0.615872,0.016442,-0.611692,-1.176281,0.753983,-0.118470,-0.339718,0.957772,0.072066,-0.869914,-0.764599,0.265722,0.392812,785.605896,1.318006,-1.726380,0.053793,0.364424,2.029606,-0.378117,0.663308,0.138343,0.006988,0.274251,0.387166,-0.325830,0.750186,-0.673071,1.090013
-1.043494,0.783898,2.254113,0.267922,0.685041,0.334435,-1.420380,0.799791,-0.029872,0.110688,0.340304,0.499079,0.932834,0.823243,0.295654,0.227915,0.148889,0.244539,-1.380545,0.825658,0.390340,-0.629536,-1.720859,0.756599,-0.750369,-0.630269,0.957772,0.189721,-1.083536,-0.566706,0.531378,0.419832,721.554559,1.296267,-1.723211,0.173514,0.244354,2.011739,-1.080606,-1.119317,0.687904,0.230640,0.810288,0.274041,0.368464,1.667761,-1.036245,0.529450
-1.043494,0.706389,0.280203,0.278559,0.554008,0.326914,-1.347249,0.680925,0.752486,0.141433,0.461359,0.368941,0.932834,0.823243,0.195834,0.266045,0.172000,0.583769,-1.418794,0.825911,0.825659,-0.629536,-1.592231,0.756599,-0.750369,-0.795441,0.925549,0.209501,-1.064893,-0.238871,0.531378,0.729933,174.388932,1.274406,-1.794298,0.607444,0.159123,1.246323,-1.080606,-1.306602,0.643013,0.247700,0.771440,0.613637,0.368464,0.792071,-1.036245,0.410854
-0.448130,0.720005,0.706000,0.368773,0.612665,0.236634,-1.431623,0.378754,0.719537,0.349229,0.254857,0.410740,0.926652,1.622412,0.303834,0.274005,0.366238,0.953732,-1.561427,0.951439,0.782524,-0.881004,-1.407299,1.557342,-1.044354,-0.857085,0.813714,0.347747,0.167844,-0.779608,2.971281,0.283643,218.101659,1.442338,-1.716275,0.495077,0.394351,1.537754,-0.708173,0.099099,0.201316,0.464927,0.452542,0.115288,1.029534,1.818095,-1.304789,0.847181
0.111513,0.884250,2.658622,0.030182,0.565051,0.301137,-1.340372,0.381762,0.415920,0.024049,0.105524,0.272038,0.682093,-0.102631,0.169074,0.100077,0.021485,-0.118293,-1.172096,0.591245,0.047013,-0.481090,-1.251982,0.519922,-0.097563,0.048482,1.018299,0.061403,-0.893070,-0.750523,0.275861,0.364717,662.851536,1.172042,-1.604793,0.060163,0.208931,1.998376,-0.371544,0.550113,0.199159,0.009670,0.232470,0.386346,-0.319163,0.926807,-0.498178,0.406391
-0.812308,0.692662,0.242579,0.289902,0.531860,0.413276,-1.231623,0.552143,0.841302,0.125177,0.449062,0.302544,0.936021,0.858226,0.208571,0.244009,0.163525,0.366561,-1.103434,0.805491,0.826540,-0.700185,-1.293424,0.661967,-0.887389,-0.496796,0.773317,0.205667,-1.053647,-0.244309,0.496170,0.791183,153.924943,1.044960,-1.661426,0.583290,0.184021,1.098841,-1.041110,-1.282384,0.639683,0.224433,0.876015,0.615743,0.379318,0.635553,-0.915053,0.355235
0.105469,1.281879,0.339475,0.014385,0.401109,0.185248,-1.184146,0.139953,-0.104450,0.020650,0.049402,0.196855,0.450518,-0.130217,0.220798,0.041362,0.006941,0.130200,-1.281611,0.566351,0.021962,-0.132565,-0.962806,-0.351640,-0.013606,0.063615,0.757882,0.058761,-0.594520,-0.281262,0.237740,0.162886,182.620633,1.121152,-1.535923,0.020619,0.085264,1.183030,-0.367516,1.244639,0.022417,0.002391,0.392646,0.121560,-0.418869,0.315956,-0.084944,0.154641
0.542281,1.335127,0.222766,0.000871,0.370514,0.022613,-0.755805,0.022207,-0.588811,0.001832,0.006276,0.019080,0.376279,-0.134514,0.010260,0.005550,0.000994,-0.201766,-1.003060,0.546231,0.067389,-0.039658,-0.963707,-0.348409,0.013133,0.197449,0.425133,0.004493,-0.649126,-0.113141,0.228780,0.043261,123.147588,0.638801,-1.468576,0.002286,0.013452,1.103367,-0.363866,1.310619,0.011579,0.000935,0.065942,0.014070,-0.429379,0.149244,0.008460,-0.060331
0.514599,1.274842,3.493888,0.010454,0.407859,0.334455,-1.601810,0.076531,-0.595807,0.008611,0.024831,0.421253,0.504052,-0.121743,0.075097,0.024920,0.006700,0.527925,-1.685882,0.558314,0.023067,-0.058602,-0.949291,-0.330678,-0.015373,0.124571,0.540551,0.031226,-0.673976,-0.174822,0.258249,0.075344,764.954046,1.551234,-1.407033,0.048361,0.068521,1.154583,-0.381655,1.190421,0.027140,0.002766,0.246612,0.018917,-0.430829,0.427001,0.182052,0.077092
0.510787,0.918868,0.918048,0.015922,0.324738,0.625732,-1.304791,0.065648,0.472160,0.019134,0.084252,0.242648,0.369707,-0.119022,0.094708,0.061696,0.011127,0.689766,-1.301955,0.562077,0.061965,-0.148832,-1.188863,0.503446,0.000842,-0.021127,0.649276,0.043164,0.087857,-0.277964,0.242070,0.099271,309.519830,1.239478,-1.623972,0.040340,0.131599,1.702566,-0.366956,0.757517,0.062735,0.006378,0.280324,0.067130,-0.396961,-0.079598,-0.498486,0.779409
0.460169,1.272501,0.255550,0.011080,0.359354,0.105746,-0.863845,0.036954,-0.425297,0.010745,0.031632,0.152995,0.382397,-0.128102,0.070647,0.020907,0.003762,-0.117624,-1.001887,0.553761,0.042909,-0.072702,-1.434884,-0.169413,0.010033,0.117278,0.533530,0.046317,-0.617034,-0.225724,0.233546,0.103268,132.362397,0.779695,-1.574192,0.026919,0.057602,1.170017,-0.368071,1.141208,0.046136,0.002212,0.172565,0.059930,-0.425924,-0.135082,-0.240856,0.009757
0.853490,0.995779,0.588762,0.037229,0.385699,0.117485,-1.261010,0.022490,-0.387529,0.011784,0.043435,0.134309,0.429320,-0.112022,0.108660,0.050550,0.008706,-0.164338,-1.260436,0.556707,0.051899,-0.113588,-1.348965,0.057167,-0.001217,0.166104,0.718227,0.032941,-0.574388,-0.282650,0.257674,0.118509,178.175394,1.207113,-1.496371,0.020307,0.052208,1.920860,-0.366136,0.907170,0.069377,0.005915,0.249233,0.061293,-0.430318,0.284268,-0.094679,0.088601
-0.774685,0.808326,2.631357,0.158029,0.660199,0.212874,-1.411901,0.822876,0.339710,0.093888,0.205274,0.236248,0.907392,0.628880,0.368919,0.091028,0.090044,0.070942,-1.448983,0.754330,0.370103,-0.672044,-1.322629,0.297326,-0.607294,-0.298339,1.203798,0.187264,-0.806113,-0.232041,0.636790,0.500626,766.551808,1.247903,-1.385569,0.140501,0.209502,2.313468,-0.820398,-0.953573,0.706149,0.142565,0.399878,0.326075,0.047528,0.623325,-0.622860,0.200166
-0.774685,0.667267,0.287594,0.265798,0.520015,0.241322,-1.353695,0.564902,0.998195,0.116527,0.367944,0.173828,0.907392,0.628880,0.215689,0.145197,0.123244,0.074887,-1.384394,0.792009,0.879571,-0.672044,-1.574215,0.624729,-0.607294,-0.411826,1.203798,0.178321,-0.764686,-0.415040,0.390025,0.857039,174.297319,1.257842,-1.762765,0.571626,0.227301,1.193430,-0.990628,-1.136100,0.593234,0.154882,0.391834,0.565633,0.047528,0.500461,-0.622860,0.194222
-0.384816,0.722432,0.610080,0.325606,0.532929,0.482083,-1.448541,0.322116,0.967484,0.179893,0.312391,0.214359,0.793312,0.637778,0.377024,0.198364,0.299299,0.409865,-1.373937,0.643325,0.879571,-0.876939,-1.461187,0.640936,-0.614997,-1.026772,1.166533,0.292892,0.195203,-0.795976,0.929722,0.307398,206.396832,1.319057,-1.779835,0.471938,0.256635,1.073335,-0.655747,-0.271814,0.269151,0.281748,0.457125,0.169231,0.705004,0.814257,-0.911086,0.331531
-0.091478,1.072994,3.289506,0.062929,0.560240,0.205687,-1.448356,0.382439,0.476862,0.028653,0.133528,0.316919,0.663347,-0.097546,0.188762,0.102940,0.019467,-0.035121,-1.433741,0.583112,0.014376,-0.455812,-1.231911,0.639439,-0.158607,-0.043881,1.166533,0.073423,-0.811323,-0.795976,0.266663,0.464289,853.516864,1.282828,-1.581067,0.043163,0.163633,2.160652,-0.387154,0.731529,0.175879,0.007462,0.375946,0.384292,-0.389819,0.542992,-0.369772,0.423643
-0.998984,0.899573,2.563243,0.157997,0.716671,0.310042,-1.431355,0.685797,-0.005470,0.108085,0.231774,0.455363,1.003471,0.676395,0.389251,0.146405,0.128314,0.370702,-1.299524,0.695464,0.269238,-0.749996,-1.659029,0.386533,-0.712598,-0.501539,1.088064,0.192909,-1.036835,-0.531469,0.544080,0.507101,851.313264,1.121325,-1.619983,0.159939,0.325473,2.167879,-0.928678,-0.941574,0.695377,0.186829,0.411279,0.276162,0.111171,0.886249,-1.023632,0.423643
-0.998984,0.701312,0.273778,0.221333,0.599006,0.283259,-1.389658,0.649134,0.879700,0.165905,0.353287,0.352113,1.003471,0.676395,0.339937,0.161521,0.141268,0.506931,-1.369076,0.834623,0.889488,-0.749996,-1.722098,0.458759,-0.712598,-0.538071,1.088064,0.222030,-1.036835,-0.330756,0.544080,0.873712,173.885411,1.259925,-1.934019,0.657747,0.275524,1.046231,-0.971628,-1.224199,0.667066,0.211146,0.468707,0.662151,0.111171,0.791465,-1.023632,0.412849
-0.084193,0.661142,1.275091,0.345852,0.598348,0.327566,-1.164698,0.323743,0.873759,0.283866,0.368705,0.522598,0.806232,1.166405,0.418252,0.346197,0.293767,0.904094,-1.029134,0.784255,0.889488,-0.658314,-1.637503,1.036801,-0.694643,-1.030147,1.222442,0.341580,0.126839,-0.939051,1.913949,0.297561,341.688197,0.951090,-1.874928,0.557980,0.281194,1.930726,-0.760663,-0.438615,0.312427,0.403740,0.327402,0.184436,0.902611,1.059715,-0.667686,0.435784
0.069272,0.927806,3.141922,0.065250,0.575505,0.341937,-1.147995,0.282508,0.332358,0.021109,0.259575,0.234187,0.718777,-0.100221,0.183195,0.178137,0.031566,-0.040546,-1.063949,0.602019,0.108277,-0.491411,-0.831677,0.732163,-0.151457,0.035900,1.188142,0.063301,-0.838771,-0.688155,0.261645,0.242043,770.157783,1.054669,-1.224014,0.079220,0.275979,1.909785,-0.393892,0.661814,0.170131,0.013915,0.316824,0.351537,-0.310591,0.946852,-0.508863,0.463316
-0.872391,0.814655,1.697283,0.368886,0.706345,0.349931,-1.495527,0.658781,0.030912,0.109590,0.291285,0.263293,0.965803,0.701359,0.295585,0.181498,0.148974,0.096404,-1.599563,0.722778,0.014641,-1.044111,-1.564108,0.415370,-0.853138,-0.548934,0.928786,0.219033,-1.010281,-0.493043,0.570394,0.407583,562.987242,1.366011,-1.487812,0.155946,0.347478,1.900011,-1.087530,-0.992467,0.670552,0.209901,0.901391,0.298880,0.321752,1.412240,-0.957756,0.463316
-0.872391,0.671856,0.255015,0.384461,0.596239,0.403964,-1.319602,0.591200,0.885116,0.183098,0.472411,0.281344,0.965803,0.701359,0.278218,0.210318,0.195956,0.242595,-1.241635,0.813373,0.912248,-1.044111,-1.743173,0.737261,-0.853138,-0.833721,0.805015,0.247243,-1.010281,-0.291538,0.570394,0.609787,163.048516,1.101593,-1.660990,0.652953,0.275244,1.084090,-1.087530,-1.144948,0.636611,0.225896,1.015186,0.656696,0.321752,1.412240,-0.957756,0.429203
-0.389262,0.679782,0.497121,0.336452,0.576063,0.382073,-1.294772,0.413405,0.879608,0.243609,0.309399,0.458579,0.783844,1.020968,0.369064,0.232322,0.300252,1.269082,-1.207879,0.746124,0.912248,-0.698173,-1.346102,0.694358,-0.836673,-1.033239,1.129487,0.340321,0.159534,-0.926413,1.537420,0.320877,173.801328,1.147151,-1.747661,0.540532,0.241356,0.573701,-0.856242,-0.424696,0.307204,0.342779,0.434864,0.171263,0.663413,1.329062,-1.108714,0.485939
0.009918,0.943980,2.583248,0.029229,0.585934,0.344413,-1.412732,0.405074,0.410818,0.025475,0.087363,0.315971,0.708117,-0.110331,0.173137,0.065938,0.012968,0.434694,-1.410983,0.578413,0.017549,-0.515328,-1.366813,0.492445,-0.074715,-0.011315,1.129487,0.072521,-0.824805,-0.752699,0.247499,0.227872,645.600394,1.262079,-1.700084,0.049388,0.189585,1.820474,-0.374734,0.722155,0.133483,0.006458,0.330576,0.371872,-0.404636,0.542208,-0.292592,0.483882
-0.379310,0.805857,1.969928,0.172264,0.724347,0.347413,-1.255219,0.599738,0.061828,0.094358,0.252836,0.395341,0.992659,0.822950,0.311873,0.141273,0.126376,0.212814,-1.027504,0.745715,0.077341,-0.838031,-1.558069,0.232377,-0.831846,-0.460899,0.825942,0.181007,-0.991023,-0.500150,0.440720,0.332268,658.163990,0.947429,-1.527451,0.158731,0.326016,1.972670,-0.884048,-1.009780,0.691450,0.197104,0.275842,0.292665,0.161533,0.963221,-0.799492,0.438228
-0.379310,0.721129,0.254542,0.235416,0.591127,0.267894,-1.132671,0.472065,0.918489,0.163279,0.442999,0.277530,0.992659,0.822950,0.237962,0.152686,0.149840,0.515168,-0.786873,0.811906,1.030291,-0.838031,-1.642355,0.232377,-0.831846,-0.845595,0.802442,0.211551,-0.991023,-0.375975,0.440720,0.575585,163.945889,0.790548,-1.597047,0.653160,0.288274,0.989703,-0.931192,-1.268908,0.658117,0.233330,0.311601,0.639324,0.161533,0.840931,-0.799492,0.438228
-0.378545,0.675623,0.888139,0.348669,0.592759,0.238388,-1.126836,0.345395,0.895760,0.258802,0.364706,0.409329,0.820513,0.666695,0.386388,0.291105,0.281758,0.985529,-1.193867,0.795663,1.030291,-0.410317,-1.410528,0.997785,-0.495582,-1.026514,1.058484,0.324752,0.163208,-0.751661,1.890557,0.301726,263.431654,1.148902,-1.651899,0.539891,0.324293,1.678026,-0.717562,-0.345083,0.284598,0.314012,0.368206,0.168049,0.750475,1.284602,-1.274060,0.601304
0.078933,0.984276,3.183892,0.027321,0.565998,0.257895,-1.215387,0.296355,0.397598,0.021660,0.131453,0.261660,0.787784,-0.115954,0.179055,0.117708,0.009839,0.228440,-1.268118,0.564854,0.045867,-0.418331,-1.244637,0.646245,-0.061663,-0.255298,0.977152,0.057417,-0.806527,-0.789692,0.238801,0.260019,758.595048,1.268891,-1.494939,0.106587,0.193257,1.987692,-0.378573,0.686874,0.183951,0.005817,0.304275,0.387395,-0.389973,0.651155,-0.230477,0.428597
-0.706947,0.837028,1.802449,0.129667,0.710261,0.304607,-1.473292,0.627188,0.058625,0.097001,0.188440,0.345470,0.967693,0.747330,0.248319,0.187911,0.127328,0.566885,-1.626490,0.806155,0.093919,-0.754176,-1.305188,-0.199811,-0.842771,-0.591065,0.913343,0.188716,-0.931865,-0.476122,0.390127,0.370717,630.523555,1.489102,-1.631820,0.177328,0.232195,1.995891,-0.962219,-1.149565,0.762109,0.185062,0.680872,0.267931,0.273496,1.085492,-0.834151,0.467200
-0.706947,0.690739,0.261140,0.216889,0.521480,0.414523,-1.403071,0.508355,0.779893,0.136976,0.395077,0.348441,0.967693,0.747330,0.182008,0.220579,0.134441,0.681068,-1.382932,0.806155,0.911132,-0.754176,-1.635945,-0.233820,-0.842771,-0.348476,0.716431,0.218644,-0.902134,-0.203119,0.390127,0.653792,161.351816,1.284621,-1.821727,0.581891,0.226977,1.099213,-0.962219,-1.205259,0.619162,0.234945,0.593567,0.541906,0.273496,0.610402,-0.937115,0.467200
-0.298498,0.711794,0.812421,0.321615,0.556217,0.352684,-1.386472,0.270225,0.690954,0.234802,0.253332,0.386252,0.839914,1.080899,0.374387,0.432430,0.284261,0.863370,-1.376166,0.857088,0.896782,-0.285945,-1.481657,1.460637,-0.438619,-0.732470,1.077707,0.263333,0.178509,-0.986537,2.041835,0.210007,239.426874,1.211329,-1.855900,0.449682,0.222728,1.740052,-0.683451,0.140186,0.164259,0.323113,0.389515,0.119442,0.502245,1.119837,-1.159941,0.359577
0.115233,0.936260,3.690629,0.046118,0.543872,0.564764,-1.423745,0.310042,0.490617,0.019374,0.133114,0.341078,0.674962,-0.112186,0.175222,0.074501,0.012739,0.269755,-1.487860,0.554662,-0.000542,-0.395087,-1.220514,0.654895,-0.052783,-0.123378,0.982818,0.070027,-0.895594,-0.669661,0.249436,0.304056,910.949776,1.340807,-1.633144,0.046650,0.208184,1.955962,-0.393940,0.660880,0.147085,0.005671,0.352126,0.390385,-0.416834,0.267094,-0.492449,0.359577
-0.876324,0.795420,2.207777,0.125938,0.670725,0.479476,-1.308759,0.688703,0.093237,0.104804,0.227798,0.459607,0.960816,0.952784,0.361903,0.196558,0.131765,0.321330,-1.175740,0.774984,0.246980,-0.634920,-1.606800,-0.015651,-0.774162,-0.544103,0.862934,0.183019,-0.980182,-0.624517,0.469468,0.359517,763.454251,1.079668,-1.698794,0.184437,0.245953,1.871239,-0.997472,-0.960044,0.684268,0.206310,0.345297,0.301565,0.175060,0.806002,-0.745782,0.394211
-0.876324,0.632635,0.248224,0.162802,0.541178,0.330198,-1.391708,0.538492,0.834086,0.180169,0.441830,0.329824,0.960816,0.952784,0.230114,0.219350,0.174593,0.691529,-1.479974,0.774984,1.116623,-0.634920,-1.650419,0.582729,-0.774162,-0.544103,0.862934,0.267397,-0.926710,-0.264405,0.469468,0.740713,153.585010,1.347498,-1.555530,0.604996,0.235050,1.115892,-0.997472,-1.074363,0.626995,0.258119,0.348958,0.564997,0.175060,0.363968,-0.838226,0.346016
-0.249646,0.763568,1.342888,0.365921,0.565610,0.460354,-1.263300,0.270036,0.715837,0.258585,0.354129,0.399839,0.869714,0.686654,0.338204,0.346725,0.231544,0.707654,-1.340212,0.762457,1.116623,-0.180991,-1.581042,1.807899,-0.400584,-1.029332,0.818758,0.274819,0.101425,-0.660404,2.020374,0.223369,376.226736,1.198187,-1.549174,0.407272,0.291190,1.569867,-0.596072,0.286514,0.144745,0.308392,0.358838,0.141327,0.728906,0.816647,-1.005315,0.609792
0.200814,0.950101,3.327666,0.046690,0.523651,0.477863,-1.309914,0.198231,0.289697,0.022252,0.134940,0.311526,0.706340,-0.110863,0.106963,0.083613,0.017152,0.295299,-1.234240,0.571549,0.025672,-0.408028,-1.146293,0.243158,-0.088456,0.064258,0.791373,0.079671,-0.710989,-0.693240,0.259732,0.218620,939.814711,1.196680,-1.564327,0.084350,0.200421,2.103750,-0.395985,0.684255,0.123285,0.010236,0.330452,0.308133,-0.380985,0.606655,-0.148325,0.263731
-0.686948,0.822177,1.770208,0.178066,0.678571,0.405715,-1.271112,0.542860,0.128313,0.103119,0.196314,0.685023,1.021474,0.776005,0.292448,0.199892,0.132051,1.217247,-0.977563,0.766196,0.359728,-0.420590,-1.449489,-0.386185,-0.828248,-0.586556,0.744095,0.239311,-0.889661,-0.501264,0.396037,0.309159,676.079165,0.918116,-1.599241,0.174952,0.232456,2.126111,-0.736597,-1.187624,0.745650,0.149488,0.612053,0.265330,0.144912,1.307746,-0.958614,0.664795
-0.686948,0.700150,0.257320,0.132281,0.562614,0.359371,-1.328570,0.475090,0.751735,0.171039,0.374429,0.411505,1.021474,0.776005,0.187977,0.209734,0.165642,1.217247,-1.246059,0.775446,1.165221,-0.420590,-1.579089,0.295583,-0.828248,-0.478079,0.737974,0.287391,-0.826721,-0.273376,0.396037,0.759917,175.759892,1.149813,-1.722146,0.623749,0.298410,0.986872,-0.907307,-1.264667,0.660428,0.204223,0.506037,0.525054,0.144912,0.594159,-0.958614,0.664795
-0.054499,0.719107,0.912672,0.352160,0.572091,0.388720,-1.319463,0.216186,0.722912,0.248216,0.415108,0.357203,0.849120,0.893441,0.333122,0.422665,0.270646,0.866994,-1.222000,0.873344,1.165221,-0.360236,-1.431661,1.371944,-0.337757,-0.910376,1.023598,0.280443,0.079108,-0.896449,1.867285,0.247257,276.207409,1.137863,-1.833491,0.495375,0.226348,1.201320,-0.705001,-0.056442,0.229625,0.313369,0.283371,0.139653,0.460565,0.999208,-1.238953,0.275825
0.078667,0.961903,3.348314,0.050315,0.560761,0.535362,-1.496165,0.295802,0.527819,0.016563,0.206555,0.398264,0.684684,-0.090082,0.197983,0.144782,0.017111,0.385933,-1.445523,0.597122,0.043305,-0.512831,-1.426908,0.938313,-0.056219,-0.014346,1.023598,0.053960,-0.832060,-0.747830,0.268663,0.294834,866.601717,1.320998,-1.560037,0.054198,0.190112,2.134012,-0.388078,0.650451,0.169422,0.009256,0.248987,0.386666,-0.392420,0.507142,-0.559710,0.275825
-0.760414,0.818232,2.012595,0.190414,0.692774,0.582571,-1.506379,0.621351,-0.014157,0.093144,0.244804,0.380995,0.985400,0.707389,0.298010,0.157636,0.117865,0.191082,-1.571621,0.759870,0.359423,-0.610758,-1.540613,0.260467,-0.849443,-0.413148,1.056030,0.178650,-0.957175,-0.510391,0.426893,0.396540,700.416107,1.475221,-1.550222,0.172256,0.252973,1.232226,-0.857174,-0.961677,0.670239,0.181719,0.592997,0.271211,0.114486,1.079018,-1.013912,0.312544
-0.760414,0.680019,0.261635,0.222557,0.592380,0.400045,-1.425586,0.573381,0.898339,0.134239,0.353985,0.273782,0.985400,0.707389,0.315197,0.195548,0.134105,0.499210,-1.392373,0.806568,0.907959,-0.610758,-1.693989,0.907575,-0.849443,-0.413148,1.056030,0.189460,-0.956726,-0.274944,0.426893,0.944999,163.481345,1.325724,-1.761827,0.649550,0.198707,0.905142,-0.952756,-1.158948,0.621004,0.194549,0.621404,0.628608,0.114486,0.756005,-1.013912,0.334687
-0.430844,0.694750,1.032194,0.401419,0.638149,0.348969,-1.261587,0.374292,0.898339,0.353534,0.274273,0.462068,0.978953,2.279640,0.304735,0.431111,0.416968,1.209527,-1.201702,1.088269,0.907959,-0.738178,-1.402181,1.826695,-0.690321,-1.033817,0.920461,0.360153,0.003084,-0.952710,3.295023,0.301337,275.206635,1.163512,-1.773441,0.593110,0.396277,1.684632,-0.774558,-0.446311,0.325194,0.535270,0.303209,0.210676,1.004716,1.877266,-1.355378,0.909176
-0.058742,0.890480,2.757820,0.107326,0.588644,0.374313,-1.385448,0.348799,0.407140,0.028217,0.236440,0.413450,0.721622,-0.025991,0.116364,0.199998,0.030022,0.472599,-1.512252,0.632184,0.096733,-0.445634,-1.049002,0.681536,-0.100161,-0.261631,0.906457,0.091475,-0.858314,-0.890982,0.321876,0.242294,677.620703,1.366598,-1.668102,0.081531,0.231448,1.802225,-0.379066,0.673192,0.140765,0.021525,0.291190,0.366556,-0.328887,0.552927,-0.664318,0.909176
-0.401862,0.761868,1.459423,0.281972,0.681118,0.459505,-1.280838,0.518956,0.113843,0.074107,0.242652,0.256506,0.983210,0.649407,0.284810,0.133951,0.118894,-0.092680,-1.173149,0.776666,0.041838,-0.895785,-1.368236,0.650862,-0.978265,-0.533448,0.920748,0.171954,-0.964053,-0.606646,0.461921,0.414705,526.692287,1.110226,-1.742314,0.173432,0.189917,1.674066,-0.894367,-0.972213,0.653867,0.182388,0.372311,0.283586,0.202650,1.811871,-1.216139,0.306881
-0.401862,0.676098,0.257844,0.311314,0.566447,0.480766,-1.286792,0.461804,0.900683,0.130174,0.475867,0.353314,0.983210,0.649407,0.297733,0.209927,0.162155,0.169517,-1.349520,0.816478,1.029512,-0.895785,-1.574508,1.207969,-0.978265,-0.533448,0.920748,0.185955,-0.963450,-0.405872,0.461921,0.788919,154.088840,1.253612,-1.846075,0.626109,0.159328,1.105228,-0.910210,-1.125740,0.603079,0.199913,0.373543,0.624976,0.202650,1.415480,-1.216139,0.217988
-0.405575,0.715357,0.852227,0.399753,0.605364,0.471301,-1.300266,0.370367,0.879685,0.296617,0.341207,0.384352,0.857215,1.126039,0.368007,0.332948,0.309577,0.764071,-1.221027,0.861568,1.029512,-0.705232,-1.468896,1.240130,-0.671056,-0.972244,1.146452,0.319598,0.015397,-0.802896,2.461084,0.400327,229.671151,1.176370,-1.773694,0.548335,0.405310,1.730959,-0.711815,-0.372726,0.308938,0.372125,0.263894,0.207504,0.776054,0.971071,-1.845472,0.626408
-0.055453,0.898462,2.935874,0.072017,0.573352,0.475343,-1.424188,0.412705,0.265910,0.020695,0.172060,0.348884,0.709231,-0.110494,0.146017,0.140126,0.021925,0.441949,-1.431224,0.585636,0.040235,-0.587465,-1.160557,0.750099,-0.134371,-0.137232,0.896022,0.068854,-0.907511,-0.766905,0.247462,0.319429,706.499980,1.397076,-1.652736,0.057834,0.258172,1.993616,-0.377937,0.700841,0.114621,0.007650,0.362795,0.327121,-0.293198,0.609863,-0.543645,0.464140
-0.607746,0.776236,2.030108,0.289129,0.676492,0.452723,-1.400657,0.651785,-0.021127,0.096432,0.282939,0.369437,0.979869,0.796090,0.266779,0.172355,0.134046,0.073468,-1.242059,0.765323,0.341022,-0.911900,-1.357551,0.984684,-0.920034,-0.500225,0.883979,0.199285,-1.075451,-0.477114,0.451568,0.486176,675.852903,1.140345,-1.685871,0.167523,0.257690,1.926338,-0.867322,-1.045725,0.648215,0.202451,0.905065,0.292539,0.241728,1.792703,-1.138290,0.342807
-0.607746,0.705701,0.273933,0.266608,0.561103,0.510828,-1.307408,0.577667,0.977404,0.139309,0.428188,0.377940,0.979869,0.796090,0.219391,0.215987,0.153951,0.276838,-1.287461,0.778220,0.757151,-0.911900,-1.788360,0.984684,-0.920034,-0.500225,0.845823,0.215310,-1.075451,-0.238638,0.451568,0.904010,167.033386,1.192061,-1.609766,0.619566,0.191423,1.062027,-0.961802,-1.250254,0.614663,0.209871,0.929799,0.688316,0.241728,1.455199,-1.138290,0.342807
-0.583371,0.667985,0.937959,0.412376,0.596820,0.208751,-1.357044,0.452338,0.923046,0.255393,0.280251,0.500973,0.869322,1.333812,0.314796,0.367432,0.387183,1.139664,-1.410706,0.675254,0.757151,-0.567636,-1.566574,1.383194,-1.289850,-1.028392,0.647581,0.311756,0.118894,-0.700980,2.426187,0.395766,276.235458,1.254883,-1.764096,0.525207,0.356718,1.757597,-0.657142,-0.268286,0.278504,0.386131,0.400072,0.191682,1.321104,2.160535,-1.658118,0.695472
-0.017680,0.958475,3.075785,0.053541,0.581159,0.233797,-1.505473,0.415529,0.433648,0.028475,0.114514,0.157000,0.683548,-0.111918,0.156141,0.102460,0.017943,0.010977,-1.464545,0.581381,0.045724,-0.454587,-1.289421,0.418719,-0.080377,0.127516,0.931193,0.082503,-0.927963,-0.813034,0.256018,0.316179,787.539090,1.251465,-1.707845,0.052907,0.208242,2.010666,-0.386530,0.644753,0.177694,0.006804,0.235791,0.405969,-0.375022,1.089997,-0.399607,0.422716
-0.877580,0.634000,0.294504,0.254515,0.590770,0.448170,-1.402162,0.561551,0.827711,0.132510,0.400139,0.477986,0.931601,0.847955,0.237158,0.207137,0.138440,0.454940,-1.395993,0.769778,0.942508,-0.505772,-1.541433,0.299041,-0.875544,-0.598338,0.773802,0.197686,-1.102390,-0.180879,0.513446,0.852108,175.618226,1.343757,-1.947519,0.642481,0.194063,1.045446,-1.078185,-1.190412,0.601892,0.228706,0.828993,0.675697,0.315510,1.760489,-1.034891,0.370347
0.032163,1.308648,0.535625,0.007612,0.394183,0.163892,-1.137111,0.123879,0.020693,0.021141,0.033902,0.175066,0.441932,-0.128443,0.203278,0.049910,0.007308,0.081195,-1.216505,0.573586,0.046004,-0.095518,-1.331305,-0.242692,-0.013725,0.030840,0.709165,0.058869,-0.572464,-0.340850,0.244038,0.188091,260.843440,1.067124,-1.501370,0.022704,0.152836,1.557903,-0.367883,1.165830,0.064067,0.002980,0.374045,0.181580,-0.405333,0.643412,-0.119311,0.450029
0.489133,1.340639,0.283866,0.001269,0.374067,0.038433,-0.912677,0.016665,-0.473346,0.002460,0.005918,0.026105,0.380946,-0.134764,0.011711,0.008333,0.001466,-0.219617,-1.045071,0.544235,0.015561,-0.046968,-1.265650,-0.373336,0.009480,0.197329,0.435967,0.006704,-0.570572,-0.119006,0.232367,0.057173,120.909417,0.836893,-1.502212,0.002626,0.010644,0.991592,-0.364480,1.312500,0.012775,0.000890,0.071635,0.022215,-0.427319,0.118400,0.018018,-0.053675
0.506195,1.281117,1.979650,0.003800,0.354218,0.464288,-1.376358,0.040905,-0.465324,0.009369,0.021897,0.154946,0.384406,-0.126883,0.047225,0.024634,0.003693,0.266849,-1.326232,0.553160,0.034564,-0.030920,-0.670422,-0.162676,0.010882,0.143929,0.477941,0.020199,-0.588973,-0.190945,0.236692,0.075284,492.258970,1.200721,-1.663785,0.007247,0.039056,1.280772,-0.370986,1.211180,0.041965,0.001866,0.174142,0.028532,-0.433874,0.064417,0.038457,0.053210
-0.100012,0.912054,3.016540,0.524401,0.563668,0.421758,-1.487069,0.323883,-0.331155,0.052953,0.221355,0.484908,0.794215,0.132993,0.193807,0.168052,0.127454,-0.051341,-1.655285,0.566750,0.838283,-0.216563,-1.259586,-0.760390,-0.359103,-0.251515,0.592219,0.108108,-0.729238,-0.209212,0.284178,0.131639,769.975577,1.428700,-1.578064,0.105433,0.165523,2.047683,-0.378495,-0.136950,0.418936,0.043971,0.490374,0.078624,0.351914,0.571639,0.028543,0.342522
-0.100012,0.702644,1.609719,0.538524,0.562895,0.413435,-1.307731,0.372309,0.125645,0.051681,0.364599,0.575906,0.794215,0.132993,0.189213,0.198899,0.170132,0.285404,-1.434089,0.668088,0.838283,-0.216563,-1.498383,-1.216503,-0.359103,-0.251515,0.592219,0.128729,-0.729238,-0.122143,0.306938,0.409997,459.112256,1.299057,-1.563837,0.144061,0.170553,1.695080,-0.622064,-0.627196,0.635042,0.060050,0.614749,0.252529,0.351914,0.571639,-0.397477,0.342522
-0.100012,0.469061,0.248252,0.572866,0.440044,0.288333,-1.210204,0.326300,0.599272,0.063262,0.360638,0.192215,0.794215,0.132993,0.177051,0.224844,0.196187,0.285404,-1.290587,0.684980,1.029965,0.230598,-1.350643,-0.731603,-0.359103,-0.179416,0.737545,0.130910,-0.674557,-0.024379,0.306938,0.788046,127.804568,1.254302,-1.278770,0.369259,0.179724,0.956314,-0.794289,-0.637931,0.483369,0.096249,0.384709,0.401162,0.351914,0.037304,-0.397477,0.341693
-0.100012,0.387700,0.222250,0.494751,0.348023,0.170026,-1.213079,0.388209,0.738011,0.051635,0.355469,0.174922,0.794215,0.072665,0.120919,0.226464,0.194053,0.285404,-1.235905,0.684980,1.029965,0.118086,-1.600895,-0.044198,-0.067590,-0.179416,0.737545,0.114022,-0.483892,0.089260,0.306938,0.682892,116.434526,1.225140,-1.739901,0.403184,0.138238,0.851985,-0.794289,-0.637931,0.248244,0.098482,0.374340,0.384279,0.351914,0.411692,-0.397477,0.146533
0.090343,0.771800,0.719543,0.033987,0.362133,0.616974,-1.144778,0.127318,0.589660,0.025762,0.082204,0.215067,0.554274,-0.054151,0.192616,0.155441,0.029689,0.398182,-0.919824,0.663167,0.301229,-0.143486,-1.203894,1.262108,-0.001165,-0.812026,0.582208,0.094724,0.459271,-0.313340,0.287057,0.057516,274.829557,0.829986,-1.533256,0.045960,0.217881,1.691794,-0.609545,0.679578,0.039437,0.021056,0.214718,0.028728,-0.189679,-0.077568,-0.930340,0.578010
0.342229,1.194166,0.255743,0.023778,0.324314,0.107779,-0.912854,0.111456,-0.020469,0.027802,0.094372,0.171219,0.411596,-0.039947,0.089699,0.071007,0.013804,0.045063,-0.963975,0.562420,0.156925,-0.119538,-1.379669,-0.162021,0.004721,-0.427042,0.517372,0.074419,-0.521287,-0.497124,0.344394,0.385677,142.418125,0.848188,-1.744664,0.041612,0.140331,1.062042,-0.383977,0.806083,0.183318,0.018015,0.181316,0.146650,-0.409092,-0.094035,-0.120341,0.151930
0.692618,1.080233,0.333102,0.021586,0.385521,0.255776,-1.354801,0.058388,-0.332056,0.013222,0.027366,0.180992,0.440263,-0.103776,0.196612,0.068071,0.014011,0.173954,-1.238562,0.567315,0.061834,-0.039813,-1.398647,0.153755,-0.007731,0.106320,0.964936,0.030162,-0.577078,-0.346252,0.258470,0.131271,151.875687,1.292887,-1.436969,0.026928,0.088270,1.153101,-0.371549,1.003791,0.061212,0.005931,0.420580,0.059981,-0.419601,0.778394,-0.135697,0.137115
-0.791592,0.849428,3.163624,0.129739,0.666932,0.226268,-1.281265,0.764506,0.374051,0.086286,0.193115,0.142786,0.919093,0.601045,0.326431,0.102152,0.081757,0.003210,-1.344003,0.723234,0.249674,-0.718386,-1.353941,0.308474,-0.676244,-0.281739,1.037136,0.192465,-0.824521,-0.227356,0.477847,0.515265,994.974543,1.202144,-1.539480,0.141853,0.192831,1.655618,-0.885788,-0.910354,0.711712,0.151646,0.376224,0.327538,-0.114956,0.607629,-0.876915,0.198680
-0.791592,0.650675,0.295602,0.218096,0.522310,0.234842,-1.272625,0.551012,1.061268,0.109888,0.343289,0.140945,0.919093,0.601045,0.166146,0.157751,0.102994,0.003210,-1.128428,0.818197,0.735813,-0.718386,-1.537523,0.508470,-0.676244,-0.281739,1.037136,0.193917,-0.806596,-0.275033,0.477847,0.903602,170.860798,1.055446,-1.649516,0.576203,0.206821,1.095706,-0.972198,-1.090332,0.579032,0.162273,0.339285,0.608674,-0.114956,0.413351,-0.876915,0.116608
-0.401750,0.743628,0.344593,0.326786,0.530921,0.330533,-1.342425,0.296255,1.039317,0.258944,0.277786,0.264318,0.821553,0.878596,0.398533,0.260872,0.242599,0.541661,-1.251523,0.826762,0.735813,-0.459560,-1.699332,1.102957,-0.729907,-0.637417,1.169756,0.266494,0.211246,-0.774508,2.319947,0.414809,140.167810,1.192250,-1.823691,0.480005,0.311044,1.413989,-0.710248,-0.289730,0.300376,0.354491,0.382378,0.193190,0.506082,0.910365,-0.817589,0.481439
-0.143928,1.036966,3.478232,0.072999,0.587546,0.194442,-1.577535,0.395240,0.462142,0.030297,0.140019,0.339539,0.663086,-0.105879,0.211834,0.112755,0.034319,0.286560,-1.653610,0.585859,0.068639,-0.507050,-1.355051,0.633207,-0.096590,-0.006427,1.169756,0.091301,-0.811567,-0.774508,0.275712,0.379291,774.354649,1.476084,-1.516126,0.028071,0.223520,1.808488,-0.408959,0.808945,0.125296,0.011393,0.337150,0.399040,-0.333710,0.371732,-0.433884,0.481439
-0.879755,0.868448,2.636063,0.149598,0.715422,0.332605,-1.410934,0.686236,0.068347,0.110302,0.266159,0.394677,1.004617,0.829684,0.400018,0.157818,0.114110,0.317163,-1.241324,0.759725,0.262548,-0.750570,-1.593900,0.528310,-0.774410,-0.556474,0.937906,0.211436,-0.991672,-0.535851,0.531022,0.438151,824.695200,1.181030,-1.616887,0.155919,0.277099,2.029257,-0.849653,-1.027120,0.682204,0.187078,0.368992,0.290475,0.055231,1.262699,-0.923454,0.395854
-0.879755,0.748818,0.318186,0.197147,0.598969,0.315779,-1.323538,0.598348,0.930954,0.150987,0.360219,0.312493,1.004617,0.829684,0.369196,0.181117,0.116999,0.458614,-1.269799,0.836569,0.782342,-0.750570,-1.790212,0.528310,-0.774410,-0.556474,0.907648,0.208205,-0.991672,-0.319307,0.531022,0.844883,191.475114,1.141641,-1.815696,0.654407,0.250532,1.316944,-0.952241,-1.341979,0.691195,0.204295,0.411920,0.688022,0.055231,1.230692,-0.923454,0.395854
-0.235816,0.647608,0.888650,0.344443,0.616435,0.297244,-1.233845,0.327286,0.925095,0.256817,0.295815,0.280073,0.849651,1.014398,0.420149,0.266000,0.254711,0.530446,-1.163008,0.804720,0.780139,-0.568783,-1.543717,1.351568,-0.494723,-1.024866,1.248671,0.339145,0.170664,-0.716559,1.900107,0.289481,255.986875,1.119291,-1.996857,0.606716,0.278963,2.014464,-0.826789,-0.710959,0.408338,0.394845,0.407636,0.203470,0.605033,1.122193,-0.845313,0.442302
-0.051513,0.935556,3.015973,0.081747,0.586016,0.224786,-1.557987,0.363675,0.460810,0.022247,0.240986,0.336180,0.757368,-0.061037,0.218038,0.179189,0.037670,0.434553,-1.694481,0.604135,0.121776,-0.568783,-1.250112,0.738807,-0.135275,-0.006174,1.248671,0.084630,-0.808063,-0.751331,0.260494,0.307929,691.981487,1.476543,-1.542410,0.068401,0.247699,1.565573,-0.408889,0.640777,0.205900,0.014028,0.366358,0.366443,-0.247914,0.722672,-0.705603,0.442302
-0.994049,0.834787,2.277549,0.289078,0.699195,0.430166,-1.469624,0.731532,0.098432,0.113235,0.328479,0.351554,0.944541,0.799964,0.334347,0.201283,0.130452,0.341487,-1.427200,0.698767,0.021054,-0.984157,-1.505554,0.865831,-0.806603,-0.544252,0.920742,0.197121,-0.971301,-3.265976,0.494885,0.349552,703.007176,1.196515,-1.562743,0.172158,0.301974,1.872461,-1.089797,-0.966714,0.690039,0.228216,0.500286,0.296625,0.244295,1.396658,-1.007942,0.423989
-0.994049,0.681136,0.256732,0.305894,0.596423,0.438253,-1.321512,0.630551,0.978789,0.197272,0.467477,0.333506,0.944541,0.799964,0.284128,0.218863,0.189435,0.460278,-1.267698,0.813702,0.902226,-0.984157,-1.751600,0.865831,-0.806603,-1.031779,0.789629,0.269733,-0.971301,-0.333361,0.494885,0.602602,159.899558,1.164470,-1.892110,0.658426,0.254420,0.964426,-1.089797,-1.190241,0.651470,0.261307,0.589746,0.681033,0.244295,1.339545,-1.007942,0.312324
-0.388874,0.656550,1.328790,0.419331,0.620054,0.320899,-1.273397,0.371368,0.908737,0.349866,0.323644,0.497225,0.863494,1.806719,0.377866,0.354411,0.359785,1.359645,-1.253250,1.036232,0.902226,-0.525648,-1.570862,1.099123,-0.853082,-1.031779,0.933229,0.345654,0.091707,-0.831625,2.701010,0.329023,322.601489,1.148394,-1.905347,0.549455,0.332543,1.417459,-0.801142,-0.293698,0.260450,0.470571,0.454153,0.178681,0.814789,1.140537,-1.522463,0.664396
0.105215,0.929261,3.514169,0.042796,0.562617,0.294257,-1.429823,0.277696,0.419483,0.016264,0.171787,0.255863,0.703000,-0.110639,0.167976,0.146286,0.019854,0.088587,-1.383306,0.629751,0.026870,-0.475038,-1.403001,0.552019,-0.061940,-0.269811,0.852352,0.066229,-0.843282,-0.794409,0.249406,0.289997,800.306436,1.284566,-1.693764,0.067902,0.257470,1.931096,-0.377749,0.599486,0.183777,0.006664,0.210731,0.371873,-0.381939,0.409319,-0.377739,0.657760
-0.764980,0.797347,1.524238,0.192355,0.680119,0.390488,-1.413301,0.616360,0.145824,0.086385,0.241016,0.327428,0.916048,0.746767,0.275341,0.153419,0.112907,0.011723,-1.278802,0.783362,0.151261,-0.804353,-1.562364,0.299049,-0.750226,-0.441056,0.852352,0.174044,-0.944876,-0.515301,0.482671,0.278460,521.661967,1.129736,-1.457656,0.159755,0.236075,1.805292,-0.894266,-1.059094,0.696386,0.182542,0.261090,0.298552,0.091656,1.071967,-0.838098,0.298308
-0.764980,0.706740,0.249054,0.236016,0.545307,0.355316,-1.229174,0.524526,0.894464,0.160244,0.436688,0.283078,0.916048,0.746767,0.201645,0.170892,0.139417,0.339402,-1.266091,0.815642,0.924220,-0.804353,-1.539235,0.526029,-0.750226,-0.785069,0.816609,0.239208,-0.944635,-0.329887,0.482671,0.569755,155.329262,1.156881,-1.717184,0.608199,0.227235,1.127344,-0.968809,-1.197095,0.659192,0.220800,0.408303,0.588487,0.091656,0.866803,-0.838098,1.334073
-0.467571,0.741035,1.143773,0.351632,0.552055,0.338348,-1.192557,0.307356,0.802155,0.273693,0.298307,0.372728,0.800679,0.956850,0.330897,0.269974,0.266215,1.110103,-1.132324,0.800312,0.924220,-0.656837,-1.269991,1.058589,-0.593338,-0.990479,0.887987,0.316475,0.032444,-0.697720,2.150848,0.360194,315.096007,1.097115,-1.720921,0.449876,0.355233,1.506318,-0.675005,-0.000093,0.188558,0.354257,0.358914,0.161867,0.600001,1.247901,-1.048623,1.334073
0.126806,0.976139,2.967603,0.032418,0.566920,0.326069,-1.189249,0.336949,0.295281,0.031473,0.100637,0.335695,0.818403,-0.108917,0.121060,0.083862,0.014972,0.239677,-1.189048,0.580286,0.028786,-0.382407,-1.319733,0.008681,-0.066549,-0.026735,0.716959,0.068846,-0.725304,-0.786111,0.254149,0.123116,707.575632,1.188391,-1.631520,0.099207,0.191109,1.707627,-0.387213,0.718644,0.123584,0.007636,0.476863,0.310807,-0.370242,0.284233,-0.203337,0.285616
-0.964868,0.757254,1.486516,0.130231,0.701288,0.284508,-1.302809,0.746419,0.089675,0.127125,0.202354,0.436168,0.896597,0.831661,0.292935,0.193671,0.110261,0.404241,-1.286431,0.791426,0.244104,-0.382407,-1.846584,-0.352419,-0.779127,-0.548308,0.972130,0.159400,-0.878621,-0.470284,0.459772,0.243453,512.212623,1.326703,-1.588296,0.169782,0.161133,1.776099,-1.030231,-1.295164,0.767708,0.198240,0.486855,0.243181,0.114589,1.049787,-0.507784,0.585343
-0.964868,0.755419,0.264875,0.148406,0.509875,0.189469,-1.325159,0.597078,0.743499,0.157339,0.405828,0.427780,0.896597,0.831661,0.154090,0.224437,0.144376,0.632149,-1.343267,0.791426,1.074757,-0.219348,-1.455302,0.259630,-0.779127,-0.605503,0.972130,0.168784,-0.855826,-0.319860,0.459772,0.565449,158.715578,1.313250,-1.886503,0.561859,0.192834,0.966577,-1.030231,-1.329577,0.662084,0.225663,0.344007,0.514660,0.114589,0.756279,-0.810657,0.585343
-0.232155,0.785578,1.079568,0.302172,0.550033,0.386367,-1.321161,0.254912,0.642184,0.230597,0.345163,0.357961,0.836765,1.180650,0.339404,0.335227,0.225747,1.064173,-1.302957,0.898958,1.063987,-0.837089,-1.426143,1.676084,-0.449092,-1.010957,1.173444,0.318938,0.029588,-0.687606,2.085007,0.261265,295.242465,1.258671,-1.587679,0.444490,0.327405,1.928446,-0.625125,0.209908,0.162193,0.354984,0.426830,0.129995,0.382463,1.126909,-1.375640,0.605293
0.122254,1.039231,3.163738,0.071457,0.549676,0.356900,-1.370663,0.262740,0.271082,0.031968,0.107078,0.347409,0.705132,-0.114263,0.165594,0.129146,0.030222,0.078739,-1.414035,0.599140,0.095777,-0.424953,-1.468748,0.361021,-0.172841,-0.044754,1.339757,0.062041,-0.777595,-0.719817,0.276781,0.155025,794.651977,1.252315,-1.398243,0.083222,0.207571,1.739968,-0.421230,0.717645,0.146631,0.012376,0.405019,0.327341,-0.354224,0.525235,-0.165059,0.331759
-0.674670,0.834022,1.640992,0.120461,0.693833,0.392265,-1.063743,0.588694,0.042281,0.094082,0.159653,0.559119,0.903664,0.711360,0.329512,0.155550,0.106965,0.891608,-0.829380,0.772488,0.161960,-0.684730,-1.854946,-0.074197,-0.761077,-0.590790,1.339757,0.183631,-0.968986,-0.500156,0.392885,0.245994,580.598577,0.813345,-1.509227,0.159206,0.277888,1.891168,-0.832679,-1.090487,0.742677,0.170217,0.361365,0.266125,0.146873,1.167231,-0.784400,0.456520
-0.674670,0.701998,0.233369,0.170520,0.531878,0.490778,-1.469665,0.478844,0.773784,0.169706,0.448144,0.361921,0.903664,0.711360,0.218786,0.237359,0.172661,0.891608,-1.465022,0.772488,1.283992,-0.684730,-2.031414,0.312885,-0.761077,-0.665855,1.046260,0.247236,-0.882794,-0.356457,0.392885,0.593975,146.648860,1.383182,-1.476482,0.594852,0.327308,1.100690,-0.879242,-1.175053,0.649038,0.232991,0.391551,0.502009,0.146873,0.385321,-0.867460,0.461079
-0.164592,0.773482,1.248595,0.465631,0.571180,0.486295,-1.349707,0.264039,0.569035,0.331999,0.444978,0.530380,0.895946,2.221147,0.335064,0.488771,0.304883,1.193883,-1.306278,1.022759,1.283992,-0.346094,-1.456216,2.136188,-0.492387,-1.026188,1.691681,0.322220,0.087991,-0.949776,2.102004,0.330284,359.423942,1.180275,-1.750711,0.454375,0.309944,1.992713,-0.716186,0.118489,0.182413,0.448398,0.322800,0.139966,0.543985,0.697759,-1.131605,0.642530
0.230688,0.908500,3.125018,0.032103,0.538576,0.469910,-1.378975,0.266182,0.341542,0.016210,0.151989,0.259003,0.706255,-0.117482,0.131888,0.129131,0.014831,-0.245841,-1.293387,0.560838,0.014759,-0.281032,-1.915222,0.400464,-0.061018,-0.170491,0.850010,0.064234,-0.809012,-0.705674,0.261526,0.194880,812.957714,1.257501,-1.516686,0.057829,0.197006,2.004714,-0.391875,0.718426,0.114978,0.005738,0.243036,0.327420,-0.395053,0.305785,-0.829872,0.293095
-0.832650,0.764923,1.947118,0.134260,0.670990,0.398210,-1.469440,0.688029,0.160227,0.108019,0.187580,0.475272,0.964576,0.703052,0.356202,0.164707,0.127240,0.406621,-1.499863,0.790770,0.165979,-0.377638,-1.903830,-0.121267,-0.906966,-0.558651,0.950761,0.185393,-0.881161,-0.646641,0.413179,0.343993,701.041526,1.294929,-1.522739,0.169560,0.195325,1.685612,-0.851727,-1.030599,0.679818,0.179254,0.548335,0.276117,0.120883,1.106887,-0.650547,0.435758
-0.832650,0.639417,0.269670,0.142521,0.557040,0.257217,-1.374287,0.550773,0.888106,0.177101,0.358353,0.386899,0.964576,0.703052,0.305853,0.181623,0.142609,0.631712,-1.287912,0.790770,1.009613,-0.377638,-1.876117,-0.046069,-0.906966,-0.603254,0.950761,0.228410,-0.881161,-0.205146,0.413179,0.702248,169.401509,1.181742,-1.779038,0.614861,0.222147,1.106292,-0.922377,-1.208873,0.599384,0.214777,0.662308,0.612619,0.120883,0.787090,-0.723431,0.435758
-0.247861,0.656091,1.050824,0.311029,0.581906,0.429589,-1.175289,0.300871,0.883821,0.238807,0.273232,0.378973,0.810999,0.567344,0.311024,0.285149,0.232811,1.192911,-1.060010,0.698634,1.009613,-0.514400,-1.387575,1.049637,-0.451293,-0.713451,1.071144,0.292031,0.168328,-0.855377,1.238222,0.303973,281.573727,1.094738,-1.818112,0.522112,0.387984,1.483023,-0.723619,-0.258535,0.273012,0.290636,0.280052,0.156279,0.447760,1.201381,-1.247632,0.630540
0.022138,0.942968,3.465659,0.046560,0.571035,0.290652,-1.523091,0.288741,0.482183,0.024691,0.113519,0.348008,0.718248,-0.113005,0.196644,0.109460,0.024366,0.575273,-1.575294,0.573586,0.061066,-0.492314,-1.474253,0.855458,-0.080232,-0.029921,1.071144,0.075654,-0.804287,-0.787532,0.248967,0.188011,886.204301,1.426053,-1.638082,0.060221,0.330562,1.994434,-0.388277,0.655744,0.178788,0.007772,0.310540,0.381060,-0.375769,0.384636,-0.448929,0.630540
-0.814475,0.823103,2.130869,0.162213,0.695349,0.401420,-1.405074,0.602451,0.028330,0.100397,0.306474,0.362033,0.985861,0.884423,0.251661,0.187883,0.139055,0.270760,-1.197464,0.794580,0.384436,-0.794961,-1.004070,0.523950,-0.870322,-0.465751,0.936350,0.197732,-0.892776,-0.614806,0.498420,0.250534,692.977584,1.206430,-1.696261,0.182220,0.307680,2.029375,-0.910079,-1.027789,0.704491,0.208822,0.552269,0.271351,0.205854,1.219676,-0.852159,0.441983
-0.814475,0.669207,0.312372,0.211082,0.576286,0.276010,-1.334904,0.556008,0.829849,0.161207,0.436884,0.393026,0.985861,0.884423,0.271457,0.230563,0.172765,0.631185,-1.166468,0.837363,0.822158,-0.794961,-0.844635,0.542000,-0.870322,-0.465751,0.859623,0.204100,-0.891694,-0.249046,0.498420,0.702380,174.772966,1.159218,-1.736576,0.633266,0.189586,1.278998,-0.977239,-1.192942,0.616809,0.237983,0.493716,0.624492,0.205854,1.219676,-0.852159,0.391782
-0.349617,0.602567,1.031858,0.375555,0.563250,0.216155,-1.328268,0.366663,0.829849,0.283930,0.263379,0.452414,0.794889,1.072614,0.410722,0.274923,0.391762,1.215645,-1.296369,0.902277,0.822158,-0.485665,-1.377975,1.036609,-0.507672,-1.020069,1.233589,0.301625,0.056903,-1.099903,1.916586,0.344497,284.001369,1.264222,-1.748452,0.540029,0.271427,2.042815,-0.829326,-0.614112,0.369067,0.335153,0.343681,0.196080,1.267581,0.929585,-1.249278,0.550209
-0.175383,0.950114,3.254982,0.049971,0.578779,0.284994,-1.404073,0.337748,0.354951,0.023359,0.134272,0.328770,0.713975,-0.080348,0.221353,0.135717,0.044830,0.189679,-1.539930,0.705171,0.059535,-0.552857,-1.130022,0.690153,-0.100300,-0.306386,1.233589,0.081824,-0.874209,-0.926169,0.294320,0.355284,818.960097,1.335943,-1.484198,0.060936,0.266847,1.758810,-0.402614,0.671776,0.183810,0.015490,0.313487,0.388323,-0.117250,0.672997,-0.821045,0.550209
-0.461815,0.870959,1.774574,0.198210,0.701664,0.395532,-1.232183,0.477202,0.219747,0.101236,0.254806,0.289611,1.085971,0.937975,0.355432,0.152049,0.121421,0.020098,-1.148363,0.795970,0.163580,-0.771341,-0.860406,0.826994,-1.019834,-0.638700,0.887534,0.214939,-0.973051,-0.750366,0.570346,0.416403,579.912866,0.969558,-1.504518,0.186208,0.318619,1.981973,-0.792432,-1.049019,0.700119,0.212314,0.493005,0.315996,0.189637,1.430451,-1.001987,0.421161
-0.461815,0.685799,0.225676,0.262036,0.635756,0.466546,-1.342469,0.425664,1.011049,0.181297,0.393041,0.320414,1.085971,0.937975,0.349321,0.192780,0.157224,-0.025154,-1.295743,0.852304,0.930895,-0.771341,-0.819335,0.826994,-1.019834,-0.852587,0.887534,0.247346,-0.962373,-0.391326,0.570346,0.754881,135.743749,1.173732,-1.608037,0.695592,0.270968,1.074375,-0.950458,-1.163711,0.666615,0.237615,0.395629,0.696013,0.189637,1.430451,-1.001987,0.312718
-0.094089,0.624352,1.338044,0.344037,0.615307,0.341839,-1.389138,0.268235,1.011049,0.281031,0.322650,0.278610,0.822550,0.815202,0.379332,0.244714,0.318280,0.887234,-1.474400,0.858960,0.930895,-0.333579,-1.051465,0.725894,-0.501130,-0.962931,1.069891,0.329395,0.100997,-0.821332,1.667821,0.310094,389.569707,1.322498,-1.440881,0.591531,0.237003,2.175684,-0.890571,-0.602989,0.373429,0.346823,0.430628,0.240816,0.751535,1.273340,-0.825491,0.470433
0.093586,0.956048,3.901143,0.047422,0.571506,0.240853,-1.438376,0.268624,0.448948,0.013136,0.177088,0.432343,0.718179,-0.106143,0.207592,0.152599,0.020411,0.490964,-1.316372,0.572914,0.025437,-0.531455,-1.126708,0.719076,-0.100042,-0.089721,1.069891,0.109562,-0.916064,-0.821332,0.248679,0.416214,949.776313,1.282792,-1.320341,0.062381,0.205371,2.084552,-0.388697,0.600006,0.184110,0.006623,0.371425,0.423265,-0.307186,0.555069,-0.434539,0.470433
-0.753099,0.833819,2.114651,0.178827,0.698140,0.358530,-1.426296,0.585864,0.083048,0.096903,0.263425,0.417298,1.031187,1.055381,0.276100,0.165275,0.139458,0.048900,-1.129729,0.808008,0.403014,-0.755225,-1.225157,0.677866,-0.924289,-0.561264,0.852503,0.211226,-0.979257,-0.538242,0.577423,0.433053,672.844272,1.008401,-1.607727,0.180647,0.229034,1.402640,-0.995961,-1.092939,0.702298,0.217461,0.617729,0.280703,0.205065,1.367978,-1.037328,0.324620
-0.753099,0.712025,0.265855,0.241117,0.604195,0.285913,-1.481269,0.569114,1.064924,0.135681,0.442512,0.336168,1.031187,1.055381,0.255076,0.242019,0.165139,0.443611,-1.480278,0.841043,0.961140,-0.755225,-1.549624,0.677866,-0.924289,-0.561264,0.877179,0.226182,-0.979257,-0.259055,0.577423,0.933353,168.972953,1.293292,-1.717389,0.661436,0.209004,1.247248,-1.010437,-1.268981,0.644020,0.233838,0.613916,0.710787,0.205065,0.817091,-1.155486,0.292749
-0.402297,0.725453,0.475605,0.460677,0.606229,0.296461,-1.206012,0.352977,1.051601,0.339677,0.330605,0.378437,0.933229,1.829495,0.321602,0.286682,0.415695,0.894416,-1.178319,0.786540,0.961140,-1.180359,-1.363972,1.644914,-1.203994,-0.750637,0.869366,0.321094,0.316809,-1.054367,2.686487,0.415912,156.300804,1.182865,-1.745837,0.533726,0.444634,0.488145,-0.683699,-0.222718,0.280723,0.492108,0.375624,0.166951,0.993381,1.310264,-1.701119,0.594007
-0.182918,0.938595,2.924873,0.058827,0.590085,0.254244,-1.431761,0.403696,0.538638,0.028446,0.074468,0.230993,0.735106,-0.090286,0.227832,0.087477,0.029999,-0.091861,-1.349498,0.583056,0.025742,-0.376446,-1.506507,0.817720,-0.136754,0.007691,1.057178,0.089980,-0.791837,-0.781512,0.264361,0.278837,701.373134,1.243190,-1.571958,0.073233,0.226491,1.342034,-0.382338,0.646276,0.211194,0.011523,0.317387,0.425465,-0.262579,0.717225,-0.317887,0.594007
-0.540281,0.692985,0.406919,0.203114,0.639407,0.513086,-1.335041,0.548529,0.853316,0.131056,0.400027,0.493079,0.982400,0.963286,0.307945,0.198986,0.116225,0.308199,-1.342777,0.794342,0.934210,-0.866825,-1.439176,0.720102,-0.908874,-0.564805,0.839083,0.211605,-1.051650,-0.253195,0.493234,0.758494,199.608070,1.249450,-1.660816,0.677203,0.225043,1.062187,-1.009297,-1.221765,0.683126,0.215462,0.837990,0.722480,0.171798,1.668855,-1.097969,0.355334
-0.131064,1.123025,1.334454,0.017944,0.426663,0.422996,-1.166379,0.150125,0.347685,0.016133,0.034503,0.165138,0.496321,-0.132326,0.156128,0.047221,0.008995,0.139953,-1.120421,0.557099,0.026805,-0.146165,-0.576251,0.046533,-0.063482,0.098931,0.691774,0.072367,-0.476818,-0.467422,0.242099,0.171125,457.183993,1.005739,-1.671177,0.033720,0.125762,2.108765,-0.388986,0.907992,0.151609,0.003821,0.298445,0.303763,-0.399710,-0.195421,-0.083426,0.243491
0.510287,1.321287,0.304319,0.003270,0.371371,0.044972,-0.981385,0.037267,-0.572476,0.003100,0.010180,0.047625,0.376611,-0.133276,0.014976,0.010865,0.001812,-0.114751,-1.048159,0.545641,0.025547,-0.032747,0.010965,-0.307811,0.012311,0.183375,0.431940,0.009914,-0.628514,-0.133917,0.230049,0.071914,126.217746,0.832895,-1.534681,0.002649,0.014379,1.335727,-0.365683,1.293689,0.009228,0.001040,0.055658,0.016696,-0.428920,0.032784,0.025174,-0.074333
0.487190,1.276844,1.388427,0.010913,0.353836,0.632107,-1.479288,0.049372,-0.468199,0.011136,0.035322,0.229338,0.380005,-0.112997,0.045234,0.025249,0.005254,0.378877,-1.583350,0.550406,0.030388,-0.056656,-0.494203,-0.287154,0.000341,0.164269,0.493415,0.026554,-0.579389,-0.166571,0.244361,0.074343,333.975613,1.448080,-1.441066,0.012539,0.051166,1.529065,-0.393749,1.242110,0.023393,0.003570,0.321945,0.033294,-0.425789,0.094276,-0.011628,0.042176
-0.387006,0.756149,2.749793,0.352288,0.576837,0.325292,-1.429229,0.472681,0.097762,0.053052,0.130487,0.306737,0.722100,0.223432,0.232612,0.153598,0.106058,0.305739,-1.424792,0.695043,0.631268,-0.094451,-2.118749,-0.693312,-0.539528,-0.206828,0.749642,0.123156,-0.662790,-0.147964,0.320650,0.196105,742.310352,1.211596,-1.575659,0.093251,0.144045,1.635610,-0.598435,-0.626628,0.642051,0.062191,0.191120,0.195385,0.174432,0.209822,-0.301929,0.113887
-0.387006,0.511248,0.406275,0.352042,0.443501,0.203100,-1.327311,0.431209,0.496339,0.062675,0.223608,0.219976,0.722100,0.223432,0.210909,0.175649,0.111804,0.305739,-1.379343,0.716787,0.833940,-0.094451,-1.807800,0.393390,-0.539528,-0.206828,0.749642,0.127832,-0.584087,0.004962,0.318043,0.375570,194.871761,1.250657,-1.513037,0.411367,0.193754,1.648735,-0.786626,-0.715544,0.527242,0.091209,0.215225,0.370291,0.174432,0.022396,-0.548327,0.113887
0.006603,0.562834,0.231757,0.134090,0.234354,0.133041,-1.257722,0.209444,0.509591,0.025063,0.262843,0.399006,0.102375,-0.104660,0.055572,0.137959,0.120963,0.200483,-1.104576,0.681035,0.959983,0.233029,-1.193208,0.782138,0.103313,-0.099088,0.558714,0.153337,0.157010,-0.096284,0.233799,0.284436,114.022940,1.104987,-1.752692,0.139497,0.204879,1.079127,-0.786626,-0.715544,0.620326,0.051979,0.303319,0.107358,-0.249647,0.369461,-0.641679,0.071314
0.006603,0.766822,0.249326,0.169715,0.355236,0.203799,-1.340138,0.178120,0.791568,0.067435,0.286285,0.329214,0.609904,-0.004242,0.054369,0.121581,0.089961,0.025790,-1.326623,0.661731,0.959983,-0.209236,-1.052499,0.782138,-0.024034,-0.099088,0.553204,0.116465,0.421549,-0.320822,0.282463,0.192543,119.092922,1.260123,-1.857534,0.363203,0.153268,1.063576,-0.535664,0.027689,0.238072,0.120026,0.182541,0.125541,-0.283499,0.369461,-0.641679,0.071314
0.447877,1.119330,0.225959,0.000930,0.377830,0.004815,-0.664775,0.029036,-0.498056,0.052642,0.001560,0.010209,0.378289,-1.796564,0.076669,0.291494,0.010789,-0.234859,-0.910257,6.418939,0.017946,-0.025914,-1.143305,-0.360531,0.013644,3.880682,4.556304,0.061570,-0.570544,-0.113288,2.687290,0.032735,163.927244,0.604409,-1.443756,0.000299,0.093988,0.968503,-0.364144,1.105897,0.007863,0.032945,0.010444,0.017106,0.144749,12.591820,-0.011471,-4.875700
0.474712,1.129303,0.248019,0.001269,0.377699,0.010401,-0.665410,0.017614,-0.477002,0.052642,0.002106,0.005089,0.378248,-1.153080,0.076669,0.291494,0.010789,-0.243009,-0.883338,4.292972,0.019494,-0.027458,-1.167071,-0.363621,0.012111,2.453155,3.058810,0.061570,-0.564425,-0.114386,1.797582,0.034290,174.802343,0.594350,-1.458909,0.000355,0.093988,1.012366,-0.365014,1.115295,0.007648,0.032945,0.002935,0.020323,-0.065987,8.098483,-0.011887,-3.039930
0.468099,1.133751,0.272528,0.001064,0.378019,0.008737,-0.711465,0.018490,-0.493966,0.042124,0.001836,0.004281,0.379014,-0.509368,0.061351,0.233253,0.008634,-0.242473,-0.944704,2.090915,0.021219,-0.026272,-1.069533,-0.359972,0.013499,1.025122,1.507719,0.049268,-0.552113,-0.113783,0.876031,0.030593,134.749176,0.638624,-1.312529,0.000599,0.075210,1.027867,-0.365113,1.118587,0.007110,0.026363,0.004847,0.016322,-0.284265,3.444328,-0.008106,-1.203510
0.461348,1.090676,0.205894,0.001226,0.367835,0.015729,-0.777090,0.013773,-0.478025,0.001309,0.004846,0.018621,0.370713,-0.128696,0.017028,0.006721,0.001123,-0.235790,-0.928673,0.543646,0.017795,-0.090466,-1.045705,-0.359171,0.013557,0.163283,0.453514,0.007272,-0.542050,-0.148471,0.245384,0.031354,115.778554,0.660661,-1.366852,0.001325,0.017281,1.050116,-0.363601,1.060654,0.017941,0.000897,0.089353,0.017171,-0.433074,0.353190,-0.095703,-0.058760
0.294571,0.825569,1.361161,0.244579,0.539805,0.202513,-1.260179,0.252375,1.209042,0.068805,0.127883,0.124194,0.867517,0.390042,0.099464,0.093432,0.077573,0.032672,-1.194792,0.749637,0.373744,-0.336083,-1.332438,0.833761,-0.560621,-0.424663,0.679008,0.092464,-0.402593,-0.201887,0.583112,0.963820,414.458277,1.096939,-1.464590,0.219080,0.165131,1.937683,-0.584722,-0.977581,0.771455,0.093961,0.267267,0.550180,-0.029334,0.421167,-0.400597,0.079166
0.172287,0.540447,0.346028,0.258746,0.410908,0.395203,-1.373360,0.288881,1.239915,0.092959,0.169804,0.199716,0.867517,0.390042,0.154271,0.113842,0.106042,0.032672,-1.401322,0.749637,0.480791,-0.303006,-1.286805,0.843340,-0.560621,-0.424663,0.703656,0.175610,-0.027909,-0.255103,0.583112,0.498927,177.141017,1.257566,-1.643568,0.467705,0.194046,0.444393,-0.705587,-0.977581,0.583998,0.160048,0.399101,0.355027,-0.029334,0.711798,-0.419838,0.079166
-0.441986,0.523443,0.960083,0.340745,0.528962,0.690083,-1.514400,0.244147,1.158093,0.103574,0.230239,0.273740,0.895954,0.468622,0.407056,0.239595,0.200869,0.618238,-1.634170,0.670783,0.436395,-0.580874,-1.702558,0.711629,-0.593741,-1.019125,0.997666,0.353328,0.548668,-0.825842,1.178352,0.149783,295.267218,1.529300,-1.720660,0.381401,0.414194,2.005548,-0.654177,0.131923,0.173225,0.218403,0.394759,0.138173,0.450327,0.934634,-0.713637,1.324817
-0.021255,0.735520,3.632110,0.078470,0.569323,0.455740,-1.313233,0.392928,0.959554,0.024907,0.121101,0.469302,0.774292,-0.074124,0.242064,0.121829,0.034998,0.398328,-1.465872,0.572398,0.045544,-0.404055,-1.164310,0.711629,-0.095733,-1.019125,0.997666,0.050696,-0.655659,-0.838110,0.347288,0.423018,857.533020,1.338120,-1.461099,0.089019,0.243864,2.115574,-0.410371,0.378822,0.259867,0.012787,0.526575,0.473874,-0.355470,0.579161,-0.536359,0.384602
-0.796963,0.766033,2.813802,0.233281,0.715436,0.611832,-1.319309,0.647949,0.295994,0.111980,0.270790,0.467131,0.969315,1.064817,0.491461,0.163473,0.154107,0.254580,-1.375205,0.572346,0.050315,-1.340897,-1.595372,1.239480,-1.067970,-0.727518,0.975110,0.240537,-0.837644,-0.770158,0.546159,0.485119,878.203078,1.344586,-1.498798,0.180863,0.401660,2.163116,-0.939575,-0.684888,0.538422,0.234877,0.514542,0.359395,0.407128,0.781050,-1.032982,0.550325
-0.796963,0.683304,0.580723,0.248983,0.686749,0.547238,-1.326884,0.659537,1.267617,0.153110,0.399824,0.524977,0.969315,1.064817,0.468437,0.233048,0.196038,1.028709,-1.396939,0.747937,1.117474,-1.340897,-1.746977,1.239480,-1.067970,-0.727518,0.937999,0.262821,-0.837644,-0.349302,0.546159,0.833065,270.682394,1.282554,-1.490449,0.739086,0.438113,1.865575,-1.046685,-1.164863,0.712174,0.245661,0.359405,0.774270,0.407128,0.781050,-1.255617,0.550325
-0.315850,0.637310,1.310171,0.527120,0.741649,0.215115,-1.209695,0.503203,1.267617,0.398249,0.416690,0.614903,1.048710,1.768918,0.510769,0.434172,0.471369,1.808934,-1.265793,1.053763,1.117474,-0.748826,-1.809680,1.112472,-0.919520,-1.047541,0.857881,0.506616,0.452130,-1.316321,3.296366,0.283357,385.261666,1.149135,-1.835759,0.775934,0.348221,1.436217,-1.046685,-1.164195,0.658504,0.540163,0.604558,0.247989,1.539814,1.189331,-0.959963,0.752470
-0.315850,0.704159,3.599025,0.441200,0.674771,0.340190,-1.309907,0.538618,0.877332,0.110174,0.337537,0.791748,1.048710,1.768918,0.526409,0.351683,0.228225,1.808934,-1.246549,1.053763,0.304246,-0.748826,-1.114684,1.112472,-0.461515,-1.041537,1.240113,0.163831,-0.775316,-1.316321,0.435830,0.378477,787.181852,1.166192,-1.643822,0.140715,0.327767,1.885972,-0.507076,0.392825,0.176183,0.299518,0.679319,0.492487,0.457504,0.974184,-0.875631,0.537490
-0.879907,0.705680,2.923382,0.308448,0.757942,0.823403,-1.432319,0.681036,0.363544,0.171385,0.345679,0.526428,1.108220,1.999384,0.598754,0.312017,0.171348,0.257052,-1.323395,0.723498,0.128585,-0.981041,-1.398178,1.073412,-1.070935,-1.016962,1.240113,0.224370,-1.017245,-0.868145,0.530856,0.762342,848.491933,1.172973,-1.638118,0.192223,0.332415,2.201824,-1.152266,-0.797146,0.504652,0.338074,1.034354,0.435479,0.484798,1.299755,-1.875300,0.742727
-0.879907,0.658967,0.659086,0.289815,0.769214,0.954945,-1.439192,0.669927,1.356626,0.214400,0.403357,0.761905,1.108220,1.999384,0.629447,0.330739,0.182738,0.862717,-1.359679,0.817159,1.105657,-0.981041,-1.608872,1.073412,-1.070935,-1.016962,1.500256,0.272605,-1.017245,-0.454591,0.532513,1.121331,317.939802,1.293623,-1.584948,0.812964,0.330020,0.994815,-1.152266,-1.045200,0.689495,0.340578,0.985511,0.862806,0.484798,1.299755,-1.875300,0.742727
-0.269282,0.589442,1.070862,0.479374,0.791552,0.468626,-1.216270,0.463289,1.356626,0.367278,0.354338,0.797794,1.112182,1.632432,0.611666,0.417759,0.423579,2.648478,-1.182958,0.990394,1.105657,-0.769543,-1.717558,1.242392,-0.812867,-1.049506,1.397106,0.487326,0.456268,-1.078459,3.081304,0.400429,328.162707,1.213295,-1.894895,0.833695,0.400998,1.333156,-1.052129,-0.926564,0.620500,0.524137,0.511899,0.268075,1.279918,1.354543,-1.422089,1.090178
-0.269282,0.680773,2.856647,0.405515,0.727854,0.469420,-1.184572,0.392586,0.887687,0.272429,0.290415,1.135364,1.112182,1.632432,0.650113,0.408403,0.371940,2.648478,-1.100092,0.990394,0.462802,-0.769543,-1.235040,1.242392,-0.812867,-1.049506,1.459840,0.212408,-0.821649,-1.188835,3.081304,0.357827,854.077570,0.998305,-1.615243,0.184456,0.397425,1.852263,-0.402682,0.293365,0.266059,0.375563,0.618460,0.518434,1.279918,1.354543,-1.422089,1.090178
-1.251656,0.704140,2.446712,0.263943,0.760972,0.735859,-1.451346,0.684987,0.427695,0.164927,0.315077,0.892085,1.123899,1.399863,0.669456,0.300865,0.195566,1.009293,-1.576710,0.625634,0.234104,-0.832950,-1.278256,0.487726,-0.908078,-1.034220,1.459840,0.223847,-1.109745,-1.188835,0.770112,0.913757,948.827358,1.309690,-1.597866,0.202186,0.362586,1.803654,-1.220638,-0.693854,0.498673,0.310204,1.065701,0.469661,0.617368,1.222950,-1.809040,0.901503
-1.251656,0.651737,0.798545,0.268940,0.780265,0.820655,-1.459281,0.787216,1.101653,0.208093,0.366406,1.075598,1.123899,1.399863,0.652091,0.307888,0.196829,1.169990,-1.559534,0.722644,0.931576,-0.832950,-1.594872,0.943954,-0.908078,-1.034220,1.234992,0.266811,-1.109745,-0.568053,0.770112,1.205748,317.825144,1.369113,-1.718112,0.825096,0.348506,1.166656,-1.220638,-0.977093,0.703706,0.314316,1.064533,0.812882,0.617368,1.222950,-1.809040,0.901503
-0.159287,0.561751,1.427580,0.632391,0.813768,0.471727,-1.146048,0.501294,1.101653,0.450983,0.340282,0.688371,1.156362,1.612411,0.683633,0.491232,0.485153,1.819792,-1.215656,0.991260,0.931576,-0.821915,-1.697190,1.810522,-1.241711,-1.054561,1.162047,0.523038,0.207862,-1.002022,3.209152,0.263548,370.130129,1.213490,-1.869830,0.851151,0.457383,1.753874,-1.043183,-0.934863,0.589286,0.565065,0.568584,0.261852,1.689396,2.016624,-1.617401,1.179583
-0.159287,0.621751,2.747662,0.557780,0.692874,0.472146,-1.199309,0.372630,0.701378,0.369273,0.335493,0.976011,1.156362,1.612411,0.689474,0.483680,0.409354,1.819792,-1.188666,0.991260,0.287492,-0.866586,-1.617636,1.810522,-1.241711,-1.054561,1.656775,0.243244,-0.816862,-1.178891,3.209152,0.343476,706.450407,1.087763,-1.676904,0.197980,0.453783,1.551598,-0.434019,0.212827,0.296571,0.446107,0.676218,0.477332,1.689396,2.016624,-1.617401,1.179583
-0.174856,0.704330,2.124694,0.510149,0.724391,0.727487,-1.491953,0.427339,0.375005,0.130832,0.437554,0.590305,1.116657,1.680084,0.595051,0.258021,0.194521,0.346811,-1.457592,0.619779,0.328759,-1.147890,-1.602196,2.146701,-1.089053,-1.031488,1.656775,0.277571,-1.147156,-1.178891,0.558852,0.785605,711.867157,1.319063,-1.797076,0.218138,0.371137,2.200169,-0.968544,-0.945201,0.569862,0.314660,0.721640,0.463953,0.542355,2.325955,-1.424191,0.689129
-0.174856,0.684625,0.483553,0.459768,0.796509,0.841883,-1.470531,0.476561,1.094376,0.190166,0.551798,0.789300,1.116657,1.680084,0.541551,0.524319,0.315771,0.537810,-1.599829,0.803555,0.995063,-1.147890,-1.535719,3.140885,-1.089053,-1.031488,1.275543,0.310285,-1.147156,-0.296784,0.564455,1.092189,231.554667,1.394278,-1.755964,0.847133,0.388600,1.511821,-1.136317,-1.168176,0.727053,0.311927,0.662100,0.857002,0.542355,2.325955,-1.424191,0.434221
-0.058535,0.529023,1.262499,0.596138,0.807276,0.641182,-1.355457,0.445369,1.094376,0.376995,0.378136,0.495140,1.107617,1.925946,0.496332,0.616572,0.443197,1.973244,-1.424145,0.714871,0.887927,-1.037585,-1.786668,1.148939,-1.119095,-1.036613,1.165258,0.529927,0.496804,-1.401251,2.692231,0.482333,340.751089,1.312479,-1.672681,0.850648,0.383137,1.690808,-1.136317,-1.003513,0.534320,0.583821,0.526897,0.202721,1.594786,1.693623,-2.758213,1.253183
-0.058535,0.632643,2.366213,0.473934,0.652888,0.357351,-1.458113,0.321361,0.675180,0.304508,0.253374,0.914773,1.105666,1.925946,0.472398,0.412888,0.352945,1.973244,-1.599914,0.714871,0.189052,-1.088770,-1.428396,1.110371,-1.119095,-1.036613,1.434229,0.313228,-0.768656,-1.401251,2.692231,0.420152,683.386554,1.490895,-1.548380,0.190333,0.386416,1.972480,-0.421872,0.205509,0.299235,0.416833,0.649982,0.454658,1.594786,1.693623,-2.758213,1.253183
-0.797189,0.697245,1.877687,0.649986,0.700280,0.844784,-1.149232,0.557599,0.337727,0.147511,0.485058,0.447971,1.058828,1.975627,0.483999,0.249920,0.201128,-0.121301,-0.885235,0.641578,0.197718,-1.225147,-1.496815,3.309892,-0.943377,-1.023985,1.434229,0.229205,-1.106497,-1.079355,0.581141,0.883733,690.958687,0.895959,-1.737498,0.203018,0.330042,1.963670,-1.302189,-0.749432,0.520062,0.373647,0.679817,0.449217,0.549296,1.743056,-1.480784,0.634156
-0.797189,0.647651,0.526177,0.566274,0.784503,0.994162,-1.290847,0.660109,0.987431,0.193508,0.616355,0.482008,1.058828,1.975627,0.491163,0.550560,0.325020,0.244501,-1.249447,0.748936,1.015558,-1.225147,-1.227860,3.795384,-0.943377,-1.023985,1.150416,0.285653,-1.106497,-0.289111,0.581141,1.096699,250.571229,1.191054,-1.866667,0.828611,0.308958,0.351618,-1.302189,-1.089752,0.696972,0.378365,0.646108,0.805829,0.549296,1.743056,-1.529951,0.463120
0.320887,0.550693,1.100299,0.698699,0.799646,0.544357,-1.446661,0.351363,0.987431,0.385166,0.332708,0.549424,1.077839,1.635507,0.662060,0.695432,0.476167,1.516786,-1.576306,0.839131,0.671253,-1.152209,-1.810832,2.247666,-1.506602,-1.036382,1.150416,0.530827,0.215892,-1.092520,2.239232,0.395486,308.933374,1.425233,-1.913710,0.838363,0.432980,1.751012,-1.148294,-0.984233,0.578258,0.536933,0.586601,0.231690,1.856263,1.748053,-1.072104,1.157939
0.320887,0.666464,2.674626,0.542297,0.609867,0.642077,-1.091135,0.153576,0.585576,0.303829,0.211663,0.834040,1.077839,1.635507,0.595438,0.465000,0.381964,1.516786,-0.723855,0.714762,0.259101,-1.152209,-1.370825,1.100975,-1.506602,-1.035820,1.283778,0.262586,-0.773004,-1.101779,2.239232,0.529819,665.076324,0.703100,-1.766275,0.190459,0.411007,1.847991,-0.437187,0.265785,0.310496,0.384101,0.689458,0.389090,1.856263,1.748053,-1.213028,1.157939
-1.597707,0.760244,2.473773,0.721893,0.666990,0.925607,-1.314141,0.712774,0.328294,0.160502,0.372599,0.517054,1.068851,1.116467,0.468219,0.241334,0.260977,1.163106,-1.359749,0.628685,0.254173,-1.285888,-1.511501,1.699848,-0.436138,-0.940332,1.283778,0.208882,-1.147286,-1.101779,0.748358,1.035324,801.145808,1.257243,-1.724265,0.196812,0.327379,2.026776,-1.448978,-0.507530,0.428684,0.275354,0.721429,0.466443,0.902018,1.246161,-1.585039,0.748460
-1.597707,0.725087,0.909087,0.647218,0.744970,1.093178,-1.269674,0.900294,1.138998,0.197359,0.428246,0.706831,1.068851,1.116467,0.505954,0.373908,0.287456,0.970623,-1.291785,0.738945,0.889308,-1.285888,-1.528327,2.340277,-0.436138,-0.948684,1.182381,0.249746,-1.147286,-0.315467,1.021193,0.924806,360.054722,1.254346,-1.872337,0.784658,0.284971,2.049626,-1.448978,-1.123316,0.790714,0.302700,0.671405,0.827058,0.902018,1.246161,-1.585039,0.446565
-0.286450,0.608703,1.470571,0.638164,0.808544,0.601654,-1.235308,0.577453,1.138998,0.316053,0.319758,0.811210,1.147027,1.004627,0.656399,0.575322,0.488608,2.047258,-1.294479,0.832668,0.889308,-0.769252,-1.727107,1.436160,-1.742011,-1.036732,1.182381,0.537462,0.341935,-1.020912,1.421457,0.348431,394.000550,1.141560,-1.823216,0.849413,0.286958,2.058854,-1.139955,-1.110613,0.656273,0.465133,0.437640,0.238477,1.535112,1.554627,-0.777165,0.695802
-0.286450,0.684285,3.203852,0.544037,0.705415,0.476621,-1.384788,0.436808,0.696419,0.143288,0.277170,1.117116,1.147027,1.004627,0.617582,0.499580,0.412862,2.047258,-1.359288,0.832668,0.051898,-0.769252,-1.362827,1.188544,-1.742011,-1.036732,1.286053,0.260955,-0.854430,-1.025022,1.362292,0.358680,760.960252,1.144950,-1.765360,0.174536,0.507893,2.148065,-0.454828,0.323630,0.247605,0.192180,0.443886,0.426244,1.535112,1.533507,-0.791166,0.682438
-1.023806,0.728657,2.355089,0.381902,0.752167,0.804405,-1.497739,0.648102,0.274153,0.179547,0.363358,0.554209,1.177230,2.179436,0.583081,0.337559,0.187176,0.495820,-1.407009,0.619306,0.096485,-0.997645,-1.420200,1.275292,-1.152914,-1.025949,1.286053,0.260208,-1.153676,-1.025022,0.613223,1.041624,749.340285,1.223589,-1.727833,0.193806,0.559946,2.061751,-1.101303,-0.680698,0.502376,0.334130,0.794945,0.473578,0.628810,1.744162,-1.594427,1.143791
-1.023806,0.694094,0.635752,0.361379,0.793619,0.904330,-1.437601,0.737101,1.269134,0.230868,0.497066,0.704726,1.177230,2.179436,0.564690,0.402475,0.224884,0.779185,-1.340671,0.773436,1.206026,-0.997645,-1.528494,1.466845,-1.152914,-1.025949,1.208513,0.311284,-1.153676,-0.527355,0.530840,1.147360,294.348914,1.206361,-1.517486,0.840081,0.450711,1.404455,-1.101303,-1.025569,0.735217,0.327454,0.826287,0.886464,0.628810,1.744162,-1.603862,1.143791
-0.197071,0.604727,1.534547,0.551261,0.832663,0.568835,-1.344045,0.527849,1.269134,0.478961,0.484999,1.040748,1.226509,1.768697,0.628653,0.550604,0.417338,3.132964,-1.543168,1.075541,1.206026,-1.876903,-1.671670,2.158711,-0.670478,-1.063530,1.208513,0.542685,0.188120,-1.576074,3.002284,0.369385,419.114248,1.349435,-1.659357,0.874991,0.636964,1.929159,-1.054742,-0.998266,0.653650,0.563451,0.568034,0.322148,1.343544,1.627417,-1.480152,1.898904
-0.197071,0.619023,2.950366,0.467704,0.714197,0.593725,-1.462232,0.377929,0.680399,0.360375,0.417267,1.248573,1.226509,1.768697,0.620968,0.500033,0.331679,3.132964,-1.598625,1.075541,0.549430,-1.876903,-1.448166,2.158711,-0.670478,-1.063530,1.379943,0.240449,-0.852995,-1.576074,3.002284,0.333872,778.909668,1.391046,-1.494066,0.186023,0.604029,1.625990,-0.459036,0.234596,0.251303,0.404434,0.569987,0.439563,1.343544,1.627417,-1.480152,1.898904
-0.904755,0.644214,2.162717,0.372163,0.745694,0.678840,-1.385814,0.586884,0.261264,0.155505,0.441955,0.704064,1.081674,1.731371,0.559360,0.296824,0.199473,0.901833,-1.423922,0.625280,0.142249,-0.851018,-1.351512,1.112745,-1.055007,-0.974812,1.379943,0.221398,-1.093729,-1.081964,0.611027,0.853613,746.370291,1.244257,-1.689369,0.197384,0.356513,2.174925,-1.129343,-0.717225,0.495541,0.322785,0.803690,0.445033,0.624986,1.693276,-1.932746,0.796412
-0.904755,0.623447,0.623857,0.353178,0.791231,0.798993,-1.431738,0.603732,1.060368,0.253101,0.533998,0.836644,1.081674,1.731371,0.522848,0.357696,0.243634,0.901833,-1.268049,0.743543,1.056392,-0.851018,-1.442971,1.238129,-1.055007,-0.974812,1.064122,0.285325,-1.093729,-0.551992,0.611027,0.999865,283.141238,1.175878,-1.777308,0.837463,0.380254,0.349381,-1.154174,-1.018007,0.667473,0.317739,0.801777,0.809882,0.624986,1.693276,-1.932746,0.796412
-0.232249,0.554324,1.394531,0.556004,0.797007,0.376013,-1.290973,0.403853,1.060368,0.421020,0.404444,0.740843,1.064188,1.111903,0.547676,0.523719,0.420362,2.183996,-1.151101,0.937545,1.056392,-1.003409,-1.625657,1.037119,-0.970069,-1.043590,1.064122,0.511697,0.119767,-1.744429,2.496282,0.436127,429.251760,1.125986,-1.779884,0.836360,0.408037,1.571319,-1.154174,-0.924179,0.568978,0.487271,0.488181,0.240068,1.081252,1.253855,-1.299850,1.031290
-0.232249,0.597458,2.112120,0.422824,0.696485,0.382204,-1.251972,0.557932,0.618660,0.100921,0.274930,0.984332,1.064188,1.111903,0.538000,0.435002,0.276902,2.183996,-1.071394,0.937545,0.155381,-0.941928,-1.277413,1.037119,-0.707479,-1.043590,1.617243,0.227255,-0.918777,-1.744429,0.414593,0.209841,602.673651,1.044944,-1.626365,0.149984,0.365896,1.982031,-0.503730,0.332643,0.158967,0.211958,0.397397,0.479540,1.081252,1.024444,-0.638725,1.031290
0.790310,0.668056,0.732414,0.210533,0.704725,0.883533,-1.335743,0.311780,0.388325,0.132730,0.301451,0.878503,1.073040,1.040774,0.514093,0.303089,0.203614,0.846082,-1.369979,0.956603,0.853384,-0.694478,-1.806033,0.636421,-1.027215,-0.725867,1.204983,0.281415,-1.089960,-0.637082,0.681316,0.743496,293.895899,1.156370,-1.913283,0.609606,0.343704,1.122162,-1.031921,-1.121288,0.717915,0.236513,1.013046,0.501991,0.680938,2.647667,-1.404504,0.322607
0.297456,1.116542,0.669502,0.047513,0.333342,0.206149,-1.004497,0.135384,0.223182,0.064168,0.098433,0.216060,0.564074,0.137431,0.233742,0.152733,0.037833,0.171603,-1.107795,0.609055,0.246867,-0.750493,-1.236170,0.411831,-0.067946,-0.384907,0.880009,0.141481,-0.633357,-0.787454,0.619135,0.550682,301.818791,0.925302,-1.687190,0.070181,0.188932,1.841079,-0.403486,0.434933,0.315910,0.034847,0.238186,0.260723,-0.217990,0.095505,-0.515312,0.597453
0.450388,1.346132,0.266111,0.005389,0.373144,0.044153,-1.039657,0.027101,-0.590007,0.004328,0.010764,0.094659,0.383351,-0.131622,0.015410,0.014159,0.002504,-0.056376,-1.045425,0.549269,0.022648,-0.059103,-1.304906,-0.327599,0.000262,0.202472,0.432030,0.011642,-0.646737,-0.133267,0.232580,0.046077,140.787916,0.914008,-1.671897,0.005777,0.031237,1.089149,-0.365553,1.331632,0.010342,0.001006,0.076481,0.013346,-0.433954,-0.098224,-0.004529,-0.008864
0.537644,1.351535,0.237545,0.004674,0.374404,0.039180,-0.869537,0.024322,-0.658756,0.004061,0.013693,0.019859,0.391349,-0.132597,0.015736,0.016677,0.002986,-0.232958,-0.988911,0.547451,0.020668,-0.066566,-0.742815,-0.372382,0.010987,0.189158,0.430722,0.012292,-0.718378,-0.123441,0.229521,0.079350,142.007532,0.803219,-1.561024,0.006357,0.019748,0.909545,-0.363808,1.338887,0.007721,0.001052,0.083767,0.012742,-0.431026,0.019465,0.024425,-0.019355
0.588035,0.836424,0.785317,0.293799,0.505858,0.485343,-1.262288,0.219390,0.847774,0.047299,0.175840,0.182488,0.672940,0.207633,0.072916,0.083172,0.046746,-0.273888,-1.186595,0.710883,0.035361,-0.526450,-1.261006,0.934901,-0.451087,-0.138667,0.577030,0.099855,-0.674702,-0.098895,0.343763,1.068169,285.590647,1.133979,-1.804207,0.128043,0.116505,1.967747,-0.633340,-0.713265,0.695512,0.075066,0.264857,0.517849,-0.150006,0.218455,-0.346435,-0.029186
0.327894,0.499262,0.341835,0.263876,0.426370,0.273154,-1.331624,0.236516,0.974273,0.065576,0.178349,0.210586,0.672940,0.207633,0.105818,0.104162,0.062768,-0.136096,-1.187088,0.710883,0.045453,-0.526450,-1.279472,0.934901,-0.471267,-0.138667,0.627388,0.123993,-0.438003,-0.297384,0.465965,0.663374,206.216473,1.155001,-1.760991,0.384556,0.123949,1.036408,-0.814112,-0.730779,0.568226,0.079489,0.510099,0.443754,-0.150006,0.419279,-0.346435,0.010695
0.235354,0.442592,0.232411,0.155607,0.279110,0.084914,-1.319440,0.210458,0.974273,0.113714,0.152087,0.275427,0.676108,0.561685,0.183881,0.169082,0.114117,0.454463,-1.246042,0.685931,0.046767,-0.575745,-1.637641,0.735123,-0.471267,-0.493738,0.627388,0.155029,0.524747,-0.343712,0.687245,0.149336,123.306103,1.127024,-1.868362,0.330578,0.146937,1.002318,-0.814112,-0.730779,0.483404,0.196877,0.466129,0.136977,0.092567,0.714347,-0.829281,0.148817
0.156997,0.435647,0.271863,0.204790,0.465541,0.190011,-1.315723,0.146565,0.787541,0.104277,0.187674,0.264346,0.676108,0.561685,0.268926,0.150383,0.118864,0.531976,-1.388050,0.625160,0.088133,-0.575745,-1.791685,0.486666,-0.331447,-0.493738,0.974232,0.226724,0.035862,-0.567630,0.687245,0.101446,130.956800,1.236895,-1.753993,0.239513,0.312778,1.019219,-0.640275,0.150733,0.087372,0.183084,0.161195,0.220940,0.092567,0.714347,-0.990910,0.440770
-0.825375,0.863823,2.294061,0.130647,0.537156,0.578638,-1.279316,0.317828,0.192885,0.102789,0.266906,0.869058,0.924013,0.156195,0.241574,0.373506,0.138308,1.024355,-1.071890,0.631707,0.368728,-0.834539,-1.166505,0.432728,-0.202161,-1.041742,0.858597,0.177776,-0.144874,-0.967819,0.574825,0.168396,637.030045,1.018629,-1.746075,0.130615,0.383648,1.879254,-0.725188,0.632681,0.144530,0.064010,0.444472,0.115877,0.025191,0.833318,-0.692738,0.693835
0.208625,0.828721,1.358670,0.029381,0.517212,0.431550,-1.350719,0.394513,0.115169,0.053449,0.043610,0.412761,0.560291,-0.071305,0.101173,0.066427,0.012374,-0.233740,-1.322611,0.613122,0.013639,-0.694229,-1.226745,-0.498534,-0.060354,-0.029216,0.710678,0.070199,-0.144874,-0.436414,0.306936,0.187922,418.578322,1.134483,-1.734905,0.044122,0.111577,1.851041,-0.371654,0.617862,0.168857,0.012260,0.268486,0.081028,-0.412370,-0.066528,-0.529833,0.323162
0.973001,0.597290,0.396280,0.243130,0.405117,0.475831,-1.368138,0.150908,0.773560,0.031512,0.268779,0.394166,0.532335,0.053520,0.184553,0.098487,0.075424,-0.233740,-1.248574,0.646088,0.028446,-0.975824,-1.535358,1.882023,-0.767391,-0.233922,0.692032,0.046291,0.054604,-0.247036,0.306936,0.391689,224.796460,1.203002,-1.709769,0.066873,0.198272,1.263993,-0.579496,0.342809,0.091809,0.084901,0.288927,0.266187,-0.058057,-0.056778,-0.711250,0.265318
0.687727,0.683039,1.833376,0.141656,0.292256,0.238525,-0.974134,0.218178,0.548217,0.073820,0.141518,0.229100,0.402714,0.768830,0.159036,0.175109,0.098002,0.612968,-0.850463,0.628263,0.283077,-0.388282,-1.409532,0.377439,-0.227347,-0.481739,0.623870,0.091359,0.062529,-0.532477,0.976971,0.669310,523.597559,0.745930,-1.696407,0.056882,0.201991,2.289178,-0.526789,0.234874,0.224804,0.139123,0.268924,0.135368,0.084818,-0.068549,-0.582250,0.369018
0.476961,1.213855,0.261257,0.007788,0.357671,0.146793,-0.944167,0.059877,-0.425915,0.012299,0.030974,0.152386,0.392699,-0.114847,0.059669,0.030933,0.005081,0.165557,-1.096287,0.563926,0.019059,-0.167025,-1.573925,-0.381398,-0.007302,0.148406,0.513649,0.033421,-0.496664,-0.165893,0.239921,0.253142,143.007993,0.889646,-1.627172,0.020105,0.053968,1.012964,-0.368561,1.137446,0.063886,0.003570,0.175365,0.020811,-0.423447,-0.080258,-0.056884,0.060954
0.484656,1.354514,0.222412,0.008603,0.354553,0.076774,-1.179052,0.022309,-0.505900,0.010583,0.021735,0.059903,0.378837,-0.105567,0.023248,0.017464,0.004228,-0.294855,-1.112984,0.561969,0.029392,-0.146974,-1.211439,-0.308480,0.013114,0.167572,0.470971,0.019934,-0.625077,-0.119006,0.260176,0.081754,116.718109,1.147204,-1.476073,0.021982,0.010935,0.972277,-0.364424,1.321699,0.016799,0.005249,0.158394,0.031841,-0.417308,0.163211,0.016275,-0.057947
0.435552,0.890459,1.311294,0.183700,0.549698,0.185741,-1.430914,0.283312,1.105466,0.066705,0.091551,0.175672,0.862066,0.499958,0.105677,0.102002,0.073840,0.158447,-1.336718,0.774453,0.223064,-0.300606,-1.081679,0.249899,-0.446836,-0.389865,0.636492,0.122068,-0.544387,-0.097148,0.551044,0.864243,464.569483,1.236979,-1.464984,0.215250,0.111642,2.063967,-0.626317,-1.014847,0.865548,0.116015,0.258055,0.591605,-0.022735,0.742602,-0.216793,0.010544
0.304207,0.553218,0.389741,0.218130,0.388151,0.208693,-1.506326,0.266613,1.141478,0.090363,0.166843,0.207265,0.862066,0.499958,0.148825,0.094592,0.102643,0.181032,-1.538472,0.774453,0.525504,-0.321683,-1.139939,0.599900,-0.446836,-0.389865,0.644181,0.177587,-0.030326,-0.261082,0.551044,0.365616,222.180871,1.431759,-1.700173,0.446747,0.162597,1.263755,-0.734169,-1.014847,0.576144,0.184529,0.237969,0.328033,-0.022735,0.746319,-0.367399,0.014852
-0.182727,0.537717,0.673453,0.277206,0.513067,0.334744,-1.386522,0.198865,1.084160,0.206215,0.294024,0.232389,0.834218,0.850824,0.446896,0.280298,0.224372,0.404284,-1.503357,0.847767,0.371885,-0.568328,-1.785077,1.118354,-0.436059,-0.648601,1.337570,0.297543,0.373045,-0.734707,1.816288,0.128162,220.458310,1.338688,-1.769111,0.333076,0.334171,1.548152,-0.647172,0.171428,0.146686,0.296555,0.212420,0.164041,0.457338,0.887508,-0.946642,0.892747
0.046923,0.830287,4.012991,0.065966,0.571601,0.361885,-1.420904,0.351654,0.793688,0.023680,0.234484,0.340111,0.746714,-0.064827,0.288330,0.199626,0.030312,0.039921,-1.338866,0.586986,0.052330,-0.417598,-1.172793,0.619107,-0.068691,0.007226,1.337570,0.048000,-0.711473,-0.742971,0.281782,0.386470,899.640175,1.192209,-1.416267,0.070225,0.205145,1.490959,-0.378324,0.425902,0.250839,0.013895,0.339972,0.427289,-0.367532,0.700300,-0.602491,0.354827
-0.709812,0.793402,3.020485,0.246032,0.719422,0.686999,-1.485193,0.628266,0.162144,0.099760,0.287776,0.321964,0.989501,1.035233,0.399875,0.172739,0.122265,0.045642,-1.516892,0.665392,0.064103,-1.090761,-1.078841,0.557701,-0.952555,-0.518211,0.968504,0.199115,-0.886101,-0.742971,0.423142,0.453547,873.244509,1.367375,-1.556264,0.156358,0.333071,1.536639,-0.844313,-0.695903,0.575242,0.206988,0.604708,0.324770,0.220695,1.148756,-1.226596,0.414895
-0.709812,0.608492,0.305395,0.240286,0.676775,0.696249,-1.350218,0.577398,1.186920,0.160471,0.393628,0.350558,0.989501,1.035233,0.375278,0.211298,0.125377,0.483483,-1.369143,0.785138,0.878368,-1.090761,-1.442547,1.172342,-0.952555,-0.518211,0.867444,0.227663,-0.886101,-0.361315,0.426692,0.882001,203.739487,1.268346,-1.687388,0.724260,0.347346,1.035194,-1.005859,-0.936606,0.621618,0.215250,0.641979,0.757038,0.220695,1.148756,-1.226596,0.414895
-0.184705,0.597758,0.939931,0.440315,0.712187,0.303168,-1.388948,0.394147,1.186920,0.335069,0.325259,0.537356,0.937247,1.089776,0.414386,0.365310,0.341117,1.425430,-1.377195,1.089068,0.878368,-0.534418,-1.645927,1.211517,-0.754134,-1.040306,0.782688,0.421400,0.354874,-0.909683,2.108854,0.294187,277.534681,1.249376,-1.685156,0.735500,0.326145,1.530298,-1.005013,-0.899893,0.546800,0.398512,0.387705,0.235056,0.826954,1.471093,-0.706098,0.637710
-0.184705,0.824682,3.304433,0.295995,0.632301,0.407581,-1.478735,0.439775,0.715320,0.063242,0.323773,0.702525,0.937247,0.603321,0.306207,0.272615,0.101173,1.425430,-1.425167,0.683899,0.032068,-0.723963,-1.292646,1.211517,-0.336877,-0.290893,1.077489,0.159467,-0.825737,-0.923808,0.293539,0.524321,782.566821,1.304534,-1.513002,0.136574,0.282232,2.137570,-0.457203,0.436167,0.273826,0.101602,0.359300,0.504310,0.037686,0.690652,-0.672226,0.637710
-0.748189,0.843947,2.733834,0.304082,0.733808,0.763825,-1.496992,0.599150,0.240460,0.159957,0.270399,0.403390,1.176349,1.544009,0.530772,0.264872,0.162593,0.068467,-1.495412,0.648595,0.257027,-1.253657,-1.398548,0.838932,-1.149723,-0.904001,1.077489,0.279959,-1.066875,-0.923808,0.444254,0.747991,879.212239,1.395849,-1.542239,0.223118,0.418990,2.319100,-0.916118,-0.797303,0.592912,0.299313,0.870287,0.389923,0.263450,1.766291,-1.728002,0.601908
-0.748189,0.665308,0.559888,0.305069,0.796332,0.767833,-1.314646,0.635024,1.217209,0.197143,0.364080,0.520989,1.176349,1.544009,0.603175,0.291479,0.167389,0.554457,-1.141199,0.790900,1.018135,-1.253657,-1.562515,1.217580,-1.149723,-0.904001,1.239377,0.301515,-1.066875,-0.344847,0.473690,1.103047,268.114066,1.166857,-1.484133,0.843563,0.427627,1.381445,-1.116062,-0.998076,0.718529,0.289320,0.846473,0.826847,0.263450,1.766291,-1.728002,0.601908
-0.368027,0.582437,1.330260,0.602805,0.834934,0.397689,-1.361579,0.538191,1.217209,0.484916,0.411820,0.669986,1.169136,2.177795,0.677282,0.623822,0.511067,1.917239,-1.465680,1.292917,1.047792,-0.854274,-1.880090,1.839480,-0.610754,-1.031022,1.239377,0.594802,0.319541,-2.041644,3.437838,0.302040,398.861350,1.269424,-1.949866,0.871211,0.442811,1.962140,-1.099889,-0.875216,0.580053,0.643726,0.592623,0.264690,1.816036,1.800992,-1.564043,0.951117
-0.368027,0.689397,2.899517,0.531725,0.697267,0.621025,-1.268698,0.512360,0.758157,0.400860,0.350164,1.011578,1.169136,2.177795,0.648501,0.597175,0.446188,1.917239,-1.066833,1.292917,0.836207,-0.863691,-1.614953,1.839480,-0.610754,-1.009997,1.674787,0.360876,-0.817192,-2.041644,3.437838,0.325718,726.608288,1.021991,-1.525334,0.178956,0.469397,2.022237,-0.662003,0.273253,0.263632,0.511814,0.741189,0.463973,1.816036,1.800992,-1.564043,0.951117
-1.021243,0.711733,2.722780,0.295133,0.764337,0.833680,-1.308072,0.699673,0.305002,0.170821,0.402099,0.650593,1.133071,2.083084,0.628574,0.344521,0.189922,0.505050,-1.061866,0.664975,0.178685,-1.145341,-1.419062,0.493705,-0.955265,-0.826120,1.674787,0.236207,-1.072446,-1.040093,0.499853,0.920610,881.430812,1.028354,-1.621378,0.220564,0.399356,2.270726,-1.050060,-0.736853,0.521357,0.310271,1.386667,0.438671,0.596329,1.813831,-1.902907,0.818248
-1.021243,0.645552,0.968901,0.296947,0.808405,0.786862,-1.471844,0.727940,1.020595,0.215659,0.473154,0.922169,1.133071,2.083084,0.609847,0.371750,0.205866,0.858653,-1.453009,0.753051,1.001666,-1.145341,-1.423578,0.958723,-0.955265,-0.826120,1.367322,0.293008,-1.072446,-0.485857,0.499853,1.177839,402.157933,1.317510,-1.828110,0.855297,0.398670,1.560512,-1.086100,-1.049637,0.693713,0.309849,1.370509,0.794037,0.596329,1.813831,-1.902907,0.818248
-0.332668,0.527034,1.245622,0.579158,0.842400,0.526391,-1.154636,0.518026,1.020595,0.400251,0.369579,0.540422,1.185048,1.348109,0.698341,0.439622,0.435830,1.910803,-1.057032,0.859171,1.001666,-0.738599,-1.719880,1.222244,-1.368382,-1.039288,1.367322,0.543865,0.347176,-1.119356,2.824431,0.351553,322.241494,1.119438,-1.874551,0.883998,0.347618,1.671006,-1.068600,-0.946437,0.566125,0.489010,0.516274,0.194857,1.259973,1.797866,-1.263796,0.850114
-0.332668,0.546056,3.300894,0.488708,0.696623,0.450625,-1.170663,0.493977,0.688073,0.190007,0.280747,0.870930,1.185048,1.348109,0.631347,0.357276,0.336884,1.910803,-0.794958,0.859171,0.366788,-1.043544,-1.372653,1.222244,-1.368382,-1.039288,1.851735,0.297086,-0.871073,-1.291387,2.824431,0.390353,747.341400,0.807262,-1.638783,0.235796,0.320702,2.128067,-0.470094,0.136908,0.318713,0.308723,0.476604,0.481475,1.259973,1.797866,-1.263796,0.850114
-0.316950,0.658366,2.578337,0.496994,0.716215,0.766290,-1.417355,0.476533,0.393119,0.132289,0.460914,0.592382,1.098255,2.218949,0.588840,0.280861,0.208989,0.746088,-1.440045,0.689682,0.311132,-1.093546,-1.401304,2.647813,-1.026139,-1.030616,1.851735,0.247319,-1.139066,-1.291387,0.565508,0.914697,780.104890,1.317179,-1.733630,0.230514,0.329376,2.186684,-0.994916,-0.869004,0.555607,0.326214,0.557051,0.482240,0.651890,1.849131,-1.298826,0.563978
-0.316950,0.673486,0.355982,0.441429,0.797646,0.778536,-1.394273,0.524695,0.931440,0.170241,0.581182,0.687639,1.098255,2.218949,0.567965,0.500577,0.303435,0.746088,-1.444854,0.725341,0.951651,-1.046935,-1.367436,3.689979,-1.026139,-1.030616,1.272068,0.268629,-1.139066,-0.314533,0.565508,1.164813,213.977062,1.237666,-1.753385,0.849334,0.337493,0.634960,-1.116972,-1.167046,0.711109,0.328831,0.564990,0.798273,0.651890,1.849131,-1.342472,0.563978
-0.110365,0.532339,0.917671,0.664764,0.813595,0.540986,-1.415738,0.495783,0.931440,0.413407,0.398696,0.773372,1.107813,1.667885,0.654151,0.792703,0.567310,2.262893,-1.350543,0.996270,0.938633,-1.795403,-1.763672,1.434196,-2.052086,-1.031933,1.224203,0.550811,0.423494,-1.055340,2.944920,0.518280,277.805731,1.175942,-1.681547,0.851093,0.430930,1.824875,-1.116972,-1.014286,0.538311,0.599117,0.566060,0.147717,1.961590,1.920794,-2.267817,1.217419
-0.110365,0.630448,2.402733,0.530237,0.663390,0.368920,-1.600708,0.405610,0.726063,0.174272,0.295722,1.090345,1.026923,1.667885,0.592275,0.510200,0.471447,2.262893,-1.562986,0.996270,0.192993,-1.795403,-1.449989,1.214954,-2.038316,-1.031933,1.358087,0.298598,-0.775319,-1.115682,2.480019,0.442861,590.678775,1.445194,-1.725978,0.159082,0.383744,1.895718,-0.473733,0.231446,0.303913,0.428993,0.633734,0.469945,1.961590,1.724151,-2.267817,1.217419
-0.260936,0.703935,1.931144,0.603695,0.709501,0.665327,-1.425079,0.475475,0.413119,0.146870,0.479102,0.365598,1.059746,1.550896,0.558661,0.291867,0.174654,-0.351482,-1.229623,0.690232,0.102421,-1.376740,-1.608807,3.024789,-1.091446,-0.929084,1.358087,0.264625,-1.121079,-1.115682,0.491568,0.731465,621.540874,1.115220,-1.917706,0.189994,0.435870,2.146605,-1.020649,-0.900584,0.556792,0.296531,0.590200,0.475145,0.374251,2.049986,-1.279271,0.563912
-0.260936,0.680245,0.361393,0.499972,0.758852,0.777875,-1.505756,0.518685,0.916771,0.170848,0.541158,0.528715,1.059746,1.550896,0.554888,0.441288,0.269133,0.427264,-1.503924,0.776497,0.915396,-1.376740,-1.450362,3.634506,-1.091446,-0.929084,1.200407,0.262256,-1.121079,-0.338351,0.492524,0.908086,209.606607,1.393495,-1.772286,0.810421,0.421956,0.993038,-1.089238,-1.097143,0.710426,0.309025,0.464046,0.762063,0.374251,2.049986,-1.279271,0.563912
0.471511,0.574705,1.055134,0.793344,0.806028,0.485601,-1.193463,0.274682,0.916771,0.340063,0.340375,0.911335,1.109484,1.754818,0.665743,0.701473,0.528957,1.714672,-1.123209,0.819569,0.839122,-1.244516,-1.902220,2.332730,-1.816340,-1.044106,1.200407,0.610869,-0.017956,-1.003031,2.026469,0.234656,306.587824,1.004472,-1.908867,0.845087,0.603131,1.691561,-1.089238,-1.037024,0.596465,0.574710,0.501635,0.266057,1.799950,1.561510,-1.311329,1.534521
0.471511,0.634833,2.522549,0.605367,0.625255,0.753826,-1.541730,0.164186,0.557721,0.130987,0.283108,1.052178,1.109484,1.754818,0.589196,0.374344,0.434952,1.714672,-1.705520,0.813888,0.371817,-1.244516,-1.502662,1.073078,-1.816340,-1.038227,1.404501,0.361604,-0.771930,-1.003031,2.026469,0.562383,637.979098,1.468896,-1.799987,0.201771,0.583458,1.526716,-0.470313,0.258641,0.259089,0.428838,0.527987,0.403910,1.799950,1.456652,-1.451326,1.534521
-1.779298,0.690647,2.479929,0.663105,0.625427,0.874340,-1.420386,0.819718,0.220471,0.153206,0.362686,0.523077,0.971389,0.897911,0.460898,0.259850,0.210577,0.528647,-1.525700,0.611930,0.431398,-1.124246,-1.585024,1.851969,-0.382395,-0.612938,1.404501,0.145321,-1.161889,-0.993519,0.421757,1.101902,803.918394,1.301700,-1.794420,0.148863,0.349322,1.969515,-1.483568,-0.412346,0.352918,0.257152,0.760874,0.435924,1.000368,1.879936,-1.451326,0.811096
-1.779298,0.711272,0.924477,0.561946,0.683714,1.018199,-1.354243,0.971911,1.170665,0.174919,0.443167,0.556225,0.971389,0.897911,0.507707,0.387866,0.247415,0.671884,-1.457140,0.668294,0.781550,-1.115383,-1.591967,2.504910,-0.382395,-0.865208,1.309740,0.193278,-1.161889,-0.251562,0.784124,0.901363,356.363819,1.278576,-1.839043,0.728892,0.216869,0.557369,-1.483568,-1.239226,0.758416,0.291287,0.764195,0.857524,1.000368,1.879936,-1.399253,0.436551
-0.241755,0.634062,0.704007,0.602950,0.815399,0.541424,-1.360609,0.584803,1.170665,0.448928,0.349994,0.753080,1.113563,1.789895,0.555403,0.615881,0.467374,2.278788,-1.359071,1.091320,0.781550,-1.046135,-1.728708,1.289482,-1.383338,-1.048369,1.309740,0.539779,0.388444,-1.027305,3.047740,0.497881,210.163123,1.143244,-1.826962,0.851823,0.315334,1.543615,-1.062837,-1.200227,0.673621,0.601056,0.322019,0.240481,1.346677,1.300012,-1.044349,0.948094
-0.241755,0.738416,3.208022,0.514375,0.683967,0.445836,-1.194253,0.430588,0.637997,0.297616,0.285786,1.036316,1.035558,1.789895,0.510684,0.530516,0.381294,2.278788,-1.304596,1.091320,0.276145,-1.046135,-1.490188,1.078209,-1.383338,-1.048369,1.289723,0.234208,-0.839277,-1.062513,3.047740,0.354205,715.229019,1.049760,-1.784088,0.145474,0.380733,2.229079,-0.418352,0.352961,0.287770,0.446194,0.318883,0.467918,1.346677,1.284638,-1.044349,0.948094
-1.066101,0.759364,2.994384,0.365251,0.758270,0.641785,-1.295696,0.678888,0.210796,0.145880,0.418177,0.415137,1.081771,1.190685,0.471028,0.292920,0.207542,0.317762,-1.229335,0.658576,0.207294,-0.994346,-1.288966,0.861182,-1.157251,-0.956079,1.289723,0.237241,-1.125023,-1.062513,0.518829,0.836954,900.070962,1.137372,-1.725797,0.193651,0.330707,2.288041,-1.116355,-0.726488,0.552539,0.284850,0.624673,0.414811,0.533845,1.409469,-1.469481,0.513384
-1.066101,0.692040,0.678507,0.350411,0.779835,0.693387,-1.351961,0.744127,1.122422,0.205927,0.530741,0.663766,1.081771,1.190685,0.470199,0.348379,0.224539,0.913573,-1.317381,0.778206,1.021114,-0.994346,-1.690365,1.160606,-1.157251,-0.956079,1.064104,0.277819,-1.125023,-0.368343,0.410771,1.079882,306.582368,1.206816,-1.814465,0.825861,0.296755,1.835651,-1.116355,-1.109096,0.724009,0.287967,0.583209,0.838253,0.533845,1.409469,-1.469481,0.513384
-0.253244,0.599594,1.227373,0.582106,0.801227,0.387599,-1.309958,0.536480,1.122422,0.427821,0.321197,0.792622,1.080225,1.952587,0.590647,0.539972,0.444325,2.509544,-1.430576,1.308914,1.021114,-0.892321,-1.758798,1.836098,-0.787857,-1.038860,1.048858,0.533564,0.178314,-1.293833,2.774087,0.416850,385.335467,1.231993,-2.008076,0.840440,0.388310,1.779523,-1.008516,-1.067596,0.639113,0.558693,0.450685,0.270088,1.272109,1.356703,-1.856813,1.034121
-0.253244,0.704672,3.044543,0.515946,0.689027,0.552221,-1.033140,0.365021,0.561256,0.225824,0.305937,1.110051,1.080225,1.952587,0.576685,0.493740,0.384230,2.509544,-0.848290,1.308914,0.375092,-0.892321,-1.507104,1.836098,-0.787857,-1.038860,1.272515,0.261622,-0.907754,-1.293833,2.774087,0.316079,842.574693,0.767865,-1.724829,0.170506,0.444304,1.961646,-0.579168,0.287389,0.283915,0.412484,0.496056,0.443193,1.272109,1.096294,-1.856813,1.034121
-1.041875,0.738020,2.042077,0.364932,0.737707,0.811005,-1.241602,0.602703,0.118927,0.124781,0.364893,0.553389,1.096686,1.150999,0.456619,0.272175,0.210384,0.227748,-1.079579,0.652781,0.149054,-0.887640,-1.365967,1.075926,-1.063943,-0.931733,1.272515,0.217199,-1.090030,-1.135311,0.566086,0.831349,734.304509,0.951095,-1.545771,0.211110,0.438883,1.899614,-1.132418,-0.817148,0.565661,0.282957,1.227316,0.389352,0.589877,2.239186,-1.673183,0.686132
-1.041875,0.646761,0.333311,0.323000,0.774332,0.789872,-1.313266,0.655113,0.855225,0.237392,0.491816,0.757947,1.096686,1.150999,0.446387,0.306025,0.239394,0.519395,-1.435809,0.747320,0.992591,-0.887640,-1.498252,1.300096,-1.063943,-1.023457,1.072130,0.302463,-1.090030,-0.383263,0.566086,1.023580,192.495073,1.227265,-1.747961,0.833701,0.387444,1.140616,-1.132418,-1.070262,0.684741,0.322690,1.235924,0.745263,0.589877,2.239186,-1.673183,0.686132
-0.277824,0.540199,1.773725,0.535858,0.786303,0.400249,-1.124321,0.404448,0.855225,0.433325,0.343217,0.701688,1.113891,1.980722,0.573503,0.522129,0.533001,1.982435,-1.226516,1.150014,0.992591,-0.871108,-1.605250,1.969972,-1.138497,-1.043041,1.072130,0.497397,0.030957,-1.100601,3.444605,0.378812,504.423458,1.109300,-1.886878,0.810231,0.500027,1.748016,-1.038762,-0.805636,0.450462,0.585441,0.417589,0.246497,1.627296,2.088706,-1.922966,1.190941
-0.203415,0.544906,2.278574,0.164526,0.621656,0.566627,-1.109120,0.427541,0.493545,0.043553,0.281863,0.759848,1.037323,0.143984,0.416312,0.220143,0.116547,1.819172,-1.085407,0.767191,0.101935,-0.871108,-1.194326,1.421721,-0.114491,-0.245425,1.373536,0.169001,-0.866678,-0.891596,0.305562,0.200455,623.494955,1.132731,-1.732145,0.127302,0.357719,1.777447,-0.405025,0.275018,0.158390,0.051574,0.279599,0.394198,0.174827,0.800928,-1.922966,1.190941
0.599910,0.571149,0.439339,0.205015,0.625965,0.313142,-1.200214,0.330782,0.264486,0.179045,0.361188,0.630105,1.052728,0.995771,0.364693,0.291483,0.145437,0.560035,-1.119564,0.968655,0.707247,-0.538151,-1.759454,0.325530,-0.848104,-0.589550,0.895188,0.250701,-1.112444,-0.455064,0.658050,0.695555,219.531674,0.967447,-1.574323,0.588552,0.232779,1.351898,-1.040341,-1.062656,0.614339,0.251324,0.821634,0.495211,0.036643,1.482452,-0.977226,0.382766
0.465472,1.259834,0.302896,0.021137,0.351920,0.147724,-1.046912,0.058226,-0.230315,0.029670,0.048175,0.163112,0.411238,-0.127671,0.089865,0.045272,0.009629,0.181118,-1.154095,0.574897,0.049635,-0.098183,-0.900742,-0.103283,-0.003923,-0.188164,0.622087,0.093643,-0.736864,-0.540088,0.243468,0.220721,187.458290,1.036550,-1.620522,0.054498,0.090383,1.191572,-0.369322,0.854145,0.136346,0.002773,0.269850,0.122020,-0.415780,0.368956,-0.202095,0.132248
0.622676,1.347166,0.256799,0.002930,0.367574,0.039175,-0.950203,0.014354,-0.688468,0.003526,0.007610,0.047765,0.374510,-0.132075,0.014363,0.008783,0.001779,-0.072146,-1.079977,0.545847,0.017846,-0.050514,-0.698627,-0.352246,0.011050,0.196905,0.440349,0.012788,-0.800784,-0.125056,0.231784,0.047198,135.449197,0.928587,-1.599457,0.004595,0.014837,1.023966,-0.365413,1.306291,0.022282,0.000912,0.082986,0.029710,-0.432583,0.157248,-0.013774,-0.032109
0.586988,1.338965,0.240483,0.004873,0.366097,0.043302,-0.908058,0.014780,-0.722091,0.002934,0.008279,0.024086,0.369459,-0.131290,0.014206,0.011655,0.002550,-0.272846,-1.105819,0.545939,0.023812,-0.048764,-0.737085,-0.363941,0.011316,0.191628,0.428101,0.007771,-0.773108,-0.112668,0.231005,0.053754,133.999100,0.901959,-1.574107,0.001848,0.019744,1.069323,-0.364389,1.324870,0.005859,0.001051,0.057745,0.012266,-0.433294,0.047844,0.010507,-0.020221
0.617268,0.868065,0.895202,0.276283,0.491896,0.356795,-1.301176,0.183847,0.900395,0.045846,0.142451,0.158518,0.627957,0.207463,0.067548,0.097389,0.048815,-0.274840,-1.251878,0.703244,0.037340,-0.958661,-1.257887,0.423428,-0.200753,-0.170239,0.568027,0.111100,-0.732658,-0.091479,0.263954,0.896383,303.074935,1.174816,-1.577285,0.096554,0.127385,1.976212,-0.542572,-0.667258,0.652876,0.066536,0.210600,0.528759,-0.151446,0.519722,-0.268179,-0.031946
0.534804,0.503193,0.449038,0.268424,0.397416,0.228275,-1.304688,0.162949,1.008437,0.058727,0.222962,0.157112,0.627957,0.207463,0.098417,0.123509,0.075407,-0.195158,-1.355303,0.703244,0.037340,-0.958661,-1.310658,0.423428,-0.628294,-0.170239,0.646592,0.151527,-0.498040,-0.288174,0.493459,0.572752,209.175708,1.245084,-1.740409,0.349098,0.122358,1.529728,-0.868007,-0.683697,0.579174,0.086230,0.178325,0.492293,-0.151446,0.519722,-0.268179,0.013570
0.207075,0.346334,0.273263,0.239996,0.278431,0.297336,-1.340589,0.208834,1.008437,0.124697,0.217216,0.311011,0.688740,0.644323,0.226407,0.202170,0.169028,0.443910,-1.452563,0.698244,0.086329,-0.705320,-1.679598,0.325395,-0.628294,-1.006149,0.646592,0.200709,0.521039,-0.570325,1.031905,0.214523,131.978622,1.336557,-1.709762,0.318198,0.137486,1.001511,-0.868007,-0.683681,0.389016,0.171834,0.214415,0.150835,0.458685,0.673443,-0.741073,0.618953
0.198673,0.297862,0.303429,0.216996,0.479326,0.366792,-1.303463,0.169735,0.762509,0.120780,0.247084,0.361707,0.694310,0.644323,0.296707,0.165765,0.162850,0.443910,-1.412524,0.698244,0.086329,-0.929100,-1.805004,0.590946,-0.443098,-1.006149,0.816054,0.257381,0.073810,-0.779981,1.031905,0.291239,134.159415,1.293247,-1.584593,0.157245,0.442392,0.334776,-0.512610,0.131305,0.095449,0.162156,0.303753,0.220218,0.458685,0.673443,-1.197015,0.683257
-0.841269,0.607850,1.631106,0.264053,0.575298,0.513132,-1.247074,0.417260,0.335822,0.097256,0.272070,0.720252,0.994631,0.411343,0.360868,0.320594,0.217808,0.664334,-1.190369,0.714676,0.522634,-0.987792,-1.159036,0.470124,-0.256894,-1.039856,2.332657,0.179724,-0.049815,-0.928860,0.512650,0.185248,410.125977,1.131592,-1.629081,0.137094,0.369145,2.116585,-0.799386,0.463099,0.085417,0.116254,0.243046,0.106489,0.278979,1.189146,-0.981066,0.914459
0.425697,0.678352,1.350144,0.035241,0.488893,0.353720,-1.156002,0.276112,0.133950,0.031404,0.059323,0.221266,0.513812,-0.047283,0.218283,0.046953,0.016723,-0.276543,-1.083772,0.576236,0.023777,-0.571907,-1.127844,-0.458225,-0.037331,0.069279,2.332657,0.051914,-0.053593,-0.411877,0.342711,0.435329,372.982796,1.015558,-1.618349,0.020366,0.163434,2.017289,-0.373850,0.510593,0.065309,0.018526,0.184218,0.056511,-0.329229,0.233504,-0.491813,0.425133
0.709283,0.518417,0.241979,0.372217,0.304442,0.462528,-1.254657,0.126596,0.766234,0.075173,0.374252,0.432835,0.389467,0.504870,0.141942,0.216521,0.122763,0.046429,-1.045484,0.650222,0.183337,-1.047650,-1.304689,2.185562,-0.781665,-0.485696,0.582262,0.088013,-0.080865,-0.510005,0.746033,0.312214,154.683468,1.078113,-1.875287,0.041981,0.266104,1.089120,-0.655011,0.323546,0.203746,0.141209,0.200326,0.270287,0.013607,0.187617,-0.834294,0.245530
0.402278,1.356892,0.237683,0.002275,0.362885,0.074566,-0.937833,0.026579,-0.288084,0.002518,0.010179,0.055582,0.369083,-0.129170,0.016742,0.009097,0.002158,-0.207173,-1.058910,0.543529,0.020604,-0.058069,-0.856564,-0.345510,0.014798,0.178683,0.468251,0.006287,-0.356262,-0.116906,0.234721,0.071917,156.602841,0.843911,-1.445171,0.002547,0.010031,1.107144,-0.363827,1.320901,0.018486,0.000914,0.090325,0.017961,-0.429729,0.362329,0.010710,-0.088135
0.392495,1.306397,0.230597,0.002248,0.372255,0.051280,-0.863337,0.018716,-0.270581,0.002843,0.006297,0.025073,0.390487,-0.127519,0.037329,0.006393,0.001831,-0.188616,-0.974877,0.545519,0.017505,-0.041467,-1.106782,-0.340377,0.012238,0.173843,0.485049,0.006000,-0.382098,-0.135623,0.233872,0.033277,127.908960,0.777134,-1.371883,0.007661,0.009133,1.025985,-0.363813,1.272690,0.017800,0.000967,0.104167,0.024510,-0.432022,0.216147,0.006396,-0.109352
0.508439,1.347439,0.252520,0.001931,0.369547,0.048831,-1.096216,0.026639,-0.466573,0.003590,0.009507,0.044166,0.379715,-0.128011,0.018298,0.012754,0.001997,-0.192814,-1.094236,0.543460,0.020630,-0.047281,-1.070575,-0.334243,0.011135,0.184192,0.445165,0.010260,-0.554309,-0.114618,0.246211,0.042696,137.883326,1.029891,-1.577037,0.004488,0.023100,1.152666,-0.364158,1.336570,0.007384,0.000858,0.123763,0.022751,-0.434580,0.186229,0.013334,-0.042447
0.156741,0.902737,1.141554,0.168503,0.547216,0.258364,-1.206329,0.325251,1.231319,0.068197,0.093618,0.123999,0.916575,0.526747,0.073788,0.096721,0.074995,-0.022811,-1.119307,0.782310,0.268897,-0.472559,-1.105520,0.085198,-0.464175,-0.463466,0.656948,0.105295,-0.402263,-0.115584,0.523224,1.004485,407.025442,1.021734,-1.519976,0.230718,0.129356,2.091494,-0.669901,-1.016826,0.875399,0.108209,0.212349,0.586182,0.054535,0.979940,-0.389413,0.057756
0.156741,0.591841,0.246002,0.205858,0.420691,0.362638,-1.374240,0.296209,1.289422,0.106654,0.106306,0.125337,0.916575,0.526747,0.133937,0.100470,0.123446,0.010174,-1.357355,0.782310,0.411925,-0.333762,-1.431130,0.319603,-0.464175,-0.463466,0.672634,0.184668,0.116022,-0.418296,0.523224,0.366814,152.849798,1.259487,-1.708014,0.474939,0.144121,0.911675,-0.777724,-1.016826,0.636980,0.207402,0.381393,0.321652,0.054535,0.979940,-0.701657,0.057756
-0.272762,0.742776,0.904985,0.236429,0.524095,0.396360,-1.293759,0.194250,1.114589,0.237474,0.213598,0.188903,0.805381,0.858983,0.371794,0.230050,0.217962,0.269901,-1.232150,0.980065,0.411925,-0.419701,-1.614272,0.690509,-0.621150,-0.729865,1.140203,0.324223,0.226000,-0.748347,2.316335,0.152845,234.078365,1.216556,-1.699697,0.329071,0.220623,1.869569,-0.635210,0.235529,0.149729,0.319170,0.346861,0.204543,0.425564,1.028724,-0.829093,0.372570
0.001959,0.932218,3.248252,0.036017,0.586477,0.370351,-1.230330,0.379996,0.701320,0.028960,0.100783,0.285486,0.728211,-0.098649,0.196498,0.045257,0.018451,0.172551,-1.227435,0.569855,0.025217,-0.498535,-0.971910,0.496045,-0.048446,0.037253,1.140203,0.087963,-0.696836,-0.626913,0.256352,0.299321,809.658280,1.240116,-1.602203,0.056618,0.180219,1.994408,-0.393853,0.666442,0.125365,0.009393,0.234539,0.370406,-0.397584,0.352373,-0.409762,0.219629
-0.432375,0.794321,1.797052,0.179920,0.720973,0.413622,-1.494819,0.565330,0.189644,0.082605,0.281478,0.300595,0.970305,0.811783,0.409066,0.178522,0.088409,0.007775,-1.628696,0.733887,0.192220,-0.951553,-1.533535,0.536671,-0.856508,-0.486209,0.919466,0.190691,-0.823582,-0.558248,0.425799,0.414608,633.550181,1.383893,-1.681594,0.138683,0.290128,2.045116,-0.663303,-0.850311,0.607943,0.175286,0.309729,0.320514,0.032926,0.947772,-0.797265,0.462585
-0.432375,0.657770,0.254405,0.239182,0.633471,0.456309,-1.298162,0.526512,1.058325,0.126068,0.385902,0.310442,0.970305,0.811783,0.384771,0.207185,0.097584,0.553714,-1.190054,0.774025,0.859965,-0.951553,-1.724376,1.074674,-0.856508,-0.486209,0.919466,0.191633,-0.823582,-0.373531,0.425799,0.833371,152.484043,1.075879,-1.477392,0.687666,0.243745,1.076288,-0.942364,-1.050210,0.641301,0.179201,0.455868,0.672254,0.032926,0.947772,-0.797265,0.343948
-0.338225,0.639981,0.918827,0.438410,0.687131,0.339492,-1.228213,0.449996,1.058325,0.355020,0.278038,0.417251,0.945671,1.242745,0.429127,0.320673,0.374158,1.231269,-1.072378,1.102658,0.859965,-0.573099,-1.596549,0.952267,-0.921792,-1.031782,0.871876,0.424796,0.288211,-1.091653,2.665564,0.282718,244.191526,0.960978,-1.771828,0.692018,0.255383,0.680808,-0.900277,-0.860918,0.479881,0.449068,0.401909,0.205842,1.109717,1.502880,-0.870442,0.827407
-0.252933,0.813973,3.250924,0.157495,0.621655,0.360004,-1.356806,0.470467,0.677811,0.031484,0.210451,0.503157,0.853364,0.009560,0.213128,0.167395,0.085407,1.231269,-1.253468,0.649856,0.014301,-0.573099,-1.224421,0.756442,-0.151719,-0.135977,1.029686,0.137055,-0.848424,-0.833724,0.284205,0.408496,770.160331,1.174994,-1.302098,0.086479,0.257762,1.641341,-0.418012,0.534710,0.187577,0.024754,0.334997,0.444019,0.158077,0.734826,-0.865255,0.827407
-1.030335,0.795591,3.000980,0.227623,0.746499,0.713284,-1.459870,0.739235,0.090575,0.172991,0.296296,0.354153,1.114248,1.289152,0.495230,0.262318,0.176835,0.067148,-1.370339,0.666899,0.303311,-0.897583,-1.474834,0.715127,-1.156387,-0.936026,1.029686,0.269786,-1.022183,-0.766248,0.564006,0.667555,982.996085,1.207898,-1.619433,0.185660,0.331008,2.381373,-1.024413,-0.863336,0.575607,0.285715,0.966201,0.352356,0.551662,1.771071,-1.630861,0.542566
-1.030335,0.707809,0.908720,0.256740,0.768389,0.745579,-1.478814,0.717623,1.290692,0.213916,0.380984,0.489830,1.114248,1.289152,0.548053,0.307058,0.183866,0.500254,-1.561676,0.810726,0.941806,-0.897583,-1.514622,1.158531,-1.156387,-0.936026,1.115486,0.301449,-1.022183,-0.359308,0.564006,1.087275,359.719915,1.343904,-1.097277,0.815995,0.344467,2.293754,-1.068540,-1.144043,0.731495,0.280192,0.948202,0.824876,0.551662,1.771071,-1.630861,0.533840
-0.338426,0.571436,1.114766,0.559254,0.820156,0.430015,-1.315193,0.526609,1.290692,0.367337,0.368051,0.708811,1.129380,2.037487,0.565101,0.485268,0.564150,2.166921,-1.318538,1.224360,0.941806,-0.501227,-1.688520,1.448996,-1.350002,-1.036470,1.071727,0.505821,0.386111,-0.922881,3.427279,0.412195,313.946565,1.176989,-1.942515,0.856395,0.376765,1.669918,-1.068540,-1.052763,0.616469,0.569107,0.648790,0.264344,1.886922,1.658492,-1.318668,0.642631
-0.338426,0.622189,2.826825,0.445951,0.710041,0.546769,-1.202441,0.523093,0.770913,0.120208,0.332461,1.014406,1.129380,2.037487,0.603908,0.411352,0.456606,2.166921,-1.079630,1.224360,0.563905,-0.685169,-1.607629,1.448996,-1.062806,-1.036470,1.351019,0.193103,-0.845472,-1.118633,0.309161,0.328600,725.176775,1.082816,-1.575865,0.175745,0.360851,1.923857,-0.457213,0.248622,0.281220,0.408366,0.645285,0.478005,1.886922,0.948393,-1.318668,0.642631
-1.238576,0.696245,2.620633,0.206087,0.751489,0.609027,-1.230055,0.733041,0.331852,0.162498,0.336504,0.717427,1.133980,1.293408,0.584651,0.307048,0.180826,0.713041,-0.812041,0.600513,0.204094,-0.948757,-1.556256,0.479936,-1.131839,-1.028334,1.351019,0.248085,-1.052055,-1.118633,0.660629,0.944700,841.412430,0.764523,-1.648671,0.198731,0.304765,1.922456,-1.124873,-0.763479,0.514438,0.286054,1.149233,0.448246,0.512844,1.772829,-1.646668,0.614828
-1.238576,0.668444,0.738596,0.222410,0.795726,0.576000,-1.443486,0.728449,1.216343,0.210577,0.387338,0.918889,1.133980,1.293408,0.581078,0.327641,0.184425,1.142414,-1.345646,0.786454,0.977150,-0.948757,-1.678784,0.548936,-1.131839,-1.028334,1.234286,0.288810,-1.052055,-0.423095,0.660629,1.215035,275.899999,1.240318,-1.841083,0.845632,0.352673,1.432534,-1.146843,-1.033893,0.709369,0.285598,1.141010,0.849393,0.512844,1.772829,-6.915594,0.614828
-0.363948,0.557667,1.182872,0.579639,0.833692,0.541924,-1.308049,0.492672,1.216343,0.418021,0.492989,0.754381,1.127964,1.911712,0.693795,0.455147,0.473386,2.219475,-1.241494,1.130027,0.977150,-0.661050,-1.875347,1.806276,-1.051683,-1.040763,1.234286,0.527128,0.368760,-1.086672,3.486871,0.316494,306.861431,1.107451,-1.738300,0.872991,0.315433,1.792532,-1.072334,-0.926436,0.581786,0.589412,0.435514,0.244410,1.413251,1.669003,-1.005265,0.660358
-0.363948,0.558476,2.656448,0.482754,0.720911,0.459133,-1.421011,0.613271,0.754990,0.137905,0.454912,0.957965,1.127964,1.911712,0.608100,0.430520,0.390061,2.219475,-1.576868,1.130027,0.586363,-0.954952,-1.164914,1.806276,-0.924306,-1.040763,1.180047,0.166322,-0.756427,-1.086672,3.486871,0.241629,669.517329,1.364704,-1.720941,0.162474,0.336114,1.991499,-0.517297,0.250757,0.190598,0.428039,0.448456,0.439458,1.413251,1.478622,-0.986108,0.660358
-0.608501,0.611032,2.060565,0.479523,0.729714,0.788864,-1.399556,0.633284,0.334550,0.147710,0.522821,0.706864,1.080462,1.885236,0.518859,0.280690,0.219345,1.049171,-1.412544,0.643884,0.204823,-1.041046,-1.524948,2.666626,-1.024466,-1.026836,1.180047,0.221889,-1.060466,-0.980656,0.634228,0.724432,687.534360,1.305378,-1.523389,0.161126,0.400127,1.746186,-1.013223,-0.881673,0.494539,0.329947,0.664494,0.453395,0.796361,2.042418,-1.331140,0.670632
-0.608501,0.672987,0.361227,0.421643,0.772300,0.790242,-1.479428,0.629644,1.050461,0.180936,0.557918,0.775159,1.080462,1.885236,0.510940,0.526159,0.310487,1.049171,-1.633051,0.736559,0.923593,-1.041046,-1.485129,3.482250,-1.024466,-1.026836,1.213097,0.263222,-1.060466,-0.424916,0.634228,1.091492,201.002710,1.435487,-1.561341,0.822341,0.381723,1.134893,-1.099405,-1.185480,0.689196,0.334022,0.652202,0.804204,0.796361,2.042418,-1.354329,0.670632
0.005215,0.598721,0.780370,0.692795,0.809480,0.519191,-1.348806,0.445202,1.050461,0.299001,0.427610,0.650110,1.100332,0.994798,0.606150,0.756331,0.596872,1.594800,-1.381564,0.730787,0.782135,-1.039725,-1.820201,1.727366,-2.112533,-1.035511,1.213097,0.535834,0.290769,-1.045969,1.178581,0.505240,235.317232,1.253840,-1.976178,0.849601,0.497983,1.929077,-1.099405,-1.088844,0.630341,0.471617,0.617251,0.225929,2.194414,2.035153,-2.318211,1.530255
0.005215,0.719461,2.677627,0.540243,0.671541,0.413393,-1.322005,0.387572,0.658801,0.165405,0.322408,0.970562,1.100332,0.994798,0.574999,0.522482,0.503588,1.594800,-1.197128,0.654739,0.294688,-1.039725,-1.573572,0.988042,-2.112533,-1.032953,1.579498,0.247278,-0.828163,-1.163485,1.156777,0.492332,634.442665,1.182653,-1.577372,0.179993,0.530812,1.663894,-0.435135,0.334435,0.294854,0.235078,0.563207,0.473238,2.194414,2.021979,-2.318211,1.530255
-0.564465,0.765756,2.373504,0.632577,0.724734,0.731763,-1.486136,0.566957,0.381025,0.145526,0.489573,0.581584,1.087819,1.653563,0.518485,0.253320,0.212986,0.596289,-1.516350,0.635522,0.056739,-1.195964,-1.483070,2.950645,-1.169968,-1.024496,1.579498,0.287557,-1.152838,-1.163485,0.449590,0.872761,733.760182,1.414083,-1.672519,0.203474,0.446886,1.613364,-1.142999,-0.939241,0.581983,0.316654,0.697532,0.463774,0.752643,1.688158,-1.523091,0.785043
-0.564465,0.740346,0.490586,0.545164,0.795619,0.838590,-1.388266,0.608572,1.024227,0.176235,0.586580,0.669070,1.087819,1.653563,0.503948,0.569866,0.338941,0.617277,-1.358626,0.711638,0.834609,-1.195964,-1.432991,4.010369,-1.169968,-1.024496,1.305420,0.317253,-1.152838,-0.246804,0.543440,1.153932,245.199068,1.202340,-1.782053,0.846602,0.379713,1.644581,-1.142999,-1.278941,0.762265,0.335283,0.669324,0.827324,0.752643,1.688158,-1.523091,0.678379
-0.115566,0.585199,0.431646,0.707814,0.822425,0.482786,-1.272277,0.482111,1.024227,0.415729,0.404885,0.661744,1.094299,2.101074,0.573192,0.850632,0.619417,1.799891,-1.165959,0.834529,0.769385,-1.015984,-1.738253,2.083525,-1.699867,-1.065330,1.283273,0.556330,0.331444,-1.125374,3.086398,0.531200,165.479033,1.060693,-1.886449,0.857656,0.525960,1.000903,-1.114621,-1.106217,0.608609,0.625211,0.537855,0.204561,2.275312,1.492753,-2.469495,1.960531
-0.115566,0.716360,2.533544,0.548149,0.612514,0.500435,-1.292200,0.263395,0.639679,0.169636,0.283525,0.948863,1.066214,2.101074,0.493906,0.391926,0.511603,1.762123,-1.137307,0.834529,0.769385,-1.095575,-1.303951,1.207825,-1.586460,-1.065330,1.262784,0.274942,-0.727232,-1.125374,2.388879,0.652070,627.915314,1.182857,-1.821558,0.186499,0.501189,2.174289,-0.441169,0.304241,0.310624,0.439284,0.610048,0.417982,2.275312,0.925714,-2.469495,1.960531
-1.679674,0.788164,2.854531,0.717449,0.686853,0.789958,-1.279353,0.738386,0.307108,0.155093,0.379246,0.504941,1.038012,1.141181,0.435294,0.291914,0.286502,0.332855,-1.074271,0.637598,0.232066,-1.446846,-1.598531,2.407212,-0.431972,-1.029021,1.262784,0.209991,-1.164612,-1.040420,0.736571,1.094710,875.763118,1.012950,-1.644815,0.203195,0.378033,2.221281,-1.514348,-0.631630,0.482994,0.279148,0.986284,0.475070,1.053454,1.553529,-1.617456,0.778106
-1.679674,0.763093,0.960870,0.691027,0.767783,0.932343,-1.272911,0.928328,1.085112,0.193521,0.490624,0.558829,1.038012,1.141181,0.503899,0.448528,0.334298,0.783727,-1.330070,0.720770,0.843844,-1.446846,-1.668769,2.905310,-0.431972,-1.029021,1.192520,0.257733,-1.164612,-0.260070,0.736571,0.947677,354.777094,1.158443,-1.591000,0.809770,0.354988,1.964359,-1.526594,-1.242497,0.823329,0.311124,1.031591,0.816492,1.053454,1.553529,-1.320085,0.778106
-0.179909,0.583737,0.827580,0.613479,0.822203,0.533385,-1.199923,0.537388,1.085112,0.423332,0.301958,0.689450,1.110802,1.794999,0.586195,0.715485,0.505956,1.839370,-1.226305,0.917282,0.843844,-1.014211,-1.646521,1.333748,-1.467439,-1.041734,1.192520,0.508441,0.444672,-1.115477,2.362925,0.509863,264.437616,1.204637,-1.861568,0.862631,0.355519,1.684668,-1.121161,-1.214543,0.654755,0.575152,0.547933,0.195280,1.962123,1.703743,-0.838076,0.763584
-0.179909,0.623106,2.630342,0.541507,0.688444,0.434214,-1.078279,0.368510,0.736494,0.192699,0.212539,0.841681,1.110802,1.794999,0.562136,0.517141,0.447340,1.839370,-1.060154,0.917282,0.587353,-1.014211,-1.187219,1.333748,-1.467439,-1.041734,1.497180,0.194664,-0.830039,-1.156697,2.362925,0.329840,732.269575,1.031010,-1.573735,0.184335,0.467903,1.812788,-0.488282,0.229283,0.302207,0.370264,0.468571,0.465342,1.962123,1.649411,-0.835229,0.763584
-1.053069,0.705196,2.149149,0.402013,0.737895,0.690502,-1.196279,0.636142,0.390215,0.165968,0.374896,0.515725,1.151675,1.405419,0.563282,0.252176,0.211170,0.383996,-1.042023,0.632772,0.016799,-1.316747,-1.301770,1.240935,-1.249530,-1.000803,1.497180,0.252766,-1.138679,-1.156697,0.486664,0.903808,766.443628,0.902765,-1.502096,0.201872,0.510237,1.795529,-1.025467,-0.686129,0.508667,0.278278,0.573600,0.482866,0.683824,1.249914,-1.397897,1.029754
-1.053069,0.715325,0.420711,0.371968,0.776437,0.675409,-1.304516,0.719415,1.204097,0.206396,0.481725,0.684222,1.151675,1.405419,0.538083,0.336720,0.232888,0.623933,-1.264090,0.834467,0.985462,-1.316747,-1.291928,1.560631,-1.249530,-1.000803,1.025579,0.286834,-1.138679,-0.463649,0.486664,1.144449,215.619562,1.144963,-1.945007,0.822390,0.453134,0.505729,-1.096800,-1.130480,0.756657,0.277420,0.644297,0.869304,0.683824,1.249914,-1.420235,1.029754
-0.314610,0.631624,1.322028,0.603962,0.809907,0.512382,-1.121160,0.525701,1.204097,0.471926,0.432746,0.853365,1.156324,1.864615,0.562929,0.657873,0.447765,3.174298,-1.080112,1.395188,0.985462,-1.227776,-1.776739,1.888053,-0.913837,-1.046337,1.019856,0.556535,0.234078,-1.324731,3.518565,0.470711,366.056858,0.999366,-1.891974,0.850231,0.451827,1.972560,-1.096800,-1.122720,0.673864,0.593917,0.619293,0.286529,1.296059,1.459150,-1.488718,1.302008
-0.314610,0.677921,2.704258,0.546097,0.714013,0.557455,-1.234579,0.428655,0.669780,0.359337,0.411844,1.227455,1.156324,1.864615,0.560533,0.615838,0.368569,3.174298,-1.348454,1.395188,0.376850,-1.227776,-1.327631,1.888053,-0.913837,-1.046337,1.199581,0.251846,-0.837951,-1.324731,3.518565,0.287284,703.502098,1.208025,-1.668964,0.152708,0.469285,0.767481,-0.632464,0.333889,0.235841,0.445595,0.609052,0.467292,1.296059,1.459150,-1.488718,1.302008
-0.952365,0.689403,2.060823,0.360289,0.747234,0.708515,-1.595306,0.597860,0.204980,0.149154,0.418550,0.677508,1.124639,1.366988,0.513333,0.295903,0.214999,0.465266,-1.562650,0.702496,0.332087,-0.783793,-1.279845,0.794612,-1.149507,-0.873699,1.199581,0.232627,-1.126653,-1.075923,0.539355,0.793064,658.309826,1.505446,-1.673514,0.201014,0.389365,1.857095,-1.109935,-0.818707,0.542576,0.314083,1.239372,0.425896,0.618847,2.105380,-1.652988,0.837951
-0.952365,0.635704,0.336133,0.343442,0.770431,0.693985,-1.464948,0.628866,0.910725,0.230302,0.502986,0.818325,1.124639,1.366988,0.553086,0.326244,0.227810,0.465266,-1.348972,0.729004,0.967194,-0.773365,-1.428542,0.875375,-1.149507,-0.873699,1.308485,0.294760,-1.126653,-0.246641,0.539355,0.929781,182.169166,1.271854,-1.847923,0.826398,0.384342,0.663707,-1.109935,-1.091049,0.671824,0.330384,1.275470,0.773232,0.618847,2.105380,-1.666007,0.837951
-0.490539,0.576009,1.328098,0.607542,0.773212,0.279165,-1.195922,0.506403,0.910725,0.464687,0.450333,0.641217,1.067962,2.453966,0.603964,0.572328,0.567163,2.278378,-1.239705,1.222864,0.967194,-0.810230,-1.513263,1.556307,-1.048415,-1.038263,1.308485,0.473336,0.147623,-0.885815,3.504106,0.370650,364.054317,1.238028,-1.865532,0.801340,0.523190,2.168390,-1.056617,-0.838554,0.477885,0.645453,0.384795,0.224707,1.594376,2.154542,-2.440440,1.377036
-0.490539,0.483565,1.821351,0.218092,0.691239,0.412607,-1.230154,0.646098,0.555039,0.089288,0.362769,0.609980,1.042593,0.256106,0.405971,0.307343,0.244897,1.108297,-1.117104,0.787734,0.058600,-0.810230,-1.577337,1.556307,-0.759503,-0.917131,1.141966,0.190206,-0.493860,-0.855320,0.417488,0.179464,475.354214,1.053940,-1.710440,0.121587,0.383895,1.801689,-0.546152,0.345753,0.088105,0.088069,0.348056,0.338307,0.743258,0.805277,-2.440440,1.377036
0.785290,0.578489,0.386396,0.169884,0.555459,0.287866,-1.462174,0.369009,0.208598,0.093582,0.228380,0.436833,0.873745,0.985533,0.382322,0.195149,0.116052,-0.237893,-1.481397,0.874190,0.476661,-0.650007,-1.703759,0.387657,-0.534615,-0.842496,1.044461,0.163176,-0.802284,-0.374134,0.535229,0.430052,191.294893,1.289537,-1.948217,0.474723,0.279902,1.092374,-0.857710,-1.117538,0.564098,0.200402,0.284028,0.325848,0.050412,1.745821,-0.429303,0.517536
0.461127,1.115299,0.260034,0.060692,0.359380,0.140190,-1.041468,0.068595,-0.178098,0.020351,0.093526,0.206506,0.391136,-0.041555,0.133768,0.098870,0.038474,0.233725,-0.971666,0.631352,0.219515,-0.310217,-1.709373,-0.074676,-0.009010,-0.828635,0.795196,0.070862,-0.699328,-0.681357,0.386832,0.322736,161.299832,0.921805,-1.748257,0.033129,0.152508,0.911105,-0.422318,0.679444,0.165171,0.018031,0.287955,0.124054,-0.233359,0.372095,-0.456328,0.358012
0.540656,1.346322,0.262382,0.004176,0.373895,0.055250,-1.036681,0.017796,-0.679596,0.005717,0.013304,0.046874,0.384290,-0.132165,0.012826,0.015940,0.003304,-0.049377,-0.947915,0.549517,0.020772,-0.064830,-1.575815,-0.328111,0.004888,0.202253,0.437315,0.013922,-0.764237,-0.129579,0.230059,0.027731,128.524925,0.907568,-1.690551,0.004901,0.024329,0.857211,-0.369681,1.331997,0.008399,0.001219,0.070576,0.019368,-0.433066,0.156922,-0.032121,-0.026219
0.521762,1.334871,0.394306,0.005639,0.368363,0.052705,-0.866503,0.032594,-0.710853,0.003445,0.011067,0.044724,0.381513,-0.129442,0.015669,0.013081,0.002329,0.067830,-0.884035,0.546345,0.028404,-0.109409,-1.245519,-0.345489,0.012496,0.191026,0.430810,0.011500,-0.765546,-0.119271,0.228411,0.049047,164.600737,0.769434,-1.579057,0.003222,0.024982,0.707535,-0.364949,1.310012,0.008688,0.001057,0.073447,0.013360,-0.437908,0.097208,-0.008952,-0.031623
0.577401,0.817102,0.659540,0.188953,0.503630,0.353450,-1.274647,0.202268,0.906192,0.039975,0.088310,0.171552,0.635407,0.130633,0.078548,0.084302,0.026692,-0.198685,-1.232627,0.700651,0.035505,-0.574586,-1.099562,0.457888,-0.249590,-0.149723,0.569485,0.101524,-0.738061,-0.077197,0.264449,0.763202,268.433423,1.078866,-1.646326,0.092943,0.114629,1.587183,-0.479869,-0.701853,0.681795,0.054956,0.152532,0.517682,-0.287111,0.359891,-0.222734,0.004477
0.392638,0.506790,0.263230,0.177818,0.413026,0.227432,-1.310826,0.228044,0.979842,0.057395,0.190066,0.164410,0.635407,0.130633,0.114062,0.094279,0.044370,-0.138126,-1.191754,0.700651,0.205740,-0.574586,-1.201490,0.457888,-0.466277,-0.149723,0.691624,0.119091,-0.332991,-0.355144,0.416708,0.427306,159.418709,1.012616,-1.724864,0.366691,0.117055,0.858944,-0.763907,-0.764530,0.552414,0.064823,0.244082,0.425404,-0.287111,0.433069,-0.222734,0.201025
-0.174439,0.512960,0.242791,0.234097,0.275845,0.099888,-1.331580,0.260691,0.979842,0.090962,0.193251,0.202699,0.689789,0.344618,0.250847,0.212885,0.182786,0.182417,-1.231957,0.631816,0.205740,-0.628505,-1.610804,0.446905,-0.514549,-0.490954,0.691624,0.130992,0.424042,-0.355144,0.647168,0.166859,126.007394,1.138852,-1.800691,0.331410,0.169101,0.936713,-0.763907,-0.764530,0.557862,0.198134,0.165349,0.187043,0.352646,0.849283,-0.899000,0.247589
-0.174439,0.614620,0.282652,0.243596,0.477036,0.463723,-1.357810,0.183983,0.755504,0.084442,0.212039,0.269243,0.733453,0.344618,0.289059,0.214505,0.181508,0.182417,-1.219516,0.632491,0.128088,-0.628505,-1.808059,0.666346,-0.514549,-0.490954,0.952111,0.209954,0.098956,-0.794059,0.647168,0.245422,132.810210,1.226245,-1.676281,0.221383,0.287520,0.829691,-0.575298,0.278679,0.107259,0.189402,0.351745,0.166670,0.352646,0.849283,-1.111575,0.355067
-0.194415,0.641671,1.700929,0.353260,0.598859,0.637387,-1.298734,0.357480,0.359813,0.063221,0.184851,0.656020,0.856525,0.513941,0.232010,0.298382,0.275155,1.063496,-1.078923,0.682691,0.530603,-1.013141,-1.085719,0.132434,-0.332994,-0.206677,0.884336,0.120722,0.151217,-0.583194,0.287626,0.162051,506.215939,1.032181,-1.569186,0.103039,0.439801,1.812759,-0.543544,0.565696,0.045692,0.097313,0.433476,0.068816,0.405627,0.555655,-1.966014,1.328468
0.512066,0.585226,0.970048,0.055209,0.516291,0.474832,-1.171529,0.348854,0.246795,0.040911,0.082481,0.196358,0.548599,-0.067484,0.118030,0.075917,0.020023,-0.447675,-1.171213,0.591321,0.000474,-0.826817,-1.459653,-0.339324,-0.066737,0.075141,0.743972,0.086324,0.126913,-0.339377,0.281965,0.157871,323.088157,1.050120,-1.747686,0.028041,0.194775,1.536453,-0.381685,0.443684,0.101595,0.014830,0.243359,0.033232,-0.370711,0.005704,-0.687863,0.549564
0.858004,0.393692,0.280254,0.297912,0.386487,0.813244,-1.394004,0.199642,0.824261,0.051162,0.292750,0.333454,0.499060,0.053017,0.114402,0.220884,0.119205,-0.174771,-1.343393,0.676364,0.001765,-1.014209,-1.422755,2.501373,-0.968671,-0.112652,0.542743,0.040974,0.190143,-0.225116,0.305473,0.375891,166.305682,1.241645,-1.494979,0.062975,0.188124,1.044367,-0.641901,0.169533,0.144935,0.103760,0.208050,0.229955,0.111725,0.005704,-0.726600,0.256355
0.323322,1.094024,0.658279,0.050156,0.322739,0.391292,-1.247626,0.167382,0.180742,0.050878,0.100282,0.192496,0.402283,-0.036366,0.189550,0.127808,0.040970,0.352592,-1.192722,0.595434,0.121555,-0.404051,-1.295383,0.220783,-0.015355,-0.454632,0.768486,0.104717,-0.402537,-0.433939,0.414369,0.539739,265.130756,1.086267,-1.623774,0.041705,0.132328,1.690068,-0.487577,0.829623,0.159032,0.023713,0.256714,0.163752,-0.271755,-0.068447,-0.477983,0.231838
0.535247,1.274286,0.258183,0.007806,0.371865,0.045799,-0.954690,0.029017,-0.508781,0.008727,0.026126,0.039393,0.401231,-0.127782,0.028790,0.027949,0.006022,-0.199435,-0.975511,0.552667,0.020835,-0.075561,-1.337062,-0.355660,-0.001186,0.157283,0.480339,0.020438,-0.654600,-0.180088,0.244039,0.088594,129.546499,0.886002,-1.621321,0.013027,0.026797,1.017105,-0.367191,1.179031,0.052148,0.002979,0.139271,0.047253,-0.419999,0.178702,0.016723,-0.031986
0.577345,1.317326,0.236461,0.007851,0.366067,0.035061,-1.091227,0.022111,-0.569601,0.007767,0.016324,0.053527,0.389407,-0.111551,0.012067,0.015732,0.006053,-0.193236,-1.193309,0.556261,0.022640,-0.094136,-0.888443,-0.099060,0.003831,0.187295,0.419278,0.010572,-0.682765,-0.128990,0.265404,0.044432,129.072762,1.003156,-1.553116,0.027303,0.024360,0.955908,-0.364290,1.279890,0.015855,0.006881,0.072865,0.031404,-0.406045,-0.098925,0.004302,-0.037825
0.393979,0.885445,1.230068,0.157610,0.535039,0.184897,-1.295175,0.283833,1.201353,0.072881,0.112246,0.151778,0.904239,0.815977,0.077057,0.116545,0.070185,0.109585,-1.191551,0.804093,0.270649,-0.422148,-1.086352,0.204133,-0.529597,-0.511238,0.642315,0.115605,-0.581835,-0.119393,0.573412,0.926846,420.234889,1.050478,-1.440289,0.258711,0.144958,1.615838,-0.738838,-1.014961,0.862522,0.141448,0.274073,0.618548,-0.044067,0.901968,-0.470031,0.219483
0.233100,0.590297,0.309961,0.191870,0.457330,0.328134,-1.288465,0.287978,1.237961,0.127239,0.140875,0.158712,0.904239,0.815977,0.198447,0.106172,0.134689,0.109585,-1.075113,0.804093,0.478517,-0.308137,-1.299546,0.408768,-0.529597,-0.511238,0.692501,0.216790,-0.059054,-0.298523,0.573412,0.367646,178.553057,1.018046,-1.712749,0.511685,0.156967,1.052324,-0.817733,-1.014961,0.649509,0.238804,0.414287,0.347242,-0.044067,1.239877,-0.470031,0.219483
-0.199903,0.661320,0.638842,0.245271,0.540704,0.439595,-1.341304,0.222521,1.025293,0.277874,0.212998,0.219863,0.852715,0.915724,0.403175,0.242768,0.261620,0.375412,-1.259145,0.907428,0.399768,-0.529536,-1.627154,0.751483,-0.564502,-0.791048,1.133619,0.285499,0.260633,-0.727185,2.534960,0.199478,216.047009,1.140681,-1.691368,0.293052,0.281269,1.639373,-0.628042,0.391954,0.108392,0.353459,0.349419,0.204316,0.485459,1.239877,-0.970886,0.702225
0.142394,0.857044,2.744171,0.067706,0.575731,0.380859,-1.278886,0.340574,0.652727,0.018837,0.119057,0.299352,0.773512,-0.100758,0.190704,0.091719,0.027105,0.301387,-1.215200,0.583938,0.039107,-0.573373,-1.245731,0.478047,-0.089046,0.000922,1.129767,0.061577,-0.727384,-0.686295,0.254174,0.327385,674.696998,1.170295,-1.546293,0.081199,0.241779,1.985320,-0.415547,0.567124,0.173703,0.015907,0.230123,0.395733,-0.347859,0.258546,-0.539275,0.350624
-0.617031,0.777587,2.382531,0.234496,0.721745,0.389871,-1.417346,0.633912,0.114895,0.108518,0.260691,0.291213,0.960520,1.015200,0.425753,0.201300,0.090237,0.166992,-1.275802,0.753252,0.027716,-0.902037,-1.485961,0.598096,-0.992940,-0.599380,0.932787,0.215494,-0.917833,-0.686295,0.496122,0.394513,742.248526,1.125721,-1.559504,0.161539,0.307567,1.972635,-0.893890,-0.895180,0.602078,0.234452,0.408724,0.315379,-0.008172,1.118508,-0.972580,0.380855
-0.617031,0.648962,0.326464,0.245055,0.661477,0.226917,-1.349291,0.558548,1.075052,0.162237,0.346413,0.329899,0.960520,1.015200,0.390813,0.226566,0.091947,0.490986,-1.349356,0.792161,0.838950,-0.902037,-1.562177,1.013565,-0.992940,-0.599380,0.932787,0.232759,-0.917833,-0.325687,0.496122,0.876205,186.236201,1.157061,-1.758126,0.710485,0.253871,0.877835,-1.001813,-1.040489,0.635609,0.238369,0.297896,0.713756,-0.008172,1.118508,-0.972580,0.319888
-0.258151,0.606787,0.610264,0.402314,0.691422,0.341248,-1.196412,0.391788,1.075052,0.308432,0.244807,0.374473,0.933814,1.163449,0.420975,0.321258,0.312966,0.662365,-1.140227,1.050757,0.838950,-0.724144,-1.766067,1.411384,-0.625473,-1.034704,0.846778,0.423679,0.257617,-0.912507,2.456349,0.250247,200.446841,1.066811,-1.799549,0.707579,0.315066,1.409008,-0.937376,-0.920787,0.523120,0.403853,0.319646,0.247218,0.696751,1.416962,-1.097156,0.928092
-0.258151,0.861746,2.797623,0.183621,0.625593,0.443909,-1.430872,0.443116,0.644729,0.052058,0.257583,0.462226,0.895587,0.187204,0.291159,0.189733,0.057868,0.662365,-1.464702,0.627447,0.033012,-0.724144,-1.219938,1.411384,-0.269357,-0.097393,1.113807,0.151604,-0.814294,-0.984683,0.297531,0.413806,686.895994,1.295974,-1.481860,0.124924,0.342845,1.786655,-0.508823,0.491926,0.256671,0.037462,0.519915,0.445484,-0.196229,0.722584,-1.097156,0.928092
-1.010230,0.841941,2.570916,0.283777,0.745972,0.688234,-1.528198,0.708378,0.102107,0.159638,0.290417,0.296283,1.115538,1.093269,0.484074,0.252835,0.164192,0.309472,-1.548038,0.684573,0.081123,-0.911594,-1.530031,0.359664,-0.999975,-0.965167,1.113807,0.250207,-0.999055,-0.984683,0.524923,0.653048,883.234613,1.327340,-1.666817,0.190189,0.344762,0.977657,-0.976800,-0.904691,0.596294,0.271833,0.903047,0.329079,0.427715,1.562242,-1.579594,0.550801
-1.010230,0.703605,0.708850,0.286586,0.784703,0.653327,-1.479544,0.706840,1.166431,0.207031,0.380409,0.493442,1.115538,1.093269,0.519439,0.280700,0.171813,0.552359,-1.618123,0.784594,0.995713,-0.911594,-1.616484,0.677046,-0.999975,-0.965167,1.147128,0.290936,-0.999055,-0.341514,0.524923,1.079878,324.529742,1.397479,-1.730466,0.830503,0.331374,1.335350,-1.117891,-1.194467,0.747081,0.266881,0.869830,0.811078,0.427715,1.562242,-1.579594,0.464272
-0.361685,0.605318,0.950734,0.539933,0.828686,0.326691,-1.205435,0.485371,1.166431,0.445098,0.394588,0.533071,1.094858,2.463284,0.562147,0.490787,0.520789,1.600179,-1.266794,1.320269,0.995713,-0.669636,-1.574325,1.465627,-0.963627,-1.032099,1.131472,0.531334,0.345578,-0.979267,3.512748,0.445962,287.566910,1.212348,-1.989148,0.866148,0.338231,1.791863,-1.089760,-1.030664,0.612613,0.599757,0.606082,0.243803,1.470736,1.629625,-1.743987,0.713818
-0.361685,0.656800,2.592811,0.484144,0.705992,0.436496,-1.339213,0.517427,0.672566,0.326837,0.377025,0.924693,1.056167,2.463284,0.595456,0.470597,0.468563,1.600179,-1.302570,1.320269,0.659099,-0.686822,-1.228519,1.465627,-0.963627,-1.012171,1.594240,0.217853,-0.783068,-1.098077,3.512748,0.318510,736.283799,1.232887,-1.726673,0.155002,0.377460,2.037737,-0.570762,0.311178,0.253702,0.461526,0.580570,0.447642,1.470736,1.629625,-1.743987,0.713818
-1.173349,0.690683,2.572179,0.300461,0.752813,0.628161,-1.368444,0.729477,0.338732,0.164930,0.441124,0.682726,1.140986,1.500401,0.616115,0.335021,0.210078,0.901587,-1.221482,0.626537,0.304819,-1.063610,-1.532823,0.777110,-0.964134,-1.028952,1.594240,0.221454,-1.050417,-1.098077,0.576209,0.820884,884.465332,1.067618,-1.589548,0.194616,0.384381,2.002651,-1.196916,-0.824030,0.528682,0.313056,1.016887,0.438247,0.731237,1.355695,-1.687397,0.811477
-1.173349,0.673561,0.881181,0.284623,0.799021,0.675302,-1.370423,0.752308,1.147490,0.224830,0.495131,0.967169,1.140986,1.500401,0.651757,0.367043,0.231415,1.170858,-1.378606,0.765263,1.064091,-1.063610,-1.490564,0.798843,-0.964134,-1.028952,1.530707,0.277086,-1.050417,-0.460445,0.576209,1.203551,326.314271,1.255549,-1.828613,0.846604,0.370522,0.439039,-1.196916,-1.125458,0.717554,0.313757,1.039858,0.813897,0.731237,1.355695,-1.687397,0.811477
-0.248554,0.574262,0.901550,0.586331,0.828595,0.428771,-0.929380,0.515934,1.147490,0.445515,0.431030,0.699228,1.108307,1.851646,0.669274,0.469453,0.537795,2.315245,-0.763442,1.200237,1.064091,-0.707090,-1.647471,1.772146,-1.024196,-1.038027,1.528480,0.533203,0.324178,-1.201300,3.151799,0.375855,242.782965,0.722985,-1.920614,0.868504,0.332989,1.470510,-1.049215,-1.032278,0.598641,0.611888,0.500874,0.231584,1.703846,1.904166,-1.460363,0.751943
-0.248554,0.659644,2.344092,0.517592,0.705202,0.490767,-1.365721,0.491040,0.664944,0.246828,0.406099,0.886473,1.108307,1.851646,0.612246,0.448188,0.470824,2.315245,-1.396713,1.200237,0.611366,-0.875799,-1.011043,1.772146,-1.024196,-1.038027,1.632354,0.193178,-0.817038,-1.201300,3.151799,0.219488,636.381071,1.166575,-1.695711,0.163764,0.357407,2.166838,-0.480543,0.293395,0.253718,0.461774,0.491920,0.478676,1.703846,1.866532,-1.460363,0.596622
-0.186643,0.709353,1.875238,0.505213,0.736244,0.859787,-1.382374,0.494299,0.288077,0.144496,0.526319,0.614776,1.113265,1.996697,0.595342,0.277075,0.209613,0.806080,-1.337127,0.674641,0.392584,-1.174107,-1.128600,2.898978,-1.122895,-1.028375,1.632354,0.273978,-1.085605,-1.187333,0.513184,0.658194,658.667431,1.264025,-1.676650,0.200652,0.439217,2.108912,-0.872938,-0.911896,0.560902,0.345748,0.606456,0.420282,0.531885,2.020546,-1.522520,0.826798
-0.186643,0.691604,0.358031,0.436167,0.782601,0.808378,-1.267982,0.513893,0.998189,0.169825,0.608245,0.789181,1.113265,1.996697,0.577269,0.525930,0.316024,0.806080,-1.268901,0.760267,0.912675,-1.174107,-1.333832,3.904639,-1.122895,-1.028375,1.385925,0.305226,-1.085605,-0.295312,0.513184,1.078986,193.265970,1.175640,-1.705337,0.832545,0.389050,1.095366,-1.064229,-1.207218,0.728486,0.339994,0.593054,0.804384,0.531885,2.020546,-1.522520,0.826798
-0.030609,0.573324,0.570525,0.621411,0.802643,0.473284,-1.298464,0.472223,0.998189,0.390149,0.371804,0.628587,1.061573,1.760912,0.644124,0.734798,0.537835,2.501996,-1.326572,0.874284,0.830765,-1.600768,-1.864880,1.136949,-1.957576,-1.027345,1.385925,0.516000,0.454582,-0.882023,2.338508,0.514057,176.209653,1.140230,-1.812750,0.836683,0.419877,1.508238,-1.064229,-1.024140,0.559602,0.586189,0.678264,0.152871,2.201168,1.670308,-2.180932,1.136775
-0.030609,0.701315,2.616168,0.493017,0.675132,0.313387,-1.273180,0.405982,0.733521,0.289319,0.257067,1.018562,0.996603,1.760912,0.575570,0.534873,0.446971,2.501996,-1.232255,0.874284,0.353885,-1.600768,-0.843409,0.971580,-1.957576,-0.788329,1.281844,0.214535,-0.766898,-1.040800,2.338508,0.421917,617.481900,1.036419,-1.743114,0.142140,0.361171,2.229313,-0.417463,0.315923,0.272634,0.409460,0.687839,0.493096,2.201168,1.670308,-2.180932,1.136775
-0.581512,0.736552,2.223525,0.601768,0.726303,0.730627,-1.482319,0.566225,0.483855,0.140036,0.478170,0.373858,1.073120,1.528443,0.528165,0.252184,0.201328,0.114835,-1.489644,0.643677,0.049802,-1.627266,-0.701641,3.100879,-1.044790,-1.022377,1.281844,0.224471,-1.086183,-1.040800,0.508161,0.759455,706.215918,1.413850,-1.724394,0.176829,0.391614,1.492997,-1.132773,-0.909186,0.565843,0.305434,0.769509,0.457241,0.664566,2.383288,-1.578165,0.564435
-0.581512,0.741458,0.427118,0.492058,0.793624,0.836334,-1.452838,0.603062,1.015854,0.174938,0.516328,0.605653,1.073120,1.528443,0.507316,0.464024,0.288982,0.674020,-1.467668,0.708941,0.558976,-1.627266,-1.602750,3.727782,-1.044790,-1.022377,1.084089,0.261286,-1.086183,-0.247057,0.595532,1.030391,218.262583,1.362524,-1.682466,0.849137,0.347939,1.570599,-1.139455,-1.250013,0.768325,0.327776,0.703788,0.787086,0.664566,2.383288,-1.578165,0.480891
0.190703,0.601415,1.073946,0.781729,0.863592,0.538887,-1.297147,0.382927,1.015854,0.423221,0.337706,0.879935,1.141348,2.259691,0.612262,0.818182,0.577216,1.789340,-1.345649,0.797697,0.538862,-1.269959,-1.864551,2.497530,-1.983081,-1.047210,1.084089,0.599355,0.209906,-1.112869,3.086112,0.429563,280.998103,1.220514,-1.933988,0.902861,0.493943,1.970772,-1.139455,-1.182147,0.659538,0.693917,0.540732,0.228106,2.000161,1.917196,-1.429513,1.448807
0.190703,0.604691,2.534938,0.643433,0.639292,0.742974,-1.330443,0.274369,0.706436,0.327291,0.322701,1.080064,1.141348,2.259691,0.566832,0.694530,0.492811,1.789340,-1.171357,0.797697,0.536372,-1.269959,-1.316823,1.284692,-1.983081,-1.029127,1.188527,0.315478,-0.622531,-1.112869,3.086112,0.511581,653.672312,1.101893,-1.863352,0.205222,0.464010,1.200717,-0.443860,0.205905,0.273164,0.533662,0.651473,0.380536,2.000161,1.917196,-1.429513,1.286533
-1.733805,0.700794,2.743466,0.743270,0.654097,0.905797,-1.402075,0.792370,0.372938,0.174503,0.419370,0.586425,1.047928,1.017609,0.452431,0.251484,0.279642,0.002771,-1.162557,0.668237,0.292587,-1.622258,-1.301813,1.678617,-0.414651,-1.030394,1.188527,0.232999,-1.094748,-0.960123,0.642200,1.116198,904.961919,1.015351,-1.911690,0.165531,0.420319,1.948737,-1.313523,-0.467898,0.395948,0.248020,0.851854,0.495677,0.998361,1.920331,-1.647449,0.741181
-1.733805,0.746419,0.970979,0.672171,0.727349,1.121178,-1.396628,0.888121,1.137802,0.200897,0.455304,0.605290,1.047928,1.017609,0.477420,0.438632,0.329971,0.626393,-1.432983,0.752859,0.919543,-1.622258,-1.641014,3.232117,-0.414651,-1.030394,1.144478,0.279348,-1.094748,-0.330688,0.791227,0.987381,380.169662,1.256973,-1.853075,0.769207,0.427942,1.684183,-1.421006,-1.196533,0.798472,0.271886,0.883446,0.811019,0.998361,1.920331,-1.663623,0.741181
-0.127416,0.623275,0.891901,0.616779,0.815261,0.457502,-1.126240,0.453682,1.137802,0.458487,0.410684,0.738520,1.103410,1.605004,0.615902,0.642834,0.508459,1.773587,-1.227307,0.973380,0.928032,-1.205546,-1.606529,2.164217,-1.387812,-1.037186,1.144478,0.518042,0.333719,-1.265563,3.261462,0.420798,288.193333,1.143446,-1.881376,0.854703,0.356261,1.831627,-1.173606,-1.190503,0.690884,0.581887,0.492675,0.231104,1.942035,1.558894,-0.888783,0.711742
-0.127416,0.682014,2.760588,0.510688,0.696422,0.546785,-1.219365,0.377851,0.727412,0.173473,0.249020,0.924959,1.103410,1.605004,0.578287,0.376894,0.435799,1.773587,-1.194532,0.973380,0.399319,-1.205546,-1.146216,1.198295,-1.387812,-1.037186,1.104125,0.221273,-0.821100,-1.265563,3.261462,0.424220,717.902684,1.165636,-1.733907,0.174889,0.416040,1.918840,-0.434288,0.289957,0.300346,0.373162,0.519663,0.478113,1.942035,1.490647,-0.888783,0.711742
-1.095294,0.750442,2.500858,0.337025,0.750504,0.690813,-1.277674,0.660474,0.304711,0.162448,0.361699,0.451268,1.125098,1.512320,0.531259,0.287424,0.207354,0.487173,-1.087119,0.672897,0.083335,-0.858067,-1.162011,0.927971,-1.189014,-1.018748,1.104125,0.256729,-1.097325,-1.074096,0.575937,0.940420,807.219610,0.933584,-1.760050,0.206035,0.407874,1.910352,-1.190804,-0.824458,0.559637,0.329261,0.651048,0.448381,0.611575,1.340811,-1.487100,0.759547
-1.095294,0.717642,0.628000,0.306980,0.785039,0.639596,-1.388367,0.746984,1.158275,0.221738,0.454787,0.706651,1.125098,1.512320,0.520452,0.347055,0.226578,0.704129,-1.448647,0.783279,0.929556,-0.858067,-1.393647,1.147726,-1.189014,-1.018748,1.174510,0.292109,-1.097325,-0.451712,0.575937,1.153629,264.364157,1.331185,-1.617210,0.833882,0.357985,0.606985,-1.190804,-1.174339,0.757307,0.333399,0.603117,0.841466,0.611575,1.340811,-1.487100,0.759547
-0.329308,0.572034,1.024780,0.577154,0.806881,0.501382,-1.302133,0.556885,1.158275,0.432693,0.332479,0.812653,1.135102,1.481110,0.606850,0.604966,0.411636,2.334232,-1.300540,1.162948,0.929556,-1.338519,-1.675153,1.861505,-1.064730,-1.044164,1.139239,0.521867,0.316241,-1.183199,2.716204,0.417156,320.854600,1.172993,-1.886143,0.848608,0.446624,1.989862,-1.003844,-1.059950,0.621165,0.527908,0.530151,0.256287,1.185973,1.276601,-1.280480,1.202104
-0.329308,0.603505,2.714329,0.521866,0.699217,0.531513,-1.511246,0.422378,0.683186,0.228123,0.283215,1.060830,1.135102,1.481110,0.587076,0.512787,0.353487,2.334232,-1.556828,1.162948,0.296505,-1.338519,-1.159663,1.861505,-1.064730,-1.044164,1.352646,0.211586,-0.810011,-1.183199,2.716204,0.290727,695.427265,1.385004,-1.692709,0.174700,0.466223,1.952466,-0.529829,0.261057,0.267894,0.352246,0.656017,0.454333,1.185973,1.159849,-1.280480,1.202104
-1.021451,0.665146,1.966285,0.309225,0.735463,0.629081,-1.505073,0.615596,0.277925,0.136917,0.333982,0.757299,1.095751,1.251724,0.534937,0.281218,0.201767,0.618475,-1.472750,0.678043,0.233364,-0.864561,-1.174522,1.165464,-1.038686,-0.872430,1.352646,0.238756,-1.086222,-1.138458,0.612333,0.824112,646.998707,1.350795,-1.687950,0.211522,0.383733,1.906941,-1.149833,-0.869841,0.532032,0.309830,1.160463,0.448326,0.564900,2.015417,-1.246847,0.769956
-1.021451,0.654488,0.374499,0.289908,0.771722,0.590794,-1.324857,0.638377,0.912045,0.234387,0.429036,0.897012,1.095751,1.251724,0.553102,0.320532,0.226087,0.660362,-1.214815,0.753914,0.925019,-0.864561,-1.606788,1.165464,-1.038686,-0.872430,1.140759,0.303177,-1.086222,-0.336232,0.612333,0.957130,202.307952,1.131296,-1.770194,0.826199,0.370643,0.778266,-1.149833,-1.149264,0.700895,0.315731,1.174006,0.758531,0.564900,2.015417,-1.264743,0.769956
-0.464673,0.584418,1.244030,0.532743,0.789019,0.306769,-1.152843,0.491730,0.912045,0.379013,0.319947,0.742910,1.071286,2.027938,0.510197,0.476189,0.445142,2.332743,-1.249412,1.132131,0.925019,-0.631138,-1.633748,1.273982,-0.968922,-1.040159,1.087498,0.490225,0.150931,-1.129848,3.117733,0.400701,346.253289,1.124999,-1.821817,0.816717,0.304692,2.161033,-1.079365,-0.867726,0.513890,0.534723,0.347712,0.238682,1.255530,2.386806,-1.388303,0.781841
-0.455695,0.515379,1.529564,0.176417,0.690438,0.343273,-1.154963,0.628909,0.609553,0.066129,0.289018,0.757036,1.071286,0.044341,0.305593,0.215703,0.128013,2.018594,-0.870463,0.737619,0.059588,-0.756508,-1.572179,1.273982,-0.489785,-0.476967,1.066996,0.211747,-0.688816,-0.847988,0.281754,0.169827,445.792111,0.696007,-1.673393,0.113145,0.301440,1.971199,-0.464418,0.380177,0.096690,0.038422,0.348857,0.379802,0.324175,0.998726,-0.626136,0.781841
0.236140,0.709381,0.373852,0.284759,0.571027,0.318558,-1.366242,0.593006,0.353698,0.092852,0.218563,0.608485,0.944263,0.741134,0.467520,0.237472,0.095437,0.571131,-1.295017,0.986740,0.716016,-0.756508,-1.733185,0.574105,-0.739744,-0.924039,0.789004,0.185780,-0.871888,-0.460745,0.666328,0.577519,216.698725,1.140920,-1.751013,0.506292,0.329275,1.105320,-0.892008,-1.268143,0.677818,0.227974,0.485173,0.461098,-0.071730,1.498546,-0.626136,0.780188
0.295780,1.291557,0.285861,0.020086,0.368541,0.180670,-1.097266,0.027540,-0.431182,0.009495,0.048229,0.201517,0.389100,-0.126938,0.112096,0.042212,0.005553,0.430084,-1.183882,0.601785,0.052407,-0.133503,-1.696810,0.066185,0.006411,0.058447,0.784980,0.059656,-0.679431,-0.708788,0.250700,0.129199,180.843601,1.019541,-1.734112,0.013430,0.126911,1.186353,-0.369521,1.036671,0.099069,0.003023,0.227410,0.062778,-0.425992,0.290587,-0.328760,0.417628
0.370788,1.387128,0.266796,0.002303,0.368858,0.039256,-1.198172,0.037374,-0.636428,0.004044,0.007750,0.025077,0.374675,-0.131838,0.016982,0.012008,0.002494,-0.160690,-1.133119,0.546679,0.020015,-0.059942,-1.602108,-0.340413,0.009865,0.184363,0.423166,0.008655,-0.678681,-0.114046,0.249583,0.024758,135.341854,1.061373,-1.560563,0.005106,0.019485,1.114049,-0.364832,1.374798,0.005962,0.001072,0.093739,0.011922,-0.430837,-0.181996,0.007143,-0.037753
0.425265,1.362418,0.234846,0.005318,0.371638,0.048345,-1.034809,0.014531,-0.609959,0.002691,0.008129,0.047386,0.386945,-0.131129,0.017294,0.011446,0.002420,-0.230238,-1.143828,0.544781,0.033003,-0.117635,-1.188489,-0.352883,0.013336,0.187095,0.423775,0.016844,-0.722048,-0.120648,0.249489,0.041443,118.740473,0.927307,-1.604030,0.004759,0.017961,1.195976,-0.363439,1.337274,0.009009,0.000876,0.081921,0.024349,-0.430346,-0.173716,0.012768,-0.043209
0.525760,0.868782,0.591375,0.235547,0.497656,0.295193,-1.309787,0.239265,0.838640,0.040947,0.096506,0.159179,0.715002,0.170675,0.065235,0.086561,0.045611,-0.221807,-1.230096,0.682891,0.055886,-0.444175,-1.075286,0.294964,-0.253478,-0.087416,0.578725,0.087650,-0.678231,-0.077491,0.496189,0.759748,253.910512,1.170588,-1.591142,0.116883,0.092965,1.706979,-0.549547,-0.607337,0.625110,0.064008,0.238414,0.480214,-0.168498,0.570866,-0.244897,-0.031463
0.253910,0.494021,0.296887,0.228063,0.423890,0.214518,-1.357071,0.232517,1.001383,0.071750,0.146627,0.136611,0.715002,0.170675,0.096906,0.124636,0.062667,-0.190116,-1.268959,0.682891,0.068211,-0.444175,-1.155606,0.368787,-0.489523,-0.087416,0.677625,0.121367,-0.457909,-0.335913,0.586133,0.554156,172.068887,1.256518,-1.712881,0.389375,0.077717,0.987417,-0.858013,-0.691548,0.571170,0.086040,0.291296,0.469814,-0.168498,0.570866,-0.244897,-0.065901
-0.165473,0.486065,0.242747,0.284313,0.352131,0.322870,-1.534272,0.408988,1.001383,0.081707,0.249807,0.228648,0.733464,0.670669,0.261989,0.248829,0.178971,0.210754,-1.524676,0.660607,0.072743,-0.658398,-1.736889,0.545794,-0.489523,-0.499207,0.677625,0.179349,0.400761,-0.521691,0.530889,0.260979,125.649988,1.353631,-1.783628,0.394615,0.168234,1.142157,-0.858013,-0.691361,0.463816,0.245409,0.339060,0.209318,0.504105,0.673592,-0.688195,0.255244
-0.165473,0.575424,1.191514,0.265339,0.541388,0.427678,-1.582645,0.242090,0.608344,0.061306,0.247153,0.264030,0.733464,0.670669,0.291356,0.210460,0.166363,0.210754,-1.537979,0.638411,0.087743,-0.658398,-1.759722,0.812860,-0.443271,-0.499207,0.944400,0.198896,-0.040072,-0.655790,0.339066,0.411970,305.574523,1.306343,-1.716934,0.141007,0.272375,1.053211,-0.488155,0.375828,0.114411,0.224575,0.342881,0.181413,0.504105,0.673592,-1.068637,0.287314
0.939280,0.436790,0.298070,0.287370,0.392208,0.656600,-1.350930,0.124596,0.701860,0.028671,0.311647,0.366897,0.538924,-0.025220,0.160194,0.140940,0.068372,-0.141715,-1.254909,0.633414,0.007758,-1.149167,-1.711612,2.271534,-0.907246,-0.035207,0.646950,0.033652,0.094638,-0.198729,0.219566,0.297224,179.814623,1.233295,-1.554807,0.083304,0.250734,1.175505,-0.633168,0.341871,0.043323,0.056532,0.265973,0.197091,-0.109856,0.180471,-0.911483,0.351555
0.225409,1.241227,0.241814,0.026074,0.356779,0.209558,-1.423660,0.054877,0.167064,0.026326,0.067096,0.245940,0.417052,-0.096861,0.096660,0.042260,0.012034,0.412540,-1.183682,0.562184,0.062700,-0.224398,-1.332090,0.093170,-0.003752,-0.026899,0.672320,0.094911,-0.405328,-0.317631,0.246890,0.406988,120.576473,1.251379,-1.646596,0.046158,0.154559,1.048097,-0.367794,1.026050,0.130456,0.006668,0.222071,0.208968,-0.421539,0.092215,-0.167832,0.398821
0.443561,1.381693,0.220181,0.005590,0.369010,0.041308,-1.215755,0.023334,-0.487114,0.004166,0.015195,0.030994,0.380206,-0.127047,0.025628,0.014999,0.002706,-0.242923,-1.284314,0.547586,0.026593,-0.089798,-1.293969,-0.317777,0.012589,0.187322,0.456411,0.012325,-0.562204,-0.132093,0.234849,0.051529,115.023963,1.158555,-1.527861,0.012217,0.029878,1.009424,-0.365109,1.354004,0.011713,0.001650,0.095639,0.019189,-0.433403,-0.093605,0.022138,-0.039915
0.477952,0.873073,1.535645,0.179780,0.534025,0.136942,-1.397205,0.234570,1.101437,0.060872,0.112332,0.162192,0.837867,0.607199,0.096870,0.118329,0.066687,0.032580,-1.200888,0.753753,0.199180,-0.409883,-1.127964,0.407359,-0.478108,-0.327399,0.644079,0.111454,-0.499244,-0.104561,0.526634,1.039805,465.480175,1.107314,-1.642875,0.232576,0.125889,2.367350,-0.697205,-0.918357,0.844602,0.122567,0.273262,0.564074,-0.135396,0.581294,-0.272229,0.072347
0.158180,0.581874,0.237690,0.223636,0.419433,0.768667,-1.369846,0.257131,1.107442,0.139350,0.180490,0.184179,0.837867,0.607199,0.476143,0.106972,0.132630,0.086354,-1.329924,0.753753,0.504472,-0.293360,-1.296041,0.690783,-0.478108,-0.428000,5.929003,0.213053,-0.030063,-0.347989,1.498844,0.369685,153.961947,1.211967,-1.797606,0.466027,0.119515,1.224760,-0.761262,-0.918357,0.651989,0.225442,0.388925,0.304778,-0.135396,3.963640,-0.384220,0.072347
-0.284001,0.747694,0.816802,0.217974,0.536713,1.058604,-1.345702,0.247781,0.944851,0.183133,0.227249,0.241003,0.836328,0.802929,0.754823,0.222261,0.208687,0.471154,-1.318390,0.717445,0.448921,-0.474120,-1.720758,0.709346,-0.508515,-0.876991,5.929003,0.353063,0.145928,-0.773117,2.005293,0.182891,237.267223,1.287666,-1.691269,0.278895,0.272168,1.929872,-0.566702,0.520954,0.136174,0.269846,0.357643,0.191370,0.314488,3.963640,-1.264176,0.363519
0.110808,0.920602,3.245152,0.065135,0.578661,0.433814,-1.279673,0.353974,0.520664,0.027269,0.112319,0.350771,0.745530,-0.097466,0.217331,0.068298,0.023497,0.032054,-1.268033,0.577919,0.080276,-0.478952,-1.335916,0.530262,-0.062463,-0.021894,1.129084,0.070815,-0.725757,-0.674776,0.254656,0.312315,715.654190,1.236703,-1.630429,0.094425,0.181395,2.305326,-0.402527,0.650054,0.156670,0.015748,0.250513,0.357039,-0.381627,0.318573,-0.450256,0.227061
-0.673311,0.781064,1.964692,0.229975,0.711110,0.413284,-1.562413,0.666653,0.196832,0.110978,0.309609,0.329249,0.939690,0.951553,0.443911,0.190770,0.116111,0.032054,-1.598734,0.784884,0.247564,-0.883475,-1.432621,0.715589,-0.885445,-0.477996,0.963138,0.179975,-0.883231,-0.579575,0.500118,0.331910,596.315718,1.446830,-1.631702,0.166156,0.295398,2.299666,-0.946867,-0.895667,0.653509,0.218347,0.348600,0.308582,0.181372,0.993617,-0.816134,0.334277
-0.673311,0.623770,0.257452,0.229641,0.611668,0.297163,-1.425592,0.581470,1.045790,0.147615,0.399808,0.360528,0.939690,0.951553,0.383396,0.221000,0.145639,0.562064,-1.358883,0.787249,0.921399,-0.883475,-1.553434,0.845998,-0.885445,-0.477996,0.963138,0.190397,-0.883231,-0.297856,0.500118,0.800975,156.061920,1.250245,-1.592371,0.666403,0.275479,1.010931,-0.988228,-1.010104,0.584361,0.235828,0.288926,0.668428,0.181372,0.936737,-0.816134,0.334277
-0.452268,0.618967,0.601538,0.421643,0.667664,0.214874,-1.366094,0.446493,1.045790,0.337034,0.310901,0.356259,0.969476,1.492384,0.479338,0.317001,0.352616,0.665518,-1.414921,1.076344,0.921399,-0.532185,-1.622253,0.967800,-0.773604,-1.032608,1.160508,0.393699,0.287050,-0.826259,2.871177,0.268377,191.389796,1.261858,-1.790070,0.655379,0.300558,1.871113,-0.883741,-0.651824,0.405361,0.424643,0.412124,0.223646,0.943539,1.389696,-1.030313,0.755384
-0.276403,0.830682,3.228216,0.109599,0.613261,0.252017,-1.565284,0.490553,0.640037,0.028816,0.204717,0.459651,0.858786,-0.000147,0.268952,0.156270,0.068869,0.665518,-1.622579,0.614153,0.040958,-0.605331,-1.396099,0.842813,-0.065480,-0.489345,1.160508,0.146022,-0.792017,-0.826259,0.340257,0.408163,739.977513,1.372125,-1.433129,0.080466,0.266975,1.983466,-0.406057,0.505636,0.214483,0.020459,0.496317,0.434732,-0.236364,0.861055,-0.963196,0.755384
-0.886707,0.817152,2.689028,0.208707,0.726987,0.656460,-1.369210,0.728590,0.094089,0.141895,0.291771,0.402802,1.154024,0.918031,0.465244,0.256377,0.174823,0.247456,-1.124976,0.713237,0.276703,-0.841985,-1.426593,0.441446,-1.124105,-0.734660,1.008876,0.276269,-1.017665,-0.808853,0.427365,0.733105,832.175967,0.936258,-1.573971,0.186061,0.320669,2.005497,-0.860935,-0.777593,0.555492,0.255922,1.062316,0.351709,0.277810,1.817966,-1.607636,0.501743
-0.886707,0.649286,0.647502,0.261795,0.762916,0.626615,-1.407568,0.700099,1.168281,0.191952,0.394934,0.532793,1.154024,0.918031,0.518161,0.279893,0.167569,0.566174,-1.405792,0.777774,1.023462,-0.841985,-1.560031,1.120952,-1.124105,-0.734660,1.178889,0.310536,-1.017665,-0.347412,0.544323,1.036126,286.644223,1.260600,-1.798961,0.807238,0.332827,1.611195,-1.203498,-1.016496,0.697640,0.256539,1.039379,0.801584,0.277810,1.817966,-1.607636,0.501743
-0.546336,0.571524,0.951488,0.548356,0.803009,0.321085,-1.221131,0.572911,1.168281,0.398071,0.415513,0.635901,1.067637,2.256653,0.557484,0.492619,0.511976,2.117134,-1.262644,1.116767,1.023462,-0.597637,-1.716086,1.588017,-1.105159,-1.036305,1.177731,0.489277,0.467721,-0.861163,3.216208,0.361098,260.433006,1.221396,-2.025068,0.838267,0.231591,2.008811,-1.082024,-0.878035,0.557931,0.545553,0.486325,0.203155,1.503612,1.917662,-1.626014,0.308224
-0.546336,0.686629,2.594280,0.466947,0.704101,0.380245,-1.161412,0.543235,0.784021,0.130340,0.270072,0.937673,1.063733,2.256653,0.613975,0.395241,0.420864,2.117134,-1.084331,1.116767,0.435482,-0.775543,-1.311224,1.588017,-1.105159,-1.036305,1.671588,0.203259,-0.794126,-1.121456,1.530353,0.366665,642.467519,1.029113,-1.749084,0.167643,0.280961,1.897772,-0.679062,0.308709,0.304313,0.388032,0.515427,0.499481,1.503612,0.939368,-1.626014,0.326800
-1.218763,0.744041,2.371610,0.268021,0.749712,0.591095,-1.373114,0.714724,0.400050,0.165628,0.345680,0.693900,1.081139,1.547377,0.608670,0.303987,0.177267,0.912644,-1.264907,0.643857,0.316091,-0.953110,-1.292023,0.624387,-1.049746,-1.029584,1.671588,0.235788,-1.075202,-1.121456,0.594458,0.870085,774.993337,1.169767,-1.648930,0.212355,0.361284,2.075913,-1.172507,-0.808090,0.564218,0.318952,0.979693,0.456235,0.588317,1.649044,-1.627691,0.698067
-1.218763,0.661074,0.530378,0.258773,0.784442,0.642578,-1.329554,0.741455,1.020232,0.216632,0.424719,0.937596,1.081139,1.547377,0.623231,0.327894,0.185916,0.997565,-1.373838,0.734438,0.820179,-0.953110,-1.460476,0.904234,-1.049746,-1.029584,1.361930,0.271631,-1.075202,-0.510131,0.594458,1.159746,258.565106,1.295167,-1.832792,0.833118,0.355548,1.367856,-1.172507,-1.057642,0.718974,0.316149,0.965864,0.791501,0.588317,1.649044,-1.627691,0.698067
-0.220230,0.522350,0.818183,0.503580,0.802434,0.491126,-1.288191,0.427694,1.020232,0.443616,0.424350,0.691763,1.134024,1.853382,0.661506,0.454823,0.501005,2.363587,-1.277977,1.214811,0.828263,-1.020850,-1.618494,1.535628,-0.917332,-1.035501,1.361930,0.538349,0.282655,-0.888489,3.487609,0.303689,242.603788,1.260908,-1.751139,0.840122,0.478661,1.755736,-1.026395,-0.939052,0.544912,0.595657,0.430243,0.210862,1.541468,1.670041,-1.729064,1.133990
-0.220230,0.602119,2.429308,0.445527,0.685352,0.505002,-1.047561,0.436315,0.659325,0.331981,0.390244,0.939974,1.095693,1.853382,0.594398,0.456224,0.410644,2.363587,-0.987691,1.214811,0.701913,-1.020850,-1.156209,1.535628,-0.917332,-1.035501,1.989526,0.260146,-0.851409,-1.136815,3.487609,0.304483,600.715765,0.921553,-1.712111,0.166458,0.464968,2.190764,-0.441663,0.220565,0.280685,0.471742,0.430180,0.471130,1.541468,1.590681,-1.729064,1.133990
-0.782877,0.674696,1.974337,0.453119,0.747068,0.719637,-1.365421,0.622162,0.312253,0.152785,0.476567,0.679887,1.082432,1.693316,0.569093,0.303114,0.202813,1.148398,-1.283633,0.679089,0.087841,-1.184626,-1.182937,2.066176,-1.170952,-1.028473,1.989526,0.258202,-1.119905,-1.136815,0.564459,0.783554,641.818779,1.186829,-1.691434,0.218348,0.360205,2.193006,-1.168361,-0.841457,0.540584,0.324788,0.750580,0.460744,0.693439,2.138829,-1.682779,0.682188
-0.782877,0.692835,0.410137,0.402358,0.801420,0.711177,-1.386154,0.670643,1.032239,0.183513,0.545932,0.808391,1.082432,1.693316,0.537911,0.475628,0.281529,1.148398,-1.186506,0.800764,0.920278,-1.184626,-1.546013,2.097724,-1.170952,-1.028473,1.148661,0.295737,-1.119905,-0.302577,0.564459,1.052997,218.669106,0.989051,-1.510460,0.849313,0.375776,1.413270,-1.168361,-1.201200,0.723777,0.329909,0.711606,0.825036,0.693439,2.138829,-1.682779,0.682188
0.102593,0.610762,0.460055,0.702499,0.803540,0.463378,-1.374747,0.430100,1.032239,0.353633,0.461858,0.629105,1.029986,1.549046,0.624655,0.729858,0.521827,1.891766,-1.409436,0.895141,0.804929,-1.262061,-1.812286,2.037063,-1.634422,-1.041647,1.148661,0.566846,0.273012,-1.157568,2.621258,0.398117,166.421687,1.242350,-1.815804,0.839813,0.494846,1.714787,-1.107077,-1.051869,0.624854,0.532932,0.572448,0.218988,2.015605,1.532722,-2.637667,1.193130
0.102593,0.635422,2.536807,0.554165,0.690893,0.550527,-1.340376,0.407345,0.695044,0.264430,0.325115,1.022583,1.029986,1.549046,0.566377,0.601032,0.418459,1.891766,-1.362535,0.707556,0.319445,-1.262061,-1.395851,0.882751,-1.634422,-1.041647,1.288542,0.320550,-0.709970,-1.157568,2.621258,0.404517,600.008013,1.169944,-1.815731,0.150511,0.388002,2.224536,-0.423223,0.326342,0.225744,0.378132,0.739253,0.434245,2.015605,1.532722,-2.637667,1.193130
-0.616742,0.670528,2.411126,0.626952,0.728423,0.823526,-1.524192,0.613433,0.462640,0.137306,0.512242,0.439622,1.066964,1.932832,0.493977,0.269438,0.200766,-0.267776,-1.430547,0.707556,0.042061,-1.402032,-1.377618,2.873188,-1.064695,-1.031721,1.288542,0.242274,-1.080561,-1.011017,0.397716,0.739702,730.258747,1.248553,-1.767979,0.168597,0.317636,2.228739,-1.089080,-0.930284,0.538614,0.314848,0.818016,0.473858,0.707380,2.054413,-1.672988,0.568213
-0.616742,0.714467,0.540093,0.507848,0.777753,0.922421,-1.363819,0.618845,0.964893,0.161126,0.560240,0.551797,1.066964,1.932832,0.502664,0.482908,0.294353,0.556656,-1.353454,0.778108,0.963937,-1.402032,-1.440489,3.289033,-1.064695,-1.031721,1.220240,0.270665,-1.080561,-0.322834,0.494194,0.883332,230.951995,1.138213,-1.819001,0.828304,0.320108,1.174897,-1.095065,-1.246170,0.727304,0.329076,0.652656,0.784299,0.707380,2.054413,-1.672988,0.472992
0.288595,0.548800,0.685614,0.718059,0.810464,0.483672,-1.227810,0.309287,0.964893,0.333971,0.348842,0.882789,1.140287,1.755458,0.697338,0.772376,0.561310,1.689960,-1.278086,0.741123,0.555551,-1.500461,-1.761652,1.917226,-2.220346,-1.038742,1.220240,0.538525,0.246163,-0.939120,2.100782,0.352047,198.433288,1.196689,-1.985255,0.852923,0.432425,1.898750,-1.095065,-1.107436,0.588823,0.537186,0.636429,0.219988,1.863450,1.861495,-1.550528,1.274014
0.288595,0.643115,2.005491,0.529017,0.640250,0.659170,-1.155062,0.286956,0.684908,0.121681,0.279258,1.081548,1.140287,1.522569,0.600779,0.434691,0.445044,1.689960,-1.241616,0.741123,0.434175,-1.500461,-1.188202,0.768808,-1.828859,-1.029351,1.509618,0.270261,-0.742541,-1.076152,0.419003,0.643735,598.336307,1.187902,-1.773948,0.203092,0.373605,1.830160,-0.429076,0.233291,0.330116,0.345563,0.657154,0.455400,1.863450,1.212863,-1.550528,0.811277
-1.620667,0.732463,2.260135,0.683088,0.688153,0.906115,-1.224159,0.846904,0.402500,0.179217,0.369635,0.564690,1.093004,0.915091,0.422862,0.296149,0.312371,0.301709,-1.103115,0.687591,0.278779,-1.224184,-1.206528,2.466003,-0.739694,-1.030184,1.509618,0.221465,-1.211371,-1.076152,0.377920,1.238921,819.244938,1.004208,-1.829078,0.185614,0.310696,1.984663,-1.431883,-0.639575,0.475009,0.244391,0.896877,0.475589,1.127192,1.865228,-1.456503,0.684691
-1.620667,0.727228,0.716387,0.642281,0.759442,1.045888,-1.287144,0.909726,1.042219,0.208113,0.472943,0.520783,1.093004,0.915091,0.493446,0.447667,0.358440,0.765600,-1.337296,0.765923,0.807613,-1.162778,-1.565858,2.976030,-0.739694,-1.030184,1.281851,0.258847,-1.211371,-0.271288,0.958916,1.136701,314.219465,1.228055,-1.740775,0.802629,0.297869,1.869340,-1.459972,-1.285026,0.779968,0.270203,0.925657,0.824346,1.127192,1.865228,-1.456503,0.650495
-0.293100,0.542656,0.466041,0.654780,0.817430,0.446344,-1.254803,0.582555,1.042219,0.427024,0.376606,0.709803,1.088048,1.824774,0.610125,0.613879,0.571318,1.796050,-1.412752,1.153991,0.807613,-0.987918,-1.921006,1.171300,-1.564104,-1.036936,1.281851,0.520659,0.349149,-1.131639,3.028415,0.480749,179.984733,1.167078,-1.744626,0.855363,0.328348,1.575386,-1.109579,-1.111104,0.598572,0.580888,0.510487,0.205333,2.007875,1.655177,-1.115629,1.118436
-0.293100,0.634102,2.538918,0.457219,0.690907,0.370058,-0.750978,0.484955,0.714469,0.129086,0.285045,0.874074,1.088048,1.600586,0.529151,0.455968,0.438343,1.796050,-0.172946,1.153991,0.767910,-0.987918,-1.306665,0.934369,-0.782575,-1.033295,1.119188,0.203347,-0.881652,-1.175337,0.824666,0.368602,649.477397,0.199729,-1.717744,0.159359,0.371059,1.894062,-0.477906,0.201568,0.317650,0.309617,0.461567,0.495462,2.007875,0.465410,-1.111137,1.118436
-0.848951,0.721181,2.277648,0.386912,0.749918,0.617141,-1.297134,0.624608,0.249072,0.151314,0.412526,0.548269,1.151478,1.406408,0.508372,0.300521,0.204588,0.419987,-1.111886,0.641116,0.184907,-1.159442,-1.234131,1.074666,-1.279928,-1.029435,1.119188,0.262201,-1.135900,-1.175337,0.487387,0.864342,740.008109,1.019274,-1.857694,0.192883,0.376630,1.720345,-1.039651,-0.824101,0.533326,0.293024,0.534003,0.439313,0.646289,1.549027,-1.346992,0.610294
-0.848951,0.718889,0.494080,0.341172,0.772395,0.612687,-1.375319,0.665607,1.121572,0.187284,0.524923,0.714572,1.151478,1.406408,0.518554,0.359670,0.230157,0.473207,-1.383578,0.817747,1.032663,-1.159442,-1.436119,1.308304,-1.279928,-1.029435,1.156670,0.294488,-1.135900,-0.332212,0.487387,1.188630,219.371021,1.200464,-1.665639,0.816868,0.372658,0.892838,-1.060307,-1.222080,0.748779,0.289116,0.472515,0.830531,0.646289,1.549027,-1.402175,0.610294
-0.365379,0.633637,1.139536,0.584454,0.778432,0.351967,-1.127371,0.559527,1.121572,0.453046,0.440622,0.716374,1.112964,2.126398,0.629736,0.620252,0.488065,2.536816,-1.051714,1.022924,1.032663,-0.971926,-1.507137,1.649469,-1.116955,-1.039244,1.156670,0.530838,0.311552,-1.081348,3.153183,0.471610,294.458489,1.066474,-1.979242,0.818351,0.372654,2.184419,-1.059679,-1.057920,0.648683,0.623810,0.560814,0.251615,1.353954,1.295807,-2.025213,0.897592
-0.365379,0.784456,2.897931,0.515525,0.688880,0.359428,-0.871242,0.435490,0.544137,0.367576,0.351846,1.073159,1.079602,2.126398,0.609514,0.589939,0.417980,2.536816,-0.612869,1.022924,0.252968,-0.971926,-1.330765,1.649469,-1.116955,-1.039244,1.344920,0.271515,-0.857642,-1.114317,3.153183,0.366378,741.425557,0.671050,-1.592330,0.131898,0.394603,1.330234,-0.579729,0.436395,0.271009,0.506436,0.628490,0.456455,1.353954,1.295807,-2.025213,0.897592
-1.101952,0.801373,2.227707,0.360010,0.757659,0.663275,-1.218212,0.638341,0.187345,0.146498,0.414954,0.499877,1.094496,1.398145,0.528974,0.305238,0.210047,0.223297,-1.159599,0.717043,0.137350,-1.082777,-1.366837,0.740422,-1.139647,-0.752061,1.344920,0.268995,-1.153438,-1.114317,0.603001,0.815886,759.612434,1.110148,-1.685406,0.213184,0.474166,1.973720,-1.245431,-0.929721,0.616998,0.312838,1.158983,0.422284,0.525993,1.790619,-1.200222,0.644927
-1.101952,0.680271,0.314366,0.322276,0.767480,0.686993,-1.303890,0.703535,0.804957,0.236429,0.499895,0.731524,1.094496,1.398145,0.531354,0.316382,0.239663,0.735844,-1.293468,0.772202,1.042586,-1.082777,-1.549149,0.747985,-1.139647,-0.983355,1.214285,0.324676,-1.153438,-0.188682,0.603001,0.945257,171.854605,1.189487,-1.903114,0.826909,0.408628,1.364790,-1.245431,-1.204120,0.731653,0.340208,1.166016,0.746393,0.525993,1.790619,-1.305701,0.644927
-0.577976,0.528935,1.587090,0.496584,0.787431,0.343498,-1.287325,0.521796,0.804957,0.405318,0.289549,0.618167,1.122387,2.477821,0.531525,0.493757,0.565510,1.988827,-1.179944,1.568951,1.042586,-1.018258,-1.587525,1.890658,-1.083713,-1.042265,1.188326,0.503670,0.068867,-0.887579,3.331636,0.344272,416.512113,1.141367,-1.581817,0.799821,0.575028,2.538250,-1.000892,-0.664270,0.407268,0.603240,0.418994,0.206977,1.508643,2.498656,-6.047968,1.512505
-0.338308,0.443061,1.660588,0.108698,0.665692,0.420543,-1.396865,0.515632,0.474702,0.048017,0.184857,0.530876,1.039850,0.331197,0.339124,0.196979,0.134852,1.205214,-1.479785,0.728324,0.235988,-1.018258,-1.221305,1.209715,-0.117875,-0.551264,1.005046,0.190936,-0.635693,-0.870147,0.502829,0.212524,440.546449,1.268655,-1.717223,0.092947,0.405517,1.742547,-0.391742,0.261310,0.113236,0.056333,0.296465,0.318567,0.019693,1.052899,-1.957360,1.512505
-0.018500,0.612785,0.466479,0.241978,0.567890,0.373499,-1.393929,0.551384,0.304423,0.120244,0.338449,0.627817,0.880763,1.105281,0.380002,0.280737,0.120202,0.427252,-1.246803,0.940518,0.684806,-0.724909,-1.805696,0.388427,-0.728936,-0.697640,0.878794,0.207308,-0.885527,-0.409830,0.653391,0.594996,213.954912,1.216228,-1.612851,0.492923,0.323056,1.438153,-1.072971,-1.213840,0.614618,0.243645,0.460028,0.411333,0.026241,1.915692,-0.517073,0.680588
0.239544,1.261313,0.272543,0.032641,0.348792,0.174773,-0.996090,0.091737,-0.129323,0.032638,0.091454,0.262749,0.402651,-0.033603,0.183780,0.181043,0.035266,0.490178,-0.969540,0.632226,0.263500,-0.334316,-1.660301,0.158016,-0.025495,-0.813287,0.739838,0.079462,-0.603261,-0.641923,0.343021,0.366916,167.776488,0.830573,-1.630951,0.034820,0.112472,1.118873,-0.442506,0.775166,0.191094,0.017655,0.231807,0.122468,-0.220487,0.232723,-0.303157,0.242840
0.313075,1.399031,0.205611,0.006479,0.368699,0.039913,-0.991288,0.055960,-0.526939,0.003826,0.013441,0.033797,0.373719,-0.133195,0.014758,0.011357,0.002341,-0.190309,-0.996434,0.546635,0.019390,-0.060509,-1.618831,-0.324855,0.012139,0.191325,0.423282,0.013036,-0.588652,-0.124845,0.230674,0.027253,110.308768,0.816243,-1.614324,0.002932,0.028336,1.009070,-0.364288,1.380919,0.008949,0.000959,0.151523,0.017355,-0.431623,0.055937,-0.010512,-0.003800
0.351524,1.382346,0.398495,0.008131,0.374289,0.024902,-0.881583,0.034640,-0.519248,0.004671,0.017085,0.048733,0.397187,-0.131909,0.010468,0.014491,0.003434,-0.195070,-0.975763,0.548046,0.029736,-0.153360,-1.328839,-0.363073,-0.034947,0.170173,0.418954,0.011147,-0.598739,-0.122509,0.230429,0.039633,161.188117,0.804037,-1.700272,0.006901,0.022386,1.282304,-0.364911,1.351760,0.015073,0.001173,0.063751,0.022288,-0.427452,-0.079548,-0.006986,-0.030974
0.510549,0.788452,0.680815,0.256952,0.453772,0.480232,-1.287873,0.161747,0.805579,0.037706,0.120544,0.263030,0.526665,0.029561,0.051702,0.089103,0.031337,-0.289315,-1.318430,0.651191,0.048087,-0.495945,-1.332955,0.362561,-0.127957,-0.033745,0.549279,0.072493,-0.524417,-0.041395,0.314285,0.890856,280.170079,1.288635,-1.570757,0.054715,0.098395,1.674510,-0.569754,-0.233715,0.499951,0.032763,0.376895,0.432625,-0.275109,0.343989,-0.175722,-0.031729
0.105793,0.311022,0.239427,0.237580,0.239885,0.222869,-1.306279,0.341040,0.889268,0.050954,0.184890,0.398551,0.522310,0.029561,0.067172,0.100932,0.079832,0.364594,-1.348884,0.651191,0.048087,-0.692731,-1.381218,0.362561,-0.867024,-0.033745,0.565696,0.133723,0.132177,-0.285935,0.395066,0.375820,150.969380,1.250581,-1.899152,0.222195,0.082508,1.120608,-0.743251,-0.267571,0.335153,0.064572,0.410886,0.202569,-0.275109,0.379418,-0.610424,-0.047156
-0.199437,0.648584,0.265608,0.265163,0.417141,0.170694,-1.316183,0.131471,0.564765,0.113726,0.270930,0.364091,0.592077,0.492699,0.238093,0.191824,0.186782,0.364594,-1.301660,0.662026,0.138085,-0.692731,-1.530640,0.352652,-0.481865,-0.510106,0.863437,0.151142,-0.032117,-0.446407,1.022828,0.084247,130.507080,1.146030,-1.841136,0.180195,0.238703,1.081153,-0.527143,0.386630,0.077439,0.153315,0.542436,0.161736,0.566585,0.670739,-1.054250,0.396587
0.067172,0.743315,1.642276,0.060732,0.499781,0.304259,-1.348828,0.256067,0.116137,0.021632,0.109571,0.218377,0.578929,-0.119108,0.148963,0.058202,0.033676,0.050022,-1.340122,0.572356,0.038627,-0.576894,-1.220479,0.352652,-0.032641,0.008958,0.863536,0.065271,-0.234045,-0.425978,0.256892,0.133189,377.860052,1.205372,-1.583272,0.052012,0.157677,2.125734,-0.385336,0.599384,0.106919,0.030157,0.332929,0.091373,-0.378239,0.233797,-1.054250,0.415812
0.468410,1.077463,0.236364,0.000982,0.379235,0.009648,-0.756915,0.024769,-0.316645,0.019435,0.001535,0.004815,0.380215,0.281324,0.514625,0.087644,0.015381,-0.234856,-0.951619,-1.379312,0.017405,-0.025971,-0.691351,-0.362248,0.013393,0.730641,19.337607,0.107854,-0.359227,-0.116736,0.884541,0.021535,168.365185,0.658695,-1.479593,0.000475,0.158075,0.959611,-0.364224,1.061241,0.007543,0.011185,0.006072,0.012567,-0.947925,-4.413707,-0.010158,-5.374980
0.526609,1.067025,0.218298,0.027394,0.915679,0.156488,-0.658985,0.017977,-0.313858,0.019435,0.053791,0.093337,-0.809853,0.123939,0.514625,0.087644,0.015381,-2.058289,-0.900611,-0.569160,0.189000,-3.517046,-0.773705,-4.083403,0.162621,0.496195,12.096335,0.107854,-0.389789,0.166893,0.633843,0.027537,145.677532,0.538344,-1.331351,0.061283,0.158075,1.093115,-0.458075,1.030769,0.014590,0.011185,0.135436,0.023287,-0.731499,-2.401663,-10.162885,-3.150717
0.489954,1.100982,0.363341,0.021921,0.048514,0.125221,-0.758381,0.020265,-0.343693,0.015552,0.043043,0.074688,0.052452,-0.041188,0.411803,0.070132,0.012308,-0.744945,-0.974629,0.240992,0.076242,-1.240504,-0.699632,-1.367282,0.055149,0.261748,4.498877,0.086305,-0.398484,-0.034110,0.370815,0.031833,169.541383,0.646464,-1.420907,0.049038,0.126491,1.275454,-0.396201,1.085807,0.006438,0.008950,0.108376,0.014561,-0.515072,-0.389619,-3.527052,-0.926455
0.506049,1.104183,0.201460,0.000565,0.369350,0.010458,-0.840057,0.014862,-0.351079,0.001086,0.003122,0.019539,0.372370,-0.127968,0.010707,0.004241,0.000829,-0.214723,-1.107032,0.543060,0.016323,-0.041575,-0.795163,-0.361553,0.014261,0.169782,0.468313,0.003248,-0.381785,-0.114615,0.231769,0.038032,111.804731,0.750945,-1.347203,0.000826,0.009348,1.059126,-0.363521,1.085682,0.011007,0.000556,0.066491,0.007212,-0.434236,0.435085,0.020887,-0.097467
0.492479,0.832529,1.446688,0.245434,0.530679,0.332056,-1.097715,0.186353,1.197964,0.060278,0.104820,0.156751,0.904444,0.394417,0.124382,0.093892,0.076903,0.116994,-0.949176,0.736605,0.347909,-0.377683,-1.314263,0.603145,-0.476828,-0.509929,0.622087,0.119483,-0.338539,-0.203586,0.560306,0.985497,472.963612,0.989268,-1.412409,0.235704,0.119158,2.052362,-0.610654,-0.879120,0.751428,0.105939,0.310436,0.522612,-0.048428,0.763212,-0.399118,-0.024310
0.125993,0.550218,0.337232,0.263972,0.427548,0.361317,-1.448177,0.270877,1.272901,0.100374,0.165297,0.293330,0.904444,0.394417,0.164650,0.083737,0.130306,0.311211,-1.483303,0.736605,0.520741,-0.377683,-1.381945,0.811230,-0.476828,-0.509929,0.713871,0.199173,0.011963,-0.416410,0.560306,0.503764,182.365669,1.366684,-1.623977,0.482289,0.134759,1.323786,-0.710620,-0.879120,0.617262,0.192377,0.346849,0.346672,-0.048428,0.770456,-0.667862,-0.016099
-0.585418,0.731361,0.481088,0.242366,0.510628,0.477503,-1.198019,0.297512,1.122303,0.146287,0.134823,0.466386,0.839509,0.443049,0.499599,0.217365,0.234407,0.983418,-1.248971,0.680655,0.394237,-0.551007,-1.515840,0.588322,-0.856702,-0.972403,1.363597,0.350181,0.365656,-0.818952,1.649191,0.158618,171.024928,1.199005,-1.700852,0.315776,0.195840,1.373853,-0.651262,0.406849,0.141988,0.218063,0.427746,0.158878,0.472303,1.001663,-1.059873,0.399685
0.027117,0.926218,3.985778,0.108605,0.578469,0.370731,-1.195928,0.357892,0.777981,0.031549,0.075927,0.467100,0.791699,-0.083970,0.246064,0.092818,0.032820,0.442831,-1.140933,0.577114,0.052729,-0.418068,-1.163093,0.458172,-0.097969,-0.069821,1.363597,0.070663,-0.646723,-0.740836,0.282347,0.475708,880.279996,1.085611,-1.528512,0.088075,0.150543,1.451007,-0.416449,0.635467,0.164149,0.019659,0.276731,0.410542,-0.358931,0.712864,-0.331782,0.399685
-0.893697,0.817428,3.554581,0.189188,0.757664,0.462292,-1.343813,0.708688,0.099285,0.106750,0.209984,0.448009,1.027428,0.914239,0.422548,0.174678,0.118124,0.228059,-1.196366,0.612687,0.219496,-0.739923,-1.426816,0.377976,-1.039718,-0.852587,0.865242,0.200790,-0.884063,-0.622553,0.466078,0.506527,1011.593241,1.082765,-1.586859,0.170767,0.294075,2.045436,-0.938831,-0.731218,0.571879,0.221866,0.589131,0.320150,0.136864,1.171933,-1.394111,0.600609
-0.893697,0.637481,0.333978,0.189476,0.719029,0.483685,-1.313366,0.662445,1.227810,0.163674,0.280113,0.501620,1.027428,0.914239,0.447280,0.195712,0.121624,0.452818,-1.290456,0.763247,0.752722,-0.739923,-1.483840,0.464524,-1.039718,-0.852587,1.027779,0.233512,-0.884063,-0.398653,0.466078,1.036113,180.478198,1.180343,-1.792857,0.772526,0.335049,1.021378,-1.039747,-1.003369,0.653473,0.225765,0.670356,0.766040,0.136864,1.171933,-1.394111,0.600609
-0.371290,0.595936,1.558989,0.546893,0.769784,0.350042,-1.422915,0.472558,1.227810,0.377492,0.370405,0.664296,1.071497,2.162833,0.545121,0.476744,0.539111,1.935317,-1.602731,1.070619,0.741252,-0.851905,-1.590721,1.954464,-1.101248,-1.032624,1.027779,0.471884,0.304722,-0.852021,3.273567,0.330873,431.381707,1.390716,-1.941546,0.787789,0.512600,1.802160,-1.009156,-0.900736,0.519445,0.631842,0.542240,0.283888,1.311725,2.093327,-2.275150,0.657118
-0.371290,0.677091,2.938548,0.150267,0.638783,0.404926,-1.029412,0.428427,0.686351,0.088175,0.333109,0.780448,0.982721,0.154306,0.312862,0.309454,0.188343,1.935317,-0.706303,0.620653,0.230552,-0.851905,-1.210321,1.954464,-0.574801,-0.212030,1.362576,0.131682,-0.745504,-0.993901,0.441086,0.275564,760.687322,0.607097,-1.665896,0.138630,0.372557,1.790551,-0.509646,0.342017,0.225288,0.045120,0.557321,0.452566,0.602888,0.556749,-2.275150,0.657118
-0.879070,0.706037,2.116749,0.238410,0.725572,0.579208,-1.254904,0.630427,0.134846,0.116869,0.299836,0.463031,1.016267,0.919322,0.443230,0.181026,0.149759,0.187605,-0.860787,0.618402,0.081093,-0.761989,-1.414915,0.319299,-0.913437,-0.735428,1.362576,0.219437,-0.988443,-0.993901,0.494321,0.636625,717.683690,0.725304,-1.527445,0.191380,0.374246,1.640463,-1.034837,-0.839610,0.559076,0.241514,0.739840,0.342327,0.379010,1.620338,-1.404355,0.515278
-0.879070,0.655833,0.395362,0.272207,0.714373,0.554631,-1.399096,0.625716,1.214687,0.187540,0.414054,0.552139,1.016267,0.919322,0.409468,0.220980,0.154059,1.034131,-1.252785,0.808600,0.903548,-0.761989,-1.529715,0.818647,-0.913437,-0.735428,1.010435,0.252597,-0.988443,-0.351223,0.494321,0.894345,205.802142,1.156039,-1.679945,0.768436,0.302670,0.828839,-1.034837,-1.094665,0.646000,0.251026,0.755724,0.806218,0.379010,1.620338,-1.404355,0.515278
-0.550066,0.632379,1.087355,0.447397,0.709649,0.319089,-1.036576,0.505719,1.214687,0.371979,0.369816,0.561459,0.971867,1.159329,0.418850,0.423467,0.338112,1.482523,-0.879892,1.027430,0.903548,-0.771547,-1.623921,1.273861,-0.990072,-1.034212,0.783717,0.424273,0.270132,-0.740596,3.005101,0.319294,334.190819,0.868166,-1.643752,0.732796,0.466681,1.828072,-1.009789,-0.934064,0.517781,0.440608,0.535605,0.309309,0.852868,1.980446,-1.762610,1.030352
-0.550066,0.761303,3.206719,0.180182,0.638903,0.386642,-1.058012,0.502275,0.593467,0.046431,0.288211,0.679667,0.923941,-0.022907,0.238533,0.305600,0.091610,1.482523,-1.031304,0.732063,0.060235,-0.771547,-1.262785,1.273861,-0.327184,-0.583304,1.146544,0.109456,-0.804887,-0.859257,0.400997,0.231400,832.710957,1.031078,-1.624426,0.106711,0.447203,2.173448,-0.453141,0.534003,0.165232,0.022732,0.458056,0.417052,-0.201655,0.867275,-1.762610,1.030352
-0.806586,0.736495,2.380425,0.205869,0.744509,0.582562,-1.099971,0.623071,0.106656,0.125190,0.267481,0.443749,1.041228,0.994223,0.429613,0.206106,0.129804,0.404113,-0.819784,0.651400,0.143460,-0.850158,-1.464130,0.354497,-1.048171,-0.823211,1.146544,0.220616,-0.995016,-0.859257,0.479473,0.598883,785.542305,0.828729,-1.653784,0.175222,0.433893,1.874600,-0.936735,-0.828802,0.546072,0.235660,0.756291,0.351090,0.289530,1.770231,-1.333917,0.712518
-0.806586,0.652676,0.336870,0.210722,0.716150,0.626778,-1.423510,0.616166,1.199411,0.185546,0.347019,0.647651,1.041228,0.994223,0.422322,0.222245,0.148817,0.684014,-1.546302,0.791641,0.906794,-0.850158,-1.561431,0.628827,-1.048171,-0.823211,1.080582,0.256627,-0.995016,-0.451738,0.479473,0.930835,203.556063,1.424779,-1.573323,0.769232,0.337681,0.539197,-1.102865,-1.052109,0.658347,0.240109,0.769445,0.794326,0.289530,1.770231,-1.333917,0.712518
-0.386060,0.630417,0.826804,0.446108,0.721197,0.329127,-1.285500,0.492190,1.199411,0.428451,0.308847,0.524929,1.020935,2.288963,0.410784,0.417104,0.468049,1.408720,-1.193408,1.137022,0.906794,-0.693473,-1.510979,1.274608,-1.105152,-1.033444,0.820975,0.448394,0.262379,-0.873055,3.338321,0.359850,244.499625,1.196647,-1.876897,0.743203,0.450863,1.384631,-0.979326,-0.899525,0.515417,0.574485,0.642877,0.277800,1.077412,1.982230,-1.754061,1.123622
-0.379117,0.725282,2.891253,0.176743,0.659467,0.376498,-1.357374,0.574351,0.600410,0.062262,0.230592,0.693956,0.855510,0.135790,0.260170,0.215176,0.214941,1.408720,-1.183961,0.692398,0.153003,-0.693473,-1.145855,1.274608,-0.599655,-1.012375,1.086896,0.145357,-0.768443,-0.818231,0.686989,0.168213,715.966586,1.083198,-1.568342,0.066172,0.394113,2.105725,-0.569247,0.526422,0.098931,0.068834,0.551012,0.409201,0.736152,0.982941,-1.754061,1.123622
-0.503417,0.647030,1.881563,0.317217,0.722744,0.552612,-1.406338,0.612137,0.022540,0.127371,0.376306,0.526555,1.034952,1.106812,0.376010,0.152008,0.168727,0.647955,-1.456018,0.723247,0.322474,-0.727549,-1.297448,1.216858,-0.903200,-0.664584,1.086896,0.198492,-0.977866,-0.805040,0.621859,0.597960,633.200731,1.389813,-1.665573,0.163329,0.352105,1.831982,-0.938069,-0.826856,0.540828,0.263792,0.445202,0.321218,0.432122,1.790499,-1.037940,0.734745
-0.503417,0.586838,0.264503,0.339254,0.681115,0.493576,-1.398796,0.543869,1.053428,0.175540,0.464379,0.485598,1.034952,1.106812,0.364782,0.309497,0.215656,0.647955,-1.453988,0.791770,0.741715,-0.727549,-1.322683,2.079096,-0.903200,-0.759482,1.021691,0.235648,-0.977866,-0.297873,0.621859,1.038792,161.616170,1.312194,-1.752959,0.733626,0.243535,1.027721,-0.987337,-1.019217,0.569941,0.272041,0.403525,0.735469,0.432122,1.790499,-1.037940,0.544488
-0.175761,0.627774,1.352678,0.589287,0.664998,0.256390,-1.225158,0.382931,1.053428,0.283255,0.349611,0.559468,0.916663,0.765298,0.481045,0.552975,0.569574,1.411751,-1.129611,0.753212,0.741715,-1.126551,-1.621856,1.857149,-1.851523,-1.034538,0.960552,0.440480,0.149535,-1.082126,1.599549,0.321446,384.452206,1.119010,-1.734478,0.685804,0.490574,1.719687,-0.963445,-0.695124,0.453709,0.341029,0.333803,0.283707,1.711555,1.942735,-1.944146,1.047624
-0.006026,0.815258,2.916232,0.104394,0.563590,0.508531,-1.145404,0.280449,0.466897,0.031657,0.102346,0.426863,0.850273,-0.022916,0.187971,0.151253,0.054575,0.348932,-1.141292,0.753212,0.093135,-1.126551,-1.394460,0.639995,-0.099888,-0.599088,1.033311,0.156607,-0.680614,-1.082126,0.250847,0.378282,693.375537,1.086292,-1.483291,0.080932,0.501090,1.690955,-0.389170,0.542102,0.159353,0.021995,0.314739,0.342678,-0.322387,0.885867,-1.944146,0.991266
-0.717021,0.737373,1.661339,0.542880,0.688665,0.510992,-1.190686,0.523166,0.089643,0.121948,0.322948,0.320405,0.968194,1.103284,0.289530,0.170785,0.164781,-0.099996,-1.239035,0.584127,0.071047,-1.301978,-1.472493,2.717470,-0.575170,-0.724385,1.033311,0.230864,-0.883993,-0.841186,0.567378,0.662972,523.731168,1.229793,-1.642214,0.143365,0.415799,1.276682,-1.229598,-0.687111,0.495519,0.264800,0.287016,0.308092,0.282428,1.507717,-1.248326,0.939862
-0.717021,0.671954,0.297713,0.494455,0.688033,0.535584,-1.357093,0.567079,1.288282,0.183191,0.404887,0.509455,0.968194,1.103284,0.314699,0.318517,0.229542,0.408535,-1.384600,0.772760,0.580326,-1.301978,-1.537323,3.119341,-0.575170,-0.724385,0.924932,0.240239,-0.883993,-0.437792,0.567378,0.756331,170.031945,1.366917,-1.762649,0.728033,0.282083,1.090055,-1.229598,-1.221737,0.705066,0.266364,0.450740,0.818371,0.282428,1.507717,-1.248326,0.346943
-0.300605,0.619520,1.398995,0.520811,0.701094,0.368457,-1.261416,0.488984,1.288282,0.273735,0.298000,0.719302,0.995595,2.131069,0.462913,0.450311,0.541540,1.110755,-1.290582,0.793708,0.580326,-1.185046,-1.674207,1.215660,-1.002076,-1.035328,0.821578,0.485250,0.239339,-1.123671,0.786743,0.337257,379.068620,1.185995,-1.901769,0.738058,0.490599,1.895033,-1.001715,-1.111970,0.626424,0.553473,0.341933,0.330942,2.253220,1.249946,-1.244234,1.269117
-0.300605,0.746506,2.666986,0.224053,0.631940,0.403817,-1.502957,0.428773,0.749516,0.058027,0.252906,0.673090,0.970880,0.289995,0.352534,0.189287,0.097697,1.110755,-1.493733,0.793708,0.026691,-1.185046,-0.924511,0.667606,-0.377409,-0.583274,1.061736,0.200609,-0.522575,-1.123671,0.401841,0.127402,764.991988,1.459526,-1.533437,0.136783,0.507659,1.934974,-0.463693,0.435722,0.192305,0.044929,0.289798,0.390437,0.164980,0.569911,-1.244234,1.269117
-0.100914,0.687142,1.620651,0.370456,0.689310,0.582559,-1.349018,0.434809,0.318441,0.118011,0.349131,0.288835,0.919045,1.257093,0.376684,0.214058,0.102589,0.073283,-1.125532,0.741168,0.006419,-1.134190,-1.512325,2.099201,-0.875984,-0.598719,1.061736,0.206089,-0.623747,-0.913783,0.524984,0.242943,626.900906,1.063003,-1.723337,0.159987,0.355171,2.209267,-0.989049,-0.759823,0.542903,0.265707,0.323916,0.257093,-0.034728,1.397036,-0.699864,0.612701
-0.100914,0.560305,0.334507,0.322743,0.616427,0.455458,-1.305359,0.429376,1.155396,0.184321,0.430288,0.318566,0.919045,1.257093,0.333122,0.369309,0.210126,0.073283,-1.215523,0.783026,0.588510,-1.134190,-1.627159,2.372883,-0.875984,-0.598719,0.878999,0.236297,-0.623747,-0.265309,0.524984,0.697660,179.927580,1.160125,-1.635246,0.654191,0.258644,1.427067,-1.007143,-0.996051,0.566903,0.281390,0.327563,0.685610,-0.034728,1.397036,-0.699864,0.410783
0.436519,0.485495,1.445181,0.508050,0.578485,0.330383,-1.307522,0.216704,1.155396,0.246134,0.313110,0.343439,0.767855,1.708643,0.334520,0.386547,0.409144,0.569222,-1.239309,0.800261,0.419081,-0.908470,-1.768426,1.517379,-0.620500,-1.039369,0.884911,0.395861,0.196330,-1.202032,0.523304,0.163422,384.277713,1.214096,-1.731268,0.594649,0.426957,2.016554,-1.007143,-0.798365,0.461911,0.402616,0.471872,0.303682,1.779634,0.670798,-1.426758,1.046133
0.442898,0.650357,2.759291,0.141783,0.554532,0.390242,-1.153745,0.143209,0.616455,0.023063,0.178258,0.414910,0.754310,-0.062544,0.222191,0.148294,0.087664,0.569222,-1.026127,0.674310,0.138104,-0.665764,-1.283434,0.806652,-0.096647,-0.259031,0.925135,0.177733,-0.707091,-1.100559,0.278794,0.473653,702.581930,1.123707,-1.648820,0.075171,0.349466,2.184440,-0.366519,0.384658,0.133498,0.032004,0.400810,0.368720,0.223979,0.682415,-1.134806,0.795685
-1.253935,0.632129,1.754691,0.490986,0.672355,0.586328,-1.360212,0.721071,0.185380,0.103017,0.220537,0.577364,0.988718,0.718899,0.304819,0.190713,0.185420,0.335560,-1.306022,0.577817,0.183304,-0.864510,-1.456941,1.255285,-0.601659,-0.714333,0.925135,0.170945,-0.953894,-0.614921,0.362162,0.917389,587.801357,1.177139,-1.723646,0.142748,0.203558,2.119887,-1.225007,-0.734776,0.438060,0.184209,0.811645,0.338364,0.430148,1.405232,-0.835886,0.401707
-1.253935,0.658500,0.291225,0.477060,0.654467,0.706386,-1.514237,0.739733,1.071951,0.142335,0.351424,0.619022,0.988718,0.718899,0.376424,0.240680,0.207907,0.637051,-1.450229,0.770731,0.918052,-0.864510,-1.712320,1.339500,-0.601659,-0.714333,0.969695,0.198671,-0.953894,-0.340794,0.504094,0.890908,174.044488,1.266725,-1.799366,0.698093,0.195210,0.991859,-1.250945,-1.204953,0.655749,0.195715,0.804743,0.759641,0.430148,1.405232,-0.855208,0.401707
-0.287067,0.587590,0.451137,0.431594,0.700938,0.464651,-1.526944,0.434322,1.071951,0.342038,0.245168,0.542897,0.987277,1.456926,0.430980,0.361947,0.321570,1.487609,-1.571054,0.899698,0.918052,-0.912799,-1.669741,1.174435,-1.100766,-1.031120,0.969695,0.455919,0.358822,-0.934925,2.552102,0.287311,175.280517,1.341192,-1.840283,0.725394,0.295276,1.355828,-0.985653,-0.897377,0.507868,0.423290,0.356734,0.236980,0.847274,1.132654,-1.376903,0.947000
-0.287067,0.723547,2.640801,0.222550,0.631925,0.398719,-1.147602,0.464967,0.642450,0.036410,0.225946,0.670430,0.987277,-0.030462,0.328717,0.169495,0.064213,1.324540,-0.851350,0.718602,0.029825,-0.912799,-1.118104,1.174435,-0.289117,-0.442748,1.334974,0.230167,-0.768092,-0.911437,0.308814,0.413038,632.805108,0.865998,-1.743935,0.124137,0.374944,1.848380,-0.426891,0.447027,0.217672,0.031564,0.327436,0.437297,-0.075263,0.461712,-1.376903,0.947000
-0.863884,0.730475,1.880438,0.309789,0.724268,0.631827,-1.430914,0.673989,0.192992,0.137339,0.331565,0.457201,1.029029,1.065991,0.425483,0.236494,0.138419,0.475780,-1.323998,0.664420,0.018623,-1.197572,-1.276732,1.074355,-0.958973,-0.784067,1.334974,0.214120,-0.994175,-0.911437,0.395072,0.720647,613.507425,1.128693,-1.717120,0.181813,0.439362,1.697026,-1.062221,-0.841897,0.564085,0.267974,0.306597,0.346299,0.147412,1.419983,-1.244931,0.644151
-0.863884,0.707507,0.357949,0.292727,0.708064,0.739064,-1.458712,0.688214,1.400146,0.188619,0.444375,0.594283,1.029029,1.065991,0.386791,0.301904,0.163812,1.162219,-1.455584,0.818991,0.919331,-1.197572,-1.650726,1.198379,-0.958973,-0.784067,1.019459,0.237368,-0.994175,-0.560191,0.403904,0.926502,204.373327,1.239734,-1.687416,0.758114,0.337077,0.884499,-1.067343,-1.182788,0.687159,0.277566,0.386610,0.852231,0.147412,1.419983,-1.244931,0.482628
-0.323168,0.641600,1.210454,0.493217,0.732149,0.439811,-1.149279,0.520219,1.400146,0.424234,0.409073,0.631931,1.039855,1.945427,0.371956,0.451093,0.403554,1.381318,-1.003497,1.102940,0.919331,-0.720076,-1.640850,1.596315,-0.787637,-1.040076,0.855446,0.468088,0.278881,-1.009966,3.385610,0.279988,368.039019,0.846014,-1.777863,0.762364,0.376733,1.906180,-0.999060,-1.158322,0.645374,0.541503,0.364472,0.361360,1.188802,1.322034,-1.134384,0.793105
-0.323168,0.720662,3.058979,0.363139,0.656675,0.436411,-1.321453,0.438235,0.640375,0.090072,0.384845,0.769322,1.039855,1.425581,0.246374,0.302352,0.115300,1.381318,-1.282530,0.860982,0.081333,-0.730353,-1.240003,1.596315,-0.525366,-0.224337,0.975884,0.142252,-0.828191,-0.992692,0.644769,0.334893,838.726076,1.124219,-1.650032,0.143570,0.384294,1.918195,-0.488272,0.446573,0.179085,0.215709,0.449309,0.435392,0.184194,0.536743,-1.134384,0.793105
-1.024269,0.694457,1.923853,0.355751,0.727889,0.638592,-1.277710,0.652608,0.120789,0.119642,0.340382,0.417959,1.040745,1.009298,0.376707,0.240109,0.173155,0.084982,-1.118442,0.675179,-0.007009,-0.956991,-1.299495,0.639340,-0.980662,-0.899114,0.975884,0.200780,-1.006824,-0.992692,0.551225,0.678089,694.850961,1.027236,-1.730631,0.198825,0.387339,1.804017,-1.228612,-0.920211,0.568980,0.265352,0.776535,0.355865,0.319851,1.988266,-1.309591,0.700672
-1.024269,0.644538,0.277174,0.341778,0.711164,0.641582,-1.366499,0.678554,1.022414,0.210268,0.462324,0.609235,1.040745,1.009298,0.392858,0.266891,0.210157,0.624772,-1.328152,0.785675,0.995204,-0.956991,-1.670628,1.006275,-0.980662,-1.033429,0.977579,0.279845,-1.006824,-0.398611,0.551225,0.734585,158.037878,1.207350,-1.501331,0.769590,0.304116,1.066298,-1.228612,-1.151136,0.662594,0.298145,0.746801,0.748917,0.319851,1.988266,-1.309591,0.700672
-0.541179,0.666118,1.388693,0.548528,0.699876,0.304348,-1.276025,0.496348,1.022414,0.439341,0.390888,0.565596,0.999788,2.506445,0.418261,0.452814,0.613452,1.230952,-1.165223,1.351381,0.995204,-0.625771,-1.576105,1.870983,-0.993358,-1.033429,0.907490,0.445684,0.063848,-0.961365,3.352814,0.275824,379.914124,1.075911,-1.930634,0.693736,0.443834,2.012222,-1.019280,-0.494015,0.350015,0.638020,0.410824,0.257805,1.638938,1.964640,-2.168686,0.717623
-0.297652,0.763956,2.361639,0.067637,0.633328,0.351367,-1.191457,0.544253,0.569888,0.043005,0.238809,0.522855,0.846032,0.027568,0.229694,0.236680,0.105595,0.928081,-1.202560,0.650292,0.140621,-0.545937,-1.225893,0.935523,-0.212517,0.027376,0.984567,0.139156,-0.739146,-0.819788,0.372865,0.105874,617.987066,1.195360,-1.402508,0.091120,0.216494,1.396027,-0.445268,0.563289,0.122687,0.036176,0.279511,0.376625,0.258318,0.984801,-1.094816,0.717623
0.298049,0.675924,0.803041,0.185598,0.637080,0.542669,-1.384929,0.531382,0.468692,0.113961,0.224324,0.498246,0.951205,1.289566,0.406820,0.225263,0.127011,0.340098,-1.202308,1.001314,0.541290,-0.551482,-1.573815,0.446418,-0.860786,-0.961044,0.868000,0.221737,-0.986113,-0.249904,0.633006,0.494673,311.001779,1.111595,-1.834848,0.503789,0.263063,2.001691,-1.048192,-1.251956,0.720520,0.273779,0.779857,0.491572,0.080016,2.415447,-0.904502,0.422372
0.224648,1.019152,0.371664,0.036397,0.332384,0.210261,-0.863934,0.184491,0.230012,0.084790,0.090247,0.220699,0.418866,0.073632,0.146239,0.094347,0.065109,0.473055,-0.965388,0.592411,0.180584,-0.392791,-1.333429,0.004019,-0.024010,-0.761962,0.731227,0.123406,-0.446914,-0.559903,0.591449,0.452638,196.463800,0.739645,-1.717400,0.068227,0.130586,1.229822,-0.509641,0.402901,0.292733,0.043817,0.252441,0.233203,-0.139446,0.312088,-0.462311,0.146598
0.394913,1.256886,0.211906,0.002928,0.377729,0.039290,-0.656471,0.028243,-0.388111,0.004823,0.010023,0.058367,0.386283,-0.136347,0.013043,0.013818,0.002131,-0.104093,-0.860311,0.544897,0.018725,-0.051463,-1.327589,-0.346200,0.007063,0.178042,0.424734,0.010323,-0.492081,-0.128958,0.230302,0.052802,118.259708,0.463781,-1.677869,0.003392,0.019429,1.104832,-0.363889,1.221603,0.025126,0.000927,0.074312,0.029160,-0.425567,0.080740,-0.005409,-0.021225
0.526806,1.239758,0.693174,0.003192,0.380134,0.076657,-0.729397,0.020524,-0.416910,0.002731,0.013968,0.019987,0.385173,-0.135991,0.013181,0.009408,0.002302,-0.271524,-0.893364,0.548517,0.022027,-0.098681,-0.981977,-0.331081,0.012849,0.183536,0.441564,0.006806,-0.536778,-0.128522,0.231419,0.069431,203.753353,0.510346,-1.489735,0.001735,0.014556,1.841203,-0.364701,1.214074,0.012546,0.001013,0.038297,0.038238,-0.421341,0.258576,0.006826,-0.032415
0.581037,0.798432,0.867963,0.248605,0.480563,0.345305,-1.392123,0.260789,0.806183,0.035072,0.177758,0.320691,0.592174,0.054342,0.042388,0.087847,0.027550,-0.327365,-1.549269,0.617025,0.017804,-0.503130,-1.219462,0.643822,-0.302300,-0.091157,0.570737,0.076285,-0.526998,-0.109880,0.454774,0.887525,308.929735,1.313103,-1.623103,0.072693,0.113166,0.980555,-0.427623,-0.283677,0.478014,0.042275,0.342671,0.416487,-0.278628,0.733882,-0.242129,-0.006929
0.448646,0.381018,0.415282,0.220022,0.357493,0.224410,-1.281371,0.213628,0.881237,0.057218,0.167491,0.247918,0.592174,0.054342,0.064615,0.114538,0.041613,-0.382208,-1.244285,0.634809,0.110342,-0.503130,-1.259382,0.643822,-0.427106,-0.091157,0.633834,0.119972,-0.279889,-0.235714,0.501787,0.506409,205.291188,1.079627,-1.764089,0.326815,0.092499,1.631010,-0.712699,-0.416042,0.431589,0.071131,0.280624,0.367431,-0.278628,0.734010,-0.242129,-0.072218
-0.122772,0.499486,0.212099,0.214174,0.290686,0.100535,-1.255170,0.330838,0.881237,0.075142,0.163841,0.296464,0.692534,0.516135,0.188125,0.172088,0.155292,0.381793,-1.206722,0.605168,0.110342,-0.553831,-1.417832,0.301110,-0.385712,-0.598302,0.633834,0.098151,0.480067,-0.336999,0.524120,0.205711,110.580361,1.253153,-1.855991,0.321275,0.063954,1.079521,-0.712699,-0.375788,0.366601,0.179370,0.199069,0.151626,0.358323,0.983695,-0.549559,0.119766
-0.122772,0.610918,0.455216,0.194454,0.557388,0.421132,-1.390148,0.223493,0.556350,0.074656,0.193754,0.205628,0.692534,0.516135,0.218271,0.148107,0.152951,0.381793,-1.474843,0.609824,0.065755,-0.532881,-1.525442,0.637519,-0.385712,-0.598302,0.871774,0.170545,0.127714,-0.539269,0.524120,0.164462,155.492908,1.411641,-1.668303,0.102263,0.213566,1.468700,-0.472143,0.469916,0.102327,0.170409,0.269108,0.121036,0.358323,0.983695,-0.911128,0.392122
0.886785,0.270554,0.585407,0.039537,0.552594,0.261618,-1.422633,0.251132,0.261741,0.037530,0.079272,0.156300,0.598047,-0.095109,0.179227,0.068405,0.014735,0.082409,-1.327955,0.599537,-0.007377,-0.415986,-1.502113,-0.013268,-0.144420,-0.320997,0.584026,0.057566,-0.168942,-0.285495,0.242284,0.364515,222.020466,1.211621,-1.646055,0.027059,0.122580,1.544591,-0.381854,0.177735,0.070349,0.011557,0.172122,0.135520,-0.343092,0.330094,-0.160804,0.329260
0.565792,0.331484,0.562245,0.465736,0.271261,0.276183,-1.363272,0.276338,0.848624,0.087457,0.350251,0.419341,0.478731,0.567381,0.128052,0.372493,0.165159,0.721682,-1.349338,0.691504,0.229247,-1.327498,-1.514170,3.257399,-0.529284,-1.031654,0.601085,0.194669,0.337019,-0.519753,0.396143,0.397696,250.832726,1.199774,-1.689811,0.276022,0.158302,1.528632,-0.794698,-0.458891,0.335317,0.152684,0.240004,0.170567,-0.186182,-0.028208,-0.881220,0.281771
1.194790,0.306879,2.267947,0.063264,0.362450,0.367818,-1.255223,0.074706,0.800583,0.009848,0.054894,0.245834,0.406973,-0.113370,0.132067,0.091873,0.028991,-0.209002,-1.157009,0.599152,0.069653,-0.217577,-1.685165,0.353347,0.004111,0.086752,0.719067,0.033495,0.528388,-0.176745,0.240058,0.096179,758.219970,1.109203,-1.726785,0.026874,0.111765,1.862315,-0.365259,0.271836,0.027215,0.015642,0.311810,0.071149,-0.341769,-0.489883,-0.322622,0.453923
0.929482,0.563319,0.269161,0.049793,0.334274,0.449227,-1.346810,0.087072,0.667122,0.013952,0.088999,0.405274,0.372614,-0.082654,0.174557,0.088160,0.019132,1.141759,-1.501965,0.563835,0.052286,-0.108083,-1.609895,-0.665373,-0.014425,0.033128,0.761661,0.040623,0.373303,-0.253301,0.253313,0.335544,139.037970,1.328420,-1.626097,0.031416,0.140607,0.875667,-0.369553,0.396668,0.114766,0.005847,0.250779,0.078411,-0.434406,-0.454045,0.009106,0.390480
0.616782,1.253364,0.755175,0.007072,0.379347,0.124692,-1.286949,0.026868,-0.419545,0.009980,0.030584,0.099442,0.387295,-0.124751,0.023654,0.032716,0.006630,-0.233813,-1.298707,0.556130,0.016972,-0.094598,-1.258791,-0.374348,-0.004885,0.165867,0.426260,0.031814,-0.530053,-0.168486,0.243233,0.095228,222.642456,1.217630,-1.679075,0.004636,0.060139,1.780534,-0.363601,1.204600,0.018852,0.002748,0.265959,0.029681,-0.417199,-0.052484,0.036113,0.086512
0.558494,0.839872,0.946839,0.190974,0.532327,0.157297,-1.383782,0.278235,1.300492,0.072487,0.090795,0.118000,0.943920,0.702110,0.094472,0.107821,0.073244,-0.060852,-1.452694,0.757412,0.231795,-0.489587,-1.230321,0.279830,-0.436816,-0.493302,0.629549,0.127571,-0.507565,-0.091752,0.587698,0.868050,336.890739,1.363778,-1.419733,0.255447,0.095460,2.053376,-0.708681,-0.988682,0.813399,0.149455,0.259157,0.619623,-0.044097,0.945212,-0.257193,0.037156
0.505236,0.517749,0.359665,0.222761,0.438764,0.202664,-1.500452,0.281243,1.450064,0.125907,0.168605,0.181153,0.943920,0.702110,0.176441,0.124888,0.114728,0.071943,-1.479461,0.757412,0.498175,-0.489587,-1.415485,0.652877,-0.436816,-0.493302,0.728505,0.190633,-0.083178,-0.224005,0.587698,0.478349,190.392489,1.342507,-1.715480,0.488296,0.154994,0.974477,-0.781328,-0.988682,0.543049,0.214161,0.475310,0.445245,-0.044097,1.039162,-0.714819,0.037156
0.003231,0.412257,0.763959,0.234248,0.522560,0.414815,-1.418307,0.243601,1.443919,0.142957,0.194890,0.313933,0.751292,0.794494,0.449723,0.156295,0.204233,0.790100,-1.348395,0.658921,0.442583,-0.525358,-1.622312,0.602908,-0.306636,-1.036059,1.110859,0.255569,0.512287,-0.715190,0.964765,0.187170,241.901411,1.326072,-1.794314,0.339481,0.350035,1.479347,-0.656318,-0.042935,0.133768,0.262695,0.489001,0.245534,0.418418,1.039162,-0.859888,0.467242
0.075146,0.676081,3.210855,0.051776,0.580756,0.344317,-1.576715,0.348295,1.148523,0.026248,0.142161,0.522719,0.709933,-0.101074,0.181012,0.069268,0.022297,0.790100,-1.638796,0.605835,0.039894,-0.549961,-1.229241,0.602908,-0.060263,-0.041870,1.110859,0.084986,-0.708434,-0.736528,0.279531,0.644143,772.543907,1.498564,-1.762962,0.043790,0.235776,1.879587,-0.389746,0.333667,0.211979,0.008974,0.341546,0.530227,-0.360934,0.330697,-0.601942,0.467242
-0.764542,0.691798,2.234314,0.231803,0.705894,0.593825,-1.586156,0.676064,0.344355,0.101926,0.299913,0.503010,1.008532,0.871421,0.441157,0.207786,0.126419,0.559064,-1.605341,0.644021,0.094525,-0.840349,-1.344334,0.540658,-0.922078,-0.673931,0.978265,0.190018,-0.913463,-0.736528,0.456867,0.650414,726.216481,1.456167,-1.802220,0.173410,0.292948,1.859858,-0.928488,-0.812695,0.524227,0.217402,0.556413,0.372217,0.147187,1.223115,-1.348775,0.401837
-0.764542,0.620901,0.259669,0.229751,0.689910,0.518501,-1.419077,0.604372,1.108520,0.140551,0.371663,0.552555,1.008532,0.871421,0.448146,0.243117,0.136103,0.648969,-1.355495,0.796333,0.798178,-0.840349,-1.394297,1.036347,-0.922078,-0.673931,0.998334,0.206848,-0.913463,-0.249965,0.456867,1.092544,164.097101,1.214507,-1.733480,0.743731,0.257647,0.565604,-0.994548,-1.047625,0.624664,0.224639,0.574171,0.749360,0.147187,1.223115,-1.348775,0.359792
-0.391988,0.615194,0.822647,0.431760,0.728486,0.312822,-1.326435,0.438871,1.108520,0.430583,0.238719,0.642295,1.070860,1.986746,0.522799,0.368807,0.450549,1.809031,-1.382620,1.109036,0.795374,-0.618725,-1.713311,1.385741,-0.994308,-1.038888,0.998334,0.456152,0.410757,-1.288254,2.921015,0.312586,239.133382,1.258859,-1.977921,0.748347,0.368369,1.703940,-0.994548,-0.805670,0.484841,0.607150,0.486467,0.215943,1.294882,1.741157,-1.822511,0.735872
-0.391988,0.763816,2.600727,0.253402,0.639925,0.329083,-1.157001,0.474781,0.704976,0.060630,0.216678,0.698502,0.882331,1.986746,0.252646,0.198511,0.196313,1.255887,-0.750351,0.588540,0.061671,-0.676349,-1.263823,1.385741,-0.533505,-0.421834,1.139538,0.155873,-0.734969,-0.872427,0.336655,0.283844,709.476672,0.639976,-1.583865,0.107671,0.297602,1.914294,-0.507863,0.459722,0.201519,0.206524,0.353485,0.433419,0.357650,0.634162,-1.822511,0.735872
-0.864534,0.747228,2.213936,0.241117,0.732355,0.601134,-1.402860,0.638032,0.191778,0.127868,0.312786,0.332779,1.083702,0.953841,0.441305,0.217527,0.137123,0.297132,-1.418057,0.600973,0.005942,-0.987863,-1.283637,0.832723,-1.108454,-0.667562,1.139538,0.233177,-0.940365,-0.872427,0.524093,0.570695,756.628606,1.280737,-1.578157,0.183782,0.356679,1.996235,-1.000979,-0.844227,0.556858,0.243055,0.835538,0.367382,0.125588,1.672765,-1.423467,0.503900
-0.864534,0.673682,0.429723,0.250909,0.739852,0.624284,-1.346253,0.620237,1.112959,0.193998,0.419592,0.507169,1.083702,0.953841,0.397502,0.261878,0.136487,0.453150,-1.350692,0.815610,0.854552,-0.987863,-1.454186,0.832723,-1.108454,-0.667562,0.922671,0.267610,-0.940365,-0.406129,0.524093,0.828184,204.705272,1.237254,-1.902379,0.795043,0.319849,1.041558,-1.068665,-1.149207,0.688948,0.253491,0.858908,0.768074,0.125588,1.672765,-1.423467,0.503900
-0.463740,0.648307,0.706839,0.447922,0.754121,0.418503,-1.295354,0.471167,1.112959,0.455988,0.316521,0.448165,1.056212,1.613120,0.487828,0.451264,0.366113,1.347086,-1.266896,1.260283,0.854552,-0.797534,-1.705852,1.222895,-0.735186,-1.031191,0.875944,0.477781,0.237611,-0.962472,3.207034,0.330545,226.848089,1.255490,-1.923929,0.789298,0.420912,1.564948,-1.022232,-0.997436,0.584239,0.546760,0.436276,0.269963,1.182100,1.421311,-2.123433,1.116900
-0.463740,0.819730,3.137211,0.325635,0.654971,0.443709,-1.249887,0.486803,0.658554,0.105765,0.251141,0.693901,0.974828,1.014522,0.328825,0.336153,0.087222,1.141718,-1.004617,0.919433,0.030721,-0.797534,-1.286757,1.222895,-0.400217,-0.980294,1.285016,0.158188,-0.828857,-0.962472,0.478143,0.235714,788.857341,0.934387,-1.721220,0.104123,0.432682,1.618296,-0.463759,0.513418,0.202153,0.175480,0.469205,0.439079,-0.106820,0.637448,-2.123433,1.116900
-0.870402,0.773619,2.246846,0.256217,0.747249,0.612616,-1.520882,0.619067,0.139268,0.114688,0.299629,0.515724,1.036343,1.061552,0.429565,0.208437,0.140600,0.591479,-1.430033,0.649750,0.031575,-0.816544,-1.384142,0.562351,-0.992685,-0.805401,1.285016,0.213603,-0.957360,-0.952404,0.435073,0.573151,767.639030,1.304627,-1.801870,0.173136,0.388315,1.785554,-0.926466,-0.778600,0.567334,0.243489,0.749889,0.336904,0.264239,1.699751,-1.303597,0.524925
-0.870402,0.649312,0.288381,0.260580,0.718983,0.638499,-1.356651,0.626986,1.205300,0.195898,0.438740,0.663054,1.036343,1.061552,0.397920,0.235601,0.154438,0.770043,-1.365176,0.769128,1.046025,-0.816544,-1.532511,0.960193,-0.992685,-0.805401,0.974291,0.251564,-0.957360,-0.447208,0.435073,0.849310,180.158022,1.138998,-1.651483,0.772151,0.319387,1.049077,-1.021039,-1.060327,0.657574,0.259009,0.694342,0.789653,0.264239,1.699751,-1.303597,0.485405
-0.287288,0.565145,0.831054,0.490078,0.731898,0.348614,-1.181340,0.412294,1.205300,0.429349,0.469401,0.629034,1.041510,1.865420,0.403486,0.378615,0.477412,1.657140,-1.255603,1.090675,1.046025,-0.695905,-1.688424,1.701879,-0.781654,-1.033266,0.859007,0.442132,0.246411,-0.912221,3.168553,0.220773,249.837313,1.198158,-1.804170,0.752945,0.291576,1.733040,-0.962361,-0.926206,0.493608,0.550697,0.430426,0.294375,1.276527,1.947605,-1.877576,0.574546
-0.287288,0.620029,2.140650,0.269897,0.644377,0.392166,-1.293119,0.484915,0.628809,0.054461,0.420810,0.702844,0.915705,0.303589,0.235793,0.274472,0.169068,1.657140,-1.317677,0.696395,0.091569,-0.695905,-1.263180,1.701879,-0.599323,-0.730745,1.083003,0.122063,-0.722328,-0.912221,0.680651,0.226258,557.421844,1.211915,-1.522942,0.121788,0.281450,2.137667,-0.552778,0.406699,0.138712,0.068011,0.560917,0.384976,0.361294,0.856783,-1.877576,0.574546
-0.539509,0.613445,1.295824,0.305031,0.725323,0.537312,-1.336531,0.593216,0.156348,0.124540,0.334984,0.444442,1.057540,1.156953,0.360465,0.201048,0.149901,0.175951,-1.399381,0.743964,0.261194,-0.824879,-1.432861,0.863397,-1.116596,-0.888643,1.083003,0.211150,-0.939934,-0.891194,0.515184,0.638483,467.220613,1.274525,-1.590470,0.187124,0.321380,1.711519,-0.949340,-0.924661,0.528239,0.264220,0.606696,0.350791,0.448255,1.876826,-1.497623,0.464611
-0.539509,0.620308,0.269770,0.316350,0.685763,0.505022,-1.435800,0.528820,1.156195,0.201034,0.443293,0.498645,1.057540,1.156953,0.370090,0.320215,0.262030,0.589205,-1.609974,0.851380,0.866949,-0.834150,-1.592202,2.420362,-1.116596,-0.888643,1.034959,0.256130,-0.939934,-0.379640,0.515184,0.876525,172.023019,1.436617,-1.719970,0.739338,0.253033,0.915825,-1.013872,-1.130703,0.605690,0.265226,0.596479,0.769620,0.448255,1.876826,-1.497623,0.419337
0.005194,0.603592,1.601099,0.553667,0.656790,0.268384,-1.248570,0.298884,1.156195,0.399131,0.416477,0.735449,0.930932,1.851334,0.426532,0.464453,0.568169,2.183496,-1.207543,0.995425,0.866949,-0.962463,-1.560280,2.420362,-1.567703,-1.040485,0.795582,0.428034,0.113132,-0.929634,2.817557,0.257134,401.945214,1.170028,-1.744963,0.667385,0.608505,1.926200,-0.982493,-0.715232,0.419019,0.521443,0.411620,0.317699,2.173360,1.682956,-1.949006,1.749540
0.114613,0.756808,2.619203,0.066758,0.595638,0.426968,-0.913129,0.388729,0.478444,0.030640,0.139788,0.381431,0.784364,0.013226,0.248959,0.160544,0.052515,-0.054065,-0.663526,0.652472,0.029522,-0.962463,-0.974480,0.546967,-0.085607,-0.497618,0.972747,0.172390,-0.702795,-0.929634,0.289502,0.193447,684.232941,0.713246,-1.572547,0.079082,0.430872,2.096132,-0.407036,0.536333,0.126048,0.017627,0.434478,0.331159,-0.355611,0.591636,-1.925058,1.171350
-0.301211,0.677067,1.431704,0.491904,0.676850,0.594545,-1.299962,0.554190,0.338034,0.117605,0.356982,0.292349,0.944619,1.244400,0.347531,0.200579,0.116822,-0.389165,-1.064581,0.719579,-0.010759,-1.370548,-1.317183,2.981953,-0.919748,-0.527881,0.972747,0.214292,-0.817561,-0.750186,0.532252,0.345586,516.601628,0.996244,-1.511895,0.136087,0.331608,2.053348,-0.983467,-0.925530,0.549881,0.250724,0.391621,0.317480,-0.008159,1.383225,-1.192567,0.564193
-0.301211,0.639222,0.244191,0.414546,0.627236,0.621365,-1.525881,0.482918,1.196481,0.155499,0.494273,0.404633,0.944619,1.244400,0.350634,0.369947,0.210703,0.123915,-1.642088,0.799499,0.778327,-1.370548,-1.405690,3.352274,-0.919748,-0.527881,1.015124,0.222202,-0.817561,-0.477458,0.532252,0.604942,156.333383,1.382752,-1.814099,0.673079,0.235105,1.057074,-0.995020,-1.126059,0.615832,0.263167,0.323469,0.740906,-0.008159,1.383225,-0.849036,0.299280
-0.137938,0.594532,0.918461,0.523019,0.659530,0.340773,-1.363197,0.360304,1.196481,0.255080,0.321556,0.556029,0.895638,0.959636,0.407192,0.520080,0.476321,1.386187,-1.430370,0.722823,0.624890,-1.164307,-1.557261,1.161052,-1.202438,-1.033786,0.832465,0.425331,0.266770,-0.970727,1.057895,0.269190,277.323771,1.207873,-1.820723,0.682752,0.507306,1.158594,-0.955474,-0.953409,0.546667,0.427482,0.432008,0.290053,1.710963,1.231746,-0.816813,1.173899
-0.123920,0.741378,2.678352,0.167679,0.618241,0.341567,-1.214165,0.358599,0.621997,0.041212,0.132372,0.537264,0.891266,-0.019484,0.232055,0.160091,0.063969,1.386187,-1.273836,0.662218,0.029345,-1.164307,-1.171044,0.554275,-0.119744,-0.365300,0.964253,0.154783,-0.588788,-0.970727,0.272600,0.203429,709.893403,1.024000,-1.589040,0.095139,0.458085,2.145991,-0.426255,0.458617,0.159788,0.019592,0.481735,0.344192,-0.071590,0.680183,-0.814013,1.173899
-0.210669,0.701350,1.659724,0.422971,0.687180,0.475391,-1.460731,0.456548,0.380567,0.110882,0.401018,0.394854,0.952016,1.374575,0.355872,0.263596,0.131179,0.411190,-1.463793,0.777583,0.021249,-1.408840,-1.529441,2.172348,-0.880039,-0.691651,0.964253,0.247287,-0.711615,-0.810517,0.593612,0.340933,574.726624,1.229303,-1.480394,0.174875,0.379950,2.047031,-0.974127,-0.924719,0.579638,0.291730,0.288402,0.303038,0.136643,1.301999,-0.875694,0.572329
-0.210669,0.609900,0.258933,0.389094,0.641337,0.514144,-1.506652,0.428359,1.161074,0.208144,0.535494,0.492642,0.952016,1.374575,0.324959,0.399879,0.249423,0.411190,-1.569808,0.790703,0.799157,-1.408840,-1.622762,2.672528,-0.880039,-0.691651,0.857791,0.280179,-0.711615,-0.366836,0.593612,0.705698,165.269252,1.278909,-1.753901,0.694849,0.327803,1.084708,-1.005019,-1.056936,0.624281,0.324724,0.201645,0.696279,0.136643,1.301999,-0.875694,0.572329
0.097323,0.552431,1.288392,0.418096,0.652256,0.308960,-1.176596,0.269435,1.161074,0.344636,0.335370,0.434299,0.837151,1.579931,0.393118,0.440900,0.411290,1.254680,-0.940312,0.785859,0.632149,-0.882236,-1.768503,0.701731,-1.346369,-1.033992,0.875791,0.456292,0.181263,-0.852509,1.821509,0.415875,372.841215,0.896214,-1.616103,0.667930,0.391186,1.993295,-0.984227,-0.864284,0.476074,0.451071,0.391901,0.295284,1.478251,0.718953,-1.239169,0.937584
0.103380,0.734395,2.850007,0.108597,0.582727,0.286488,-1.413440,0.222838,0.620112,0.028062,0.122510,0.391365,0.827034,-0.033465,0.230126,0.117200,0.075510,0.616570,-1.333916,0.646715,0.093925,-0.882236,-1.228406,0.617479,-0.152077,-0.243871,1.037029,0.186806,-0.782441,-0.852509,0.400622,0.439423,716.576184,1.327332,-1.742589,0.095978,0.384122,1.739354,-0.455861,0.458076,0.193603,0.027342,0.347067,0.416382,0.009815,0.472756,-1.239169,0.937584
-0.965051,0.721105,1.686950,0.430947,0.681057,0.693341,-1.427463,0.591529,0.067631,0.105955,0.328541,0.337863,0.939438,0.892857,0.382781,0.145991,0.139176,-0.086884,-1.378965,0.594228,0.007123,-1.172211,-1.304726,1.858752,-0.665891,-0.753050,1.037029,0.185201,-0.984724,-0.833108,0.522411,0.692333,551.969382,1.194956,-1.738600,0.157300,0.422956,1.905776,-1.099535,-0.744197,0.502226,0.225313,0.365883,0.323181,0.270251,1.416032,-1.414714,0.652722
-0.965051,0.668313,0.310599,0.395792,0.685498,0.729878,-1.405003,0.669442,1.152734,0.155266,0.448005,0.445622,0.939438,0.892857,0.386744,0.263860,0.172578,0.388145,-1.524017,0.789923,0.812693,-1.172211,-1.596003,1.858752,-0.665891,-0.753050,0.794875,0.208450,-0.984724,-0.291684,0.522411,0.875077,183.044440,1.356613,-1.512566,0.734380,0.369760,1.061322,-1.099535,-1.120372,0.672441,0.226129,0.397395,0.804276,0.270251,1.416032,-1.414714,0.534581
-0.306836,0.611667,0.646682,0.499217,0.721295,0.410429,-1.308180,0.475233,1.152734,0.376686,0.296018,0.536087,1.020289,1.687789,0.430900,0.444268,0.356534,1.409693,-1.335976,1.131629,0.812693,-0.692990,-1.865685,0.939888,-0.906601,-1.040722,0.846964,0.448953,0.311277,-1.099218,3.357082,0.312984,209.476772,1.187907,-2.008186,0.744438,0.346125,1.438175,-1.020323,-0.977655,0.530091,0.548179,0.347840,0.274286,0.960701,1.263492,-1.657172,0.842445
-0.306836,0.654131,2.850034,0.234042,0.654055,0.309475,-1.604903,0.559237,0.595475,0.050964,0.267932,0.573227,0.914066,0.068983,0.265309,0.205637,0.102829,0.869834,-1.446443,0.680467,0.004542,-0.724486,-1.231902,0.939888,-0.339235,-1.040722,0.953105,0.154625,-0.740578,-0.790018,0.611985,0.258667,666.303076,1.294554,-1.777474,0.090568,0.330589,2.091229,-0.479657,0.493836,0.112735,0.032369,0.267088,0.375343,-0.054172,0.694639,-1.657172,0.842445
-0.942961,0.624650,2.215217,0.329833,0.703456,0.520882,-1.328720,0.737692,0.143775,0.109087,0.367628,0.461109,0.973737,1.108324,0.375497,0.231827,0.165726,0.222129,-0.976509,0.619477,0.143366,-0.724486,-1.442216,1.047767,-0.830731,-0.668835,0.953105,0.170050,-0.951283,-0.711541,0.470381,0.615990,703.929736,0.915690,-1.390364,0.158993,0.288211,2.111930,-1.072015,-0.820578,0.508292,0.273490,0.301703,0.373041,0.266670,1.281120,-0.937139,0.401786
-0.942961,0.640646,0.374168,0.316475,0.682608,0.676834,-1.488549,0.677626,1.208976,0.183330,0.436124,0.479691,0.973737,1.108324,0.355124,0.308966,0.187678,0.679080,-1.629258,0.783835,0.813905,-0.701936,-1.718689,1.380720,-0.830731,-0.668835,0.917469,0.204541,-0.951283,-0.372685,0.470381,0.853937,205.338300,1.406178,-1.929220,0.734854,0.242721,1.343694,-1.072015,-1.122506,0.618416,0.274153,0.325200,0.803597,0.266670,1.281120,-0.937139,0.382437
-0.301686,0.625573,0.826846,0.480800,0.707684,0.236208,-1.325348,0.448275,1.208976,0.450314,0.282761,0.669936,0.961926,1.624548,0.382410,0.458865,0.447351,1.428281,-1.290480,0.993071,0.813905,-0.853220,-1.727247,1.114441,-1.113462,-1.037977,0.756229,0.451701,0.144233,-1.421819,3.363830,0.409652,248.600181,1.231829,-1.862267,0.733269,0.480285,0.950029,-1.018562,-0.975790,0.545559,0.495794,0.470877,0.329703,1.503377,1.325726,-1.841760,0.920475
-0.301686,0.754753,2.806644,0.278006,0.658832,0.290865,-1.079839,0.465025,0.563932,0.067262,0.238496,0.789740,0.931406,1.624548,0.273622,0.269736,0.147840,1.428281,-0.545450,0.741104,0.072178,-0.853220,-1.264195,1.114441,-0.480678,-0.769534,1.105322,0.202931,-0.819070,-0.979465,0.787804,0.299313,697.059602,0.569947,-1.512151,0.113397,0.367623,1.907375,-0.496803,0.482256,0.183657,0.256105,0.432454,0.418883,0.273146,0.294511,-1.841760,0.920475
-1.127620,0.711718,1.923207,0.275445,0.723106,0.485434,-1.451511,0.712852,0.004522,0.120062,0.343465,0.327650,0.994046,0.996273,0.396476,0.244878,0.172192,0.159718,-1.289184,0.609329,0.060039,-0.698959,-1.448189,0.328908,-0.949078,-0.781088,1.105322,0.178966,-0.997201,-0.979465,0.644086,0.617756,649.281784,1.119705,-1.551313,0.181209,0.296609,1.772554,-1.221646,-0.887981,0.572629,0.263140,0.980303,0.324756,0.347874,1.268483,-1.449407,0.472753
-1.127620,0.631539,0.309654,0.304657,0.699087,0.521618,-1.489444,0.709119,1.076686,0.201932,0.489227,0.451630,0.994046,0.996273,0.392035,0.280837,0.199245,0.471987,-1.429152,0.797138,1.037809,-0.698959,-1.588033,0.674348,-0.949078,-0.781088,1.017934,0.228142,-0.997201,-0.287378,0.644086,0.790245,177.206022,1.275841,-1.759640,0.753619,0.262894,1.280595,-1.221646,-1.139542,0.628709,0.277430,0.966049,0.760123,0.347874,1.268483,-1.449407,0.469236
-0.516211,0.581803,1.428416,0.526843,0.719369,0.340569,-1.370074,0.507186,1.076686,0.458077,0.412161,0.603816,0.958599,2.404910,0.402751,0.458557,0.544979,1.510160,-1.305595,1.349784,1.037809,-0.495735,-1.646934,1.588924,-1.054867,-1.040945,0.791062,0.444819,0.157257,-1.111437,3.451116,0.294992,380.694097,1.309817,-1.820787,0.724469,0.478555,1.542058,-0.999482,-0.738701,0.430867,0.591809,0.467166,0.254180,1.462884,1.878517,-1.524051,1.107558
-0.404862,0.630271,2.124370,0.081293,0.638339,0.360623,-1.466989,0.545528,0.617065,0.029356,0.195035,0.513027,0.947065,0.207625,0.259927,0.165697,0.124157,1.275147,-1.551247,0.681015,0.123535,-0.593443,-1.215873,1.304672,-0.081845,-0.212277,1.086607,0.128464,-0.772794,-0.887366,0.303705,0.150397,593.331119,1.433629,-1.585802,0.082198,0.343594,1.865231,-0.392892,0.412758,0.125847,0.041665,0.255021,0.419382,0.094879,1.050437,-1.172991,1.107558
0.335483,0.627346,0.640509,0.191057,0.574247,0.440636,-1.363431,0.461707,0.442317,0.130078,0.294594,0.567046,0.937749,1.307334,0.395739,0.259728,0.143110,0.547475,-1.542876,0.895635,0.597826,-0.593443,-1.675064,0.431331,-0.745594,-0.763090,1.006068,0.229546,-1.000107,-0.358686,0.646318,0.765071,286.458904,1.352780,-1.746492,0.519244,0.278386,1.623071,-0.940923,-1.047028,0.641067,0.253888,0.823989,0.509758,0.103529,2.488521,-0.916486,0.339415
0.257663,1.223651,0.473782,0.018972,0.343809,0.158693,-0.975922,0.064961,-0.076447,0.030753,0.043934,0.276356,0.409016,-0.131831,0.139921,0.042834,0.007584,1.196391,-1.119929,0.564599,0.054389,-0.048105,-1.495794,-0.069365,0.005349,-0.089628,0.831204,0.096985,-0.544066,-0.754843,0.238955,0.328119,235.018724,0.907825,-1.698456,0.052127,0.071994,1.710630,-0.366514,0.793310,0.144049,0.001812,0.217696,0.121191,-0.418389,0.277520,-0.075244,0.072392
0.387456,1.330432,0.250748,0.003029,0.370009,0.038850,-0.983618,0.017129,-0.514982,0.004318,0.009220,0.029458,0.375728,-0.133429,0.012484,0.013007,0.002810,-0.193085,-1.138560,0.547530,0.018283,-0.053956,-1.404151,-0.368337,0.008191,0.188463,0.416905,0.011125,-0.568546,-0.114230,0.233847,0.041520,139.418100,0.923744,-1.709802,0.002170,0.020425,0.972824,-0.364515,1.317278,0.006196,0.000909,0.039445,0.011838,-0.426048,0.028796,0.007672,-0.010054
0.448965,1.290654,0.200169,0.002057,0.375068,0.019297,-0.890284,0.016998,-0.538148,0.002484,0.009348,0.033075,0.390597,-0.133004,0.011521,0.008226,0.001953,-0.254510,-1.026281,0.548598,0.020612,-0.081074,-0.997425,-0.357139,0.013138,0.161786,0.428849,0.007117,-0.608452,-0.117758,0.227033,0.043008,116.412184,0.801275,-1.662871,0.005968,0.013056,0.965763,-0.363322,1.269117,0.013700,0.001015,0.065232,0.016930,-0.429504,0.148247,0.014303,-0.052496
0.507692,0.729514,0.710409,0.264931,0.495939,0.279707,-1.415350,0.184745,0.976768,0.052566,0.169767,0.099619,0.615250,0.182018,0.059925,0.094090,0.049047,-0.243646,-1.541042,0.697008,0.019558,-0.519643,-1.255579,0.548323,-0.337831,-0.098116,0.539282,0.088385,-0.563398,-0.078668,0.514310,0.830137,269.207344,1.451914,-1.730784,0.085435,0.118235,1.687036,-0.595600,-0.595504,0.601025,0.068442,0.157992,0.489259,-0.170435,0.292074,-0.169986,-0.056752
0.367224,0.389782,0.276871,0.246922,0.365323,0.168833,-1.352160,0.213199,1.007361,0.071059,0.180359,0.172988,0.615250,0.182018,0.095832,0.113637,0.067847,0.048919,-1.388401,0.697008,0.199009,-0.519643,-1.198539,0.548323,-0.445402,-0.098116,0.682097,0.131438,-0.170838,-0.382459,0.515808,0.382882,169.938040,1.310260,-1.816489,0.350735,0.118366,1.217104,-0.804088,-0.606023,0.443477,0.092344,0.259497,0.350408,-0.170435,0.327125,-0.169986,-0.008485
0.043265,0.440942,0.264166,0.184777,0.333817,0.237311,-1.335078,0.230328,0.982102,0.084074,0.219120,0.169615,0.630982,0.388908,0.224781,0.182504,0.152211,0.229757,-1.292392,0.625473,0.199009,-0.703663,-1.744771,0.433050,-0.475910,-0.349969,0.682097,0.148234,0.494635,-0.436288,0.395969,0.227054,131.197889,1.214639,-1.719885,0.354285,0.235911,1.115840,-0.804088,-0.563818,0.382168,0.193995,0.148889,0.140350,0.122158,0.732476,-0.870216,0.552440
0.043265,0.592506,0.405373,0.151750,0.513953,0.382405,-1.375679,0.194093,0.748467,0.075956,0.206512,0.247792,0.630982,0.388908,0.284620,0.137541,0.135409,0.229757,-1.335185,0.618512,0.062699,-0.703663,-1.704425,0.584358,-0.475910,-0.349969,0.979800,0.168307,-0.098643,-0.682569,0.326509,0.177053,187.349633,1.240929,-1.659192,0.081806,0.293226,1.632387,-0.493815,0.454786,0.090478,0.175197,0.187340,0.251405,0.122158,0.732476,-0.875524,0.552440
0.518258,1.077133,0.202097,0.000954,0.377242,0.004759,-0.796790,0.041296,-0.387191,0.050737,0.002091,0.006197,0.380796,0.871405,0.015173,0.034373,0.031544,-0.231485,-1.009686,0.401998,0.022382,-0.028550,-0.760595,-0.364213,0.009994,-6.070363,0.876525,0.047198,-0.431947,-0.114556,0.473475,0.056038,142.315589,0.701321,-1.455476,0.002104,0.262773,1.015561,-0.364401,1.060869,0.009361,0.033876,0.009979,0.011022,-1.261439,-13.952385,-0.010113,7.648676
0.541191,1.049494,0.198832,0.000560,0.379632,0.003460,-0.780767,0.036616,-0.362427,0.050737,0.001167,0.009860,0.381877,0.456640,0.015173,0.034373,0.031544,-0.220067,-1.014194,0.465913,0.018101,-0.026237,-0.821863,-0.364017,0.011407,-3.474084,0.690746,0.047198,-0.460665,-0.114071,0.373171,0.048396,140.827713,0.702019,-1.487218,0.001605,0.262773,1.043937,-0.364236,1.027862,0.014740,0.033876,0.009262,0.024378,-0.875221,-7.203202,-0.011894,4.431351
0.644770,1.067128,0.251378,0.001427,0.378763,0.005909,-0.965610,0.013064,-0.417459,0.040599,0.002846,0.008667,0.379474,0.018429,0.012142,0.027505,0.025242,-0.239271,-1.113020,0.529828,0.023295,-0.026205,-0.827924,-0.360882,0.005364,-0.731040,0.494465,0.037768,-0.473877,-0.115604,0.267196,0.021563,118.104405,0.891467,-1.426827,0.000558,0.210271,1.026625,-0.364364,1.055000,0.006944,0.027107,0.011866,0.013458,-0.489003,-0.454020,-0.012743,1.032154
0.586505,1.052875,0.214788,0.000542,0.368474,0.012347,-0.877764,0.028896,-0.418412,0.000922,0.002271,0.012660,0.371053,-0.127453,0.008698,0.002680,0.000764,-0.230140,-1.028058,0.542561,0.016239,-0.028372,-0.631941,-0.356734,0.014306,0.184479,0.455439,0.002915,-0.456114,-0.117038,0.235087,0.027730,117.085475,0.739860,-1.336477,0.000879,0.005866,1.172546,-0.363657,1.039891,0.005672,0.000714,0.023421,0.008852,-0.437292,0.350769,0.021056,-0.091269
0.304039,0.871804,1.406949,0.315397,0.552847,0.198962,-1.264374,0.276170,1.264171,0.077179,0.096576,0.147389,0.973753,0.759818,0.099439,0.092178,0.079143,-0.060999,-1.246309,0.793316,0.340881,-0.514109,-1.329541,0.464474,-0.538065,-0.594762,0.672685,0.106070,-0.429287,-0.212853,0.636373,1.076644,434.279837,1.116708,-1.467745,0.255956,0.126212,2.255647,-0.700458,-1.001887,0.812517,0.143844,0.327664,0.574898,0.146348,0.883286,-0.434803,0.078079
0.145432,0.554755,0.397651,0.361242,0.461442,0.283135,-1.405083,0.335402,1.304715,0.115311,0.143979,0.171975,0.973753,0.759818,0.187192,0.100161,0.132318,-0.046706,-1.483215,0.793316,0.540357,-0.514109,-1.514894,0.760573,-0.538065,-0.594762,0.834589,0.198608,-0.140756,-0.340873,0.636373,0.618084,185.881414,1.329226,-1.505721,0.520656,0.158383,1.636620,-0.774619,-1.001887,0.611439,0.211505,0.319693,0.422888,0.146348,0.928113,-0.726370,0.078079
-0.464794,0.610224,0.774321,0.294978,0.516425,0.608564,-1.332394,0.239977,1.262912,0.103336,0.249023,0.377929,0.832014,0.401581,0.425366,0.192813,0.209798,0.843526,-1.413467,0.638373,0.452073,-0.441331,-1.662828,0.516607,-0.606263,-0.847861,1.189887,0.320757,0.382579,-0.800032,0.786520,0.207863,215.224052,1.303569,-1.754402,0.376805,0.326499,1.865290,-0.659070,0.089698,0.171112,0.242078,0.502095,0.219393,0.390442,1.121386,-0.726370,0.881112
-0.009505,0.870815,3.577647,0.057619,0.587051,0.330588,-1.381737,0.420729,0.873608,0.024271,0.134948,0.483685,0.743996,-0.082218,0.265001,0.126380,0.029276,0.843526,-1.437049,0.576766,0.058441,-0.496384,-1.218336,0.455177,-0.102840,-0.273571,1.189887,0.090464,-0.743825,-0.818312,0.283375,0.580282,788.727533,1.366929,-1.502010,0.062587,0.229614,0.957895,-0.391559,0.492847,0.198477,0.014032,0.467278,0.466678,-0.397631,0.593077,-0.515730,0.300014
-0.872175,0.806537,3.132903,0.178960,0.753098,0.592673,-1.206148,0.690259,0.169882,0.112656,0.259134,0.436286,1.067165,0.903687,0.457079,0.191735,0.136116,0.256952,-1.069171,0.616413,0.225625,-0.713021,-1.333543,0.427915,-0.998857,-0.892501,0.968106,0.206969,-0.946870,-0.729449,0.518779,0.651279,904.820495,0.906394,-1.602259,0.162998,0.334697,2.294815,-0.866120,-0.758488,0.566815,0.212303,0.707266,0.338960,0.260646,1.243314,-1.549281,0.511915
-0.872175,0.644091,0.421114,0.221410,0.737530,0.613380,-1.382786,0.656969,1.155863,0.173587,0.324644,0.441108,1.067165,0.903687,0.449296,0.241344,0.136946,0.256952,-1.416088,0.800130,0.770082,-0.713021,-1.524768,1.024950,-0.998857,-0.892501,1.080522,0.243598,-0.946870,-0.440139,0.518779,1.235011,229.379754,1.207649,-1.805888,0.792685,0.339672,1.367823,-1.064660,-1.002097,0.667228,0.213556,0.656796,0.747087,0.260646,1.243314,-1.549281,0.511915
-0.412060,0.631773,1.701811,0.492045,0.763970,0.370981,-1.286342,0.501649,1.155863,0.379924,0.277182,0.688515,1.044979,1.544531,0.509345,0.434092,0.383628,2.191502,-1.278503,0.821999,0.753550,-1.287041,-1.716998,1.438124,-1.054297,-1.026314,1.080522,0.472207,0.274118,-0.903825,2.799306,0.380231,450.920465,1.152673,-1.908822,0.789812,0.447318,1.566184,-1.049853,-0.897997,0.515570,0.528750,0.418641,0.277249,1.033992,1.891027,-1.878543,0.846690
-0.412060,0.750002,3.381229,0.192255,0.637936,0.373172,-1.279177,0.452142,0.648574,0.070857,0.243172,0.797751,1.005058,0.007946,0.265660,0.241066,0.091178,2.191502,-1.180208,0.598892,0.055125,-1.287041,-1.233216,1.438124,-0.439035,-0.257783,1.168453,0.151656,-0.851012,-0.932788,0.329745,0.378724,876.628022,1.178309,-1.461513,0.107353,0.372222,1.886418,-0.526885,0.482055,0.187962,0.020098,0.490862,0.439729,-0.058504,0.902842,-1.878543,0.846690
-1.056314,0.738795,2.057616,0.254630,0.728776,0.500946,-1.498627,0.687645,0.083121,0.125758,0.333475,0.328893,1.030205,1.091692,0.417091,0.218150,0.157068,-0.046412,-1.462182,0.609074,0.121394,-0.785161,-1.374582,0.630672,-0.808028,-0.756289,1.168453,0.239563,-1.054437,-0.932788,0.505117,0.683643,764.045588,1.366923,-1.672548,0.183335,0.385056,2.044084,-1.087416,-0.848296,0.575348,0.272816,0.817250,0.363129,0.358607,1.512483,-1.360931,0.460608
-1.056314,0.675205,0.349935,0.278747,0.723404,0.520135,-1.313958,0.706734,1.160931,0.186237,0.431625,0.435812,1.030205,1.091692,0.418756,0.243421,0.160357,0.513736,-1.313728,0.795455,0.824589,-0.785161,-1.607534,0.816804,-0.808028,-0.756289,1.124111,0.260774,-1.054437,-0.443777,0.505117,0.946271,186.860008,1.237991,-1.568128,0.776315,0.299269,1.224045,-1.087416,-1.123561,0.673798,0.276121,0.814087,0.804026,0.358607,1.512483,-1.360931,0.447017
-0.486936,0.637044,0.671739,0.467116,0.724751,0.257478,-1.236088,0.556984,1.160931,0.398316,0.362532,0.518763,1.060994,1.652219,0.425477,0.454221,0.394487,1.577817,-1.257882,1.135185,0.824589,-0.551316,-1.626697,1.117712,-0.871505,-1.033785,1.121669,0.469102,0.273396,-0.925162,3.261766,0.354863,210.139136,1.213743,-1.706039,0.753658,0.365666,1.305714,-1.046189,-0.970115,0.548122,0.549318,0.352675,0.273659,1.015808,1.667276,-2.056023,0.662997
-0.486936,0.837649,3.292034,0.194447,0.645268,0.322025,-1.362354,0.482159,0.605045,0.055672,0.297622,0.690252,0.891524,1.020845,0.262846,0.256417,0.124142,1.577817,-1.280990,0.851111,0.043012,-0.679801,-1.224126,1.117712,-0.350133,-1.012359,1.097929,0.138273,-0.836365,-0.970776,0.604117,0.257328,824.933108,1.125182,-1.533833,0.085820,0.359239,1.523059,-0.497779,0.542055,0.204677,0.100796,0.481733,0.435820,0.033704,0.610729,-2.056023,0.662997
-0.941015,0.790633,2.976303,0.193991,0.759099,0.700503,-1.528206,0.651734,0.079990,0.117284,0.303805,0.439295,1.085354,0.906563,0.424110,0.191985,0.144661,0.393980,-1.436472,0.603062,0.126798,-0.778535,-1.369209,0.312433,-1.034448,-0.786565,1.097929,0.226419,-0.992595,-0.970776,0.451217,0.636452,923.121006,1.311119,-1.532872,0.163771,0.407869,2.125379,-0.889501,-0.767126,0.574462,0.222241,0.774785,0.341379,0.279797,1.719446,-1.504761,0.565170
-0.941015,0.657094,0.511054,0.198715,0.743489,0.719796,-1.439611,0.640827,1.215703,0.184346,0.377664,0.528172,1.085354,0.906563,0.423468,0.225942,0.154968,0.683937,-1.440382,0.787780,0.903945,-0.778535,-1.566311,0.644345,-1.034448,-0.786565,0.980386,0.267382,-0.992595,-0.474925,0.451217,0.979893,223.732597,1.320819,-1.442453,0.796394,0.359120,1.905646,-1.051974,-1.064426,0.671390,0.232713,0.720683,0.808834,0.279797,1.719446,-1.504761,0.565170
-0.392629,0.624277,0.634907,0.448712,0.742074,0.210868,-1.214136,0.431539,1.215703,0.396214,0.309757,0.638811,1.031836,2.030424,0.454911,0.430886,0.437935,2.022416,-1.182137,1.106114,0.903945,-0.573671,-1.682216,1.264082,-1.094765,-1.035060,0.837608,0.479073,0.213654,-0.979137,3.260279,0.282639,188.726745,1.124003,-1.790098,0.771059,0.397889,1.409142,-1.051950,-0.949073,0.523231,0.563444,0.418609,0.317057,1.131215,2.164079,-1.376661,0.903628
-0.392629,0.816256,3.013574,0.199162,0.638832,0.329633,-1.234695,0.485378,0.581402,0.075808,0.242313,0.782965,0.907454,0.163683,0.296223,0.206695,0.169825,2.022416,-1.297021,0.689609,0.101726,-0.679148,-1.214057,1.264082,-0.508362,-0.759430,1.087024,0.163716,-0.872071,-0.979137,0.575717,0.267422,701.290293,1.243928,-1.601082,0.116080,0.363732,2.155051,-0.486919,0.495990,0.211167,0.051017,0.507073,0.446655,0.337194,0.852566,-1.376661,0.903628
-0.375740,0.777828,2.119893,0.290823,0.733974,0.663619,-1.445506,0.545815,0.083378,0.152266,0.330422,0.413811,1.070028,1.435882,0.418078,0.208636,0.144130,0.429118,-1.337058,0.752909,0.311371,-0.859543,-1.232062,1.314007,-0.989272,-0.896857,1.087024,0.241575,-1.047106,-0.963605,0.544283,0.570621,667.341859,1.288301,-1.686482,0.205049,0.404430,2.214512,-0.909113,-0.926066,0.630701,0.284087,0.563627,0.328006,0.301275,1.753009,-1.571900,0.706072
-0.375740,0.645017,0.256080,0.332044,0.707076,0.583534,-1.415403,0.508281,1.055409,0.221607,0.457554,0.489505,1.070028,1.435882,0.370229,0.290158,0.221348,0.530986,-1.275919,0.810819,0.800397,-0.859543,-1.414467,2.025798,-0.989272,-0.896857,1.089632,0.273921,-1.047106,-0.476253,0.544283,0.874394,147.242376,1.170670,-1.894088,0.762636,0.366326,1.172200,-1.028830,-1.098630,0.647000,0.294480,0.512926,0.762174,0.301275,1.753009,-1.571900,0.706072
-0.144592,0.645362,0.818266,0.612578,0.659380,0.359145,-1.280095,0.350783,1.055409,0.256985,0.414610,0.599322,0.900395,0.854772,0.384100,0.493732,0.567395,1.322965,-1.264916,0.666257,0.800397,-0.731533,-1.556637,2.025798,-1.569297,-1.041830,0.819594,0.392887,0.016945,-0.797164,1.210395,0.296390,220.600132,1.127696,-1.712141,0.683647,0.471508,1.545542,-1.017232,-0.800392,0.480329,0.323814,0.380664,0.322183,1.894711,1.355906,-1.632191,1.063179
-0.063994,0.893244,2.816987,0.127478,0.587949,0.404126,-1.501577,0.360962,0.417352,0.052837,0.190000,0.535447,0.847387,0.040202,0.233508,0.212828,0.095498,0.349261,-1.543884,0.666257,0.067848,-0.731533,-1.099980,0.624788,-0.128424,-0.177884,1.223951,0.154281,-0.715871,-0.891120,0.291951,0.223737,753.258982,1.346651,-1.782575,0.121688,0.466770,2.137559,-0.397968,0.583281,0.194184,0.027153,0.379029,0.361221,0.068558,0.779449,-1.632191,1.063179
-0.476453,0.789197,1.777631,0.569769,0.684783,0.609680,-1.293576,0.557195,0.254287,0.136333,0.432792,0.229906,0.967273,1.214639,0.317457,0.251314,0.124477,-0.342876,-1.203343,0.725672,0.234135,-1.573230,-1.471420,3.204965,-0.949185,-0.561357,1.223951,0.232784,-0.830276,-0.858787,0.480584,0.238051,676.649177,1.068399,-1.714031,0.153099,0.435995,1.999498,-1.113702,-0.868584,0.621192,0.300412,0.309907,0.274187,0.043802,1.566562,-1.101705,1.014723
-0.476453,0.655470,0.261136,0.518795,0.651980,0.709205,-1.479670,0.513642,1.082913,0.180290,0.580214,0.445471,0.967273,1.214639,0.324514,0.406713,0.234976,0.180663,-1.588965,0.795344,0.714555,-1.573230,-1.306094,3.412563,-0.949185,-0.561357,0.867628,0.260691,-0.830276,-0.420310,0.506407,0.453891,154.329672,1.363528,-1.567743,0.703788,0.275669,1.277747,-1.113702,-1.157961,0.643866,0.312835,0.321856,0.714063,0.043802,1.566562,-1.043986,0.315182
-0.231562,0.593481,1.213041,0.487607,0.656900,0.457412,-1.193307,0.379220,1.082913,0.256164,0.336149,0.497387,0.907072,1.147181,0.512070,0.431419,0.437377,1.382998,-1.048835,0.669230,0.650500,-0.893650,-1.824649,0.610479,-1.620001,-1.035431,0.987569,0.429046,0.220113,-0.992977,1.044572,0.327437,342.277878,0.958080,-1.921647,0.673473,0.405787,2.185943,-0.987303,-0.818950,0.458009,0.422696,0.289609,0.264374,1.301160,1.354459,-1.070769,0.989135
0.091613,0.770238,2.982782,0.123273,0.573021,0.444367,-1.076706,0.318913,0.579110,0.020732,0.086705,0.308980,0.787366,-0.096579,0.224551,0.104250,0.028564,0.497276,-0.972301,0.591311,0.066964,-0.893650,-1.062696,0.282177,-0.140211,-0.265266,1.023078,0.135109,-0.616611,-0.992977,0.286563,0.194019,798.114558,0.930882,-1.745253,0.078736,0.333367,2.117102,-0.389047,0.506991,0.183196,0.018841,0.289907,0.316629,-0.349329,0.283047,-1.070769,0.989135
-0.290217,0.733185,1.802883,0.366254,0.692916,0.504052,-1.152627,0.461466,0.376141,0.113038,0.291453,0.277569,1.000603,1.277544,0.354914,0.216967,0.127128,-0.029431,-1.100819,0.790419,0.074087,-1.180306,-1.543981,1.884369,-0.827506,-0.560847,1.023078,0.227849,-0.800706,-0.875962,0.535879,0.392420,632.545921,1.133387,-1.652367,0.204620,0.331706,2.038461,-1.019142,-0.880368,0.579683,0.284557,0.292253,0.320380,0.155843,1.325099,-0.921491,0.638578
-0.290217,0.607176,0.485291,0.315543,0.676027,0.482852,-1.296699,0.446822,1.166636,0.245945,0.405217,0.433905,1.000603,1.277544,0.326568,0.335311,0.258757,0.619946,-1.269240,0.790419,0.536346,-1.180306,-1.621219,2.174786,-0.827506,-1.025136,0.846967,0.309616,-0.800706,-0.371799,0.535879,0.738916,204.308805,1.257594,-1.782331,0.734368,0.269289,1.955419,-1.019142,-1.053720,0.652325,0.363558,0.279395,0.730011,0.155843,1.325099,-0.921491,0.615903
-0.037978,0.562637,2.043618,0.515591,0.668420,0.345459,-1.048588,0.340192,1.166636,0.393625,0.274329,0.494803,0.947399,2.031419,0.424009,0.527980,0.489483,1.041887,-1.033934,0.783587,0.536346,-0.956920,-1.758222,0.717125,-1.505691,-1.041565,0.938764,0.493054,0.135842,-1.119576,1.985460,0.308615,541.889884,1.081342,-1.663692,0.688884,0.444126,1.721326,-0.982812,-0.746150,0.422843,0.527623,0.423554,0.313071,2.157722,0.704205,-1.177402,1.067193
0.203017,0.747243,2.990287,0.045573,0.568978,0.294216,-0.968645,0.144899,0.645227,0.033470,0.084235,0.469496,0.837329,-0.079108,0.206317,0.158316,0.031977,1.041887,-0.917884,0.714635,0.080106,-0.956920,-1.203565,0.691861,-0.144254,-0.747163,1.159618,0.161200,-0.847312,-0.881918,0.293628,0.507808,778.251616,0.988392,-1.757204,0.096894,0.414379,1.876955,-0.380549,0.423917,0.181838,0.021781,0.363159,0.411017,-0.322516,0.632289,-1.003434,1.006431
-1.416413,0.709819,1.748349,0.563310,0.687952,0.868018,-1.246847,0.723345,0.002666,0.127850,0.281328,0.415046,1.024255,0.629779,0.344340,0.192412,0.216209,0.130094,-1.032906,0.609664,0.100456,-1.216478,-1.559156,2.075088,-0.524951,-0.742983,1.159618,0.202689,-1.075954,-0.837182,0.599963,0.741676,636.052399,0.854830,-1.738938,0.136549,0.335202,1.680712,-1.197731,-0.684686,0.461282,0.191510,0.845331,0.345747,0.676946,1.569726,-1.249358,0.653851
-1.416413,0.692327,0.331856,0.518785,0.686279,0.994095,-1.393468,0.800631,1.027713,0.158843,0.388856,0.572137,1.024255,0.629779,0.374747,0.271197,0.239121,0.285071,-1.469067,0.790664,0.805688,-1.216478,-1.620524,2.076277,-0.524951,-0.742983,0.973515,0.231253,-1.075954,-0.426817,0.643075,0.815222,187.475423,1.319094,-1.521944,0.735578,0.262550,0.917935,-1.197731,-1.230343,0.703568,0.215549,0.852682,0.782353,0.676946,1.569726,-1.303276,0.332189
-0.193540,0.613284,1.155317,0.562666,0.772506,0.497994,-1.266899,0.420516,1.027713,0.411319,0.296319,0.637712,1.046638,2.059437,0.485989,0.535131,0.366830,1.817487,-1.193606,1.135663,0.805688,-1.036772,-1.811358,1.366702,-0.809569,-1.040255,0.973515,0.484368,0.201030,-0.905791,2.925023,0.277268,326.033478,1.130278,-1.768504,0.799373,0.420254,2.092501,-1.020734,-1.088134,0.576700,0.574388,0.374137,0.255930,0.903894,1.620007,-1.855754,1.483897
-0.193540,0.698618,2.561227,0.171732,0.630985,0.443019,-1.179597,0.351897,0.558212,0.052949,0.284254,0.728653,0.958351,0.273443,0.242938,0.338378,0.134767,1.817487,-0.932585,0.656288,0.071922,-1.036772,-1.388498,1.366702,-0.312080,-1.040255,1.022002,0.145410,-0.790259,-0.921059,0.897842,0.310586,718.639699,0.894456,-1.767643,0.133580,0.424726,1.828590,-0.538202,0.405758,0.207884,0.033951,0.396442,0.410843,-0.039255,0.484147,-1.855754,1.483897
-0.819235,0.707801,1.711990,0.381828,0.696953,0.614169,-1.414284,0.567119,0.075767,0.126681,0.354720,0.277604,1.008896,0.844233,0.408537,0.198581,0.156534,-0.062600,-1.397306,0.635652,0.047964,-1.259216,-1.521391,1.377403,-0.874186,-0.706171,1.022002,0.223141,-0.987752,-0.921059,0.390483,0.669104,612.282954,1.237506,-1.804597,0.172512,0.399542,1.628288,-0.991056,-0.783497,0.535061,0.223593,0.317282,0.348181,0.365693,1.352644,-1.188173,0.525932
-0.819235,0.707786,0.271702,0.359720,0.670519,0.666786,-1.480649,0.628004,1.186571,0.163796,0.486523,0.471786,1.008896,0.844233,0.411192,0.265232,0.178456,0.806941,-1.576240,0.811738,0.878993,-1.259216,-1.747805,1.805836,-0.874186,-0.706171,0.931140,0.234934,-0.987752,-0.589205,0.419218,0.914188,143.717659,1.327999,-1.620981,0.716346,0.353048,0.593783,-1.017034,-1.202251,0.679228,0.229455,0.290753,0.804760,0.365693,1.352644,-1.194634,0.525932
-0.162895,0.628763,1.336487,0.477007,0.675059,0.204652,-1.181124,0.472779,1.186571,0.408245,0.350524,0.667487,0.948077,1.487405,0.452826,0.424063,0.403760,1.460839,-1.152875,0.905830,0.878993,-0.856057,-1.750410,1.053214,-1.036696,-1.041359,0.814274,0.423355,0.102325,-0.926187,2.853540,0.321661,352.147825,1.148487,-1.858536,0.699344,0.419580,2.052561,-1.009367,-1.159610,0.608203,0.492404,0.279505,0.339416,1.225001,1.505859,-1.672518,0.907878
-0.162895,0.797231,3.395741,0.258114,0.643939,0.355068,-0.962874,0.384004,0.518828,0.062536,0.218152,0.744499,0.897545,1.193540,0.223619,0.244872,0.130117,1.460839,-0.824620,0.655944,0.035884,-0.856057,-1.103463,1.053214,-0.459070,-0.325334,1.019905,0.158394,-0.849252,-0.948589,0.529561,0.328932,880.172507,0.855805,-1.487661,0.100325,0.393021,1.952185,-0.469232,0.486478,0.194315,0.154898,0.224968,0.389581,0.168188,0.768566,-1.672518,0.907878
-1.160993,0.748291,2.159005,0.297971,0.737305,0.562505,-1.312944,0.687137,-0.049935,0.130721,0.324776,0.410066,1.020865,0.984722,0.363259,0.216395,0.168967,0.114166,-1.360733,0.626338,0.022852,-0.880643,-1.341840,0.490328,-0.919686,-0.704551,1.019905,0.239615,-1.074019,-0.948589,0.646872,0.758650,746.730801,1.280239,-1.748555,0.169819,0.350793,1.832136,-1.214242,-0.836035,0.578222,0.259362,0.877033,0.319372,0.331283,1.675837,-1.191762,0.570161
-1.160993,0.640725,0.267104,0.299724,0.694773,0.500043,-1.243112,0.689846,1.029247,0.214057,0.423120,0.517224,1.020865,0.984722,0.359828,0.240746,0.176045,0.591878,-1.094795,0.785584,0.862124,-0.880643,-1.464053,0.566853,-0.919686,-1.034005,0.885602,0.267353,-1.074019,-0.362661,0.646872,0.761936,156.824388,0.946920,-1.913533,0.751631,0.278465,1.080368,-1.214242,-1.115628,0.647451,0.287563,0.891863,0.756097,0.331283,1.675837,-1.191762,0.551862
-0.586683,0.590425,1.668976,0.504814,0.717202,0.379259,-1.304053,0.473850,1.029247,0.397388,0.388296,0.511448,1.003196,1.716477,0.396747,0.438055,0.424482,1.155285,-1.408683,1.061008,0.862124,-0.535843,-1.618126,1.900574,-0.949902,-1.034005,0.779296,0.438576,-0.006878,-0.942836,3.477921,0.260132,427.729377,1.252013,-1.571358,0.715222,0.402305,1.522658,-0.968508,-0.668095,0.393558,0.508718,0.298342,0.288223,1.210215,1.744437,-1.322827,0.892935
-0.157816,0.628599,2.475179,0.059875,0.603417,0.517675,-1.270970,0.499761,0.567725,0.031298,0.230734,0.539975,0.819406,-0.014524,0.212643,0.184606,0.030897,0.716804,-1.466303,0.623138,0.034240,-0.535843,-1.141145,1.015686,-0.063348,-0.112534,0.933718,0.108263,-0.778275,-0.781565,0.292041,0.202689,629.917556,1.342743,-1.715436,0.078570,0.260673,1.828673,-0.378521,0.440285,0.095737,0.019202,0.235147,0.380751,-0.177845,0.807335,-0.865632,0.892935
0.420112,0.654745,0.540737,0.144452,0.589681,0.452702,-1.289964,0.469177,0.433271,0.123017,0.250684,0.481519,0.959918,1.061606,0.384395,0.208313,0.125944,0.510563,-1.182223,0.925316,0.590112,-0.560163,-1.645296,0.187124,-0.761198,-0.753203,0.914543,0.225924,-1.069514,-0.355410,0.556643,0.632840,253.971919,1.127745,-1.786395,0.516294,0.239817,1.459289,-0.964181,-1.099601,0.665782,0.232363,0.829772,0.506594,0.072416,2.406490,-0.921639,0.437281
0.307538,1.162216,0.262847,0.019858,0.339291,0.134220,-1.017649,0.094006,-0.157504,0.024815,0.039823,0.183357,0.407260,-0.127515,0.088863,0.046765,0.008180,0.440366,-1.133408,0.568802,0.052931,-0.179641,-1.172686,-0.042642,0.011932,-0.014042,0.678919,0.076626,-0.754757,-0.642163,0.242579,0.310335,162.315320,0.938293,-1.737924,0.052855,0.101796,1.163290,-0.365362,0.684539,0.194792,0.003151,0.197115,0.175284,-0.415283,0.497776,-0.128319,0.157365
0.508283,1.281582,0.237021,0.006943,0.372941,0.024828,-1.095901,0.016715,-0.720265,0.003275,0.011978,0.036597,0.382768,-0.133250,0.013994,0.010503,0.002356,-0.183425,-1.152862,0.549607,0.015855,-0.051693,-0.768238,-0.359353,0.005429,0.196487,0.432109,0.009879,-0.788888,-0.117958,0.231789,0.026374,120.408076,1.041721,-1.660886,0.003402,0.012381,0.952392,-0.366997,1.256928,0.017211,0.001208,0.068353,0.019282,-0.426961,0.104047,0.000264,-0.015991
0.529360,1.268932,0.594760,0.003203,0.373976,0.023331,-0.937096,0.021934,-0.715962,0.004409,0.008905,0.028310,0.393722,-0.134784,0.016215,0.011852,0.001887,-0.246424,-1.020393,0.550014,0.019866,-0.062098,-0.733236,-0.391027,0.005925,0.162862,0.453874,0.016379,-0.782449,-0.140001,0.230079,0.049320,184.962679,0.830548,-1.451513,0.005013,0.022007,1.686725,-0.365652,1.242598,0.012457,0.001043,0.073717,0.015133,-0.426717,0.230000,0.016175,-0.034504
0.588180,0.782273,0.926438,0.264570,0.493562,0.345894,-1.289883,0.180610,0.900281,0.044116,0.189248,0.137918,0.681652,0.151001,0.036305,0.072106,0.047039,-0.254829,-1.291254,0.700413,0.014475,-0.538994,-1.214670,0.808308,-0.398524,-0.274045,0.492596,0.112218,-0.688948,-0.068189,0.578970,0.758286,307.408092,1.296701,-1.545536,0.095120,0.149099,1.708661,-0.500142,-0.632816,0.580703,0.066918,0.140618,0.515416,-0.170021,0.381677,-0.174164,-0.009334
0.193561,0.454462,0.550345,0.244086,0.395516,0.275664,-1.297822,0.274325,1.015544,0.065460,0.194830,0.188155,0.681652,0.151001,0.085260,0.102569,0.060155,-0.039486,-1.310239,0.700413,0.180528,-0.538994,-1.308726,0.808308,-0.398524,-0.274045,0.705449,0.146823,-0.325449,-0.399967,0.580131,0.432939,201.676038,1.280574,-1.644225,0.383921,0.165583,1.613630,-0.744195,-0.640739,0.510869,0.084650,0.194730,0.452905,-0.170021,0.492034,-0.174164,0.097421
-0.202599,0.532353,0.250721,0.257485,0.332900,0.231496,-1.366445,0.312243,1.015544,0.068216,0.226798,0.172381,0.684840,0.677058,0.241425,0.203477,0.184370,0.280450,-1.374730,0.642805,0.180528,-0.721227,-1.697673,0.470548,-0.487288,-0.614156,0.705449,0.140841,0.445014,-0.399967,0.477284,0.269865,115.097419,1.266947,-1.851200,0.376008,0.220520,1.103606,-0.744195,-0.594942,0.459686,0.224212,0.141951,0.195065,0.316280,0.892968,-0.660981,0.386053
-0.202599,0.681949,0.270028,0.246697,0.530750,0.465787,-1.457805,0.220458,0.693701,0.058632,0.272617,0.268998,0.684840,0.677058,0.295422,0.211310,0.176650,0.280450,-1.502697,0.642805,0.116249,-0.721227,-1.690831,0.609239,-0.487288,-0.614156,1.045309,0.167014,0.005817,-0.686031,0.253025,0.311968,122.474726,1.368445,-1.670508,0.135418,0.320802,1.123026,-0.558304,0.556599,0.075915,0.214393,0.180972,0.207262,0.316280,0.892968,-1.255854,0.423906
0.293680,0.733117,1.023731,0.038929,0.543559,0.554478,-1.120841,0.328726,0.170732,0.028253,0.069084,0.212148,0.658007,-0.085145,0.174783,0.055298,0.013776,-0.294549,-1.002556,0.574789,0.014540,-0.480665,-1.290374,-0.388286,-0.131636,-0.171708,0.759848,0.054471,-0.190324,-0.455291,0.250198,0.093212,312.125781,0.989388,-1.590376,0.066561,0.181344,1.871519,-0.380913,0.548619,0.071053,0.012332,0.329367,0.102773,-0.388035,0.465314,-0.363788,0.392403
1.081500,0.358149,0.428410,0.519953,0.389606,0.474006,-1.376556,0.163189,0.773416,0.099929,0.318934,0.248489,0.786287,0.363842,0.139817,0.416279,0.269448,-0.294549,-1.288438,0.781515,0.292089,-1.051639,-1.525065,5.152240,-1.346946,-0.278932,0.568992,0.199606,-0.190324,-0.511759,0.486720,0.492524,193.696973,1.258845,-1.696168,0.338485,0.258411,1.438605,-0.754806,-0.529892,0.402873,0.146916,0.324304,0.359932,0.384615,0.361210,-0.429442,0.342608
0.718086,0.741579,0.907265,0.167891,0.413102,0.268370,-1.395992,0.149058,0.573633,0.030379,0.120746,0.129578,0.507802,-0.075052,0.120545,0.067326,0.033965,-0.202418,-1.373757,0.593945,0.036052,-0.453292,-1.363023,0.134813,-0.549890,-0.139411,0.582045,0.034325,0.094286,-0.271215,0.274330,0.241406,327.711148,1.292988,-1.639932,0.053375,0.193027,1.629192,-0.370327,0.259965,0.148043,0.010058,0.214913,0.103107,-0.292676,0.062900,-0.324999,0.320079
0.565329,1.161378,0.403019,0.014059,0.363666,0.124467,-0.880762,0.038781,-0.414748,0.014600,0.030036,0.207798,0.420080,-0.126734,0.157534,0.030308,0.006707,0.299625,-0.909919,0.559405,0.047818,-0.076610,-1.273200,-0.225919,0.012511,0.110465,0.798624,0.044078,-0.663747,-0.275928,0.238395,0.066451,148.430754,0.756367,-1.564446,0.029065,0.064733,1.320299,-0.369970,1.057720,0.069507,0.002123,0.290947,0.078344,-0.434304,0.327178,-0.041806,0.051673
0.531510,1.180271,0.263079,0.019513,0.362959,0.060691,-1.247082,0.039331,-0.591157,0.009029,0.023529,0.080232,0.400657,-0.108498,0.025153,0.018699,0.008310,-0.105910,-1.130410,0.552788,0.016068,-0.110729,-1.372060,-0.335131,-0.004480,0.163879,0.461255,0.016152,-0.681117,-0.148849,0.261155,0.040726,118.164074,1.133764,-1.558072,0.038171,0.029053,1.009631,-0.375813,1.104028,0.053674,0.005434,0.080585,0.022646,-0.390023,0.007322,-0.132800,-0.004065
0.172192,0.870775,1.577342,0.195385,0.554902,0.182126,-1.263942,0.305993,1.244089,0.075454,0.148629,0.178210,0.948279,0.421944,0.099161,0.121398,0.069639,0.081558,-1.187864,0.834085,0.273488,-0.411687,-1.334773,0.555956,-0.494585,-0.438832,0.647530,0.141102,-0.605818,-0.199883,0.627339,0.986515,472.545472,1.142364,-1.496841,0.244864,0.147641,2.086844,-0.709498,-1.051415,0.841183,0.104913,0.139485,0.636244,-0.025422,0.665095,-0.466389,0.119670
0.172192,0.577342,0.295897,0.225305,0.456894,0.289225,-1.326262,0.301456,1.260217,0.114133,0.190103,0.197772,0.948279,0.421944,0.185703,0.131724,0.112022,0.081558,-1.355269,0.834085,0.534871,-0.403285,-1.418582,0.648657,-0.494585,-0.456018,0.753110,0.225336,-0.107542,-0.406903,0.627339,0.485197,164.003583,1.265625,-1.708829,0.508775,0.170488,1.356134,-0.812880,-1.051415,0.618809,0.181847,0.281399,0.390692,-0.025422,0.901179,-0.511707,0.074165
-0.095663,0.480768,0.633695,0.239433,0.530697,0.547319,-1.230103,0.185680,1.121065,0.092039,0.289313,0.230344,0.816675,0.493229,0.369443,0.202965,0.179254,0.408474,-1.322084,0.625874,0.394077,-0.350763,-1.751367,0.642379,-0.472997,-0.649644,1.088996,0.318602,0.328214,-0.764080,0.683393,0.114763,201.054891,1.220214,-1.810084,0.343998,0.240722,1.551655,-0.693602,0.124733,0.156642,0.231258,0.324208,0.193727,0.260627,0.901179,-0.734241,0.274020
0.140735,0.741647,3.167124,0.056807,0.561982,0.368931,-1.410332,0.337195,0.814390,0.019679,0.198770,0.369732,0.714691,-0.090042,0.234256,0.149414,0.020020,0.252655,-1.334510,0.557927,0.041658,-0.524626,-1.213996,0.592795,-0.085938,-0.118354,1.088996,0.081692,-0.735890,-0.816928,0.274038,0.546309,760.343183,1.142030,-1.605315,0.069093,0.175289,2.056619,-0.384849,0.339038,0.239301,0.010433,0.310399,0.460949,-0.403856,0.329995,-0.734241,0.229559
-0.817346,0.747632,2.488492,0.175985,0.722944,0.470998,-1.542171,0.693646,0.114210,0.111829,0.279029,0.396956,1.062992,0.825975,0.466701,0.194290,0.129726,0.078167,-1.375088,0.627459,0.171364,-0.735859,-1.444013,0.500516,-1.002774,-0.619506,1.003983,0.201092,-0.933295,-0.728781,0.539398,0.624762,735.161543,1.130530,-1.659969,0.171444,0.313779,1.946103,-0.910255,-0.839436,0.554161,0.205574,0.552460,0.341734,0.219190,1.262348,-1.444163,0.629757
-0.817346,0.671984,0.292985,0.246692,0.699943,0.426500,-1.388812,0.646080,1.197630,0.155195,0.393752,0.477357,1.062992,0.825975,0.450618,0.242135,0.131221,0.694054,-1.317792,0.816708,0.834838,-0.735859,-1.678094,1.075837,-1.002774,-0.619506,0.973795,0.225017,-0.933295,-0.415896,0.539398,1.070771,163.910489,1.221239,-1.828993,0.751381,0.311012,1.372651,-1.070847,-1.115918,0.665179,0.209953,0.508543,0.775025,0.219190,1.262348,-1.444163,0.629757
-0.541613,0.630473,0.694016,0.510163,0.723761,0.273432,-1.401510,0.511531,1.197630,0.408331,0.359685,0.474953,1.006058,2.504247,0.380763,0.421746,0.477665,0.992852,-1.438387,1.018410,0.834838,-0.703412,-1.737009,1.319900,-0.819749,-1.027014,0.866192,0.445295,0.303527,-0.843917,2.953839,0.346967,192.691648,1.251660,-1.894085,0.744828,0.392670,1.994095,-0.989584,-0.992541,0.548519,0.610458,0.383372,0.287272,1.023838,1.543511,-1.458711,1.187926
-0.541613,0.795978,3.583621,0.195109,0.642739,0.282176,-1.508518,0.507752,0.580869,0.069578,0.298791,0.543930,0.888381,1.247249,0.277347,0.274512,0.289610,0.992852,-1.559033,0.589029,0.203202,-0.703412,-1.304771,1.319900,-0.660704,-0.955606,1.266580,0.143605,-0.748401,-0.923736,0.750202,0.244837,786.313797,1.392365,-1.689812,0.098387,0.390260,1.875647,-0.672733,0.498430,0.191244,0.112595,0.500567,0.412686,0.802679,0.629954,-1.458711,1.187926
-1.065925,0.746796,2.696220,0.261828,0.732158,0.544990,-1.541809,0.711635,0.058675,0.131151,0.369053,0.269523,1.049507,1.178760,0.424123,0.257560,0.162860,0.111576,-1.653301,0.634662,0.205506,-0.998925,-1.240610,0.904229,-0.984426,-0.853465,1.266580,0.230584,-0.955087,-0.923736,0.440961,0.488891,814.465117,1.537085,-1.709582,0.180670,0.355521,2.020534,-1.042831,-0.846472,0.584963,0.252751,0.840105,0.326258,0.309169,1.716969,-1.641171,0.479492
-1.065925,0.673071,0.397366,0.296840,0.724168,0.592088,-1.586211,0.680734,1.147323,0.193947,0.505004,0.460524,1.049507,1.178760,0.384246,0.295967,0.173776,0.388054,-1.632598,0.797989,1.021978,-0.998925,-1.628772,0.904229,-0.984426,-0.853465,1.091870,0.264184,-0.955087,-0.403549,0.440961,0.759753,196.758699,1.452018,-1.863586,0.777267,0.345036,1.509612,-1.042831,-1.152913,0.669557,0.265680,0.795044,0.773623,0.309169,1.716969,-1.641171,0.479492
-0.446899,0.630338,0.747677,0.428788,0.751066,0.383892,-1.249226,0.452762,1.147323,0.413999,0.417863,0.477445,1.033607,1.484830,0.451185,0.390566,0.335286,1.308223,-1.286620,1.052224,1.021978,-0.512613,-1.823661,1.355284,-0.649201,-1.036284,0.912296,0.454791,0.256445,-0.915101,2.626767,0.316205,232.246545,1.214855,-1.876268,0.778853,0.400018,0.484390,-1.038805,-1.036859,0.578587,0.518595,0.408141,0.266145,0.727227,1.569287,-1.472572,1.158190
-0.446899,0.715679,2.950224,0.277794,0.665526,0.382165,-1.362265,0.534678,0.653708,0.079858,0.324520,0.733128,0.963314,1.135692,0.309584,0.309702,0.114048,1.277201,-1.262426,0.911356,0.076349,-0.645671,-1.278722,1.355284,-0.453373,-0.763046,1.202807,0.139225,-0.796692,-0.959119,0.584007,0.268427,699.334089,1.181773,-1.686275,0.106389,0.408525,1.870627,-0.584004,0.464888,0.160590,0.169793,0.422572,0.430877,0.135925,0.636671,-1.472572,1.158190
-0.895141,0.698589,2.294900,0.224621,0.725285,0.718133,-1.645017,0.686530,0.142993,0.124815,0.393668,0.432085,1.077283,1.099123,0.468470,0.244936,0.147320,0.372087,-1.782392,0.682405,0.138428,-1.263715,-1.257875,1.114124,-0.907762,-0.770478,1.202807,0.229956,-1.003195,-0.959119,0.474484,0.609858,727.482084,1.585135,-1.669679,0.178747,0.426160,2.013854,-0.830424,-0.768277,0.537887,0.239607,0.848564,0.366602,0.322684,1.471659,-1.522827,0.552157
-0.895141,0.641817,0.312658,0.294479,0.711026,0.698974,-1.163870,0.622445,1.252962,0.198442,0.548445,0.593341,1.077283,1.099123,0.458987,0.305331,0.166921,0.574832,-0.909648,0.839802,0.990479,-1.263715,-1.474267,1.277034,-0.907762,-0.770478,1.101031,0.259970,-1.003195,-0.387346,0.474484,0.968457,171.424118,0.856170,-1.720449,0.763730,0.365060,1.236792,-1.073056,-1.063285,0.632051,0.259370,0.813831,0.810003,0.322684,1.471659,-1.522827,0.552157
-0.447874,0.592617,0.602391,0.428121,0.710202,0.350246,-1.386128,0.445178,1.252962,0.352531,0.425797,0.544930,0.961649,1.364875,0.433093,0.389615,0.385962,1.637903,-1.418672,1.012111,0.990479,-0.694188,-1.581571,0.946074,-1.133889,-1.035095,1.026430,0.469922,0.318024,-1.189261,2.555634,0.293632,188.616112,1.342984,-1.659372,0.729744,0.340187,0.555966,-1.073056,-0.910804,0.511916,0.453163,0.363869,0.275894,1.209223,1.827445,-1.254448,1.092300
-0.338405,0.705629,2.962526,0.128042,0.648827,0.473065,-1.361514,0.487293,0.798925,0.030698,0.238684,0.647610,0.904313,-0.016094,0.292362,0.155328,0.051888,1.537489,-1.382339,0.647276,0.035730,-0.695352,-1.223735,0.642904,-0.133220,-0.077085,1.178037,0.201838,-0.789550,-0.876036,0.311691,0.207295,685.772671,1.176047,-1.579466,0.092438,0.385496,1.908311,-0.409360,0.450294,0.173954,0.022899,0.316477,0.459251,-0.136113,0.657645,-1.254448,1.092300
-0.464446,0.684153,1.947997,0.226940,0.722217,0.634131,-1.394107,0.613131,0.149638,0.119843,0.283630,0.381734,1.034332,1.009958,0.419118,0.180420,0.113264,-0.009037,-1.187725,0.773707,0.198973,-0.804765,-1.478451,0.478820,-1.042750,-0.763654,1.178037,0.189139,-0.928712,-0.873598,0.477358,0.532131,603.150310,1.166120,-1.665747,0.178516,0.372265,1.456091,-0.806557,-0.958570,0.575598,0.236128,0.491987,0.341060,0.097644,1.414015,-1.035778,0.675692
-0.464446,0.637690,0.256528,0.235040,0.657830,0.582342,-1.420951,0.527698,1.028081,0.188798,0.394175,0.401445,1.034332,1.009958,0.360379,0.225994,0.156248,0.504428,-1.341961,0.799748,0.773359,-0.804765,-1.579821,1.339559,-1.042750,-0.822406,0.947654,0.219820,-0.928712,-0.462332,0.477358,0.831208,155.939049,1.301631,-1.727999,0.718095,0.262355,1.121128,-0.946605,-1.108215,0.624037,0.263314,0.431088,0.692741,0.097644,1.414015,-1.122954,0.528508
-0.310608,0.617079,1.475402,0.526265,0.701678,0.226209,-1.405897,0.399796,1.028081,0.328264,0.334847,0.598405,0.949140,1.471560,0.419563,0.393684,0.449030,1.607006,-1.364235,0.858527,0.773359,-0.593204,-1.747253,1.088278,-0.893272,-1.036780,0.847107,0.448410,0.144836,-0.901764,2.205442,0.226130,409.360651,1.289344,-1.784184,0.705156,0.338424,1.024694,-0.905315,-0.745614,0.446521,0.420501,0.336486,0.277736,1.656475,1.379854,-1.142730,0.737055
-0.078684,0.678682,2.605736,0.084883,0.574700,0.586482,-1.462496,0.343515,0.534394,0.027661,0.194928,0.431294,0.839006,-0.060248,0.206165,0.174483,0.023828,0.392494,-1.482259,0.633717,0.022695,-0.654363,-1.209151,0.987345,-0.075225,-0.407543,0.847107,0.109033,-0.428389,-0.794692,0.284229,0.228419,697.770307,1.377599,-1.669093,0.082436,0.287181,2.049028,-0.375123,0.479217,0.109725,0.011391,0.246525,0.261414,-0.384841,0.441499,-0.923676,0.737055
-0.815401,0.629206,1.186037,0.607758,0.614650,0.572001,-1.476744,0.600797,0.275604,0.104381,0.418429,0.269328,0.788122,0.858782,0.265671,0.184883,0.138930,-0.330746,-1.345113,0.637954,0.273746,-1.346182,-1.439379,3.714787,-0.425015,-0.479520,0.836950,0.196086,-0.692254,-0.488773,0.539163,0.298644,458.376102,1.182771,-1.755505,0.092719,0.393552,1.816688,-1.172426,-1.011926,0.543275,0.220224,0.227625,0.263357,0.268765,1.279910,-0.790153,0.596948
-0.815401,0.711025,0.391423,0.522590,0.623218,0.624579,-1.372011,0.607321,1.228125,0.168107,0.464189,0.468058,0.788122,0.858782,0.259703,0.385426,0.225901,0.151278,-1.333514,0.744038,0.631733,-1.346182,-1.535825,4.118590,-0.425015,-0.479520,0.780403,0.225124,-0.692254,-0.293150,0.539163,0.294300,185.143370,1.212153,-1.886696,0.667916,0.306797,1.219434,-1.173436,-1.371404,0.661249,0.242921,0.249121,0.712754,0.268765,1.279910,-0.417749,0.409236
-0.439692,0.544537,0.843740,0.436855,0.667114,0.644737,-1.244790,0.448738,1.228125,0.265886,0.300754,0.414314,0.887142,0.692490,0.377228,0.444389,0.428154,1.263471,-1.213681,0.771795,0.631733,-0.982944,-1.747380,0.682254,-1.442967,-1.030259,0.780354,0.439323,0.328645,-0.921642,1.054496,0.387202,258.021997,1.120089,-1.833093,0.686911,0.401213,1.989990,-1.059207,-0.955418,0.475306,0.412211,0.405150,0.270139,1.306039,1.270595,-1.403118,0.672562
-0.050179,0.681302,3.071179,0.107329,0.586127,0.398812,-1.293779,0.371517,0.638385,0.032917,0.100769,0.322298,0.776841,-0.104849,0.220395,0.080254,0.033478,0.835134,-1.418725,0.589226,0.041207,-0.982944,-1.463024,0.546072,-0.116602,-0.222350,0.895686,0.131342,-0.573008,-0.858995,0.257206,0.102499,670.768826,1.343195,-1.588895,0.087049,0.273121,1.978920,-0.424682,0.415384,0.194092,0.018522,0.302128,0.343118,-0.283939,0.527439,-0.753167,0.555597
-0.370779,0.683881,2.313469,0.398481,0.694526,0.550874,-1.331200,0.567605,0.313702,0.118763,0.376445,0.254532,0.937718,1.291608,0.385389,0.249109,0.130139,-0.209287,-1.152840,0.737209,0.173063,-1.435418,-1.316858,1.973588,-0.915291,-0.643479,0.895686,0.227083,-0.775676,-0.858995,0.471161,0.288704,654.796400,0.923897,-1.742562,0.191449,0.369195,2.004995,-0.949635,-0.845618,0.564792,0.279819,0.342475,0.313865,-0.012391,1.038891,-1.062183,0.542200
-0.370779,0.599885,0.275342,0.337745,0.644580,0.589261,-1.360129,0.517609,1.025870,0.177139,0.492091,0.347888,0.937718,1.291608,0.339817,0.370678,0.212007,0.174655,-1.420281,0.801269,0.733961,-1.435418,-1.481613,2.868129,-0.915291,-0.748910,0.839011,0.265131,-0.775676,-0.448982,0.471161,0.660769,156.718708,1.312568,-1.925388,0.701590,0.285914,1.198087,-0.991956,-0.994363,0.604665,0.292226,0.256412,0.665797,-0.012391,1.038891,-1.062183,0.355582
-0.240130,0.643101,1.231794,0.590105,0.656907,0.308788,-1.538660,0.334592,1.025870,0.436100,0.375429,0.657628,0.951074,1.649839,0.429821,0.588312,0.530303,1.277098,-1.530471,0.845944,0.681485,-1.347651,-1.550619,1.355161,-1.516907,-1.042308,0.809477,0.472785,0.100758,-1.215191,3.461890,0.254579,358.063904,1.413827,-1.903631,0.666918,0.459805,2.113061,-0.962836,-0.719533,0.451511,0.468957,0.367189,0.280519,1.669448,1.389580,-1.949524,1.377801
-0.165235,0.810309,3.403222,0.144112,0.609043,0.443551,-1.623009,0.404949,0.492753,0.031808,0.182336,0.502064,0.869431,0.026985,0.199650,0.225892,0.100007,0.266167,-1.786113,0.811637,0.167693,-1.347651,-1.362469,0.767280,-0.116789,-1.037394,0.882932,0.224321,-0.752928,-0.992627,0.338689,0.361592,805.461131,1.489665,-1.689715,0.069757,0.424744,1.349086,-0.402581,0.587019,0.118615,0.027752,0.435444,0.369036,0.078467,0.491827,-1.949524,1.377801
-1.293742,0.702116,2.143663,0.522632,0.678577,0.714431,-1.530370,0.792266,-0.079078,0.148186,0.351160,0.234647,0.988211,0.800399,0.259214,0.201923,0.207368,-0.203079,-1.651425,0.584950,0.269634,-1.150391,-1.473043,1.686683,-0.765193,-0.713705,0.882932,0.181591,-1.078449,-0.621072,0.260533,0.493417,666.579313,1.447469,-1.783442,0.117010,0.312025,1.418132,-1.231267,-0.869481,0.527885,0.234929,0.638105,0.328360,0.656288,1.553179,-1.067610,0.816273
-1.293742,0.692654,0.303004,0.474183,0.643864,0.735155,-1.442123,0.756881,1.032135,0.182775,0.452418,0.565086,0.988211,0.800399,0.308518,0.291898,0.234025,0.731816,-1.466174,0.849126,0.848343,-1.150391,-1.718971,1.686683,-0.765193,-0.795295,0.944652,0.201140,-1.078449,-0.214705,0.774685,0.688558,154.521288,1.246218,-1.678480,0.687236,0.264217,1.495932,-1.255739,-1.285744,0.659533,0.252027,0.592370,0.794313,0.656288,1.553179,-1.067610,0.816273
-0.442106,0.608574,0.499447,0.443388,0.654885,0.376723,-1.333955,0.510260,1.032135,0.295519,0.340589,0.401033,0.923906,0.981365,0.447777,0.405757,0.401512,0.883018,-1.284480,0.814690,0.848343,-0.385242,-1.736921,0.821113,-1.361844,-1.024947,1.046247,0.378622,0.332216,-0.818025,2.214662,0.403550,159.259924,1.202570,-1.968905,0.678958,0.334429,1.909453,-1.034980,-0.905487,0.497473,0.355626,0.419785,0.226990,1.354977,1.688051,-1.469606,0.850398
-0.427933,0.784776,2.725507,0.200679,0.635659,0.387864,-1.421086,0.454400,0.509018,0.032097,0.191773,0.536229,0.916801,0.061685,0.291432,0.140980,0.109063,0.867064,-1.578689,0.647144,0.019298,-0.568481,-1.101437,0.821113,-0.227369,-0.525649,1.190217,0.152867,-0.765574,-0.852822,0.329163,0.288367,658.503873,1.478901,-1.830626,0.091066,0.265241,2.312645,-0.441972,0.520429,0.190742,0.031909,0.243536,0.396040,0.228335,0.492565,-1.469606,0.850398
-1.082046,0.749590,2.377385,0.394064,0.726491,0.596162,-1.599825,0.714635,0.051110,0.130696,0.388652,0.366087,1.033875,0.882140,0.405212,0.207819,0.166402,0.057372,-1.665684,0.594691,-0.023635,-1.216143,-1.528521,1.155791,-1.036763,-0.882165,1.190217,0.222327,-1.033785,-0.852822,0.575209,0.557389,726.920699,1.568752,-1.674814,0.155805,0.364137,2.266113,-1.069935,-0.853820,0.569374,0.232851,0.412559,0.337372,0.345729,1.439462,-1.141716,0.497487
-1.082046,0.705075,0.307198,0.361271,0.693979,0.754519,-1.322376,0.725768,1.148054,0.188854,0.512510,0.410821,1.033875,0.882140,0.381356,0.276981,0.185284,0.653818,-1.283625,0.823700,0.889714,-1.216143,-1.609880,1.389066,-1.036763,-0.882165,1.124131,0.251807,-1.033785,-0.433522,0.575209,0.732957,167.979024,1.132489,-1.820149,0.741883,0.337854,1.122816,-1.096743,-1.198641,0.689193,0.243951,0.400065,0.811451,0.345729,1.439462,-1.141716,0.450046
-0.324310,0.636815,1.606016,0.531579,0.724809,0.360800,-1.452244,0.491849,1.148054,0.404234,0.313135,0.616252,1.031760,1.656735,0.424067,0.414048,0.401147,1.380060,-1.384339,0.956283,0.889714,-0.614637,-1.743139,1.533344,-0.820742,-1.035779,0.841855,0.451533,0.096010,-0.852736,3.018012,0.348175,421.697822,1.304994,-1.880619,0.749822,0.383071,1.533605,-0.981877,-1.131736,0.600731,0.510889,0.406387,0.329494,1.250620,1.581731,-1.252389,1.102786
-0.324310,0.740367,3.202886,0.291001,0.657431,0.389796,-1.257149,0.434130,0.561556,0.061906,0.285388,0.730444,0.975465,1.212714,0.220045,0.219216,0.130312,1.380060,-0.913826,0.681049,0.029310,-0.614637,-1.264292,1.533344,-0.583108,-0.275282,0.987667,0.155550,-0.878837,-0.906198,0.522312,0.276742,811.604199,0.834088,-1.828513,0.118281,0.367583,2.087844,-0.508307,0.484806,0.156634,0.130610,0.419232,0.403242,0.305137,0.561153,-1.252389,1.102786
-1.205418,0.707563,1.959307,0.371258,0.716379,0.590154,-1.397423,0.715838,-0.044582,0.135546,0.338582,0.401164,1.037066,1.136953,0.385091,0.211499,0.190514,0.184258,-1.375893,0.660378,0.150053,-0.807133,-1.481842,0.686918,-0.857202,-0.876425,0.987667,0.210014,-1.096950,-0.906198,0.723067,0.663056,695.055922,1.304043,-1.809677,0.172020,0.361447,1.972793,-1.197098,-0.896494,0.554747,0.280747,0.960108,0.335258,0.656610,1.863442,-1.440792,0.569175
-1.205418,0.663653,0.343661,0.347357,0.697467,0.605466,-1.280906,0.729296,0.992452,0.210774,0.450972,0.555700,1.037066,1.136953,0.387692,0.248643,0.207140,0.505232,-1.299764,0.793701,0.928024,-0.807133,-1.644432,0.686918,-0.857202,-0.876425,0.852592,0.253332,-1.096950,-0.366361,0.723067,0.758634,184.276608,1.180288,-1.953783,0.752911,0.303360,1.359509,-1.197098,-1.146440,0.662243,0.287354,0.991725,0.746175,0.656610,1.863442,-1.440792,0.456476
-0.293386,0.576891,1.697652,0.559985,0.718959,0.231550,-1.495952,0.473312,0.992452,0.373521,0.331783,0.420273,1.037022,2.387153,0.417177,0.453725,0.547676,1.235184,-1.597592,1.075362,0.928024,-0.494869,-1.540011,1.669993,-1.008306,-1.033926,0.809540,0.449152,0.058145,-1.000551,3.459701,0.273846,395.266150,1.422407,-1.722151,0.725548,0.471777,2.318835,-0.996604,-0.779852,0.430679,0.585660,0.434547,0.268646,1.834009,1.962091,-1.785809,0.936158
-0.203094,0.606021,2.321197,0.057736,0.610957,0.443509,-1.222312,0.488250,0.543150,0.036602,0.197696,0.414652,0.902953,-0.048776,0.208190,0.158763,0.052335,0.873761,-1.306632,0.716775,0.050455,-0.491852,-1.335012,0.921516,-0.152182,0.004523,0.899937,0.146497,-0.782151,-0.881910,0.288367,0.190645,590.957886,1.196413,-1.629373,0.082388,0.270149,2.018684,-0.405792,0.393502,0.125523,0.021115,0.259331,0.357664,-0.093958,1.006522,-1.095529,0.936158
0.287036,0.680679,0.606449,0.225189,0.600652,0.451502,-1.479134,0.484563,0.393701,0.123265,0.242637,0.468074,1.007262,1.145979,0.365807,0.247292,0.146543,0.498097,-1.611048,0.980795,0.544519,-0.491852,-1.839883,0.323945,-0.930313,-0.688929,0.771845,0.231696,-1.022509,-0.356049,0.617564,0.622147,253.676204,1.414532,-1.707836,0.513980,0.275216,1.582606,-0.915236,-1.155077,0.698208,0.248017,0.674593,0.505592,0.198378,2.564901,-0.835960,0.475112
0.325121,1.209689,0.369995,0.023116,0.349466,0.156197,-1.184116,0.062608,-0.162402,0.028752,0.041805,0.175606,0.412009,-0.129251,0.156790,0.064309,0.010990,0.287867,-1.261767,0.574653,0.069676,-0.075765,-1.257505,-0.009833,0.010677,-0.157408,0.952583,0.112573,-0.740238,-0.572934,0.239412,0.298303,188.365851,1.160664,-1.762811,0.056273,0.090954,1.426010,-0.369176,0.788139,0.136558,0.002476,0.209106,0.153785,-0.421201,0.236685,-0.318299,0.135630
0.462628,1.280590,0.252338,0.002469,0.370772,0.052265,-1.163308,0.012169,-0.659959,0.003609,0.009768,0.079878,0.377280,-0.133005,0.011592,0.015223,0.003013,-0.081894,-1.259616,0.547599,0.021633,-0.052107,-1.467009,-0.336787,0.011189,0.191362,0.418329,0.006586,-0.756812,-0.114491,0.235530,0.030031,126.340651,1.141298,-1.534368,0.003057,0.017958,1.293999,-0.364856,1.266925,0.006857,0.001013,0.089787,0.025042,-0.430335,-0.109030,-0.004061,-0.020177
0.462661,1.229727,0.265806,0.005461,0.372886,0.024702,-1.077819,0.032050,-0.698144,0.002872,0.012215,0.047979,0.377465,-0.132015,0.012001,0.007939,0.002020,-0.227195,-1.146003,0.546976,0.021659,-0.087851,-1.452629,-0.357189,0.011162,0.192273,0.416101,0.007760,-0.738026,-0.128563,0.230895,0.031951,132.856773,1.037586,-1.757617,0.004566,0.017092,1.144947,-0.364254,1.207100,0.006975,0.001003,0.089759,0.011991,-0.432592,-0.065838,0.015184,-0.022557
0.380935,0.852487,0.708741,0.232591,0.507488,0.337851,-1.314414,0.227803,0.982579,0.044853,0.150838,0.113948,0.719818,0.447852,0.098662,0.116212,0.031103,-0.200279,-1.211507,0.762257,0.024617,-0.805897,-1.023229,0.496109,-0.327145,-0.316305,0.656627,0.130458,-0.775276,-0.123764,0.462537,0.687022,301.221118,1.241470,-1.734263,0.140990,0.150024,1.502959,-0.719952,-0.873017,0.729511,0.125077,0.184358,0.557180,-0.260639,0.560317,-0.239584,0.010834
0.250271,0.528863,0.363141,0.212076,0.445745,0.171030,-1.316859,0.275032,1.054354,0.064303,0.173047,0.167842,0.719818,0.447852,0.125671,0.125429,0.048189,0.041724,-1.299949,0.762257,0.161279,-0.805897,-1.051646,0.496109,-0.327145,-0.316305,0.656627,0.164736,-0.519655,-0.380706,0.515749,0.394751,196.781201,1.211605,-1.881390,0.431910,0.166171,1.273987,-0.841678,-0.873017,0.598155,0.130788,0.233387,0.482733,-0.260639,0.560317,-0.239584,0.054413
-0.249115,0.484598,0.335407,0.272283,0.375490,0.418747,-1.191289,0.241471,1.054354,0.076717,0.208736,0.266591,0.752357,0.511626,0.274668,0.228547,0.187369,0.156564,-1.213022,0.702112,0.161279,-0.609498,-1.641267,0.726628,-0.534320,-0.702847,0.628211,0.201711,0.525754,-0.380706,0.563650,0.297072,147.140726,1.198951,-1.865939,0.416028,0.238350,1.258293,-0.841678,-0.835661,0.484792,0.215498,0.265343,0.168051,0.361125,0.671947,-1.111460,0.197423
-0.249115,0.527446,1.334024,0.237332,0.515647,0.504730,-1.218622,0.232954,0.641331,0.068595,0.208053,0.324073,0.752357,0.511626,0.305156,0.225468,0.185962,0.156564,-1.219866,0.668725,0.082393,-0.609498,-1.859538,0.902986,-0.534320,-0.702847,0.863954,0.236395,-0.048942,-0.689426,0.563650,0.564999,316.737874,1.216966,-1.666657,0.138296,0.322637,2.275736,-0.549776,0.330830,0.110106,0.209121,0.329581,0.218406,0.361125,0.671947,-1.111460,0.551977
0.293511,0.645164,1.122050,0.028788,0.552161,0.609559,-1.390168,0.404055,0.131067,0.030667,0.092122,0.179059,0.656192,-0.090091,0.270607,0.076708,0.021313,-0.432899,-1.156320,0.583090,0.002862,-0.425812,-1.407209,-0.257640,-0.197821,-0.406053,0.810030,0.040118,-0.178288,-0.456321,0.274846,0.073551,308.382322,1.003580,-1.674594,0.043905,0.226553,1.714959,-0.378447,0.417084,0.088020,0.010607,0.342827,0.094316,-0.250363,0.383269,-0.359251,0.427384
0.964725,0.389140,0.334489,0.514615,0.397063,0.254230,-1.417666,0.178831,0.787556,0.038727,0.385189,0.193009,0.698024,0.414471,0.239849,0.278660,0.180287,-0.415508,-1.532288,0.749034,0.000307,-1.101151,-1.407963,4.610811,-1.180197,-0.410963,0.708150,0.128448,-0.178288,-0.301555,0.442318,0.331970,190.241747,1.336173,-1.789991,0.310853,0.252274,1.055513,-0.661827,-0.461123,0.414045,0.106667,0.272847,0.387424,0.088673,0.383269,-0.502615,0.398636
0.888405,0.613789,1.239719,0.032810,0.373297,0.245806,-1.374232,0.044017,0.266719,0.016316,0.103488,0.120144,0.427478,-0.111349,0.111131,0.058180,0.009502,-0.014613,-1.340456,0.569405,0.029403,-0.504818,-1.209225,-0.470936,-0.019188,-0.058887,0.601967,0.056955,0.085203,-0.342423,0.255820,0.261896,419.082040,1.298354,-1.660804,0.041409,0.169678,1.818507,-0.393170,0.365117,0.063845,0.004719,0.340839,0.056425,-0.399429,0.009536,-0.534170,0.432201
0.443875,0.935651,0.304390,0.192104,0.314450,0.205391,-1.277268,0.208809,0.259345,0.054984,0.100376,0.342447,0.363061,0.192715,0.183857,0.132187,0.052337,0.599933,-1.254460,0.611245,0.170815,-0.325386,-1.338674,-0.116124,-0.174430,-0.830082,0.713887,0.096126,-0.566368,-0.531674,0.298032,0.538019,151.897737,1.185007,-1.690207,0.035052,0.109543,1.154472,-0.421090,0.500612,0.237271,0.061463,0.208108,0.238172,-0.338839,0.062800,-0.174545,0.111027
0.523904,1.314270,0.239813,0.010430,0.352569,0.117266,-1.185447,0.020010,-0.600249,0.011624,0.019871,0.055572,0.384489,-0.118658,0.019294,0.019125,0.004778,-0.140491,-1.123512,0.554164,0.026978,-0.083638,-1.385067,-0.334578,0.005796,0.178937,0.432467,0.020797,-0.669470,-0.124751,0.245244,0.099193,118.310466,0.859479,-1.632214,0.030465,0.022980,1.148454,-0.374341,1.291051,0.011840,0.003469,0.100419,0.019865,-0.423494,-0.020677,-0.002374,-0.045960
-0.022518,0.927366,1.686065,0.237760,0.560098,0.334231,-1.259622,0.364899,1.305832,0.082934,0.131665,0.248757,0.966076,0.407228,0.127915,0.134336,0.070123,0.394415,-1.178792,0.864624,0.267987,-0.540722,-1.197481,0.440122,-0.461254,-0.626148,0.717500,0.143801,-0.576923,-0.101749,0.512698,1.081981,496.772220,1.108934,-1.677676,0.254335,0.128228,2.370825,-0.787837,-1.084208,0.906937,0.111164,0.307416,0.655540,-0.027641,0.745831,-0.474642,0.117688
-0.022518,0.574993,0.331795,0.299387,0.464016,0.344699,-1.500984,0.322219,1.317604,0.125162,0.174720,0.269909,0.966076,0.407228,0.196111,0.142367,0.122533,0.394415,-1.554397,0.864624,0.624026,-0.540722,-1.127231,0.793052,-0.461254,-0.626148,0.717500,0.243220,-0.079964,-0.387627,0.587444,0.430027,161.846528,1.458105,-1.776794,0.512402,0.154861,1.120549,-0.854565,-1.084208,0.615335,0.225709,0.444823,0.381417,-0.027641,0.745831,-0.575887,0.117688
-0.130259,0.451050,0.668165,0.257853,0.522703,0.508095,-1.135380,0.228422,1.133595,0.117596,0.222529,0.149108,0.797131,0.593307,0.458807,0.207988,0.191797,0.074887,-0.604200,0.664461,0.404696,-0.589698,-1.632830,0.629160,-0.494009,-1.028599,1.160835,0.359490,0.289690,-0.829975,1.066424,0.162701,199.483213,0.579701,-1.726549,0.311453,0.337631,1.829053,-0.677061,0.160452,0.144407,0.255937,0.414673,0.230335,0.505054,0.714988,-0.753173,1.003356
0.267074,0.751683,3.600516,0.064509,0.537841,0.477177,-1.309852,0.306199,0.787551,0.019402,0.132035,0.268467,0.796334,-0.104136,0.227502,0.089787,0.017996,0.060500,-1.324264,0.571166,0.049475,-0.408538,-1.144025,0.535795,-0.072845,-0.062632,1.160835,0.060721,-0.723800,-0.757897,0.278985,0.468782,838.998848,1.114944,-1.565040,0.083151,0.186149,2.143624,-0.378128,0.319453,0.251728,0.011109,0.304192,0.433757,-0.371095,0.213551,-0.465738,0.387870
-0.919771,0.763366,2.741532,0.171786,0.734350,0.458315,-1.132581,0.701624,0.092578,0.116649,0.246226,0.399012,1.015587,1.043151,0.432585,0.192973,0.129222,0.209493,-0.904847,0.657585,0.093004,-0.901957,-1.458528,0.336248,-0.939448,-0.751790,0.967110,0.201028,-0.961633,-0.729871,0.519976,0.596293,846.523449,0.770451,-1.607186,0.186929,0.280652,1.993894,-0.924741,-0.885789,0.568302,0.230188,0.556721,0.323052,0.283143,1.089418,-1.423966,0.397859
-0.919771,0.692483,0.374383,0.211353,0.709302,0.316504,-1.346639,0.674178,1.129736,0.169664,0.330838,0.548791,1.015587,1.043151,0.453848,0.224608,0.133336,0.552357,-1.309146,0.815056,0.887844,-0.901957,-1.631358,0.487445,-0.939448,-0.751790,0.967110,0.228531,-0.961633,-0.416916,0.519976,1.006173,200.818548,1.184980,-1.688744,0.760389,0.279645,1.396950,-1.062041,-1.179111,0.684629,0.234623,0.481184,0.771800,0.283143,1.089418,-1.423966,0.397859
-0.284837,0.608629,1.040226,0.480627,0.716263,0.244619,-1.119820,0.474052,1.129736,0.348949,0.395940,0.426695,0.998175,1.488956,0.424638,0.344436,0.454407,1.085601,-1.066282,1.007237,0.908869,-0.762719,-1.915878,1.142948,-0.921480,-1.032657,0.865170,0.440615,0.329197,-0.963786,2.677865,0.257212,306.768915,0.966875,-1.908534,0.740822,0.273320,0.829177,-1.018934,-0.989945,0.531100,0.450541,0.355071,0.252554,1.305576,1.803842,-1.385793,0.874781
-0.284837,0.715090,2.770269,0.223790,0.647954,0.370079,-1.146724,0.479718,0.628699,0.050189,0.347917,0.465283,0.917823,0.404207,0.280509,0.230558,0.155129,1.085601,-1.024568,0.589930,0.034797,-0.762719,-1.068488,1.142948,-0.568434,-0.790757,1.178937,0.150715,-0.801383,-0.915565,0.379992,0.309311,711.575613,0.846626,-1.600574,0.093565,0.313322,1.718639,-0.558528,0.473049,0.165346,0.078695,0.494723,0.419860,0.444393,0.654273,-1.385793,0.874781
-0.931411,0.715597,2.003974,0.269887,0.742256,0.539472,-1.331272,0.688720,0.122786,0.133403,0.341580,0.337153,1.078447,0.916990,0.416500,0.222614,0.154564,0.147509,-1.090824,0.589930,0.018799,-0.880728,-1.247880,0.675828,-1.030983,-0.782417,1.178937,0.235575,-1.043856,-0.915565,0.586935,0.700604,698.758690,0.986890,-1.494265,0.155067,0.376013,1.755487,-1.030961,-0.836085,0.533902,0.242362,1.023227,0.376169,0.376924,1.633715,-1.535724,0.439131
-0.931411,0.678974,0.454853,0.269822,0.735482,0.602205,-1.306344,0.656038,1.158293,0.198848,0.435650,0.508189,1.078447,0.916990,0.416191,0.266446,0.164278,0.619519,-1.138801,0.830773,1.052792,-0.880728,-1.490220,0.776132,-1.030983,-0.782417,1.020860,0.274521,-1.043856,-0.425120,0.586935,0.928794,220.626774,1.066728,-1.819172,0.788816,0.327644,1.422212,-1.084884,-1.136546,0.682890,0.247546,1.014032,0.797867,0.376924,1.633715,-1.535724,0.416027
-0.381591,0.653288,0.923434,0.521130,0.753299,0.270757,-1.205004,0.505927,1.158293,0.408150,0.425664,0.523651,1.049516,2.109082,0.396724,0.461460,0.503644,1.459945,-1.106691,1.299947,1.052792,-0.605260,-1.624719,1.309344,-1.038676,-1.037033,0.794203,0.472085,0.176773,-0.966717,2.865715,0.419534,267.940121,1.074145,-1.827092,0.784962,0.377057,2.067121,-1.050447,-0.990520,0.574775,0.611157,0.428158,0.289473,1.319679,1.913315,-2.211768,0.613002
-0.381591,0.808623,2.802155,0.263604,0.650272,0.299623,-0.969717,0.515120,0.550613,0.054929,0.352870,0.722440,0.928843,2.109082,0.240033,0.315131,0.271927,1.434829,-0.678172,0.753852,0.093332,-0.773574,-1.246111,1.309344,-0.638217,-1.037033,1.279555,0.130830,-0.813517,-0.966717,0.446076,0.197320,709.115716,0.709617,-1.560548,0.108584,0.287610,1.968121,-0.652171,0.541636,0.191628,0.223051,0.383192,0.426108,0.837291,0.473217,-2.211768,0.613002
-1.034522,0.752265,2.331049,0.182196,0.735272,0.397964,-1.361767,0.727408,0.037169,0.132034,0.323191,0.431289,1.004495,1.083842,0.450123,0.237409,0.145557,0.146675,-1.277039,0.677163,0.208048,-0.773574,-1.266383,0.381866,-1.045074,-0.761369,1.279555,0.193593,-0.978962,-0.895482,0.533518,0.527019,765.175994,1.114854,-1.714102,0.181272,0.331075,1.825159,-0.993099,-0.867371,0.592607,0.247336,0.538961,0.305564,0.333557,1.501025,-1.457699,0.566434
-1.034522,0.661467,0.388378,0.191367,0.712348,0.362863,-1.308839,0.676921,1.137375,0.203235,0.412032,0.596755,1.004495,1.083842,0.421979,0.271871,0.152594,0.860488,-1.209948,0.793314,0.847860,-0.698704,-1.585621,0.381866,-1.045074,-0.761369,0.964882,0.234389,-0.978962,-0.376216,0.533518,0.867132,206.258222,1.173996,-1.729838,0.767966,0.321408,1.231826,-1.059932,-1.135231,0.658958,0.264318,0.488523,0.771586,0.333557,1.501025,-1.457699,0.566434
-0.280782,0.589390,0.654914,0.407115,0.729186,0.341068,-1.435895,0.381300,1.137375,0.391682,0.287845,0.404854,1.028984,1.587097,0.407758,0.369677,0.384017,0.917496,-1.509183,1.034947,0.847860,-0.557088,-1.652275,1.811618,-0.717504,-1.038943,0.826239,0.454534,0.195340,-0.868081,3.006245,0.276106,208.132615,1.372929,-1.802971,0.746573,0.435771,1.207291,-1.017407,-0.892956,0.480441,0.544477,0.414127,0.286179,0.972680,1.462360,-1.148048,0.971372
-0.280744,0.782584,2.608082,0.161145,0.630324,0.399334,-1.261394,0.450102,0.546558,0.055909,0.268882,0.483743,0.948543,0.085582,0.292375,0.214425,0.101580,0.917496,-1.255581,0.701794,0.040392,-0.557088,-1.248750,1.811618,-0.409964,-0.633204,1.279998,0.126167,-0.827521,-1.043531,0.304023,0.275242,750.679398,1.160409,-1.644744,0.108017,0.350933,1.947183,-0.417724,0.422436,0.236910,0.037213,0.455957,0.431138,0.216843,0.815156,-1.034772,0.971372
-0.588980,0.767375,1.733193,0.295346,0.731224,0.606285,-1.408192,0.605574,0.077413,0.122348,0.356617,0.285774,1.101855,1.036079,0.381871,0.206499,0.136143,0.219816,-1.278757,0.761490,0.134719,-1.095265,-1.406946,1.150000,-1.159239,-0.855984,1.279998,0.231330,-1.033336,-1.043531,0.488131,0.514256,679.139771,1.151191,-1.787450,0.188250,0.353712,1.687288,-0.899165,-0.965484,0.626367,0.254285,0.590551,0.316354,0.257464,1.674581,-1.481785,0.473617
-0.588980,0.681808,0.275026,0.285409,0.688267,0.578432,-1.388761,0.554248,1.026649,0.200606,0.511405,0.415840,1.101855,1.036079,0.316334,0.286681,0.201316,0.460623,-1.391223,0.858960,0.842512,-1.095265,-1.475154,1.402323,-1.159239,-0.855984,0.868046,0.268906,-1.033336,-0.453846,0.488131,0.791288,174.547006,1.288667,-1.499422,0.746769,0.330360,1.219597,-1.017774,-1.145583,0.663742,0.275932,0.557816,0.744513,0.257464,1.674581,-1.481785,0.473617
-0.365484,0.668002,1.412434,0.572096,0.636350,0.328204,-1.305786,0.427990,1.026649,0.311734,0.440884,0.589962,0.836616,1.428723,0.413790,0.567710,0.479255,1.672926,-1.254050,0.783582,0.842512,-0.691176,-1.534423,1.402323,-1.516103,-1.033380,1.015201,0.392948,-0.033896,-0.860867,1.513028,0.314628,379.526147,1.169181,-1.704219,0.659952,0.409992,1.517233,-1.013452,-0.877882,0.490345,0.372436,0.396273,0.309358,1.068897,0.969407,-2.006931,0.991145
-0.228105,0.951175,3.504901,0.084424,0.580707,0.375700,-1.284354,0.357561,0.358385,0.036821,0.178279,0.507199,0.794631,0.001656,0.215028,0.246780,0.094858,0.910925,-1.178834,0.762957,0.053516,-0.691176,-1.135400,0.933840,-0.093469,-0.709053,1.015201,0.115095,-0.672675,-0.848270,0.401196,0.133208,825.295817,1.101736,-1.627059,0.066605,0.349652,2.184444,-0.393440,0.681354,0.162758,0.022909,0.300948,0.304119,-0.159197,0.239745,-2.006931,0.991145
-0.609617,0.825015,1.875836,0.610136,0.685811,0.571508,-1.320611,0.503995,0.300708,0.113596,0.492075,0.264348,0.933372,1.094350,0.293296,0.194641,0.165978,-0.575037,-1.251480,0.702744,0.082698,-1.664878,-1.506423,3.583070,-0.921849,-0.690708,0.996489,0.271865,-0.824858,-0.478014,0.466986,0.222342,607.605127,1.202523,-1.716332,0.137058,0.464046,2.165641,-1.132954,-0.952615,0.654803,0.267294,0.291703,0.289348,0.225772,1.150673,-1.292521,0.763970
-0.609617,0.710345,0.293436,0.559621,0.654880,0.684109,-1.472605,0.511595,1.192596,0.167897,0.594082,0.546331,0.933372,1.094350,0.347878,0.421167,0.263226,0.219027,-1.578279,0.789695,0.646079,-1.664878,-1.578870,3.583070,-0.921849,-0.690708,1.066761,0.285807,-0.824858,-0.354637,0.523671,0.456514,173.676072,1.487768,-1.669670,0.705565,0.386770,0.544757,-1.132954,-1.243775,0.681148,0.286648,0.297931,0.737486,0.225772,1.150673,-1.292521,0.308057
-0.442489,0.608013,1.035762,0.460605,0.670013,0.447770,-1.401146,0.448176,1.192596,0.287321,0.348031,0.337421,0.884470,0.837510,0.406720,0.405404,0.514225,0.748383,-1.288405,0.757826,0.646079,-0.819981,-1.802395,0.578987,-1.483401,-1.032123,0.996799,0.415166,0.248613,-1.006521,1.102722,0.401014,265.602819,1.246397,-1.747332,0.684850,0.409955,2.061180,-1.028780,-0.896335,0.493501,0.417916,0.316620,0.290264,1.564391,1.485645,-1.024914,1.359752
-0.122381,0.691240,2.558872,0.057112,0.616175,0.378040,-1.467436,0.486103,0.604095,0.038126,0.125612,0.393207,0.757880,-0.091567,0.195181,0.098608,0.039241,0.641299,-1.397657,0.586949,0.006429,-0.819981,-1.311826,0.767406,-0.084203,-0.475335,0.996799,0.132377,-0.577003,-1.006521,0.260820,0.098157,640.722808,1.259162,-1.497579,0.028001,0.311662,1.976308,-0.428082,0.508949,0.093776,0.014114,0.442774,0.316598,-0.239028,0.814117,-0.949869,0.742953
-0.315102,0.616470,1.515952,0.389880,0.689953,0.527629,-1.392094,0.580409,0.333421,0.106143,0.377362,0.283499,0.976804,0.923488,0.369879,0.207726,0.126430,-0.041056,-1.317779,0.755752,0.049987,-1.031273,-1.423379,2.050021,-0.940902,-0.591072,0.901382,0.176071,-0.797415,-0.654633,0.505255,0.343479,532.810264,1.156956,-1.653138,0.138889,0.345349,1.917997,-0.884515,-0.871302,0.527183,0.227382,0.384849,0.315448,0.155156,1.187923,-0.808282,0.616728
-0.315102,0.608591,0.291090,0.330744,0.643663,0.569741,-1.513162,0.496784,1.152233,0.159240,0.469489,0.318734,0.976804,0.923488,0.339380,0.330822,0.201122,0.024808,-1.528515,0.806392,0.666985,-1.031273,-1.510282,2.710573,-0.940902,-0.591072,0.902339,0.209467,-0.797415,-0.519079,0.505255,0.644754,179.150734,1.409399,-1.500328,0.695774,0.230101,1.114206,-1.029115,-1.075526,0.578287,0.230380,0.230685,0.708785,0.155156,1.187923,-0.808282,0.605360
-0.144431,0.645759,1.334034,0.603256,0.672724,0.291947,-1.289333,0.319657,1.152233,0.397437,0.274155,0.630662,0.999119,2.124415,0.467918,0.553624,0.490383,1.605400,-1.341260,1.082027,0.666985,-1.180017,-1.511381,1.221685,-1.761927,-1.044892,0.912769,0.484573,0.146754,-1.206097,3.469235,0.233199,346.428188,1.192323,-2.021197,0.691931,0.475034,1.815978,-1.003155,-0.839184,0.514959,0.554317,0.458261,0.322018,1.636525,1.201247,-1.257904,1.084264
-0.144431,0.811161,2.880961,0.117357,0.608872,0.321639,-1.366956,0.361416,0.461526,0.033612,0.119429,0.543186,0.852062,-0.029775,0.223292,0.213489,0.098044,0.636467,-1.502736,0.816743,0.093847,-1.180017,-1.233925,0.980001,-0.117162,-1.044892,0.912769,0.241988,-0.794770,-1.206097,0.268928,0.392479,736.585545,1.294496,-1.546308,0.073996,0.381673,1.886418,-0.444816,0.585824,0.128357,0.024498,0.446150,0.383865,0.206134,0.410007,-1.257904,1.084264
-1.039009,0.728871,1.999713,0.511063,0.685836,0.650131,-1.221748,0.681364,0.009594,0.123061,0.352330,0.262640,0.964054,0.725211,0.312695,0.199104,0.187610,-0.008184,-0.991207,0.583007,0.019327,-1.391472,-1.426890,1.453568,-0.721019,-0.733583,0.911237,0.194711,-1.074641,-0.743610,0.671712,0.610874,680.702351,0.956778,-1.757758,0.127809,0.334020,1.833621,-1.188923,-0.914828,0.554816,0.202898,0.402332,0.335809,0.519616,1.337202,-1.115008,0.666221
-1.039009,0.700016,0.317029,0.438261,0.669526,0.798249,-1.413986,0.682130,1.043799,0.168682,0.427081,0.455626,0.964054,0.725211,0.335287,0.263396,0.208240,0.518821,-1.479803,0.815058,0.799811,-1.391472,-1.748548,1.453568,-0.721019,-0.733583,0.848113,0.208074,-1.074641,-0.342107,0.671712,0.680795,177.790359,1.301495,-1.687973,0.714641,0.310064,1.223035,-1.188923,-1.245048,0.682691,0.216120,0.360511,0.782384,0.519616,1.337202,-1.115008,0.666221
-0.329126,0.630441,0.824845,0.510291,0.693736,0.408215,-1.350604,0.477883,1.043799,0.327076,0.243993,0.587706,0.898723,1.086625,0.437377,0.455131,0.387465,1.288209,-1.372410,0.829287,0.799811,-0.663940,-1.702918,1.198075,-1.481566,-1.036520,0.997580,0.421365,0.167193,-0.836573,2.028751,0.313192,249.884101,1.257659,-1.909287,0.715283,0.356657,1.726210,-1.015924,-0.958151,0.530736,0.407238,0.269984,0.273396,1.206943,1.282863,-1.512948,0.745378
-0.329126,0.780623,3.087691,0.192745,0.636094,0.336616,-1.270104,0.459747,0.514124,0.031458,0.175346,0.556285,0.898723,0.010932,0.257143,0.194115,0.090150,1.288209,-1.226780,0.667446,0.014531,-0.663940,-1.137125,0.825572,-0.346931,-0.347547,1.034988,0.129242,-0.817393,-0.880586,0.256025,0.247158,746.237150,1.025162,-1.645635,0.086769,0.290322,2.154715,-0.426374,0.542940,0.182331,0.037116,0.296448,0.386311,0.118278,0.112982,-1.512948,0.745378
-0.839349,0.740298,2.104122,0.299887,0.723378,0.613672,-1.552030,0.661828,0.023030,0.125177,0.342610,0.263386,1.060826,1.016539,0.382633,0.203635,0.142329,-0.012972,-1.575322,0.686077,0.214597,-0.956006,-1.478485,0.921866,-1.079596,-0.793791,1.034988,0.189585,-1.020616,-0.880586,0.479189,0.558417,652.271628,1.453144,-1.707692,0.182029,0.313394,2.163166,-0.985136,-0.896516,0.592826,0.257618,0.422613,0.332148,0.296470,0.834280,-1.067234,0.468887
-0.839349,0.678845,0.301202,0.294964,0.689162,0.699215,-1.419767,0.667112,1.095674,0.187686,0.453104,0.431384,1.060826,1.016539,0.379558,0.290607,0.173404,0.640377,-1.485441,0.795187,0.851867,-0.956006,-1.683798,1.223065,-1.079596,-0.793791,0.950554,0.223901,-1.020616,-0.401096,0.479189,0.851467,171.276824,1.334720,-1.790248,0.742600,0.277928,1.045553,-1.059232,-1.140664,0.655158,0.257221,0.234459,0.788504,0.296470,0.834280,-1.098247,0.468887
-0.337192,0.626668,1.004225,0.466829,0.703348,0.313267,-1.263823,0.513507,1.095674,0.364463,0.264418,0.471660,0.940222,1.592526,0.423253,0.377556,0.392593,1.289054,-1.229739,0.953922,0.851867,-0.463359,-1.764386,1.605852,-1.039236,-1.036380,0.927194,0.386077,0.173076,-0.803227,2.850704,0.388234,308.535130,1.061930,-1.739027,0.722853,0.354224,1.772230,-0.984022,-0.999641,0.547584,0.443205,0.443303,0.283712,1.166687,1.755849,-1.493977,0.817104
-0.337192,0.773547,3.125646,0.238674,0.647514,0.377073,-1.388924,0.447820,0.524437,0.051133,0.231291,0.576863,0.923705,1.211018,0.251748,0.211178,0.160937,1.289054,-1.266520,0.685543,0.047490,-0.627387,-1.293977,1.605852,-0.528564,-0.595131,1.003318,0.124126,-0.837584,-0.906301,0.453403,0.295742,815.753112,1.156143,-1.533037,0.109665,0.336709,1.954411,-0.524588,0.516714,0.165509,0.124247,0.455189,0.395371,0.360412,0.645514,-1.493977,0.817104
-0.989463,0.732054,2.110972,0.282548,0.713972,0.532249,-1.582124,0.659969,0.021014,0.118031,0.328267,0.361087,1.012327,0.959028,0.375583,0.202765,0.166675,0.080206,-1.517188,0.708021,0.186902,-0.755067,-1.606595,0.616928,-0.880363,-0.738639,1.003318,0.192947,-1.016740,-0.906301,0.568685,0.652719,731.479679,1.377900,-1.627559,0.185269,0.326557,1.981621,-1.061715,-0.934039,0.589520,0.250818,0.997040,0.330494,0.482196,1.858764,-1.379055,0.572950
-0.989463,0.677356,0.273454,0.278568,0.675379,0.523529,-1.403128,0.664714,1.013420,0.185871,0.430627,0.439978,1.012327,0.959028,0.361929,0.235391,0.187993,0.440359,-1.282860,0.788269,0.834197,-0.755067,-1.693829,0.702912,-0.880363,-0.844951,0.822912,0.221601,-1.016740,-0.395389,0.568685,0.818918,155.367297,1.091353,-1.833408,0.735194,0.243069,1.118764,-1.061715,-1.156983,0.659935,0.273273,0.984288,0.734125,0.482196,1.858764,-1.379055,0.431782
-0.504317,0.616305,1.097549,0.510185,0.708872,0.293601,-1.368232,0.451853,1.013420,0.421158,0.314533,0.540623,1.008556,2.031563,0.392863,0.506934,0.531814,1.349131,-1.534754,1.324928,0.834197,-0.824617,-1.533716,1.521474,-1.127559,-1.032726,0.665367,0.447618,0.098873,-1.055714,3.378694,0.293648,307.293575,1.396861,-1.544186,0.691955,0.463576,1.745643,-0.895698,-0.580223,0.362671,0.595675,0.372414,0.260040,1.685102,1.639209,-1.547068,1.067025
-0.013451,0.676456,2.055831,0.041549,0.629089,0.361901,-1.378423,0.487088,0.505776,0.034617,0.192832,0.385515,0.752275,-0.037125,0.180635,0.166446,0.027893,0.664515,-1.452268,0.609959,0.018938,-0.586521,-1.293679,0.641892,-0.061961,-0.172996,0.903528,0.103829,-0.833836,-0.851963,0.291273,0.156708,540.751334,1.334343,-1.540772,0.087397,0.281318,1.668886,-0.370092,0.464460,0.124598,0.011835,0.260768,0.365272,-0.330235,0.992308,-0.800920,1.067025
0.013532,0.698625,0.553383,0.193866,0.574223,0.569874,-1.445426,0.578306,0.504251,0.135584,0.225005,0.561530,0.965906,1.165099,0.403577,0.234868,0.143073,0.392280,-1.478934,0.990886,0.546169,-0.516724,-1.729525,0.411513,-0.825719,-0.828985,0.973958,0.234769,-1.093939,-0.273483,0.552844,0.720288,269.904781,1.279009,-1.581206,0.513107,0.257879,1.502463,-0.939594,-1.231004,0.690299,0.267573,0.923053,0.596908,0.130637,2.330811,-1.146145,0.379855
0.389273,1.318274,0.501148,0.017430,0.358002,0.176188,-1.164102,0.036298,-0.310547,0.028825,0.031533,0.132073,0.416059,-0.129802,0.126045,0.040145,0.006756,0.214506,-1.098228,0.574980,0.064096,-0.131059,-0.974362,-0.001131,-0.000567,-0.274619,0.826059,0.179773,-0.712028,-0.713073,0.239745,0.171472,247.463891,1.062547,-1.477214,0.059174,0.136597,1.458096,-0.372296,0.954641,0.084428,0.003746,0.170167,0.081280,-0.416625,0.285553,-0.223372,0.451945
0.492442,1.341943,0.263562,0.001797,0.369162,0.095979,-1.064242,0.022714,-0.653081,0.002950,0.007716,0.045026,0.372391,-0.132739,0.015589,0.009800,0.002158,-0.145709,-1.005524,0.546417,0.019118,-0.042546,-1.081041,-0.343263,0.011873,0.206640,0.425751,0.009501,-0.727213,-0.117027,0.230182,0.034812,128.780798,0.973095,-1.580710,0.001567,0.018856,1.206675,-0.364252,1.322182,0.009011,0.000841,0.084182,0.018874,-0.430305,0.003908,-0.002247,-0.024901
0.507187,1.322006,0.659586,0.004358,0.370069,0.013338,-0.988507,0.018566,-0.685042,0.003334,0.010802,0.033191,0.379702,-0.131908,0.009892,0.007657,0.002229,-0.231320,-1.029660,0.548764,0.028587,-0.060346,-0.990279,-0.371122,0.011938,0.199904,0.429552,0.005880,-0.752082,-0.120831,0.229813,0.032773,209.357665,0.956432,-1.633841,0.002572,0.011431,1.621943,-0.364147,1.310622,0.004619,0.001079,0.049452,0.016690,-0.429410,0.127034,0.014115,-0.040805
0.369260,0.758512,0.839532,0.229160,0.481754,0.371464,-1.393010,0.217880,1.130741,0.060625,0.162667,0.146470,0.612372,0.290125,0.109530,0.102830,0.032734,-0.143648,-1.447109,0.729306,0.012436,-0.612762,-1.089891,0.503843,-0.313735,-0.156636,0.624615,0.110782,-0.643046,-0.041043,0.495044,0.822465,328.568339,1.113766,-1.511397,0.125970,0.119074,1.755799,-0.767562,-0.702799,0.704858,0.091684,0.211807,0.588468,-0.290026,0.188782,-0.246474,0.004569
0.067819,0.478292,0.257965,0.220135,0.313987,0.178440,-1.454314,0.275359,1.136836,0.072344,0.252250,0.122092,0.611901,0.290125,0.135608,0.114599,0.099820,0.152471,-1.280584,0.729306,0.214649,-0.612762,-1.335770,0.503843,-0.477371,-0.387820,0.661803,0.156278,0.227556,-0.509792,0.495044,0.280618,176.385275,1.111277,-1.709728,0.331859,0.151106,1.098921,-0.776654,-0.702799,0.546577,0.164672,0.312976,0.276451,-0.290026,0.580920,-0.512972,0.068138
-0.463209,0.960190,0.370060,0.291980,0.398105,0.262989,-1.348851,0.206000,0.734605,0.090689,0.313609,0.265900,0.534617,0.367771,0.249679,0.263822,0.210125,0.480120,-1.218250,0.661693,0.214649,-0.709391,-1.507069,0.446215,-0.529876,-0.387820,0.871805,0.166329,-0.070770,-0.582016,0.310918,0.302843,167.848048,1.098607,-1.585369,0.231134,0.200244,1.228184,-0.567615,0.334589,0.187133,0.193748,0.262852,0.198674,0.272338,0.580920,-0.690917,0.279328
-0.256935,1.121235,2.477582,0.046944,0.527214,0.410000,-1.348699,0.303686,0.151522,0.032376,0.059781,0.203144,0.605355,-0.123626,0.200313,0.079617,0.015094,-0.025979,-1.260155,0.591978,0.049525,-0.311635,-0.928629,0.456192,-0.042061,-0.021871,0.871805,0.123748,-0.511436,-0.582016,0.246250,0.202334,544.462803,1.179755,-1.405171,0.049361,0.161931,1.297348,-0.381548,1.007453,0.054420,0.007410,0.321881,0.228051,-0.388343,0.411465,-0.690917,0.321957
0.658036,1.079179,0.237529,0.001420,0.378460,0.010131,-1.073466,0.021172,-0.481391,0.000603,0.003538,0.011788,0.380840,-0.174053,0.012491,0.002014,0.001668,-0.251786,-1.322453,0.542067,0.022226,-0.033877,-0.767979,-0.354874,0.008621,0.178392,0.461401,0.003093,-0.524715,-0.120869,0.174436,0.046296,159.633776,1.099331,-1.579382,0.001218,0.004558,1.142021,-0.364712,1.068922,0.006255,0.001379,0.027875,0.008056,-0.388745,0.226708,-0.007767,0.017847
0.683778,1.067608,0.219945,0.000708,0.377240,0.002933,-0.975915,0.017775,-0.468408,0.000398,0.001054,0.014099,0.378052,-0.175928,0.007109,0.001077,0.000659,-0.234604,-1.230869,0.542140,0.018469,-0.024268,-0.743456,-0.362355,0.014434,0.178954,0.457079,0.001613,-0.538576,-0.114806,0.172195,0.029181,147.877089,0.943342,-1.542366,0.000486,0.001985,1.017591,-0.363923,1.052686,0.008187,0.000483,0.014464,0.015728,-0.391108,0.209150,-0.009224,0.010850
0.664194,1.031458,0.221721,0.001725,0.378169,0.011841,-0.857427,0.029691,-0.481886,0.001357,0.002410,0.020531,0.380913,-0.174343,0.021516,0.002949,0.000624,-0.211499,-1.018080,0.542617,0.018554,-0.027530,-0.879512,-0.360435,0.013051,0.174267,0.495194,0.004044,-0.514272,-0.120096,0.173097,0.018232,120.655773,0.770888,-1.571705,0.002468,0.004991,0.996580,-0.364992,0.967105,0.036598,0.001053,0.045153,0.007935,-0.391674,0.324162,-0.014208,0.017105
0.675308,0.992876,0.223960,0.000939,0.367429,0.014707,-1.063491,0.012326,-0.453823,0.003133,0.004155,0.027692,0.372714,-0.124936,0.020707,0.003110,0.001010,-0.196061,-1.078040,0.543083,0.016055,-0.039593,-0.932388,-0.365958,0.007461,0.180135,0.502295,0.007117,-0.547845,-0.115245,0.231668,0.036542,125.265601,0.909727,-1.548001,0.009791,0.007997,1.048478,-0.366839,0.974386,0.010331,0.001117,0.080365,0.020960,-0.434512,0.253143,0.017556,-0.047315
0.710333,0.785285,0.960488,0.135178,0.512391,0.180641,-1.328968,0.192225,1.000846,0.047736,0.065068,0.117840,0.781149,0.247699,0.088827,0.057265,0.069013,-0.054851,-1.307219,0.715494,0.133658,-0.323423,-1.423746,-0.052359,-0.359255,-0.329426,0.563405,0.092966,-0.470286,-0.095080,0.490142,0.699086,325.979291,1.121552,-1.581595,0.195763,0.068607,2.030706,-0.600890,-0.987030,0.786241,0.067044,0.180856,0.539308,-0.017767,0.335091,-0.298029,0.004022
0.119116,0.621377,0.237781,0.145003,0.289398,0.199411,-1.112419,0.262549,1.049274,0.058896,0.141295,0.181996,0.675228,0.247699,0.109888,0.055268,0.097270,0.081632,-1.038691,0.715494,0.491805,-0.080334,-1.536449,0.055310,-0.359255,-0.088005,0.580303,0.140585,0.340764,-0.295212,0.490142,0.237667,166.233719,1.044243,-1.725174,0.336565,0.050622,1.115216,-0.693034,-0.987030,0.668926,0.124337,0.274465,0.181286,-0.017767,0.714010,-0.579014,-0.048703
-0.398059,0.876754,0.947591,0.197438,0.526967,0.407947,-1.416684,0.205004,0.666801,0.065935,0.106938,0.155739,0.677021,0.246966,0.260329,0.100063,0.076911,0.340633,-1.553536,0.624957,0.051803,-0.214180,-1.460562,0.616360,-0.252348,-0.353005,0.952177,0.179092,0.043153,-0.522636,0.725021,0.069609,280.483291,1.390301,-1.598555,0.123010,0.134975,1.722447,-0.456924,0.814567,0.039588,0.149660,0.356078,0.154731,-0.069209,0.902470,-0.570136,0.232048
0.129065,1.008823,3.268421,0.031310,0.531946,0.280272,-1.475876,0.370915,0.244116,0.026253,0.082848,0.249571,0.656494,-0.103548,0.114737,0.045493,0.011409,0.074810,-1.572417,0.561456,0.051803,-0.349674,-1.212063,0.318396,-0.058181,0.107086,0.777967,0.051218,-0.656109,-0.524004,0.271432,0.230275,812.476118,1.366959,-1.572522,0.043941,0.097087,2.027397,-0.367455,0.854590,0.077635,0.004307,0.321659,0.254255,-0.388218,0.204626,-0.358872,0.239243
-0.375265,0.790083,1.543040,0.109246,0.687343,0.235256,-1.430822,0.587321,0.188030,0.062694,0.144306,0.226809,0.949724,0.377887,0.295383,0.110448,0.083037,-0.015320,-1.375203,0.714012,0.040730,-0.468510,-1.593102,0.307745,-0.708913,-0.325269,0.801908,0.144881,-0.807141,-0.334434,0.279177,0.323458,564.953416,1.291729,-1.518436,0.140772,0.187437,2.009814,-0.773753,-1.093891,0.683918,0.118139,0.360953,0.242391,-0.020641,1.127183,-0.532198,0.420688
-0.375265,0.753035,0.238737,0.120516,0.536360,0.353907,-1.449643,0.448129,0.908400,0.099867,0.213242,0.309227,0.949724,0.377887,0.174925,0.128189,0.089542,0.276060,-1.399756,0.784390,0.580739,-0.468510,-1.551908,0.307745,-0.708913,-0.417263,0.801908,0.166507,-0.785336,-0.281729,0.336614,0.627157,155.041408,1.352902,-1.717174,0.591052,0.131299,1.032948,-0.996568,-1.380035,0.649406,0.144364,0.299040,0.554282,-0.020641,0.494484,-0.532198,0.265653
-0.211812,0.745655,1.065484,0.317359,0.550034,0.297975,-1.290505,0.295419,0.773442,0.319931,0.195400,0.445480,0.911442,1.252837,0.373247,0.289419,0.268194,0.889490,-1.211581,1.011814,0.580739,-0.462955,-1.546820,1.129025,-0.741882,-0.593007,1.216481,0.330838,0.057803,-1.074684,2.292118,0.261160,310.902512,1.203214,-1.782033,0.436676,0.240160,0.877831,-0.735540,0.037634,0.189172,0.419475,0.386000,0.159139,0.428051,1.060464,-0.928944,0.396571
0.142851,0.861989,2.798309,0.051131,0.569788,0.400226,-1.092407,0.463882,0.254285,0.036062,0.060318,0.203460,0.661613,-0.112026,0.134641,0.071739,0.014966,-0.219319,-0.920258,0.582231,0.059719,-0.343316,-1.140935,0.315970,-0.064240,0.053228,0.757599,0.055615,-0.693326,-0.603629,0.259730,0.184160,669.021680,1.009593,-1.635821,0.045825,0.190356,2.076161,-0.383771,0.794726,0.040148,0.006947,0.251386,0.272645,-0.392486,0.473872,-0.272207,0.414867
-0.536384,0.714386,2.120440,0.222390,0.682760,0.269327,-1.388554,0.737875,0.240897,0.095705,0.233271,0.302716,0.949431,0.590588,0.325476,0.204429,0.101377,0.258709,-1.320278,0.781945,0.146531,-0.725186,-1.526821,0.613441,-0.788234,-0.445254,1.095895,0.174884,-0.902081,-0.443124,0.380314,0.244319,697.197677,1.159088,-1.709077,0.160278,0.208226,2.047089,-0.929389,-1.274316,0.691490,0.197000,0.285996,0.292149,-0.028140,1.024496,-0.607649,0.333273
-0.536384,0.779203,0.271665,0.198786,0.534566,0.429202,-1.429599,0.543171,0.934008,0.134761,0.307365,0.344048,0.949431,0.590588,0.196911,0.209585,0.123114,0.913564,-1.622854,0.802566,0.708038,-0.725186,-1.676119,0.613441,-0.788234,-0.512881,1.095895,0.257745,-0.891693,-0.361465,0.380314,0.443771,171.652988,1.429968,-1.783373,0.590462,0.164336,1.242611,-1.013184,-1.361173,0.678086,0.243111,0.328948,0.565538,-0.028140,0.493804,-0.607649,0.333273
-0.206046,0.701150,1.251375,0.385060,0.591802,0.277448,-1.306689,0.316728,0.771222,0.311270,0.180659,0.314642,0.910207,1.358469,0.379916,0.266632,0.299077,0.759894,-1.360286,0.848368,0.541955,-0.653758,-1.546463,1.321397,-0.797698,-1.026500,1.050849,0.348840,0.072239,-1.141329,2.498523,0.176819,356.363867,1.257014,-1.732169,0.447588,0.293013,1.684291,-0.758393,0.120701,0.163769,0.462857,0.321809,0.134596,0.722226,1.285863,-1.422053,0.528831
0.147140,0.804471,2.717255,0.041776,0.566870,0.434310,-1.379300,0.459281,0.362431,0.027427,0.083333,0.283305,0.633212,-0.105273,0.084826,0.060126,0.016015,0.092129,-1.131963,0.565733,0.038253,-0.337072,-1.165032,0.420343,-0.065824,0.066032,0.678920,0.032327,-0.665517,-0.663379,0.267098,0.155829,677.080882,0.954138,-1.734969,0.029265,0.164636,1.932663,-0.385632,0.646746,0.077111,0.006115,0.310336,0.284070,-0.408826,0.250136,-0.363275,0.322172
-0.606367,0.692516,1.783496,0.213795,0.676348,0.374887,-1.208240,0.754236,0.214238,0.091267,0.289546,0.328808,0.915155,0.722426,0.298190,0.201540,0.097049,0.139250,-0.951351,0.769565,0.120646,-0.685718,-1.648340,0.777025,-0.679931,-0.370348,0.837293,0.168567,-0.881240,-0.419832,0.439048,0.254673,619.089847,0.830621,-1.625242,0.160828,0.211552,1.775843,-1.008892,-1.234287,0.666776,0.195191,0.396025,0.275809,0.095970,1.086878,-0.706309,0.315074
-0.606367,0.763819,0.249773,0.218232,0.538800,0.428431,-1.401945,0.534365,0.985190,0.138825,0.366427,0.335926,0.915155,0.722426,0.215370,0.216736,0.128504,0.604177,-1.458207,0.809831,0.657235,-0.685718,-1.723558,0.777025,-0.679931,-0.663303,0.837293,0.223097,-0.879120,-0.292510,0.439048,0.500493,168.968334,1.401061,-1.782414,0.594400,0.182234,1.057134,-1.013275,-1.377985,0.655308,0.225775,0.546188,0.597717,0.095970,0.736690,-0.706309,0.257313
-0.247721,0.699054,0.647769,0.259735,0.548733,0.388817,-1.448661,0.300705,0.841070,0.354739,0.179670,0.525676,0.887046,1.456853,0.394726,0.272988,0.309326,0.957059,-1.372704,1.294147,0.657235,-0.609019,-1.556664,1.104515,-0.690413,-0.797638,1.209548,0.312930,0.054003,-0.916120,2.521381,0.278300,233.229843,1.303350,-1.804657,0.428520,0.300887,1.213876,-0.710685,0.004157,0.179346,0.478325,0.396093,0.167529,0.670370,1.404849,-0.877103,0.651546
0.148130,0.894335,2.969051,0.117720,0.590374,0.346207,-1.259102,0.488082,0.331709,0.042370,0.132664,0.269949,0.650599,-0.104679,0.105617,0.106822,0.022627,0.264937,-1.252154,0.574892,0.034213,-0.345489,-1.002621,0.245408,-0.074673,-0.047552,0.771749,0.079420,-0.684221,-0.772493,0.262205,0.073990,777.655281,1.199256,-1.506268,0.041695,0.232616,1.534948,-0.404340,0.730645,0.073376,0.008277,0.346702,0.263328,-0.361038,0.421353,-0.474810,0.436990
-0.589811,0.707462,2.041783,0.259335,0.686559,0.350984,-0.953175,0.752856,0.168666,0.093566,0.264318,0.429943,0.904580,0.738848,0.306805,0.182166,0.106998,0.354717,-0.593693,0.796573,0.104124,-0.660570,-1.450486,0.643567,-0.781302,-0.450825,0.768896,0.158244,-0.866094,-0.378438,0.480474,0.237900,707.032080,0.609682,-1.604396,0.160194,0.254423,2.027269,-0.977992,-1.076663,0.648754,0.211667,0.351035,0.256330,0.075253,1.186648,-0.725354,0.367503
-0.589811,0.677769,0.264055,0.282019,0.531436,0.389671,-1.364191,0.535662,0.942009,0.136061,0.411272,0.327710,0.904580,0.738848,0.172688,0.213915,0.165273,0.807481,-1.375016,0.819839,0.816320,-0.660570,-1.515558,0.668190,-0.781302,-0.450825,0.754012,0.184582,-0.855537,-0.256484,0.480474,0.495199,166.629672,1.297487,-1.702669,0.587240,0.200119,1.186483,-0.978037,-1.201554,0.597224,0.221963,0.369123,0.604787,0.075253,0.842819,-0.725354,0.313310
-0.277297,0.627701,1.201924,0.360621,0.558246,0.376881,-1.332244,0.315260,0.884775,0.267628,0.269096,0.233277,0.812413,1.408392,0.336357,0.283451,0.328482,0.401596,-1.256590,0.824308,0.816320,-0.723133,-1.767386,0.923943,-0.989250,-0.567668,1.043108,0.271924,0.205792,-0.729684,2.028245,0.296583,333.932324,1.210521,-1.580445,0.457358,0.315691,2.271826,-0.645399,-0.080180,0.215573,0.392328,0.497440,0.128952,0.947924,1.569056,-1.228277,0.792951
0.128991,0.689047,2.720301,0.093722,0.566655,0.483784,-1.123308,0.399302,0.514552,0.027843,0.089958,0.186447,0.686293,-0.115929,0.130585,0.057185,0.018808,-0.033895,-0.910492,0.568712,0.063585,-0.433262,-1.330506,0.788701,-0.039730,0.017738,0.865153,0.061192,-0.604857,-0.630385,0.244210,0.142628,637.033254,0.966896,-1.430920,0.038709,0.197654,1.756537,-0.357824,0.503521,0.113390,0.008099,0.532165,0.318773,-0.383265,0.511983,-0.435598,0.444941
-0.234550,0.658268,1.322840,0.408706,0.645820,0.310891,-1.556344,0.577821,0.228895,0.086338,0.272563,0.266389,0.812111,0.828844,0.306160,0.181879,0.096169,-0.299944,-1.539507,0.784042,0.068618,-0.787481,-1.494390,1.678662,-0.631555,-0.493437,0.865153,0.145863,-0.766906,-0.470091,0.388929,0.205118,467.225632,1.494256,-1.680607,0.122898,0.232730,1.324197,-1.073560,-1.157573,0.619645,0.195266,0.155622,0.259374,-0.032512,1.529612,-0.480304,0.396293
-0.234550,0.720984,0.273994,0.323061,0.477955,0.363252,-1.422772,0.481881,0.940747,0.100905,0.300827,0.350342,0.812111,0.828844,0.224834,0.272174,0.157659,0.483757,-1.378492,0.784474,0.451793,-0.787481,-1.303912,2.205279,-0.631555,-0.493437,0.725455,0.165515,-0.752487,-0.438457,0.433058,0.523979,173.001126,1.286049,-1.860621,0.524290,0.197908,1.132536,-1.073560,-1.244424,0.553902,0.222525,0.168361,0.544519,-0.032512,0.453840,-0.480304,0.211810
-0.000604,0.674034,1.254489,0.389289,0.517623,0.352243,-1.314668,0.260953,0.776803,0.225441,0.217563,0.496295,0.811464,0.873609,0.319670,0.379024,0.340623,0.903004,-1.242277,0.680422,0.431305,-1.108023,-1.630013,0.473826,-0.990983,-0.580971,0.997770,0.311291,0.167475,-0.942291,1.226103,0.393932,342.883998,1.197833,-1.898160,0.412756,0.461540,1.752817,-0.734951,-0.077894,0.204159,0.344035,0.405323,0.140034,0.894046,0.976359,-1.420604,1.240507
0.200484,0.867250,3.038709,0.082386,0.570968,0.222315,-1.250211,0.375113,0.342811,0.032851,0.105983,0.140792,0.648364,-0.121163,0.167777,0.064400,0.024398,-0.359112,-1.249266,0.586170,0.036937,-0.564374,-1.235876,0.303205,-0.057395,0.016293,1.003594,0.070193,-0.637768,-0.616910,0.260229,0.222404,812.531618,1.145454,-1.785162,0.041720,0.166835,1.830093,-0.374840,0.696250,0.080212,0.009821,0.251810,0.272750,-0.353601,0.715846,-0.399840,0.479017
-0.624861,0.685408,1.455113,0.382675,0.654127,0.364767,-1.478032,0.684510,0.127275,0.084642,0.271854,0.206822,0.828164,0.550483,0.223289,0.155988,0.111909,-0.303120,-1.395904,0.754703,0.091420,-0.659258,-1.487792,1.361339,-0.684126,-0.439102,0.720958,0.132244,-0.843163,-0.312292,0.517115,0.233591,537.289994,1.225824,-1.781637,0.120694,0.235088,1.832575,-1.136823,-1.107147,0.641663,0.179631,0.457413,0.242797,0.044871,1.716258,-0.533833,0.366673
-0.624861,0.686125,0.283763,0.311763,0.414543,0.412034,-1.417754,0.563090,0.801988,0.083973,0.294468,0.250154,0.828164,0.550483,0.138283,0.232216,0.149399,0.256285,-1.416638,0.781324,0.401452,-0.659258,-1.626971,1.723219,-0.684126,-0.314776,0.720958,0.145794,-0.785143,-0.469602,0.517115,0.455662,181.280144,1.286927,-1.879680,0.459858,0.230016,1.076779,-1.136823,-1.192075,0.513328,0.193000,0.259741,0.485670,0.044871,0.527668,-0.533833,0.412485
-0.019358,0.737188,1.277455,0.375789,0.506406,0.262265,-1.449528,0.213073,0.597016,0.221497,0.183570,0.625682,0.746719,0.950214,0.285291,0.272701,0.230751,0.536582,-1.534632,0.669928,0.365077,-0.622476,-1.626432,0.377218,-0.864284,-0.898830,0.692523,0.284723,0.117264,-0.907144,2.178350,0.212402,341.277349,1.360987,-1.858614,0.335246,0.304119,1.479772,-0.601710,0.250225,0.123533,0.287877,0.279773,0.101893,0.728813,1.354123,-0.684909,0.655834
0.372775,0.858249,2.848481,0.081136,0.514177,0.163255,-1.362746,0.310695,0.263491,0.037800,0.108295,0.325226,0.547015,-0.090935,0.126684,0.096476,0.022401,-0.297210,-1.281371,0.607355,0.065752,-0.564476,-1.395375,0.837865,-0.056446,-0.020705,0.835244,0.069662,-0.727880,-0.527624,0.310611,0.289518,661.713270,1.240915,-1.542142,0.016584,0.166710,1.879160,-0.371133,0.716512,0.059995,0.008247,0.233317,0.277367,-0.340033,0.735559,-0.857125,0.453718
-0.563366,0.649934,1.556612,0.443545,0.606341,0.498657,-1.406162,0.668299,-0.265799,0.072296,0.250702,0.370122,0.806504,0.602326,0.273922,0.184042,0.129599,-0.297210,-1.421897,0.610344,0.317773,-0.675894,-1.528541,0.885172,-0.615508,-0.511994,0.662569,0.133444,-1.032534,-0.322935,0.361502,0.459161,546.132054,1.310712,-1.692047,0.078039,0.266093,1.797849,-1.031366,-0.633789,0.423402,0.156352,1.021607,0.204415,0.172759,2.050721,-0.748378,0.739362
-0.563366,0.562981,0.290875,0.385430,0.407772,0.763705,-1.446668,0.624316,0.716543,0.073055,0.268824,0.371173,0.806504,0.602326,0.203470,0.211903,0.159258,0.725134,-1.527294,0.748357,0.359827,-0.590402,-1.693065,1.025257,-0.615508,-0.291052,0.753825,0.111128,-0.974598,-0.199534,0.361502,0.560898,183.941052,1.387495,-1.922398,0.448107,0.286477,1.081006,-1.143631,-1.005774,0.439306,0.168484,0.711830,0.548411,0.172759,0.562252,-0.638589,0.739362
-0.220473,0.729186,0.545731,0.271361,0.488084,0.383879,-1.276707,0.228317,0.643128,0.239785,0.172886,0.436474,0.791709,1.210331,0.307644,0.240335,0.213725,0.925451,-1.218795,0.889987,0.356544,-0.707132,-1.697579,0.626596,-0.716874,-0.618007,0.940584,0.262469,0.168723,-0.847440,2.324369,0.249436,204.247821,1.085383,-1.729469,0.344181,0.212464,1.845877,-0.626321,0.252740,0.143269,0.352777,0.458458,0.098420,0.361640,1.136859,-0.827463,0.454681
0.226800,0.838997,3.118555,0.036234,0.561805,0.342058,-1.516836,0.397755,0.223327,0.033800,0.109193,0.206228,0.620701,-0.125101,0.127305,0.056106,0.012676,-0.149558,-1.608523,0.581490,0.016138,-0.364481,-1.162169,0.266834,-0.050959,0.114244,0.747394,0.060971,-0.680271,-0.505699,0.254494,0.223891,786.061901,1.475234,-1.247390,0.025260,0.116766,0.939482,-0.374023,0.688137,0.071864,0.003461,0.231109,0.251981,-0.396740,0.152712,-0.314388,0.287341
-0.255519,0.652910,1.376096,0.317554,0.651876,0.521105,-1.405151,0.640604,0.118268,0.078250,0.219077,0.200762,0.871212,0.781085,0.264204,0.138239,0.104163,-0.084130,-1.434690,0.743299,-0.004057,-0.787286,-1.375246,0.970246,-0.627391,-0.434043,0.861645,0.143860,-0.950447,-0.332042,0.396606,0.337103,509.542248,1.330414,-1.557635,0.130858,0.227384,1.999460,-0.862906,-0.967075,0.588437,0.184489,0.347760,0.272058,0.096662,0.597217,-0.795971,0.343500
-0.255519,0.628328,0.258050,0.294120,0.476505,0.549960,-1.252117,0.436361,0.914645,0.115552,0.365802,0.435076,0.871212,0.781085,0.141009,0.220976,0.163317,0.721786,-1.193525,0.761049,0.766486,-0.787286,-1.415640,1.568159,-0.627391,-0.445446,0.861645,0.192102,-0.936778,-0.408672,0.396606,0.597726,164.178627,1.152983,-1.818536,0.529286,0.194494,1.227006,-0.933675,-1.045537,0.560259,0.204189,0.376758,0.569353,0.096662,0.528322,-0.795971,0.364265
-0.258107,0.687594,1.346549,0.380696,0.543324,0.335387,-1.335852,0.290530,0.671292,0.213238,0.192170,0.309586,0.786522,1.028679,0.309937,0.212403,0.239232,0.753557,-1.320287,0.702924,0.702868,-0.432295,-1.487845,0.858719,-0.562332,-0.949098,0.845216,0.264469,0.147138,-0.853569,1.649956,0.196290,394.091724,1.173146,-1.681658,0.350381,0.272236,1.581340,-0.566501,0.260289,0.113508,0.322972,0.283025,0.108549,0.571274,1.308304,-1.108813,0.364265
0.276550,0.747587,2.855146,0.026395,0.543293,0.322569,-1.185167,0.290626,0.295803,0.029682,0.058640,0.190383,0.659981,-0.124053,0.071806,0.073677,0.010491,-0.302726,-1.331913,0.576512,0.037692,-0.381273,-1.136245,0.342156,-0.094048,0.128988,0.621674,0.062416,-0.651517,-0.524469,0.259817,0.145264,720.768922,1.176420,-1.529317,0.047293,0.118334,1.902111,-0.360162,0.670865,0.038846,0.008208,0.191224,0.278002,-0.384124,0.496910,-0.272678,0.252532
-0.548687,0.632505,1.375211,0.246328,0.658053,0.307267,-1.173481,0.627555,0.106737,0.075819,0.181566,0.235404,0.885048,0.735918,0.272053,0.129438,0.097164,-0.039118,-1.219049,0.706734,-0.001671,-0.625223,-1.437668,0.414903,-0.661377,-0.431346,0.732960,0.140141,-0.859038,-0.426850,0.418513,0.274421,530.578571,1.118776,-1.690107,0.138644,0.193097,2.052108,-0.966340,-1.117993,0.592147,0.162508,0.242401,0.247404,-0.007626,1.201276,-0.692905,0.287487
-0.548687,0.670419,0.246121,0.268932,0.481119,0.344686,-1.487964,0.548734,0.873477,0.103441,0.326311,0.293930,0.885048,0.735918,0.194456,0.153048,0.121298,0.492515,-1.420338,0.762607,0.745813,-0.625223,-1.741375,0.414903,-0.661377,-0.423525,0.732960,0.150474,-0.837598,-0.212930,0.418513,0.463287,151.867791,1.198925,-1.798149,0.534029,0.138914,1.223075,-0.967491,-1.237792,0.556186,0.178643,0.265693,0.553426,-0.007626,0.365378,-0.692905,0.165130
-0.270064,0.665129,0.878005,0.269645,0.552957,0.273393,-1.402763,0.342454,0.730494,0.222698,0.174388,0.289352,0.794330,0.904042,0.340678,0.199273,0.217920,0.585134,-1.575763,0.902896,0.745813,-0.445934,-1.557974,0.703254,-0.578425,-0.791478,1.092065,0.266630,0.123803,-0.689203,1.527305,0.176314,239.292688,1.358230,-1.865442,0.448339,0.181006,0.780257,-0.708347,-0.051994,0.215192,0.305040,0.373627,0.131059,0.303339,0.865891,-0.664542,0.422346
0.139635,0.840955,3.353427,0.048477,0.558520,0.413513,-1.359620,0.369837,0.370904,0.025916,0.131283,0.288784,0.709065,-0.116708,0.124017,0.057663,0.014644,-0.135700,-1.325208,0.575051,0.042131,-0.314082,-1.115182,0.523688,-0.092551,-0.025143,0.828309,0.048102,-0.653694,-0.664218,0.244925,0.191319,861.365774,1.314451,-1.505511,0.078123,0.126260,2.304088,-0.360926,0.659616,0.104611,0.006558,0.238729,0.299353,-0.378385,0.712148,-0.424681,0.307668
-0.633465,0.687262,1.452455,0.248122,0.666314,0.340993,-1.313070,0.681908,0.107823,0.084057,0.224229,0.373499,0.850156,0.603376,0.278862,0.148488,0.093103,0.089943,-1.149265,0.768404,0.064575,-0.512665,-1.494835,0.390321,-0.609775,-0.642088,0.685685,0.128686,-0.858237,-0.354005,0.490622,0.201183,532.608579,1.070996,-1.696069,0.160214,0.148877,1.877138,-1.090293,-1.236209,0.690152,0.200356,0.389920,0.229270,0.078656,1.339698,-0.655494,0.340103
-0.633465,0.765243,0.265495,0.253876,0.421220,0.315077,-1.321053,0.536836,0.830949,0.080040,0.276785,0.242339,0.850156,0.603376,0.095448,0.154660,0.118011,0.276897,-1.108917,0.771660,0.634192,-0.512665,-1.555070,0.328378,-0.609775,-0.278264,0.700228,0.173823,-0.790487,-0.392443,0.490622,0.398229,175.680747,1.072450,-1.838375,0.459658,0.125105,1.166579,-1.090293,-1.355575,0.619995,0.210013,0.348519,0.493479,0.078656,0.726247,-0.655494,0.151629
-0.615882,0.862248,1.994801,0.350948,0.519843,0.248277,-1.333750,0.304305,0.607012,0.308987,0.173023,0.270159,0.792065,1.732466,0.280750,0.242512,0.265262,0.668706,-1.426706,1.233022,0.395388,-0.535776,-1.617551,1.047455,-0.701780,-1.041715,0.822358,0.307879,-0.111571,-1.030162,2.621146,0.176800,533.110325,1.340429,-1.748562,0.272291,0.280119,2.011119,-0.606351,0.553688,0.085759,0.409007,0.288924,0.171033,0.711218,1.619649,-0.904840,0.326769
0.050262,0.993785,3.289135,0.043787,0.541851,0.386678,-1.162409,0.391027,-0.034445,0.042796,0.067919,0.237237,0.637610,-0.081319,0.094313,0.071284,0.019022,-0.067428,-1.300298,0.578260,0.033314,-0.258798,-1.310851,0.127098,-0.096249,0.087994,0.664249,0.070370,-0.706968,-0.586858,0.278775,0.101446,840.507243,1.197438,-1.491576,0.037904,0.115750,0.714534,-0.364313,0.861011,0.064046,0.010303,0.223441,0.192069,-0.364759,0.449818,-0.214741,0.308832
0.168100,0.706874,0.726607,0.210892,0.568989,0.224934,-1.239203,0.462598,0.259527,0.056795,0.188610,0.346216,0.865980,0.381346,0.293611,0.154908,0.072930,0.270137,-1.214767,0.856533,0.492888,-0.330776,-1.646750,0.132042,-0.619319,-0.306783,0.747572,0.149136,-0.850595,-0.276233,0.470741,0.374404,300.498854,1.129246,-1.758235,0.366276,0.160731,1.501272,-0.964027,-1.037966,0.753771,0.133052,0.171003,0.394288,-0.244007,1.424373,-0.417578,0.189754
0.506269,0.902160,0.274605,0.280451,0.324714,0.208145,-0.774383,0.175877,0.250358,0.159581,0.155034,0.176234,0.451419,0.023618,0.131475,0.122058,0.081253,0.305410,-0.882311,0.654771,0.365243,-0.379409,-1.166219,-0.007933,-0.060157,-0.680631,0.690889,0.125217,-0.691152,-0.636537,0.443864,0.522795,169.207516,0.674387,-1.596192,0.083511,0.128416,1.180774,-0.439545,0.128901,0.303786,0.105833,0.252762,0.278412,-0.309852,0.281489,-0.601781,0.223656
0.635979,1.229847,0.232020,0.004786,0.377835,0.063469,-1.017151,0.016516,-0.621613,0.004541,0.011161,0.056054,0.381240,-0.132394,0.010756,0.013650,0.003179,-0.118622,-1.197071,0.546870,0.015497,-0.051019,-0.764289,-0.346106,0.005058,0.187291,0.418399,0.009833,-0.695464,-0.132962,0.229386,0.060547,120.130899,1.057584,-1.686932,0.001508,0.018566,1.160815,-0.366596,1.197185,0.014521,0.001188,0.096573,0.019140,-0.427243,0.015135,0.002668,-0.034947
0.694788,1.199813,0.267021,0.003562,0.369741,0.049993,-0.939054,0.009432,-0.624953,0.002147,0.011221,0.049901,0.373996,-0.131833,0.018386,0.010400,0.001992,-0.236385,-1.074451,0.546026,0.023880,-0.075322,-0.802578,-0.356270,0.011016,0.196993,0.443876,0.007113,-0.673136,-0.115586,0.228422,0.064943,150.157441,0.900792,-1.647189,0.002244,0.014495,0.930010,-0.364537,1.165714,0.012961,0.000956,0.140380,0.012671,-0.432153,0.153140,-2.732396,-0.044438
0.699558,0.772321,0.549795,0.246460,0.478244,0.457844,-1.288250,0.204457,0.853430,0.044484,0.176769,0.124506,0.621018,0.113801,0.064969,0.084510,0.026033,-0.368529,-1.165633,0.693258,0.023201,-0.503063,-1.174119,0.855808,-0.342859,-0.109737,0.583618,0.080316,-0.673136,-0.091560,0.404612,0.771063,233.075568,1.264298,-1.541517,0.100785,0.129522,1.604827,-0.524801,-0.680412,0.623410,0.057834,0.192166,0.492723,-0.304001,0.302480,-2.732396,-0.004514
0.427876,0.419988,0.237498,0.214707,0.327839,0.285701,-1.329378,0.231866,0.917499,0.050684,0.167772,0.142743,0.621018,0.113801,0.090715,0.102266,0.044609,-0.195410,-1.197966,0.693258,0.013980,-0.503063,-1.361483,0.855808,-0.410780,-0.109737,0.660291,0.125703,-0.323959,-0.288163,0.444961,0.450864,156.878329,1.161954,-1.696209,0.319102,0.118830,0.799741,-0.704102,-0.715383,0.468292,0.068444,0.244042,0.361854,-0.304001,0.402555,-0.274850,-0.018749
0.099125,0.419061,0.292773,0.196571,0.309756,0.167665,-1.107599,0.234314,0.850109,0.079592,0.175438,0.313853,0.622859,0.579050,0.222155,0.169649,0.157189,0.307201,-1.206956,0.632283,0.056605,-0.492508,-1.640313,0.385277,-0.519864,-0.410637,0.660291,0.131240,0.347258,-0.408027,0.294530,0.164428,127.915069,1.107199,-1.717600,0.305128,0.131852,1.150333,-0.704102,-0.517222,0.351760,0.184900,0.109707,0.172233,0.435534,0.626622,-0.616539,0.088767
0.099125,0.541591,0.670691,0.153010,0.514258,0.188757,-1.104562,0.276620,0.420809,0.069790,0.131950,0.154093,0.622859,0.579050,0.265621,0.157369,0.145139,0.307201,-1.215174,0.632283,0.056605,-0.511816,-1.676136,0.385277,-0.519864,-0.410637,0.854554,0.122974,-0.095130,-0.443437,0.294530,0.131619,216.305638,1.119922,-1.477486,0.045477,0.224323,1.702722,-0.392332,0.421848,0.088412,0.165006,0.312142,0.155388,0.435534,0.626622,-8.331040,0.314512
0.809192,0.519132,1.050057,0.042128,0.558509,0.449166,-1.134903,0.326936,0.060465,0.039671,0.090413,0.181059,0.597382,-0.105846,0.202877,0.044501,0.011466,-0.114843,-0.791611,0.577216,-0.004587,-0.386491,-1.289635,-0.155869,-0.204447,-0.220335,0.703414,0.065788,-0.240469,-0.312500,0.251933,0.158213,304.357358,0.764269,-1.569466,0.027403,0.092670,1.848574,-0.378872,0.361990,0.058880,0.009620,0.238112,0.085819,-0.398374,0.251575,-0.181600,0.239746
0.990173,0.271206,0.571815,0.581249,0.287396,0.292822,-1.267304,0.188533,0.787340,0.070415,0.395244,0.175078,0.644607,0.548179,0.093832,0.397986,0.250126,0.205125,-1.283773,0.715762,0.145466,-1.058416,-1.481039,4.707895,-1.150675,-0.169490,0.589352,0.166864,-0.209918,-0.297264,0.487899,0.684939,255.136704,1.206315,-1.533220,0.285202,0.241452,1.530432,-0.728029,-0.447943,0.255725,0.131732,0.244248,0.291976,-0.000084,-0.112985,-0.987071,0.355421
0.813714,0.759248,0.762602,0.018394,0.384882,0.170044,-1.413460,0.045946,0.240874,0.013273,0.049731,0.157335,0.456091,-0.112987,0.156466,0.050569,0.006463,0.073725,-1.268653,0.568676,0.026899,-0.202791,-1.296896,-0.602878,-0.062402,0.039591,0.680632,0.036849,0.028804,-0.264775,0.239574,0.132623,283.191450,1.281348,-1.584057,0.050778,0.097480,1.710662,-0.371526,0.624885,0.040131,0.005038,0.218407,0.050905,-0.400217,0.146591,0.015769,0.197016
0.593541,1.218994,0.242683,0.005948,0.375407,0.090385,-0.794615,0.039841,-0.558635,0.003642,0.010854,0.071267,0.382769,-0.128756,0.025855,0.011030,0.002469,-0.107505,-0.944416,0.547526,0.023949,-0.083863,-1.094520,-0.292544,0.010094,0.190221,0.449662,0.005235,-0.661256,-0.126189,0.234755,0.034808,132.477882,0.671134,-1.671677,0.004896,0.021615,1.045334,-0.365224,1.191191,0.008781,0.001317,0.154331,0.030176,-0.431567,0.036494,-0.006952,-0.069802
0.694609,1.183374,0.272270,0.004375,0.358101,0.050484,-1.106172,0.014059,-0.576515,0.005891,0.013147,0.028405,0.376136,-0.120306,0.016548,0.008116,0.002860,-0.215275,-1.076882,0.551405,0.021033,-0.046535,-1.069061,-0.304858,0.009970,0.192499,0.440658,0.011941,-0.666344,-0.132240,0.236947,0.039126,141.136045,0.901400,-1.432792,0.023476,0.015675,1.036819,-0.364405,1.168143,0.008306,0.001916,0.058533,0.026460,-0.431416,0.114324,-0.006735,-0.073365
0.532338,0.829111,1.239395,0.216460,0.530799,0.266838,-1.228454,0.255311,1.100542,0.058004,0.119406,0.139765,0.891903,0.522995,0.099682,0.099032,0.059424,-0.040581,-1.206834,0.755275,0.258238,-0.438276,-1.160911,0.515439,-0.403793,-0.309790,0.619645,0.103119,-0.534759,-0.115958,0.507857,0.907237,412.017488,1.166833,-1.560626,0.250885,0.095570,2.183452,-0.720072,-1.001217,0.835557,0.110419,0.198266,0.574634,-0.141191,0.562225,-0.485348,0.082865
0.128040,0.665292,0.354650,0.214772,0.339381,0.375435,-1.391523,0.227067,1.138202,0.148043,0.157221,0.194640,0.801899,0.628386,0.131566,0.098199,0.133942,0.222482,-1.310673,0.755275,0.419179,-0.203285,-1.309690,0.668788,-0.568953,-0.512195,0.619645,0.182298,0.310901,-0.413642,1.544977,0.321484,180.016731,1.319986,-1.782151,0.383179,0.064677,1.372819,-0.730958,-1.001217,0.710740,0.220730,0.121810,0.213312,0.190443,0.653873,-0.489841,-0.060419
-0.437578,0.791154,0.449473,0.220960,0.556678,0.455068,-1.495320,0.261433,0.675964,0.141495,0.132009,0.260161,0.729690,0.724504,0.311253,0.132568,0.148620,0.482568,-1.545689,0.812817,0.192523,-0.222058,-1.477833,0.631590,-0.568953,-0.597624,0.920638,0.219803,0.100397,-0.547339,1.544977,0.087504,163.233981,1.452533,-1.681761,0.097622,0.175164,1.335238,-0.457100,0.689156,0.087733,0.239110,0.241179,0.181751,0.190443,0.653873,-0.829307,0.216224
0.253495,0.854998,3.758378,0.026706,0.547673,0.288879,-1.427534,0.415827,0.262060,0.033374,0.069255,0.275792,0.627143,-0.108562,0.130020,0.049441,0.012459,-0.038643,-1.512060,0.572522,0.011445,-0.332318,-1.257836,0.162187,-0.067585,0.094721,0.804318,0.058211,-0.664554,-0.483993,0.261008,0.143577,882.061603,1.269054,-1.602235,0.038160,0.109739,2.322615,-0.375230,0.736370,0.042917,0.005750,0.193442,0.276302,-0.390637,0.128068,-0.242199,0.261212
-0.398122,0.699905,2.557541,0.147204,0.669657,0.261764,-1.305522,0.669231,0.182455,0.079552,0.174886,0.299939,0.954309,0.626697,0.279215,0.151035,0.090361,0.059011,-1.275755,0.678647,0.007499,-0.464809,-1.700938,0.206248,-0.758317,-0.292037,1.040544,0.153074,-0.808796,-0.393621,0.362222,0.273717,796.090536,1.154687,-1.584964,0.138803,0.138115,2.244311,-0.853260,-1.077390,0.628483,0.158780,0.197805,0.250397,-0.019866,0.675984,-0.601582,0.281438
-0.398122,0.707824,0.269028,0.187150,0.531163,0.377913,-1.347146,0.464827,1.023382,0.136185,0.306119,0.305665,0.954309,0.626697,0.180247,0.185374,0.111852,0.459793,-1.215129,0.753417,0.684320,-0.464809,-1.732525,0.397584,-0.758317,-0.758688,1.040544,0.188704,-0.803968,-0.246434,0.362222,0.640658,181.800369,1.171152,-1.650289,0.588430,0.148792,0.976619,-0.981580,-1.256454,0.605625,0.184115,0.408362,0.601391,-0.019866,0.543158,-0.624834,0.189784
-0.325857,0.684045,0.826891,0.351175,0.536288,0.391393,-1.401677,0.326742,0.938694,0.258332,0.240091,0.267635,0.742303,0.762981,0.362445,0.210775,0.288176,0.547460,-1.475236,0.808257,0.664337,-0.467360,-1.542255,0.759170,-0.966833,-0.780275,1.073607,0.276673,0.089775,-0.889377,1.678900,0.340875,265.828621,1.334683,-1.594010,0.433172,0.278949,1.787965,-0.736041,-0.085175,0.207191,0.309180,0.298341,0.190730,0.776299,1.133506,-1.207339,0.445879
0.004469,0.806778,2.899276,0.030918,0.590324,0.246740,-1.299290,0.482221,0.341537,0.035193,0.040774,0.185380,0.659849,-0.114174,0.122566,0.058813,0.011094,-0.093427,-1.297610,0.575298,0.036984,-0.457988,-1.260761,0.455890,-0.040558,0.047131,0.779809,0.044760,-0.657701,-0.587437,0.254316,0.162171,712.382066,1.078160,-1.549111,0.032903,0.165833,1.863330,-0.373076,0.769443,0.021200,0.006012,0.362693,0.274010,-0.403708,0.525009,-0.238785,0.402219
-0.387388,0.669752,1.565448,0.209129,0.685693,0.306491,-1.353832,0.669576,0.253726,0.091007,0.240813,0.261737,1.006942,0.578119,0.237215,0.226548,0.101952,-0.041442,-1.222307,0.802260,0.168485,-0.910324,-1.556247,0.452541,-0.858806,-0.588881,0.831714,0.203554,-0.898745,-0.418438,0.437934,0.336994,565.590965,1.137154,-1.568887,0.164036,0.279496,1.855992,-0.940951,-1.329575,0.663780,0.191439,0.458049,0.277693,-0.050527,1.169456,-0.744094,0.726547
-0.387388,0.770819,0.268887,0.238735,0.512476,0.424738,-1.377533,0.441425,0.955707,0.133861,0.324225,0.262960,1.006942,0.578119,0.187901,0.241589,0.144010,0.401080,-1.362115,0.838553,0.618123,-0.910324,-1.758173,0.452541,-0.858806,-0.589537,0.831714,0.271850,-0.821199,-0.308389,0.437934,0.572338,164.761549,1.259426,-1.750744,0.577738,0.248120,1.113896,-1.004005,-1.380874,0.690503,0.231767,0.405206,0.550112,-0.050527,0.736377,-0.744094,0.726547
-0.370130,0.795036,0.653329,0.324527,0.513404,0.296393,-1.193230,0.270578,0.707603,0.272356,0.174575,0.348452,0.832597,1.116877,0.304144,0.204685,0.287855,0.844926,-1.329612,1.060135,0.549185,-0.411592,-1.334166,1.007499,-0.768343,-0.589537,1.061353,0.288722,-0.029516,-0.859342,2.264129,0.192610,205.396881,1.177503,-1.634858,0.310456,0.268983,1.284416,-0.562642,0.396412,0.095683,0.370273,0.306584,0.171802,0.752503,1.094702,-0.881760,0.698905
0.050878,0.970957,3.278077,0.035372,0.558482,1.228119,-1.294572,0.401154,0.174719,0.039598,0.062372,0.190370,0.679723,-0.104043,0.104578,0.056485,0.015379,-0.213767,-1.301042,0.572743,0.024535,-0.422389,-1.034757,0.112033,-0.083271,0.054666,0.685364,0.074701,-0.727426,-0.635959,0.258653,0.114423,827.327781,1.209807,-1.717528,0.058261,0.138449,1.378623,-0.383519,0.804677,0.070977,0.009533,0.286636,0.243071,-0.375055,0.454031,-0.267050,0.380965
-0.819887,0.741324,2.212976,0.128283,0.713066,0.204183,-1.482778,0.716160,0.251786,0.101311,0.174512,0.292949,0.899933,0.754323,0.272587,0.163327,0.094436,0.097493,-1.429190,0.711142,0.220911,-0.628732,-1.607464,0.059999,-0.807415,-0.412156,0.985499,0.194694,-0.872414,-0.325032,0.440814,0.384192,739.992522,1.265060,-1.703095,0.153870,0.204931,1.734911,-1.057281,-1.197041,0.681700,0.193002,0.262432,0.271390,-0.005800,1.226830,-0.706344,0.422521
-0.819887,0.741325,0.260692,0.180468,0.556396,0.403899,-1.472790,0.585814,1.116654,0.154993,0.279410,0.323562,0.899933,0.754323,0.246655,0.212670,0.136589,0.796317,-1.493303,0.766547,0.779653,-0.628732,-1.425767,0.574634,-0.807415,-0.690427,0.985499,0.235089,-0.868749,-0.320461,0.440814,0.769843,162.859765,1.368654,-1.770547,0.614370,0.213249,1.095672,-1.057281,-1.334015,0.640053,0.221843,0.146649,0.636375,-0.005800,0.152021,-0.706344,0.441551
-0.434866,0.623302,1.250698,0.337411,0.567734,0.474183,-1.235609,0.390522,0.959042,0.282058,0.241071,0.413445,0.787958,1.420289,0.446012,0.244053,0.286080,0.843609,-1.154402,0.893380,0.779653,-0.389195,-1.748306,1.073688,-0.829745,-0.867730,1.303081,0.306301,0.162525,-0.820181,2.105133,0.274844,351.174715,1.172064,-1.727994,0.467853,0.362569,2.093726,-0.732742,-0.176390,0.220302,0.381109,0.330027,0.177204,0.655584,0.483560,-1.456097,0.889994
0.074442,0.809959,2.886351,0.025235,0.573734,0.366239,-1.492939,0.435247,0.441948,0.027709,0.066277,0.259257,0.664831,-0.110995,0.126188,0.064739,0.013482,-0.109066,-1.766864,0.573057,0.055106,-0.392620,-1.186218,0.384487,-0.061704,0.048921,0.830783,0.038332,-0.663259,-0.681076,0.272672,0.178286,750.854438,1.503433,-1.550469,0.032670,0.179717,1.983143,-0.372625,0.621626,0.088650,0.004964,0.243590,0.310750,-0.366850,0.253226,-0.429269,0.444756
-0.325451,0.701411,1.444940,0.211100,0.671822,0.308577,-1.487355,0.636124,0.231993,0.081004,0.213837,0.341579,0.870264,0.674197,0.328208,0.145328,0.078109,0.079840,-1.462239,0.776833,0.007362,-0.803104,-1.492501,0.602662,-0.707144,-0.356481,1.047972,0.155063,-0.859365,-0.465876,0.443440,0.287205,538.479168,1.205912,-1.635675,0.150777,0.249657,1.883128,-0.859662,-1.116468,0.647572,0.179417,0.298903,0.283331,-0.017195,0.966107,-0.616482,0.360072
-0.325451,0.702673,0.242729,0.201635,0.492294,0.296276,-1.348205,0.447092,1.063721,0.110380,0.276851,0.233831,0.870264,0.674197,0.178666,0.170189,0.115981,0.292834,-1.373354,0.792789,0.564631,-0.803104,-1.475197,0.604736,-0.707144,-0.356481,1.047972,0.210792,-0.813178,-0.187851,0.443440,0.522845,151.328428,1.238652,-1.677772,0.549285,0.225945,1.012244,-0.993636,-1.238029,0.592185,0.203918,0.400907,0.577918,-0.017195,0.641965,-0.616482,0.356723
-0.320995,0.658326,1.264716,0.296409,0.528480,0.253550,-1.252970,0.306325,0.813955,0.278249,0.220850,0.384451,0.825054,1.333904,0.362759,0.241330,0.337709,0.717762,-1.221526,0.798254,0.564631,-0.771523,-1.572844,0.832593,-0.925187,-0.749339,1.030528,0.267916,0.131678,-0.806696,2.285139,0.236881,336.062340,1.119132,-1.897645,0.370040,0.350713,1.990003,-0.691787,0.154494,0.143697,0.405250,0.260094,0.155394,0.967494,1.473196,-0.991278,1.075726
0.310138,0.762264,2.578363,0.124162,0.565136,0.326976,-1.331348,0.335076,0.274291,0.028784,0.141928,0.311407,0.702543,-0.094145,0.105849,0.157422,0.040493,-0.346647,-1.283716,0.601802,0.040061,-0.510565,-1.160011,0.267480,-0.154870,0.051528,0.860464,0.069757,-0.649912,-0.586108,0.249828,0.155361,704.994065,1.141105,-1.610340,0.047005,0.307604,1.295907,-0.441560,0.585930,0.102319,0.019038,0.178260,0.280294,-0.335109,0.613813,-0.467374,0.446626
-0.271849,0.679453,1.345635,0.310753,0.664170,0.353429,-1.485531,0.598960,0.284387,0.090306,0.235897,0.311435,0.893003,0.880321,0.250072,0.169261,0.086847,-0.275668,-1.562704,0.772348,0.040061,-0.767494,-1.525548,1.195404,-0.651189,-0.524801,0.703991,0.164587,-0.818642,-0.460828,0.397482,0.220127,527.467065,1.338136,-1.727862,0.160557,0.280003,1.377236,-0.913898,-1.272544,0.682527,0.192440,0.252230,0.268020,-0.104902,1.530388,-0.519194,0.376275
-0.271849,0.746659,0.269862,0.263195,0.472604,0.354255,-1.298335,0.447986,1.000626,0.098662,0.274704,0.264512,0.893003,0.880321,0.126193,0.251100,0.149235,0.382845,-1.134779,0.783578,0.421168,-0.767494,-1.548986,1.789805,-0.651189,-0.495764,0.703991,0.201216,-0.804588,-0.401665,0.397482,0.433797,161.891446,1.033789,-1.809784,0.519517,0.187661,1.021048,-0.962069,-1.295582,0.621523,0.210337,0.235874,0.553931,-0.104902,0.419316,-0.519194,0.276198
-0.262128,0.751795,1.440129,0.396311,0.510845,0.284825,-1.289824,0.289414,0.704117,0.256397,0.249263,0.491334,0.770256,1.077214,0.302599,0.390833,0.310796,0.713480,-1.174934,0.747248,0.158005,-1.012462,-1.638248,0.639311,-1.238896,-0.750396,0.856546,0.288941,0.077362,-0.831560,1.931896,0.253255,380.752326,1.054967,-1.803755,0.325633,0.309660,0.868177,-0.659402,0.339403,0.096554,0.337010,0.334786,0.140360,0.695507,1.109770,-1.122448,0.617508
0.270457,0.874009,3.037214,0.047210,0.544021,0.232610,-1.401053,0.394744,0.211011,0.032971,0.101188,0.098761,0.601578,-0.112432,0.090193,0.085646,0.017318,-0.529157,-1.200608,0.582718,0.035913,-0.523680,-1.104127,0.452674,-0.074651,0.099547,0.726231,0.049911,-0.526421,-0.531484,0.262926,0.138164,773.830436,1.204844,-1.522239,0.042361,0.167285,1.978506,-0.372028,0.729998,0.059986,0.004858,0.345441,0.196661,-0.354974,0.697940,-0.533824,0.383165
-0.525290,0.688135,1.544098,0.330240,0.646733,0.286061,-1.424410,0.683218,0.237107,0.082812,0.240287,0.189016,0.839432,0.764220,0.236438,0.199913,0.097110,-0.005115,-1.405091,0.777347,0.002260,-0.764378,-1.221107,1.132674,-0.631520,-0.299565,0.769014,0.137756,-0.785776,-0.278775,0.399710,0.260530,572.615756,1.201495,-1.795237,0.128922,0.248113,1.749673,-1.117636,-1.210175,0.668865,0.193951,0.339559,0.253404,-0.036838,1.196424,-0.482734,0.366644
-0.525290,0.758117,0.252236,0.244730,0.420506,0.326448,-1.416934,0.548683,0.871688,0.080625,0.235886,0.246975,0.839432,0.764220,0.096681,0.248241,0.130666,0.198720,-1.414583,0.783787,0.429706,-0.713823,-1.685124,1.323692,-0.631520,-0.221712,0.769014,0.187954,-0.700839,-0.451099,0.399710,0.293387,157.194694,1.317035,-1.663521,0.460854,0.247906,1.172145,-1.117636,-1.266425,0.598089,0.213033,0.229674,0.442853,-0.036838,0.888426,-0.868775,0.508943
-0.014182,0.755191,1.986011,0.363889,0.521016,0.195275,-1.554468,0.194735,0.351793,0.158842,0.267216,0.426188,0.773145,0.788816,0.263447,0.311038,0.238860,0.311275,-1.759747,0.769078,0.372483,-0.693008,-1.549339,0.658534,-0.616170,-1.046298,0.676538,0.261142,-0.053357,-0.835908,1.682569,0.245609,525.060335,1.457793,-1.807734,0.258845,0.331174,1.781979,-0.575579,0.547291,0.074952,0.264046,0.231342,0.111069,0.420007,1.270813,-0.599811,0.745632
0.519655,0.849767,2.923729,0.072091,0.509938,0.309457,-1.340714,0.215562,0.093694,0.033432,0.087719,0.225144,0.560883,-0.120997,0.114924,0.086079,0.018873,-0.252700,-1.219092,0.582409,0.059506,-0.582407,-1.482031,0.736094,-0.078412,0.101883,0.761053,0.062802,-0.683453,-0.485869,0.260718,0.337951,746.510277,1.202177,-1.846005,0.025523,0.114176,1.739331,-0.359690,0.741715,0.052275,0.009938,0.185623,0.228858,-0.361246,0.612735,-0.689582,0.353740
-1.273321,0.637577,1.822828,0.468276,0.594537,0.606995,-1.511752,0.865975,-0.316432,0.083731,0.182036,0.616181,0.766634,0.584564,0.266793,0.151687,0.141570,0.841561,-1.647904,0.673396,0.290336,-0.835119,-1.868781,1.476161,-0.529223,-0.459839,0.761053,0.151349,-1.021564,-0.312226,0.384360,0.474855,626.596805,1.431884,-1.874732,0.072250,0.246947,0.921088,-1.226581,-0.656200,0.418172,0.156804,0.975938,0.201491,0.228877,1.823371,-0.666695,0.400678
-1.273321,0.615933,0.259915,0.460453,0.370484,0.741862,-1.385850,0.889299,0.821681,0.062085,0.319246,0.367204,0.766634,0.584564,0.177624,0.244264,0.179180,0.926197,-1.423696,0.766832,0.573198,-0.835119,-1.817317,1.653604,-0.529223,-0.251423,0.752408,0.129886,-0.936207,-0.264536,0.384360,0.298173,162.374483,1.283111,-1.353614,0.417175,0.285738,1.195152,-1.226581,-1.133339,0.430525,0.175439,0.541126,0.572701,0.228877,0.497106,-0.471941,0.400678
-0.307529,0.705949,0.872772,0.366864,0.467904,0.291525,-1.405144,0.266729,0.762174,0.241390,0.174943,0.376190,0.748856,1.038186,0.300821,0.265787,0.222852,0.598281,-1.481361,0.866622,0.307823,-0.383308,-1.499013,0.502791,-0.779423,-1.001599,0.814310,0.258710,0.240676,-0.858051,2.097721,0.119787,261.431495,1.316856,-1.877246,0.337455,0.230614,1.949427,-0.592003,0.143506,0.175639,0.341385,0.340899,0.144526,0.414364,0.888549,-0.886368,0.335387
0.203457,0.860812,2.977427,0.019797,0.565638,0.286404,-1.393658,0.459780,0.256471,0.038934,0.036821,0.181243,0.616907,-0.109441,0.104464,0.045982,0.009698,-0.207883,-1.282325,0.570483,0.032883,-0.409839,-1.257940,0.225703,-0.032542,0.052381,0.785993,0.072151,-0.570042,-0.551218,0.256468,0.161612,747.227365,1.166310,-1.743923,0.038702,0.126998,2.149576,-0.376327,0.736238,0.066390,0.004402,0.177020,0.231793,-0.424828,0.307461,-0.279480,0.318096
-0.360879,0.647885,1.688543,0.330001,0.644027,0.313392,-1.558449,0.703600,0.227497,0.077893,0.243212,0.184641,0.852654,0.674331,0.307092,0.140243,0.095735,-0.057990,-1.669664,0.723752,0.120599,-0.673082,-1.575724,0.913561,-0.478482,-0.382450,0.912483,0.145378,-0.862846,-0.295706,0.482309,0.299481,594.943651,1.529227,-1.774393,0.126764,0.211222,2.114000,-0.960694,-1.046001,0.608247,0.184339,0.114660,0.272496,0.054833,1.012127,-0.473103,0.414692
-0.360879,0.662319,0.257214,0.299469,0.448252,0.378775,-1.322641,0.470135,0.911547,0.098573,0.337270,0.277390,0.852654,0.674331,0.130845,0.198368,0.128674,0.376552,-1.274439,0.760532,0.569267,-0.673082,-1.480432,0.942627,-0.478482,-0.219167,0.912483,0.182981,-0.844119,-0.198241,0.482309,0.387002,157.578268,1.067556,-1.816226,0.507652,0.188518,1.131300,-0.960694,-1.136541,0.556955,0.207464,0.192020,0.538494,0.054833,0.671063,-0.486119,0.299192
-0.241514,0.614230,1.524253,0.264997,0.517501,0.373616,-1.317322,0.326074,0.714815,0.158852,0.149034,0.258680,0.737085,0.684849,0.347171,0.162905,0.228969,0.482587,-1.349772,0.611966,0.338101,-0.426307,-1.654055,0.726500,-0.619781,-1.020562,0.931936,0.194880,0.198649,-0.677796,0.783317,0.208231,416.026264,1.359142,-1.547084,0.306214,0.287546,1.713147,-0.590968,0.292176,0.090682,0.260130,0.310448,0.133058,0.672126,1.261339,-0.939423,0.402562
0.263007,0.770468,3.449822,0.021742,0.550595,0.325474,-1.369443,0.323810,0.340154,0.024788,0.090115,0.203635,0.645829,-0.123552,0.072719,0.052887,0.010038,-0.264800,-1.263431,0.579802,0.015965,-0.446288,-1.078801,0.414154,-0.040445,0.083483,0.729845,0.047379,-0.649813,-0.583255,0.239866,0.106618,894.463702,1.128498,-1.671065,0.053491,0.157188,2.145049,-0.360007,0.613142,0.083045,0.006444,0.257713,0.300567,-0.382905,0.347352,-0.352644,0.320669
-0.504131,0.654341,1.550384,0.252901,0.661576,0.295134,-1.430105,0.630812,0.000261,0.076125,0.223661,0.272576,0.889024,0.835818,0.245777,0.123306,0.097490,0.109771,-1.345714,0.741762,0.008631,-0.525664,-1.470877,0.461993,-0.642618,-0.328374,0.970566,0.122504,-0.877182,-0.444141,0.370875,0.290188,547.693706,1.009663,-1.758208,0.130661,0.174193,2.155355,-0.910342,-1.095832,0.616147,0.171702,0.176271,0.220835,0.095519,1.114227,-0.541754,0.338086
-0.504131,0.673863,0.248790,0.260117,0.484343,0.365419,-1.254634,0.521579,0.780333,0.105251,0.344831,0.252399,0.889024,0.835818,0.156882,0.158240,0.114853,0.591522,-1.085198,0.749757,0.661867,-0.525664,-1.740046,0.553229,-0.642618,-0.579579,0.970566,0.134355,-0.877037,-0.367159,0.370875,0.547805,152.534280,0.987740,-1.875942,0.534802,0.119619,1.101221,-0.928439,-1.223633,0.542310,0.191103,0.193361,0.565261,0.095519,0.347551,-0.541754,0.188654
-0.349749,0.664190,1.235859,0.259619,0.537265,0.328053,-1.357153,0.347875,0.703014,0.239373,0.151053,0.347823,0.761116,0.698268,0.373648,0.179491,0.190901,0.689036,-1.314701,0.855735,0.661867,-0.397525,-1.663494,0.760782,-0.703162,-0.866188,1.127342,0.275118,0.065426,-0.814350,1.716030,0.228432,333.698576,1.207558,-1.921937,0.430170,0.238288,1.223790,-0.620073,-0.068461,0.214293,0.298170,0.342597,0.144818,0.440418,0.939230,-1.005693,0.387513
0.027970,0.907965,3.613273,0.039412,0.572576,0.409933,-1.458913,0.444199,0.344468,0.030138,0.085665,0.166004,0.646364,-0.112394,0.092382,0.068779,0.012007,-0.201779,-1.668453,0.560856,0.003622,-0.336217,-1.165264,0.450354,-0.052251,0.045494,0.689155,0.047479,-0.679650,-0.689225,0.241733,0.181424,823.087402,1.455922,-1.613747,0.038890,0.181533,2.096583,-0.376292,0.708190,0.097709,0.004899,0.228109,0.288785,-0.396568,0.033353,-0.278435,0.475735
-0.506488,0.724042,1.403298,0.214486,0.672544,0.396797,-1.337291,0.685547,0.110872,0.075119,0.226346,0.257983,0.908956,0.520877,0.287798,0.119860,0.079579,-0.022955,-1.242885,0.785323,0.232436,-0.667424,-1.567139,0.624937,-0.665444,-0.411832,0.769672,0.129477,-0.900770,-0.392831,0.386263,0.217171,526.102894,1.179968,-1.702058,0.164811,0.185159,1.827571,-0.900626,-1.203752,0.707220,0.166156,0.401389,0.242156,-0.012715,0.844892,-0.692576,0.300205
-0.506488,0.758863,0.249430,0.203709,0.412383,0.424165,-1.275656,0.501443,0.867217,0.090710,0.265361,0.256005,0.908956,0.520877,0.077695,0.133048,0.108974,0.504378,-1.250017,0.786985,0.652444,-0.471163,-1.638528,0.192769,-0.665444,-0.272382,0.703269,0.201846,-0.787371,-0.376613,0.386263,0.424852,164.197805,1.161915,-1.837251,0.460861,0.163698,1.010050,-0.977474,-1.258892,0.638960,0.209661,0.315718,0.485135,-0.012715,0.658375,-0.692576,0.234990
-0.487131,0.831552,2.332242,0.290515,0.533794,0.364137,-1.427178,0.256483,0.476740,0.235578,0.141024,0.311210,0.721611,0.748731,0.284779,0.241505,0.190636,0.535073,-1.403100,0.825824,0.376075,-0.437635,-1.483907,0.866116,-0.447040,-1.039110,0.695927,0.233104,-0.047042,-0.858053,2.158332,0.166985,572.930759,1.271516,-1.802944,0.178957,0.243120,2.346734,-0.437143,0.702078,0.040630,0.245603,0.376633,0.164134,0.560758,1.402834,-0.656606,0.439150
0.171839,0.923015,3.089607,0.021381,0.535834,0.321731,-1.448916,0.392172,-0.017205,0.027188,0.049921,0.176492,0.563944,-0.113782,0.081078,0.054243,0.010260,-0.098733,-1.515434,0.572023,0.007010,-0.187643,-1.161019,0.177741,-0.041444,0.135429,0.629955,0.033283,-0.679588,-0.538636,0.252565,0.075655,791.599918,1.270625,-1.533131,0.018091,0.134554,1.666205,-0.374027,0.864621,0.021635,0.004573,0.189322,0.207802,-0.378815,0.269272,-0.257109,0.270291
-0.062601,0.698226,0.430338,0.241761,0.542978,0.180675,-1.468823,0.575248,0.513626,0.066839,0.186052,0.239358,0.826520,0.629616,0.274939,0.150648,0.082453,0.185505,-1.411837,0.829767,0.487964,-0.390089,-1.490687,0.223005,-0.460521,-0.204039,0.872628,0.125304,-0.769318,-0.241408,0.393301,0.343319,229.276988,1.230262,-1.799390,0.402407,0.187057,1.364265,-1.054197,-1.056439,0.733098,0.145658,0.127965,0.459946,-0.160714,0.773983,-0.104573,0.269762
0.414586,1.023254,0.313583,0.042966,0.335993,0.148282,-0.927125,0.133665,0.059019,0.041037,0.052117,0.119984,0.433659,-0.043422,0.080972,0.135886,0.039437,0.094579,-0.969184,0.627409,0.171615,-0.304651,-1.114892,0.099973,-0.038046,-0.399176,0.545320,0.081141,-0.629387,-0.570490,0.453524,0.459272,193.930204,0.821781,-1.593821,0.050450,0.134260,1.363671,-0.438656,0.403213,0.286446,0.016230,0.150819,0.206216,-0.095094,0.084349,-0.602684,0.361690
0.474383,1.278957,0.234248,0.003498,0.371013,0.026679,-0.931540,0.037338,-0.544293,0.003073,0.009392,0.034041,0.378607,-0.133071,0.010543,0.014695,0.002335,-0.222853,-1.017730,0.548318,0.022865,-0.053595,-1.373640,-0.323588,0.010478,0.190271,0.425162,0.008844,-0.596047,-0.128130,0.231907,0.028954,120.759936,0.780958,-1.588055,0.002240,0.012156,1.126309,-0.364966,1.253475,0.008733,0.000979,0.073229,0.015009,-0.426854,0.123201,0.007356,-0.037791
0.543796,1.265463,0.416017,0.005408,0.370774,0.016321,-1.043001,0.013267,-0.542078,0.003299,0.013856,0.073502,0.387562,-0.132816,0.012094,0.011832,0.002118,-0.228751,-1.080620,0.547146,0.027400,-0.105534,-0.984536,-0.370357,0.008048,0.154924,0.427232,0.008939,-0.614514,-0.112316,0.228675,0.034433,163.296763,0.915648,-1.440479,0.005423,0.016187,1.474030,-0.364904,1.233387,0.011935,0.000889,0.098605,0.016693,-0.430328,0.113083,-0.023437,-0.029369
0.579950,0.707493,0.491852,0.262496,0.461548,0.327370,-1.227375,0.179933,0.881553,0.058014,0.172077,0.181260,0.587004,0.001488,0.057729,0.101436,0.039189,-0.277752,-1.144398,0.674089,0.076402,-0.544100,-1.084061,0.526944,-0.188068,-0.074233,0.517840,0.067979,-0.534614,-0.043326,0.348125,0.693700,211.364576,1.207602,-1.554256,0.089972,0.128536,1.445825,-0.591335,-0.596824,0.633039,0.033580,0.266460,0.485450,-0.337277,0.508293,-0.163000,-0.006883
0.504287,0.331949,0.343210,0.236136,0.273104,0.221694,-1.198852,0.190571,0.904571,0.065535,0.162983,0.253089,0.573487,0.005372,0.073014,0.159316,0.079507,0.014837,-1.096267,0.674089,0.076402,-0.738274,-1.361564,0.526944,-0.736118,-0.151995,0.549502,0.136263,0.139261,-0.366402,0.408724,0.414059,179.650058,1.121957,-1.717014,0.231631,0.107437,1.198441,-0.814227,-0.596824,0.359161,0.115716,0.257814,0.194917,-0.296604,0.508293,-0.700209,-0.010803
0.229738,0.351164,0.345602,0.220864,0.399897,0.302953,-1.205000,0.151734,0.610778,0.098246,0.216124,0.229129,0.554241,0.332767,0.130008,0.120335,0.143886,0.014837,-1.052164,0.621198,0.106643,-0.738274,-1.520352,0.366644,-0.379233,-0.151995,0.592457,0.154011,0.223489,-0.389366,0.489554,0.260592,142.899244,1.028293,-1.665921,0.153422,0.187118,1.191072,-0.589927,0.078020,0.081045,0.131525,0.365084,0.099557,0.243772,0.478631,-0.702109,0.338230
0.481229,0.607856,0.897255,0.098691,0.405168,0.175708,-1.336565,0.159359,0.372276,0.010833,0.050159,0.338813,0.478922,-0.120322,0.115113,0.074918,0.024872,0.342324,-1.294341,0.564242,0.068051,-0.339625,-1.232856,0.366644,-0.044477,0.101673,0.684503,0.028845,-0.231571,-0.390360,0.258780,0.233268,260.642531,1.170404,-1.632934,0.027972,0.109882,1.552471,-0.378681,0.252506,0.195464,0.013927,0.257631,0.198945,-0.380319,0.150800,-0.702109,0.281718
0.235445,0.609388,1.044132,0.031414,0.552570,0.623524,-0.966746,0.367187,0.211423,0.039641,0.048136,0.115209,0.621432,-0.118046,0.070279,0.037743,0.014825,-0.374406,-0.659000,0.574303,0.019536,-0.342703,-1.248562,-0.106963,-0.044081,0.103021,0.589416,0.048609,-0.087835,-0.352135,0.254372,0.034184,290.663788,0.803550,-1.584410,0.035604,0.081653,1.814402,-0.382040,0.475692,0.069650,0.007468,0.176264,0.093119,-0.394901,0.118061,-0.299138,0.247613
0.775863,0.507313,0.791150,0.053698,0.557828,0.240768,-1.434916,0.341314,0.052903,0.036258,0.114689,0.201433,0.621432,-0.092819,0.213052,0.045621,0.009643,-0.083937,-1.247037,0.574303,-0.010444,-0.455866,-1.147742,-0.231256,-0.151137,-0.169038,0.579970,0.048997,-0.202578,-0.215622,0.248132,0.249524,266.721425,1.214196,-1.687359,0.032885,0.082027,1.549495,-0.382040,0.379204,0.070235,0.011199,0.161332,0.068736,-0.395560,0.197987,-0.224884,0.247594
0.857878,0.334529,0.237095,0.500413,0.304416,0.250006,-1.387206,0.270999,0.758682,0.035271,0.311539,0.274284,0.609168,0.369900,0.217564,0.305239,0.166961,-0.083937,-1.404160,0.735385,-0.088637,-0.978325,-1.462451,4.491504,-1.225576,-0.169038,0.686745,0.085739,-0.202578,-0.352675,0.333373,0.675839,153.888024,1.223752,-1.640842,0.256846,0.239597,1.063870,-0.706674,-0.498547,0.335463,0.130834,0.322085,0.360787,0.004222,0.217314,-1.028451,0.527652
0.975759,0.609295,1.536801,0.017420,0.365032,0.257954,-1.276371,0.040882,0.171380,0.013062,0.041248,0.075878,0.433562,-0.122405,0.091950,0.043199,0.006560,-0.173424,-1.349566,0.563055,0.020465,-0.359211,-1.216744,-0.468882,-0.010355,0.107202,0.613227,0.040884,-0.007669,-0.244353,0.232701,0.361102,484.199227,1.192415,-1.731733,0.030392,0.086521,1.631035,-0.381612,0.358341,0.116838,0.002557,0.178036,0.041619,-0.423897,-0.039088,-0.220325,0.277567
0.639888,0.922383,0.241556,0.033735,0.309984,0.174865,-0.836270,0.137459,0.135923,0.020728,0.129385,0.247064,0.380711,-0.035168,0.126254,0.076580,0.012082,0.405083,-0.822012,0.591878,0.117348,-0.186236,-1.446028,-0.231544,0.004766,-0.563331,0.608579,0.081155,-0.550359,-0.564728,0.338796,0.453443,129.419753,0.743799,-1.721585,0.035522,0.146335,1.038951,-0.433098,0.432307,0.217425,0.018958,0.309604,0.198674,-0.427660,0.025222,-0.093455,0.190710
0.676352,1.204184,0.270825,0.003872,0.365405,0.032320,-1.044572,0.016761,-0.636248,0.004365,0.014329,0.062123,0.380580,-0.127603,0.015648,0.013231,0.003449,-0.140771,-1.130141,0.552991,0.022768,-0.061771,-1.111723,-0.322903,0.008621,0.175400,0.412794,0.012587,-0.681847,-0.155424,0.231224,0.056766,130.466887,0.978731,-1.756935,0.020203,0.026883,1.066992,-0.364631,1.188784,0.009049,0.001627,0.058390,0.011584,-0.417764,-0.125567,-0.010446,-0.009397
0.336570,0.804253,1.456815,0.196196,0.527611,0.199919,-1.443289,0.322386,1.006428,0.055185,0.107090,0.097828,0.825291,0.431856,0.088072,0.072492,0.042529,-0.152966,-1.443933,0.769093,0.302953,-0.251184,-1.119595,0.503028,-0.349855,-0.255887,0.617416,0.101651,-0.595555,-0.082748,0.503703,0.784799,400.248804,1.325175,-1.608162,0.221126,0.090373,1.974838,-0.722107,-1.075020,0.849986,0.096768,0.208801,0.598359,-0.242490,0.590268,-0.188083,-0.006207
0.102769,0.739396,0.227471,0.144153,0.278981,0.310390,-1.345102,0.183136,1.113262,0.126923,0.142948,0.148771,0.632059,0.431856,0.105832,0.078606,0.088095,0.037491,-1.293653,0.769093,0.397906,-0.251184,-1.333626,0.546251,-0.475607,-0.416218,0.575163,0.157396,0.509011,-0.461349,1.358667,0.274562,146.241953,1.183597,-1.679894,0.324605,0.093969,1.082260,-0.722107,-1.075020,0.760083,0.184006,0.233646,0.203979,-0.030973,0.747501,-0.445350,0.023995
-0.497429,0.892213,1.263863,0.178050,0.545553,0.423804,-1.464407,0.266861,0.525166,0.121143,0.146532,0.164300,0.682545,0.438507,0.309610,0.184673,0.126557,0.341817,-1.524594,0.722315,0.066760,-0.393989,-1.402967,0.552031,-0.475607,-0.483730,1.007834,0.180849,-0.114416,-0.526539,1.358667,0.075966,365.568326,1.389300,-1.483600,0.070507,0.210772,2.054745,-0.404676,0.827342,0.055102,0.184729,0.309490,0.193574,0.078005,0.747501,-0.702679,0.264812
0.305560,0.983106,3.217882,0.028852,0.544408,0.407526,-1.265973,0.382617,0.040281,0.031107,0.057730,0.236821,0.652070,-0.117608,0.139458,0.042881,0.009129,0.105846,-1.305196,0.564878,0.016562,-0.384106,-0.909888,0.052392,-0.063670,0.099057,0.788396,0.043638,-0.708720,-0.526539,0.250275,0.186278,861.186391,1.204629,-1.651257,0.068393,0.105475,2.057288,-0.376987,0.867076,0.059260,0.005634,0.275851,0.200139,-0.386379,0.129335,-0.272625,0.207109
-0.583973,0.725651,1.561691,0.186747,0.675023,0.217849,-1.401585,0.726584,0.202379,0.082413,0.214584,0.283508,0.848688,0.534940,0.291465,0.154734,0.097738,0.184292,-1.263172,0.792670,0.120883,-0.463639,-1.524045,0.254685,-0.676542,-0.237374,1.065510,0.135522,-0.855308,-0.315534,0.464669,0.274982,573.164578,1.113221,-1.747010,0.133504,0.179054,1.878514,-0.920027,-1.228857,0.702977,0.153610,0.267480,0.267670,0.069182,0.811861,-0.569114,0.300840
-0.583973,0.751041,0.251921,0.169278,0.467546,0.208897,-1.438043,0.527750,0.872979,0.088482,0.278504,0.261394,0.848688,0.534940,0.141010,0.179541,0.115618,0.442311,-1.390853,0.797094,0.628086,-0.463639,-1.594626,0.400691,-0.676542,-0.520615,1.065510,0.145304,-0.744817,-0.374037,0.464669,0.578637,150.391534,1.264819,-1.793022,0.513607,0.129297,0.999841,-0.932213,-1.314525,0.622267,0.171949,0.259882,0.493468,0.069182,0.760575,-0.588032,0.249031
-0.216291,0.720629,1.207218,0.337981,0.564505,0.230313,-1.438024,0.260222,0.659317,0.296985,0.215426,0.234938,0.886226,1.075230,0.329533,0.284931,0.290682,0.491606,-1.373810,1.100785,0.541978,-0.430919,-1.523138,0.877992,-0.720244,-0.674795,1.087223,0.298672,0.102053,-0.780121,2.372092,0.140586,321.548009,1.334591,-1.922900,0.378593,0.237545,1.590498,-0.619804,0.316236,0.142519,0.397602,0.338428,0.114395,0.611430,1.543436,-1.012729,0.552838
0.261408,0.782243,2.668587,0.025619,0.559626,0.352004,-1.240010,0.399575,0.238062,0.034982,0.059996,0.164932,0.702088,-0.115091,0.133887,0.053403,0.011533,-0.187529,-1.206025,0.574706,0.006859,-0.398372,-1.142844,0.244933,-0.077957,0.126959,0.853137,0.063695,-0.628930,-0.617294,0.269011,0.157274,661.312483,1.045403,-1.649935,0.080494,0.139965,1.362498,-0.376641,0.616473,0.090261,0.006770,0.194110,0.251202,-0.387296,0.635665,-0.323347,0.365211
-0.528273,0.646194,1.606785,0.257958,0.678464,0.263404,-1.224615,0.702921,0.199122,0.100537,0.268527,0.219463,0.880564,0.727229,0.237156,0.192901,0.115637,0.165306,-1.024129,0.800320,0.084877,-0.681503,-1.562234,0.421245,-0.669092,-0.643520,0.776849,0.170184,-0.876920,-0.270407,0.459543,0.289373,572.014211,0.853185,-1.643201,0.134627,0.203777,1.682522,-1.049096,-1.309802,0.664139,0.208925,0.266338,0.248704,0.184690,1.183490,-0.607235,0.391210
-0.528273,0.801662,0.243247,0.272096,0.454841,0.255852,-1.311523,0.530418,0.893461,0.105585,0.325664,0.278103,0.880564,0.727229,0.106953,0.206045,0.142657,0.449942,-1.322172,0.804085,0.638079,-0.681503,-1.553306,0.312080,-0.669092,-0.398066,0.776849,0.193862,-0.805371,-0.359152,0.459543,0.466653,147.496882,1.201628,-1.809533,0.501922,0.174301,1.009644,-1.049096,-1.439296,0.662522,0.229108,0.247340,0.523265,0.184690,0.336592,-0.624917,0.391210
-0.476988,0.822240,0.827556,0.298866,0.524249,0.229115,-1.323778,0.264226,0.714348,0.298877,0.175070,0.282957,0.828014,1.160739,0.378702,0.227278,0.288738,0.547715,-1.288956,1.173844,0.422580,-0.441388,-1.472106,0.931138,-0.753254,-0.507525,1.193653,0.266529,-0.008634,-0.794684,2.731539,0.185604,233.836319,1.251762,-1.857234,0.298791,0.259073,0.762603,-0.550230,0.466715,0.093911,0.414235,0.368204,0.179489,0.592246,0.856607,-0.900121,0.617269
0.212235,0.859983,2.661284,0.069458,0.585956,0.414934,-1.362989,0.457125,0.085185,0.041719,0.066502,0.155128,0.645403,-0.111480,0.121962,0.055862,0.019617,-0.077554,-1.455801,0.573914,0.005138,-0.318317,-1.054700,0.072593,-0.074824,0.076053,0.694911,0.054828,-0.676688,-0.577838,0.245629,0.061361,628.917132,1.300039,-1.727758,0.040777,0.133987,2.134537,-0.408400,0.749554,0.047552,0.008071,0.210195,0.226687,-0.381351,0.347324,-0.297160,0.268052
-0.492129,0.662242,1.718172,0.161651,0.672675,0.401389,-1.446752,0.725235,0.165992,0.085073,0.191873,0.242480,0.882554,0.733356,0.303537,0.133827,0.087834,-0.042135,-1.281534,0.736329,0.131388,-0.603170,-1.599521,0.292431,-0.801937,-0.375913,0.987934,0.160495,-0.892739,-0.348933,0.472357,0.329716,593.221234,1.032545,-1.817288,0.135425,0.173502,1.671619,-0.955498,-1.159155,0.639316,0.181500,0.274972,0.257444,-0.044834,0.857123,-0.587396,0.325418
-0.492129,0.736527,0.268392,0.178623,0.499970,0.387559,-1.347296,0.503758,0.935349,0.141962,0.298805,0.279153,0.882554,0.733356,0.171250,0.157295,0.125089,0.701703,-1.375481,0.791887,0.719336,-0.603170,-1.609764,0.411900,-0.801937,-0.624211,0.987934,0.215313,-0.846835,-0.253996,0.472357,0.617232,155.447555,1.204020,-1.478499,0.561856,0.162127,1.174142,-0.955498,-1.288259,0.623637,0.227061,0.255528,0.580292,-0.044834,0.422711,-0.587396,0.325418
-0.393206,0.719268,0.842723,0.227555,0.529793,0.359964,-1.467279,0.322152,0.806742,0.220039,0.085725,0.422802,0.723802,0.758920,0.452894,0.182950,0.234326,0.521834,-1.544834,0.699066,0.603766,-0.522347,-1.504328,0.511194,-0.777635,-0.814187,1.290613,0.255261,0.106687,-0.798604,1.385725,0.194893,277.328486,1.464616,-1.784660,0.336377,0.248207,1.605141,-0.588875,0.191476,0.123530,0.290344,0.329010,0.167942,0.584969,0.799709,-0.708800,0.407941
0.111551,0.776672,2.613629,0.071620,0.580482,0.422861,-1.613420,0.469657,0.229726,0.039457,0.124920,0.272597,0.640201,-0.096840,0.124965,0.089711,0.019596,-0.256390,-1.568468,0.581520,0.061271,-0.353251,-1.245563,0.253962,-0.070370,0.063270,0.799886,0.065274,-0.694005,-0.511715,0.265945,0.152375,644.925803,1.503613,-1.602950,0.052301,0.212053,2.009035,-0.380616,0.728123,0.025514,0.008249,0.329802,0.274892,-0.382749,0.317746,-0.472968,0.503149
-0.399978,0.653915,1.719610,0.249561,0.651977,0.444877,-1.487229,0.709214,0.192645,0.090053,0.277137,0.304471,0.869922,0.665158,0.324952,0.175610,0.086221,-0.001150,-1.545520,0.782340,0.061271,-0.984410,-1.464884,0.574347,-0.660273,-0.454455,1.130121,0.173452,-0.904694,-0.511715,0.412914,0.281918,572.546094,1.481721,-1.602412,0.145947,0.269620,1.930463,-0.953245,-1.147460,0.624095,0.191702,0.315790,0.288139,0.065128,1.176139,-0.829561,0.384407
-0.399978,0.717680,0.257426,0.256157,0.480736,0.440766,-1.424138,0.488429,0.953417,0.129360,0.361997,0.267993,0.869922,0.665158,0.135208,0.207997,0.131858,0.236876,-1.532844,0.786861,0.630939,-0.984410,-1.566911,0.896605,-0.660273,-0.673278,1.130121,0.219172,-0.841461,-0.282388,0.412914,0.567668,150.605461,1.459342,-1.744233,0.539535,0.203681,1.082038,-0.955489,-1.242397,0.613303,0.212368,0.397871,0.538788,0.065128,0.899246,-0.829561,0.217662
-0.375876,0.706223,1.056841,0.324682,0.520638,0.292073,-1.226890,0.312078,0.660007,0.176939,0.200502,0.349727,0.741789,0.658366,0.402486,0.325144,0.322134,0.726202,-1.139516,0.609587,0.575271,-0.687003,-1.643026,0.520788,-1.187478,-1.010005,1.118094,0.232289,0.080014,-0.735158,0.651050,0.253076,321.206250,1.078272,-1.805786,0.336708,0.299175,1.962435,-0.568327,0.164697,0.125915,0.266452,0.342929,0.135959,0.824782,1.111330,-1.236613,0.441631
0.243723,0.781172,3.177708,0.074390,0.585337,0.393320,-1.275662,0.465679,0.174610,0.040837,0.082419,0.100631,0.667982,-0.117403,0.109588,0.064436,0.012601,-0.198272,-1.301093,0.587749,0.023692,-0.446489,-1.177486,0.451090,-0.056280,0.081542,0.826652,0.073692,-0.605930,-0.527587,0.260892,0.079878,776.333988,1.092205,-1.663455,0.038349,0.143412,2.119731,-0.387225,0.738479,0.025397,0.005396,0.185962,0.234167,-0.407549,0.645071,-0.451186,0.317475
-0.220210,0.634545,1.788891,0.386808,0.642518,0.201957,-1.344827,0.647263,0.182263,0.082226,0.282082,0.203621,0.830308,0.866603,0.320799,0.148233,0.105635,-0.282627,-1.314721,0.756386,0.167867,-0.662278,-1.476521,1.534576,-0.672774,-0.397552,0.788999,0.138067,-0.823620,-0.331622,0.514431,0.247706,603.120984,1.185544,-1.654443,0.131382,0.208252,2.093244,-0.910367,-1.139318,0.619797,0.186277,0.194986,0.252507,0.253683,1.301938,-0.465609,0.394553
-0.220210,0.735685,0.243863,0.297589,0.474108,0.284152,-1.482204,0.442612,0.955445,0.095096,0.307572,0.279206,0.830308,0.866603,0.134451,0.240863,0.152167,0.447881,-1.484068,0.769847,0.420886,-0.662278,-1.456138,1.841346,-0.672774,-0.348512,0.788999,0.189295,-0.823620,-0.242130,0.514431,0.464284,151.938247,1.334265,-1.876955,0.519296,0.174553,0.992482,-0.927497,-1.252804,0.593128,0.209245,0.298093,0.555029,0.253683,0.695252,-0.481073,0.311883
-0.209103,0.716161,1.862111,0.354161,0.535741,0.288658,-1.317604,0.261537,0.715501,0.222297,0.181486,0.431012,0.754875,1.056400,0.413934,0.329491,0.265329,0.602036,-1.342877,0.642255,0.249872,-0.755669,-1.582236,0.514940,-1.093948,-0.707874,1.035248,0.292631,0.095726,-0.762972,1.278832,0.254433,421.520192,1.134125,-1.984511,0.366326,0.302870,2.382230,-0.716714,0.224875,0.123013,0.302481,0.269451,0.127894,0.671177,1.171016,-1.056775,0.489356
0.326902,0.906965,3.554090,0.044829,0.536609,0.287160,-1.358901,0.324487,0.206418,0.024082,0.059521,0.160292,0.646684,-0.105539,0.101062,0.050771,0.011650,-0.278382,-1.303618,0.587351,0.047475,-0.532240,-1.199368,0.389358,-0.069460,0.089157,0.817926,0.043591,-0.588188,-0.611744,0.246419,0.228651,825.936333,1.180922,-1.556565,0.046977,0.120327,1.961045,-0.373671,0.721385,0.088171,0.006934,0.232806,0.229319,-0.360305,0.540003,-0.579255,0.434542
-0.936865,0.691303,1.748820,0.463146,0.635623,0.291027,-1.537897,0.767177,-0.000679,0.109611,0.259171,0.195798,0.801180,0.570723,0.256975,0.198062,0.115844,-0.278382,-1.517768,0.698419,0.355571,-0.848167,-1.704078,2.073912,-0.605754,-0.402695,0.706416,0.133668,-0.867895,-0.284527,0.538625,0.250739,600.037340,1.308383,-1.720231,0.096310,0.243017,1.802627,-1.310328,-1.058491,0.617299,0.204628,0.268559,0.210951,0.134153,1.496054,-0.579255,0.450017
-0.936865,0.720724,0.244333,0.391458,0.456487,0.353691,-1.534688,0.689540,0.838906,0.112362,0.352445,0.402714,0.801180,0.570723,0.099552,0.261575,0.167141,0.511014,-1.663811,0.760950,0.520460,-0.848167,-1.715711,2.073912,-0.605754,-0.269304,0.718400,0.203757,-0.846559,-0.277204,0.538625,0.441412,148.901998,1.456955,-1.855898,0.496085,0.201091,1.121034,-1.310328,-1.279119,0.584609,0.239999,0.231422,0.523100,0.134153,0.480497,-0.763077,0.319517
-0.145928,0.753477,2.286284,0.348082,0.534965,0.187199,-1.308968,0.240924,0.529516,0.181932,0.161457,0.590353,0.727680,0.768074,0.360777,0.277406,0.222874,0.652133,-1.247891,0.766497,0.327162,-0.419795,-1.543713,0.562475,-0.753414,-1.037534,0.864138,0.277868,0.094187,-0.782570,1.586230,0.183328,532.459320,1.129433,-1.570840,0.305931,0.217672,2.280330,-0.600950,0.415237,0.077585,0.243677,0.231794,0.089636,0.339698,0.994642,-0.763077,0.422084
0.338472,0.885583,3.068611,0.063840,0.530691,0.293309,-1.453708,0.327325,0.132910,0.033643,0.082814,0.134967,0.572462,-0.113620,0.143568,0.056417,0.011984,-0.774374,-1.418217,0.579566,0.032502,-0.459161,-1.245450,0.567980,-0.048031,0.097458,1.528714,0.064119,-0.742681,-0.563917,0.254745,0.297713,728.802912,1.272700,-1.832572,0.040055,0.133512,1.691843,-0.367240,0.796353,0.044294,0.006725,0.416242,0.270530,-0.393244,0.971503,-0.584870,0.294427
-1.067748,0.664128,2.024328,0.421110,0.614524,0.335212,-1.392062,0.853952,-0.138490,0.104576,0.221874,0.392199,0.831526,0.547585,0.273814,0.194976,0.119008,-0.169099,-1.390263,0.676629,0.329439,-0.648497,-1.562363,1.266765,-0.482757,-0.515082,1.528714,0.117627,-1.004676,-0.266409,0.485200,0.332831,651.142077,1.306131,-1.845738,0.082291,0.240115,2.262867,-1.162845,-0.938607,0.551476,0.175754,0.519482,0.209142,0.145843,1.894265,-0.673093,0.533099
-1.067748,0.689066,0.265800,0.365962,0.395383,0.420748,-1.399030,0.759859,0.880629,0.090482,0.267458,0.379028,0.831526,0.547585,0.090820,0.244825,0.155151,0.622041,-1.470751,0.746895,0.668250,-0.648497,-1.776145,1.266765,-0.482757,-0.201834,0.677768,0.135629,-0.942228,-0.459812,0.485200,0.500102,156.902436,1.358640,-1.584232,0.432937,0.201232,1.174499,-1.162845,-1.200789,0.482331,0.200629,0.379503,0.588704,0.145843,0.371054,-0.673093,0.383552
-0.498101,0.784631,1.845227,0.265766,0.498432,0.344922,-1.355188,0.323532,0.672403,0.116150,0.194317,0.394737,0.707882,0.360583,0.350267,0.218244,0.228824,0.788049,-1.595294,0.672944,0.507623,-0.592639,-1.668241,0.470455,-0.749535,-0.565692,0.909837,0.187986,0.098886,-0.640491,0.737278,0.236173,455.905503,1.413610,-1.723422,0.273356,0.297193,2.200370,-0.602096,0.327277,0.115527,0.249011,0.342356,0.134163,0.611806,0.962191,-0.653357,0.470903
0.305583,0.904665,2.956618,0.013758,0.548785,0.307517,-1.243428,0.373112,0.136476,0.023726,0.044903,0.171088,0.618803,-0.109879,0.117279,0.046091,0.008081,-0.200023,-1.018375,0.567260,0.014014,-0.422865,-1.175810,0.174270,-0.061396,0.122361,0.707816,0.043251,-0.642414,-0.451425,0.259052,0.224633,728.184024,0.941208,-1.625167,0.033897,0.128681,1.384471,-0.377947,0.844384,0.037583,0.005301,0.237124,0.229053,-0.425009,0.240507,-0.376314,0.389156
-0.337481,0.682418,1.595214,0.322978,0.637016,0.401103,-1.624619,0.674172,0.186308,0.073208,0.248326,0.167047,0.819228,0.764744,0.286394,0.146434,0.093826,-0.057966,-1.562488,0.720696,0.138026,-0.752836,-1.516857,1.076378,-0.539747,-0.249892,0.824796,0.130090,-0.866835,-0.312332,0.388356,0.315330,554.712047,1.403577,-1.810329,0.132964,0.243089,1.661740,-0.875804,-0.983913,0.627705,0.175390,0.162404,0.268248,0.045601,0.860581,-0.408468,0.483619
-0.337481,0.665050,0.235058,0.274356,0.451887,0.446601,-1.327663,0.488034,0.869653,0.100998,0.335936,0.239337,0.819228,0.764744,0.142677,0.190372,0.136884,0.202954,-1.220046,0.754570,0.600891,-0.752836,-1.665938,1.076378,-0.539747,-0.429931,0.824796,0.176367,-0.819955,-0.286312,0.388356,0.477759,141.317624,1.133481,-1.820528,0.503994,0.151714,1.010124,-0.956398,-1.166657,0.578696,0.190149,0.256402,0.498186,0.045601,0.417640,-0.408468,0.190389
-0.147592,0.674516,0.697965,0.270647,0.519731,0.492946,-1.299377,0.266826,0.633032,0.206343,0.142828,0.404888,0.747701,0.950082,0.377372,0.212715,0.283554,0.983824,-1.224438,0.637864,0.460414,-0.512473,-1.571717,0.521538,-0.730501,-0.836656,1.023049,0.242868,0.033022,-0.647386,1.380314,0.224813,224.001537,1.266306,-1.709990,0.329266,0.245887,1.640479,-0.595370,0.312893,0.112869,0.290634,0.279002,0.157736,1.035642,0.967437,-0.776474,0.401654
0.228279,0.843826,3.309842,0.082079,0.545650,0.252573,-1.309516,0.370235,0.202619,0.025786,0.077670,0.208077,0.660404,-0.119351,0.108767,0.042029,0.011560,-0.070099,-1.302692,0.564505,-0.001618,-0.373556,-1.145672,0.187967,-0.038139,0.050074,0.769124,0.046002,-0.687992,-0.545924,0.245955,0.096950,809.644766,1.200325,-1.774154,0.041192,0.142959,1.804597,-0.386714,0.671939,0.078970,0.006010,0.344868,0.250703,-0.407472,0.248538,-0.414907,0.319782
-0.605982,0.678649,1.912333,0.235126,0.674304,0.317746,-1.259978,0.677083,-0.041378,0.071679,0.208375,0.354100,0.896282,0.701117,0.295865,0.126969,0.110154,0.311041,-1.057153,0.722174,0.108194,-0.448267,-1.636170,0.298162,-0.739296,-0.466421,1.111076,0.110719,-0.910333,-0.441847,0.342467,0.323262,619.866056,1.049145,-1.679384,0.145119,0.170557,1.171427,-0.933875,-0.968940,0.607149,0.168997,0.208089,0.222156,0.149795,0.603856,-0.691745,0.343285
-0.605982,0.662205,0.249371,0.229037,0.482033,0.319681,-1.313255,0.577198,0.900937,0.119933,0.323065,0.251868,0.896282,0.701117,0.111357,0.146014,0.138236,0.413616,-1.342801,0.729036,0.723888,-0.448267,-1.684151,0.298162,-0.739296,-0.466421,1.111076,0.190572,-0.885365,-0.392799,0.357008,0.563178,140.701643,1.272444,-1.826980,0.530661,0.135898,1.261887,-0.989345,-1.199558,0.582829,0.209402,0.250071,0.592128,0.149795,0.863567,-0.694330,0.208522
-0.358959,0.749441,1.658422,0.456850,0.547808,0.296834,-1.401331,0.319024,0.736992,0.394419,0.280799,0.269282,0.906206,1.409093,0.339564,0.346323,0.378239,0.412689,-1.361208,1.407910,0.616004,-0.536645,-1.559664,1.290166,-0.718261,-1.022127,0.714150,0.346962,0.031298,-1.200316,3.369712,0.230596,446.508844,1.238360,-1.964897,0.365453,0.321398,2.206513,-0.604366,0.284567,0.123253,0.489407,0.336504,0.172983,1.081351,1.307670,-1.592067,1.052286
0.239721,0.892169,3.140436,0.038026,0.573869,0.291991,-1.513457,0.489885,0.136065,0.044004,0.084099,0.180309,0.634429,-0.112079,0.083348,0.044186,0.010475,-0.189993,-1.469645,0.567974,0.033614,-0.334345,-1.151101,0.317282,-0.041635,0.013663,0.685079,0.078077,-0.687226,-0.718494,0.242457,0.128999,747.103117,1.257756,-1.618672,0.060643,0.136920,2.143066,-0.371780,0.755555,0.070806,0.006103,0.168311,0.231049,-0.406181,0.686440,-0.339246,0.439337
-0.528864,0.663778,1.821626,0.261893,0.658089,0.395877,-1.514801,0.785408,0.240102,0.087965,0.243223,0.248592,0.891929,0.685798,0.311637,0.145133,0.100012,0.119355,-1.626251,0.780638,0.298248,-0.576515,-1.568299,0.380166,-0.720671,-0.662180,0.781940,0.147452,-0.925980,-0.322307,0.489178,0.343415,605.654134,1.394417,-1.629742,0.156561,0.202276,1.978788,-0.900477,-1.143209,0.653892,0.185919,0.371195,0.271083,0.105041,1.434778,-1.097955,0.400661
-0.528864,0.777039,0.227565,0.205840,0.436405,0.456396,-1.394327,0.509773,0.911506,0.101927,0.221822,0.333266,0.886823,0.685798,0.109999,0.156258,0.155405,0.522075,-1.388095,0.780638,0.638662,-0.570910,-1.585732,0.197221,-0.720671,-0.426042,0.781940,0.250450,-0.711904,-0.448909,0.489178,0.468297,138.276673,1.287853,-1.858546,0.470124,0.170908,1.058122,-0.980103,-1.214970,0.727688,0.233410,0.273282,0.448668,0.105041,0.477845,-1.097955,0.373278
-0.473928,0.841898,2.221328,0.310827,0.583238,0.249102,-1.301596,0.250006,0.475951,0.236453,0.212788,0.333924,0.763870,0.943757,0.249199,0.260478,0.210564,0.722697,-1.328078,0.828881,0.192741,-0.493919,-1.326761,0.962446,-0.418023,-1.022730,0.805865,0.252417,-0.103157,-0.856218,2.222392,0.139808,555.702286,1.280036,-1.500068,0.130101,0.324515,1.299943,-0.480592,0.772226,0.063645,0.312478,0.385782,0.182315,0.351995,1.113301,-0.723490,0.549298
0.318447,0.895309,2.982859,0.050982,0.549180,0.295987,-1.258147,0.427207,-0.064906,0.034907,0.082923,0.121548,0.609307,-0.119104,0.071752,0.041439,0.014354,-0.137263,-1.017660,0.585529,0.013268,-0.330861,-1.264991,-0.041625,-0.051631,0.060964,0.609344,0.044176,-0.635164,-0.582546,0.237940,0.098182,750.165152,1.051228,-1.571317,0.048959,0.144339,2.233300,-0.400282,0.806231,0.041927,0.008992,0.263579,0.179112,-0.397144,0.398176,-0.301050,0.324778
-0.017864,0.639241,0.466598,0.199802,0.528859,0.226448,-1.451880,0.611702,0.432460,0.074429,0.167714,0.164303,0.766468,0.491033,0.275041,0.140791,0.060909,-0.066462,-1.349180,0.815732,0.537242,-0.301676,-1.569737,0.034352,-0.374224,-0.187649,0.802803,0.113246,-0.733504,-0.248780,0.393821,0.402065,218.736412,1.292930,-1.683540,0.432745,0.127991,1.524660,-1.044417,-1.056334,0.656272,0.133554,0.294176,0.457101,-0.232446,0.971539,-0.144803,0.182008
0.484651,1.138207,0.282130,0.014397,0.339297,0.076984,-1.052631,0.107268,-0.182065,0.020923,0.036400,0.110911,0.390881,-0.130269,0.066099,0.050454,0.007685,0.077270,-1.014643,0.560432,0.058624,-0.050179,-1.146436,-0.069736,0.001618,0.046658,0.609674,0.070055,-0.632326,-0.505392,0.235782,0.309350,169.200504,0.969613,-1.609407,0.048857,0.056947,1.287055,-0.369457,0.672946,0.194074,0.002266,0.138111,0.141586,-0.419362,0.178106,-0.101405,0.035252
0.652921,1.268068,0.257175,0.003592,0.370649,0.032086,-0.995374,0.024248,-0.581577,0.004063,0.008099,0.040981,0.383681,-0.132486,0.010598,0.010710,0.002009,-0.142639,-0.925921,0.545105,0.018484,-0.052120,-0.905226,-0.353401,0.006449,0.190977,0.423049,0.012387,-0.625146,-0.117999,0.235309,0.018460,129.511085,0.919952,-1.703754,0.004250,0.012380,1.063860,-0.365135,1.258944,0.004946,0.000942,0.065830,0.011657,-0.432099,0.077637,-0.005614,-0.037603
0.641618,1.231215,0.199640,0.004702,0.380906,0.051046,-0.711575,0.039727,-0.595744,0.004076,0.010471,0.036765,0.420014,-0.133448,0.016032,0.010077,0.002077,-0.218058,-0.985030,0.546694,0.024397,-0.118758,-0.838202,-0.356727,0.011848,0.168069,0.444451,0.020065,-0.649181,-0.114358,0.228589,0.084674,108.367469,0.635455,-1.469242,0.015221,0.020769,1.019746,-0.362806,1.152266,0.025760,0.001323,0.078996,0.010937,-0.428780,0.221758,-0.004808,-0.016120
0.862699,0.635910,0.522937,0.221636,0.480976,0.415342,-1.420151,0.156476,0.722963,0.039211,0.141107,0.201158,0.568443,0.172418,0.040766,0.089107,0.022435,-0.211260,-1.413917,0.663141,0.025129,-0.421242,-1.128666,0.434007,-0.342412,-0.021376,0.481139,0.073956,-0.587800,-0.043787,0.363240,0.643388,222.332211,1.389466,-1.620573,0.058860,0.102761,1.903941,-0.624012,-0.721375,0.599053,0.063203,0.190786,0.459200,-0.354826,0.254382,-0.161560,-0.027667
0.257197,0.401966,0.220850,0.196149,0.294355,0.225935,-1.412649,0.292123,0.831069,0.053948,0.209294,0.197984,0.568443,0.172418,0.068294,0.070411,0.076602,-0.257620,-1.427086,0.663141,0.264847,-0.469687,-1.277520,0.434007,-0.617387,-0.024458,0.553482,0.107317,-0.107982,-0.408993,0.379382,0.311814,146.589903,1.368052,-1.401624,0.299937,0.070588,0.974477,-0.761746,-0.736277,0.409880,0.077283,0.247582,0.269916,-0.316414,0.275925,-0.427193,-0.094187
-0.194629,0.575823,0.217753,0.226850,0.328608,0.187884,-1.409787,0.236206,0.831069,0.095381,0.217071,0.201691,0.603729,0.207174,0.138086,0.139590,0.132093,0.339588,-1.383082,0.609607,0.264847,-0.609925,-1.510430,0.468386,-0.332881,-0.313669,0.553482,0.087856,0.175915,-0.421990,0.781222,0.171786,107.353410,1.316762,-1.693038,0.294409,0.152796,1.083280,-0.600685,-0.309109,0.308890,0.132636,0.121675,0.190898,0.027257,0.661004,-0.544785,0.119822
-0.194629,0.719938,0.746910,0.155485,0.533704,0.306937,-1.349560,0.292462,0.293094,0.085903,0.121953,0.220516,0.603729,0.207174,0.205261,0.117157,0.088620,0.339588,-1.282187,0.576832,0.059107,-0.437920,-1.281126,0.547685,-0.171386,-0.313669,0.763974,0.116277,-0.190336,-0.512528,0.781222,0.192166,205.829393,1.244236,-1.640962,0.038969,0.215805,1.580420,-0.397320,0.650067,0.047661,0.069746,0.244712,0.137842,0.027257,0.659189,-0.822386,0.428198
0.072363,0.824318,1.602031,0.045437,0.507208,0.514927,-1.213923,0.302460,0.264032,0.026856,0.058421,0.186600,0.598864,-0.131477,0.077481,0.075733,0.011737,-0.024180,-1.191118,0.571576,0.052664,-0.345174,-1.198312,0.107418,-0.041588,0.081058,0.827994,0.029361,-0.192774,-0.524261,0.249077,0.088316,379.715498,1.125484,-1.495233,0.045971,0.091611,1.893133,-0.379853,0.660697,0.068186,0.005554,0.254159,0.116999,-0.380612,-0.161247,-0.341975,0.271101
0.498468,0.692043,1.114055,0.034007,0.555193,0.386016,-1.223602,0.383128,-0.081753,0.046142,0.082691,0.225115,0.665169,-0.087594,0.206861,0.052284,0.013486,0.122237,-1.055318,0.568966,-0.011206,-0.345174,-1.285393,-0.344368,-0.134059,-0.288824,0.585864,0.051148,-0.284706,-0.246678,0.263000,0.158910,290.063276,1.017241,-1.604807,0.062254,0.101493,1.638632,-0.379853,0.519930,0.137582,0.014631,0.317447,0.046307,-0.380786,-0.109724,-0.341975,0.273235
0.830484,0.331144,0.224295,0.378232,0.283898,0.304527,-1.306094,0.226645,0.801223,0.030381,0.251669,0.276654,0.681047,0.309957,0.198656,0.263407,0.153150,0.136804,-1.282733,0.723688,-0.052227,-0.859297,-1.494446,3.881203,-0.949697,-0.288824,0.645807,0.126812,-0.308015,-0.258592,0.332095,0.701636,137.442329,1.248981,-1.793809,0.268733,0.248485,1.138923,-0.707162,-0.491967,0.353475,0.099178,0.258369,0.396227,-0.079520,0.100266,-0.959977,0.529808
0.666186,0.645935,0.779119,0.032283,0.381995,0.121013,-1.379061,0.107512,0.323080,0.016424,0.054593,0.082706,0.446238,-0.127998,0.075992,0.049385,0.007576,0.069934,-1.324199,0.575825,0.023488,-0.328871,-1.308652,-0.432766,0.005030,0.036223,0.555280,0.034734,0.168389,-0.215868,0.237423,0.135844,283.075584,1.189323,-1.632453,0.043219,0.063717,1.887727,-0.368599,0.530266,0.044038,0.004210,0.164998,0.039127,-0.407944,-0.037882,-0.190494,0.191372
0.700459,1.147832,0.239252,0.006640,0.370056,0.133911,-0.763605,0.028979,-0.534593,0.007925,0.026809,0.113611,0.424934,-0.129045,0.051148,0.018393,0.003800,-0.075545,-0.949069,0.555232,0.022826,-0.162044,-1.259497,-0.317782,0.008045,0.145006,0.476367,0.029750,-0.674162,-0.142179,0.232517,0.052613,120.091213,0.639173,-1.694232,0.008373,0.054962,1.120493,-0.369263,1.113599,0.015440,0.001684,0.190460,0.034468,-0.421845,0.028459,0.008949,0.225062
0.724080,1.109856,0.210698,0.002210,0.380861,0.028257,-0.967000,0.045860,-0.650116,0.004608,0.011631,0.063986,0.390235,-0.122672,0.010054,0.007914,0.002620,-0.189616,-1.064769,0.547652,0.017463,-0.083098,-1.224330,-0.316526,0.013274,0.177810,0.419577,0.008858,-0.683369,-0.126961,0.243184,0.050719,112.209984,0.869375,-1.459848,0.006011,0.016396,0.966725,-0.364906,1.079101,0.017369,0.001970,0.076285,0.009218,-0.423230,-0.053446,0.006571,-0.040681
0.404270,0.781709,1.353743,0.192138,0.510410,0.187436,-1.330169,0.310426,0.936548,0.054666,0.120224,0.138158,0.801436,0.492099,0.102812,0.097257,0.049707,-0.023576,-1.277012,0.758320,0.214967,-0.267219,-1.289805,0.224718,-0.351075,-0.292291,0.658907,0.109118,-0.659762,-0.121659,0.486005,0.850637,428.162918,1.154845,-1.695771,0.220503,0.092585,2.003624,-0.722496,-1.045695,0.822421,0.100275,0.288460,0.594234,-0.117860,0.405006,-0.324512,-0.023333
0.118754,0.692914,0.224055,0.155660,0.291707,0.294687,-1.267713,0.227207,1.027194,0.121022,0.163522,0.161084,0.601996,0.492099,0.096507,0.091061,0.093085,0.144234,-1.218906,0.758320,0.434611,-0.304006,-1.366781,0.291755,-0.382096,-0.167495,0.563898,0.150996,0.449810,-0.379543,1.248282,0.257291,144.193983,1.156743,-1.815646,0.334277,0.152565,0.962299,-0.745172,-1.045695,0.731909,0.163996,0.306175,0.184319,-0.117860,0.757423,-0.524811,0.162132
-0.383778,0.822983,1.156772,0.179498,0.546014,0.448741,-1.216850,0.235179,0.524215,0.120616,0.139332,0.177681,0.650834,0.344571,0.228734,0.123032,0.125623,0.296193,-1.165491,0.649444,0.185145,-0.217334,-1.420483,0.521976,-0.405924,-0.446870,0.760786,0.170442,-0.068254,-0.508332,1.248282,0.079100,308.853610,1.119020,-1.663093,0.051524,0.210278,1.656312,-0.396046,0.749453,0.055579,0.154633,0.285396,0.197779,0.100795,0.757423,-0.830746,0.277274
0.309870,1.016790,3.340440,0.040925,0.530291,0.377534,-1.465616,0.322735,0.016015,0.022834,0.072564,0.186978,0.625799,-0.113296,0.086874,0.049576,0.009612,0.001204,-1.486373,0.568257,0.010119,-0.287897,-1.022864,0.052288,-0.057726,0.107148,0.646854,0.049045,-0.718497,-0.458510,0.239789,0.197751,814.029872,1.370416,-1.554104,0.051820,0.077270,1.714597,-0.373153,0.859760,0.059935,0.005799,0.135885,0.209002,-0.406477,0.168109,-0.229265,0.156042
-0.484202,0.795424,1.541280,0.184012,0.669627,0.215182,-1.447639,0.646910,0.329477,0.085554,0.247700,0.201502,0.877717,0.667465,0.311175,0.144155,0.078423,0.099191,-1.324788,0.802605,0.192406,-0.712899,-1.666294,0.448610,-0.685423,-0.329098,0.991353,0.162833,-0.865872,-0.317574,0.472594,0.303270,566.101203,1.185530,-1.668984,0.156499,0.243802,2.080070,-0.881738,-1.257225,0.754860,0.163409,0.273081,0.309604,-0.042066,0.644290,-0.539312,0.273679
-0.484202,0.790046,0.241094,0.150902,0.443710,0.217332,-1.261101,0.514561,0.879629,0.083550,0.292191,0.295736,0.877717,0.667465,0.158184,0.164476,0.096993,0.277178,-1.095456,0.819864,0.662304,-0.712899,-1.756819,0.415431,-0.685423,-0.280294,0.991353,0.141447,-0.715543,-0.394508,0.472594,0.533322,150.977118,1.077877,-1.508894,0.495095,0.120859,1.073272,-0.918865,-1.379610,0.619822,0.196085,0.304527,0.479225,-0.042066,0.762993,-0.539312,0.268319
-0.225100,0.747960,0.759015,0.272431,0.520462,0.205774,-1.034143,0.257736,0.681732,0.273283,0.174003,0.178971,0.891153,1.130978,0.331784,0.226069,0.244977,0.483681,-1.091725,1.045042,0.432031,-0.450100,-1.559286,0.729382,-0.739768,-0.504549,1.092140,0.283398,0.009639,-0.758948,2.118825,0.217087,234.960255,0.966770,-1.624552,0.342264,0.242947,1.836759,-0.718105,0.309900,0.119550,0.377541,0.304909,0.153023,0.473903,1.010260,-0.990445,0.521987
0.261771,0.881827,3.083071,0.118541,0.574516,0.344827,-1.147059,0.386573,0.178269,0.040716,0.106657,0.184463,0.651669,-0.103742,0.116790,0.128711,0.037039,-0.023111,-1.054025,0.604449,0.026388,-0.364182,-1.095571,0.094312,-0.132002,-0.042058,0.813745,0.052417,-0.634622,-0.606570,0.285672,0.113647,767.700228,1.006433,-1.652247,0.056795,0.227326,2.064224,-0.437048,0.726773,0.085181,0.016702,0.280977,0.201842,-0.330386,0.589464,-0.339002,0.522559
-0.437223,0.673085,1.509682,0.212822,0.683070,0.265955,-1.220585,0.674851,0.188269,0.089590,0.186180,0.259176,0.897759,0.635374,0.243294,0.139352,0.087415,-0.133462,-1.003058,0.785263,0.105254,-0.607789,-1.586997,0.340349,-0.710904,-0.438594,0.780803,0.149797,-0.891113,-0.268677,0.449779,0.286066,494.302013,0.859648,-1.690221,0.147209,0.223551,1.867885,-0.964784,-1.283587,0.690209,0.178902,0.377247,0.251327,0.062066,1.207011,-0.681846,0.426578
-0.437223,0.785696,0.260683,0.288603,0.457221,0.283722,-1.444123,0.514989,0.970754,0.113734,0.315670,0.352330,0.897759,0.635374,0.118243,0.163323,0.111116,0.525257,-1.575776,0.785263,0.713088,-0.607789,-1.700755,0.340349,-0.710904,-0.414436,0.780803,0.174649,-0.801233,-0.375817,0.449779,0.525650,165.371620,1.288736,-1.652568,0.510927,0.161625,1.014926,-0.964784,-1.353640,0.629958,0.208778,0.315671,0.537888,0.062066,0.521601,-0.681846,0.406430
-0.353811,0.753606,0.696017,0.289079,0.512198,0.244120,-1.369741,0.251740,0.728438,0.235071,0.172402,0.277911,0.743209,0.761597,0.325511,0.182009,0.220396,0.559240,-1.417997,0.669002,0.477708,-0.705317,-1.468595,0.855298,-0.651102,-0.765671,0.983080,0.228486,-0.055864,-0.787272,1.613313,0.212685,219.917995,1.165347,-1.898109,0.287674,0.331342,2.204780,-0.571729,0.341640,0.095031,0.309057,0.396918,0.207860,0.485598,1.072600,-1.365423,0.554072
0.192374,0.844176,2.863869,0.053304,0.575869,0.371462,-1.418701,0.434548,0.089290,0.035914,0.066950,0.208488,0.619088,-0.114209,0.108512,0.050286,0.016006,-0.085461,-1.419481,0.580776,0.019847,-0.272924,-1.238311,0.411716,-0.058847,0.064451,0.733840,0.048293,-0.617690,-0.501600,0.244454,0.122903,693.729245,1.298900,-1.490083,0.029056,0.128701,1.975918,-0.389928,0.808335,0.025545,0.007694,0.181681,0.204204,-0.378624,0.265222,-0.261113,0.282687
-0.607053,0.703379,1.644170,0.220940,0.680445,0.363890,-1.329748,0.727474,0.221641,0.094618,0.270247,0.271242,0.905080,0.664604,0.318015,0.142604,0.102460,0.135398,-1.334114,0.758560,0.132532,-0.882821,-1.564591,0.633221,-0.745611,-0.523941,0.959189,0.165239,-0.887982,-0.417566,0.485152,0.306014,584.823771,1.199063,-1.563329,0.144201,0.225453,1.755908,-0.922570,-1.157945,0.655613,0.171111,0.395976,0.274923,0.119070,0.842916,-0.829823,0.311604
-0.607053,0.750524,0.253729,0.223147,0.509833,0.378938,-1.155357,0.509188,1.056137,0.123106,0.383517,0.203990,0.905080,0.664604,0.176384,0.175607,0.135659,0.240824,-0.976919,0.798303,0.831135,-0.882821,-1.580029,0.633221,-0.745611,-0.461252,0.959189,0.189827,-0.814006,-0.294158,0.485152,0.587129,151.119063,0.880117,-1.902237,0.561601,0.170775,1.069606,-0.948948,-1.310383,0.610497,0.200655,0.488476,0.604423,0.119070,0.503374,-0.829823,0.140812
-0.455481,0.721495,1.261849,0.281347,0.542900,0.451488,-1.456628,0.296038,0.889760,0.289824,0.226631,0.326523,0.806444,1.030521,0.405823,0.276425,0.264684,0.617848,-1.514094,1.043027,0.745713,-0.346503,-1.370177,0.873708,-0.865222,-0.822661,1.130871,0.286326,0.174926,-0.843171,2.298719,0.230920,319.637510,1.426159,-1.864659,0.384018,0.268420,2.035064,-0.628400,0.105083,0.156525,0.359632,0.309427,0.170842,0.610427,1.104096,-1.245849,0.529238
0.061795,0.793231,2.882705,0.070897,0.586115,0.323049,-1.468043,0.489843,0.282468,0.040257,0.112120,0.239111,0.618755,-0.105542,0.134087,0.052680,0.013706,-0.315075,-1.467561,0.571678,0.033689,-0.410070,-1.071691,0.357879,-0.039790,0.101471,0.871719,0.063945,-0.658878,-0.563086,0.256903,0.128898,709.890919,1.311944,-1.514606,0.013956,0.154311,1.616743,-0.375685,0.748281,0.022906,0.006061,0.243336,0.270587,-0.402256,0.396863,-0.452390,0.325531
-0.559082,0.639525,1.600550,0.225206,0.665393,0.251740,-1.509943,0.738402,0.152033,0.088408,0.221524,0.284468,0.880023,0.644412,0.298302,0.144443,0.099189,0.122444,-1.495991,0.757493,0.048301,-0.653822,-1.491952,0.358168,-0.781211,-0.406199,1.019999,0.155380,-0.862359,-0.381758,0.442431,0.369308,542.970005,1.354627,-1.683474,0.138125,0.227101,1.739144,-1.020314,-1.136578,0.612372,0.187234,0.289746,0.260673,0.049410,1.116531,-0.689322,0.410917
-0.559082,0.723477,0.251674,0.228935,0.508664,0.478169,-1.437756,0.503486,0.993865,0.127392,0.333677,0.363297,0.880023,0.644412,0.176967,0.178731,0.133817,0.723244,-1.557044,0.797070,0.797496,-0.653822,-1.500716,0.692373,-0.781211,-0.418180,1.019999,0.188912,-0.839770,-0.351553,0.442431,0.607979,153.407342,1.437145,-1.408070,0.560597,0.195285,1.129028,-1.020314,-1.228381,0.599438,0.204837,0.436228,0.601831,0.049410,0.864349,-0.741214,0.313686
-0.365104,0.623190,0.831522,0.383466,0.591069,0.516879,-1.370445,0.337985,0.837707,0.237090,0.215314,0.232962,0.849471,0.777472,0.307073,0.221494,0.274015,0.287123,-1.552102,0.724639,0.797496,-0.379677,-1.580222,0.724649,-0.735097,-0.567297,0.883593,0.285927,0.250310,-0.828387,1.874909,0.314307,250.120021,1.441540,-1.567758,0.425344,0.335479,1.234129,-0.677673,0.065312,0.186583,0.314264,0.272121,0.115866,0.875960,1.300291,-1.424534,0.789204
0.270710,0.590273,2.866445,0.067366,0.553007,0.477415,-1.401430,0.424920,0.405088,0.029549,0.153379,0.205529,0.660097,-0.111074,0.115360,0.060259,0.010488,-0.275364,-1.392219,0.566249,0.018692,-0.575473,-1.229541,0.864753,-0.062463,0.029969,0.745510,0.050530,-0.549687,-0.587286,0.253641,0.135446,679.142487,1.302505,-1.628366,0.046738,0.166834,1.765701,-0.373720,0.496359,0.064248,0.005126,0.347835,0.264526,-0.408529,0.700419,-0.798875,0.335791
-0.225720,0.609746,1.444650,0.364152,0.621613,0.347503,-1.442514,0.615736,0.209670,0.090505,0.216254,0.221463,0.890627,0.623007,0.240071,0.168518,0.108062,-0.170729,-1.475342,0.820580,0.130301,-0.758764,-1.551379,1.346730,-0.675264,-0.368926,0.687440,0.156099,-0.854754,-0.467155,0.552561,0.325359,475.033353,1.331976,-1.748374,0.127781,0.212459,1.768293,-0.863488,-1.239165,0.607039,0.184119,0.216112,0.289205,0.021742,1.351731,-0.662646,0.336581
-0.225720,0.773054,0.244729,0.283262,0.505153,0.328975,-1.326462,0.411040,1.024330,0.108553,0.305742,0.288718,0.890627,0.623007,0.124173,0.262337,0.163111,0.288457,-1.488835,0.824065,0.513384,-0.758764,-1.318435,1.640698,-0.675264,-0.272949,0.717593,0.188893,-0.825474,-0.449641,0.552561,0.439735,148.856229,1.291182,-1.670010,0.548222,0.211688,1.028382,-0.913910,-1.293510,0.608982,0.194139,0.128131,0.566295,0.021742,0.261016,-0.662646,0.438480
-0.122077,0.671963,1.482343,0.404636,0.552021,0.330605,-1.258969,0.195161,0.733438,0.202742,0.218323,0.442221,0.773954,0.855441,0.334057,0.355687,0.399637,0.576810,-1.325188,0.668905,0.552901,-0.686739,-1.637904,0.654669,-1.140115,-0.689996,0.968445,0.291958,0.281317,-0.689663,1.508151,0.285549,393.182548,1.207877,-1.925566,0.373481,0.405440,1.350477,-0.685245,0.226523,0.135147,0.307235,0.271399,0.095423,1.308308,0.933072,-1.235175,0.977523
0.317307,0.795702,2.673359,0.071856,0.506099,0.419969,-1.287954,0.334726,0.368540,0.027184,0.117397,0.128427,0.598636,-0.106593,0.121491,0.130830,0.028094,-0.418026,-1.242034,0.606760,0.093054,-0.606553,-1.270877,0.589754,-0.089480,0.018215,0.840106,0.064139,-0.481578,-0.549128,0.270434,0.174424,707.114785,1.250300,-1.475901,0.052334,0.256671,1.871425,-0.369899,0.568674,0.114889,0.007243,0.306465,0.244488,-0.330878,0.711606,-0.687216,0.730948
-1.052812,0.686690,1.570281,0.480155,0.617998,0.246832,-1.400246,0.812871,0.119797,0.100943,0.240422,0.204987,0.773097,0.458559,0.229897,0.181697,0.136276,-0.274857,-1.166873,0.745218,0.377088,-0.765957,-1.561967,1.807110,-0.384013,-0.369638,0.687931,0.120925,-0.776797,-0.315251,0.465761,0.182802,533.250810,0.934086,-1.506531,0.103984,0.238593,1.902937,-1.275773,-1.192114,0.662328,0.157462,0.279720,0.233380,0.138928,1.413459,-0.551716,0.482035
-1.052812,0.797157,0.274667,0.399896,0.394341,0.363643,-1.257181,0.718792,0.784888,0.088297,0.291303,0.308126,0.773097,0.458559,0.071968,0.215970,0.166601,0.330005,-1.023296,0.768295,0.479146,-0.697972,-1.554480,1.807110,-0.384013,-0.296246,0.687931,0.182520,-0.641580,-0.301066,0.465761,0.249585,165.909205,0.815990,-1.953849,0.425635,0.210466,1.108465,-1.275773,-1.334214,0.611735,0.191302,0.168303,0.401214,0.138928,0.630668,-0.498080,0.482035
-0.039488,0.782901,1.865268,0.365093,0.530431,0.221124,-1.429648,0.224056,0.438232,0.194353,0.225697,0.464853,0.720797,0.741012,0.316548,0.289010,0.236506,0.665228,-1.441223,0.652424,0.170770,-0.674951,-1.627278,0.493765,-0.865787,-0.952886,0.879834,0.241959,0.097334,-0.722697,1.699016,0.244941,484.702194,1.345779,-1.846294,0.224604,0.317593,2.230855,-0.493521,0.637725,0.042113,0.264693,0.219715,0.080145,0.641613,1.325048,-0.742426,0.773772
0.428480,0.889719,2.446589,0.049195,0.522994,0.279569,-1.411085,0.340905,0.104113,0.029387,0.073769,0.210695,0.556293,-0.126344,0.092059,0.038023,0.009277,-0.475142,-1.431902,0.589853,0.021405,-0.543589,-1.312399,0.590754,-0.054936,0.098423,0.795283,0.042258,-0.685062,-0.556903,0.232660,0.316856,615.068091,1.341838,-1.807731,0.022213,0.135528,2.026514,-0.365433,0.827658,0.025355,0.004152,0.347955,0.231240,-0.410940,0.771153,-0.632012,0.359425
-1.713312,0.598294,2.003601,0.459953,0.600791,0.485449,-1.428279,1.057456,-0.254483,0.115475,0.166932,0.328035,0.753356,0.326246,0.228613,0.185949,0.175345,0.011856,-1.254857,0.648947,0.341661,-0.657536,-1.717683,1.138878,-0.209872,-0.388523,0.795283,0.073424,-1.029781,-0.255763,0.456713,0.410174,680.974677,1.126731,-1.601226,0.059314,0.254095,1.998015,-1.256287,-0.774136,0.479452,0.145919,0.645743,0.191812,0.383033,1.752006,-0.812915,0.590793
-1.713312,0.684063,0.271092,0.445154,0.427830,0.381554,-1.402769,0.893928,0.851481,0.109381,0.308203,0.268429,0.753356,0.326246,0.130461,0.256912,0.211843,0.323498,-1.405720,0.730628,0.546980,-0.374964,-1.751970,1.183653,-0.582866,-0.234230,0.724547,0.100176,-0.988930,-0.334724,0.536290,0.447599,162.752604,1.285568,-1.806466,0.460423,0.230012,1.106630,-1.256287,-1.299024,0.516850,0.175229,0.449386,0.594183,0.383033,0.339168,-0.812915,0.590793
-0.389556,0.790667,1.063559,0.342501,0.506431,0.255267,-1.302399,0.299910,0.628645,0.266091,0.198850,0.403100,0.778651,1.149621,0.290595,0.260397,0.257461,0.668433,-1.301904,0.837953,0.539754,-0.536093,-1.515282,0.695588,-0.867734,-0.719376,0.821174,0.274664,0.036474,-0.901583,2.268843,0.170749,284.303249,1.113440,-1.720615,0.324812,0.223040,1.770378,-0.591096,0.335193,0.104502,0.362506,0.275818,0.131619,0.657033,0.763590,-0.732236,0.501620
0.162210,0.938187,2.467077,0.023368,0.571219,0.346346,-1.420199,0.476513,0.113670,0.040556,0.061415,0.116510,0.614205,-0.116863,0.084529,0.058957,0.011617,-0.437431,-1.387443,0.568407,0.034703,-0.325867,-1.209548,0.505107,-0.078459,0.112276,0.668038,0.053755,-0.562197,-0.561034,0.249315,0.114170,650.806494,1.299931,-1.630678,0.033485,0.117037,1.987871,-0.377515,0.812270,0.062253,0.004551,0.269879,0.168693,-0.401458,0.389141,-0.397974,0.297381
-0.598821,0.637895,1.303540,0.344802,0.637052,0.525550,-1.326731,0.783964,0.117517,0.074086,0.278524,0.126341,0.769808,0.814999,0.281372,0.163862,0.094237,-0.134186,-1.038420,0.743761,0.287940,-0.672981,-1.538891,1.261181,-0.399057,-0.272608,0.766964,0.097315,-0.911763,-0.277813,0.428377,0.216850,477.442846,1.027537,-1.711992,0.117188,0.204379,2.085604,-0.973523,-1.029411,0.613637,0.181436,0.227785,0.251036,0.221343,1.263708,-0.397974,0.366135
-0.598821,0.691709,0.277629,0.293284,0.422121,0.432426,-1.323884,0.536252,0.866693,0.090927,0.336771,0.325378,0.769808,0.814999,0.106084,0.190895,0.118156,0.196458,-1.358115,0.750210,0.561140,-0.672981,-1.416008,1.261181,-0.399057,-0.382815,0.766964,0.167783,-0.858573,-0.350835,0.428377,0.433900,163.596829,1.298671,-1.765794,0.465828,0.153455,1.125564,-0.973523,-1.144703,0.575224,0.205709,0.217115,0.502797,0.221343,0.505986,-0.369988,0.289769
-0.309077,0.729755,0.715887,0.300015,0.523490,0.355283,-1.302729,0.333288,0.621569,0.198163,0.192294,0.350889,0.744344,0.840536,0.351445,0.177850,0.264198,0.683856,-1.201305,0.646019,0.535887,-0.636749,-1.489602,0.673910,-0.811913,-0.964853,0.922968,0.234969,0.146781,-0.750490,1.661018,0.158127,217.256008,1.197137,-1.692911,0.273546,0.291088,1.354270,-0.599848,0.471425,0.074485,0.260993,0.303418,0.125705,0.916428,1.031437,-1.070490,0.341996
0.169995,0.872967,3.893280,0.045564,0.557224,0.303045,-1.357947,0.410083,0.307681,0.032300,0.080859,0.162692,0.638221,-0.113233,0.098474,0.045234,0.008907,-0.187693,-1.394294,0.564413,0.027463,-0.307717,-1.056165,0.355822,-0.026707,0.090373,0.738482,0.043009,-0.624486,-0.569815,0.245568,0.074615,909.788305,1.369284,-1.621026,0.025900,0.075004,2.084396,-0.380931,0.721222,0.056209,0.005948,0.194422,0.244154,-0.426435,0.502243,-0.219863,0.156430
-0.680296,0.653171,1.951563,0.171580,0.659359,0.256278,-1.591663,0.740513,0.027821,0.083168,0.199692,0.217502,0.849155,0.714858,0.238197,0.113011,0.080162,0.007943,-1.619200,0.721988,0.086931,-0.579343,-1.516247,0.228415,-0.716055,-0.487183,0.852884,0.122243,-0.877745,-0.382307,0.346857,0.303228,649.793498,1.456575,-1.633696,0.131588,0.190590,1.802727,-0.989715,-1.022949,0.614755,0.179278,0.298742,0.225583,-0.049999,1.088327,-0.605952,0.310796
-0.680296,0.668724,0.269554,0.202304,0.451290,0.348390,-1.378475,0.540567,0.804296,0.103550,0.337636,0.282281,0.849155,0.714858,0.111216,0.161244,0.122307,0.565724,-1.365194,0.748986,0.703346,-0.579343,-1.741623,0.228415,-0.716055,-0.487183,0.852884,0.125528,-0.828515,-0.257485,0.346857,0.539311,158.384734,1.283704,-1.767632,0.497541,0.133222,1.100427,-0.989715,-1.230289,0.542828,0.196430,0.361297,0.545960,-0.049999,0.731541,-0.605952,0.224831
-0.460857,0.776769,1.217184,0.304957,0.519098,0.308057,-1.543289,0.320942,0.759773,0.215663,0.158679,0.249990,0.730275,0.879706,0.414891,0.180869,0.242851,0.562074,-1.685112,0.735410,0.658469,-0.507408,-1.587067,0.723416,-0.487598,-0.628315,1.247214,0.242555,0.008162,-0.795995,1.636205,0.226559,341.970888,1.473066,-1.746569,0.373481,0.270536,1.914075,-0.561020,0.155446,0.164115,0.321560,0.358566,0.186980,0.653629,0.890835,-1.039976,0.636697
0.055140,0.892212,3.191619,0.041423,0.588088,0.358299,-1.121105,0.517175,0.133970,0.043153,0.085947,0.198097,0.626496,-0.119238,0.144078,0.066708,0.013280,-0.097780,-0.746660,0.567982,0.033095,-0.395134,-1.199579,0.439787,-0.069149,0.074577,0.703631,0.057109,-0.658733,-0.593292,0.243651,0.119196,830.836337,0.651620,-1.700894,0.022584,0.139927,2.225551,-0.372250,0.788865,0.052533,0.004966,0.217060,0.224735,-0.396701,0.446350,-0.373897,0.414919
-0.666243,0.664372,1.553027,0.259407,0.655128,0.253494,-1.192893,0.780485,0.118798,0.089912,0.221807,0.340458,0.848946,0.624006,0.272236,0.142711,0.110570,0.201756,-0.836391,0.758154,0.216508,-0.537065,-1.596684,0.565980,-0.773912,-0.562665,0.735936,0.144519,-0.901644,-0.368477,0.507123,0.294951,586.002326,0.819419,-1.511939,0.144136,0.214231,2.040543,-0.985033,-1.199306,0.659375,0.177475,0.447513,0.246332,0.168093,1.444792,-0.777110,0.443542
-0.666243,0.763725,0.267198,0.256778,0.418693,0.424233,-1.394568,0.533814,0.891766,0.091467,0.303420,0.343480,0.848946,0.624006,0.117898,0.161334,0.143833,0.608250,-1.344392,0.767263,0.744270,-0.537065,-1.608149,0.286631,-0.773912,-0.228900,0.739335,0.174329,-0.773378,-0.453157,0.507123,0.448271,165.394689,1.139986,-1.774143,0.456839,0.156767,1.189474,-0.985033,-1.278674,0.612960,0.199654,0.629025,0.493076,0.168093,0.802123,-0.812598,0.325522
-0.445282,0.824037,1.941856,0.340570,0.524586,0.317178,-1.321756,0.257645,0.599120,0.275775,0.127208,0.296425,0.768920,1.094233,0.281887,0.204030,0.270834,0.577332,-1.391953,0.799856,0.472815,-0.531404,-1.514602,0.838428,-0.637207,-0.986250,0.753836,0.278773,-0.043316,-0.928788,2.311755,0.182788,513.921901,1.261967,-1.621821,0.230167,0.240660,2.049647,-0.619796,0.602303,0.056188,0.380587,0.318758,0.164978,0.823626,1.084110,-1.069939,0.338077
0.232967,0.915460,3.175289,0.066124,0.532928,0.313527,-1.170218,0.372724,-0.010000,0.037398,0.076219,0.203276,0.573792,-0.088667,0.062999,0.084544,0.020144,0.024744,-1.106027,0.606755,-0.002469,-0.312889,-1.320381,0.037956,-0.099805,0.067908,0.703381,0.067483,-0.692232,-0.551068,0.291592,0.080389,826.782068,1.085541,-1.747863,0.019735,0.152175,2.297159,-0.371642,0.800587,0.050839,0.013115,0.322730,0.219046,-0.330881,0.332942,-0.275549,0.314763
-0.129630,0.621682,0.329552,0.226597,0.528884,0.195997,-1.234671,0.539818,0.387156,0.086983,0.144191,0.378174,0.817498,0.638021,0.267097,0.166460,0.087225,0.324047,-1.231351,0.805102,0.509728,-0.447127,-1.667714,0.225204,-0.516776,-0.358033,1.159992,0.141853,-0.929988,-0.208511,0.380911,0.643752,183.123448,1.052600,-1.392699,0.445198,0.143185,0.739253,-0.974236,-0.975503,0.625740,0.150909,0.241968,0.471250,-0.119577,0.990088,-0.442961,0.219569
0.509338,1.194443,0.293773,0.021850,0.349354,0.142920,-0.831408,0.048655,-0.143844,0.032186,0.047494,0.119034,0.418279,-0.130161,0.109430,0.043301,0.008793,0.028617,-0.952305,0.577768,0.062399,-0.108084,-1.208053,-0.099174,-0.008404,-0.228465,1.116508,0.107074,-0.666603,-0.478721,0.242734,0.142245,175.184837,0.800500,-1.690109,0.066388,0.086444,1.126939,-0.371016,0.781039,0.108203,0.002101,0.163782,0.121127,-0.411134,0.207735,-0.189386,0.262480
0.624149,1.236250,0.248720,0.003321,0.371023,0.027540,-0.840331,0.018316,-0.621461,0.003958,0.010343,0.031229,0.378828,-0.133965,0.014790,0.010700,0.002005,-0.210402,-0.913962,0.547008,0.016503,-0.039714,-1.137408,-0.372949,0.009734,0.199172,0.429301,0.011254,-0.664904,-0.116001,0.231487,0.038475,134.563120,0.804920,-1.598652,0.002750,0.016063,0.914820,-0.365809,1.201565,0.016106,0.000878,0.068167,0.010254,-0.427902,-0.005184,0.015288,-0.008662
0.662026,1.180851,0.260365,0.003596,0.374066,0.133067,-0.794818,0.019349,-0.599691,0.002445,0.018012,0.055892,0.385035,-0.133040,0.023135,0.014250,0.002709,-0.187723,-0.924965,0.545813,0.029738,-0.099136,-0.690656,-0.371331,0.006298,0.189460,0.450997,0.010980,-0.693376,-0.116107,0.227427,0.037867,131.560190,0.746164,-1.517536,0.003774,0.023533,1.083790,-0.365011,1.141334,0.015083,0.001265,0.067157,0.025646,-0.427357,0.122216,0.000642,-0.013824
0.751565,0.596155,0.344228,0.260550,0.465505,0.291450,-1.326626,0.163215,0.802770,0.045544,0.169581,0.278005,0.517403,0.069207,0.041812,0.085243,0.026924,-0.149929,-1.193710,0.636058,0.008096,-0.475321,-1.073424,0.461209,-0.188053,-0.069306,0.537511,0.066181,-0.593983,-0.058035,0.295383,0.606580,185.791872,1.123925,-1.403071,0.056051,0.090437,1.131435,-0.543464,-0.623884,0.556837,0.042824,0.523248,0.453251,-0.345196,0.493663,-0.149436,-0.057709
0.280678,0.349086,0.219489,0.225201,0.239858,0.101377,-1.382781,0.271180,0.853482,0.050622,0.148156,0.279540,0.517403,0.069207,0.044214,0.080226,0.052142,-0.091267,-1.260709,0.636058,-0.023066,-0.475321,-1.166722,0.461209,-0.560928,-0.069306,0.537511,0.087812,0.108278,-0.258220,0.347064,0.331197,152.925060,1.176063,-1.545136,0.236154,0.085429,0.988921,-0.686035,-0.657720,0.337624,0.059340,0.357170,0.203728,-0.345196,0.493663,-0.274692,0.007859
-0.047749,0.479973,0.263792,0.184875,0.310964,0.289853,-1.006826,0.191911,0.713291,0.090401,0.151851,0.204752,0.525331,0.396835,0.180684,0.156578,0.146256,0.299032,-1.006386,0.619971,0.105766,-0.504019,-1.499303,0.357231,-0.339614,-0.347105,0.512599,0.122624,0.163964,-0.414958,0.717890,0.148913,134.245047,1.036630,-1.718322,0.222919,0.163109,1.046947,-0.558811,-0.176514,0.240933,0.132523,0.160234,0.160296,0.317280,0.468143,-0.698789,0.204834
-0.047749,0.733660,1.231548,0.148322,0.480908,0.305474,-1.029135,0.247279,0.262249,0.024497,0.089033,0.168131,0.525331,-0.019243,0.228568,0.134540,0.046070,0.256099,-1.022079,0.579945,0.105766,-0.555634,-1.129883,0.357231,-0.071478,-0.277874,0.766965,0.102680,-0.271256,-0.432805,0.255439,0.054197,342.193146,1.089132,-1.583702,0.022451,0.211374,1.707269,-0.396122,0.574690,0.098890,0.026471,0.230157,0.164989,-0.347061,0.105881,-0.713507,0.364729
0.173808,0.581146,1.375308,0.039890,0.529349,0.546603,-1.183838,0.321851,0.283551,0.024708,0.055442,0.173056,0.597897,-0.120196,0.097823,0.060019,0.014508,-0.195018,-1.218551,0.583631,0.016957,-0.335689,-1.251446,-0.049910,-0.067520,0.123140,0.837127,0.026880,-0.127831,-0.369038,0.244859,0.067714,372.109187,1.132340,-1.443376,0.034945,0.118521,1.968869,-0.392543,0.535266,0.018696,0.007719,0.282157,0.119423,-0.389542,0.293297,-0.219068,0.274713
0.772223,0.569290,1.176383,0.060069,0.539421,0.466088,-1.540963,0.277833,0.075949,0.027547,0.099499,0.205055,0.597897,-0.093989,0.174721,0.049814,0.013989,-0.251706,-1.572400,0.583631,-0.007382,-0.368529,-1.373295,-0.185207,-0.168129,-0.147989,0.689265,0.037470,-0.212695,-0.339245,0.244859,0.168459,334.138881,1.336466,-1.591017,0.033591,0.085863,1.732499,-0.392543,0.412327,0.038963,0.011087,0.245045,0.093589,-0.389542,0.293297,-0.189271,0.274252
0.808004,0.342936,0.282609,0.477651,0.304691,0.175706,-1.356682,0.252792,0.761097,0.033182,0.325258,0.194669,0.651417,0.415672,0.155320,0.286975,0.169296,-0.251706,-1.292533,0.734174,-0.084920,-0.972884,-1.434310,4.240595,-0.980606,-0.147989,0.595229,0.110799,-0.207087,-0.318976,0.326284,0.621922,167.753612,1.298258,-1.637934,0.289625,0.255963,1.069697,-0.728658,-0.494709,0.335036,0.120453,0.245156,0.365043,-0.075733,0.061815,-1.133355,0.646472
0.660508,0.712565,1.076643,0.017479,0.360468,0.098947,-1.209358,0.058022,0.258135,0.013503,0.033628,0.157245,0.437892,-0.133317,0.102314,0.041203,0.006562,0.038471,-1.138923,0.561285,0.019215,-0.467440,-1.231601,-0.525470,-0.009639,0.088148,0.511772,0.038630,0.123071,-0.249068,0.245217,0.205541,359.392673,1.139859,-1.535489,0.031238,0.071781,2.053753,-0.370892,0.503537,0.106103,0.004268,0.184516,0.032682,-0.392331,-0.033016,-0.286834,0.211461
0.632401,1.081695,0.253954,0.017172,0.351341,0.217131,-0.713658,0.037488,-0.191793,0.011049,0.047418,0.146165,0.389241,-0.127017,0.074018,0.036096,0.005889,0.168554,-0.913956,0.563637,0.033917,-0.413325,-1.136132,-0.219819,0.011542,0.132225,0.583390,0.058372,-0.543700,-0.336617,0.235015,0.217924,133.459493,0.672014,-1.645622,0.029322,0.124963,1.009804,-0.371810,0.857119,0.102581,0.002516,0.168134,0.097697,-0.413470,0.083072,-0.029530,0.162856
0.665956,1.188409,0.241560,0.005385,0.367974,0.093085,-0.851759,0.027471,-0.580286,0.006735,0.013279,0.042012,0.387045,-0.119937,0.017451,0.013548,0.003151,-0.219751,-0.630770,0.560831,0.019869,-0.070532,-1.079363,-0.319207,0.011147,0.178979,0.437291,0.016836,-0.647198,-0.118475,0.239148,0.031783,126.682082,0.633980,-1.682294,0.020945,0.020485,1.085516,-0.363990,1.157760,0.012759,0.002450,0.171519,0.016683,-0.426597,0.031882,0.003864,-0.056916
0.198436,0.857881,1.149537,0.205916,0.551290,0.200204,-1.243801,0.371226,1.227589,0.068723,0.137553,0.098158,0.830057,0.453763,0.079663,0.123529,0.057912,-0.070190,-1.221625,0.807131,0.344610,-0.381214,-1.482502,0.353937,-0.426137,-0.415617,0.558141,0.113450,-0.590662,-0.117800,0.517822,0.873628,361.707828,1.128876,-1.646289,0.218676,0.082984,1.842181,-0.692603,-1.284510,0.918235,0.081378,0.194737,0.649845,-0.180234,0.552799,-0.427255,-0.016177
-0.116922,0.808890,0.235196,0.189321,0.339209,0.296365,-1.257597,0.196264,1.227589,0.112559,0.205407,0.068617,0.710056,0.615441,0.113541,0.144270,0.136572,-0.123358,-1.278829,0.807131,0.444893,-0.282860,-1.217484,0.353937,-0.463265,-0.499150,0.600226,0.184942,0.466532,-0.504315,0.957520,0.309986,159.451357,1.159358,-1.912364,0.380669,0.150409,1.024094,-0.738279,-1.284510,0.808650,0.206005,0.261528,0.249624,0.042041,0.633758,-0.447824,0.025109
-0.549529,0.769793,1.384570,0.207334,0.570636,0.512407,-1.297316,0.328463,0.663494,0.095590,0.136551,0.224805,0.727267,0.615441,0.306572,0.184344,0.147798,0.363330,-1.247783,0.694075,0.214391,-0.243278,-1.400941,0.638543,-0.463265,-0.553833,0.943991,0.216751,0.093872,-0.535364,0.957520,0.109979,335.419579,1.127983,-1.724084,0.089958,0.192148,2.232516,-0.398820,0.674016,0.113263,0.207190,0.361624,0.171548,0.042041,0.633758,-0.899674,0.329604
0.411267,0.788934,2.789273,0.029648,0.542479,0.354831,-1.364300,0.370621,0.228449,0.026492,0.070267,0.282807,0.626476,-0.116196,0.135779,0.053416,0.010362,0.363330,-1.206118,0.571997,0.012272,-0.315697,-1.186858,0.176121,-0.048748,0.104471,0.694735,0.048495,-0.705116,-0.452531,0.245850,0.239933,682.856870,1.168940,-1.580325,0.042281,0.077388,2.254022,-0.382753,0.686460,0.052200,0.006209,0.205356,0.273526,-0.372957,0.211277,-0.165688,0.221910
-0.369585,0.672338,1.635323,0.166633,0.662602,0.255503,-1.229517,0.704552,0.139423,0.057549,0.188790,0.226697,0.847143,0.445918,0.337093,0.113444,0.065640,0.043621,-0.896009,0.725397,0.118630,-0.633327,-1.564464,0.259690,-0.762888,-0.363577,0.957892,0.132336,-0.833162,-0.385177,0.283481,0.314512,594.154274,0.744783,-1.623051,0.125647,0.225791,2.059304,-0.803942,-1.089147,0.625433,0.125508,0.144981,0.256419,-0.130368,0.778480,-0.520684,0.393089
-0.369585,0.713504,0.254597,0.170219,0.474784,0.335391,-1.414348,0.473293,0.907266,0.088015,0.260405,0.222477,0.847143,0.445918,0.119183,0.130949,0.089871,0.197515,-1.430419,0.749794,0.653562,-0.633327,-1.580236,0.432298,-0.762888,-0.404701,0.957892,0.155069,-0.727898,-0.289529,0.347860,0.642621,160.571403,1.229464,-1.670359,0.525961,0.138383,0.985734,-0.920575,-1.274839,0.572448,0.151740,0.355786,0.523835,-0.130368,0.506411,-0.520684,0.200774
-0.384141,0.712105,0.906338,0.307809,0.537443,0.268464,-1.422798,0.257686,0.827093,0.290622,0.185299,0.284721,0.797231,1.022517,0.377253,0.234475,0.260828,0.542630,-1.493632,0.924229,0.465448,-0.593846,-1.453340,0.797597,-0.909734,-0.662286,1.155000,0.257366,0.092786,-0.810178,2.374047,0.248813,265.134159,1.367649,-1.768153,0.356866,0.287619,1.465666,-0.611448,0.156198,0.140917,0.349830,0.417803,0.184675,0.717204,1.202061,-1.163576,0.427399
0.144920,0.809731,2.623977,0.057321,0.578694,0.261868,-1.364385,0.455731,0.174218,0.034202,0.102173,0.180946,0.629731,-0.109797,0.121567,0.064704,0.013577,-0.167096,-1.579967,0.574393,-0.000648,-0.439394,-1.155065,0.246027,-0.056466,0.048684,0.775447,0.055638,-0.677801,-0.562340,0.244870,0.165872,662.146771,1.342926,-1.627641,0.027957,0.147768,1.353382,-0.388639,0.758347,0.029886,0.004962,0.382171,0.257000,-0.401106,0.695880,-0.470974,0.343358
-0.551244,0.655925,1.448667,0.225063,0.656467,0.253705,-1.360411,0.733942,0.149912,0.093356,0.227509,0.293288,0.857685,0.711919,0.260729,0.135572,0.102769,0.192517,-1.377275,0.820263,0.192104,-0.577919,-1.490907,0.568558,-0.662883,-0.454034,0.756155,0.145369,-0.934736,-0.358874,0.538588,0.270088,507.622404,1.216073,-1.619217,0.150803,0.197120,1.769539,-0.970440,-1.244261,0.664438,0.191290,0.319221,0.267993,0.189679,1.180852,-0.619036,0.410392
-0.551244,0.771918,0.279095,0.228644,0.448736,0.288424,-1.307094,0.514678,0.805469,0.110758,0.324707,0.308313,0.857685,0.711919,0.104654,0.136114,0.123959,0.661955,-1.274838,0.820263,0.658098,-0.577919,-1.638704,0.478657,-0.662883,-0.266096,0.678153,0.196513,-0.785742,-0.284012,0.538588,0.417433,178.905611,1.180220,-1.873146,0.498408,0.095213,1.063757,-0.970440,-1.326430,0.657050,0.232422,0.194460,0.473935,0.189679,0.256975,-0.619036,0.197590
-0.354886,0.779580,0.951215,0.285601,0.521618,0.233294,-1.387239,0.243639,0.560228,0.249267,0.175498,0.315957,0.770692,0.899979,0.315725,0.208369,0.242245,0.780720,-1.407502,0.930366,0.289526,-0.610435,-1.332285,0.983247,-0.715929,-0.668302,0.967024,0.271734,0.015084,-0.851323,1.811161,0.145555,279.346039,1.366175,-1.820610,0.250104,0.258048,1.903314,-0.580743,0.558408,0.071614,0.342253,0.413900,0.152368,0.401306,0.596176,-0.952756,0.447269
0.242185,0.861837,2.718867,0.063406,0.582540,0.206566,-1.319658,0.440748,0.097500,0.044524,0.047378,0.158798,0.684819,-0.098415,0.109715,0.059944,0.018510,-0.341818,-1.102335,0.594415,0.009054,-0.298142,-1.175686,0.034826,-0.093114,0.083725,0.677930,0.062664,-0.658755,-0.528253,0.260393,0.111707,657.523794,1.107031,-1.466278,0.065374,0.085503,2.018696,-0.413482,0.712348,0.067231,0.012266,0.283081,0.222556,-0.360835,0.514926,-0.193644,0.194189
-0.692625,0.639213,1.447698,0.193780,0.674109,0.346917,-1.404980,0.779457,0.201117,0.099263,0.255235,0.274142,0.870033,0.734270,0.276929,0.159856,0.085936,0.118125,-1.410765,0.774154,0.228021,-0.764571,-1.577861,0.457394,-0.706548,-0.657822,0.872272,0.180239,-0.929188,-0.295808,0.463022,0.292410,515.206225,1.165582,-1.560726,0.141384,0.219112,1.332669,-1.029537,-1.147823,0.619045,0.204388,0.357393,0.281429,0.003786,1.128216,-0.848106,0.398101
-0.692625,0.724536,0.264227,0.204311,0.483461,0.425243,-1.386880,0.536908,0.953936,0.134819,0.337550,0.228956,0.870033,0.734270,0.173479,0.178617,0.129171,0.264703,-1.366565,0.787242,0.740692,-0.764571,-1.626532,0.457394,-0.706548,-0.657822,0.872272,0.216717,-0.878652,-0.248583,0.463022,0.522513,175.577525,1.195088,-1.598229,0.540456,0.181806,1.041110,-1.029537,-1.285751,0.615890,0.230022,0.577386,0.574383,0.003786,0.552621,-0.848106,0.182262
-0.406545,0.664208,0.848169,0.267537,0.531162,0.486096,-1.334492,0.318096,0.744217,0.197025,0.132961,0.387056,0.772006,0.916513,0.381056,0.194920,0.202707,0.632548,-1.212918,0.692786,0.616138,-0.230495,-1.399582,0.609330,-0.749495,-0.791453,1.121234,0.257274,0.093025,-0.758004,1.203263,0.175186,268.248136,1.186076,-1.588501,0.357981,0.216484,1.294255,-0.659116,0.192018,0.128105,0.289240,0.275878,0.151054,0.431342,0.772238,-0.883367,0.371562
0.169494,0.790922,2.908973,0.048415,0.571747,0.363002,-1.242562,0.446025,0.229044,0.040848,0.081544,0.191688,0.629596,-0.114120,0.140220,0.069849,0.015552,-0.089120,-1.060156,0.582182,0.028972,-0.457858,-1.045167,0.408482,-0.039948,0.066211,0.874810,0.079280,-0.706216,-0.585643,0.253094,0.131813,773.090958,0.947946,-1.610988,0.033363,0.183394,1.998452,-0.376278,0.674400,0.040381,0.005824,0.273953,0.262844,-0.389022,0.368017,-0.401382,0.401584
-0.479473,0.648298,1.700097,0.221064,0.660493,0.337588,-1.339980,0.710651,0.112008,0.080820,0.186962,0.227443,0.907881,0.586984,0.276542,0.123504,0.089779,-0.090153,-1.325337,0.751901,0.041614,-0.636580,-1.350028,0.388128,-0.830046,-0.320170,0.918638,0.145843,-0.883546,-0.384096,0.420475,0.375787,604.443315,1.123331,-1.552545,0.131533,0.207219,1.881951,-0.916275,-1.032008,0.594836,0.166364,0.318498,0.266474,0.009998,1.143417,-0.728435,0.361581
-0.479473,0.692616,0.242464,0.265990,0.501075,0.403028,-1.252762,0.482191,0.868291,0.129729,0.325163,0.222132,0.907881,0.586984,0.148342,0.168155,0.138182,0.301493,-1.385978,0.767066,0.692909,-0.636580,-1.569125,0.972606,-0.830046,-0.740559,0.918638,0.169486,-0.873814,-0.266060,0.420475,0.552751,159.803763,1.249111,-1.859710,0.556203,0.161037,0.932045,-0.916275,-1.198001,0.582277,0.189261,0.350838,0.563519,0.009998,0.554702,-0.728435,0.485300
-0.321847,0.622986,0.428041,0.322459,0.558523,0.210637,-1.534281,0.301292,0.722712,0.253693,0.187399,0.509759,0.778138,0.687826,0.327711,0.225924,0.254569,1.063603,-1.651137,0.771888,0.692909,-0.310151,-1.517886,0.730118,-0.949801,-0.822493,0.978206,0.270142,0.201010,-0.833023,1.501471,0.246614,171.145887,1.521896,-1.877224,0.396830,0.305290,1.237530,-0.666790,0.083960,0.149454,0.331062,0.423309,0.116403,0.599108,1.182939,-1.093288,0.485868
0.180193,0.729302,2.913603,0.060264,0.550973,0.342809,-1.488648,0.413280,0.303845,0.030618,0.111311,0.162659,0.595426,-0.116803,0.120967,0.073920,0.015687,-0.500417,-1.348619,0.569936,0.034703,-0.473203,-1.228602,0.688123,-0.050605,0.103657,0.840170,0.062000,-0.579712,-0.511679,0.257348,0.151013,718.382494,1.210861,-1.507096,0.025358,0.138492,1.835247,-0.379116,0.613370,0.066398,0.003830,0.361642,0.255829,-0.402789,0.789201,-0.722861,0.297223
-0.456371,0.651951,1.147405,0.393347,0.618086,0.417603,-1.440089,0.679734,0.223031,0.082590,0.256861,0.174813,0.786591,0.729066,0.259434,0.158425,0.092366,-0.264108,-1.338754,0.772792,0.193731,-0.682170,-1.420206,1.570662,-0.487396,-0.319712,0.840170,0.126005,-0.827038,-0.352573,0.456339,0.201342,427.419440,1.229354,-1.702695,0.135740,0.258877,1.270714,-1.093489,-1.145893,0.640293,0.201241,0.286918,0.278652,0.080472,1.461689,-0.512090,0.340251
-0.456371,0.725936,0.265976,0.304596,0.449546,0.384618,-1.520789,0.510047,0.940265,0.091644,0.296170,0.261051,0.786591,0.729066,0.090770,0.229259,0.144723,0.122694,-1.506853,0.772792,0.406111,-0.682170,-1.286150,1.813954,-0.487396,-0.232270,0.683659,0.154136,-0.802976,-0.480802,0.456339,0.287685,167.785062,1.308553,-1.862345,0.487022,0.203723,1.019062,-1.093489,-1.238159,0.557551,0.222624,1.194208,0.516766,0.080472,0.565945,-0.512090,0.428588
-0.167770,0.726639,1.511855,0.405794,0.532827,0.232096,-1.420721,0.253241,0.707002,0.264075,0.206186,0.341895,0.842195,1.220128,0.302232,0.332639,0.341476,0.470795,-1.463885,0.727417,0.310321,-0.715391,-1.617927,0.550451,-0.935372,-0.683500,0.955756,0.295282,0.116582,-0.846976,1.711436,0.255643,389.160009,1.364690,-1.825103,0.371933,0.331942,1.855359,-0.699453,0.164900,0.140562,0.397989,1.343170,0.123336,1.053936,1.447300,-1.100228,0.709863
0.195820,0.851947,2.619979,0.050419,0.553426,0.335577,-1.347672,0.405879,0.243493,0.033831,0.090139,0.098284,0.603913,-0.117588,0.101128,0.076036,0.017824,-0.452407,-1.351188,0.596079,0.048728,-0.563388,-0.972543,0.467934,-0.070468,0.130969,0.722317,0.058273,-0.570277,-0.518863,0.268221,0.139181,712.886795,1.269727,-1.555381,0.025866,0.242048,2.078199,-0.380754,0.758920,0.043199,0.005260,0.188854,0.220274,-0.372440,0.583322,-0.685072,0.530090
-0.803354,0.659064,1.344872,0.467688,0.635086,0.276477,-1.349846,0.768959,-0.012627,0.098917,0.283813,0.223129,0.824664,0.547724,0.236110,0.162402,0.125704,-0.124006,-1.159048,0.703037,0.268314,-0.810980,-1.509196,1.715367,-0.604905,-0.384713,0.630979,0.121015,-0.877549,-0.284043,0.444033,0.318118,502.510703,1.034800,-1.748587,0.086164,0.286502,1.832244,-1.097633,-1.053029,0.593538,0.148422,0.319408,0.217548,0.132966,1.337202,-0.495847,0.409330
-0.803354,0.710106,0.268251,0.389683,0.434125,0.356536,-1.367544,0.638555,0.834729,0.099327,0.342120,0.206905,0.824664,0.547724,0.060414,0.249139,0.152193,0.378641,-1.360549,0.755947,0.464792,-0.810980,-1.589182,1.715367,-0.604905,-0.177189,0.666889,0.135272,-0.822364,-0.548894,0.444033,0.396851,167.643809,1.193458,-1.862552,0.472579,0.165461,0.913860,-1.097633,-1.217876,0.512993,0.192473,0.414347,0.529627,0.132966,0.724952,-0.448779,0.291796
-0.044344,0.718828,1.485526,0.426753,0.528683,0.223822,-1.170528,0.216930,0.664790,0.208744,0.224139,0.460289,0.743295,0.645596,0.314844,0.318425,0.322394,0.502041,-1.236388,0.693317,0.427889,-0.738495,-1.454314,0.446724,-0.869663,-0.977262,0.903271,0.281385,0.106889,-0.765197,1.631132,0.213522,397.092751,1.108942,-1.812052,0.342098,0.338832,1.928678,-0.720107,0.281676,0.109386,0.250150,0.210214,0.108736,1.001848,1.462871,-0.819912,0.854675
0.399772,0.839773,3.089816,0.083407,0.542743,0.322859,-1.246322,0.347999,0.170952,0.029314,0.106441,0.150575,0.596213,-0.104637,0.102248,0.083205,0.014987,-0.527086,-1.058808,0.585364,0.036896,-0.520000,-1.283230,0.518947,-0.059958,0.103933,0.684035,0.036515,-0.656292,-0.593393,0.248909,0.239644,770.705881,0.920470,-1.622272,0.023251,0.148530,1.834705,-0.378846,0.674833,0.057782,0.007023,0.230943,0.246406,-0.399359,0.777729,-0.637823,0.430588
-1.141785,0.632702,1.744901,0.441020,0.619916,0.274580,-1.209167,0.886169,-0.054740,0.112689,0.242822,0.484274,0.826403,0.366796,0.241682,0.221304,0.139904,0.269627,-0.966006,0.696967,0.317345,-0.745984,-1.518928,1.387448,-0.502348,-0.529645,0.657448,0.113406,-0.991329,-0.273447,0.504058,0.378589,585.455258,0.930007,-1.751055,0.078535,0.228734,1.814182,-1.181246,-1.019689,0.554559,0.153657,0.516617,0.220160,0.158222,1.617696,-0.733061,0.490454
-1.141785,0.799247,0.271188,0.385350,0.410006,0.425710,-1.380766,0.712461,0.896105,0.095121,0.285642,0.295768,0.826403,0.366796,0.081248,0.275410,0.170218,0.482047,-1.481208,0.769611,0.477390,-0.634134,-1.756797,1.387448,-0.502348,-0.222396,0.661802,0.111632,-0.907911,-0.307539,0.504058,0.412226,171.636674,1.351006,-1.826252,0.449497,0.208292,1.113576,-1.181246,-1.340748,0.503736,0.174425,0.300473,0.574413,0.158222,0.289605,-0.733061,0.490454
-0.305622,0.747817,0.618410,0.324690,0.493261,0.408451,-1.209495,0.266531,0.736094,0.176402,0.171283,0.256650,0.739151,0.413565,0.269323,0.218186,0.226882,0.746808,-1.362381,0.774618,0.217635,-0.529200,-1.668964,0.438082,-0.910895,-0.372823,0.950501,0.238227,0.090587,-0.589908,1.309259,0.218256,215.307876,1.263083,-1.926480,0.340518,0.234429,1.743977,-0.609305,0.243241,0.129384,0.234615,0.276134,0.129527,0.555446,0.598114,-1.156768,0.484504
0.206489,0.936662,3.150144,0.051217,0.563817,0.450868,-1.143570,0.384230,0.172423,0.033448,0.054769,0.152562,0.652583,-0.103586,0.109261,0.050994,0.017386,-0.275799,-0.987804,0.569158,0.012627,-0.276083,-1.141262,0.074066,-0.059614,0.095346,0.846890,0.038796,-0.643203,-0.561372,0.252778,0.095328,734.697581,1.004260,-1.831406,0.060186,0.081963,2.118856,-0.388536,0.777194,0.083882,0.009983,0.214469,0.224447,-0.370328,0.312544,-0.397405,0.228783
-0.376525,0.695286,1.398815,0.323971,0.669180,0.493554,-1.489284,0.634021,0.155062,0.080931,0.285844,0.150175,0.871647,0.723964,0.272138,0.126161,0.089444,-0.058095,-1.380567,0.743059,0.112346,-0.897226,-1.225374,1.130572,-0.774414,-0.388583,0.865137,0.151650,-0.931171,-0.339877,0.493318,0.348055,526.499053,1.296963,-1.635797,0.127363,0.266649,2.041239,-0.924015,-0.907630,0.616848,0.182730,0.240798,0.279234,-0.000619,0.897615,-0.738370,0.373068
-0.376525,0.650330,0.243919,0.271684,0.471822,0.579546,-1.349207,0.466405,0.912348,0.106703,0.365277,0.285146,0.871647,0.723964,0.142026,0.218359,0.138364,0.453531,-1.310314,0.762294,0.599978,-0.897226,-1.530962,1.367113,-0.774414,-0.559449,0.865137,0.194223,-0.860587,-0.395630,0.493318,0.583497,162.728161,1.302477,-1.805530,0.523303,0.258478,1.003561,-0.968185,-1.103506,0.553651,0.203264,0.252375,0.533730,-0.000619,0.338678,-0.738370,0.354320
-0.215804,0.662699,0.739338,0.279638,0.549272,0.560079,-1.206546,0.292167,0.675924,0.196685,0.154051,0.514132,0.775279,1.047528,0.365929,0.226013,0.306498,1.030677,-1.304598,0.641701,0.508017,-0.531843,-1.572168,0.615075,-0.908165,-1.022882,1.085158,0.253299,0.172789,-0.629620,1.388607,0.185160,237.143750,1.132323,-1.795225,0.357813,0.282095,1.934594,-0.649790,0.246357,0.132014,0.316767,0.357415,0.127428,1.016411,0.811196,-1.016823,0.599840
0.154040,0.783209,3.254222,0.033874,0.556631,0.358355,-1.322545,0.352492,0.331134,0.023508,0.063652,0.198879,0.652756,-0.118628,0.110087,0.051349,0.013035,-0.220204,-1.407734,0.566818,0.018864,-0.291954,-1.047083,0.196323,-0.044133,0.069298,0.722319,0.035531,-0.680421,-0.592095,0.250157,0.118174,784.997142,1.348666,-1.594611,0.041733,0.079565,1.930066,-0.375629,0.567880,0.117944,0.004958,0.275629,0.300480,-0.394783,0.385779,-0.395008,0.188330
-0.252848,0.671318,1.431100,0.172102,0.662571,0.301218,-1.293714,0.574884,-0.059485,0.069371,0.174185,0.240637,0.900096,0.694801,0.300708,0.104787,0.077961,-0.117463,-1.130797,0.709111,0.079055,-0.571863,-1.530579,0.588611,-0.705655,-0.395240,0.903019,0.119415,-0.860483,-0.483263,0.396432,0.273415,472.937035,1.069783,-1.662831,0.122910,0.217202,1.684066,-0.776672,-0.972444,0.599190,0.154904,0.315651,0.208156,-0.039571,0.945274,-0.624837,0.336976
-0.252848,0.662785,0.254276,0.192667,0.459955,0.437319,-1.448876,0.453165,0.800019,0.091445,0.295579,0.260323,0.900096,0.694801,0.144937,0.129047,0.086257,0.398372,-1.491143,0.728270,0.634582,-0.571863,-1.650601,0.588611,-0.705655,-0.395240,0.903019,0.113051,-0.859854,-0.279941,0.396537,0.569734,160.292920,1.294887,-1.593591,0.514529,0.126179,1.026851,-0.893338,-1.199429,0.495597,0.168743,0.445164,0.554921,-0.039571,0.649177,-0.624837,0.052009
-0.374814,0.652829,1.230596,0.263557,0.522680,0.423915,-1.493629,0.359162,0.745545,0.205932,0.223376,0.349461,0.764141,0.847538,0.335357,0.260388,0.229360,0.536701,-1.473821,0.687778,0.634582,-0.599884,-1.403101,0.773221,-0.753896,-0.862830,1.036587,0.243877,0.017715,-0.807585,1.283611,0.259129,332.183903,1.316416,-1.817809,0.413389,0.284662,1.646269,-0.647102,-0.085107,0.228233,0.317887,0.329229,0.185660,0.597201,1.085891,-2.063991,0.431334
0.181830,0.815018,2.727793,0.069948,0.579965,0.309096,-1.187565,0.399284,0.188355,0.034446,0.102984,0.214323,0.635563,-0.115203,0.083177,0.075059,0.016831,-0.350326,-1.113621,0.577048,0.001145,-0.296928,-1.134398,0.241926,-0.052237,0.057661,0.789688,0.072224,-0.649296,-0.595474,0.271611,0.123082,704.112952,1.120190,-1.647671,0.046360,0.199164,1.700616,-0.391543,0.722906,0.043426,0.005951,0.215423,0.243449,-0.369543,0.454064,-0.425076,0.494778
-0.822902,0.662302,1.547758,0.239528,0.653635,0.321919,-1.389288,0.753142,0.095636,0.103122,0.251688,0.291057,0.850559,0.860474,0.283330,0.174304,0.094116,0.210095,-1.136328,0.766691,0.214233,-0.666971,-1.542042,0.605503,-0.645488,-0.535348,0.741630,0.148728,-0.905461,-0.367388,0.505767,0.267718,577.252106,1.114142,-1.636321,0.155544,0.226572,1.611651,-1.123221,-1.144990,0.645471,0.227166,0.269917,0.232210,0.062995,1.259980,-0.690755,0.396879
-0.822902,0.726479,0.255311,0.225972,0.407750,0.332663,-1.448886,0.577492,0.870119,0.104658,0.289550,0.329476,0.850559,0.860474,0.109919,0.175740,0.122424,0.545216,-1.506082,0.766691,0.687938,-0.666971,-1.626504,0.239842,-0.645488,-0.567115,0.741630,0.186539,-0.795716,-0.486144,0.505767,0.431896,157.796145,1.392994,-2.031014,0.456235,0.162811,1.108789,-1.123221,-1.233654,0.584888,0.252621,0.226186,0.505036,0.062995,0.505013,-0.690755,0.396879
-0.376364,0.816452,1.717477,0.278789,0.521250,0.239154,-1.547082,0.268019,0.601384,0.240633,0.146906,0.340621,0.705865,0.923426,0.314361,0.207490,0.220818,0.816496,-1.677668,0.827591,0.396093,-0.472479,-1.423612,0.963705,-0.647649,-1.033435,0.913390,0.268575,0.001604,-0.830666,2.236424,0.184934,427.413563,1.488745,-1.835535,0.234675,0.234403,1.979980,-0.575921,0.491488,0.077514,0.291900,0.272046,0.146072,0.529318,1.272363,-0.895106,0.319085
0.149597,0.936598,2.851624,0.033441,0.546138,0.463783,-1.391536,0.401627,0.033781,0.029499,0.086588,0.143938,0.649829,-0.116860,0.089690,0.071935,0.014423,-0.128705,-1.327500,0.588194,0.005222,-0.343544,-1.182833,0.221989,-0.063749,0.159161,0.770028,0.050730,-0.670189,-0.518367,0.243121,0.123450,731.174639,1.216725,-1.555831,0.051605,0.170858,1.908830,-0.379687,0.785824,0.053907,0.005357,0.291399,0.227016,-0.399254,0.591896,-0.294060,0.327562
0.099088,0.524512,0.300842,0.206082,0.494231,0.262691,-1.277847,0.514546,0.275334,0.100283,0.200362,0.212912,0.746931,0.696199,0.256695,0.181026,0.087590,0.090628,-1.146476,0.778267,0.542642,-0.405966,-1.590668,-0.084022,-0.431918,-0.265514,0.735482,0.117247,-0.812307,-0.212952,0.371644,0.426711,184.407936,1.177141,-1.648869,0.453192,0.166329,1.199310,-1.044670,-0.887953,0.543984,0.162524,0.196872,0.416775,-0.081039,1.184438,-0.140851,0.194837
0.491945,1.259456,0.283624,0.010414,0.360975,0.068904,-1.114666,0.026986,-0.494688,0.010102,0.017067,0.093956,0.380984,-0.128962,0.033017,0.016280,0.004170,-0.020486,-1.250752,0.559263,0.033750,-0.048437,-1.388964,-0.120221,0.004965,0.028404,0.440013,0.065425,-0.653598,-0.295220,0.236397,0.091228,184.997867,1.143585,-1.476310,0.025469,0.061654,1.158248,-0.367185,1.064225,0.047212,0.001686,0.190993,0.027252,-0.426380,0.051363,-0.046845,0.151259
0.573581,1.290253,0.277168,0.001646,0.369228,0.017362,-1.143461,0.009706,-0.616400,0.002923,0.006856,0.020618,0.375295,-0.131395,0.012413,0.007405,0.001587,-0.202500,-1.214815,0.547758,0.018386,-0.032835,-1.425339,-0.337099,0.012953,0.198387,0.509987,0.006015,-0.667421,-0.118071,0.228723,0.019086,148.480950,1.164420,-1.509712,0.002566,0.008750,1.076530,-0.364346,1.278114,0.005457,0.000838,0.032017,0.012872,-0.432633,0.126574,0.013653,-0.037315
0.548130,1.271379,0.475979,0.004405,0.367385,0.051191,-0.964470,0.018587,-0.576762,0.003035,0.014335,0.047767,0.375496,-0.131373,0.010780,0.011354,0.002918,-0.283960,-1.136029,0.544734,0.025388,-0.106795,-0.780000,-0.357629,-0.018943,0.180426,0.438724,0.010285,-0.688039,-0.113250,0.230495,0.054429,174.546881,0.978291,-1.517280,0.001987,0.023415,1.478163,-0.363969,1.256639,0.008376,0.001061,0.131054,0.027305,-0.429251,0.143070,-0.011013,-0.022090
0.648028,0.565376,0.369748,0.229746,0.440184,0.307253,-1.116564,0.158361,0.871062,0.053740,0.151326,0.136123,0.558619,-0.002752,0.056816,0.084210,0.060618,-0.309050,-1.173691,0.636060,0.016831,-0.431738,-0.876215,0.371467,-0.726952,-0.033512,0.504242,0.068076,-0.469869,-0.043064,0.309553,0.624988,198.172330,1.096382,-1.446364,0.106753,0.079533,1.322917,-0.675372,-0.509294,0.582584,0.036212,0.298735,0.453108,-0.367376,0.390223,-0.231737,-0.054273
0.163790,0.336882,0.238569,0.230554,0.202244,0.204213,-1.308273,0.295976,0.871062,0.082884,0.180200,0.178551,0.437359,0.319239,0.049233,0.181005,0.157737,0.072284,-1.326297,0.623310,0.194295,-0.641355,-1.207068,0.371467,-0.799576,-0.244321,0.532251,0.094428,0.129528,-0.425174,0.368599,0.387765,159.238100,1.274460,-1.786124,0.158755,0.118994,1.102090,-0.712352,-0.509294,0.365294,0.118240,0.241696,0.228185,0.309413,0.422650,-0.548923,0.154593
-0.028589,0.530196,0.641051,0.145250,0.469135,0.132712,-1.434839,0.237724,0.271338,0.070416,0.133404,0.235575,0.539105,0.319239,0.130848,0.166683,0.136336,-0.012837,-1.381395,0.575519,0.199411,-0.659051,-1.222141,0.392342,-0.021005,-0.276364,0.627176,0.097895,0.016598,-0.426809,0.330528,0.231801,198.138534,1.327905,-1.565840,0.044257,0.276258,1.716426,-0.405752,0.453428,0.048015,0.060528,0.148117,0.067793,0.223726,0.343724,-0.888562,0.400076
0.683745,0.625709,1.455146,0.017833,0.458897,0.076827,-1.439710,0.229841,0.037501,0.026246,0.039686,0.156024,0.488673,-0.127930,0.079101,0.034882,0.008089,-0.180261,-1.666021,0.567775,0.022713,-0.352245,-0.930290,0.036150,-0.019473,0.140090,0.594404,0.043084,-0.150625,-0.271837,0.236129,0.122985,385.802745,1.483527,-1.649572,0.020172,0.068735,1.575196,-0.371134,0.558129,0.028222,0.002245,0.210908,0.039873,-0.423880,0.225796,-0.382838,0.275535
