feat_3,feat_12,feat_33,feat_155,feat_187,feat_245,feat_37,feat_5,feat_19,feat_180,feat_185,feat_255,feat_189,feat_149,feat_230,feat_175,feat_145,feat_254,feat_39,feat_169,feat_164,feat_213,feat_107,feat_194,feat_163,feat_198,feat_229,feat_205,feat_18,feat_223,feat_139,feat_25,feat_36,feat_40,feat_127,feat_190,feat_210,feat_28,feat_158,feat_13,feat_15,feat_150,feat_250,feat_20,feat_144,feat_239,feat_218,feat_209
0.023727,1.172091,0.355665,0.034360,0.077876,0.374891,-0.972258,0.017963,-0.389296,0.001320,0.025087,0.320431,-0.066359,-0.218683,0.010232,0.001202,0.001495,12.581724,-1.146803,0.499750,-1.025481,-5.825505,-1.269873,-2.000655,-1.113249,0.222524,0.291464,0.007013,-0.466926,-12.996316,0.244491,0.039366,203.064701,0.871896,-1.067299,0.006670,0.002039,1.291252,-1.693426,1.117557,0.020778,0.000273,0.472152,0.016315,0.354596,0.336563,-0.358168,0.034090
-0.002107,1.231231,0.708571,0.034360,0.018834,0.374891,-1.053986,0.052102,-0.375444,0.000286,0.025087,0.320431,0.030351,-0.219606,0.004972,0.000817,0.000454,7.935451,-1.358544,0.499986,-0.656997,-3.544892,-1.230658,-1.269075,-0.744765,0.222229,0.273399,0.002408,-0.502316,-8.383655,0.243499,0.032588,363.791915,1.052665,-1.065295,0.006670,0.000791,1.136259,-1.160452,1.203976,0.012232,0.000275,0.472152,0.031232,0.352026,0.272580,-0.164136,0.034457
0.015404,1.232126,0.620341,0.027495,0.117852,0.299988,-0.960647,0.035470,-0.433724,0.001653,0.020074,0.256408,0.127061,-0.219436,0.025659,0.002614,0.000904,3.067400,-1.129467,0.499686,-0.288513,-1.155420,-1.188652,-0.537494,-0.358692,0.219724,0.314725,0.012199,-0.482023,-3.550820,0.243627,0.038099,257.743600,0.868643,-1.174353,0.005337,0.002816,1.479683,-0.602037,1.191288,0.014725,0.000367,0.377816,0.012449,0.355157,0.319866,0.039157,0.039072
0.013599,1.243760,0.589860,0.000668,0.177068,0.015596,-0.987803,0.011686,-0.383866,0.001029,0.008377,0.010268,0.180600,-0.201494,0.007259,0.002561,0.001370,-0.083959,-1.226418,0.500520,-0.105202,0.377925,-1.085085,-0.174337,-0.109143,0.224277,0.327798,0.004232,-0.492817,-0.412779,0.269683,0.031993,251.037494,0.990998,-0.961404,0.000948,0.002385,1.424400,-0.240136,1.220034,0.012885,0.000797,0.040075,0.028769,0.357796,0.679047,0.155360,-0.100112
0.127555,0.733239,2.384495,0.113371,0.389649,0.274816,-1.502778,0.431381,0.245669,0.099616,0.285416,0.274749,0.649815,0.433966,0.339830,0.199048,0.150403,-0.163469,-1.583378,0.824629,-0.067208,-0.090620,-1.645224,0.240284,-0.766951,-0.219739,0.636610,0.145016,-0.724867,-0.850304,0.500352,0.276128,817.439192,1.418598,-1.527465,0.160290,0.137985,1.787099,-0.580303,-0.740836,0.551415,0.145492,0.491140,0.243910,1.141749,0.617888,-0.690468,0.243504
0.127555,0.501952,0.727926,0.216037,0.427189,0.244164,-1.592737,0.415287,0.944576,0.174893,0.319260,0.387036,0.649815,0.433966,0.377517,0.251500,0.190653,0.417696,-1.751211,0.824629,0.816211,-0.090620,-1.706918,0.510710,-0.766951,-0.219739,0.661762,0.159809,-0.724867,-0.777126,0.500352,0.402740,353.866645,1.481935,-1.389800,0.460420,0.159524,1.708146,-0.660105,-0.873478,0.560435,0.174147,0.417714,0.614333,1.141749,0.535045,-0.690468,0.278819
0.097459,0.263809,0.624460,0.349073,0.414435,0.316021,-1.713608,0.264838,0.944576,0.203351,0.303146,0.353993,0.739955,1.780714,0.224052,0.329167,0.422121,0.981823,-2.168281,1.305478,0.803581,-0.771036,-1.781167,0.463307,-0.973778,-0.727629,0.489938,0.344315,0.548507,-0.639532,0.485418,0.238040,245.738430,1.842841,-1.248611,0.430910,0.250968,1.692651,-0.646007,-0.528999,0.248211,0.432030,0.501828,0.109250,1.637252,0.673025,-0.266582,0.769000
0.257402,0.354607,2.818280,0.167805,0.354627,0.422632,-1.457471,0.406790,0.749067,0.062539,0.259576,0.451834,0.623878,-0.000422,0.308995,0.194819,0.129011,0.981823,-1.587493,1.305478,-0.062597,-0.194814,-1.721262,-0.130128,-0.383593,-0.248305,0.838802,0.318914,-0.659575,-0.977314,0.287970,0.323516,1026.517200,1.366937,-1.305764,0.087161,0.089562,1.518982,-0.295285,0.115983,0.218524,0.024568,0.422815,0.451780,1.151712,0.643279,0.246081,0.082137
-0.976596,0.524277,2.345719,0.281690,0.442353,0.349352,-1.683010,0.852021,0.322156,0.104919,0.249175,0.373230,0.847096,0.783747,0.427967,0.273081,0.270902,0.076999,-1.905966,0.813699,0.149493,-0.102317,-1.725622,0.214029,-1.453739,-0.173891,0.838802,0.289746,-1.036293,-1.280026,0.448057,0.390686,1051.978956,1.486105,-1.470501,0.169664,0.203171,1.543598,-0.869512,-0.812029,0.451914,0.220657,0.676155,0.408672,1.390334,0.820602,-0.927292,0.565980
-0.976596,0.608446,0.876923,0.410435,0.587959,0.354281,-1.555147,0.647386,1.011156,0.175768,0.336982,0.450597,0.847096,0.783747,0.450249,0.348751,0.310408,0.937565,-1.770469,0.903590,0.869699,-0.261841,-1.567942,0.763327,-1.453739,-0.173891,0.786621,0.304979,-1.036293,-1.280026,0.533137,0.697911,428.871211,1.410965,-1.252004,0.629767,0.283733,1.430245,-0.979028,-1.110313,0.632042,0.235542,0.605619,0.772490,1.390334,0.810951,-0.927292,0.565980
-0.466692,0.504511,0.730460,0.434086,0.587481,0.454644,-1.670150,0.352777,1.011156,0.313893,0.364465,0.581026,0.944626,1.859076,0.333762,0.434292,0.365938,0.988706,-1.858478,1.194694,0.869699,-1.000106,-1.861154,0.728004,-0.965985,-1.499108,0.729758,0.509507,0.466084,-1.200403,1.666094,0.229578,287.246726,1.541204,-1.462556,0.624379,0.475988,1.239169,-0.910822,-0.572603,0.377640,0.444098,0.500103,0.145137,1.363018,1.356672,-0.604521,1.317556
-0.460823,0.494040,2.420106,0.251629,0.401980,0.435382,-1.285328,0.504828,0.713725,0.073416,0.262897,0.376858,0.765699,0.519114,0.440822,0.204447,0.134888,0.554315,-1.312494,1.194694,-0.080738,-0.521520,-1.679600,-0.097271,-0.741474,-0.506123,1.066163,0.437746,-0.737861,-0.917843,0.308770,0.463339,944.824355,1.116962,-1.327856,0.125645,0.201249,1.382220,-0.275669,0.220913,0.236624,0.094729,0.523079,0.469411,0.904222,0.712689,0.166053,0.111360
-1.259791,0.634152,2.427349,0.394255,0.497068,0.461611,-0.951803,0.841293,0.158771,0.151214,0.410223,0.285925,0.957116,1.237552,0.448765,0.317157,0.290970,0.039604,-0.315605,0.978797,-0.098551,0.067877,-1.606075,0.003171,-1.653084,-0.365482,1.066163,0.225573,-1.180628,-1.396107,0.454707,0.516441,1168.633255,0.283186,-1.673764,0.194213,0.292198,1.550413,-0.968240,-1.115032,0.574804,0.258794,0.488272,0.370814,1.628602,1.338367,-1.073415,0.673560
-1.259791,0.763688,0.899478,0.474546,0.610421,0.589033,-1.593782,0.797700,0.975321,0.228915,0.511060,0.466731,0.957116,1.237552,0.416762,0.366989,0.321900,0.647979,-1.716562,1.034271,0.985221,-0.287226,-1.526881,0.753197,-1.653084,-0.365482,0.807552,0.310628,-1.180628,-1.396107,0.463932,0.992840,465.072791,1.383678,-1.451267,0.653539,0.352946,1.630242,-0.969904,-1.426488,0.714923,0.284477,0.508067,0.816871,1.628602,1.338367,-1.095145,0.673560
-0.281599,0.503038,0.608166,0.376974,0.551820,0.319027,-1.460614,0.439387,0.975321,0.319752,0.222087,0.270978,0.769808,1.071736,0.458741,0.327885,0.265037,0.762613,-1.593684,0.987132,0.985221,-0.625118,-1.749256,0.752605,-0.707926,-0.761342,1.057297,0.499436,0.272458,-1.525906,0.912544,0.413050,266.217136,1.407032,-1.662476,0.589638,0.391858,1.038615,-0.870825,-1.070195,0.486961,0.339252,0.569030,0.227940,1.181249,1.177513,-0.379264,0.804980
-0.276903,0.573425,2.197532,0.193468,0.388490,0.468240,-0.987737,0.436920,0.435513,0.055023,0.199129,0.359668,0.632840,0.499075,0.424934,0.164390,0.111821,0.571956,-0.875809,0.987132,-0.112228,-0.235262,-1.505484,-0.148730,-0.610970,-0.348780,1.057297,0.423013,-0.581987,-0.933542,0.276187,0.433620,872.686481,0.796583,-1.181207,0.093458,0.144984,1.586613,-0.268853,0.339798,0.198955,0.084633,0.653226,0.348873,0.854149,0.595162,0.451247,0.118315
-1.185069,0.647864,1.898210,0.253200,0.472249,0.307690,-1.434440,0.765099,0.034003,0.122514,0.274913,0.246466,0.783769,0.946257,0.394628,0.258995,0.244341,-0.054207,-1.645657,0.891307,-0.112228,0.093797,-1.624114,0.054030,-1.574500,-0.240705,0.944531,0.326767,-0.850030,-1.377356,0.448032,0.432322,928.429757,1.323259,-1.399847,0.191689,0.238422,1.629677,-1.027730,-1.119956,0.607647,0.269567,0.649821,0.245029,1.645199,0.950652,-1.044265,0.593372
-1.185069,0.677193,0.850023,0.301816,0.639670,0.575920,-1.522272,0.683769,0.754057,0.254701,0.402472,0.563464,0.783769,0.946257,0.385930,0.307305,0.269629,1.021297,-1.864778,0.891307,1.131223,-1.069120,-1.726299,0.541019,-1.574500,-0.240705,0.869623,0.366170,-0.850030,-1.377356,0.464274,0.848895,419.128134,1.598499,-1.530893,0.679735,0.374434,1.864177,-1.052496,-1.281268,0.709074,0.333427,0.498683,0.602129,1.645199,0.950652,-1.044265,0.943827
-0.439884,0.483864,0.731357,0.337220,0.592779,0.323246,-1.550434,0.310111,0.754057,0.243823,0.252324,0.372081,0.848129,1.287254,0.340896,0.266088,0.456252,1.021297,-1.944185,0.785282,1.131223,-1.097275,-1.874831,0.541019,-0.594510,-1.022738,0.651523,0.493077,0.189458,-1.318135,0.619379,0.276167,303.739406,1.702809,-1.478054,0.637717,0.445348,1.461439,-0.888384,-0.663825,0.367503,0.454544,0.398018,0.174599,1.900933,1.262513,-0.622332,0.943827
-0.426716,0.478842,2.693927,0.173038,0.342735,0.299306,-1.448482,0.377165,0.339354,0.052727,0.215852,0.300094,0.723285,0.087354,0.361597,0.154134,0.251743,0.511891,-1.670065,0.681245,-0.070159,-0.572155,-1.500945,-0.089888,-0.594510,-0.103711,0.916783,0.371081,-0.743583,-1.270230,0.296914,0.282413,880.550534,1.435088,-1.158187,0.126073,0.171626,1.445901,-0.275993,0.225586,0.225210,0.067875,0.328861,0.372609,1.900933,0.513966,0.327358,0.174326
-1.003414,0.620380,2.100245,0.362218,0.409753,0.417913,-1.489372,0.658426,0.060752,0.121280,0.312558,0.383161,0.744512,0.752718,0.422005,0.395960,0.279307,0.311341,-1.596575,0.880140,0.363602,-0.893277,-1.455869,-0.202039,-1.599188,-0.179880,0.916783,0.225400,-1.008567,-1.617402,0.398644,0.388724,842.080307,1.414215,-1.308434,0.182384,0.241478,1.560960,-0.806139,-1.001187,0.556371,0.193511,0.606754,0.303133,1.653738,0.643345,-0.908919,0.517800
-1.003414,0.657729,0.739770,0.369246,0.581252,0.536457,-1.447865,0.617109,0.849669,0.187520,0.406549,0.509908,0.744512,0.752718,0.401271,0.352786,0.243352,0.882886,-1.554339,0.922841,1.308882,-0.961969,-1.637713,0.391034,-1.599188,-0.179880,0.776185,0.341597,-1.008567,-1.617402,0.456641,0.678205,381.500296,1.385688,-1.620196,0.619672,0.295849,1.613357,-0.961932,-1.198769,0.675979,0.226472,0.424890,0.702716,1.653738,0.759534,-0.908919,0.517800
-0.560054,0.530096,0.750912,0.346126,0.601286,0.578951,-1.610277,0.354977,0.849669,0.256572,0.344024,0.335666,1.046878,1.902630,0.429970,0.512592,0.685223,1.050924,-1.917359,0.805967,1.322715,-1.493637,-1.799802,0.391034,-0.701650,-1.195544,0.751526,0.575519,0.419006,-1.102004,1.595768,0.318363,307.297681,1.643956,-1.717356,0.644811,0.448918,1.325396,-0.870713,-0.753197,0.464294,0.569390,0.349141,0.099697,2.750602,1.199520,-0.264394,0.881923
-0.560054,0.519286,3.275884,0.246151,0.403367,0.590913,-1.449221,0.434441,0.786286,0.101464,0.340995,0.421923,1.021358,1.350584,0.503888,0.202644,0.341977,1.050924,-1.590231,0.670050,0.264782,-1.493637,-1.234958,-0.113018,-0.701650,-1.195544,1.033643,0.557885,-0.836739,-1.318709,0.421467,0.312431,1216.026254,1.375798,-1.303940,0.154349,0.274437,1.812552,-0.331833,0.215472,0.248207,0.229515,0.402264,0.528162,2.145545,0.744291,-0.012771,0.852303
-1.187725,0.643725,2.710657,0.354985,0.440176,0.649301,-1.343948,0.704700,0.281065,0.131902,0.174386,0.441286,0.900280,0.989338,0.443970,0.322651,0.250588,1.034934,-1.427421,0.910366,-0.117277,-0.378567,-1.613523,-0.113018,-1.428424,-0.343655,1.033643,0.342015,-1.208078,-1.661248,0.364481,0.444372,1231.892910,1.223145,-1.157066,0.182858,0.247706,1.841880,-0.859238,-0.893218,0.544800,0.214178,0.498074,0.416347,1.425539,0.917250,-0.947473,0.575110
-1.187725,0.640653,0.731577,0.405010,0.619184,0.760705,-1.387372,0.611730,0.744446,0.247355,0.434095,0.638002,0.900280,0.989338,0.433988,0.307720,0.286537,1.383602,-1.760569,0.927441,1.883078,-1.114197,-1.719880,0.767868,-1.428424,-0.343655,0.861566,0.439188,-1.208078,-1.661248,0.396009,0.708408,374.459630,1.580906,-1.268317,0.662641,0.332669,1.583078,-0.978641,-1.102935,0.678740,0.259648,0.543545,0.733932,1.425539,0.917250,-0.947473,0.630490
-0.620958,0.646898,0.519211,0.351600,0.596853,0.535334,-1.210025,0.301932,0.744446,0.231065,0.497735,0.461041,0.885960,1.978515,0.391447,0.541265,0.679873,1.383602,-1.044622,0.908116,1.883078,-1.473452,-1.773892,0.767868,-0.913978,-0.559579,1.510450,0.517725,0.135072,-1.200316,0.999973,0.255206,230.582359,0.877783,-1.338786,0.648322,0.413420,1.054556,-0.893183,-0.592096,0.429820,0.573760,0.640238,0.167845,2.782405,1.293813,-0.540735,0.754177
-0.567902,0.684916,2.872531,0.218247,0.376423,0.459982,-1.144512,0.369572,0.493765,0.076279,0.304132,0.294955,0.756924,0.826883,0.416330,0.245972,0.293941,0.557042,-1.030040,0.693106,0.005343,-0.334549,-1.552851,-0.036807,-0.842844,-0.226523,1.510450,0.351622,-0.904599,-1.194130,0.292575,0.335788,1081.305865,0.870749,-1.356878,0.119645,0.208961,1.609993,-0.273945,0.388925,0.233123,0.102256,0.603166,0.461844,1.976452,0.553798,0.115218,0.054912
-1.194122,0.739812,2.422687,0.258415,0.456614,0.389491,-1.248431,0.717340,-0.189166,0.110479,0.233081,0.296052,0.817612,0.729573,0.445754,0.299351,0.221445,0.643487,-1.394767,0.871977,0.059848,-0.712227,-1.617969,-0.040840,-1.419951,-0.237805,1.063361,0.301838,-1.220922,-1.600647,0.354994,0.452985,1118.680787,1.185252,-1.394627,0.173219,0.218974,1.621898,-0.893500,-0.904907,0.584461,0.207511,0.567296,0.300495,1.515309,0.950415,-0.920786,0.588471
-1.194122,0.637882,0.817965,0.377092,0.607608,0.379046,-1.458678,0.657931,0.809914,0.210744,0.326083,0.420145,0.817612,0.729573,0.413011,0.288427,0.222471,1.052698,-1.677178,0.940439,1.178794,-0.712227,-1.680653,0.833596,-1.419951,-0.237805,0.845997,0.406062,-1.220922,-1.600647,0.453488,0.753954,402.550290,1.442636,-1.436031,0.646935,0.297175,1.721642,-1.002336,-1.098688,0.680923,0.237425,0.545273,0.772144,1.515309,0.950415,-0.920786,0.588471
-0.709359,0.609806,0.656804,0.506773,0.607692,0.549912,-1.439948,0.380639,0.809914,0.493390,0.452466,0.491685,1.049070,1.584170,0.295336,0.562197,0.492119,0.866977,-1.760769,1.025660,1.178004,-2.490033,-1.756904,0.833596,-0.927514,-1.329153,0.650699,0.480880,0.331059,-0.764870,2.476076,0.318283,283.396045,1.558277,-1.442258,0.647744,0.489753,1.256685,-0.840529,-0.559781,0.413535,0.415770,0.509770,0.121113,1.756218,1.290701,-0.575890,1.118577
-0.709359,0.598754,2.430337,0.338822,0.424040,0.509013,-1.395165,0.517959,0.750664,0.085063,0.399447,0.417212,0.801894,1.584170,0.416236,0.318030,0.294099,0.696669,-1.411054,1.025660,-0.112970,-2.280712,-1.339984,-0.070051,-0.927514,-0.180903,1.679139,0.408857,-0.646801,-0.723278,0.285815,0.437775,1002.943889,1.297996,-1.112987,0.108872,0.194150,1.695267,-0.292677,0.330773,0.194168,0.180738,0.560835,0.425160,1.756218,0.635305,0.110233,0.042905
-1.120259,0.645902,2.036072,0.300569,0.486749,0.516439,-1.614817,0.742398,0.084946,0.132986,0.344339,0.347104,0.865384,1.020441,0.435382,0.271897,0.234429,0.244442,-1.727971,1.086732,-0.062557,0.297504,-1.713746,0.226005,-1.648390,-0.333789,1.679139,0.181359,-1.000279,-1.189075,0.465790,0.488192,1029.203763,1.526365,-1.346479,0.180906,0.251037,1.746066,-0.948360,-1.081391,0.602811,0.240172,0.609810,0.298682,1.544886,1.128864,-0.971473,0.528904
-1.120259,0.681634,0.952541,0.391159,0.600174,0.526214,-1.586354,0.619384,0.901047,0.202100,0.444364,0.412526,0.865384,1.020441,0.360362,0.325880,0.275036,0.713725,-1.863362,1.086732,0.941818,-0.378876,-1.661738,0.705743,-1.648390,-0.333789,0.903850,0.223696,-1.000279,-1.189075,0.500771,0.769141,449.728555,1.625568,-1.557934,0.637048,0.341179,1.351135,-0.969377,-1.234205,0.672307,0.274885,0.585516,0.704757,1.544886,1.121789,-0.971473,0.655937
-0.822820,0.539141,0.592276,0.421390,0.570520,0.639538,-1.445849,0.301925,0.897204,0.349427,0.422839,0.574250,0.943502,1.492732,0.359614,0.586670,0.463287,1.250860,-1.672197,0.821061,0.933730,-1.302875,-1.811464,0.585652,-1.164264,-1.198210,0.641058,0.275701,0.350136,-0.765765,1.646279,0.249988,244.825769,1.448379,-1.678060,0.587094,0.461897,1.545651,-0.787281,-0.246005,0.331865,0.439743,0.496059,0.123487,1.975312,1.278719,-0.321110,1.291157
-0.558665,0.452212,2.199102,0.128176,0.389305,0.690745,-1.310664,0.434715,0.719756,0.050065,0.334689,0.650372,0.763510,0.018139,0.323011,0.268296,0.098507,1.250860,-1.348835,0.687000,-0.116015,-0.168210,-1.322377,-0.133396,-0.405557,-0.139995,0.830753,0.316741,-0.600904,-0.822714,0.286084,0.428699,787.765662,1.276904,-1.202021,0.121273,0.172788,1.711999,-0.270095,0.148081,0.232716,0.021418,0.470469,0.413887,0.513836,0.701097,0.184295,0.044290
-0.915171,0.577147,1.874895,0.377526,0.465629,0.485095,-1.321494,0.696108,0.095599,0.132251,0.332117,0.412156,0.832773,0.578922,0.403360,0.205157,0.234011,0.511015,-1.370586,1.017959,-0.079413,0.161982,-1.544578,0.372517,-1.730895,-0.249976,0.830753,0.250916,-0.952332,-0.932363,0.401366,0.390009,857.648452,1.064455,-1.557017,0.163548,0.212972,1.769522,-0.855898,-0.902182,0.510685,0.183728,0.486040,0.286568,1.310106,1.051129,-0.911992,0.440542
-0.915171,0.627117,0.761054,0.467305,0.574129,0.350388,-1.559294,0.625640,0.802420,0.197467,0.404307,0.370393,0.832773,0.578922,0.403036,0.360090,0.357038,0.241103,-1.872426,1.017959,0.744321,-0.164698,-1.566940,0.917466,-1.730895,-0.249976,0.763300,0.288450,-0.952332,-0.932363,0.509806,0.777650,409.714074,1.583800,-1.573893,0.620879,0.266866,1.689165,-0.935674,-1.161321,0.624377,0.220403,0.498513,0.648552,1.310106,1.051129,-0.911992,0.440542
-0.467217,0.600627,0.588972,0.472692,0.558466,0.406765,-1.557346,0.359977,0.802420,0.318568,0.316631,0.256646,0.722150,0.703878,0.353444,0.367875,0.311185,0.261873,-1.851334,0.887254,0.670960,-0.498597,-1.713484,0.810047,-0.704739,-0.502953,0.824195,0.396135,0.208367,-1.292040,1.025590,0.322592,239.034501,1.575577,-1.547237,0.598196,0.392189,1.581440,-0.877933,-0.814286,0.461397,0.347663,0.461705,0.155500,0.899360,1.277763,-0.311578,0.879995
-0.467217,0.652404,1.967297,0.182886,0.385733,0.393724,-1.360453,0.457673,0.429931,0.062697,0.260294,0.231627,0.599573,0.580379,0.369521,0.179149,0.127295,0.261873,-1.403020,0.887254,-0.087760,-0.428113,-1.431418,-0.176202,-0.704739,-0.183169,0.915743,0.324001,-0.622248,-1.004894,0.283721,0.341712,788.861166,1.275623,-1.076146,0.075265,0.152291,1.831770,-0.272998,0.461960,0.145573,0.104429,0.456878,0.347265,0.899360,0.614067,0.147650,0.060434
-0.617844,0.669557,1.771183,0.316628,0.473030,0.447261,-1.420852,0.590279,0.119979,0.127170,0.303988,0.266078,0.795773,1.158857,0.429798,0.206872,0.161391,0.322136,-1.513428,0.933625,-0.087760,-0.021021,-1.587317,0.257835,-1.168557,-0.312499,0.915743,0.357568,-0.859509,-1.207153,0.523775,0.393197,873.724500,1.295933,-1.495617,0.185171,0.225631,1.847461,-0.641289,-1.026728,0.593170,0.237449,0.533248,0.275751,1.033687,0.876379,-0.988849,0.572383
-0.617844,0.650417,0.775945,0.380271,0.594768,0.545729,-1.435215,0.577668,0.694571,0.217723,0.484781,0.470310,0.795773,1.158857,0.412825,0.262288,0.204841,0.692560,-1.631440,0.933625,1.074249,-0.598543,-1.641935,0.425886,-1.168557,-0.312499,0.814094,0.380848,-0.859509,-1.207153,0.523775,0.746635,405.522402,1.412025,-1.518291,0.640129,0.293996,1.173703,-0.963481,-1.152160,0.677143,0.269727,0.495769,0.604370,1.033687,0.876379,-0.988849,0.572383
-0.766597,0.544709,0.579878,0.328754,0.563236,0.315818,-1.532169,0.430746,0.694571,0.258837,0.329545,0.290310,0.771548,1.520421,0.452357,0.277812,0.444054,0.776697,-1.744123,0.810021,1.074249,-0.775060,-1.828966,0.425886,-0.830888,-0.543338,0.847088,0.455320,0.215615,-0.980130,0.417634,0.199474,251.921302,1.420717,-1.453543,0.607652,0.419391,1.203870,-0.963481,-0.874168,0.469825,0.484738,0.467855,0.159971,1.681590,1.113817,-0.413946,0.816957
-0.766597,0.532164,2.075122,0.201085,0.363888,0.336199,-1.260691,0.467302,0.423766,0.107908,0.298690,0.289531,0.771548,0.087580,0.454761,0.246799,0.270964,0.776697,-1.182132,0.800062,-0.074251,-0.751704,-1.495196,-0.141262,-0.830888,-0.497174,0.847088,0.377641,-0.469979,-1.145863,0.370830,0.237161,735.588423,1.056807,-1.347223,0.119829,0.243935,1.658803,-0.280031,0.347685,0.145275,0.052846,0.498722,0.299968,1.681590,0.587079,0.153058,0.248230
-0.384740,0.615521,1.508574,0.336972,0.498875,0.332227,-1.485113,0.450230,0.788742,0.186089,0.286512,0.273453,0.794091,1.405090,0.440236,0.212512,0.185359,0.395564,-1.603315,0.922092,0.939961,-0.089226,-1.558027,0.453495,-1.049085,-0.303693,1.071975,0.243007,-0.511075,-1.082758,0.646327,0.512939,630.187033,1.346513,-1.498251,0.528918,0.312805,1.241193,-0.814996,-1.051746,0.658055,0.239386,0.600604,0.505564,1.561411,0.560545,-0.774700,0.730064
0.020020,0.642501,2.009461,0.027690,0.217586,0.509372,-1.261983,0.149056,0.329711,0.020677,0.197777,0.378684,0.326311,-0.185086,0.223721,0.106158,0.016946,0.953860,-1.405254,0.583394,-0.097683,0.056285,-1.318858,-0.092604,-0.181222,0.122587,0.694789,0.203071,-0.383516,-0.817810,0.287524,0.194337,1037.786306,1.334182,-1.315082,0.035379,0.083549,1.811504,-0.252528,0.338261,0.157925,0.005209,0.514575,0.233434,0.370542,0.538830,0.213036,0.147293
0.569936,0.925216,0.517916,0.006605,0.177722,0.041244,-1.008751,0.033075,-0.556798,0.003463,0.021649,0.043633,0.184795,-0.200088,0.015623,0.016032,0.004260,-0.001149,-1.199684,0.519297,-0.092286,0.352391,-1.133163,-0.171890,-0.110374,0.219884,0.340181,0.022002,-0.638338,-0.445238,0.268649,0.021156,249.251833,0.995168,-1.106758,0.004515,0.010925,1.232140,-0.241831,0.905577,0.009288,0.000880,0.067428,0.017660,0.334247,0.614203,0.160534,-0.090059
0.711094,0.812226,4.591349,0.014717,0.188983,0.417844,-1.195836,0.028385,-0.367142,0.009901,0.075870,0.366298,0.219949,-0.185891,0.086541,0.070586,0.018958,0.819950,-1.177989,0.535319,-0.085772,-0.013549,-1.307466,-0.156511,-0.151574,0.176345,0.411025,0.138323,-0.898541,-1.795638,0.278091,0.146055,1477.784303,1.099174,-0.974944,0.013617,0.034544,2.040360,-0.254072,0.726812,0.038539,0.003154,0.578731,0.175330,0.344789,0.607011,0.022559,-0.039333
-0.502210,0.672830,1.842739,0.137922,0.265644,0.638243,-1.155676,0.206919,0.493517,0.041045,0.194284,0.404257,0.574541,0.573968,0.191952,0.121252,0.186922,0.831971,-1.269812,0.617243,0.043041,-0.638455,-1.514985,0.002479,-0.706356,0.029792,0.455964,0.184289,-0.386871,-0.640271,0.329296,0.175428,924.715638,1.181119,-1.302045,0.102504,0.139377,1.546208,-0.275233,0.451225,0.143380,0.074150,0.409330,0.279155,1.374885,0.656765,0.221691,0.131816
0.325504,1.007016,1.110684,0.002130,0.177870,0.057327,-1.008287,0.016088,-0.632059,0.002472,0.010550,0.041546,0.185653,-0.199648,0.013422,0.006305,0.002484,-0.030784,-1.134130,0.511423,-0.098343,0.343839,-1.256816,-0.170253,-0.113699,0.219524,0.371597,0.019128,-0.709792,-0.447062,0.269731,0.030645,455.593794,1.042876,-1.223526,0.003653,0.006872,1.645709,-0.242989,0.970742,0.015654,0.000980,0.087301,0.019154,0.324218,0.621426,0.154760,-0.084595
0.548686,0.867971,0.378538,0.023973,0.213293,0.179199,-1.132026,0.122676,-0.471601,0.013030,0.130261,0.305687,0.242609,-0.186613,0.067918,0.086469,0.021563,0.770555,-1.278570,0.546167,0.010620,-0.102293,-1.417773,-0.006707,-0.123823,0.175837,0.473282,0.202174,-0.654465,-0.405880,0.283358,0.195372,175.148370,1.129387,-1.229475,0.018687,0.021446,1.158154,-0.250328,0.833225,0.016940,0.004775,0.480189,0.056881,0.365684,0.854432,0.121107,-0.069045
-0.443267,0.731848,3.087633,0.184133,0.386515,0.342157,-1.541875,0.668233,0.313963,0.113869,0.237583,0.258208,0.657592,0.834344,0.273957,0.208552,0.154013,-0.137286,-1.663531,0.936932,0.026991,-0.208245,-1.570981,0.163807,-0.905949,-0.104635,0.773269,0.129009,-0.740140,-1.270763,0.413747,0.428592,1080.845600,1.436641,-1.501266,0.175292,0.193308,1.611818,-0.845612,-0.891920,0.622899,0.185873,0.521326,0.289610,1.168899,0.747226,-0.810248,0.401803
-0.443267,0.516726,1.130424,0.266555,0.428251,0.334499,-1.552482,0.533899,0.921438,0.219615,0.268679,0.277665,0.657592,0.834344,0.291062,0.251923,0.207892,0.396406,-1.750060,0.959540,0.739402,-0.208245,-1.556352,0.504740,-0.905949,-0.104635,0.773269,0.137768,-0.723507,-1.270763,0.413747,0.455403,587.722271,1.512435,-1.386345,0.474428,0.247026,1.759122,-0.877650,-0.976355,0.547314,0.248939,0.415148,0.611488,1.168899,0.660107,-0.810248,0.401803
0.087514,0.251513,0.843807,0.273991,0.365611,0.332818,-1.525453,0.285134,0.918506,0.243839,0.272123,0.281364,0.811742,1.671799,0.380465,0.330017,0.391505,0.775945,-1.820325,1.161995,0.454907,-0.340346,-1.721511,0.468754,-0.639667,-0.493413,0.754223,0.328154,0.171514,-0.555696,0.584313,0.227411,350.016211,1.592411,-1.257368,0.358267,0.253147,1.353511,-0.659501,-0.254043,0.152340,0.422048,0.536318,0.196358,1.616160,0.736536,-0.175436,0.631318
0.667305,0.542112,3.392294,0.030412,0.295380,0.327249,-1.293334,0.172574,0.660697,0.013604,0.158389,0.451128,0.438914,-0.174086,0.188583,0.112017,0.025114,0.775945,-1.370954,0.628049,-0.050801,0.101869,-1.356332,-0.077728,-0.196271,-0.235501,0.754223,0.209894,-0.769799,-0.949222,0.286738,0.311849,1196.177429,1.326144,-1.097140,0.054266,0.046004,1.720695,-0.259481,0.148079,0.279859,0.006374,0.496633,0.419645,0.367400,0.592343,0.495247,0.049327
-0.997474,0.653412,2.444031,0.265032,0.432378,0.453561,-1.460799,0.797941,-0.093925,0.101984,0.183708,0.345152,0.779237,0.873762,0.287763,0.183091,0.199167,0.073686,-1.527457,0.668827,-0.047698,0.043252,-1.748510,0.019319,-1.117037,-0.126966,0.684110,0.370401,-1.025934,-0.949222,0.444464,0.355352,1058.607786,1.352625,-1.339082,0.158909,0.172618,1.694943,-0.823363,-0.796263,0.486594,0.202302,0.452260,0.274654,1.300537,0.813872,-0.966723,0.510271
-0.997474,0.590605,0.549497,0.326496,0.565450,0.443076,-1.383253,0.602422,0.959520,0.155684,0.287666,0.508312,0.779237,0.873762,0.320866,0.264107,0.238227,0.541512,-1.571897,0.848425,0.979953,-0.187002,-1.705394,0.650130,-1.117037,-0.126966,0.679847,0.355762,-1.025934,-0.886181,0.461403,0.652448,288.409204,1.363149,-1.497842,0.606734,0.222189,1.416212,-0.923531,-1.040752,0.622507,0.211085,0.345338,0.773935,1.300537,0.681049,-0.977144,0.510271
-0.607719,0.511883,0.668758,0.426964,0.601654,0.507335,-1.342724,0.395098,0.959520,0.301048,0.385687,0.485499,0.954820,1.511639,0.374786,0.478646,0.406296,1.105035,-1.636922,0.906758,0.979953,-0.606095,-1.718421,0.650130,-1.041501,-0.898380,0.679847,0.367941,0.586565,-1.186541,1.432534,0.226537,258.946150,1.453777,-1.539479,0.633002,0.436917,1.432620,-0.857900,-0.483226,0.388873,0.436336,0.576673,0.109235,1.726751,1.211552,-0.394676,0.949425
-0.571461,0.442555,2.217453,0.204130,0.401600,0.564203,-1.247216,0.495018,0.766821,0.075925,0.219735,0.442684,0.764582,0.024369,0.340655,0.220886,0.182044,0.880460,-1.228535,0.906758,-0.108001,-0.187689,-1.547332,-0.081844,-0.884432,-0.360967,0.810934,0.295739,-0.558841,-0.853393,0.305254,0.438830,861.020467,1.088276,-1.276792,0.122125,0.178080,1.503672,-0.281949,0.167572,0.235890,0.031939,0.445274,0.449136,1.419169,0.656422,0.113171,0.084137
-1.301812,0.586496,2.123619,0.343079,0.484498,0.358505,-1.464087,0.859294,0.214890,0.133589,0.346026,0.272883,0.876995,0.718239,0.395006,0.270933,0.276078,0.015456,-1.401873,0.907135,-0.074124,0.188273,-1.757605,0.073529,-1.870895,-0.365503,0.810934,0.260673,-1.035835,-1.442171,0.326410,0.465900,1015.718759,1.198788,-1.476319,0.165274,0.253333,1.607428,-0.954537,-1.039552,0.528898,0.191270,0.315036,0.348623,1.394758,1.306429,-0.984137,0.600002
-1.301812,0.731997,0.788771,0.389779,0.569371,0.451929,-1.493390,0.792681,0.965922,0.205562,0.466281,0.365399,0.876995,0.718239,0.387773,0.350832,0.312006,0.437184,-1.760723,1.010077,0.973373,-0.111886,-1.764319,0.724145,-1.870895,-0.365503,0.763650,0.332940,-1.035835,-1.442171,0.457538,0.942283,440.901037,1.521711,-1.682768,0.611810,0.300503,1.695804,-0.975792,-1.356488,0.663415,0.224951,0.415908,0.752325,1.394758,1.306429,-0.984137,0.600002
-0.404377,0.476626,0.537621,0.422794,0.528833,0.373845,-1.564139,0.436123,0.965922,0.277534,0.301560,0.344468,0.809004,1.659615,0.371081,0.385323,0.356658,0.557566,-1.915887,1.006190,0.848451,-1.173324,-1.680842,0.673470,-0.821271,-0.986094,0.598048,0.649947,0.344432,-1.511997,0.982985,0.450688,242.276820,1.588352,-1.687888,0.566128,0.398963,1.441625,-0.832179,-0.952771,0.431091,0.394822,0.438806,0.184467,1.651327,1.121079,-0.254175,1.087608
-0.352512,0.564744,2.016129,0.201668,0.368875,0.428591,-1.291842,0.418381,0.608304,0.050821,0.104636,0.268182,0.673419,0.055273,0.321294,0.109848,0.078848,0.530528,-1.375049,0.850798,-0.101150,-0.614382,-1.468117,-0.133190,-0.439904,-0.498980,0.897133,0.477108,-0.593908,-0.915838,0.295744,0.401149,714.742405,1.331369,-1.160796,0.086625,0.142117,1.491145,-0.261055,0.306546,0.211008,0.039973,0.425706,0.397011,0.778447,0.585146,0.329143,0.126941
-1.008881,0.651296,1.802770,0.233704,0.450132,0.365564,-1.519615,0.733268,0.058815,0.137749,0.215015,0.253103,0.764780,1.165980,0.424351,0.228981,0.193981,0.407346,-1.707578,0.892971,-0.101150,-0.209842,-1.427005,0.021484,-1.253827,-0.221545,0.967008,0.375393,-0.928298,-1.507965,0.521094,0.429765,776.695701,1.390410,-1.500941,0.196469,0.241419,1.489315,-0.997167,-1.103409,0.607654,0.277673,0.571087,0.273843,1.572494,0.794868,-1.057700,0.664919
-1.008881,0.651792,0.849276,0.289715,0.592862,0.479225,-1.640168,0.602821,0.699985,0.278163,0.359661,0.315704,0.764780,1.165980,0.414172,0.275300,0.257192,1.114574,-1.919497,0.892971,0.963207,-1.223598,-1.541889,0.398194,-1.253827,-0.221545,0.967008,0.424337,-0.928298,-1.507965,0.521094,0.735969,433.778825,1.552522,-1.493536,0.632267,0.395532,1.902716,-1.019788,-1.212389,0.705252,0.372137,0.526030,0.578444,1.572494,0.794868,-1.057700,0.867990
-0.680175,0.507871,0.869895,0.272198,0.517821,0.532141,-1.416462,0.334836,0.662618,0.277258,0.300477,0.403160,0.932676,1.332079,0.297026,0.302951,0.472084,1.114574,-1.586025,0.863431,0.849337,-1.223598,-1.706442,0.367357,-0.632071,-1.083768,0.601996,0.789609,0.041289,-1.093368,0.864753,0.204978,349.684025,1.497223,-1.338041,0.527717,0.462600,1.360917,-0.908790,0.017957,0.288661,0.426893,0.503306,0.135232,2.760116,1.068846,-0.716342,0.870966
0.078346,0.572592,2.761390,0.023151,0.285835,0.352428,-1.209674,0.194164,0.357195,0.020518,0.159873,0.383963,0.471564,-0.135840,0.223758,0.108441,0.025168,0.874704,-1.176772,0.557365,-0.087476,-0.974890,-1.249591,-0.136816,-0.186653,-0.237810,0.834925,0.343382,-0.852953,-1.299069,0.290809,0.303578,1031.032611,1.114176,-1.185660,0.063440,0.087593,1.626235,-0.246182,0.196288,0.275046,0.011721,0.536132,0.376044,0.493010,0.566226,0.295755,0.059664
-1.000408,0.701295,2.419799,0.268476,0.420972,0.466605,-1.159488,0.677986,-0.243267,0.110456,0.303315,0.372701,0.766160,0.448123,0.352266,0.336909,0.252589,0.274401,-0.971443,0.868938,0.164221,-0.636228,-1.588303,-0.149631,-1.437906,-0.162408,0.666052,0.226633,-1.195537,-1.659922,0.316469,0.415653,1089.435098,0.854071,-1.400801,0.173233,0.233579,1.631160,-0.746752,-0.962200,0.588980,0.147257,0.611449,0.255398,1.401446,0.959935,-0.851340,0.713026
-1.000408,0.667699,0.757381,0.289150,0.593555,0.616421,-1.463585,0.592068,0.847828,0.200903,0.371622,0.587530,0.766160,0.448123,0.384027,0.287374,0.231144,1.084801,-1.736652,0.942456,1.549640,-0.979594,-1.570239,0.512720,-1.437906,-0.162408,0.731325,0.349500,-1.195537,-1.659922,0.394145,0.607403,413.813675,1.489420,-1.396240,0.627908,0.322400,1.557330,-0.991009,-1.186783,0.675439,0.189517,0.524347,0.744827,1.401446,0.766565,-0.855219,0.713026
-0.577332,0.525300,0.658538,0.392583,0.582879,0.573178,-1.451945,0.340090,0.840214,0.237976,0.381937,0.352199,0.932189,1.670869,0.296771,0.541424,0.719288,1.084801,-1.524242,0.833688,1.549640,-1.345228,-1.615167,0.512720,-0.666339,-0.489440,0.623008,0.529486,0.435222,-1.156341,1.075548,0.249314,296.874744,1.247591,-1.574958,0.605603,0.420773,1.481286,-0.746171,-0.302225,0.382629,0.527189,0.445846,0.103948,3.978086,1.211944,-0.975798,0.795912
-0.060625,0.424275,3.297801,0.143891,0.330123,0.408854,-1.361479,0.281904,0.766309,0.023337,0.273611,0.414096,0.582927,-0.092674,0.283434,0.228567,0.081540,0.814385,-1.430037,0.574073,-0.113034,-0.536980,-1.473950,-0.160336,-0.452557,-0.348030,0.742788,0.405284,-0.841374,-1.335334,0.283705,0.252463,1203.182909,1.275744,-1.279181,0.097395,0.104045,1.780976,-0.275379,0.090092,0.270323,0.019989,0.199032,0.521873,0.872109,0.452419,0.322852,0.059435
-0.975584,0.608400,2.670010,0.309668,0.398693,0.539900,-1.451355,0.718728,0.006521,0.101173,0.183569,0.364360,0.791285,0.738895,0.383377,0.301327,0.244560,0.618348,-1.688511,0.707534,-0.051634,-0.420206,-1.725630,-0.175099,-1.420436,-0.235742,0.603519,0.244520,-1.297612,-1.877658,0.420397,0.381026,1175.408550,1.404261,-1.456007,0.160658,0.194952,1.840818,-0.696031,-0.863718,0.510246,0.175097,0.560194,0.356753,1.453594,0.958103,-0.895297,0.473871
-0.975584,0.609475,0.566345,0.424238,0.576369,0.568354,-1.382020,0.535406,0.808319,0.195124,0.330285,0.484636,0.791285,0.738895,0.407323,0.253111,0.237753,0.981867,-1.478186,0.971323,1.810224,-0.835592,-1.416025,1.061181,-1.420436,-0.235742,0.759267,0.377804,-1.297612,-1.877658,0.420894,0.586417,320.346486,1.237330,-1.372687,0.613395,0.268979,1.438337,-0.964561,-1.078995,0.634770,0.212100,0.489968,0.794768,1.453594,0.958103,-0.895297,0.522135
-0.651965,0.622292,0.679444,0.453966,0.613816,0.411210,-1.480639,0.338693,0.808319,0.307127,0.520423,0.327443,0.992379,1.772635,0.316325,0.562024,0.747482,0.952286,-1.802286,0.988015,1.877577,-1.714994,-1.638383,1.061181,-1.062700,-0.821366,0.608625,0.430187,0.242386,-0.713661,1.931591,0.286894,268.803111,1.536326,-1.512707,0.651804,0.457026,1.627518,-0.850284,-0.553732,0.441270,0.531140,0.487834,0.147233,2.694027,1.256199,-0.624264,0.860161
-0.582345,0.600611,3.173465,0.248646,0.384786,0.411596,-1.374004,0.399450,0.653049,0.075347,0.394424,0.339079,0.806526,0.243721,0.303036,0.271717,0.361130,0.669900,-1.487504,0.610425,0.039478,-0.242376,-1.416377,-0.004573,-1.062700,-0.219775,0.888579,0.304466,-0.814763,-0.941406,0.315168,0.280668,1174.715253,1.342089,-1.151959,0.126941,0.215222,1.728773,-0.285072,0.305950,0.244082,0.102956,0.347377,0.473035,2.445329,0.462442,0.211160,0.068951
-0.978156,0.689793,2.661199,0.251228,0.448201,0.517285,-1.410696,0.680499,-0.010432,0.105407,0.205142,0.279923,0.811368,0.813333,0.365604,0.274628,0.218576,0.367242,-1.435847,0.866036,-0.065108,-0.231234,-1.549087,-0.115493,-1.170601,-0.238318,0.888579,0.253176,-1.164447,-1.347996,0.404566,0.390125,1219.239646,1.223223,-1.409908,0.175907,0.230207,1.747465,-0.866682,-0.990321,0.595075,0.188973,0.524221,0.300767,1.215901,0.862203,-0.836303,0.562183
-0.978156,0.655895,0.794165,0.382458,0.587158,0.467452,-1.448162,0.544571,0.756308,0.214133,0.346169,0.309848,0.811368,0.813333,0.365186,0.300109,0.250467,0.782335,-1.605822,0.934466,1.136815,-0.730039,-1.562359,0.774413,-1.170601,-0.238318,0.704790,0.338188,-1.164447,-1.347996,0.447791,0.621479,438.135375,1.374859,-1.526634,0.622669,0.341257,1.678603,-0.959592,-1.156102,0.685871,0.243591,0.399898,0.700420,1.215901,0.851030,-0.836303,0.635164
-0.728619,0.640448,0.654856,0.335955,0.531821,0.358453,-1.478809,0.294152,0.737131,0.346462,0.350768,0.395065,0.995595,1.317432,0.300199,0.421234,0.559828,1.353065,-1.845656,0.959365,1.136815,-1.471623,-1.760101,0.774413,-0.686494,-1.841969,0.690269,0.462386,0.190184,-0.830003,1.921831,0.276768,283.762961,1.544336,-1.397902,0.549844,0.493831,1.334557,-0.787573,-0.070169,0.289996,0.423099,0.568269,0.126525,2.314511,1.390149,-0.674222,1.302978
-0.396520,0.638837,2.188269,0.158125,0.364676,0.272713,-1.396902,0.439060,0.563968,0.038704,0.127640,0.449349,0.571808,-0.058862,0.313174,0.155680,0.095163,0.661243,-1.636601,0.641938,-0.082877,-0.327342,-1.413797,-0.107756,-0.569885,-0.240139,1.053994,0.369214,-0.768246,-0.734902,0.292539,0.414192,856.803676,1.422876,-1.257197,0.072270,0.126043,1.324050,-0.263968,0.370052,0.215490,0.020726,0.528205,0.404595,0.877684,0.679907,0.335778,0.073980
-1.236464,0.684209,1.967782,0.276724,0.471008,0.483335,-1.533100,0.814191,-0.157936,0.121598,0.271208,0.464733,0.828179,0.797159,0.353519,0.240088,0.225750,0.788107,-1.628451,0.912038,-0.124323,-0.345312,-1.699824,0.028151,-1.685878,-0.221875,0.900428,0.258693,-1.212743,-1.400934,0.441013,0.432202,941.860257,1.428248,-1.532443,0.160571,0.245935,1.356598,-0.916059,-0.939025,0.573792,0.220607,0.662914,0.287789,1.476370,1.165138,-0.895064,0.696517
-1.236464,0.635097,0.852507,0.451585,0.582859,0.548211,-1.572238,0.645212,0.735104,0.190393,0.357260,0.397827,0.828179,0.797159,0.380790,0.307119,0.279777,0.788107,-1.886643,0.983026,0.949934,-0.345312,-1.737247,0.986664,-1.685878,-0.221875,0.714587,0.384690,-1.212743,-1.400934,0.497732,0.711971,411.192546,1.600651,-1.583630,0.615653,0.331509,1.685388,-0.963332,-1.137611,0.662151,0.240152,0.532141,0.716261,1.476370,1.099817,-0.895064,0.696517
-0.594575,0.537514,0.531170,0.564044,0.579897,0.554222,-1.317670,0.270149,0.754513,0.293826,0.397425,0.451649,0.986823,1.459418,0.357762,0.364067,0.502228,1.140201,-1.422137,0.930923,0.949934,-0.814607,-1.735199,0.986664,-0.980737,-1.246687,0.693001,0.641555,0.312932,-0.950647,1.594402,0.247958,213.706998,1.173891,-1.716752,0.585467,0.502042,1.455417,-0.787420,-0.102700,0.370900,0.427033,0.351532,0.131852,2.061750,1.303721,-0.486058,1.319488
-0.397801,0.408824,1.951936,0.229430,0.363977,0.605826,-1.284138,0.411807,0.754513,0.060510,0.275172,0.548497,0.801662,0.186895,0.358249,0.220242,0.126069,1.140201,-1.323115,0.930923,-0.055721,-0.778613,-1.304197,-0.133758,-0.517284,-0.573668,0.861671,0.503399,-0.723672,-0.860570,0.277407,0.447904,756.865921,1.246377,-1.300237,0.137581,0.203105,1.700765,-0.256909,0.054643,0.282468,0.050338,0.308691,0.469066,0.552882,0.655333,0.338290,0.181941
-0.753755,0.617554,1.768718,0.386009,0.449596,0.391264,-1.387939,0.698744,0.020690,0.133934,0.328308,0.309634,0.791474,0.956195,0.398438,0.170009,0.232579,0.211349,-1.415109,0.993480,-0.123251,-0.139826,-1.728204,0.525902,-1.536747,-0.222864,0.861671,0.419962,-1.036523,-1.159880,0.521647,0.431733,835.350717,1.222533,-1.524620,0.195578,0.241059,1.737076,-0.852001,-1.057003,0.576873,0.224688,0.492455,0.307192,1.417200,0.955489,-0.932813,0.813851
-0.753755,0.646332,0.563122,0.395375,0.566914,0.496214,-1.340541,0.551201,0.689607,0.183271,0.386582,0.468537,0.791474,0.956195,0.395821,0.331738,0.356370,0.814677,-1.425349,0.993480,0.715438,-0.424287,-1.703647,0.895712,-1.536747,-0.222864,0.770880,0.388152,-1.036523,-1.159880,0.521647,0.718799,300.152392,1.232395,-1.498013,0.603232,0.299298,1.223380,-0.921163,-1.148236,0.631427,0.259927,0.440588,0.641056,1.417200,0.821516,-0.932813,0.813851
-0.717944,0.535894,0.552916,0.369320,0.505420,0.601654,-1.666870,0.447989,0.680156,0.348361,0.347849,0.591692,0.922622,1.111159,0.386995,0.651506,0.412809,0.817534,-1.927792,0.998727,0.610629,-0.966059,-1.738404,0.522145,-1.004616,-0.859905,0.596968,0.693597,0.303614,-1.191549,1.832109,0.271301,215.452312,1.556360,-1.664871,0.519462,0.412336,1.547877,-0.851757,-0.133878,0.267721,0.352481,0.550899,0.086493,2.598156,1.270133,-0.240777,0.926129
-0.510255,0.618920,1.665125,0.108465,0.326284,0.303878,-1.318665,0.406068,0.468047,0.018605,0.126563,0.349895,0.494472,-0.163792,0.237426,0.082710,0.024659,0.507892,-1.347961,0.712204,-0.048053,-0.966059,-1.613116,-0.100391,-0.258673,-0.402184,0.912063,0.305252,-0.564035,-0.897316,0.283396,0.339677,635.614798,1.206545,-1.225900,0.058183,0.111542,1.157878,-0.265331,0.315442,0.214128,0.005648,0.418473,0.312083,0.360276,0.606970,0.386013,0.140133
-0.485061,0.677618,1.504862,0.258932,0.439310,0.438451,-1.562336,0.582453,-0.044496,0.120132,0.234227,0.294065,0.737417,0.991794,0.405373,0.223008,0.182277,0.154629,-1.847944,0.921631,-0.048053,-0.161276,-1.516381,0.279745,-0.992528,-0.183254,0.698066,0.289263,-0.847514,-1.438501,0.465641,0.388984,712.273145,1.545392,-1.513676,0.179527,0.194613,1.181680,-0.699301,-1.009009,0.613474,0.204658,0.547033,0.242413,1.218438,0.935373,-0.848191,0.442112
-0.485061,0.588353,0.594247,0.315006,0.504778,0.553283,-1.684617,0.505797,0.627090,0.242195,0.452001,0.467384,0.737417,0.991794,0.423084,0.271897,0.250986,0.834987,-2.056695,0.921631,1.266050,-0.690715,-1.549163,0.572663,-0.992528,-0.183254,0.713930,0.331760,-0.847514,-1.438501,0.465641,0.613836,318.876433,1.670369,-1.716641,0.551983,0.302174,1.668276,-0.826042,-1.043890,0.619033,0.290735,0.475850,0.534093,1.218438,0.932534,-0.848191,0.710879
-0.690784,0.529873,0.539975,0.349485,0.454280,0.390162,-1.640842,0.276250,0.602634,0.296515,0.374332,0.324299,0.798068,1.116654,0.373429,0.265893,0.485061,0.834987,-1.870487,0.738436,1.266050,-1.130824,-1.723435,0.572663,-1.052646,-0.866013,0.891892,0.341019,0.125648,-0.993310,0.798662,0.267511,236.389632,1.578939,-1.519280,0.462964,0.371002,1.478486,-0.708953,-0.130357,0.227955,0.362602,0.391759,0.116557,2.144737,1.090132,-0.375428,0.710879
-0.175290,0.639921,1.954802,0.026572,0.292532,0.422394,-1.121111,0.297703,0.388077,0.012723,0.177569,0.325482,0.440958,-0.177159,0.251061,0.097049,0.023752,0.714348,-1.151502,0.601787,-0.100275,-0.080675,-1.437008,-0.097156,-0.184804,-0.066152,0.891892,0.238555,-0.573823,-0.933410,0.276575,0.208700,695.773818,1.008081,-1.303619,0.052460,0.082385,1.647925,-0.264406,0.402782,0.177636,0.005701,0.436425,0.273702,0.378875,0.487700,0.360879,0.203879
-0.350624,0.692704,1.724033,0.272238,0.428415,0.307792,-1.464521,0.460170,0.713068,0.127054,0.271569,0.145258,0.681656,0.957516,0.354745,0.239426,0.168720,0.041481,-1.591686,0.963319,0.701137,-0.454502,-1.597382,0.478421,-1.012423,-0.142784,0.737020,0.227374,-0.723663,-1.505804,0.479315,0.545304,784.411105,1.409226,-1.473954,0.417152,0.225863,1.069324,-0.762038,-1.001612,0.734905,0.187786,0.462568,0.502119,1.158350,0.581843,-0.776605,0.398376
-0.840781,0.579938,1.697408,0.431295,0.283600,0.565302,-0.880694,0.303769,0.532316,0.213309,0.435495,0.432131,0.678670,2.407233,0.347302,0.378599,0.590758,1.043300,-0.342013,1.190227,0.281090,-0.733889,-1.595272,0.253282,-1.074202,-1.144102,0.857785,0.457208,-0.219725,-1.020999,0.744569,0.276428,895.830462,0.395546,-1.295666,0.137637,0.306952,1.588707,-0.600310,0.384868,0.120375,0.443567,0.432792,0.225930,3.977750,0.854587,-0.220967,1.105964
0.430828,0.969264,0.524585,0.005474,0.183545,0.141173,-1.002744,0.041600,-0.600857,0.005389,0.019318,0.089540,0.192105,-0.200066,0.120726,0.022006,0.007087,-0.176081,-1.213727,0.556041,-0.106061,0.280381,-1.355273,-0.164474,-0.139248,0.210800,0.768094,0.062701,-0.733420,-0.780462,0.269404,0.011372,250.678020,1.008632,-1.047464,0.004962,0.023619,1.296039,-0.249237,0.934741,0.013996,0.002068,0.141091,0.041721,0.329612,0.674342,0.164716,-0.064669
0.507198,0.976812,6.793968,0.047789,0.185092,0.343468,-1.393367,0.038868,-0.501896,0.013570,0.055601,0.250069,0.219858,-0.168892,0.070002,0.116765,0.029342,0.629661,-1.491671,0.530348,-0.083784,0.072759,-1.230776,-0.224048,-0.179549,0.165620,0.455219,0.073700,-1.111821,-2.347647,0.290429,0.161462,2125.940704,1.281888,-1.282365,0.012171,0.028822,2.034129,-0.245628,0.895262,0.026509,0.007906,0.212061,0.212317,0.329601,0.620434,0.107721,-0.047221
-0.656951,0.680842,0.505611,0.204687,0.301674,0.522536,-1.455758,0.226066,0.541740,0.183917,0.220054,0.254229,0.566802,0.753964,0.188097,0.284760,0.322266,0.978047,-1.600909,0.747121,0.468068,-0.473671,-1.439293,0.239136,-0.482416,-0.168698,0.396546,0.222214,-0.072686,-0.592135,0.853831,0.204349,282.410198,1.252572,-1.478162,0.130123,0.218948,1.305149,-0.381572,0.483936,0.156225,0.261170,0.386127,0.169424,1.794122,0.829994,-0.394279,0.460952
0.140000,0.966274,0.394026,0.007251,0.165807,0.122489,-0.845688,0.060870,-0.380635,0.005072,0.019373,0.098279,0.192111,-0.197985,0.096806,0.012690,0.005296,-0.071880,-0.977988,0.511285,-0.097446,0.302307,-1.224952,-0.168571,-0.126955,0.194094,0.711749,0.047942,-0.529261,-0.676661,0.274785,0.031158,186.399738,0.766421,-1.187370,0.014768,0.015495,1.236048,-0.242815,0.817289,0.065716,0.001630,0.178874,0.047340,0.339838,0.739651,0.185972,-0.000533
0.539705,0.924301,0.437409,0.014769,0.212077,0.208266,-0.979188,0.102299,-0.431561,0.010039,0.098147,0.272130,0.265712,-0.196628,0.064944,0.058242,0.020448,0.635592,-1.049927,0.528570,-0.010017,0.167183,-1.512551,-0.041038,-0.113775,0.190553,0.399819,0.153220,-0.490413,-0.537184,0.275720,0.077967,195.040980,0.910707,-1.261804,0.027471,0.025610,1.227696,-0.241294,0.886669,0.020302,0.002760,0.253279,0.017408,0.373798,0.620774,0.170905,-0.054785
0.269886,0.717596,2.001768,0.067522,0.352206,0.282622,-1.430492,0.362883,0.231767,0.067750,0.219901,0.189974,0.568067,0.595878,0.253753,0.171872,0.118330,-0.260319,-1.526285,0.777580,-0.113573,0.061472,-1.497507,0.125853,-1.052583,-0.077754,0.740088,0.115498,-0.667529,-1.100014,0.400735,0.297857,810.024831,1.310921,-1.365222,0.138580,0.127057,1.531860,-0.627877,-0.578750,0.533679,0.148113,0.361365,0.231114,0.984686,0.583428,-0.595970,0.215443
0.269886,0.366595,0.730576,0.134861,0.338248,0.267343,-1.453103,0.258058,0.864114,0.113946,0.266112,0.329615,0.568067,0.595878,0.254877,0.197929,0.164665,0.217185,-1.678795,0.777580,0.651888,-0.107670,-1.441282,0.408915,-1.052583,-0.061458,0.740088,0.131013,-0.662651,-1.100014,0.400735,0.258700,370.873673,1.456627,-1.384882,0.375605,0.164514,1.678462,-0.627877,-0.612283,0.413829,0.169794,0.327059,0.534363,0.984686,0.583816,-0.595970,0.349609
-0.118752,0.383953,0.799718,0.275498,0.340977,0.368971,-1.434660,0.268371,0.922519,0.147047,0.237561,0.365608,0.630130,0.896887,0.335360,0.213832,0.273794,1.072808,-1.579432,0.982993,0.477758,-0.562505,-1.753372,0.389883,-0.752447,-0.549377,0.693724,0.310201,0.451207,-0.801504,0.394933,0.180238,326.614589,1.372908,-1.446849,0.309349,0.254097,1.664393,-0.588439,0.099979,0.133196,0.309209,0.534949,0.127092,0.978632,0.862710,-0.229280,0.824205
0.177946,0.600089,2.706166,0.047152,0.313419,0.398918,-1.093723,0.276501,0.824546,0.015847,0.154912,0.409687,0.492543,-0.177045,0.241280,0.142852,0.033020,1.072808,-1.022836,0.568608,-0.078033,0.129354,-1.285252,-0.101024,-0.201424,-0.196849,0.693724,0.176249,-0.735055,-0.988734,0.281470,0.317940,1019.213865,0.938067,-1.284357,0.060853,0.071532,1.511710,-0.263170,0.190293,0.272018,0.007451,0.437292,0.461454,0.378108,0.601849,0.482915,0.055045
-1.063790,0.707534,2.267583,0.259600,0.452700,0.536761,-1.404133,0.802594,-0.017951,0.114615,0.203526,0.239573,0.827128,0.849544,0.389486,0.201922,0.192587,0.164549,-1.451581,0.823457,-0.095210,-0.120886,-1.512943,0.061628,-1.420368,-0.151202,0.666344,0.301180,-1.141024,-1.278798,0.415420,0.402842,1037.506858,1.267722,-1.320101,0.162771,0.198450,1.499913,-0.854514,-0.851454,0.553112,0.190636,0.599186,0.332214,1.310859,0.922492,-0.962680,0.609856
-1.063790,0.639936,0.717866,0.355846,0.588745,0.536369,-1.423227,0.615405,0.955470,0.198633,0.304849,0.351303,0.827128,0.849544,0.408216,0.278104,0.270481,0.577348,-1.569735,0.982914,0.992129,-0.339308,-1.503838,0.780381,-1.420368,-0.151202,0.665129,0.325071,-1.141024,-1.278798,0.483118,0.692508,344.137142,1.357023,-1.386390,0.628516,0.297938,1.770092,-0.973256,-1.108839,0.660962,0.224413,0.564098,0.778937,1.310859,0.686291,-0.962680,0.618182
-0.780917,0.553573,0.592154,0.436261,0.571875,0.534346,-1.640067,0.371293,0.947560,0.391681,0.432992,0.547176,0.977862,1.126758,0.355120,0.517819,0.419965,1.115425,-2.126311,1.008094,0.992129,-1.216651,-1.606487,0.780381,-0.941382,-0.847978,0.641526,0.417491,0.455777,-0.879700,1.720745,0.244249,243.379786,1.660102,-1.351263,0.599000,0.446622,1.324842,-0.842717,-0.286797,0.343116,0.409749,0.593711,0.131025,2.018245,1.191551,-0.583556,1.078348
-0.370608,0.548344,2.314878,0.085381,0.354575,0.522250,-1.292473,0.442093,0.780299,0.030055,0.131156,0.419731,0.637776,-0.155460,0.318625,0.130732,0.053253,0.655346,-1.495342,0.559392,-0.043908,-0.018505,-1.496250,-0.097792,-0.316774,-0.439146,0.804536,0.272242,-0.609109,-0.998420,0.296748,0.410119,869.288882,1.254803,-1.196215,0.091566,0.134246,1.654402,-0.276402,0.250815,0.249524,0.009743,0.502703,0.424285,0.519011,0.656899,0.272938,0.106597
-1.027756,0.669736,2.135606,0.345639,0.484271,0.361315,-1.568204,0.774406,0.023543,0.125349,0.367757,0.317132,0.862639,0.876855,0.359963,0.232177,0.231400,0.316889,-1.643131,0.919737,-0.081268,-0.274252,-1.497824,0.205509,-1.604261,-0.253565,0.804536,0.319611,-1.000404,-1.554649,0.487275,0.478356,1013.568542,1.273964,-1.584296,0.174908,0.258259,1.554797,-0.887489,-1.039182,0.586170,0.215864,0.445726,0.302286,1.388420,1.158224,-1.023444,0.739602
-1.027756,0.741071,0.636268,0.436456,0.584657,0.509172,-1.412748,0.677976,0.996824,0.205470,0.515454,0.524646,0.862639,0.876855,0.369411,0.320813,0.281009,0.782334,-1.570509,1.054158,1.075430,-0.442689,-1.579913,0.790789,-1.604261,-0.253565,0.787430,0.372703,-1.000404,-1.554649,0.503850,0.850741,347.992560,1.359161,-1.482958,0.625656,0.327693,1.536431,-0.887489,-1.341136,0.690943,0.252996,0.383772,0.746655,1.388420,1.158224,-1.031990,0.739602
-0.460285,0.474657,0.635415,0.334548,0.514885,0.424763,-1.567731,0.356779,0.993592,0.304345,0.295715,0.404402,0.763982,0.942683,0.332349,0.477007,0.322484,1.026310,-1.730238,0.884772,0.959758,-0.742648,-1.665095,0.652609,-1.379976,-0.896802,0.668275,0.526248,0.326551,-1.561567,1.126450,0.306944,268.684972,1.457503,-1.577797,0.545180,0.365682,1.452387,-0.776621,-0.731524,0.350938,0.320446,0.450712,0.170353,1.759292,1.309581,-0.208189,0.904753
-0.347646,0.568219,2.177471,0.141614,0.347436,0.446550,-1.277876,0.384512,0.539232,0.031190,0.113333,0.301530,0.606047,-0.047698,0.272076,0.095179,0.081893,0.460165,-1.292003,0.574339,-0.111634,-0.492430,-1.399791,-0.134739,-0.348782,-0.226154,0.783757,0.397333,-0.673309,-1.034744,0.299146,0.374535,798.299159,1.244558,-1.194441,0.076502,0.102374,1.568397,-0.273127,0.289822,0.230216,0.018527,0.332415,0.392440,0.551408,0.499852,0.402449,0.082783
-1.117155,0.668108,1.799816,0.257180,0.446791,0.343599,-1.211665,0.766128,-0.096471,0.130081,0.262276,0.257639,0.747889,0.907519,0.379578,0.231322,0.198938,0.280146,-0.848141,0.874188,-0.016776,-0.073511,-1.600260,0.091854,-1.151927,-0.186401,0.855516,0.383177,-0.938224,-1.489911,0.444139,0.436874,825.199965,0.761065,-1.641694,0.186835,0.227814,1.560879,-0.822105,-1.105820,0.619129,0.222262,0.581080,0.250419,1.178405,0.862751,-0.992561,0.549025
-1.117155,0.670114,0.711811,0.307647,0.576297,0.453178,-1.490325,0.617824,0.693367,0.255546,0.391331,0.421383,0.747889,0.907519,0.395285,0.274658,0.267169,0.997062,-1.572063,0.927164,1.063062,-0.840147,-1.572755,0.556470,-1.151927,-0.186401,0.855516,0.413570,-0.938224,-1.489911,0.444139,0.723227,365.976987,1.387689,-1.560303,0.620301,0.384277,1.512179,-1.016432,-1.226648,0.712540,0.324325,0.547078,0.579888,1.178405,0.859561,-0.992561,0.742378
-0.593810,0.503643,0.557755,0.255825,0.490792,0.490699,-1.633396,0.291695,0.604861,0.244045,0.242002,0.383735,0.874100,1.172389,0.343243,0.307443,0.383296,0.997062,-2.034367,0.805313,1.059788,-0.840147,-1.743650,0.554429,-0.710989,-0.708704,0.713317,0.587059,0.202157,-0.778562,0.889202,0.240839,238.636414,1.764920,-1.504083,0.461447,0.398914,1.455942,-0.766978,0.164857,0.291805,0.394258,0.411696,0.096011,1.919065,1.125470,-0.555424,0.926517
0.021710,0.495201,2.329196,0.037215,0.294039,0.433491,-1.331559,0.274937,0.421652,0.010296,0.132541,0.315209,0.433435,-0.182545,0.192018,0.086362,0.014917,0.595672,-1.501892,0.586552,-0.106259,-0.742893,-1.512139,-0.143755,-0.183691,0.148446,0.645078,0.275614,-0.756192,-1.052718,0.281118,0.306981,825.862217,1.348719,-1.195757,0.045627,0.033775,1.489608,-0.257499,0.164857,0.240914,0.004797,0.309813,0.365280,0.382565,0.667837,0.309966,0.055805
-0.947940,0.656349,1.983560,0.298696,0.405337,0.456999,-1.616109,0.734429,-0.152180,0.113502,0.290569,0.393458,0.729359,0.714393,0.317954,0.311897,0.215321,0.722982,-1.884614,0.883006,0.041677,-0.613643,-1.584762,-0.196352,-1.353782,-0.190852,0.582752,0.217931,-1.086495,-1.770370,0.426094,0.458232,870.567381,1.639392,-1.342277,0.176447,0.212516,1.525081,-0.834462,-1.064727,0.600997,0.186643,0.412411,0.285423,1.184125,1.023239,-0.888997,0.533327
-0.947940,0.653207,0.750966,0.361951,0.549976,0.391642,-1.524874,0.530208,0.719117,0.239254,0.425713,0.357876,0.729359,0.714393,0.300700,0.312241,0.258427,0.974477,-1.783075,0.917275,1.544763,-1.089146,-1.561235,0.570817,-1.353782,-0.094090,0.676812,0.320524,-1.086406,-1.770370,0.426340,0.607873,403.328719,1.523718,-1.332360,0.581799,0.358138,1.635749,-0.980041,-1.154487,0.692019,0.293019,0.345478,0.645649,1.184125,0.666066,-0.888997,0.744601
-0.478124,0.540655,0.577868,0.385493,0.473547,0.550716,-1.281953,0.295407,0.664033,0.282198,0.430830,0.373337,0.940605,1.751428,0.299061,0.447768,0.721857,1.026289,-1.473774,0.778757,1.544763,-1.738982,-1.696134,0.547991,-0.971609,-1.205760,0.543048,0.442223,0.165616,-0.888817,1.314703,0.290943,248.136437,1.366975,-1.466647,0.441948,0.458099,1.567971,-0.765395,0.188609,0.289857,0.517361,0.602305,0.123121,4.321411,1.326616,-0.429649,1.209548
0.371318,0.629273,3.612710,0.018450,0.274587,0.397164,-1.406619,0.144231,0.463675,0.015704,0.122893,0.411429,0.401852,-0.182405,0.218795,0.101285,0.015560,1.026289,-1.565888,0.548440,-0.083617,-0.405423,-1.347006,-0.081212,-0.184036,0.063622,0.802661,0.258119,-0.882892,-1.155235,0.278002,0.285643,1215.707438,1.413272,-1.275466,0.056667,0.048107,1.638833,-0.249982,0.188609,0.280235,0.004967,0.347759,0.424916,0.383726,0.595553,0.373942,0.050682
-0.724831,0.722239,2.794340,0.315572,0.417019,0.449998,-1.558093,0.614810,-0.281279,0.105060,0.155811,0.428861,0.746560,0.606339,0.292090,0.287593,0.202236,0.759246,-1.734686,0.799928,-0.101455,-0.513839,-1.486538,-0.198463,-1.278803,-0.108454,0.535459,0.215036,-1.179734,-1.831958,0.408484,0.428874,1184.295932,1.503168,-1.774054,0.170228,0.197282,1.691632,-0.684322,-1.027662,0.638166,0.169304,0.882645,0.259706,1.170409,0.896947,-0.891125,0.418687
-0.724831,0.640143,0.872187,0.416704,0.587667,0.516400,-1.523482,0.484083,0.804321,0.218257,0.410828,0.429560,0.746560,0.606339,0.371188,0.293955,0.311848,1.106090,-1.713749,0.951708,1.794520,-0.887451,-1.647546,0.954273,-1.278803,-0.108454,0.836904,0.387574,-1.179734,-1.831958,0.408484,0.554837,440.064031,1.449258,-1.503573,0.609742,0.329415,1.535517,-0.959257,-1.132130,0.657556,0.227550,0.905900,0.741269,1.195724,0.556920,-0.891125,0.548439
-0.787887,0.580922,0.772555,0.506872,0.541450,0.533064,-1.510653,0.357862,0.894263,0.376233,0.604374,0.423318,1.048929,2.300352,0.313571,0.722041,0.789393,1.236907,-1.637010,0.904050,1.794520,-3.336109,-1.832527,0.954273,-1.144227,-1.066049,0.755500,0.551731,0.380402,-1.416451,1.806393,0.268582,318.708708,1.351161,-1.390233,0.549226,0.477980,1.993745,-0.747164,-0.008066,0.335179,0.488410,0.585044,0.109602,2.828948,1.128696,-0.612791,1.316908
-0.162147,0.571308,2.567726,0.040013,0.330518,0.437328,-1.170004,0.314944,0.872431,0.025894,0.381214,0.295538,0.571166,-0.184208,0.249352,0.245295,0.024632,0.671771,-1.180810,0.597990,-0.099807,-0.076043,-1.292434,0.020847,-0.238567,-0.183196,0.825891,0.205679,-0.786263,-1.001336,0.280637,0.338017,966.153796,1.155309,-1.211430,0.077187,0.088958,1.688392,-0.263408,0.205183,0.271551,0.005295,0.461838,0.484719,0.407318,0.535872,0.364856,0.027224
-0.704399,0.686287,1.892566,0.190113,0.440922,0.384409,-1.397516,0.641365,-0.158509,0.084070,0.129283,0.375739,0.801736,0.657282,0.331449,0.207125,0.164105,0.642925,-1.281120,0.835656,-0.099807,-0.334633,-1.506992,-0.126251,-1.147051,-0.174069,0.589522,0.177593,-1.168503,-1.424770,0.416543,0.445590,895.601018,1.148151,-1.299001,0.164712,0.191322,1.707837,-0.772790,-0.882824,0.574582,0.180715,0.399712,0.284392,1.113270,1.114451,-0.821650,0.401798
-0.704399,0.602370,0.691399,0.362528,0.559838,0.315021,-1.474278,0.481249,0.747416,0.159084,0.276477,0.429219,0.801736,0.657282,0.348528,0.245423,0.230204,0.844891,-1.591110,0.928288,0.977449,-0.662782,-1.439197,0.872962,-1.147051,-0.114906,0.702828,0.320296,-1.168503,-1.424770,0.416543,0.624319,383.691201,1.369728,-1.508950,0.582867,0.277003,1.644044,-0.907324,-1.012902,0.627211,0.230285,0.318719,0.687444,1.113270,0.736588,-0.821650,0.694143
-0.697416,0.604046,0.721447,0.426218,0.520976,0.549389,-1.561441,0.347602,0.770584,0.314040,0.372684,0.569214,0.981170,0.783486,0.290001,0.587197,0.442092,1.316268,-1.953336,0.961975,0.977449,-0.726910,-1.762195,0.872962,-0.704371,-0.947956,0.554751,0.498348,0.407668,-1.023318,1.848921,0.228258,283.350900,1.664716,-1.603912,0.501300,0.399534,1.579445,-0.803239,0.180175,0.333779,0.344757,0.598633,0.087546,1.727498,1.293689,-0.357686,1.091398
-0.227437,0.527427,1.826272,0.092750,0.334525,0.528010,-1.346673,0.382814,0.718512,0.017019,0.133491,0.432435,0.530139,-0.166190,0.273299,0.077888,0.022360,0.814544,-1.582779,0.632762,-0.026188,-0.324455,-1.300021,-0.107075,-0.240399,-0.223239,0.709917,0.195165,-0.730092,-0.821516,0.280601,0.403202,703.772686,1.427985,-1.187273,0.058837,0.065857,1.341543,-0.264637,0.196916,0.242421,0.005979,0.397035,0.422927,0.396744,0.567640,0.265278,0.036767
-1.070471,0.641967,1.503532,0.279883,0.449832,0.514553,-1.197139,0.835250,-0.044826,0.123347,0.182423,0.479049,0.732909,0.663084,0.410952,0.185130,0.159462,0.842142,-1.191742,0.962122,-0.026188,-0.239652,-1.597161,0.173421,-1.346979,-0.200627,0.671448,0.293740,-1.148067,-1.444929,0.380117,0.481801,738.422571,1.020909,-1.405173,0.163615,0.204221,1.349530,-0.894060,-1.053679,0.589310,0.177682,0.418133,0.310347,0.956965,1.073283,-0.900052,0.482406
-1.070471,0.648898,0.756037,0.363519,0.550435,0.523739,-1.412125,0.552509,0.816626,0.200727,0.298065,0.451714,0.732909,0.663084,0.393997,0.261004,0.272784,0.842142,-1.575091,1.015818,0.932051,-0.561095,-1.434679,0.704218,-1.346979,-0.187656,0.748837,0.266964,-1.148067,-1.444929,0.451248,0.589256,383.339300,1.391409,-1.485981,0.579946,0.347480,1.605672,-0.937192,-1.118830,0.677193,0.248951,0.408626,0.687829,0.956965,0.679441,-0.900052,0.806136
-1.102757,0.587081,0.465855,0.379190,0.487019,0.698186,-1.603735,0.381926,0.694658,0.336860,0.549305,0.501480,0.924411,1.357398,0.386057,0.781653,0.404988,1.329558,-1.998776,0.923066,0.931215,-0.611688,-1.765128,0.518642,-1.026671,-0.516517,0.518515,0.517184,0.268068,-0.870411,1.716423,0.189795,192.609124,1.624925,-1.590472,0.462741,0.474998,1.273932,-0.815579,0.183256,0.326902,0.400438,0.576545,0.100982,1.682791,1.329418,-1.110214,0.836492
-0.006535,0.583070,2.538091,0.034851,0.302684,0.496864,-1.357831,0.338118,0.451431,0.020918,0.225952,0.457556,0.398066,-0.188898,0.177487,0.100890,0.018416,0.912029,-1.445541,0.669711,-0.096115,-0.296556,-1.333763,-0.130247,-0.144585,0.172500,0.731873,0.259745,-0.831086,-0.946531,0.282274,0.379734,803.833298,1.346815,-1.343306,0.037811,0.056281,1.762834,-0.249987,0.183256,0.237679,0.004487,0.259717,0.401649,0.359925,0.688023,0.414326,0.088663
-0.610678,0.662543,2.178507,0.307081,0.451641,0.332204,-1.577041,0.687852,-0.197584,0.109405,0.176929,0.398907,0.740224,0.441551,0.396216,0.177979,0.142974,0.635406,-1.826122,0.982393,-0.120977,-0.097125,-1.374461,0.262316,-1.464812,-0.160928,0.638797,0.208340,-1.114792,-1.156446,0.448918,0.420053,830.206113,1.541478,-1.349043,0.151657,0.192063,1.788471,-0.705340,-0.911584,0.566161,0.146677,0.525860,0.273278,0.990238,0.858564,-0.820754,0.412184
-0.610678,0.607982,0.849878,0.417013,0.529731,0.310312,-1.360322,0.501264,0.708649,0.201217,0.243302,0.373763,0.740224,0.441551,0.402617,0.298014,0.302903,0.635406,-1.280975,1.031490,0.743296,-0.097125,-1.568675,0.777022,-1.464812,-0.160928,0.686094,0.217499,-1.114792,-1.156446,0.472607,0.569135,447.265718,1.129586,-1.361077,0.572345,0.308234,1.674691,-0.883649,-1.048521,0.610443,0.214396,0.510710,0.665030,0.990238,0.607879,-0.820754,0.724338
-0.610587,0.547922,0.657887,0.429612,0.474651,0.485873,-1.359179,0.270261,0.656922,0.259438,0.400101,0.276088,0.794865,0.510091,0.290578,0.352911,0.323991,0.832008,-1.573311,0.863308,0.743296,-0.567118,-1.776528,0.740111,-0.831360,-0.603289,0.756779,0.330459,0.112371,-1.295179,0.865492,0.281236,280.851578,1.340469,-1.438861,0.476820,0.378568,1.581076,-0.769620,-0.083795,0.251082,0.273005,0.582441,0.125851,0.969779,0.998160,-0.412103,0.878929
-0.068175,0.635004,1.999953,0.033487,0.322485,0.485035,-1.333981,0.364569,0.369401,0.020195,0.218493,0.358032,0.427929,-0.163314,0.208518,0.110911,0.017574,0.405210,-1.374925,0.607302,-0.091191,-0.079301,-1.293071,-0.153746,-0.156627,0.017773,0.756779,0.220129,-0.676520,-0.950934,0.282563,0.335593,769.452968,1.167760,-1.286641,0.048307,0.042042,1.663207,-0.255946,0.360951,0.181760,0.006738,0.449984,0.296647,0.385518,0.634981,0.408910,0.022355
-0.829647,0.651611,1.683968,0.237299,0.436332,0.460843,-1.451354,0.748212,-0.143979,0.107898,0.164745,0.342705,0.705269,0.717837,0.361480,0.156062,0.147541,0.380447,-1.424009,0.928842,-0.091191,-0.018435,-1.358543,0.128729,-1.315329,-0.136054,1.772211,0.231946,-1.039554,-1.378662,0.456152,0.408557,816.603523,1.179591,-1.350383,0.159725,0.183818,1.673618,-0.828870,-0.980578,0.590476,0.179257,0.512681,0.248550,1.133541,1.057958,-0.782354,0.494810
-0.829647,0.632985,0.609586,0.294090,0.534685,0.388181,-1.634533,0.483992,0.611477,0.187384,0.337306,0.393017,0.705269,0.717837,0.308417,0.209461,0.222566,0.859267,-1.982484,0.928842,1.008612,-0.540347,-1.440948,0.554979,-1.315329,-0.113374,1.772211,0.206673,-1.039554,-1.378662,0.460156,0.576915,326.893061,1.693031,-1.343006,0.559278,0.299854,1.608078,-0.905058,-1.076184,0.668277,0.242343,0.377807,0.565575,1.133541,0.732720,-0.782354,0.822944
-1.157857,0.616951,0.421226,0.391296,0.479396,0.682231,-1.399014,0.427092,0.608040,0.230911,0.516795,0.546051,0.871768,2.113600,0.390837,0.632205,0.560365,1.165491,-1.617462,0.910706,1.008612,-0.569584,-1.682307,0.530845,-1.030291,-0.615773,0.603826,0.385954,0.230000,-0.709107,1.473374,0.188261,174.235254,1.423355,-1.289388,0.454488,0.437420,1.352139,-0.797898,0.238469,0.314011,0.522637,0.498225,0.107923,2.735743,1.192994,-1.381689,1.380029
-0.103957,0.599496,1.593048,0.030559,0.279153,0.458969,-1.522515,0.277972,0.336993,0.009961,0.263951,0.390942,0.395072,-0.188575,0.096028,0.136899,0.013442,1.007534,-1.734434,0.641428,-0.075862,-0.125291,-1.366749,-0.052557,-0.124719,0.147122,0.573538,0.232932,-0.696795,-0.981294,0.276636,0.277085,634.312400,1.504376,-1.303355,0.038907,0.050717,1.437634,-0.244514,0.238469,0.219352,0.003143,0.353433,0.325136,0.356932,0.446885,0.417866,0.115718
-0.528306,0.607557,0.767620,0.284070,0.463832,0.375373,-1.457726,0.518544,0.676850,0.130913,0.273603,0.246282,0.660904,0.696927,0.391405,0.208840,0.134981,0.233558,-1.584800,0.929075,0.731949,-0.397383,-1.531399,0.643486,-0.807504,-0.125705,0.828624,0.246846,-0.861078,-1.316913,0.438572,0.519327,390.693879,1.326147,-1.297479,0.485766,0.194501,1.760739,-0.773065,-0.981744,0.657916,0.142228,0.504384,0.569757,1.085733,0.611061,-0.724490,0.319716
0.041407,0.615458,1.747729,0.025905,0.221006,0.405640,-1.061345,0.124911,0.436227,0.019948,0.237253,0.341866,0.351578,-0.195767,0.180414,0.107947,0.012986,0.606946,-1.163438,0.593033,-0.103218,-0.239916,-1.458316,-0.080755,-0.168487,0.156529,0.662605,0.149077,-0.360857,-0.699452,0.273024,0.153366,857.721218,1.064924,-1.139816,0.030739,0.075137,1.593918,-0.249022,0.328225,0.155985,0.003123,0.214630,0.239678,0.413253,0.648124,0.236213,0.064582
0.406139,0.973635,0.567878,0.004435,0.180365,0.024546,-0.973711,0.047848,-0.565856,0.002869,0.010275,0.020307,0.189956,-0.200317,0.010701,0.013244,0.003647,-0.069354,-1.120803,0.515588,-0.096576,0.330392,-1.188009,-0.155184,-0.118287,0.214167,0.324710,0.036437,-0.660090,-0.459904,0.269378,0.014775,237.475094,0.889624,-1.196690,0.004466,0.011219,1.435110,-0.242450,0.944920,0.012357,0.001161,0.042585,0.026560,0.339866,0.599219,0.151476,-0.083606
0.521286,0.995542,3.619826,0.009760,0.183855,0.205935,-1.031548,0.021837,-0.464444,0.010454,0.054157,0.183740,0.220511,-0.188111,0.087110,0.050242,0.014678,0.543250,-0.926936,0.522574,-0.102806,0.068523,-1.220898,-0.201480,-0.132344,0.217884,0.466372,0.031336,-1.024227,-1.591836,0.281282,0.078814,1105.517485,0.827004,-1.315111,0.014881,0.025606,1.506439,-0.244795,0.942214,0.047243,0.002026,0.179623,0.176327,0.323447,0.597183,0.109476,-0.062899
-0.365194,0.717487,0.369853,0.043727,0.195364,0.461329,-1.523369,0.107258,0.345423,0.014038,0.080508,0.296136,0.365317,-0.190231,0.152467,0.052998,0.017228,0.632265,-1.886915,0.519950,-0.074921,-0.284662,-1.562934,0.007898,-0.138461,0.131348,0.418588,0.197917,-0.369377,-0.655006,0.270845,0.196841,198.792443,1.550601,-1.187901,0.038368,0.052974,1.086860,-0.244678,0.425629,0.172782,0.004902,0.336856,0.183313,0.387666,0.640620,0.282499,0.090634
0.028288,1.187043,0.441954,0.001833,0.179287,0.033546,-1.058020,0.021470,-0.547355,0.002089,0.009673,0.068088,0.184730,-0.201744,0.011063,0.007348,0.001923,0.043820,-1.278937,0.506180,-0.104497,0.377317,-1.295594,-0.176112,-0.110733,0.209001,0.295109,0.015607,-0.659104,-0.469843,0.269183,0.021499,186.673968,1.010167,-1.113322,0.002233,0.004686,1.307027,-0.241664,1.153436,0.016891,0.000832,0.056260,0.031419,0.344223,0.532536,0.171153,-0.092053
0.274875,1.084509,0.367841,0.061322,0.197808,0.251587,-1.679820,0.107503,-0.471989,0.017450,0.112384,0.219620,0.244417,-0.193835,0.061888,0.065317,0.030309,0.568143,-1.944294,0.546413,0.005448,0.031408,-1.344865,0.039772,-0.110104,0.199648,0.408909,0.137932,-0.591047,-0.514219,0.276057,0.112013,155.141400,1.613229,-1.334102,0.024540,0.027359,1.344239,-0.252224,1.041610,0.020638,0.003850,0.355158,0.032043,0.406686,0.633961,0.131964,-0.050384
0.184738,0.799791,1.733716,0.130920,0.355070,0.416048,-1.451772,0.324048,0.368635,0.085892,0.219675,0.264663,0.593869,0.732242,0.203873,0.174005,0.093224,-0.055221,-1.703070,0.715658,-0.056836,0.045565,-1.617260,0.197571,-0.731743,-0.038972,0.634931,0.218680,-0.720704,-0.721889,0.473949,0.370932,693.958272,1.364464,-1.217570,0.176389,0.099749,1.730519,-0.633051,-0.547754,0.619102,0.161777,0.529106,0.302861,0.851787,0.766635,-0.512936,0.117735
0.184738,0.349042,0.753177,0.147535,0.327753,0.225235,-1.531626,0.252586,0.982896,0.158804,0.240880,0.411331,0.593869,0.732242,0.176458,0.186446,0.171195,0.450812,-1.843725,0.740586,0.739651,0.045565,-1.608358,0.325979,-0.731743,-0.038735,0.634931,0.148489,-0.676230,-0.671431,0.473949,0.240117,368.972976,1.502792,-1.264768,0.371735,0.122152,1.424754,-0.663915,-0.547754,0.393349,0.216814,0.291390,0.542674,0.851787,0.631898,-0.512936,0.212207
-0.389744,0.327713,0.769542,0.470975,0.333512,0.509394,-1.649338,0.344312,0.982896,0.151225,0.388226,0.496824,0.672825,2.468654,0.422677,0.464538,0.734564,1.662909,-1.898186,1.079801,0.484225,-1.265290,-1.642942,0.297156,-1.568387,-1.114750,0.891414,0.492589,0.316282,-0.932080,0.856214,0.170533,323.663786,1.605776,-1.494082,0.287229,0.330961,1.621461,-0.653647,0.097055,0.126955,0.485835,0.672365,0.186259,2.797800,0.888857,-0.359699,1.405398
0.571070,0.571783,2.825818,0.021581,0.290045,0.424807,-1.259754,0.215372,0.691791,0.010579,0.157086,0.568068,0.410556,-0.182629,0.184184,0.086136,0.017936,1.662909,-1.380474,0.609895,-0.067014,0.077025,-1.475310,-0.114123,-0.190938,-0.184483,0.891414,0.218789,-0.740182,-0.910430,0.279772,0.310023,1040.167200,1.255383,-1.285648,0.039261,0.047729,1.551141,-0.245250,0.201622,0.264724,0.004873,0.402465,0.441934,0.414074,0.601075,0.453307,0.040663
-1.122346,0.679634,2.106437,0.262442,0.440906,0.400205,-1.185559,0.843564,-0.059184,0.095012,0.172943,0.331901,0.797673,0.436596,0.324575,0.174490,0.226592,-0.030642,-1.201836,0.765767,-0.121468,0.184617,-1.589680,-0.052641,-1.308519,-0.155254,0.581133,0.300005,-1.058689,-1.214486,0.308266,0.365964,963.498367,1.023298,-1.312998,0.155437,0.196519,1.536390,-0.747652,-0.767230,0.503709,0.147067,0.380593,0.286982,1.298895,0.930581,-0.885705,0.557876
-1.122346,0.620098,0.556091,0.335716,0.548045,0.461330,-1.425989,0.650497,0.921730,0.153934,0.274281,0.471550,0.797673,0.436596,0.373700,0.228687,0.256150,0.340276,-1.557847,0.914272,1.027247,0.019844,-1.665006,0.766831,-1.308519,-0.155254,0.734497,0.309317,-1.058689,-1.214486,0.413051,0.658567,300.845625,1.344429,-1.562727,0.590241,0.237288,1.522347,-0.898476,-1.117769,0.623384,0.158083,0.368142,0.743629,1.298895,0.824423,-0.886782,0.557876
-0.412914,0.461837,0.671972,0.507610,0.554424,0.488836,-1.567305,0.320363,0.921730,0.309893,0.466144,0.476310,0.883263,1.534301,0.379073,0.278975,0.377314,1.154995,-1.901260,0.968592,1.028706,-1.820307,-1.672238,0.766831,-0.844129,-1.228328,0.734497,0.621229,0.590521,-1.176213,1.426567,0.227954,246.288845,1.549566,-1.669607,0.585733,0.440973,0.785104,-0.832437,-0.559689,0.367523,0.414548,0.749471,0.089014,1.474573,1.050244,-0.456999,0.967760
-0.391503,0.493650,2.534147,0.228538,0.377844,0.586473,-1.268695,0.423670,0.897636,0.077049,0.143423,0.384784,0.711197,0.071389,0.357798,0.204159,0.061194,0.683100,-1.301985,0.968592,-0.083807,-0.011571,-1.513170,-0.090324,-0.761035,-0.564384,0.911928,0.425502,-0.542416,-0.994905,0.287043,0.458466,953.527050,1.227571,-1.223623,0.111838,0.167753,1.599912,-0.283908,0.143481,0.272874,0.038654,0.556803,0.468222,0.447426,0.606764,0.298374,0.043934
-0.939505,0.666746,2.288092,0.363902,0.486796,0.411959,-1.588095,0.712436,0.249853,0.134508,0.356197,0.256104,0.866633,0.913288,0.390251,0.241329,0.212021,-0.009793,-1.792820,0.936266,-0.083807,-0.294614,-1.572504,0.293439,-1.603471,-0.296813,0.911928,0.287810,-0.956712,-1.594061,0.486120,0.488428,1036.406320,1.455357,-1.391917,0.186326,0.269311,1.640790,-0.862053,-1.063350,0.593320,0.222600,0.525751,0.338601,1.343594,1.190866,-1.060388,0.696739
-0.939505,0.728388,1.005773,0.467243,0.615207,0.448349,-1.433124,0.663579,1.155718,0.243382,0.497969,0.398525,0.866633,0.913288,0.363919,0.367834,0.314488,0.875856,-1.688227,1.010019,1.199369,-0.446286,-1.520619,0.723231,-1.603471,-0.296813,0.858645,0.355224,-0.956712,-1.594061,0.486120,0.930546,497.155795,1.508993,-1.350886,0.663480,0.365742,1.652053,-0.964195,-1.309803,0.691275,0.255822,0.508496,0.784455,1.343594,1.190866,-1.060388,0.876511
-0.543299,0.455394,0.950137,0.420586,0.550461,0.552904,-1.264582,0.421584,1.155718,0.273893,0.380018,0.661700,0.889507,1.106983,0.401924,0.433579,0.382504,1.199849,-1.508010,0.999985,0.871304,-1.017297,-1.811534,0.721480,-0.976303,-0.744927,0.732306,0.690262,0.242575,-1.580671,0.760675,0.368821,345.778223,1.364374,-1.527474,0.595169,0.451320,1.640422,-0.848228,-0.768924,0.380037,0.369152,0.517722,0.261109,1.610189,1.144517,-0.496210,1.119431
-0.346590,0.543165,2.075025,0.108556,0.348513,0.410106,-1.085419,0.398379,0.599054,0.028591,0.188720,0.274454,0.596747,-0.052425,0.268229,0.138435,0.098931,0.233879,-0.846467,0.683612,-0.026701,-0.961578,-1.467053,-0.137399,-0.350391,-0.744927,0.732306,0.461415,-0.732599,-1.154596,0.284507,0.379091,756.683760,0.847454,-1.336039,0.065569,0.109640,1.424430,-0.287306,0.259945,0.222211,0.013469,0.358862,0.393198,0.585790,0.532756,0.407808,0.072690
-0.999133,0.633502,1.703816,0.189588,0.449842,0.323777,-0.964836,0.740004,-0.053186,0.111602,0.230027,0.285564,0.760326,0.844973,0.353188,0.264068,0.195406,0.156638,-0.275570,0.898813,-0.026701,-0.390854,-1.606040,0.047445,-1.554538,-0.165288,0.725598,0.359992,-1.013409,-1.649509,0.402322,0.407042,780.777221,0.303753,-1.467618,0.172640,0.204504,1.424218,-0.962219,-1.061941,0.583121,0.215509,0.555416,0.278696,1.157842,0.811676,-0.961021,0.553002
-0.999133,0.642490,0.761155,0.258898,0.586966,0.452131,-1.605738,0.615151,0.774890,0.231638,0.354800,0.419599,0.760326,0.844973,0.366163,0.304398,0.227945,0.874383,-1.871919,0.898813,1.095342,-0.911401,-1.511238,0.554458,-1.554538,-0.165288,0.749735,0.358235,-1.013409,-1.649509,0.479188,0.718361,402.385850,1.644143,-1.456441,0.625931,0.339818,1.500051,-0.966775,-1.193423,0.667367,0.287497,0.496542,0.663793,1.157842,0.711883,-0.961021,0.788755
-0.655528,0.441420,0.899797,0.303375,0.551993,0.529810,-1.601022,0.365097,0.771938,0.233242,0.368170,0.336614,0.857819,1.604606,0.427081,0.370032,0.489496,0.874383,-1.748103,0.815288,1.095342,-0.917075,-1.764448,0.554458,-0.959160,-0.544069,0.688476,0.546208,0.264119,-1.121783,0.344662,0.187107,357.696726,1.473617,-1.488967,0.578735,0.449467,1.450739,-0.840480,-0.259515,0.335562,0.530468,0.378174,0.139699,2.120147,1.123859,-0.746343,1.110236
-0.017105,0.439862,2.554011,0.032067,0.294183,0.499618,-1.278210,0.249544,0.576529,0.020051,0.267292,0.357733,0.537557,-0.123953,0.265852,0.169006,0.021724,0.628551,-1.339956,0.632345,-0.092976,-0.675639,-1.429099,-0.088591,-0.195099,-0.544069,0.765866,0.239156,-0.728039,-1.196146,0.278892,0.297168,857.125532,1.246975,-1.063612,0.081997,0.093346,1.468196,-0.269153,0.069608,0.260890,0.011127,0.326919,0.377375,0.423082,0.620378,0.258777,0.125497
-0.939081,0.626649,1.951262,0.267632,0.386074,0.435580,-1.445614,0.708957,-0.037692,0.125176,0.330587,0.347808,0.691422,0.666679,0.327938,0.335790,0.213981,0.452253,-1.589091,0.872126,-0.001409,-0.358173,-1.544355,-0.186632,-1.380130,-0.122705,0.724335,0.233653,-0.963438,-1.902337,0.400826,0.404796,803.434326,1.295702,-1.330197,0.183347,0.221856,1.472885,-0.823249,-1.047223,0.589442,0.164711,0.508655,0.271780,1.202944,0.803856,-0.811897,0.491467
-0.939081,0.637520,0.656416,0.302917,0.532065,0.467072,-1.540462,0.540320,0.752721,0.223149,0.412469,0.502586,0.691422,0.666679,0.350075,0.310822,0.221890,1.101031,-1.717274,0.872126,1.544539,-1.238054,-1.594302,0.481263,-1.380130,-0.108999,1.698189,0.344282,-0.963438,-1.902337,0.400826,0.487200,358.714734,1.436761,-1.311882,0.559199,0.300953,1.518774,-0.938978,-1.121836,0.653940,0.235692,0.356291,0.639368,1.202944,0.702024,-0.811897,0.503662
-0.559810,0.484841,0.859389,0.329337,0.500148,0.481446,-1.558987,0.354780,0.775670,0.199104,0.353072,0.321907,0.868423,1.725233,0.333726,0.443845,0.718518,1.106578,-1.874479,0.806991,1.544539,-1.238054,-1.761647,0.481263,-0.786592,-0.730199,0.513504,0.466723,0.337981,-0.671175,1.124457,0.173985,371.763388,1.634634,-1.254419,0.486876,0.367732,1.191946,-0.597177,0.064685,0.324203,0.567682,0.568489,0.101041,3.378306,1.199771,-0.449877,0.871257
0.427313,0.452893,3.492116,0.039471,0.281113,0.382450,-1.271969,0.141171,0.662599,0.016757,0.147415,0.413187,0.545924,-0.159106,0.238132,0.123430,0.019798,0.949329,-1.347803,0.556344,-0.097654,-0.363392,-1.284364,-0.106743,-0.233214,-0.030300,0.699352,0.240096,-0.850974,-1.257237,0.286461,0.302800,1225.241314,1.212576,-1.191574,0.072397,0.049146,1.536620,-0.264416,0.064685,0.295656,0.006421,0.302634,0.472989,0.398870,0.584665,0.251439,0.017420
-0.975493,0.646769,2.791551,0.260390,0.390150,0.524539,-1.428915,0.734545,-0.229957,0.093511,0.236531,0.365042,0.748488,0.607756,0.345143,0.293530,0.216507,0.438079,-1.493221,0.747895,0.132295,-0.375283,-1.485382,-0.168265,-1.338219,-0.160641,0.578944,0.227162,-1.225379,-1.666803,0.366707,0.435382,1217.163678,1.233740,-1.263499,0.160226,0.195636,1.584365,-0.748097,-0.866580,0.541819,0.155458,0.562300,0.292026,1.237788,0.857066,-0.861366,0.562944
-0.975493,0.601734,0.731826,0.331942,0.551842,0.530273,-1.638685,0.577805,0.863948,0.216637,0.328845,0.523040,0.748488,0.607756,0.358059,0.275184,0.245430,0.971049,-1.887121,0.936751,1.706657,-0.898600,-1.586194,0.837231,-1.338219,-0.131075,0.667642,0.371445,-1.225379,-1.666803,0.400115,0.595993,343.655890,1.571666,-1.137461,0.582486,0.296437,1.805385,-0.946276,-1.075598,0.612096,0.190140,0.561340,0.771992,1.237788,0.505507,-0.861366,0.562944
-0.750978,0.580982,0.645037,0.491573,0.509646,0.427246,-1.567102,0.317448,0.852024,0.313868,0.577828,0.331543,0.908122,1.670832,0.292635,0.657693,0.761669,1.242665,-1.747332,0.822792,1.706657,-2.630062,-1.687793,0.837231,-1.333637,-1.052661,0.546575,0.490232,0.242547,-1.109734,1.646919,0.304751,274.491373,1.447449,-1.327236,0.533352,0.426295,1.353164,-0.673790,-0.219215,0.293717,0.441874,0.636310,0.140667,2.872272,1.107157,-0.670143,1.038919
-0.302836,0.688353,3.486178,0.107063,0.335967,0.450896,-1.279819,0.356228,0.724977,0.025336,0.364658,0.356734,0.546931,-0.079520,0.239954,0.276707,0.043787,0.596819,-1.278391,0.573084,-0.016472,0.030302,-1.460081,0.085193,-0.314968,-0.023404,0.796473,0.294621,-0.744887,-0.929818,0.281764,0.351335,1141.602964,1.190493,-1.099318,0.077358,0.120792,1.865584,-0.272217,0.314097,0.258794,0.011911,0.419317,0.427824,0.396046,0.527490,0.416506,0.032388
-0.836889,0.745552,2.879951,0.233059,0.445114,0.437304,-1.502868,0.648064,-0.135597,0.089285,0.184733,0.351973,0.792279,0.735621,0.346179,0.217452,0.199394,0.649355,-1.687941,0.828608,-0.016472,-0.465040,-1.501807,-0.023192,-1.125152,-0.146831,0.785229,0.189051,-1.055221,-1.521349,0.449458,0.471734,1187.232898,1.474403,-1.476528,0.167537,0.190664,1.862663,-0.746108,-0.956617,0.628885,0.187043,0.543604,0.274552,1.217330,0.925665,-0.914755,0.418176
-0.836889,0.626577,0.766678,0.399655,0.564226,0.338441,-1.599946,0.493262,0.810557,0.200998,0.352102,0.262903,0.792279,0.735621,0.346015,0.276328,0.265438,0.713937,-1.828702,0.949693,1.182725,-0.465040,-1.552946,0.777414,-1.125152,-0.146831,0.718793,0.271897,-1.055221,-1.521349,0.457818,0.713075,396.505966,1.571943,-1.322139,0.601403,0.332375,1.702728,-0.964778,-1.105434,0.657248,0.245622,0.427953,0.683831,1.217330,0.689691,-0.914755,0.627680
-0.544451,0.587868,0.494641,0.350628,0.503355,0.540429,-1.538174,0.261296,0.772485,0.317343,0.359106,0.406573,0.869360,1.037399,0.284695,0.401295,0.478278,0.746528,-1.659777,0.954645,1.182725,-1.789921,-1.734871,0.777414,-0.702585,-0.885189,0.593654,0.477291,0.278994,-1.280772,1.665732,0.279681,209.829456,1.475700,-1.369016,0.501742,0.396993,1.408186,-0.799023,0.023498,0.257651,0.367970,0.607654,0.116167,1.885675,1.311196,-0.539698,1.207040
-0.343762,0.612587,2.685077,0.129958,0.349140,0.495159,-1.239149,0.405289,0.581228,0.030972,0.153002,0.254767,0.531223,-0.070917,0.266008,0.201851,0.037641,0.259240,-1.339404,0.623840,-0.101972,-0.078976,-1.354125,-0.073847,-0.508666,-0.261371,0.855114,0.303658,-0.744804,-0.955781,0.291135,0.386792,880.635134,1.271093,-0.937164,0.066731,0.077547,1.613756,-0.290318,0.321661,0.224280,0.016719,0.417570,0.414095,0.384827,0.604347,0.379951,0.021450
-1.085882,0.693670,2.302828,0.241266,0.465575,0.395210,-1.511391,0.778806,-0.134226,0.113688,0.235131,0.358831,0.832998,0.668611,0.359702,0.254282,0.230597,0.799533,-1.645457,0.910667,-0.012245,-0.381251,-1.528038,0.034831,-1.733761,-0.234978,0.787840,0.329804,-1.127629,-1.680809,0.355227,0.467403,932.232886,1.474601,-1.307996,0.167348,0.223634,1.558822,-0.902207,-1.005546,0.592952,0.193300,0.358685,0.282304,1.243015,1.158717,-0.884394,0.639623
-1.085882,0.681808,0.747637,0.347480,0.594700,0.396574,-1.564081,0.622358,0.880653,0.210456,0.392431,0.422467,0.832998,0.668611,0.385692,0.311846,0.300141,0.799533,-1.776091,0.973154,1.199738,-0.810781,-1.585960,0.634309,-1.733761,-0.234978,0.846264,0.375013,-1.127629,-1.680809,0.490200,0.699466,416.124328,1.503995,-1.430525,0.633581,0.336495,1.597399,-0.976557,-1.211667,0.693713,0.240600,0.398474,0.750360,1.243015,1.084279,-0.884394,0.751581
-0.771469,0.559449,0.652658,0.369229,0.554549,0.582851,-1.395213,0.319701,0.878433,0.318073,0.415222,0.552376,0.971584,1.701380,0.411869,0.436880,0.502475,1.026584,-1.541119,0.854651,1.199738,-0.810781,-1.710790,0.634309,-0.720290,-1.445209,0.676674,0.565220,0.268334,-0.875791,1.725246,0.219659,255.390432,1.328184,-1.525272,0.582832,0.496621,1.563951,-0.824827,-0.243475,0.331047,0.481595,0.505717,0.139251,2.587255,1.323146,-0.537983,1.342894
-0.299066,0.570232,2.705073,0.090726,0.353534,0.511055,-1.333777,0.412466,0.635738,0.029426,0.158807,0.442373,0.610931,-0.126133,0.273338,0.121365,0.055043,1.026584,-1.664501,0.660840,-0.058309,-0.664750,-1.502986,-0.136909,-0.251819,-0.517539,0.775428,0.462670,-0.750176,-0.915838,0.290422,0.418054,912.908246,1.556317,-1.196702,0.080288,0.123239,1.533276,-0.267918,0.237111,0.242816,0.013047,0.375318,0.419610,0.426535,0.646563,0.286175,0.049193
-0.785870,0.667906,2.215285,0.312787,0.476664,0.455089,-1.215147,0.720955,-0.130752,0.126257,0.333819,0.248082,0.843047,0.688356,0.349723,0.224958,0.222993,0.061634,-1.057477,0.916798,0.176729,-0.065182,-1.776232,0.387520,-1.779677,-0.189035,0.759100,0.351443,-1.101265,-1.212769,0.487548,0.443072,944.121038,0.928677,-1.442578,0.171185,0.230483,1.542910,-0.744683,-0.987149,0.583621,0.188717,0.457583,0.290414,1.391695,1.174471,-0.878849,0.731535
-0.785870,0.659990,0.776161,0.473273,0.582825,0.446093,-1.458942,0.570278,0.769003,0.193713,0.404257,0.308151,0.843047,0.688356,0.368576,0.367914,0.351636,0.439892,-1.688612,0.963829,0.870290,-0.196287,-1.770894,0.936122,-1.779677,-0.189035,0.790244,0.392159,-1.101265,-1.212769,0.487548,0.758192,390.370354,1.416640,-1.467498,0.625047,0.328041,1.485781,-0.944804,-1.176629,0.667829,0.220345,0.442165,0.707751,1.391695,1.112217,-0.878849,0.731535
-0.390955,0.518044,0.718764,0.493570,0.547220,0.447041,-1.473963,0.271710,0.768284,0.235900,0.288375,0.396148,0.801870,1.404389,0.373418,0.386162,0.315404,0.618101,-1.856380,0.853026,0.755266,-0.651553,-1.748516,0.867839,-0.815290,-0.415886,0.731828,0.575920,0.320519,-1.503209,0.656958,0.245048,263.528738,1.585040,-1.400026,0.571493,0.405056,1.728706,-0.776884,-0.343674,0.324436,0.416994,0.521383,0.115844,1.201414,1.314920,-0.554999,0.832299
-0.236198,0.527285,1.861464,0.103159,0.341851,0.415683,-1.126180,0.387543,0.511202,0.023892,0.140903,0.295787,0.612838,-0.121628,0.278338,0.125002,0.050580,0.453382,-1.136400,0.587967,-0.097774,-0.651553,-1.404053,-0.166307,-0.312107,-0.336608,0.731828,0.422173,-0.584362,-1.041410,0.303536,0.412369,746.565129,1.153305,-1.221248,0.078524,0.111268,1.406233,-0.270896,0.252213,0.227888,0.011289,0.513224,0.349989,0.500809,0.586624,0.317314,0.089869
-1.197090,0.639317,1.573702,0.274145,0.439336,0.344568,-1.579852,0.793352,0.065014,0.128042,0.254652,0.300507,0.738839,1.253965,0.361478,0.257656,0.242376,0.071352,-1.563354,0.927500,-0.111389,-0.063444,-1.590438,-0.006812,-1.369765,-0.258657,0.827271,0.425515,-0.869918,-1.599565,0.455114,0.412133,798.890768,1.379133,-1.498718,0.186795,0.231148,1.614572,-1.046302,-1.073675,0.582607,0.271033,0.530391,0.251409,1.715434,0.943470,-0.998955,0.694284
-1.197090,0.644568,0.748352,0.316016,0.591808,0.533134,-1.667662,0.688148,0.710770,0.254506,0.396725,0.444193,0.738839,1.253965,0.385641,0.280591,0.268812,0.803666,-1.965824,0.927500,1.058667,-0.726090,-1.626647,0.523212,-1.369765,-0.258657,0.832858,0.452336,-0.869918,-1.599565,0.477394,0.754123,399.342377,1.658951,-1.205652,0.630123,0.351238,1.646389,-1.051300,-1.217893,0.684584,0.318821,0.508536,0.588618,1.715434,0.943470,-0.998955,0.770989
-0.963470,0.529176,0.681189,0.436508,0.538093,0.500224,-1.502917,0.382691,0.710770,0.267601,0.421323,0.336317,0.851258,1.304951,0.418245,0.374881,0.581110,0.829129,-1.839285,0.869145,1.058667,-0.726090,-1.690729,0.523212,-1.490956,-0.635718,0.708206,0.383780,0.294630,-1.014386,1.037851,0.234370,266.442968,1.616454,-1.244337,0.577501,0.404642,1.957411,-0.825276,-0.377090,0.312899,0.512299,0.387270,0.127829,2.727584,1.001180,-0.602264,0.770989
-0.584233,0.508980,1.699897,0.042602,0.328846,0.506638,-1.140282,0.398524,0.620135,0.019055,0.269607,0.329593,0.589090,-0.169185,0.294193,0.143666,0.037638,0.829129,-1.165469,0.869145,-0.080793,-0.108168,-1.447471,-0.086105,-0.169698,-0.151950,0.708206,0.301072,-0.470940,-0.983677,0.283115,0.250025,653.746387,1.131534,-1.043067,0.087523,0.152186,1.779878,-0.257795,0.276297,0.174980,0.007519,0.448874,0.339165,0.518699,0.512424,0.305699,0.183519
-0.358232,0.597810,1.072041,0.380489,0.468258,0.290126,-1.446214,0.475391,0.665806,0.143234,0.270162,0.220605,0.736562,1.096899,0.376833,0.226431,0.158521,0.046500,-1.527838,0.923202,0.670951,-0.064029,-1.640901,0.592693,-0.776077,-0.151934,0.950678,0.210810,-0.564834,-0.972886,0.569344,0.532878,549.354007,1.339233,-1.404571,0.489452,0.255934,1.792534,-0.788374,-0.994399,0.643321,0.202771,0.541837,0.443940,0.942345,0.617668,-0.701458,0.434235
-1.003140,0.591598,1.174214,0.076987,0.271183,0.515399,-1.135925,0.277378,0.561808,0.117166,0.352933,0.418347,0.741553,0.096129,0.395341,0.238718,0.109475,0.940454,-1.195773,1.342270,0.133598,-0.291340,-1.366079,0.019820,-0.196375,-0.614442,0.989994,0.425694,-0.306978,-0.773532,0.766877,0.189027,606.462508,1.148446,-1.057467,0.118953,0.208134,1.623020,-0.301600,0.380668,0.148334,0.036432,0.708721,0.251884,0.693233,0.605917,-0.135214,0.472901
0.377757,1.005222,0.470035,0.004414,0.184275,0.103170,-0.913173,0.043938,-0.509188,0.003688,0.019011,0.103198,0.187906,-0.199495,0.032500,0.014673,0.003848,0.156169,-1.061058,0.519755,-0.104118,0.314595,-1.197736,-0.150159,-0.114726,0.213064,0.399396,0.036321,-0.619486,-0.516209,0.268647,0.041230,220.457383,0.911033,-1.250972,0.002023,0.012636,1.426215,-0.244762,0.954540,0.027039,0.001135,0.216136,0.039093,0.328540,0.626997,0.175151,-0.087508
0.623980,0.961590,5.512660,0.034827,0.189380,0.226459,-1.259678,0.033079,-0.471826,0.012650,0.078581,0.148143,0.225329,-0.163874,0.069406,0.120439,0.028427,0.439489,-1.230803,0.528451,0.078538,0.194327,-1.161292,-0.226818,-0.167008,0.175820,0.467880,0.070751,-1.057717,-1.859582,0.290330,0.105563,1726.317181,1.080692,-1.212832,0.014372,0.028854,1.873872,-0.247652,0.917432,0.037271,0.006199,0.147550,0.175496,0.328276,0.540970,0.132287,-0.041988
-0.659093,0.565539,0.720752,0.302159,0.354746,0.441969,-1.324962,0.274825,0.392048,0.223614,0.419375,0.220321,0.683194,1.452896,0.275120,0.244671,0.570000,0.864487,-1.467677,0.725903,1.371497,-0.993264,-1.655017,0.493861,-1.280590,-0.340610,0.649974,0.337032,0.033874,-0.519645,0.374551,0.232826,385.763463,1.208117,-1.353953,0.336903,0.260916,1.410765,-0.595644,0.280627,0.208513,0.396288,0.496244,0.086738,2.927576,0.794993,-0.520235,0.536237
0.198501,0.893403,0.511946,0.005590,0.167506,0.176676,-0.898003,0.036560,-0.147935,0.007516,0.020607,0.079889,0.214681,-0.197842,0.088189,0.014961,0.005758,0.103891,-1.105209,0.522693,-0.112052,0.098903,-1.326368,-0.174703,-0.136382,0.203276,0.626928,0.066671,-0.436566,-0.758581,0.273924,0.057279,241.395238,0.904366,-1.162072,0.019714,0.016524,1.265199,-0.244526,0.732403,0.086889,0.002238,0.296303,0.080837,0.337262,0.521554,0.164049,-0.000034
0.704830,0.893516,0.407081,0.011310,0.206337,0.114323,-0.941890,0.110821,-0.353196,0.011376,0.101368,0.301799,0.237251,-0.193748,0.082275,0.064021,0.015108,0.416409,-0.996429,0.536197,-0.006366,0.048231,-1.407902,0.006386,-0.122201,0.184449,0.428192,0.164643,-0.581511,-0.526449,0.274884,0.073606,171.543525,0.762882,-1.264347,0.012518,0.034733,1.183821,-0.247348,0.824320,0.043947,0.003067,0.211029,0.061678,0.365754,0.697303,0.165223,-0.021736
-0.191940,0.735341,2.094009,0.164819,0.372896,0.245432,-1.310003,0.580822,0.215413,0.098547,0.258635,0.182311,0.581293,0.750873,0.333858,0.199591,0.105195,0.056091,-1.364151,0.828861,-0.095647,-0.090245,-1.546771,0.182445,-1.017892,-0.130062,0.639708,0.166677,-0.806130,-1.058285,0.436794,0.400042,839.321239,1.225301,-1.448112,0.139955,0.108942,1.487743,-0.641551,-0.750351,0.587414,0.140979,0.403317,0.263858,0.793621,0.713393,-0.666625,0.161811
-0.191940,0.440546,0.685173,0.217511,0.400189,0.239515,-1.373336,0.393379,0.844333,0.155109,0.307711,0.301683,0.581293,0.750873,0.330120,0.226474,0.163906,0.250912,-1.529087,0.828861,0.740507,-0.090245,-1.467355,0.428824,-1.017892,-0.093773,0.639708,0.125241,-0.806130,-1.058285,0.436794,0.411529,337.726740,1.312709,-1.387872,0.434977,0.178889,1.470983,-0.730744,-0.824471,0.478306,0.184246,0.396442,0.602129,0.793621,0.599434,-0.666625,0.324277
-0.318998,0.326429,0.675871,0.404240,0.391173,0.391249,-1.175351,0.273928,0.926195,0.168146,0.365373,0.543090,0.707196,2.457928,0.335218,0.458632,0.724267,1.285607,-0.927540,0.961269,0.553220,-1.368503,-1.800606,0.387823,-1.518993,-1.005624,0.699514,0.483323,0.411011,-0.946139,0.346132,0.238170,294.372130,0.700006,-1.389705,0.399689,0.332561,1.333250,-0.686365,-0.220425,0.177832,0.521676,0.526033,0.138509,2.671873,0.828652,-0.346067,1.111142
0.028175,0.510049,2.681765,0.064845,0.338449,0.433850,-1.335295,0.343222,0.811847,0.043678,0.254895,0.544257,0.600408,-0.168039,0.319669,0.206208,0.086661,1.285607,-1.300285,0.961269,-0.054798,-0.101682,-1.511759,0.006038,-0.281831,-0.198257,0.729107,0.378245,-0.680254,-0.993937,0.287234,0.327076,1013.908608,1.148284,-1.304488,0.071933,0.116918,1.810175,-0.272921,0.153778,0.245612,0.013700,0.357191,0.466641,0.947290,0.592264,0.399301,0.039556
-0.787281,0.633831,2.168675,0.075454,0.439589,0.406127,-1.468435,0.721220,0.151781,0.133982,0.288264,0.388579,0.797733,0.898005,0.375509,0.239274,0.194104,0.580146,-1.530903,0.838549,-0.044077,-0.235701,-1.614533,0.017979,-1.333211,-0.161522,0.729107,0.323199,-1.079666,-1.234956,0.364926,0.366618,1016.944072,1.370138,-1.499198,0.148482,0.212896,1.786253,-0.581315,-0.852922,0.494977,0.208550,0.491991,0.339745,0.944785,0.871102,-0.976130,0.579360
-0.787281,0.605940,0.610217,0.182182,0.570007,0.383535,-1.462129,0.553515,0.975442,0.202609,0.361752,0.520261,0.797733,0.898005,0.410632,0.301848,0.224761,0.782055,-1.607811,0.872969,0.874845,-0.407556,-1.636224,0.717504,-1.333211,-0.161522,0.805334,0.343747,-1.079666,-1.234956,0.395745,0.707129,308.540862,1.418236,-1.286151,0.609572,0.277504,1.326625,-0.933894,-1.038788,0.639400,0.224059,0.443329,0.781768,0.944785,0.770660,-1.003618,0.579360
-0.638213,0.555447,0.652048,0.467505,0.579456,0.625996,-1.523443,0.408695,0.975442,0.371395,0.452417,0.486200,0.927735,1.366925,0.382015,0.384886,0.388073,1.029845,-1.805281,0.915778,0.874845,-1.431440,-1.858563,0.717504,-1.316795,-0.474543,0.765347,0.418550,0.468373,-0.935472,1.654015,0.268966,261.958136,1.449866,-1.297505,0.611746,0.434782,1.340466,-0.847895,-0.424218,0.357173,0.417954,0.646178,0.130941,1.559870,1.375859,-0.561566,0.845174
-0.498093,0.608613,2.479496,0.146238,0.373969,0.682480,-1.305505,0.444888,0.794323,0.054036,0.115452,0.405808,0.725155,-0.134238,0.311213,0.135852,0.068577,0.722181,-1.363977,0.634443,-0.058728,-0.074299,-1.253659,-0.046012,-0.372531,-0.404186,0.882032,0.247659,-0.613198,-1.109421,0.329804,0.459693,898.746675,1.183906,-1.284283,0.099109,0.150465,1.464460,-0.290795,0.288445,0.262072,0.011209,0.432938,0.456309,0.600586,0.586856,-0.063537,0.112291
-1.340748,0.704975,2.146102,0.288743,0.486017,0.438500,-1.494014,0.823639,0.062500,0.126157,0.272365,0.325636,0.882784,0.742368,0.418822,0.243265,0.250169,0.468866,-1.716547,0.946905,-0.075541,-0.206469,-1.515570,0.087769,-1.928056,-0.291501,0.882032,0.318633,-1.008469,-1.687780,0.329804,0.479274,972.870808,1.365498,-1.575086,0.172472,0.271195,1.496233,-1.017976,-1.017681,0.599187,0.202912,0.654824,0.306317,1.391430,1.130492,-1.116016,0.673123
-1.340748,0.726467,0.819616,0.403193,0.596147,0.576802,-1.467265,0.774914,1.066323,0.224872,0.440699,0.442908,0.882784,0.742368,0.415898,0.338362,0.304645,0.592033,-1.597963,1.065261,1.019495,-0.538112,-1.533024,0.843714,-1.928056,-0.291501,0.904809,0.410870,-1.008469,-1.687780,0.533595,0.921476,416.674566,1.431829,-1.561272,0.638399,0.352764,1.582319,-1.068284,-1.336734,0.694127,0.248291,0.661007,0.760477,1.391430,1.130492,-1.116016,0.673123
-0.631303,0.478656,0.797931,0.363510,0.528713,0.575624,-1.538977,0.435286,1.066323,0.257007,0.331948,0.414490,0.818222,1.128056,0.411262,0.387852,0.318547,0.850150,-1.842937,0.754125,1.019495,-0.692698,-1.516400,0.832623,-0.905533,-0.527498,0.747539,0.632679,0.331014,-1.400271,0.867960,0.376852,329.049831,1.486761,-1.385286,0.561220,0.407632,1.752873,-0.802026,-0.692797,0.351649,0.375012,0.400017,0.193511,1.673454,1.239618,-0.281574,0.999585
-0.311641,0.610771,2.245672,0.070593,0.343715,0.543096,-1.258550,0.375734,0.572121,0.023836,0.129649,0.320778,0.557078,-0.171904,0.275913,0.093143,0.030945,0.320095,-1.194746,0.595153,-0.116281,-0.692698,-1.444262,-0.125890,-0.250360,-0.387107,0.777640,0.439979,-0.629297,-1.180718,0.292018,0.407003,884.122180,1.086267,-1.071242,0.069195,0.096985,1.694267,-0.268094,0.292196,0.240336,0.007490,0.396930,0.382749,0.452285,0.601975,0.412924,0.067581
-1.067801,0.690528,1.761852,0.240618,0.447745,0.336758,-1.327749,0.739080,-0.090093,0.113492,0.251466,0.287338,0.756153,0.909829,0.350481,0.249517,0.227392,0.159363,-0.990106,0.876671,-0.116281,0.121325,-1.546729,0.078292,-1.614321,-0.231047,0.712551,0.351241,-0.942234,-1.651908,0.421542,0.448898,866.934461,0.799359,-1.293722,0.181123,0.226727,1.664189,-0.874490,-1.061438,0.615996,0.204996,0.528019,0.238518,1.291845,1.132750,-0.981079,0.667902
-1.067801,0.641094,0.802521,0.301326,0.570907,0.440378,-1.654773,0.592826,0.745812,0.237829,0.441646,0.410842,0.756153,0.909829,0.364540,0.277510,0.261037,0.716345,-1.842962,0.913099,1.227941,-0.753749,-1.497530,0.627530,-1.614321,-0.231047,0.786035,0.372238,-0.942234,-1.651908,0.444897,0.813681,430.544120,1.500258,-1.604607,0.610187,0.351091,1.409619,-0.993947,-1.171944,0.676721,0.282563,0.531218,0.616322,1.291845,1.127252,-0.981079,0.738377
-0.602235,0.535105,0.665197,0.378172,0.517783,0.576044,-1.675249,0.283638,0.744117,0.267319,0.347927,0.389314,0.828746,1.379217,0.400126,0.313159,0.626764,0.716345,-2.077968,0.816402,1.200262,-1.708468,-1.631762,0.627530,-1.169460,-0.596636,0.930042,0.460868,0.350014,-0.927312,0.578365,0.355160,272.222274,1.770847,-1.641011,0.523786,0.391777,1.310845,-0.755393,-0.106941,0.285769,0.416781,0.585608,0.120139,2.733998,1.180284,-0.421627,0.738377
-0.229481,0.594548,2.175447,0.068865,0.317504,0.609271,-1.324128,0.321464,0.718777,0.022385,0.218279,0.370602,0.516725,-0.124446,0.333216,0.197395,0.028374,0.677540,-1.430545,0.640787,-0.088181,-0.321354,-1.369396,-0.090075,-0.300673,-0.377135,0.930042,0.206985,-0.498012,-1.157542,0.291635,0.321223,839.449651,1.228913,-1.376086,0.079366,0.104295,1.647005,-0.275773,0.244885,0.250515,0.008749,0.516214,0.362263,0.383662,0.483615,0.380547,0.174329
-0.487498,0.702476,1.738887,0.223079,0.409498,0.450631,-1.536640,0.567498,0.086321,0.152246,0.304312,0.358001,0.731925,1.441465,0.425939,0.299096,0.236318,0.656965,-1.645784,0.861080,-0.088181,-0.665830,-1.549684,-0.136145,-0.998937,-0.173205,0.852981,0.283856,-0.771277,-1.913870,0.594634,0.382217,829.277961,1.428029,-1.396368,0.220935,0.205148,1.644457,-0.848482,-1.011324,0.645701,0.251294,0.579620,0.246864,1.385066,0.847729,-0.921761,0.421579
-0.487498,0.608767,0.694577,0.257466,0.539180,0.495383,-1.624513,0.440028,0.674699,0.272707,0.461246,0.420646,0.731925,1.441465,0.451051,0.305530,0.276052,1.118778,-1.898891,0.898746,1.466444,-1.110033,-1.468216,0.427443,-0.998937,-0.173205,1.366810,0.395569,-0.771277,-1.913870,0.594634,0.584028,360.649112,1.645543,-1.546105,0.574742,0.329892,1.545093,-0.947103,-1.043455,0.674457,0.346382,0.492360,0.516277,1.385066,0.706459,-0.921761,0.684630
-0.610367,0.560001,1.056057,0.417557,0.464183,0.427931,-1.388087,0.340863,0.647614,0.254865,0.508680,0.340757,0.889500,1.961883,0.429179,0.608883,0.715796,1.343789,-1.293477,0.984526,1.466444,-1.392809,-1.673157,0.423612,-1.033935,-0.598776,0.927055,0.484954,0.011568,-1.012119,1.388684,0.254665,400.807175,1.209450,-1.607637,0.444285,0.405813,1.513903,-0.718046,0.210316,0.287000,0.550606,0.445823,0.169477,3.332460,1.247139,-0.520046,0.814394
0.388997,0.680277,4.654819,0.031833,0.280693,0.279794,-1.226406,0.145955,0.378255,0.015372,0.222922,0.441741,0.385553,-0.181368,0.253346,0.138165,0.014872,1.343789,-1.369095,0.587828,-0.104172,-0.361811,-1.336387,-0.088404,-0.178163,0.124272,0.956601,0.244625,-0.948443,-1.231358,0.276306,0.339833,1574.789179,1.217592,-1.127233,0.041733,0.058729,1.947092,-0.251588,0.210316,0.286944,0.006333,0.436208,0.421947,0.380436,0.605074,0.452726,0.059427
-1.050541,0.745663,3.288401,0.247142,0.406805,0.453851,-1.469253,0.710628,-0.365220,0.092152,0.184563,0.426567,0.730349,0.508918,0.312967,0.294426,0.227091,0.561787,-1.610137,0.812940,0.130612,-0.306417,-1.537815,-0.211239,-1.361922,-0.121041,0.530959,0.274559,-1.254075,-1.625048,0.381383,0.399462,1363.130243,1.349588,-1.256941,0.146349,0.201366,1.999983,-0.675530,-0.832203,0.584315,0.137999,0.947793,0.253899,1.174267,0.806323,-0.774330,0.539532
-1.050541,0.544924,0.702913,0.303619,0.529704,0.661347,-1.520512,0.533457,0.892481,0.200194,0.411592,0.637219,0.730349,0.508918,0.347079,0.296897,0.282960,0.976083,-1.719778,0.946732,1.600019,-0.966695,-1.681375,0.955099,-1.361922,-0.097601,0.683005,0.416662,-1.254075,-1.625048,0.381383,0.523183,376.031877,1.419653,-1.385176,0.549993,0.272800,1.388633,-0.905900,-0.948424,0.568872,0.192403,0.673540,0.809979,1.174267,0.503033,-0.774330,0.539532
-0.728817,0.570483,0.719159,0.430703,0.497547,0.784881,-1.567621,0.318066,0.892481,0.288258,0.505630,0.375303,0.942740,1.724418,0.424763,0.563292,0.811301,1.360361,-1.618151,0.901515,1.600019,-2.632271,-1.830730,0.955099,-1.371628,-1.046018,0.863642,0.600508,0.297490,-1.446468,1.301882,0.221181,303.520227,1.379894,-1.341365,0.505659,0.423963,1.408702,-0.670279,0.007940,0.290984,0.482003,0.638201,0.187907,3.158919,1.195930,-0.466021,1.006652
-0.060064,0.691564,2.931606,0.031392,0.313315,0.794185,-1.238546,0.286521,0.656602,0.017714,0.290280,0.497143,0.524666,-0.178829,0.316750,0.180557,0.027253,1.203027,-1.384292,0.674847,-0.063780,-0.036683,-1.269696,-0.011657,-0.236757,-0.472691,1.036045,0.206277,-0.783409,-1.067499,0.282022,0.368685,1070.862615,1.213258,-1.239843,0.065073,0.069880,1.683078,-0.260415,0.294852,0.270245,0.005942,0.530781,0.420571,0.384883,0.648061,0.418035,0.002234
-1.008827,0.740729,2.087282,0.181657,0.442781,0.413849,-1.499982,0.760893,-0.106596,0.103528,0.225275,0.333238,0.767238,0.304231,0.328170,0.248183,0.202613,0.346935,-1.591672,0.934175,-0.095169,-0.094142,-1.459081,-0.160252,-1.388217,-0.142784,0.641001,0.235411,-1.023811,-1.618660,0.354650,0.493258,965.396358,1.330495,-1.352232,0.160232,0.213992,1.658920,-0.795668,-0.999536,0.636151,0.141282,0.437247,0.242894,1.070786,0.972749,-0.826022,0.634523
-1.008827,0.633557,0.612767,0.283800,0.565375,0.470239,-1.580394,0.572684,0.975539,0.182830,0.336909,0.556546,0.767238,0.304231,0.320877,0.253810,0.223073,1.127675,-1.778242,0.951661,1.026568,-0.571355,-1.631463,0.745989,-1.388217,-0.090105,0.720055,0.347735,-1.023811,-1.618660,0.408229,0.620800,351.265872,1.561494,-1.388209,0.595294,0.296799,1.393824,-0.938853,-1.137113,0.633638,0.188652,0.353228,0.741653,1.070786,0.601449,-0.826022,0.634523
-0.844027,0.570821,0.632445,0.394470,0.523974,0.668292,-1.323051,0.362637,0.975539,0.439252,0.403419,0.584984,0.917796,1.434260,0.372315,0.537939,0.490453,1.127675,-1.216160,1.031821,0.925655,-2.137937,-1.682547,0.745989,-0.936395,-0.961778,0.697645,0.505007,0.470300,-0.824260,2.311492,0.268872,247.157821,1.182656,-1.341335,0.527764,0.396664,1.435218,-0.793171,-0.060636,0.316683,0.403576,0.505043,0.119055,1.964661,1.338709,-0.602969,1.044160
-0.354315,0.560183,1.900643,0.053707,0.350809,0.487408,-1.176300,0.415805,0.803092,0.019363,0.217201,0.387482,0.533040,-0.153207,0.287968,0.126005,0.038736,0.925629,-1.189292,0.575457,-0.082776,0.131094,-1.249292,-0.107048,-0.265796,-0.266283,0.762280,0.123692,-0.716059,-1.046447,0.300127,0.404304,692.580079,1.139633,-1.236358,0.070113,0.069834,1.327750,-0.270214,0.226389,0.244998,0.006939,0.396066,0.443824,0.546343,0.611480,0.264533,0.052272
-1.011477,0.650078,1.701960,0.303245,0.453232,0.358954,-1.287674,0.798738,-0.091166,0.131568,0.229060,0.396830,0.742237,0.940449,0.397726,0.211973,0.216023,0.801388,-1.166012,0.889621,-0.088923,-0.082060,-1.671520,0.131662,-1.644067,-0.256280,0.700507,0.289512,-1.034110,-1.364898,0.427905,0.470437,784.894511,0.967480,-1.519212,0.176364,0.210819,1.385741,-0.914778,-1.063357,0.604309,0.228670,0.477311,0.271567,1.370285,1.123825,-0.895817,0.609124
-1.011477,0.658427,0.778927,0.378353,0.551967,0.351817,-1.610255,0.564228,0.842069,0.210113,0.373947,0.412804,0.742237,0.940449,0.416500,0.272529,0.322251,0.801388,-1.950222,0.921004,1.113595,-0.394949,-1.597079,0.739866,-1.644067,-0.224067,0.842526,0.308411,-1.034110,-1.364898,0.427905,0.660706,418.546050,1.627516,-1.457698,0.582718,0.349773,1.675919,-0.937305,-1.144582,0.682036,0.291114,0.493362,0.662430,1.370285,0.677174,-0.895817,0.683156
-1.171165,0.549978,0.542066,0.415435,0.503632,0.780680,-1.425731,0.430588,0.823778,0.322046,0.503786,0.393766,0.980610,1.751438,0.406019,0.743474,0.464567,0.859042,-1.688137,1.064113,1.113595,-0.985920,-1.749266,0.714618,-1.445122,-0.737820,0.594870,0.406811,0.407362,-0.934927,1.979869,0.227876,217.973468,1.436520,-1.509359,0.467348,0.501298,1.255687,-0.674937,0.130483,0.323341,0.461566,0.628993,0.110484,1.651133,1.153559,-1.168597,1.135690
0.001986,0.540426,2.385181,0.058799,0.314622,0.688936,-1.137640,0.334971,0.660998,0.022857,0.247380,0.358538,0.501319,-0.184094,0.182039,0.183833,0.026554,0.859042,-1.204620,0.674362,-0.016914,-0.206169,-1.224430,-0.064321,-0.235619,-0.241448,0.764879,0.251314,-0.738310,-1.009058,0.286201,0.405085,848.537244,1.105571,-1.226315,0.047004,0.073575,1.652746,-0.260922,0.159185,0.255212,0.006843,0.319956,0.408017,0.388561,0.643252,0.252748,0.076226
-0.721749,0.678357,2.171437,0.292571,0.463411,0.458203,-1.454990,0.704249,-0.078385,0.121825,0.351248,0.198478,0.782243,0.561640,0.346772,0.201304,0.175535,0.075845,-1.603230,0.916557,0.010356,-0.267466,-1.590842,0.245570,-1.281753,-0.156607,0.644257,0.289836,-1.009096,-1.329786,0.449019,0.449301,944.582473,1.373524,-1.606152,0.170239,0.233478,1.678179,-0.611761,-1.008518,0.592001,0.172522,0.505724,0.290140,1.152219,0.993551,-0.873938,0.581913
-0.721749,0.681985,0.671926,0.397736,0.587379,0.456132,-1.475919,0.499669,0.839637,0.193285,0.405545,0.402491,0.782243,0.561640,0.379950,0.321820,0.312629,0.628638,-1.607739,1.007125,0.673087,-0.267466,-1.593593,0.788130,-1.281753,-0.147392,0.783156,0.304228,-1.004284,-1.329786,0.449019,0.685097,351.220328,1.380627,-1.512605,0.625985,0.335897,1.845898,-0.948744,-1.195552,0.681845,0.231053,0.484328,0.699869,1.152219,0.664730,-0.873938,0.862156
-0.667033,0.544956,0.558749,0.423379,0.537319,0.594232,-1.552186,0.301537,0.807454,0.296468,0.347784,0.535867,0.850355,1.173276,0.379064,0.550189,0.371865,0.712056,-1.786257,0.940515,0.570505,-0.753902,-1.693485,0.737115,-0.925909,-0.450322,0.656954,0.633946,0.366655,-1.273571,1.152156,0.256886,231.932461,1.505132,-1.420470,0.552116,0.455452,1.413597,-0.856417,-0.126248,0.316831,0.416906,0.526377,0.114043,1.569898,1.290232,-0.683808,0.908048
-0.238242,0.586845,1.749473,0.042592,0.317743,0.467139,-1.352690,0.349827,0.618154,0.016457,0.194670,0.340199,0.511916,-0.184556,0.264993,0.115456,0.020551,0.559830,-1.575906,0.607441,-0.096694,-0.753902,-1.482602,-0.147492,-0.207887,-0.408351,0.751514,0.360645,-0.607682,-1.030582,0.283139,0.425764,695.622726,1.346660,-1.153914,0.064585,0.109060,1.545322,-0.263448,0.228251,0.256450,0.004110,0.388708,0.366478,0.347784,0.607014,0.205257,0.107183
-0.967259,0.687643,1.570533,0.255846,0.441828,0.460295,-1.403706,0.747452,-0.008747,0.120738,0.207244,0.334558,0.771147,1.032732,0.375366,0.210802,0.201608,0.262819,-1.422224,0.900882,-0.096694,-0.301966,-1.514308,0.090404,-1.283227,-0.212448,0.654257,0.351312,-0.862560,-1.543574,0.455605,0.446199,776.753175,1.130648,-1.555469,0.198898,0.219277,1.511985,-0.951958,-1.029098,0.625196,0.254737,0.621132,0.255225,1.199979,1.052567,-0.938649,0.591026
-0.967259,0.622988,0.665640,0.302525,0.572577,0.591659,-1.453638,0.592399,0.791323,0.206228,0.376656,0.422310,0.771147,1.032732,0.412285,0.240061,0.262366,0.892637,-1.534981,0.900882,1.109218,-0.732621,-1.540794,0.494070,-1.283227,-0.212448,0.851185,0.371128,-0.862560,-1.543574,0.455767,0.695515,344.850190,1.234855,-1.547478,0.602465,0.316644,1.797730,-0.951958,-1.104094,0.657930,0.311388,0.654326,0.608532,1.199979,0.980728,-0.938649,0.781512
-1.231759,0.554661,0.583954,0.399024,0.520936,0.606038,-1.602612,0.442453,0.752580,0.319724,0.572982,0.540684,0.911358,2.006399,0.430806,0.709801,0.609924,1.038242,-1.772176,1.216801,1.109218,-0.732621,-1.532982,0.494070,-1.562130,-0.748017,0.683565,0.583422,0.354857,-0.816691,1.452741,0.193613,251.087502,1.478885,-1.464798,0.535307,0.474357,1.299681,-0.807984,-0.035251,0.320591,0.507870,0.531367,0.120488,3.160028,1.197005,-0.242471,1.245090
-0.450931,0.475900,1.567219,0.031842,0.300968,0.566364,-1.196958,0.323294,0.744397,0.025311,0.383154,0.430980,0.567570,-0.172420,0.219572,0.242051,0.017582,1.038242,-1.350303,0.969319,-0.095210,-0.663413,-1.345821,-0.061660,-0.149664,-0.308971,0.701374,0.408266,-0.446207,-0.969366,0.293002,0.242491,571.636255,1.201580,-1.199905,0.082774,0.119302,1.296657,-0.266045,0.190580,0.200737,0.006405,0.442251,0.340381,0.369534,0.515150,0.194531,0.162104
-1.248295,0.597835,0.626126,0.559666,0.357769,0.231756,-1.534052,0.513796,0.505540,0.289787,0.431795,0.326838,0.871662,2.510061,0.369421,0.475502,0.705296,0.642962,-1.860897,1.777180,0.553625,-1.000608,-1.718217,0.413472,-1.379117,-0.719601,0.968424,0.281566,-0.209656,-0.714062,0.792439,0.176079,355.652323,1.530889,-1.584218,0.395670,0.381802,1.446132,-0.793679,-0.850188,0.647168,0.562773,0.532048,0.172132,5.359387,1.079580,-0.608885,1.429860
0.398618,1.086755,0.456732,0.006890,0.180209,0.059705,-0.885809,0.033223,-0.721437,0.003040,0.016258,0.062871,0.189515,-0.200391,0.013834,0.013807,0.003838,-0.043502,-1.041844,0.520772,-0.091876,0.336476,-1.138820,-0.171230,-0.107660,0.217873,0.387089,0.028710,-0.832618,-0.517375,0.269944,0.032455,261.174289,0.817574,-1.060179,0.003326,0.009259,1.401343,-0.243020,1.042404,0.016862,0.000919,0.143217,0.026242,0.340952,0.843889,0.152008,-0.132543
0.513467,1.125449,0.845311,0.006610,0.186889,0.123003,-0.887201,0.039321,-0.756703,0.006376,0.023097,0.064683,0.194953,-0.198887,0.023470,0.023469,0.006533,0.405325,-0.950125,0.524851,-0.094716,0.262893,-1.153518,-0.146686,-0.112832,0.229588,0.357644,0.059808,-0.847185,-0.448462,0.270232,0.039956,327.263066,0.800484,-1.014480,0.005781,0.015884,1.491182,-0.243508,1.073209,0.024575,0.001150,0.108180,0.022031,0.345217,0.756466,0.132029,-0.154110
0.458068,1.123993,1.549501,0.009651,0.193720,0.145238,-0.986949,0.043041,-0.866543,0.005695,0.034245,0.138295,0.220022,-0.191583,0.048404,0.038606,0.015805,0.290264,-1.089626,0.530164,-0.124978,0.267478,-1.275361,-0.197290,-0.159353,0.219653,0.390076,0.052021,-1.151486,-1.131140,0.278436,0.057648,534.366138,0.937512,-1.458724,0.012748,0.010802,1.676856,-0.251603,1.093183,0.013671,0.002337,0.264099,0.087448,0.363584,0.749144,0.118770,-0.112655
0.417556,1.203162,0.434952,0.001664,0.186587,0.009737,-1.001945,0.015455,-0.798787,0.002154,0.001563,0.011348,0.187445,-2.530307,0.102141,0.059555,0.039645,-0.103622,-1.191323,-1.451726,-0.104045,0.391503,-1.324053,-0.175192,-0.107027,-3.588434,-8.291439,0.123425,-0.883509,-0.362831,3.848913,0.038654,248.276575,0.972998,-0.955749,0.000844,0.045110,1.065739,-0.239072,1.181682,0.011626,0.027287,0.007329,0.016503,3.918415,4.553048,0.161444,3.908217
0.400226,1.193291,0.537898,0.000535,0.186377,0.003757,-0.925567,0.020015,-0.816808,0.002154,0.000823,0.008314,0.187668,-1.751052,0.102141,0.059555,0.039645,-0.102240,-1.179054,-0.796130,-0.103901,0.394978,-1.180138,-0.175610,-0.107402,-2.353740,-5.374577,0.123425,-0.854082,-0.356231,2.690891,0.028891,281.371455,0.941120,-0.980618,0.000709,0.045110,1.421208,-0.238956,1.156847,0.012561,0.027287,0.007844,0.007336,2.786277,3.349316,0.161948,2.620004
0.188433,1.159410,0.369338,0.001878,0.190127,0.038233,-0.908944,0.054573,-0.611779,0.001724,0.003382,0.027918,0.194992,-0.971608,0.081733,0.047656,0.031724,-0.064768,-1.037346,-0.140375,-0.096961,0.382883,-1.334737,-0.162889,-0.106243,-1.088823,-2.457007,0.098765,-0.659608,-0.361630,1.504522,0.008351,176.544756,0.917307,-0.956671,0.004271,0.036097,1.090482,-0.239168,1.141254,0.013766,0.021835,0.059181,0.010945,1.626425,2.116117,0.163230,1.300257
0.246015,1.143785,0.416015,0.002618,0.186633,0.015853,-0.866360,0.030698,-0.653572,0.001443,0.003329,0.029203,0.187486,-0.211989,0.065363,0.038345,0.026026,-0.102361,-1.082644,0.499419,-0.097447,0.395550,-1.114263,-0.172196,-0.105376,0.145871,0.384720,0.080778,-0.707659,-0.364843,0.346500,0.010067,205.979552,0.916357,-0.943887,0.000725,0.030594,1.109654,-0.239506,1.127709,0.007530,0.017930,0.020987,0.015122,0.494287,0.912385,0.160949,0.012045
0.376498,0.636403,1.544589,0.081281,0.339305,0.253024,-1.419504,0.373285,0.323153,0.072490,0.140729,0.205350,0.549338,0.448206,0.225511,0.137735,0.110406,0.002451,-1.601638,0.761537,-0.106321,0.123160,-1.558371,0.208164,-0.790144,-0.087584,0.746543,0.162303,-0.721901,-0.928480,0.442320,0.363119,661.798451,1.393887,-1.361821,0.135341,0.118659,1.525648,-0.502942,-0.653790,0.529019,0.120507,0.464136,0.290677,0.820755,0.897291,-0.493537,0.223299
0.145170,0.359469,1.438767,0.101475,0.305900,0.149249,-1.378473,0.311549,0.801461,0.168232,0.188845,0.361835,0.549338,0.448206,0.225533,0.205025,0.184862,0.360107,-1.511419,0.761537,0.536851,0.108627,-1.571234,0.339155,-0.790144,-0.087584,0.746543,0.112330,-0.671609,-0.757697,0.442320,0.289805,640.533065,1.294169,-1.145821,0.343868,0.153542,1.490516,-0.594381,-0.656023,0.383874,0.215070,0.388261,0.511604,0.820755,0.897291,-0.493537,0.319331
0.029899,0.166342,1.924769,0.269707,0.314452,0.174129,-1.280566,0.437639,0.785108,0.167759,0.130837,0.156536,0.557860,0.298492,0.183137,0.229593,0.270315,0.493500,-1.452746,0.718231,0.320059,-0.134997,-1.773853,0.278711,-0.841239,-0.156660,0.533541,0.274073,0.014519,-1.391429,0.428693,0.227229,666.710907,1.264009,-1.317462,0.228481,0.201788,1.430342,-0.494554,0.014717,0.089496,0.213507,0.738689,0.245275,1.186019,1.162538,-0.087301,0.521253
1.124577,0.480628,3.243313,0.020396,0.262705,0.165603,-1.310355,0.082773,0.271327,0.012562,0.084599,0.316926,0.389943,-0.170751,0.175440,0.062056,0.025637,0.493500,-1.397564,0.627208,-0.092065,-0.134997,-1.386195,-0.135034,-0.178975,0.163591,0.724571,0.085034,-0.837515,-0.955527,0.299154,0.332445,1277.344158,1.227525,-1.259662,0.044056,0.023552,1.528224,-0.257632,0.108075,0.244762,0.007071,0.438109,0.329544,0.389167,0.954699,0.454156,0.000750
-0.775449,0.597672,1.970708,0.255051,0.410429,0.301334,-1.659784,0.817403,-0.235816,0.082262,0.189772,0.310780,0.744009,0.460385,0.286965,0.171997,0.179971,0.147793,-1.822883,0.782682,0.319860,0.151531,-1.654926,0.020521,-1.020000,-0.054379,0.693356,0.219158,-1.118418,-1.115908,0.393244,0.413557,952.205701,1.535556,-1.360361,0.143590,0.172668,1.529698,-0.658532,-0.867886,0.511889,0.135187,0.603602,0.264080,1.020545,1.145024,-0.769134,0.890471
-0.775449,0.579942,0.731942,0.292684,0.494427,0.307771,-1.546922,0.604935,0.823202,0.122277,0.260905,0.354299,0.744009,0.460385,0.291095,0.240714,0.198779,0.775191,-1.677628,0.859364,0.634981,0.093171,-1.699570,0.648003,-1.020000,-0.053395,0.627968,0.216129,-1.118418,-0.873486,0.393244,0.637102,351.829981,1.475173,-1.549571,0.517534,0.194911,1.849865,-0.873884,-1.099422,0.531751,0.138365,0.356832,0.712681,1.020545,0.817197,-0.769134,0.890471
-0.504026,0.533780,0.804281,0.276681,0.475115,0.544073,-1.563733,0.357533,0.813455,0.306143,0.260206,0.585642,0.779101,0.732612,0.330372,0.414970,0.286919,1.047716,-1.778469,0.785857,0.634981,-0.903483,-1.756246,0.574585,-0.662891,-0.534899,0.849611,0.271658,0.419385,-0.921002,1.141507,0.311305,304.913684,1.479088,-1.487578,0.467153,0.315009,1.363422,-0.657642,-0.018786,0.255936,0.299754,0.600096,0.097336,1.265587,1.272525,-0.093068,0.864051
-0.245613,0.526459,2.076577,0.087551,0.355641,0.652339,-1.147218,0.385150,0.664938,0.021985,0.120954,0.552523,0.541426,-0.165700,0.320219,0.127132,0.043608,1.047716,-1.075434,0.585537,-0.125300,0.247558,-1.437727,-0.105804,-0.282262,-0.223340,0.884169,0.160116,-0.590377,-0.844693,0.286425,0.410075,748.560401,1.028522,-1.098738,0.063678,0.074121,1.308312,-0.270032,0.238591,0.209237,0.007774,0.680185,0.377195,0.476557,0.847457,0.456264,0.074749
-0.843737,0.643892,1.893290,0.341449,0.471508,0.412401,-1.494005,0.745643,-0.094032,0.112634,0.376122,0.386918,0.808586,0.493246,0.311862,0.214478,0.221752,0.271191,-1.631093,0.867858,0.458179,0.284390,-1.246949,0.216959,-1.484004,-0.155764,0.802897,0.244307,-1.002684,-1.128759,0.437784,0.496001,837.161524,1.468106,-1.377646,0.158078,0.237601,1.416365,-0.773661,-1.119859,0.600089,0.167540,0.533734,0.277107,1.171921,1.363978,-0.845308,0.596901
-0.843737,0.762973,0.752745,0.374774,0.528162,0.424172,-1.492647,0.676997,1.064751,0.144839,0.468109,0.539403,0.808586,0.493246,0.348528,0.350465,0.300176,0.968790,-1.633409,0.906363,0.755004,-0.064989,-1.716610,0.668217,-1.484004,-0.155764,0.864065,0.275767,-1.002684,-1.128759,0.442579,0.834024,368.821065,1.441189,-1.479092,0.563052,0.248470,1.892610,-0.872321,-1.411302,0.606713,0.188801,0.600475,0.750540,1.171921,1.047599,-0.868434,0.596901
-0.562782,0.445241,0.534003,0.256751,0.505761,0.483589,-1.485645,0.428229,1.041314,0.330659,0.235923,0.667875,0.815418,0.866757,0.335744,0.514903,0.336453,1.074016,-1.804078,0.726229,0.937652,-0.599103,-1.639988,0.538968,-0.795609,-0.664824,0.618518,0.390613,0.332369,-1.648063,1.291093,0.394785,237.779644,1.475038,-1.671083,0.517821,0.399316,1.212049,-0.742683,-0.466243,0.310156,0.343865,0.519174,0.202527,1.738172,1.258569,-0.123093,0.966110
-0.141881,0.499645,2.055837,0.089950,0.347924,0.395070,-1.221410,0.411879,0.523529,0.020479,0.163352,0.409723,0.495282,-0.166324,0.235283,0.088237,0.028582,0.666563,-1.220644,0.547206,-0.077827,-0.599103,-1.329513,-0.141276,-0.328317,-0.170289,0.810509,0.181837,-0.591149,-0.840203,0.283712,0.351461,796.201754,1.220490,-1.064616,0.046954,0.053169,1.197180,-0.279435,0.241524,0.184032,0.005248,0.545102,0.324760,0.443938,0.641396,0.423008,0.049014
-0.805007,0.598956,1.709541,0.259482,0.445071,0.259713,-1.156228,0.745578,-0.061303,0.130104,0.210872,0.297629,0.719082,1.046286,0.330649,0.204202,0.191285,0.368249,-1.191927,0.903081,-0.077827,0.165516,-1.567626,0.075852,-1.435995,-0.137112,0.720426,0.231826,-0.861930,-1.442923,0.443269,0.436046,813.685573,1.203383,-1.478637,0.170094,0.218442,1.542228,-0.812558,-1.113116,0.587309,0.229644,0.610875,0.252339,1.234972,0.916503,-0.938055,0.502729
-0.805007,0.650826,0.789421,0.290774,0.554759,0.387845,-1.311318,0.563964,0.749540,0.240762,0.403059,0.389158,0.719082,1.046286,0.350982,0.249904,0.262173,0.852649,-1.415874,0.903081,1.127191,-0.720566,-1.492918,0.450498,-1.435995,-0.137112,0.758201,0.282788,-0.861930,-1.442923,0.443269,0.639327,433.282255,1.325768,-1.544330,0.593096,0.339148,1.644274,-0.968524,-1.208970,0.672054,0.303968,0.556572,0.582805,1.234972,0.836600,-0.938055,0.656526
-0.456300,0.484891,0.599099,0.248846,0.487753,0.512264,-1.590812,0.325515,0.642759,0.199355,0.237639,0.257894,0.779555,1.091430,0.322141,0.232671,0.388923,0.852649,-1.750004,0.751357,1.127191,-0.720566,-1.737967,0.447089,-0.726898,-0.269433,0.705361,0.504885,0.122512,-0.770327,0.437791,0.252028,271.762921,1.532877,-1.476002,0.472727,0.360047,1.384291,-0.815118,0.102770,0.264728,0.400808,0.487351,0.118713,1.698986,1.145889,-0.544348,0.777602
0.241262,0.499317,2.736531,0.034450,0.303576,0.408079,-1.175746,0.232240,0.247211,0.012783,0.165282,0.355243,0.481416,-0.179638,0.200991,0.082883,0.026942,0.663099,-1.193468,0.558588,-0.108240,-0.684735,-1.521403,-0.115274,-0.222169,0.132757,0.707446,0.271334,-0.765849,-1.045410,0.296345,0.303546,1006.536011,1.190475,-0.962792,0.047965,0.043448,1.540551,-0.262014,0.178559,0.216349,0.009298,0.419282,0.325872,0.409907,0.745360,0.335090,0.043035
-0.765796,0.611405,1.960712,0.292021,0.403430,0.551752,-1.421703,0.718202,-0.297046,0.094840,0.201311,0.408316,0.686198,0.726026,0.332929,0.269089,0.191533,0.863874,-1.502497,0.744320,-0.083888,-0.452903,-1.632197,-0.172827,-1.317764,-0.126029,0.629039,0.298329,-1.070913,-1.659325,0.362595,0.445692,908.865582,1.381478,-1.184447,0.160008,0.187249,1.570463,-0.795975,-1.011844,0.566622,0.171674,0.589691,0.255655,1.134355,1.077912,-0.849514,0.593036
-0.765796,0.626824,0.939571,0.336950,0.528963,0.500831,-1.364346,0.522720,0.726815,0.189228,0.342378,0.415072,0.686198,0.726026,0.351976,0.259540,0.199368,1.001114,-1.544159,0.833109,1.514039,-0.703696,-1.421877,0.481150,-1.317764,-0.057914,1.539134,0.329726,-1.070913,-1.659325,0.362616,0.624768,475.411397,1.392909,-1.230796,0.550868,0.262286,1.630056,-0.929697,-1.134110,0.621976,0.233508,0.524325,0.672513,1.134355,0.823951,-0.849514,0.593036
-0.285722,0.544415,1.171774,0.318164,0.468833,0.325309,-1.359601,0.237695,0.644968,0.224292,0.312548,0.277693,0.812370,1.334927,0.309142,0.404814,0.568914,0.996055,-1.555661,0.829526,1.514039,-1.156909,-1.766708,0.481150,-0.706212,-0.956435,0.582249,0.392914,0.140168,-1.222966,1.082314,0.305796,471.050654,1.449945,-1.285277,0.457225,0.355197,1.711954,-0.653090,0.104567,0.258692,0.420898,0.502858,0.107990,3.833349,1.220477,-0.280666,0.876987
0.269376,0.611783,3.309350,0.053473,0.298075,0.353570,-1.168306,0.185605,0.457089,0.014826,0.106813,0.344826,0.473284,-0.143910,0.253027,0.117174,0.032348,0.945616,-1.251803,0.552010,-0.106877,-0.377204,-1.253183,-0.088166,-0.245529,-0.034771,0.918693,0.255767,-0.883616,-1.014528,0.280662,0.307987,1150.650459,1.176117,-1.125110,0.053528,0.056001,1.535503,-0.256193,0.228907,0.249915,0.009236,0.350208,0.400950,0.463998,0.749059,0.381046,0.012776
-1.042785,0.683636,2.420046,0.286724,0.419579,0.544136,-1.233312,0.749758,-0.386542,0.099579,0.115663,0.355256,0.795393,0.601453,0.280277,0.251360,0.202634,0.689542,-1.193476,0.766317,-0.126202,-0.306172,-1.578497,-0.192419,-1.269303,-0.126662,0.607058,0.228141,-1.316031,-1.569316,0.317844,0.454946,1003.361680,1.090354,-1.323034,0.141806,0.202980,1.606088,-0.789290,-0.820280,0.529360,0.154055,0.708088,0.272836,1.206787,1.154422,-0.727932,0.587600
-1.042785,0.574925,0.756746,0.355085,0.530644,0.533595,-1.501078,0.613562,0.633944,0.169482,0.359492,0.655910,0.795393,0.601453,0.333284,0.185667,0.180200,1.321259,-1.614805,0.895754,1.609771,-0.695529,-1.546157,0.439384,-1.269303,-0.126662,0.756740,0.309358,-1.316031,-1.569316,0.370393,0.706764,391.113952,1.393562,-1.158758,0.555397,0.250681,2.003032,-0.979184,-1.038460,0.578033,0.177595,0.739876,0.729393,1.206787,0.923561,-0.730926,0.587600
-0.466519,0.576001,0.612282,0.314021,0.511695,0.395538,-1.352406,0.290590,0.633944,0.199158,0.317467,0.462060,0.784275,1.330095,0.316151,0.382521,0.531285,1.321259,-1.595496,0.731824,1.545537,-1.009800,-1.553275,0.439384,-0.817521,-0.633937,0.648941,0.366360,0.179691,-0.776376,0.920604,0.250389,272.497126,1.465390,-1.340200,0.520398,0.334875,1.391039,-0.640953,-0.064972,0.298805,0.460366,0.666897,0.102284,2.448396,1.156538,-0.308070,0.631986
-0.014237,0.540029,2.920417,0.108640,0.324808,0.487822,-1.110852,0.304257,0.542905,0.019334,0.199286,0.450891,0.521589,-0.097753,0.244197,0.167474,0.075555,0.948531,-1.234249,0.546136,-0.113716,-0.220427,-1.228917,-0.115245,-0.351733,-0.123153,0.876988,0.285267,-0.796620,-1.061360,0.278746,0.325466,1083.335696,1.209485,-1.082351,0.065958,0.082077,1.253479,-0.265732,0.243125,0.220511,0.017951,0.473793,0.393260,0.884580,0.810655,0.379133,-0.001021
-0.839458,0.662033,2.395496,0.310789,0.420361,0.500518,-1.361478,0.713380,-0.249700,0.095213,0.208175,0.329298,0.736242,0.541761,0.349146,0.243318,0.198543,0.698600,-1.443552,0.796496,0.224224,-0.481116,-1.497816,-0.157455,-1.362316,-0.127128,0.717730,0.212612,-1.160025,-1.490491,0.410413,0.507162,1093.644120,1.336545,-1.235601,0.152554,0.195177,1.726599,-0.703880,-0.942484,0.572908,0.150416,0.628183,0.282785,1.129490,1.082243,-0.785813,0.500905
-0.839458,0.614697,0.780732,0.473248,0.540080,0.460797,-1.449523,0.508985,0.693173,0.167943,0.270076,0.468644,0.736242,0.541761,0.371306,0.245734,0.217133,1.185993,-1.656878,0.929022,1.188114,-0.481116,-1.569023,0.787773,-1.362316,-0.080499,0.845062,0.285576,-1.160025,-1.470684,0.417867,0.654171,406.613478,1.511971,-1.366809,0.567853,0.272502,1.669989,-0.908703,-1.056059,0.620868,0.179191,0.564115,0.689245,1.129490,0.855362,-0.785813,0.500905
-0.669551,0.556102,0.497196,0.373090,0.521585,0.561193,-1.581651,0.305906,0.691600,0.246372,0.267600,0.427903,0.856753,1.429271,0.363935,0.399248,0.471598,0.911876,-1.845623,0.825218,1.188114,-0.873021,-1.642071,0.787773,-0.643109,-0.434496,0.662964,0.524638,0.350717,-0.721273,1.332909,0.258084,207.677544,1.610002,-1.472868,0.505284,0.370942,1.350179,-0.680558,0.082848,0.321074,0.424635,0.573846,0.098117,1.955903,1.428806,-0.904135,0.750280
-0.197972,0.476953,2.392532,0.051363,0.351742,0.466544,-1.210723,0.368078,0.626819,0.015983,0.099287,0.446551,0.551719,-0.153309,0.238190,0.096828,0.030682,0.622916,-1.229054,0.595979,-0.130932,-0.581397,-1.207696,-0.097886,-0.217629,-0.362117,0.762532,0.308664,-0.806290,-0.933399,0.281783,0.392071,917.595003,1.237096,-1.187953,0.059616,0.066447,1.661776,-0.262645,0.163703,0.228122,0.007463,0.439082,0.431254,0.404405,0.767689,0.313493,0.030348
-1.050912,0.591964,1.924783,0.324677,0.440961,0.518374,-1.217082,0.790890,-0.242795,0.103167,0.224427,0.607055,0.787411,0.860515,0.398389,0.215798,0.194401,1.087366,-1.159279,0.854838,0.061964,0.133241,-1.295156,0.256069,-1.184448,-0.244319,0.651995,0.175627,-1.283301,-1.379246,0.456051,0.493152,941.819940,1.048527,-1.333123,0.154672,0.173063,1.484535,-0.901029,-0.906331,0.533236,0.195134,0.652198,0.305387,1.213947,1.287170,-0.754713,0.398939
-1.050912,0.593854,0.783540,0.430491,0.508117,0.574040,-1.595956,0.590517,0.689399,0.171093,0.345636,0.627303,0.787411,0.860515,0.412926,0.306048,0.246814,1.087366,-1.960763,0.858091,0.956491,-0.800470,-1.594671,0.808240,-1.184448,-0.244319,0.759417,0.242860,-1.283301,-1.379246,0.465619,0.693276,418.827335,1.593706,-1.382624,0.530510,0.264302,1.655663,-0.902733,-1.033119,0.589187,0.240860,0.527605,0.737410,1.213947,0.820080,-0.790292,1.108302
-0.786803,0.508996,0.809925,0.295117,0.469302,0.570769,-1.254192,0.367472,0.620759,0.230319,0.301841,0.534799,0.850841,1.355875,0.349238,0.341856,0.404856,0.989866,-1.331782,0.752300,0.956491,-0.921713,-1.728090,0.495548,-0.788875,-0.980372,0.532296,0.533371,0.271990,-0.896510,1.311033,0.262052,306.550445,1.206117,-1.397237,0.424728,0.403575,1.481833,-0.658792,0.184268,0.258528,0.422884,0.518751,0.094649,2.000181,1.268988,-0.348821,1.060715
0.193422,0.506108,2.535355,0.033073,0.314971,0.386023,-1.179510,0.296187,0.362302,0.022435,0.139346,0.325593,0.396182,-0.186548,0.215229,0.075904,0.021594,0.562200,-1.100466,0.590974,-0.076943,-0.095435,-1.405352,-0.117247,-0.223030,0.155779,0.663523,0.217266,-0.733058,-0.829819,0.277948,0.347836,928.980739,0.999812,-0.992422,0.043323,0.054706,1.267439,-0.258743,0.184268,0.213261,0.005287,0.367342,0.346623,0.384073,0.822952,0.335675,0.047711
-0.613976,0.605347,2.017463,0.311959,0.441134,0.407033,-1.343080,0.704668,-0.241181,0.108658,0.302828,0.258535,0.735416,0.577920,0.270379,0.164330,0.175631,0.285798,-1.149753,0.912924,0.082925,0.272749,-1.631623,0.278750,-1.419952,-0.125738,0.629059,0.236742,-1.084506,-1.125475,0.456116,0.435181,933.414897,0.964000,-1.402062,0.148536,0.194849,1.363832,-0.641669,-0.932815,0.548460,0.154608,0.436966,0.256538,1.055523,1.130816,-0.708262,0.380033
-0.613976,0.603356,0.769155,0.412296,0.502536,0.401735,-1.537674,0.461519,0.605176,0.183966,0.345358,0.290104,0.735416,0.577920,0.282279,0.306369,0.307545,0.362625,-1.780018,0.912924,0.578572,-0.091598,-1.586771,0.759344,-1.419952,-0.065252,0.692261,0.276696,-1.084506,-1.125475,0.456116,0.604534,406.589362,1.539987,-1.418503,0.538867,0.278183,1.662031,-0.903299,-1.079964,0.607822,0.204630,0.451719,0.622248,1.055523,0.708774,-0.708262,0.570328
-0.444037,0.561348,0.535537,0.316468,0.433270,0.381702,-1.401995,0.245897,0.573884,0.213782,0.248279,0.436290,0.664993,0.854086,0.274734,0.337805,0.254324,0.611142,-1.534860,0.725248,0.534628,-0.183417,-1.675556,0.648270,-0.644060,-0.610946,0.626952,0.398923,0.140824,-1.298648,0.611554,0.277754,235.238186,1.357230,-1.324702,0.401921,0.310668,1.474441,-0.676145,0.186200,0.199188,0.303143,0.473889,0.114242,0.992306,1.187384,-0.345684,0.680151
0.094301,0.594277,1.956141,0.017957,0.318019,0.355617,-1.157801,0.338169,0.280972,0.020022,0.097269,0.396686,0.416287,-0.189498,0.204039,0.049534,0.013687,0.611142,-1.220097,0.546481,-0.101888,0.047769,-1.381235,-0.155934,-0.159225,0.171313,0.634320,0.244960,-0.743630,-0.816985,0.276685,0.362909,730.913220,1.256570,-1.142200,0.042434,0.041022,1.434826,-0.252569,0.349333,0.171054,0.003725,0.332557,0.305892,0.357264,0.737486,0.229144,0.040821
-0.674478,0.627899,1.636809,0.280647,0.428007,0.419957,-1.341330,0.726266,-0.053128,0.110656,0.225304,0.399620,0.692388,0.832089,0.308274,0.160444,0.193050,0.604114,-1.181872,0.941039,-0.115352,0.208823,-1.573300,0.209730,-1.503145,-0.109851,0.539545,0.237182,-0.976480,-1.311175,0.454951,0.433004,767.510145,1.043452,-1.325018,0.163358,0.186975,1.415502,-0.824113,-1.002174,0.586565,0.198289,0.592600,0.242683,1.367819,0.932499,-0.790349,0.486121
-0.674478,0.621396,0.796359,0.304319,0.506583,0.382377,-1.518838,0.458465,0.627300,0.196364,0.346252,0.396306,0.692388,0.832089,0.250145,0.227559,0.292617,0.770919,-1.827849,0.941039,0.969338,-0.318879,-1.545715,0.594426,-1.503145,-0.109851,0.716307,0.219068,-0.976480,-1.311175,0.454951,0.534480,433.933202,1.533724,-1.208482,0.538667,0.283772,1.669935,-0.927364,-1.091311,0.666019,0.265540,0.567697,0.556391,1.367819,0.796727,-0.790349,0.536343
-0.648463,0.636768,0.599694,0.232338,0.422764,0.618808,-1.360498,0.323541,0.538925,0.209063,0.176100,0.364415,0.744007,1.460179,0.411757,0.305013,0.397097,0.779556,-1.680956,0.853037,0.711185,-0.628586,-1.635651,0.567109,-0.972706,-0.620968,0.921523,0.519892,-0.004632,-0.916324,1.025364,0.212872,244.740164,1.517522,-1.168924,0.356460,0.367298,1.632155,-0.717731,0.329756,0.248802,0.423492,0.558588,0.106576,1.912213,1.229298,-1.050217,1.234279
0.073165,0.676012,2.436788,0.027614,0.291392,0.367147,-1.187942,0.281557,0.301768,0.010452,0.112433,0.469759,0.406447,-0.187378,0.180467,0.056183,0.021426,0.779556,-1.293578,0.537626,-0.111147,0.146044,-1.286230,-0.137186,-0.173959,0.181495,0.664788,0.136180,-0.870018,-0.943502,0.287443,0.322501,816.766158,1.202417,-1.109265,0.038821,0.032310,1.560382,-0.258658,0.329756,0.197114,0.005671,0.401099,0.335311,0.374000,0.841675,0.551804,0.045021
-0.397555,0.603557,0.825275,0.462672,0.474086,0.368321,-1.495554,0.550810,0.513961,0.115195,0.223733,0.417165,0.650366,0.523030,0.380979,0.217603,0.168558,0.539361,-1.731105,0.908678,0.861830,-0.165959,-1.579354,0.588799,-1.260120,-0.097486,0.642017,0.238688,-1.110884,-1.143258,0.404905,0.710464,417.081013,1.415018,-1.333629,0.504146,0.182147,1.872538,-0.838245,-0.959140,0.636711,0.129353,0.406892,0.602086,1.029487,1.018456,-0.611724,0.335438
-0.403430,0.669315,0.589894,0.024632,0.225391,0.366482,-0.927411,0.136027,0.374950,0.013056,0.174498,0.354223,0.446698,-0.190077,0.148363,0.111278,0.016547,0.902184,-1.071754,0.532997,-0.113733,-0.171061,-1.369947,-0.069214,-0.169658,0.094022,0.567497,0.209858,-0.523506,-0.778636,0.278386,0.213280,334.090577,0.966126,-1.273354,0.051257,0.054315,1.446180,-0.251409,0.339095,0.205922,0.003482,0.407872,0.271033,0.373039,0.859767,0.154809,0.072336
0.457538,1.014308,0.564090,0.006678,0.175624,0.040530,-0.959303,0.038376,-0.776478,0.002731,0.009858,0.052316,0.182643,-0.201086,0.020191,0.012479,0.003202,0.050861,-1.200158,0.514588,-0.092585,0.335028,-1.121821,-0.168810,-0.114096,0.212829,0.393258,0.037730,-0.833065,-0.477071,0.270281,0.015811,236.890503,0.993558,-1.080105,0.003696,0.010451,1.311827,-0.242655,0.990026,0.011541,0.000998,0.073136,0.015304,0.332757,0.820195,0.147676,-0.113839
0.554200,0.942436,3.035447,0.027716,0.188135,0.310482,-1.326120,0.028283,-0.688012,0.011885,0.086815,0.271329,0.240235,-0.183127,0.126265,0.065792,0.021735,0.796706,-1.503677,0.518971,-0.117309,-0.097639,-1.302022,-0.212813,-0.163943,0.199777,0.613686,0.088589,-1.061647,-1.593241,0.290237,0.069735,950.917851,1.300148,-1.377594,0.019771,0.032021,1.546960,-0.256734,0.895393,0.016974,0.003046,0.184043,0.112538,0.328170,0.996529,0.003282,0.006068
-0.337545,0.582517,0.505487,0.205776,0.315798,0.529239,-1.538666,0.252895,0.410456,0.165171,0.310580,0.352009,0.688704,1.214295,0.290564,0.278024,0.354881,1.045748,-1.865010,0.912971,0.721269,-0.607861,-1.610261,0.073969,-0.403745,-0.736165,0.615779,0.346733,0.023750,-0.451571,0.920319,0.225306,264.119306,1.534887,-1.237295,0.140734,0.226273,1.413978,-0.254816,0.370405,0.163272,0.270934,0.530449,0.108860,2.399345,1.161337,-0.313722,0.621054
0.286778,0.931118,0.361808,0.012309,0.176550,0.098239,-0.626401,0.031634,-0.442263,0.005599,0.040626,0.072639,0.185003,-0.205789,0.054989,0.017267,0.005775,-0.044776,-0.544128,0.514077,-0.000114,0.380457,-1.377545,-0.190811,-0.163865,0.211410,0.500019,0.023496,-0.656497,-0.632331,0.272526,0.028229,174.466364,0.389970,-1.072857,0.004989,0.014800,1.121788,-0.245052,0.871302,0.027785,0.001973,0.137024,0.060605,0.386754,0.776383,0.161672,-0.002285
0.679964,0.859614,0.369449,0.039622,0.195246,0.295874,-1.192233,0.056558,-0.498103,0.008041,0.161596,0.457520,0.230139,-0.192667,0.077618,0.071126,0.019895,1.037386,-1.141134,0.522340,-0.000359,-0.271753,-1.383752,-0.027596,-0.116994,0.188933,0.445816,0.159028,-0.601731,-0.559091,0.273611,0.055321,167.517408,1.066389,-1.223245,0.019932,0.030539,1.184656,-0.246680,0.810574,0.039517,0.004680,0.597053,0.028066,0.389523,1.072823,0.134823,-0.002273
0.212757,0.694873,2.717556,0.144836,0.345869,0.299173,-1.344896,0.375045,0.352361,0.104030,0.212808,0.302893,0.583673,0.585986,0.241979,0.208908,0.158462,0.181699,-1.240650,0.796695,-0.020861,-0.094378,-1.403726,0.349931,-0.860123,-0.102186,0.668834,0.179339,-0.761186,-0.955595,0.515824,0.414821,930.725272,1.105949,-1.402555,0.165829,0.146107,1.584964,-0.670339,-0.682706,0.572252,0.141765,0.382997,0.309934,1.207223,0.980040,-0.552677,0.212144
0.212757,0.423861,0.745200,0.214640,0.361117,0.201946,-1.401113,0.351732,0.684755,0.163428,0.221507,0.336996,0.583673,0.585986,0.259728,0.267460,0.208614,0.344351,-1.465809,0.796695,0.669091,-0.094378,-1.356230,0.522236,-0.860123,-0.102186,0.668834,0.127230,-0.743667,-0.866590,0.515824,0.224788,354.873098,1.277754,-1.395379,0.401437,0.190497,1.462347,-0.753005,-0.695794,0.474015,0.187503,0.236654,0.482121,1.207223,0.821373,-0.552677,0.382658
0.472931,0.449566,0.757949,0.178159,0.346903,0.309776,-1.595064,0.226117,0.691513,0.129992,0.148679,0.283031,0.566344,0.711399,0.284157,0.196491,0.201241,0.992466,-1.830313,0.909703,0.391120,-0.518412,-1.820852,0.350306,-0.515647,-0.615647,0.659742,0.271544,0.251312,-0.785468,0.419404,0.171061,288.000274,1.556590,-1.403771,0.266061,0.211544,1.355377,-0.585277,0.284096,0.143857,0.219476,0.440972,0.115109,1.079557,0.936845,-0.273762,0.487722
0.518690,0.518718,2.352535,0.098056,0.317961,0.254815,-1.354935,0.298484,0.562346,0.021494,0.161442,0.542966,0.417431,-0.132858,0.224730,0.041423,0.032738,0.992466,-1.297793,0.650716,-0.094403,0.218501,-1.502942,-0.176940,-0.231576,-0.011253,0.801767,0.099070,-0.813552,-0.936237,0.283400,0.290615,919.473639,1.186666,-1.425939,0.035246,0.051552,1.589638,-0.261214,0.284096,0.185819,0.009516,0.369477,0.398453,0.471673,0.799140,0.368246,0.006116
-0.900299,0.620205,2.264234,0.217500,0.427900,0.374238,-1.585655,0.842478,-0.144327,0.110276,0.158249,0.261081,0.764894,0.613189,0.344349,0.177836,0.192151,0.158853,-1.670049,0.848377,-0.094403,0.080001,-1.597451,0.134881,-1.145885,-0.143213,0.667789,0.263836,-1.237103,-1.285221,0.467199,0.371920,1057.502791,1.427349,-1.532947,0.138212,0.202222,1.644430,-0.701011,-0.821394,0.487620,0.166885,0.612891,0.343265,1.295495,0.958635,-0.916300,0.477038
-0.900299,0.577005,0.762397,0.340682,0.523547,0.382707,-1.594156,0.577106,0.783479,0.179372,0.231399,0.418602,0.764894,0.613189,0.309671,0.277508,0.277295,0.561081,-1.828523,0.944494,0.726057,-0.045848,-1.506599,0.761594,-1.145885,-0.084234,0.696196,0.284839,-1.237103,-1.030427,0.467199,0.533231,393.995001,1.590781,-1.304739,0.551158,0.258718,1.443536,-0.907891,-0.988053,0.608338,0.191261,0.431587,0.728328,1.295495,0.785052,-0.916300,0.477038
-0.352722,0.546934,0.565706,0.434456,0.491465,0.590081,-1.690688,0.304785,0.757255,0.407634,0.331625,0.415561,0.974752,0.862386,0.328767,0.508949,0.370134,1.336002,-2.288042,1.075996,0.726057,-1.235227,-1.803084,0.699540,-0.645198,-1.277599,0.509091,0.593466,0.394908,-0.762586,1.964410,0.171078,239.373256,2.095931,-1.504788,0.452882,0.455695,1.369574,-0.776816,0.130861,0.318403,0.293245,0.578135,0.080372,1.496732,1.117089,-0.483442,1.366936
0.251100,0.490932,2.411731,0.035865,0.309503,0.450517,-1.282616,0.303291,0.534554,0.021420,0.138080,0.407886,0.435233,-0.176613,0.289624,0.105102,0.038469,0.618545,-1.262697,0.624036,-0.072317,-0.609781,-1.420306,-0.142038,-0.311800,0.131614,0.812969,0.271259,-0.649550,-0.896953,0.309043,0.373061,844.549017,1.158347,-1.138885,0.052500,0.065400,1.480016,-0.251024,0.130861,0.239286,0.007016,0.278786,0.369473,0.559247,0.793576,0.438101,0.097361
-1.002124,0.643149,2.064107,0.295915,0.451743,0.507294,-1.348506,0.840502,-0.067539,0.110600,0.180611,0.500939,0.797704,0.820789,0.299776,0.228732,0.231263,1.046215,-1.408508,0.833140,-0.089948,-0.061819,-1.417777,0.138682,-1.748100,-0.205527,0.692944,0.268509,-1.056489,-1.458768,0.396779,0.462554,894.704607,1.221614,-1.464253,0.158229,0.235838,1.542791,-0.930656,-1.136283,0.603411,0.182317,0.525169,0.275819,1.439389,1.163363,-0.991290,0.650515
-1.002124,0.735705,0.926911,0.398218,0.508503,0.527862,-1.387298,0.652638,1.036840,0.170981,0.298542,0.515300,0.797704,0.820789,0.341102,0.344635,0.310512,1.231522,-1.598517,0.957891,0.802322,-0.424730,-1.740158,0.844038,-1.748100,-0.205527,0.742197,0.313715,-1.056489,-1.458768,0.443186,0.730013,490.074284,1.400744,-1.590451,0.536490,0.283368,1.796997,-0.931566,-1.332561,0.620119,0.213672,0.587135,0.741682,1.439389,0.880088,-0.991290,0.650515
-0.329168,0.362154,0.919764,0.235119,0.422240,0.568200,-1.402661,0.294596,0.890778,0.192195,0.297018,0.595867,0.753462,0.895950,0.305034,0.383469,0.330470,1.231522,-1.792498,0.962755,0.802322,-0.803196,-1.666145,0.477991,-0.919902,-0.603786,0.660837,0.710021,0.279492,-1.031591,0.605353,0.263751,352.952246,1.524270,-1.456445,0.375895,0.350726,1.399989,-0.545607,0.044166,0.193395,0.296657,0.589224,0.138401,1.653469,1.166182,-0.234435,1.126413
0.336125,0.446195,1.990386,0.045520,0.292705,0.192082,-0.118184,0.256224,0.380476,0.013824,0.102163,0.359996,0.392094,-0.190849,0.209029,0.105188,0.025739,0.352239,0.052942,0.569794,-0.069250,-0.014450,-1.510478,-0.129269,-0.228498,0.144373,0.700737,0.230929,-0.638622,-0.892954,0.277776,0.307349,756.707546,0.107612,-1.304269,0.038952,0.032261,1.500660,-0.268443,0.138890,0.203818,0.006507,0.420274,0.320111,0.399101,0.764226,0.549975,0.078070
-0.486629,0.620250,1.732086,0.233214,0.403131,0.313411,-1.556160,0.663858,-0.001004,0.118286,0.227573,0.366947,0.683325,0.911560,0.288604,0.207372,0.200315,0.285807,-1.748838,0.899395,-0.101500,-0.149448,-1.515646,0.160982,-1.049285,-0.115273,0.618458,0.303790,-0.880882,-1.729823,0.451491,0.426285,816.997450,1.477278,-1.539499,0.189513,0.223665,1.476437,-0.754065,-1.136215,0.623986,0.193781,0.442954,0.227719,1.156456,0.879105,-0.796475,0.630044
-0.486629,0.648528,0.703913,0.253985,0.465140,0.240479,-1.491204,0.404401,0.628436,0.181753,0.312548,0.402610,0.683325,0.911560,0.215292,0.215685,0.232549,0.703013,-1.641364,0.899395,0.968111,-0.146251,-1.626033,0.489586,-1.049285,-0.115273,0.681145,0.201348,-0.852726,-1.729823,0.451491,0.511862,384.665138,1.399875,-1.547574,0.495887,0.282421,1.564057,-0.854058,-1.165771,0.662292,0.255662,0.337385,0.489025,1.156456,0.895137,-0.796475,0.533681
-0.221983,0.472535,0.639084,0.243659,0.413846,0.370386,-1.462681,0.240495,0.584796,0.201923,0.232283,0.264721,0.770146,0.869276,0.270700,0.239627,0.341975,0.703013,-1.665292,0.893137,0.798620,-1.592158,-1.806454,0.362879,-0.574140,-0.570301,0.553150,0.533519,0.232180,-0.650302,0.830403,0.230971,268.178395,1.447957,-1.656409,0.274455,0.291015,1.482823,-0.480622,0.153604,0.255978,0.276638,0.379013,0.087919,1.171380,1.183302,-0.210342,0.691967
0.314693,0.497567,2.450431,0.030975,0.288938,0.234516,-1.459603,0.246881,0.328715,0.013471,0.110573,0.289785,0.393208,-0.045572,0.225288,0.079613,0.036721,0.261409,-1.526199,0.556220,-0.111074,0.033682,-1.429848,-0.141751,-0.199745,0.161867,0.683453,0.174924,-0.766417,-0.969741,0.288446,0.380417,865.873264,1.332370,-1.254445,0.036284,0.029575,1.802999,-0.258463,0.153604,0.223493,0.018605,0.367474,0.328880,0.540218,0.831805,0.536496,0.044481
-0.849244,0.633303,1.936183,0.266344,0.397417,0.365781,-1.370855,0.770516,-0.298976,0.097020,0.216225,0.460542,0.655306,0.485858,0.292785,0.225776,0.172582,1.080527,-1.276935,0.878527,0.073276,-0.257782,-1.698057,-0.169020,-1.140519,-0.117108,0.529179,0.274100,-1.086549,-1.837214,0.382531,0.501696,862.564322,0.985556,-1.481504,0.157781,0.183214,1.806837,-0.798822,-1.031777,0.605277,0.148986,0.405086,0.258419,0.985188,1.144052,-0.741629,0.505180
-0.849244,0.648227,0.918840,0.281736,0.467315,0.317639,-1.482183,0.533034,0.573276,0.160123,0.391202,0.471638,0.655306,0.485858,0.161709,0.201831,0.178599,1.289699,-1.728547,0.902223,1.307731,-0.945598,-1.684609,0.384590,-1.140519,-0.045525,0.694097,0.244642,-1.015691,-1.837214,0.382531,0.516781,490.290546,1.491328,-1.305876,0.479551,0.231596,1.504048,-0.873232,-1.114120,0.650171,0.217983,0.301216,0.564479,0.985188,0.876302,-0.741629,0.471003
-0.329821,0.543479,0.614390,0.308938,0.404282,0.519590,-1.428856,0.278871,0.612416,0.182987,0.360783,0.420097,0.811631,1.418341,0.309517,0.366888,0.539189,1.252078,-1.698837,0.773416,1.294656,-1.281757,-1.491884,0.282085,-0.517081,-0.968101,0.559316,0.594192,0.099627,-0.998852,1.218846,0.217001,275.336679,1.459419,-1.333378,0.293280,0.366588,1.515333,-0.506351,0.194208,0.278785,0.432323,0.623038,0.118250,3.247306,1.298385,-0.207829,1.190145
0.599959,0.613574,2.986121,0.022263,0.268630,0.261042,-1.203517,0.169188,0.332851,0.016718,0.091744,0.377818,0.348017,-0.191762,0.220888,0.078666,0.017434,0.798830,-1.154182,0.532174,-0.110560,-0.059797,-1.315371,-0.105563,-0.181813,0.171954,0.793532,0.135848,-0.912685,-1.118266,0.278582,0.276958,1062.094279,1.093400,-1.167531,0.035795,0.050122,1.499780,-0.254540,0.201774,0.226876,0.004494,0.297437,0.374945,0.388096,0.797732,0.594275,0.050326
-0.740406,0.692130,2.399980,0.300514,0.394625,0.445773,-1.499375,0.700601,-0.332788,0.097473,0.169174,0.426129,0.684101,0.509752,0.262284,0.262009,0.185125,1.056129,-1.576670,0.803916,0.125772,-0.286503,-1.581409,-0.223161,-1.230328,-0.094657,0.501622,0.145369,-1.249133,-1.533221,0.396457,0.448835,1038.616306,1.451736,-1.326879,0.135203,0.173859,1.602202,-0.646502,-0.850274,0.583087,0.133239,0.550497,0.260097,1.174677,0.930178,-0.765883,0.423333
-0.740406,0.590011,0.717759,0.354322,0.505560,0.427265,-1.500657,0.501711,0.603985,0.182632,0.359955,0.442540,0.684101,0.509752,0.217770,0.218253,0.198760,1.261172,-1.719858,0.894192,1.503858,-1.100983,-1.531399,0.457085,-1.230328,-0.090772,0.707333,0.215038,-1.249133,-1.533221,0.396457,0.537773,367.686497,1.455035,-1.413670,0.526756,0.250300,1.580259,-0.864930,-1.030160,0.613399,0.198992,0.364371,0.646229,1.174677,0.746315,-0.765883,0.540219
-0.421839,0.567881,0.569792,0.271030,0.473174,0.501632,-1.512622,0.296039,0.627492,0.188666,0.318217,0.476164,0.780539,1.418181,0.289035,0.355539,0.598879,1.219143,-1.768320,0.803433,1.503858,-1.100983,-1.585647,0.456111,-0.861759,-0.763197,0.535190,0.342759,0.200681,-0.864182,1.083525,0.269129,234.766273,1.527905,-1.404218,0.431729,0.347269,1.535686,-0.689506,0.174189,0.302141,0.466920,0.591471,0.098310,2.560086,1.288630,-0.316682,0.934404
0.312350,0.533926,3.118079,0.035996,0.309567,0.421323,-1.232745,0.232352,0.490144,0.017517,0.126559,0.364496,0.430653,-0.182941,0.198345,0.108583,0.018509,1.130549,-1.274410,0.542905,-0.096876,-0.225104,-1.211949,-0.065003,-0.201972,0.137085,0.749851,0.215798,-0.862168,-0.816640,0.281620,0.313446,1148.868878,1.138817,-1.150221,0.046726,0.040127,1.529824,-0.262381,0.174189,0.241667,0.005732,0.180662,0.402014,0.360298,0.865647,0.428544,0.004121
-0.864166,0.635153,1.979737,0.261516,0.420224,0.445799,-1.462025,0.772257,-0.304143,0.086138,0.206925,0.304345,0.711726,0.510965,0.310705,0.206125,0.176763,0.770558,-1.683828,0.817805,0.083648,-0.126316,-1.546118,-0.146805,-1.213702,-0.156675,0.565348,0.270675,-1.196912,-1.515136,0.397579,0.466125,922.888492,1.459152,-1.375520,0.146375,0.179385,1.522401,-0.807587,-0.967049,0.580096,0.139387,0.614070,0.257381,1.087214,1.151495,-0.751769,0.533916
-0.864166,0.604554,0.753672,0.320454,0.477826,0.437925,-1.479297,0.567917,0.759456,0.125224,0.290582,0.393683,0.711726,0.510965,0.223509,0.210537,0.170866,0.877864,-1.720975,0.892892,0.986532,-0.364399,-1.651576,0.574170,-1.213702,-0.025708,0.619927,0.263480,-1.148932,-1.515136,0.397579,0.570118,384.953468,1.459343,-1.422889,0.485876,0.187950,1.712743,-0.852907,-1.077962,0.550832,0.178726,0.472675,0.675907,1.087214,0.849631,-0.751769,0.465057
-0.471254,0.494452,0.732582,0.291475,0.456310,0.812237,-1.286280,0.306526,0.800012,0.317484,0.344021,0.620146,0.865749,0.994386,0.338341,0.422009,0.345764,1.153400,-1.505209,0.998285,0.831903,-1.354025,-1.697551,0.500530,-0.591106,-0.930370,0.688233,0.492450,0.406449,-0.858047,1.604127,0.309329,284.802855,1.441256,-1.507630,0.397788,0.356183,1.495751,-0.685849,0.135845,0.257936,0.304575,0.669236,0.097316,1.360061,1.425706,-0.195949,1.133270
0.086570,0.452053,1.666718,0.034222,0.325005,0.493981,-1.260064,0.345133,0.506022,0.024450,0.098534,0.388985,0.424573,-0.185948,0.317616,0.080458,0.022697,1.038594,-1.207158,0.637963,-0.089157,0.019689,-1.317415,-0.106866,-0.192849,0.138947,0.864250,0.136709,-0.692535,-0.720710,0.295822,0.357795,640.519907,1.142690,-1.072033,0.044804,0.054232,1.460133,-0.255795,0.135845,0.201595,0.005095,0.422084,0.369816,0.369767,0.811658,0.487612,0.065816
-0.779838,0.572128,1.430443,0.297523,0.432024,0.494752,-1.239851,0.795847,-0.220219,0.112934,0.247488,0.426081,0.679997,0.661087,0.274365,0.182354,0.188809,0.723447,-1.127901,0.889428,-0.124009,0.128775,-1.654435,0.097480,-1.451183,-0.196412,0.643402,0.231826,-1.092138,-1.442954,0.451668,0.445958,689.068510,1.084531,-1.414795,0.145703,0.176093,1.661832,-0.820656,-1.015441,0.553727,0.177758,0.420694,0.264097,1.327225,1.207462,-0.721946,0.310263
-0.779838,0.611620,0.803276,0.321305,0.492021,0.425504,-1.419005,0.520297,0.718992,0.145354,0.321188,0.401122,0.679997,0.661087,0.238692,0.254132,0.242080,0.723447,-1.634144,0.927546,0.838858,-0.002702,-1.724366,0.628067,-1.451183,-0.084829,0.705508,0.224498,-1.092138,-1.442954,0.451668,0.515205,415.658013,1.414694,-1.526741,0.502167,0.230318,1.953456,-0.854948,-1.071229,0.599646,0.208053,0.382200,0.651966,1.327225,0.941100,-0.721946,0.511641
-0.628064,0.568040,0.451275,0.347686,0.443692,0.551670,-1.477088,0.334744,0.707849,0.254755,0.276938,0.407026,0.847477,1.434046,0.380492,0.463187,0.390319,0.750275,-1.486153,0.746616,0.831807,-0.974926,-1.630577,0.490193,-0.734593,-0.887186,0.635749,0.515154,0.373803,-0.785959,1.494349,0.221263,185.663472,1.362689,-1.341907,0.388595,0.388010,1.515095,-0.676630,0.192846,0.269778,0.373467,0.452892,0.083522,2.025559,1.401393,-0.255728,1.143101
-0.026674,0.462086,1.837051,0.052429,0.328699,0.462578,-1.365893,0.376944,0.522012,0.024021,0.133902,0.430721,0.449221,-0.189350,0.203470,0.075914,0.014572,0.686320,-1.556216,0.603534,-0.111442,-0.567358,-1.396793,-0.159248,-0.215328,-0.006061,0.753740,0.254688,-0.671316,-0.772367,0.283101,0.315468,647.196295,1.419670,-1.214114,0.032837,0.060063,1.504977,-0.261634,0.192846,0.175751,0.003718,0.327170,0.364948,0.341837,0.819114,0.257092,0.087514
-0.341744,0.590485,1.814981,0.356349,0.435974,0.299197,-1.387371,0.650911,0.004585,0.104883,0.272824,0.346014,0.697220,0.401771,0.370172,0.158089,0.169461,0.462999,-1.348846,0.929288,0.495916,0.139673,-1.262944,0.399687,-1.272753,-0.112610,0.595731,0.256704,-1.037728,-0.952552,0.451071,0.380670,775.252832,1.213928,-1.344349,0.159797,0.198792,1.602112,-0.537148,-0.965103,0.555538,0.134864,0.457830,0.294723,1.108631,1.020061,-0.732526,0.518206
-0.341744,0.598407,0.769083,0.463080,0.491571,0.308317,-1.422675,0.368576,0.718015,0.142384,0.316502,0.355856,0.697220,0.401771,0.248604,0.299175,0.272396,0.503931,-1.619536,0.943396,0.632463,0.115193,-1.606237,0.677721,-1.272753,-0.111355,0.676820,0.215564,-1.036366,-0.952552,0.451071,0.472755,416.724085,1.427096,-1.491475,0.512960,0.236438,1.599935,-0.865002,-1.055846,0.601105,0.161593,0.379292,0.605747,1.108631,0.909492,-0.732526,0.496098
-0.607743,0.531395,0.944681,0.343852,0.456813,0.434220,-1.420438,0.316949,0.766571,0.171304,0.303923,0.465014,0.743471,1.213439,0.327386,0.303785,0.307258,0.607098,-1.797952,0.813186,0.432340,-0.672882,-1.789619,0.444602,-0.664194,-0.293737,0.641752,0.344638,0.476253,-0.746762,0.674604,0.237688,365.148105,1.469918,-1.502394,0.396231,0.332561,1.914514,-0.618804,0.161220,0.290657,0.358122,0.449252,0.079089,1.042142,1.329053,-0.509584,0.759022
0.023499,0.447066,2.042183,0.045971,0.334262,0.331934,-1.439961,0.336464,0.526185,0.022507,0.164974,0.330059,0.494876,-0.184902,0.205148,0.100522,0.014760,0.548455,-1.495310,0.595020,-0.130087,0.004560,-1.531163,-0.150957,-0.242526,0.161356,0.676775,0.155450,-0.477556,-0.724911,0.284165,0.374548,806.705529,1.299970,-1.353510,0.041418,0.051779,1.640026,-0.270971,0.161220,0.193434,0.003972,0.419763,0.337145,0.320292,0.714870,0.507595,0.047447
-0.150877,0.558094,1.440114,0.326029,0.408690,0.443757,-1.511654,0.521253,-0.069425,0.119827,0.340425,0.315709,0.654467,0.969753,0.322735,0.188305,0.181374,0.264168,-1.590080,0.939558,0.047765,0.441185,-1.745780,0.218894,-1.605164,-0.127354,0.676775,0.241704,-0.880758,-1.378465,0.458917,0.389213,672.619853,1.326039,-1.444711,0.143983,0.163929,1.677732,-0.617049,-0.897293,0.540035,0.166144,0.510744,0.239794,0.877781,0.990260,-0.645322,0.276310
-0.150877,0.570332,0.868151,0.265041,0.424474,0.361211,-1.388070,0.319144,0.493524,0.156263,0.441017,0.467024,0.654467,0.969753,0.172054,0.232214,0.216335,0.671235,-1.521295,0.939558,0.788415,-0.129497,-1.544245,0.460203,-1.605164,-0.070816,0.646799,0.143874,-0.826430,-1.378465,0.458917,0.490419,446.006424,1.375690,-1.503702,0.441196,0.252507,1.813190,-0.731474,-0.904189,0.607973,0.226102,0.382698,0.429381,0.877781,0.756549,-0.645322,0.537096
-0.368387,0.633132,0.531458,0.197569,0.382004,0.540518,-1.463377,0.270652,0.573117,0.205001,0.272535,0.377490,0.673540,1.000235,0.328307,0.221318,0.304684,0.879004,-1.767627,0.792942,0.648381,-1.047755,-1.724683,0.243687,-0.393825,-0.537487,0.783507,0.452505,0.022702,-0.520144,0.943336,0.274079,235.166678,1.446357,-1.359927,0.242239,0.279282,1.404147,-0.576688,0.377647,0.225186,0.299752,0.606757,0.135679,1.310980,1.211989,-0.209718,0.689474
0.247822,0.639320,2.040059,0.031245,0.294868,0.290385,-1.331298,0.277207,0.171633,0.018962,0.111354,0.315474,0.353953,-0.187176,0.111972,0.084635,0.013141,0.500301,-1.414556,0.536467,-0.101911,-0.017972,-1.305989,-0.125100,-0.208315,0.201010,0.524959,0.136445,-0.800756,-0.850562,0.284384,0.216649,738.274578,1.316373,-1.052067,0.025116,0.031344,1.501407,-0.260708,0.402390,0.142419,0.003892,0.167248,0.280843,0.320858,0.804693,0.517032,0.043512
-0.487097,0.610241,1.284839,0.427554,0.421467,0.394532,-1.574693,0.608200,0.508497,0.112215,0.213286,0.314023,0.636986,0.394971,0.328878,0.201537,0.150220,0.635348,-1.926146,0.960112,0.655690,-0.133338,-1.505215,0.491821,-1.138049,-0.101872,0.638787,0.211118,-1.077320,-1.177006,0.389575,0.664099,646.459886,1.613664,-1.513177,0.432085,0.185655,1.200130,-0.755385,-0.950241,0.634328,0.115924,0.381902,0.566836,0.865217,0.944466,-0.665522,0.297892
-0.758255,0.602408,0.605380,0.279461,0.273659,0.565637,-1.096228,0.301316,0.462975,0.122401,0.331456,0.408938,0.647988,1.351763,0.370219,0.248789,0.251148,1.209489,-1.216202,0.813069,0.122248,-0.576685,-1.657494,-0.044983,-0.827930,-0.790174,0.967105,0.313886,-0.264678,-0.631905,0.287332,0.170962,348.179926,1.077888,-1.135986,0.114574,0.246410,1.396423,-0.334338,0.429120,0.120033,0.156367,0.558793,0.212585,1.793266,1.011686,-0.269499,0.942914
0.499988,0.842715,0.430199,0.007612,0.174864,0.083956,-0.995370,0.040989,-0.516411,0.003132,0.027340,0.062722,0.191530,-0.200258,0.048709,0.019311,0.004819,0.004026,-1.130337,0.515850,-0.098521,0.278995,-1.254780,-0.164350,-0.116868,0.207549,0.482669,0.044751,-0.625144,-0.584835,0.270971,0.048924,188.266081,0.993979,-0.971411,0.010072,0.010498,1.333382,-0.242603,0.752163,0.036627,0.001091,0.113615,0.029182,0.346212,0.833351,0.165640,-0.024833
0.641830,0.830761,4.648998,0.037589,0.206504,0.361395,-1.269936,0.038437,-0.366607,0.010393,0.050634,0.168347,0.282503,-0.144606,0.108059,0.140044,0.031620,0.310391,-1.410171,0.528022,0.037719,0.140865,-1.412172,-0.254948,-0.169431,0.211988,0.505535,0.082530,-0.986884,-1.874420,0.303962,0.093019,1360.718246,1.230785,-1.196108,0.029498,0.028751,1.644159,-0.248412,0.791514,0.030002,0.008899,0.141093,0.189854,0.309162,0.832353,0.134934,0.002157
-0.354286,0.559382,0.470378,0.164229,0.300545,0.522608,-1.268502,0.197979,0.279466,0.125179,0.209917,0.307329,0.589168,0.683222,0.189271,0.199328,0.207908,0.706310,-1.222824,0.708670,0.320467,-0.459710,-1.581699,-0.006781,-0.322451,-0.560574,0.591974,0.335177,-0.056927,-0.489604,0.637688,0.278803,270.642666,0.941117,-1.320607,0.130107,0.155774,1.281046,-0.250680,0.374877,0.115501,0.178189,0.468860,0.088051,1.168615,1.153540,-0.113418,0.536810
0.154631,0.946136,0.426970,0.009897,0.172003,0.083509,-0.997258,0.044783,-0.393497,0.005391,0.034604,0.078205,0.186896,-0.200172,0.032579,0.014668,0.005703,-0.056500,-1.238077,0.510333,-0.093734,0.327932,-1.257736,-0.174156,-0.124763,0.212757,0.408063,0.032859,-0.517258,-0.632871,0.272471,0.059303,206.399214,0.987541,-1.024878,0.010674,0.012464,1.461037,-0.241718,0.845779,0.043814,0.001506,0.144886,0.036491,0.349637,0.651174,0.180564,-0.008926
0.435261,0.856106,0.356208,0.028340,0.207157,0.291243,-1.177541,0.099829,-0.314891,0.012792,0.105545,0.308670,0.261097,-0.190591,0.062883,0.077254,0.021202,0.476700,-1.307513,0.530012,0.023365,0.041701,-1.539413,-0.030913,-0.130079,0.182615,0.465288,0.147447,-0.432199,-0.396629,0.278285,0.149522,154.118273,1.187695,-1.569700,0.029168,0.031985,1.121335,-0.246231,0.791394,0.038634,0.004187,0.279224,0.026095,0.372839,0.974824,0.082343,0.017770
0.280786,0.682740,1.938934,0.135998,0.355945,0.337360,-1.380460,0.375044,0.345302,0.078693,0.229342,0.227594,0.579940,0.560447,0.249708,0.171816,0.115903,0.026911,-1.483428,0.798356,-0.078205,0.139886,-1.584921,0.194489,-0.881772,-0.140583,0.592005,0.140553,-0.661459,-0.918414,0.422320,0.396640,779.085170,1.350925,-1.345302,0.164284,0.120906,1.612850,-0.590045,-0.709932,0.591205,0.138430,0.370625,0.275092,0.856583,0.765165,-0.576133,0.169079
0.280786,0.400808,0.719247,0.175887,0.311073,0.274767,-1.345152,0.188628,0.779021,0.113854,0.228300,0.292092,0.579940,0.560447,0.107760,0.163212,0.150180,0.404110,-1.406173,0.798356,0.588831,0.135053,-1.549840,0.392123,-0.881772,0.033632,0.592005,0.092418,-0.527144,-0.918414,0.422320,0.189490,313.316346,1.266740,-1.281911,0.343340,0.189490,1.469041,-0.621662,-0.713399,0.444359,0.190468,0.278160,0.384156,0.856583,0.694245,-0.576133,0.360455
-0.175410,0.387809,1.058875,0.191987,0.342590,0.504387,-1.572166,0.267075,0.782064,0.194643,0.315706,0.429188,0.676472,0.863575,0.300153,0.255774,0.224998,0.999424,-1.862822,1.031066,0.251312,-1.129101,-1.738722,0.160934,-0.535769,-0.882635,0.705183,0.447716,0.257072,-0.521076,0.828429,0.202355,347.742812,1.594940,-1.296030,0.184933,0.285094,1.639483,-0.441145,0.169708,0.156824,0.242740,0.543177,0.152367,1.161526,0.990263,-0.426923,0.856870
0.592368,0.603755,2.434607,0.015732,0.280340,0.279132,-1.306599,0.256459,0.448369,0.016266,0.093521,0.271854,0.373482,-0.193989,0.114296,0.067739,0.012101,0.078940,-1.355531,0.540843,-0.080467,0.276613,-1.375615,-0.117709,-0.152682,0.182293,0.587648,0.097924,-0.705368,-0.884326,0.275749,0.264468,835.549230,1.310207,-1.125446,0.033811,0.036272,1.275702,-0.249166,0.261269,0.198626,0.003081,0.178449,0.342941,0.366033,0.626299,0.562249,0.044561
-0.730074,0.651280,2.017733,0.176037,0.421184,0.483264,-1.142416,0.804351,-0.148690,0.099064,0.124276,0.373993,0.707125,0.550808,0.361918,0.173667,0.174736,0.650009,-0.877418,0.831824,-0.117858,-0.162507,-1.661665,0.068979,-1.242597,-0.112437,0.587648,0.211024,-1.082977,-1.271037,0.403621,0.360279,866.788461,0.800345,-1.165763,0.125627,0.166232,1.557589,-0.663003,-0.777923,0.510319,0.160201,0.520561,0.263024,1.106981,0.855679,-0.811104,0.452449
-0.730074,0.561557,0.694606,0.247124,0.496154,0.309945,-1.286509,0.536697,0.954991,0.160828,0.202398,0.385194,0.707125,0.550808,0.225589,0.231929,0.236685,0.609076,-1.343775,0.907135,0.665691,-0.162507,-1.630166,0.710448,-1.242597,-0.091301,0.649174,0.210680,-1.082977,-1.230790,0.403621,0.485538,376.066337,1.154154,-1.324136,0.523246,0.233877,1.521370,-0.854782,-0.969452,0.571190,0.198486,0.434765,0.700870,1.106981,0.783288,-0.811104,0.452449
-0.558731,0.542056,0.775244,0.375875,0.454443,0.758792,-1.314492,0.324795,0.947337,0.261810,0.321554,0.567255,0.804706,1.545048,0.351352,0.392228,0.360324,0.868550,-1.486522,0.896877,0.600672,-1.456078,-1.828314,0.710448,-0.803681,-0.952839,0.716245,0.538580,0.353458,-0.859092,1.418397,0.250419,298.374387,1.281997,-1.449858,0.405715,0.391034,1.703283,-0.742981,0.223139,0.266794,0.393940,0.579774,0.118506,1.317285,1.131999,-0.525397,1.141110
0.165652,0.545027,2.099080,0.032507,0.311743,0.382599,-1.124742,0.343529,0.548753,0.021364,0.128815,0.230968,0.399242,-0.187444,0.260291,0.096261,0.018817,0.130143,-1.154553,0.629420,-0.072985,0.108005,-1.316300,-0.123245,-0.180185,0.157485,0.707528,0.150503,-0.694964,-0.868397,0.278296,0.354079,744.249366,1.063118,-1.175238,0.038218,0.045461,1.780196,-0.257357,0.223139,0.201267,0.004434,0.265950,0.373578,0.357658,0.884208,0.573974,0.050223
-0.952063,0.641788,1.850483,0.292213,0.438652,0.452730,-1.499036,0.866356,0.004386,0.103188,0.271148,0.430476,0.735789,0.590906,0.268519,0.176560,0.179391,0.683082,-1.650144,0.899094,0.011036,-0.188833,-1.663656,0.129211,-1.488547,-0.123595,0.555693,0.269402,-1.008343,-1.468323,0.433306,0.482678,813.406245,1.458386,-1.239327,0.167082,0.206349,1.725061,-0.903916,-1.124900,0.627614,0.169824,0.490195,0.270486,1.182116,1.167152,-0.843350,0.502281
-0.952063,0.701026,0.948260,0.330653,0.450983,0.348451,-1.474773,0.615358,0.893482,0.116386,0.325399,0.410260,0.735789,0.590906,0.204286,0.271077,0.231003,0.683082,-1.597290,0.952173,0.790146,-0.206624,-1.717667,0.868213,-1.488547,-0.116614,0.686481,0.261047,-0.974492,-1.468323,0.433306,0.550018,451.624797,1.354806,-1.465275,0.452452,0.199498,1.775627,-0.903916,-1.254446,0.604615,0.210111,0.462545,0.612676,1.182116,0.963704,-0.843350,0.374476
-0.467353,0.547334,0.507507,0.257657,0.399367,0.633487,-1.454424,0.316998,0.712293,0.374965,0.332430,0.433885,0.808602,0.563778,0.385181,0.553247,0.285483,0.655635,-1.649298,0.945116,0.603051,-0.610966,-1.637912,0.384600,-1.113655,-0.841385,0.960833,0.559006,0.294054,-0.911239,1.673094,0.266492,200.261340,1.446208,-1.718602,0.306034,0.350897,1.290275,-0.602367,0.308436,0.194720,0.248839,0.559208,0.094735,1.591595,1.275553,-0.169428,0.856844
0.064640,0.600191,1.871063,0.029264,0.309766,0.322654,-1.343102,0.360011,0.407775,0.024249,0.065169,0.241509,0.412574,-0.188177,0.303462,0.058229,0.022851,0.067597,-1.443088,0.545038,-0.066920,0.152603,-1.475417,-0.115793,-0.179913,0.192989,0.811006,0.172962,-0.509210,-0.968550,0.280339,0.318363,678.991304,1.340880,-1.180711,0.051559,0.047408,1.666822,-0.257098,0.308436,0.166309,0.004498,0.534568,0.282096,0.376425,0.741378,0.547210,0.099863
-0.429927,0.623794,1.574293,0.288365,0.423904,0.307630,-1.456656,0.668839,0.055859,0.103687,0.184855,0.380967,0.648368,1.012881,0.285455,0.172822,0.217847,0.338481,-1.642960,0.870624,-0.020977,0.227605,-1.532050,0.032420,-1.232789,-0.090937,0.600688,0.206980,-0.750631,-1.389736,0.412713,0.403177,718.652837,1.378465,-1.484058,0.179714,0.168956,1.686248,-0.721037,-1.029251,0.629852,0.199575,0.421388,0.204567,1.228899,0.912899,-0.625047,0.382541
-0.429927,0.664188,0.520232,0.286163,0.453673,0.246931,-1.430414,0.376271,0.710342,0.163126,0.367682,0.484474,0.628998,1.012881,0.133763,0.203757,0.273606,1.061244,-1.641132,0.870624,0.992911,-0.965197,-1.513095,0.522624,-1.232789,-0.038031,0.656364,0.206616,-0.719645,-1.383022,0.412713,0.391782,271.402921,1.357376,-1.466935,0.463716,0.288961,1.410962,-0.805112,-1.052186,0.688558,0.279189,0.350944,0.434265,1.228899,0.959767,-0.625047,0.791156
-0.635032,0.530969,0.471125,0.237804,0.416042,0.632981,-1.561227,0.303536,0.577052,0.205967,0.295609,0.542433,0.764013,1.041949,0.276556,0.304794,0.412897,1.061244,-1.826316,0.806713,0.992911,-0.965197,-1.642554,0.291849,-0.797322,-0.630498,0.501372,0.568676,0.182489,-1.011678,0.993626,0.252890,188.212493,1.396607,-1.225209,0.265131,0.358980,1.322415,-0.492222,0.219003,0.298060,0.389083,0.490340,0.100479,2.195367,1.269979,-0.314158,0.791156
0.268018,0.620266,2.208569,0.015844,0.265316,0.354762,-1.275120,0.239513,0.420915,0.136356,0.356997,0.315412,0.377020,-0.147435,0.105177,0.316013,0.017334,0.287782,-1.195406,3.205885,-0.097260,0.112284,-1.379236,3.949180,-0.155094,0.194688,0.539509,0.149522,-0.746461,-1.019749,0.287256,0.309202,848.073979,1.084489,-1.253307,0.028512,0.034801,1.527549,-0.249584,0.246419,0.214235,0.010665,0.294777,0.334630,0.395519,0.809299,0.587901,0.073302
-0.897916,0.671661,1.814839,0.277805,0.421385,0.533372,-1.410818,0.755321,-0.230609,0.197272,0.601558,0.457735,1.270436,0.509149,0.316338,0.480021,0.159904,0.781648,-1.574780,3.205885,-0.084199,-0.483031,-1.481379,4.290993,-1.269950,-0.110538,0.488431,0.149194,-1.100073,-1.653036,0.392642,0.441857,842.017823,1.447132,-1.411411,0.216053,0.179810,1.569414,-0.815215,-0.954569,0.616262,0.146507,0.479809,0.256036,1.056914,0.953445,-0.678527,0.317579
-0.897916,0.592921,0.956921,0.299290,0.463340,0.413530,-1.435048,0.522467,0.579292,0.140766,0.314793,0.443477,0.639040,0.509149,0.162079,0.172196,0.163389,1.129453,-1.649119,0.855147,1.258816,-0.869947,-1.425680,0.495975,-1.269950,-0.050806,0.660527,0.208385,-1.072458,-1.653036,0.393014,0.404836,480.272828,1.413365,-1.302273,0.459533,0.202820,1.640994,-0.887657,-1.013334,0.608954,0.202055,0.295533,0.546823,1.056914,0.767724,-0.678527,0.493336
-0.467194,0.538201,0.672497,0.274988,0.444905,0.653403,-1.386320,0.316212,0.661457,0.247366,0.339430,0.350586,0.842410,1.234141,0.295818,0.383579,0.560095,1.402466,-1.693222,0.759744,1.172920,-1.083407,-1.678476,0.480240,-0.679373,-0.749090,0.513883,0.519900,0.193595,-0.472802,1.213653,0.195140,303.750242,1.479314,-1.487841,0.338815,0.375263,1.730169,-0.570378,0.113459,0.327348,0.408506,0.613390,0.133208,3.324763,1.306165,-0.234136,1.093006
0.594991,0.555088,3.185014,0.015154,0.269876,0.361101,-1.105896,0.158237,0.271733,0.010634,0.100410,0.374825,0.396764,-0.188623,0.211427,0.069298,0.011598,0.900431,-1.074520,0.546666,-0.125092,-0.035681,-1.194366,-0.101446,-0.173208,0.156508,0.711349,0.140372,-0.787162,-0.971799,0.274384,0.323577,1173.306673,1.081508,-1.113949,0.045030,0.036833,1.625105,-0.246617,0.113459,0.255425,0.004108,0.324689,0.347852,0.364365,0.789422,0.573670,0.027601
-0.831271,0.658611,2.111723,0.317720,0.386988,0.453443,-1.515318,0.749733,-0.235690,0.099089,0.161720,0.527052,0.684328,0.536434,0.288147,0.230120,0.158715,1.505595,-1.608133,0.866939,-0.082275,-0.254523,-1.502488,-0.191965,-1.081896,-0.104018,0.533413,0.151331,-1.131338,-1.587172,0.381960,0.432515,995.156884,1.341206,-1.214501,0.149849,0.169426,1.607449,-0.711297,-0.930765,0.597942,0.144127,0.590610,0.250889,0.992358,1.122617,-0.730585,0.400961
-0.831271,0.616382,0.672897,0.352892,0.501300,0.444041,-1.220011,0.505500,0.647674,0.190953,0.312390,0.434208,0.684328,0.536434,0.220428,0.198852,0.231027,1.656168,-0.914985,0.889088,1.329728,-0.792731,-1.502273,0.559127,-1.081896,-0.031964,0.667689,0.258407,-1.131338,-1.587172,0.381960,0.505877,366.914652,0.696715,-1.345244,0.516541,0.258273,1.640586,-0.893809,-0.995695,0.653060,0.223301,0.424788,0.603375,0.992358,0.808335,-0.730585,0.542819
-0.391868,0.638596,0.457585,0.236701,0.438083,0.613352,-1.369064,0.273516,0.625024,0.302583,0.359772,0.404450,0.815131,1.114780,0.235983,0.417314,0.521422,1.134738,-1.489129,0.795241,1.319155,-1.832708,-1.608468,0.546653,-0.447259,-0.942923,0.509096,0.478856,0.194590,-1.105611,1.702623,0.307055,205.151423,1.360506,-1.358493,0.355798,0.375591,1.204081,-0.635634,0.316503,0.262625,0.361090,0.618477,0.125451,2.266258,1.277287,-0.364155,1.148066
0.145155,0.629236,2.760414,0.032489,0.309756,0.361199,-1.176332,0.302404,0.250262,0.020221,0.130073,0.318268,0.382207,-0.185675,0.246005,0.088526,0.013824,0.497794,-1.285813,0.581330,-0.116108,-0.014382,-1.223159,-0.082579,-0.222094,0.166618,0.895049,0.165967,-0.830091,-0.827857,0.280031,0.294142,906.924772,1.157623,-1.232254,0.038185,0.047295,1.470838,-0.262190,0.316503,0.197706,0.005161,0.417406,0.355132,0.350621,0.780621,0.523727,0.031680
-0.736071,0.663393,2.355391,0.283424,0.416971,0.449705,-1.263667,0.736375,-0.295571,0.097679,0.207618,0.306996,0.667846,0.365408,0.256676,0.188908,0.158290,0.514969,-1.047917,0.918061,0.152909,-0.172094,-1.656992,-0.029478,-1.214603,-0.138947,0.531262,0.237974,-1.142294,-1.539326,0.417783,0.484120,955.025035,0.907389,-1.321595,0.149936,0.189853,1.440348,-0.717903,-0.973523,0.619007,0.127706,0.419982,0.243331,0.990822,1.037251,-0.664342,0.422619
-0.736071,0.607447,0.709947,0.313360,0.452357,0.392373,-1.478009,0.518722,0.581297,0.126393,0.266304,0.376484,0.667846,0.365408,0.161280,0.210735,0.194722,0.819117,-1.655093,0.934400,0.849575,-0.323727,-1.716724,0.666161,-1.214603,0.011204,0.678968,0.221888,-1.090629,-1.539326,0.417783,0.413924,379.831666,1.449525,-1.340683,0.454905,0.211305,1.491903,-0.842185,-0.986647,0.615184,0.181656,0.350163,0.563636,0.990822,0.705230,-0.664342,0.588678
-0.528434,0.620256,0.448260,0.318092,0.438936,0.822324,-1.278613,0.321728,0.755613,0.351766,0.367090,0.486546,0.829598,0.854355,0.346130,0.497903,0.374107,1.019918,-1.545410,0.938908,0.827385,-1.394137,-1.683309,0.625004,-0.569251,-0.836020,0.861974,0.431306,0.246889,-0.765935,1.933243,0.264370,190.602241,1.470965,-1.656621,0.321459,0.374448,1.398271,-0.628846,0.254384,0.284659,0.292112,0.488245,0.112401,1.534382,1.215841,-0.368727,1.170362
0.150576,0.557524,2.038892,0.012819,0.320571,0.405719,-1.164078,0.356375,0.371431,0.027762,0.100298,0.236224,0.396096,-0.191847,0.234348,0.056960,0.016251,0.223837,-1.298546,0.556966,-0.107179,0.047375,-1.276024,-0.120503,-0.178492,0.181029,0.774498,0.177784,-0.718535,-0.708991,0.274292,0.339947,823.606295,1.228583,-1.102047,0.029576,0.064521,1.175061,-0.257241,0.254384,0.166734,0.004630,0.349805,0.328360,0.375781,0.750805,0.569342,0.094731
-0.976357,0.603119,1.677902,0.307336,0.433562,0.514280,-0.591497,0.845573,-0.201330,0.104569,0.186081,0.456966,0.680425,0.629237,0.313320,0.167083,0.172373,0.921935,-0.088385,0.868979,-0.118564,-0.074730,-1.626382,0.123684,-1.388371,-0.176227,0.551191,0.213223,-1.086900,-1.366360,0.409506,0.400290,847.010588,0.204231,-1.341885,0.136449,0.159929,1.284639,-0.834685,-0.999382,0.565616,0.163418,0.375791,0.240513,1.111686,1.093668,-0.745725,0.408771
-0.976357,0.646910,0.777758,0.351159,0.503120,0.462152,-1.500822,0.520552,0.602980,0.165457,0.316600,0.450179,0.680425,0.629237,0.254188,0.231495,0.236336,0.921935,-1.810248,0.905522,0.950250,-0.426252,-1.553850,0.606602,-1.388371,-0.058044,0.630230,0.187572,-1.085824,-1.366360,0.415956,0.551684,400.656078,1.563203,-1.379609,0.518226,0.239787,1.582086,-0.914756,-1.142042,0.653807,0.216832,0.358156,0.583235,1.111686,0.815012,-0.745725,0.600111
-0.738443,0.640235,0.418706,0.302065,0.507218,0.701897,-1.736641,0.311953,0.461370,0.354986,0.829647,0.620664,3.014195,1.113098,0.310427,0.701662,0.400772,0.777209,-2.177259,3.388085,0.922356,-0.894544,-1.645497,4.579921,-0.708830,-0.801314,0.710307,0.543701,0.170383,-0.873844,1.554725,0.254644,170.495412,1.797226,-1.378827,0.573147,0.390281,1.241112,-0.703621,0.307705,0.247357,0.375612,0.550764,0.073926,1.821685,1.401771,-0.223248,1.051771
-0.027909,0.576434,2.030423,0.055469,0.328252,0.518070,-1.368166,0.372739,0.288284,0.027800,0.107183,0.476306,0.378676,-0.186362,0.179475,0.046976,0.023486,0.661085,-1.568557,0.638250,-0.102086,-0.354946,-1.236021,-0.104311,-0.199289,0.187705,0.649819,0.276423,-0.780061,-0.626690,0.283192,0.318941,729.413590,1.375576,-1.291019,0.027585,0.049251,1.629057,-0.261751,0.307705,0.149231,0.005312,0.369836,0.323345,0.356809,0.794722,0.521855,0.068153
-0.378074,0.604924,1.672811,0.277245,0.434114,0.295144,-1.464566,0.631672,-0.226489,0.079948,0.238727,0.383623,0.679694,0.403292,0.290718,0.139256,0.137164,0.434976,-1.502459,0.929782,0.150104,0.213733,-1.559062,0.250267,-1.196591,-0.126065,0.551150,0.244982,-1.047539,-1.025924,0.384538,0.372900,774.311650,1.228907,-1.335698,0.135034,0.171215,1.615890,-0.603897,-0.984797,0.569519,0.116014,0.428461,0.233089,0.976134,0.965509,-0.633189,0.384728
-0.378074,0.579038,0.962674,0.397587,0.429432,0.234819,-1.518857,0.413093,0.463645,0.149330,0.248973,0.309497,0.679694,0.403292,0.206110,0.277137,0.244198,0.434976,-1.735756,0.948163,0.512840,0.067452,-1.446072,0.722478,-1.196591,-0.126065,0.611189,0.200918,-1.039571,-1.025924,0.407998,0.478902,487.637546,1.408686,-1.506048,0.464637,0.224223,1.607240,-0.807112,-1.053925,0.563252,0.163928,0.411437,0.533309,0.976134,0.734088,-0.633189,0.382498
-0.086552,0.483353,0.703706,0.320415,0.368839,0.325746,-1.499347,0.198378,0.447188,0.180583,0.193333,0.237373,0.613053,0.515719,0.317215,0.285463,0.189622,0.361516,-1.651439,0.835993,0.484880,-0.270358,-1.808271,0.524723,-0.553675,-0.281737,1.812908,0.399919,0.153634,-0.733986,0.508268,0.281296,274.846635,1.493517,-1.448000,0.285849,0.240215,1.309080,-0.616025,0.283149,0.153374,0.224032,0.562972,0.075179,0.676402,0.989239,-0.506725,0.705122
0.352365,0.588465,2.012158,0.015733,0.293987,0.302576,-1.194216,0.284834,0.252644,0.016325,0.088903,0.315834,0.368474,-0.190628,0.208751,0.053445,0.013730,0.124918,-1.215368,0.565202,-0.094824,0.289183,-1.453080,-0.154494,-0.153151,0.179567,1.327884,0.138122,-0.653553,-0.814911,0.273724,0.329725,796.844648,1.122765,-1.147406,0.038305,0.039138,1.633240,-0.248864,0.283149,0.184293,0.003778,0.369096,0.279596,0.359098,0.734962,0.526282,0.034833
-0.468129,0.634468,1.588724,0.298521,0.414386,0.409820,-1.397021,0.687266,-0.067048,0.099313,0.188251,0.315591,0.656285,0.741239,0.299213,0.161126,0.188447,0.274324,-1.523374,0.906967,-0.110124,0.255277,-1.561198,0.254422,-1.393441,-0.098670,0.585223,0.214949,-0.930502,-1.402414,0.425790,0.438040,779.358792,1.249689,-1.466118,0.153122,0.172899,1.662835,-0.703234,-0.982231,0.594432,0.169449,0.453132,0.226566,1.156200,0.955804,-0.718836,0.393558
-0.468129,0.641268,0.685538,0.255469,0.463349,0.418684,-1.574261,0.378411,0.666234,0.159903,0.338423,0.439177,0.656285,0.741239,0.148573,0.213162,0.261221,0.843174,-1.871702,0.909531,0.775269,-0.213456,-1.567606,0.559972,-1.393441,-0.033475,0.634140,0.180729,-0.901631,-1.402414,0.425790,0.444554,344.293901,1.597476,-1.486587,0.489204,0.273907,1.531804,-0.844766,-1.037936,0.665272,0.237778,0.371123,0.502658,1.156200,0.828685,-0.718836,0.576431
-0.624324,0.587955,0.528075,0.272861,0.405099,0.581237,-1.488230,0.337996,0.563361,0.227892,0.280271,0.450898,0.708984,0.920210,0.293891,0.287969,0.342157,0.892241,-1.712220,0.759248,0.560552,-0.576636,-1.601040,0.463215,-0.668390,-0.222586,0.541169,0.396315,0.107055,-0.683063,1.005080,0.234436,232.535952,1.421144,-1.352745,0.267675,0.312941,1.668577,-0.570387,0.237357,0.269563,0.323868,0.443623,0.100278,1.598072,1.309431,-0.793995,0.645751
0.215630,0.660525,1.687321,0.015518,0.281162,0.247421,-1.126156,0.280208,0.352631,0.016685,0.089840,0.272304,0.366484,-0.190623,0.060750,0.051574,0.009936,0.140481,-1.182627,0.542367,-0.102344,0.190789,-1.231502,-0.103943,-0.140089,0.197678,0.508561,0.111400,-0.779888,-0.872134,0.279004,0.276570,647.103296,1.112803,-1.141943,0.028093,0.039235,1.478176,-0.251344,0.277171,0.179182,0.003504,0.289591,0.320386,0.352229,0.684363,0.545139,0.072109
-0.238684,0.624652,0.891741,0.340909,0.435967,0.365087,-1.478793,0.537984,0.533348,0.101637,0.222102,0.325061,0.641199,0.302910,0.361330,0.202443,0.145869,0.474139,-1.714570,0.918224,0.775243,-0.156034,-1.579064,0.493640,-1.142489,-0.097184,0.677003,0.190410,-1.063957,-1.096749,0.400829,0.619001,465.340805,1.444031,-1.598937,0.446017,0.156921,1.588708,-0.768818,-0.920205,0.656540,0.095198,0.437465,0.561847,0.916923,0.901659,-0.578853,0.223603
-0.998223,0.598756,0.452612,0.225297,0.289307,0.552997,-1.260257,0.321495,0.612657,0.066523,0.289797,0.359927,0.685900,1.173248,0.248319,0.301800,0.249444,0.871572,-1.386442,0.684129,-0.101356,-0.736740,-1.427364,-0.064391,-0.577109,-0.163844,0.483463,0.357962,-0.194434,-0.704973,0.273948,0.167014,249.758452,1.257746,-1.314775,0.129089,0.200064,1.299122,-0.276963,0.383376,0.135105,0.162419,0.352417,0.232654,1.639533,0.816197,-0.124448,0.632162
0.415034,0.914200,0.877923,0.008924,0.181833,0.058880,-0.907180,0.029820,-0.502485,0.004673,0.026311,0.096102,0.186616,-0.199574,0.021293,0.024920,0.007400,0.055259,-1.139212,0.521487,-0.096479,0.335954,-1.172937,-0.158095,-0.125103,0.205365,0.336898,0.058434,-0.595874,-0.533394,0.270871,0.020545,363.255178,0.942463,-1.067003,0.003548,0.014806,1.410090,-0.242334,0.873638,0.014827,0.001050,0.073949,0.027848,0.342300,0.610960,0.157420,-0.053012
0.555162,0.916170,5.009986,0.020817,0.203521,0.295912,-1.493270,0.064722,-0.493456,0.009891,0.091073,0.283139,0.251109,-0.177996,0.077891,0.086381,0.018435,0.838550,-1.705654,0.544768,-0.109581,0.213978,-1.368652,-0.250326,-0.182467,0.199403,0.501958,0.087450,-1.164631,-1.694391,0.287261,0.067259,1550.507800,1.503525,-1.130894,0.029621,0.027203,1.756896,-0.247284,0.848645,0.030684,0.004552,0.140389,0.213535,0.324052,0.711955,0.118668,-0.032286
-0.632373,0.711347,0.932567,0.177725,0.327281,0.449623,-1.299787,0.262626,0.272897,0.210156,0.230994,0.394890,0.639288,0.583091,0.169890,0.230919,0.283821,1.192534,-1.481192,0.710111,0.568663,-0.499984,-1.617154,0.046189,-0.604493,-0.348692,0.457903,0.297334,-0.214161,-0.514081,1.031915,0.303280,481.651569,1.323004,-1.284919,0.130972,0.182291,1.583003,-0.247482,0.530702,0.152887,0.227261,0.472505,0.147120,1.260997,1.298049,-0.300052,0.429874
0.299387,0.998435,0.508481,0.014182,0.156401,0.094012,-0.976372,0.058865,-0.467840,0.016614,0.017641,0.118388,0.194701,-0.197954,0.127087,0.011847,0.005117,0.069535,-1.172500,0.519815,-0.103603,0.390661,-1.160148,-0.191997,-0.164646,0.208887,0.657597,0.030144,-0.727991,-0.698051,0.272857,0.018855,227.738491,0.973646,-0.930185,0.017619,0.029896,1.177566,-0.243157,0.873622,0.084830,0.001470,0.239827,0.073556,0.331118,0.757511,0.182499,-0.054683
0.697486,0.910012,0.492756,0.021331,0.201846,0.185825,-1.114872,0.062848,-0.514098,0.008890,0.114560,0.232533,0.255193,-0.192652,0.080180,0.070854,0.025623,0.455514,-1.213600,0.531412,0.019431,-0.067341,-1.510500,-0.006646,-0.106504,0.191602,0.493528,0.157587,-0.652635,-0.527187,0.275369,0.077988,213.186594,1.082708,-1.175319,0.022332,0.040158,1.472703,-0.248181,0.868844,0.021956,0.003363,0.231414,0.034773,0.369760,1.024871,0.121217,-0.048871
0.250911,0.702813,1.634141,0.116551,0.330700,0.247341,-1.354774,0.333651,0.350892,0.082021,0.206697,0.214682,0.551417,0.551690,0.209296,0.173058,0.115123,-0.192464,-1.468309,0.793318,-0.095222,0.101771,-1.522016,0.225552,-0.811332,-0.055191,0.684947,0.121204,-0.770451,-0.778089,0.418533,0.389236,770.761942,1.283326,-1.358651,0.152422,0.104387,1.554617,-0.678798,-0.652879,0.590109,0.142795,0.310491,0.325262,0.942314,0.915483,-0.557474,0.096345
0.250911,0.357659,0.958395,0.174933,0.298565,0.188764,-1.460612,0.356414,0.821401,0.148617,0.221961,0.331756,0.551417,0.551690,0.132326,0.188629,0.169488,0.511854,-1.672966,0.793318,0.598002,-0.018284,-1.549651,0.323427,-0.811332,0.058840,0.684947,0.100255,-0.663741,-0.778089,0.419167,0.115606,479.011880,1.502534,-1.229584,0.336834,0.166656,1.351326,-0.678798,-0.660229,0.394579,0.184126,0.288986,0.475631,0.942314,0.859369,-0.557474,0.315871
0.387638,0.360946,0.922729,0.140055,0.318215,0.394927,-1.386170,0.200114,0.819896,0.133949,0.204105,0.420344,0.563140,0.651065,0.267986,0.204706,0.194705,1.226637,-1.546009,0.972068,0.142487,-0.758165,-1.629620,0.115872,-0.511831,-0.671350,0.755859,0.378194,0.051195,-0.757040,0.531906,0.131663,362.618289,1.320527,-1.233645,0.148881,0.227541,0.964055,-0.323329,0.218960,0.091889,0.194527,0.537459,0.240559,0.931862,1.063578,-0.340883,0.926714
0.781413,0.622838,3.000544,0.015793,0.284791,0.217742,-1.317849,0.182154,0.304552,0.013654,0.096763,0.457225,0.393304,-0.182371,0.155414,0.065325,0.015519,0.449373,-1.440344,0.549667,-0.115137,0.259094,-1.370142,-0.134017,-0.154818,0.171725,0.602650,0.083465,-0.764048,-0.813929,0.284750,0.256968,1118.501593,1.375910,-1.149516,0.043068,0.027159,1.528413,-0.246569,0.303453,0.197354,0.005124,0.244808,0.320236,0.365034,0.825934,0.515211,-0.011984
-0.838219,0.631265,1.903488,0.250530,0.416927,0.452574,-1.369231,0.830101,-0.278862,0.088664,0.136733,0.292048,0.694802,0.615435,0.244523,0.138646,0.153152,0.190056,-1.355929,0.802723,-0.074378,0.213538,-1.668162,-0.066405,-1.144363,-0.043477,0.602650,0.230998,-1.119202,-1.206650,0.387867,0.361944,889.862139,1.255981,-1.276792,0.123553,0.149413,1.518801,-0.758625,-0.827019,0.520090,0.146151,0.341577,0.230366,1.166381,1.029352,-0.714425,0.328875
-0.838219,0.553194,0.713971,0.270934,0.464097,0.360214,-1.416914,0.598451,0.832044,0.112455,0.218496,0.422446,0.694802,0.615435,0.181618,0.216817,0.186042,0.609622,-1.514522,0.899771,0.632323,0.129260,-1.663161,0.672981,-1.144363,0.021723,0.588560,0.210911,-1.119202,-1.206650,0.391212,0.485344,382.661350,1.358950,-1.223952,0.477951,0.146931,1.695846,-0.789115,-0.998560,0.526738,0.168006,0.199049,0.685068,1.166381,0.764753,-0.714425,0.263404
-0.523102,0.604794,0.675349,0.285096,0.452473,0.666199,-1.525205,0.370241,0.805956,0.309529,0.250636,0.509199,0.776636,0.814032,0.315913,0.372700,0.258299,0.710821,-1.870791,0.841352,0.614261,-0.384516,-1.742587,0.514786,-0.991486,-0.528659,0.812705,0.365642,0.419518,-0.666421,1.278727,0.247591,278.830002,1.567847,-1.173886,0.404131,0.339590,1.535839,-0.688950,0.256684,0.254881,0.277951,0.565283,0.092247,1.310915,1.221813,-1.049298,0.975285
-0.033067,0.620538,2.093186,0.035613,0.316049,0.478468,-1.218451,0.362526,0.498892,0.020180,0.060987,0.352014,0.405349,-0.176021,0.237342,0.063385,0.032116,0.504146,-1.291717,0.626079,-0.068470,0.172037,-1.235906,-0.089460,-0.181382,0.159954,0.635182,0.139018,-0.693542,-0.836518,0.317727,0.364135,844.900083,1.238892,-1.287736,0.047379,0.043581,1.398038,-0.247151,0.256684,0.214672,0.004912,0.400775,0.362688,0.419146,0.873235,0.565420,0.023265
-1.064593,0.684817,1.911446,0.286821,0.454202,0.396348,-1.165068,0.831084,-0.023067,0.112445,0.238313,0.390160,0.766896,0.858072,0.299790,0.191519,0.202034,0.467228,-0.841667,0.861017,-0.101824,-0.018396,-1.717715,0.068355,-1.622808,-0.165119,0.624884,0.276018,-1.011488,-1.465889,0.425553,0.485794,950.847058,0.659404,-1.267930,0.161275,0.223974,1.410957,-0.968658,-1.121853,0.630475,0.197749,0.432209,0.253425,1.371185,1.143640,-0.966648,0.651194
-1.064593,0.702355,0.946486,0.365183,0.492677,0.361543,-1.473539,0.644758,0.942157,0.156386,0.331108,0.398452,0.766896,0.858072,0.294733,0.269972,0.242093,0.666943,-1.656007,0.948324,0.894611,-0.186654,-1.678417,0.845538,-1.622808,-0.150145,0.704229,0.323084,-1.011488,-1.465889,0.434887,0.746902,474.584220,1.435676,-1.392847,0.510585,0.246092,1.699989,-0.968658,-1.272979,0.604097,0.234432,0.443164,0.684371,1.371185,0.825294,-0.966648,0.651194
-0.546682,0.498127,0.376554,0.282501,0.426667,0.604845,-1.424819,0.276953,0.838015,0.422882,0.228899,0.555836,0.805602,0.776843,0.346206,0.503587,0.315031,0.795169,-1.709052,0.875673,0.884977,-1.187943,-1.723265,0.578608,-0.609637,-0.990127,0.827258,0.467405,0.376781,-0.888916,1.929805,0.330346,168.470890,1.448513,-1.488503,0.386719,0.365270,1.308059,-0.618752,0.099952,0.195979,0.288417,0.497178,0.122055,1.192563,1.076835,-0.460204,0.943315
-0.119368,0.588572,2.011921,0.049527,0.328639,0.535605,-1.143735,0.353474,0.537549,0.023584,0.162554,0.409763,0.454367,-0.184397,0.255687,0.088658,0.018199,0.795169,-1.162530,0.626677,-0.113253,-0.261392,-1.461570,-0.146209,-0.225342,-0.026041,0.827258,0.205183,-0.525004,-0.810052,0.281768,0.348243,778.290734,1.143351,-1.212101,0.047135,0.048554,1.546767,-0.264206,0.274822,0.191528,0.003943,0.488821,0.335185,0.340894,0.564892,0.343775,0.073135
-0.243410,0.641867,1.518885,0.250204,0.432303,0.215341,-1.356604,0.557279,0.063021,0.105610,0.212753,0.304178,0.663459,0.757232,0.275797,0.136190,0.168431,0.302450,-1.251148,0.818947,0.238062,0.091277,-1.649399,0.241327,-1.280606,-0.109913,0.544824,0.299117,-0.792507,-1.215722,0.441614,0.364062,736.377362,1.014828,-1.536280,0.184485,0.166373,1.586139,-0.694179,-1.077497,0.648078,0.166463,0.411310,0.205117,0.866902,0.861109,-0.707256,0.407617
-0.243410,0.680565,0.686796,0.262557,0.458255,0.351718,-1.495181,0.315067,0.562406,0.177773,0.382128,0.465567,0.663459,0.757232,0.124137,0.194109,0.233767,0.914619,-1.688882,0.818947,1.039280,-0.570259,-1.558581,0.395680,-1.280606,-0.036003,0.601803,0.169243,-0.714128,-1.198014,0.441614,0.369155,367.773944,1.391132,-1.451404,0.476185,0.268732,1.417192,-0.811483,-1.090155,0.721705,0.263194,0.237378,0.390544,0.866902,0.961595,-0.707256,0.639430
-0.323346,0.503199,0.640870,0.189951,0.390123,0.571495,-1.468814,0.266847,0.514845,0.166321,0.263906,0.385425,0.709403,1.282170,0.345339,0.232656,0.346413,0.881152,-1.746524,0.834047,0.390037,-0.570259,-1.670879,0.044875,-0.513977,-0.669514,0.751828,0.458584,0.011310,-0.791031,0.737058,0.252701,255.575120,1.479258,-1.192779,0.165535,0.307981,1.535084,-0.383518,0.273324,0.243140,0.348451,0.685072,0.119289,2.160962,1.095980,-0.430661,0.857890
0.476474,0.749775,3.559618,0.029707,0.261044,0.271604,-1.394817,0.145136,0.220602,0.013289,0.043113,0.327374,0.377020,-0.135945,0.076955,0.044395,0.025409,0.557896,-1.579375,0.559712,-0.070574,0.031492,-1.347283,-0.062717,-0.206233,0.178301,0.572335,0.116051,-0.772087,-1.038230,0.351940,0.295736,1294.828195,1.432129,-1.073276,0.039318,0.045663,1.754438,-0.250035,0.339017,0.212968,0.007625,0.287984,0.283785,0.448193,0.845866,0.483347,0.048934
-0.855451,0.724796,2.201920,0.228494,0.398648,0.548787,-1.450178,0.709988,-0.238712,0.087305,0.231828,0.455894,0.645417,0.448016,0.294277,0.243430,0.175756,0.822590,-1.449217,0.884748,0.083209,-0.662831,-1.546406,-0.254716,-1.227343,-0.077025,0.611200,0.204478,-1.079081,-1.817232,0.371210,0.459827,982.981961,1.289562,-1.230883,0.154755,0.179444,1.715435,-0.792469,-0.962724,0.663338,0.131123,0.503360,0.241140,1.041054,1.033140,-0.744441,0.379936
-0.855451,0.581646,0.761905,0.250900,0.453533,0.611187,-1.422303,0.560637,0.726243,0.107385,0.314532,0.423929,0.645417,0.448016,0.171296,0.173145,0.126007,0.899031,-1.599446,0.920749,1.251245,-0.618146,-1.682021,0.449008,-1.227343,-0.000544,0.611200,0.205229,-1.058298,-1.817232,0.371210,0.405600,413.524418,1.371390,-1.457168,0.445345,0.160380,1.576783,-0.935530,-1.039239,0.526727,0.167654,0.428873,0.603349,1.041054,0.773100,-0.744441,0.232387
-0.653327,0.535382,0.588830,0.293083,0.448521,0.694616,-1.481383,0.337989,0.952634,0.244019,0.300654,0.496000,0.896314,1.160204,0.421846,0.428105,0.630818,1.867215,-1.700424,0.770654,1.074498,-1.058754,-1.673488,0.449008,-0.745226,-0.523503,0.843404,0.328581,0.544502,-0.707789,1.310036,0.218269,233.754379,1.536583,-1.519863,0.396813,0.385617,1.365103,-0.574426,0.113097,0.303373,0.428623,0.529966,0.091628,2.646525,1.130762,-0.651100,1.113930
0.304619,0.504816,2.831609,0.046129,0.283411,0.497091,-1.155439,0.190292,0.624607,0.010267,0.181567,0.458432,0.439410,-0.195267,0.225260,0.111792,0.015657,1.867215,-1.263844,0.596275,-0.100200,-0.213595,-1.396494,-0.046643,-0.279253,0.156874,0.731835,0.194215,-0.777283,-1.046639,0.284567,0.320943,1067.884382,1.219590,-1.217220,0.052841,0.033660,1.658733,-0.272949,0.113097,0.273814,0.002754,0.448350,0.454859,0.419003,0.687959,0.462544,0.133333
-0.701394,0.673259,2.062110,0.234010,0.395359,0.485405,-1.051500,0.655670,-0.281297,0.077340,0.135005,0.455413,0.731493,0.452630,0.313370,0.216747,0.183635,0.963840,-0.587058,0.816252,-0.100535,-0.276165,-1.652612,-0.166920,-1.059337,-0.124079,0.607394,0.186319,-1.162889,-1.494676,0.411743,0.437704,982.730042,0.570781,-1.362049,0.163349,0.170943,1.551101,-0.713107,-0.912374,0.593690,0.142101,0.626622,0.263039,1.210202,1.051275,-0.740646,0.406110
-0.701394,0.588960,0.800504,0.265316,0.499946,0.433322,-1.495061,0.472233,0.678756,0.161698,0.286762,0.419488,0.731493,0.452630,0.233208,0.187277,0.234552,1.262113,-1.646944,0.928711,1.363926,-0.717177,-1.353116,0.597657,-1.059337,-0.027845,0.626343,0.273602,-1.131938,-1.494676,0.411743,0.457156,410.464794,1.446644,-1.211834,0.508100,0.230514,1.604633,-0.871490,-0.976851,0.625901,0.202023,0.627412,0.634893,1.210202,0.821810,-0.740646,0.510657
-0.572685,0.659789,0.506026,0.297929,0.439627,0.607611,-1.550565,0.298789,0.674797,0.254278,0.350695,0.447633,0.781546,1.536734,0.264981,0.440536,0.526162,1.188651,-1.766916,0.756124,1.342261,-1.705984,-1.804004,0.585355,-0.802616,-0.672190,0.514429,0.325123,0.166055,-1.054581,1.551116,0.277315,205.617924,1.448111,-1.458682,0.359763,0.325506,1.373704,-0.588798,0.320007,0.267821,0.405752,0.560492,0.133897,1.995406,1.312767,-0.245220,0.819920
0.122430,0.669639,2.917252,0.044603,0.307393,0.466249,-1.231483,0.290787,0.328277,0.020002,0.205535,0.365503,0.382806,-0.195205,0.140573,0.118845,0.013994,1.031053,-1.370490,0.550062,-0.076577,-0.085791,-1.216050,-0.066060,-0.218028,0.165181,0.621918,0.154330,-0.805131,-0.852643,0.277648,0.314970,1107.214615,1.323557,-1.201134,0.036279,0.041010,1.577490,-0.258084,0.320007,0.205527,0.002618,0.280362,0.351786,0.384168,0.796554,0.583050,0.010681
-0.730111,0.682300,1.973883,0.204714,0.418689,0.432897,-1.618844,0.685835,-0.138542,0.082382,0.127255,0.393211,0.705515,0.478835,0.298135,0.172740,0.139764,0.696410,-1.817118,0.842418,-0.076577,-0.192877,-1.410893,-0.062327,-1.155940,-0.066796,0.517999,0.142589,-1.156296,-1.276034,0.418875,0.458795,956.382051,1.503347,-1.324244,0.144351,0.172832,1.793641,-0.724731,-0.953649,0.612278,0.147302,0.413084,0.255849,0.974210,1.044365,-0.790016,0.335007
-0.730111,0.620203,0.969570,0.355488,0.461238,0.356286,-1.538254,0.450144,0.700425,0.145966,0.287548,0.394348,0.705515,0.478835,0.141931,0.202310,0.201390,0.848935,-1.867526,0.902044,1.044569,-0.509325,-1.295925,0.792046,-1.155940,-0.021468,0.607929,0.233366,-1.065020,-1.275086,0.418875,0.420873,519.850506,1.510657,-1.249109,0.481348,0.231070,1.643838,-0.894911,-1.051023,0.644884,0.207219,0.303918,0.570884,0.974210,0.814526,-0.790016,0.462224
-0.728020,0.586864,0.744847,0.278581,0.413313,0.685676,-1.552141,0.314146,0.698975,0.283323,0.365345,0.433391,0.860774,0.913751,0.297224,0.410287,0.427786,1.029055,-1.811679,0.873120,0.700557,-1.175455,-1.557743,0.447530,-0.682674,-1.254825,0.577776,0.521290,0.192783,-0.741856,1.740072,0.260360,319.307596,1.543629,-1.336229,0.267127,0.394137,1.431811,-0.583697,0.252836,0.277495,0.337730,0.575312,0.114884,1.898570,1.266267,-0.572947,1.390294
0.222180,0.613811,2.105589,0.022630,0.306843,0.333372,-1.248284,0.328937,0.416750,0.022936,0.097100,0.357288,0.407388,-0.197499,0.191305,0.077954,0.013318,0.487776,-1.349947,0.540619,-0.048180,0.253012,-1.195054,-0.093458,-0.194673,0.181764,0.783157,0.061686,-0.783962,-0.741856,0.286237,0.343148,778.239370,1.294073,-1.071777,0.039156,0.047925,1.856151,-0.254240,0.252836,0.184601,0.004143,0.368461,0.341878,0.389829,0.807000,0.615838,0.063538
-0.708751,0.630097,1.773437,0.273643,0.435829,0.466688,-1.537814,0.762107,-0.298092,0.103462,0.174316,0.405383,0.728501,0.678004,0.315834,0.179965,0.180779,0.583762,-1.663644,0.926396,-0.153219,-0.122016,-1.524959,0.174827,-1.447744,-0.152354,0.606205,0.237603,-1.112735,-1.329037,0.450705,0.442816,789.915001,1.428882,-1.397995,0.153645,0.193050,1.459216,-0.824376,-0.983177,0.592520,0.177146,0.682394,0.236464,1.206975,1.176892,-0.657493,0.476827
-0.708751,0.654576,0.673179,0.247639,0.484233,0.343910,-1.603665,0.478248,0.606836,0.144400,0.287206,0.506847,0.728501,0.678004,0.201675,0.233106,0.255092,0.892340,-1.800259,0.926396,0.936840,-0.394881,-1.527759,0.649816,-1.447744,-0.026822,0.730895,0.178184,-1.090789,-1.329037,0.450705,0.485593,355.449280,1.468342,-1.469312,0.494608,0.265635,1.524409,-0.842660,-1.080866,0.674674,0.238996,0.683471,0.582226,1.206975,0.882380,-0.657493,0.664621
-0.886010,0.579786,0.547047,0.337083,0.443968,0.847989,-1.459322,0.399379,0.667393,0.291433,0.360633,0.705340,0.826266,1.675403,0.323428,0.567020,0.441801,1.174299,-1.439993,0.794353,0.751364,-0.706038,-1.812597,0.389328,-0.958005,-0.390055,0.581806,0.374166,0.260926,-1.132397,1.713046,0.265899,242.892649,1.305644,-1.404327,0.307656,0.387249,1.455384,-0.619270,0.189776,0.321858,0.389932,0.474668,0.105059,2.104997,1.394695,-0.904699,0.995491
0.245747,0.514564,1.847994,0.026142,0.303820,0.310492,-1.234537,0.330385,0.353374,0.022597,0.169664,0.315989,0.368293,-0.193547,0.156963,0.087832,0.012848,0.633930,-1.348430,0.546039,-0.077544,-0.152723,-1.510106,-0.108381,-0.157670,0.153623,0.595405,0.238712,-0.787605,-0.789182,0.278916,0.340271,710.499336,1.093254,-1.335958,0.032630,0.054536,1.590747,-0.253188,0.194452,0.182067,0.003684,0.236891,0.337064,0.356031,0.749181,0.505051,0.073680
-0.404273,0.605135,1.584758,0.237014,0.430283,0.470599,-1.611882,0.688126,-0.276715,0.097397,0.163019,0.381090,0.750076,0.434562,0.306413,0.147312,0.172887,0.697945,-1.818305,0.924931,-0.033999,0.132848,-1.521556,0.263740,-1.454333,-0.093816,0.551442,0.189911,-1.236347,-1.249134,0.446406,0.412737,753.768343,1.435457,-1.529780,0.143906,0.184678,1.575505,-0.649935,-0.920720,0.540553,0.141308,0.469849,0.291952,1.159841,1.053661,-0.777201,0.361714
-0.404273,0.576215,1.172346,0.369438,0.455893,0.300844,-1.571172,0.446930,0.605584,0.151644,0.217535,0.389443,0.750076,0.434562,0.163218,0.316065,0.314060,0.613348,-1.832617,0.970364,0.597443,0.132848,-1.463334,1.006343,-1.454333,-0.053679,0.586527,0.176699,-1.218180,-1.034032,0.446406,0.526202,614.754793,1.523312,-1.385946,0.477588,0.231355,1.909763,-0.790473,-1.019628,0.568832,0.184588,0.306045,0.613467,1.159841,0.825797,-0.777201,0.534339
-0.494920,0.576094,0.455601,0.326482,0.383094,0.556312,-1.744241,0.224462,0.545123,0.332610,0.320573,0.541559,0.706404,0.746027,0.282383,0.500019,0.335800,0.613348,-2.016483,0.759536,0.437955,-0.809189,-1.565032,0.496958,-0.697360,-0.681681,0.692319,0.276469,0.176824,-0.920229,1.395336,0.344208,194.098641,1.623003,-1.650729,0.288512,0.321609,1.242392,-0.476817,0.360871,0.163669,0.277750,0.492981,0.101638,1.413446,1.108499,-0.217014,0.855983
0.166063,0.693818,1.697725,0.021239,0.296444,0.326219,-1.182332,0.316047,0.259808,0.020748,0.084772,0.237638,0.402903,-0.191162,0.153701,0.056664,0.015304,0.107683,-1.306587,0.552838,-0.100086,0.013819,-1.339789,-0.152021,-0.162120,0.197233,0.598156,0.148871,-0.491795,-0.711167,0.285144,0.325515,667.104343,1.221016,-1.135872,0.042919,0.041060,1.375213,-0.253714,0.409066,0.150505,0.003303,0.349179,0.242881,0.381715,0.696072,0.514513,0.067090
-0.363974,0.652172,1.451274,0.324939,0.415415,0.418938,-1.378972,0.652213,0.182790,0.111092,0.221707,0.239637,0.648266,0.747781,0.376203,0.164392,0.194427,0.150420,-1.440214,0.876576,-0.005440,0.149286,-1.398098,0.230236,-1.519623,-0.118828,0.653557,0.246737,-0.782236,-1.435154,0.452256,0.411272,712.073829,1.262108,-1.508428,0.163707,0.177875,1.388750,-0.702604,-0.931181,0.599131,0.189051,0.561206,0.245795,0.867996,0.858481,-0.768520,0.363102
-0.363974,0.597955,0.629437,0.311736,0.469278,0.427623,-1.372311,0.347854,0.727841,0.182574,0.375762,0.389410,0.648266,0.747781,0.176836,0.180501,0.272340,0.785442,-1.477800,0.880322,1.016116,-0.461612,-1.387589,0.447395,-1.519623,-0.101067,0.653557,0.211412,-0.741661,-1.435154,0.452256,0.433530,343.693127,1.288046,-1.471206,0.495684,0.305497,1.761021,-0.825194,-0.954025,0.661018,0.273861,0.474941,0.464660,0.885172,0.784767,-0.768520,0.745740
-0.666156,0.564937,0.587454,0.283250,0.414615,0.588095,-1.418113,0.351629,0.674050,0.242108,0.237997,0.487545,0.777330,1.030741,0.394116,0.355288,0.405291,1.100640,-1.559907,0.880322,0.826570,-0.662248,-1.585529,0.275316,-0.726921,-0.327518,0.679909,0.507971,0.086941,-0.585512,1.390462,0.157523,253.315785,1.251016,-1.393176,0.288502,0.382575,1.417157,-0.581899,0.240105,0.301439,0.385645,0.629247,0.138192,2.340679,1.208460,-1.068446,0.934361
0.316189,0.629258,2.364537,0.017323,0.280400,0.259455,-1.232693,0.236715,0.326456,0.013966,0.076106,0.298217,0.369633,-0.191668,0.084728,0.048290,0.011386,0.655296,-1.230616,0.531291,-0.096994,0.060209,-1.217323,-0.085358,-0.153041,0.185766,0.579346,0.160361,-0.769685,-0.919390,0.278719,0.268544,789.508211,1.113576,-1.153518,0.031297,0.034273,1.252992,-0.252754,0.245982,0.198853,0.003592,0.144574,0.321763,0.346748,0.635915,0.555472,0.065243
-0.461096,0.655288,1.119600,0.382883,0.431928,0.392582,-1.459240,0.561014,0.585654,0.100822,0.207874,0.325491,0.634255,0.292808,0.319356,0.199823,0.136008,0.365235,-1.698434,0.930336,0.675799,-3.599538,-1.592176,0.467608,-1.145148,-0.092156,0.566375,0.214157,-0.927493,-1.347000,0.411300,0.595088,609.565806,1.386893,-1.393815,0.431779,0.191539,1.766121,-0.761726,-0.989122,0.689720,0.113788,0.454913,0.550527,0.813155,0.817024,-0.660345,0.369666
-0.831501,0.621560,0.513549,0.202633,0.301394,0.369854,-1.386151,0.312486,0.453421,0.089744,0.271368,0.356984,0.644485,1.169438,0.243711,0.265142,0.266127,0.883214,-1.506462,0.632112,0.249133,-0.573663,-1.665754,-0.085477,-0.721663,-0.444658,0.521317,0.321500,-0.217566,-0.700929,0.310125,0.172710,295.940531,1.334515,-1.285769,0.121457,0.207836,1.360392,-0.302023,0.444664,0.111950,0.192766,0.343748,0.218244,1.598682,1.023704,-0.008438,0.619731
0.493427,0.818222,0.414534,0.005865,0.181591,0.086578,-0.873546,0.022383,-0.464564,0.007086,0.027007,0.086570,0.191995,-0.203985,0.038396,0.019492,0.004503,0.012368,-1.014621,0.513906,-0.100589,0.317437,-1.284978,-0.165428,-0.124281,0.204303,0.441417,0.039280,-0.623156,-0.632132,0.268973,0.016376,198.227248,0.942078,-1.084038,0.008152,0.023440,1.203527,-0.243783,0.786068,0.019486,0.001360,0.085419,0.041834,0.363209,0.589063,0.179731,0.000400
0.575072,0.916160,4.069238,0.033749,0.218055,0.240389,-1.335476,0.066419,-0.644476,0.011299,0.088290,0.396129,0.261819,-0.150667,0.050200,0.122449,0.026205,0.392181,-1.396663,0.522666,-0.027592,0.223175,-1.150541,-0.277856,-0.168838,0.115475,0.480777,0.078956,-1.204132,-2.031768,0.289400,0.056779,1319.850178,1.209570,-1.234980,0.027564,0.027310,1.956706,-0.249555,0.780920,0.037869,0.007429,0.131242,0.172994,0.311728,0.720469,0.178066,-0.030158
-0.533638,0.574447,0.888877,0.357801,0.292299,0.599999,-1.516399,0.217929,0.535363,0.201495,0.421720,0.531943,0.808445,1.898307,0.342531,0.321742,0.524290,1.446947,-1.886066,0.995277,1.022485,-1.693291,-1.557015,0.134556,-1.215556,-1.105305,0.588628,0.266954,-0.214215,-0.666452,0.444731,0.217460,466.154484,1.616579,-1.301895,0.165179,0.268212,1.197847,-0.339920,0.286411,0.186717,0.394305,0.537865,0.221782,2.555545,0.889436,-0.463947,0.925501
0.309822,0.904427,0.416725,0.009915,0.158158,0.220907,-0.985939,0.032466,-0.413038,0.007960,0.040335,0.165458,0.184924,-0.200841,0.161763,0.019101,0.006008,0.006832,-1.279373,0.525184,-0.037017,0.373629,-1.249072,-0.172526,-0.132574,0.198609,0.780373,0.063005,-0.550466,-0.770405,0.274295,0.051427,178.864225,0.983000,-1.132280,0.012969,0.022390,1.351636,-0.243318,0.804496,0.051827,0.001718,0.196047,0.044829,0.352581,0.705942,0.157301,0.007995
0.715027,0.758100,0.369766,0.053375,0.192476,0.133594,-1.516953,0.085755,-0.211554,0.014898,0.124696,0.338109,0.244984,-0.189587,0.076723,0.052400,0.021199,0.702699,-1.632961,0.528423,-0.063972,0.059694,-1.617371,0.010970,-0.102437,0.192977,0.426965,0.132339,-0.370569,-0.614843,0.279708,0.094166,153.935929,1.415947,-1.454890,0.016676,0.052648,1.371713,-0.246410,0.694491,0.035583,0.004964,0.273939,0.037882,0.376954,0.794825,0.134641,0.030008
0.182517,0.660281,2.006641,0.099078,0.332487,0.283058,-1.420385,0.394041,0.489106,0.096141,0.222521,0.344647,0.550838,0.532409,0.241981,0.179352,0.121198,-0.164072,-1.522205,0.725939,-0.055971,-3.602149,-1.669114,0.245395,-0.829121,-0.073452,0.643327,0.141009,-0.616447,-0.931651,0.465269,0.311010,739.029243,1.252474,-1.295810,0.169239,0.111134,1.600538,-0.698273,-0.571511,0.528056,0.145941,0.514344,0.298532,0.939880,0.824384,-0.512312,0.147805
0.182517,0.363888,0.641515,0.184519,0.317773,0.238596,-1.416551,0.291563,0.896047,0.145100,0.230062,0.388032,0.550838,0.532409,0.180199,0.218528,0.178425,0.563562,-1.567732,0.725939,0.786442,0.019964,-1.642905,0.431892,-0.829121,0.007035,0.643327,0.121581,-0.549798,-0.832806,0.465269,0.216497,322.773235,1.388354,-1.313528,0.354543,0.163156,1.559415,-0.700355,-0.571511,0.409870,0.193831,0.305452,0.475405,0.939880,0.663174,-0.512312,0.360707
-0.299804,0.412385,0.819983,0.324668,0.354434,0.437884,-1.248521,0.381216,0.895113,0.261689,0.350566,0.365818,0.873279,2.230195,0.284844,0.377083,0.410062,1.205998,-1.599957,1.318065,0.455890,-1.143906,-1.736398,0.254339,-0.659903,-0.365058,0.549152,0.390270,0.342750,-1.401329,0.707713,0.197555,320.330875,1.351446,-1.394474,0.237408,0.247753,1.478032,-0.539819,0.166778,0.174263,0.334001,0.460711,0.157452,2.047872,1.046194,-0.290545,0.613640
0.510094,0.555100,3.104250,0.022892,0.297438,0.382851,-1.301316,0.193407,0.642512,0.014084,0.188855,0.528353,0.399568,-0.183804,0.149636,0.112683,0.022264,1.205998,-1.454733,0.610412,-0.106525,0.171183,-1.409762,-0.083332,-0.223358,0.035807,0.602471,0.130468,-0.768329,-0.910269,0.281668,0.272106,1167.281743,1.311347,-1.232241,0.041604,0.025984,1.495487,-0.256293,0.166778,0.244627,0.005314,0.302974,0.420799,0.455048,0.705011,0.578153,0.029905
-0.871245,0.647871,1.986052,0.224644,0.432418,0.388628,-1.429415,0.755451,-0.150847,0.097479,0.129584,0.358575,0.777772,0.718503,0.304738,0.152278,0.164273,0.575600,-1.493534,0.785037,-0.129244,0.129493,-1.614198,0.082466,-1.272141,-0.083694,0.544528,0.257073,-1.153309,-1.165100,0.466727,0.317764,915.138161,1.320732,-1.335817,0.146124,0.177292,1.471343,-0.633275,-0.856108,0.523550,0.169437,0.473179,0.290056,1.077518,1.068874,-0.929539,0.479655
-0.871245,0.606159,0.773070,0.337783,0.549846,0.387481,-1.510587,0.543068,0.877097,0.192945,0.232928,0.348149,0.777772,0.718503,0.328421,0.269653,0.267246,0.575600,-1.771945,0.936820,0.794263,-0.167817,-1.771141,0.664472,-1.272141,-0.083694,0.658387,0.292057,-1.153309,-1.073854,0.466727,0.537443,366.724543,1.598372,-1.439020,0.578424,0.281000,1.107609,-0.994810,-1.049441,0.627957,0.212639,0.441579,0.738079,1.077518,0.767803,-0.929539,0.669986
-0.759797,0.534873,0.691772,0.387400,0.497748,0.684425,-1.572244,0.350275,0.795346,0.370071,0.378717,0.517747,0.920764,1.203763,0.340947,0.480787,0.340299,1.203368,-1.956394,0.857520,0.794263,-1.572802,-1.775475,0.621187,-0.691996,-0.958103,0.577880,0.446970,0.349524,-0.753824,2.059161,0.243357,272.675528,1.659110,-1.403517,0.465201,0.427186,1.256897,-0.785077,0.150763,0.290497,0.349638,0.626206,0.106962,1.712715,1.179706,-0.415449,1.379601
0.091000,0.555057,2.479942,0.045554,0.316969,0.462625,-1.022721,0.332760,0.499011,0.019792,0.143151,0.343985,0.436167,-0.183819,0.218384,0.107108,0.035807,0.829797,-0.875999,0.545658,-0.059433,0.124092,-1.205062,-0.096041,-0.317249,0.145427,0.666191,0.178588,-0.713688,-0.879256,0.300325,0.404831,892.287607,0.821409,-1.185173,0.056944,0.048478,1.515325,-0.250682,0.150763,0.243275,0.005853,0.408014,0.371704,0.542172,0.807246,0.405450,0.048536
-0.851679,0.646017,2.192158,0.343822,0.455639,0.531328,-1.350426,0.786109,-0.069301,0.109383,0.286557,0.449921,0.773195,0.841727,0.320782,0.210353,0.186467,0.701203,-1.351463,0.884696,-0.124052,0.092877,-1.561600,0.156660,-1.536370,-0.166854,0.664278,0.220548,-1.063453,-1.297673,0.466609,0.438530,985.425132,1.280934,-1.436876,0.160465,0.203105,1.550799,-0.904093,-1.149096,0.618322,0.200423,0.466161,0.256898,1.258194,1.167890,-0.914905,0.421986
-0.851679,0.696771,1.120974,0.390120,0.474434,0.498485,-1.464229,0.623535,0.950755,0.157724,0.415148,0.444994,0.773195,0.841727,0.272798,0.303368,0.255710,0.701203,-1.794370,0.973362,0.805999,-0.302349,-1.618468,0.758555,-1.536370,-0.146772,0.699423,0.256831,-1.063453,-1.297673,0.466609,0.689865,545.205363,1.562631,-1.396875,0.489813,0.217271,1.863558,-0.904093,-1.255323,0.587174,0.228772,0.474525,0.688880,1.258194,0.847165,-0.914905,0.417561
-0.449242,0.498649,0.646899,0.214628,0.394585,0.611770,-1.625717,0.305312,0.805425,0.346186,0.335194,0.469731,0.753118,0.638185,0.321527,0.387501,0.257334,0.834762,-1.869097,0.836236,0.722124,-0.706591,-1.641962,0.283721,-0.738948,-0.963641,0.755562,0.491745,0.136362,-1.027254,1.523917,0.375305,267.659374,1.638018,-1.450915,0.320202,0.329844,1.342489,-0.521754,0.200173,0.160203,0.239531,0.549060,0.143648,1.326335,1.314210,-0.143047,0.889152
0.075530,0.652488,2.286812,0.034400,0.306976,0.255306,-1.285436,0.330981,0.307667,0.021548,0.069108,0.267536,0.415085,-0.188507,0.209924,0.065705,0.018451,0.385584,-1.363377,0.547497,-0.064489,0.310498,-1.402982,-0.041153,-0.199580,0.190273,0.677434,0.153277,-0.690077,-0.925270,0.280462,0.347202,835.684474,1.323534,-0.995389,0.048965,0.042903,1.395673,-0.260179,0.313610,0.187979,0.004992,0.369287,0.308550,0.371320,0.720392,0.587295,0.050943
-0.815889,0.660788,1.801008,0.251503,0.431219,0.473746,-1.511868,0.766032,-0.110641,0.104906,0.165381,0.457617,0.705448,0.667436,0.267256,0.181824,0.191272,0.714796,-1.662929,0.881945,-0.129685,0.005131,-1.524322,0.072143,-1.458949,-0.138257,0.539033,0.179489,-1.009169,-1.478792,0.435255,0.453644,853.706546,1.439406,-1.363224,0.162985,0.200244,1.366021,-0.872646,-1.026083,0.621334,0.182430,0.453301,0.225701,1.512619,1.026659,-0.770482,0.506085
-0.815889,0.648960,0.795209,0.290506,0.504112,0.332881,-1.522854,0.483025,0.667313,0.186419,0.343932,0.357265,0.705448,0.667436,0.207740,0.217099,0.278681,0.782540,-1.778060,0.881945,1.228355,-0.614054,-1.500870,0.578424,-1.458949,-0.085931,0.632073,0.215965,-0.995536,-1.478792,0.435255,0.547770,404.570672,1.525758,-1.365002,0.530778,0.298536,1.675020,-0.881632,-1.083325,0.684290,0.257327,0.444426,0.558013,1.512619,0.814833,-0.770482,0.628051
-0.692261,0.565491,0.611052,0.263151,0.438452,0.683692,-1.567981,0.304627,0.660690,0.247995,0.340718,0.394377,0.842476,0.957663,0.343351,0.328205,0.425423,0.953227,-1.753636,0.812128,1.228355,-1.192729,-1.545990,0.428904,-0.759391,-0.733667,0.667366,0.391938,0.203909,-0.897885,1.169869,0.256289,265.763318,1.488337,-1.457142,0.341185,0.381694,1.527472,-0.558468,0.182355,0.296134,0.361717,0.544139,0.119821,1.531169,1.128660,-0.238579,1.084629
0.145621,0.591152,2.917048,0.020762,0.284402,0.460319,-1.085090,0.239379,0.314424,0.014461,0.160164,0.245806,0.365451,-0.193629,0.150428,0.091553,0.010112,0.928921,-1.026460,0.578873,-0.088859,-0.101523,-1.273354,-0.113954,-0.159219,0.170651,0.634381,0.198256,-0.741087,-1.098813,0.275326,0.280010,1140.021100,1.013405,-1.287123,0.032967,0.045728,1.521651,-0.250245,0.182355,0.213866,0.003581,0.319830,0.319703,0.359257,0.651924,0.568611,0.048154
-0.587893,0.666582,1.844454,0.263015,0.397916,0.572385,-1.438833,0.620905,-0.105293,0.087757,0.167421,0.463526,0.676797,0.564483,0.312247,0.227107,0.162058,0.848202,-1.575968,0.896329,-0.118043,-0.276547,-1.607482,-0.253510,-0.992735,-0.163916,0.670359,0.226766,-1.041026,-1.735211,0.383269,0.416238,906.644785,1.337258,-1.320239,0.167712,0.182318,1.498495,-0.746822,-0.975616,0.622925,0.157123,0.499039,0.254492,1.132234,1.056983,-0.737417,0.392777
-0.587893,0.629475,0.873634,0.246851,0.458925,0.417294,-1.485861,0.438640,0.593778,0.142158,0.296286,0.393525,0.676797,0.564483,0.151578,0.192086,0.177674,1.050615,-1.637274,0.903931,1.383886,-0.649394,-1.583429,0.510974,-0.992735,-0.026317,0.670359,0.269633,-0.923316,-1.735211,0.383269,0.331167,475.357329,1.355376,-1.319578,0.456814,0.215260,1.753900,-0.845248,-1.037075,0.651452,0.221440,0.371474,0.514943,1.132234,0.831217,-0.737417,0.476628
-0.666967,0.527098,0.499042,0.324729,0.425957,0.788541,-1.264981,0.384024,0.764153,0.248409,0.358963,0.459740,0.853753,1.428409,0.271492,0.413466,0.613328,1.405833,-1.053200,0.846293,0.923843,-1.211853,-1.637035,0.457655,-0.994225,-0.535503,0.416127,0.406782,0.316055,-0.651517,1.253423,0.201182,211.028670,0.742482,-1.387509,0.276844,0.374517,1.385155,-0.503644,0.095720,0.351331,0.413068,0.505878,0.089921,2.858248,1.279501,-1.262785,1.133825
0.554746,0.519619,2.716146,0.026140,0.254690,0.425551,-1.010969,0.152838,0.502983,0.007978,0.128439,0.276096,0.328823,-0.186200,0.147587,0.087614,0.009986,0.523580,-0.925175,0.538131,-0.117463,-0.225468,-1.333607,-0.102393,-0.206513,0.163165,0.541851,0.177268,-0.842996,-1.235027,0.279034,0.261912,970.892573,0.927787,-1.277577,0.026189,0.042132,1.547607,-0.261677,0.126162,0.258333,0.002752,0.154548,0.411425,0.334073,0.650155,0.526843,0.043301
-0.662275,0.654970,2.106458,0.316517,0.369889,0.452424,-1.468283,0.663089,-0.446637,0.069119,0.206922,0.391814,0.643139,0.478621,0.311219,0.224385,0.196894,1.113456,-1.528248,0.754082,0.383402,-0.210116,-1.467982,-0.202870,-1.022828,-0.040016,0.669983,0.155822,-1.324371,-1.694268,0.376229,0.389846,935.300075,1.258943,-1.243468,0.128510,0.129173,1.697711,-0.577412,-0.730077,0.521512,0.123964,0.661351,0.271576,1.094642,0.906225,-0.718118,0.259732
-0.662275,0.542409,0.590160,0.382401,0.491861,0.350576,-1.491018,0.453646,0.697638,0.171292,0.260189,0.464518,0.643139,0.478621,0.220130,0.196200,0.246260,1.362289,-1.680343,0.843557,1.620729,-0.746032,-1.545486,0.852019,-1.022828,0.019334,0.669983,0.275368,-1.324371,-1.526949,0.376229,0.427499,320.147072,1.372114,-1.258755,0.507131,0.227705,1.236018,-0.858158,-0.876587,0.593804,0.180564,0.499752,0.706430,1.094642,0.765029,-0.718118,0.529759
-0.486168,0.686264,0.561396,0.274377,0.451234,0.610535,-1.308356,0.250589,0.648536,0.247701,0.378887,0.421965,0.784797,1.213816,0.289319,0.375215,0.455398,1.428178,-1.318983,0.823819,1.620729,-1.546786,-1.741698,0.852019,-0.603037,-0.616985,0.613567,0.375077,0.029972,-0.771653,1.140060,0.231901,233.015223,1.225419,-1.047429,0.390137,0.332452,1.568629,-0.617130,0.354634,0.282678,0.374670,0.635015,0.152334,1.812056,1.368568,-0.585627,0.698145
0.031573,0.742912,2.423413,0.019749,0.307624,0.382124,-1.219313,0.291472,0.253690,0.022473,0.157388,0.234645,0.447828,-0.193643,0.225169,0.110055,0.013341,0.374747,-1.252356,0.536408,-0.095998,0.187212,-1.225934,-0.068923,-0.147051,0.180142,0.858328,0.132242,-0.863402,-0.845622,0.280000,0.357388,870.772645,1.198210,-1.005822,0.062740,0.067166,1.429781,-0.251207,0.354634,0.223770,0.004147,0.347140,0.341706,0.367043,0.772496,0.485755,0.074270
-0.912419,0.705028,1.903717,0.261703,0.436091,0.465291,-1.287452,0.767918,-0.233254,0.085131,0.128925,0.461529,0.704217,0.515964,0.263839,0.173134,0.155811,0.960715,-1.440868,0.862100,-0.101262,-0.126062,-1.548398,-0.061971,-1.181159,-0.047803,0.558994,0.173401,-1.136465,-1.305714,0.375890,0.493831,882.244179,1.352647,-1.273576,0.150677,0.163194,1.375567,-0.673443,-0.933758,0.646671,0.138586,0.410897,0.230609,1.133845,1.136775,-0.717278,0.345441
-0.912419,0.659406,0.604936,0.321470,0.488947,0.362541,-1.584765,0.475213,0.666489,0.151962,0.275570,0.364429,0.704217,0.515964,0.160413,0.237598,0.274889,1.032814,-2.008413,0.891065,1.138876,-0.294980,-1.494887,0.588425,-1.181159,-0.023323,0.635026,0.199816,-1.114775,-1.303647,0.375890,0.424716,331.059417,1.737958,-1.269996,0.501502,0.290686,1.549777,-0.991770,-1.005306,0.703876,0.227317,0.254397,0.566923,1.133845,0.841700,-0.717278,0.675746
-0.723200,0.622151,0.485718,0.293150,0.427928,0.650314,-1.557774,0.354380,0.531653,0.234810,0.263820,0.465692,0.785247,1.305856,0.284706,0.451804,0.410357,1.032764,-1.798450,0.827508,0.724136,-0.634188,-1.741587,0.404421,-0.671230,-0.625640,0.580958,0.494154,0.024230,-0.836607,1.325004,0.253871,206.724659,1.538532,-1.269430,0.273626,0.371582,1.360572,-0.589619,0.296932,0.301101,0.385808,0.640079,0.128896,2.171918,1.244951,-0.767571,0.950490
0.326343,0.668483,2.100694,0.033505,0.298388,0.344369,-1.228668,0.292045,0.249930,0.024660,0.047083,0.350361,0.400873,-0.190911,0.111628,0.050363,0.013142,0.389589,-1.327081,0.546339,-0.070608,0.102749,-1.367598,-0.123370,-0.200494,0.190685,0.678303,0.155858,-0.779095,-0.841400,0.283871,0.318491,721.084151,1.238866,-1.198023,0.047982,0.054721,1.608584,-0.251181,0.330271,0.174799,0.004234,0.339302,0.288070,0.381389,0.899212,0.551911,0.059659
-0.476758,0.639679,1.705072,0.287651,0.422316,0.474227,-1.544591,0.672527,-0.395397,0.084404,0.168060,0.363200,0.639009,0.571448,0.305514,0.169222,0.175936,0.314291,-1.663907,0.875303,-0.141883,-0.153959,-1.595156,0.138546,-1.169501,-0.184928,0.552243,0.229301,-1.145007,-1.379820,0.418453,0.429338,723.911260,1.368812,-1.510253,0.151484,0.157196,1.690627,-0.737824,-0.917452,0.591172,0.153654,0.446525,0.208718,1.223555,1.131458,-0.569191,0.362225
-0.476758,0.555651,0.711019,0.279589,0.425214,0.340243,-1.561759,0.429520,0.490134,0.111368,0.259325,0.465835,0.639009,0.571448,0.167841,0.208166,0.218411,0.784536,-1.892293,0.875995,1.136321,-0.258478,-1.539876,0.635501,-1.169501,-0.025758,0.668131,0.142111,-1.060415,-1.379820,0.418453,0.403032,376.748956,1.566846,-1.625413,0.428760,0.182753,1.412312,-0.748041,-0.949281,0.568478,0.183909,0.272840,0.539240,1.223555,0.832300,-0.569191,0.422149
-0.856713,0.561828,0.911172,0.363788,0.417791,0.658885,-1.477683,0.435407,0.586646,0.207139,0.378254,0.613883,0.773118,1.262195,0.364452,0.533812,0.394266,1.415852,-1.645208,0.773483,0.715962,-0.448569,-1.592750,0.493891,-1.114964,-0.782534,0.671302,0.388671,0.262502,-0.861656,1.154613,0.164321,368.391642,1.442107,-1.599940,0.331089,0.379864,1.677534,-0.607525,0.183161,0.285006,0.339375,0.479918,0.076256,2.187470,1.229917,-1.553923,1.430863
0.124173,0.595546,2.306610,0.023592,0.292537,0.414700,-1.402185,0.289984,0.356138,0.017080,0.153677,0.412512,0.394382,-0.191328,0.159730,0.095156,0.014565,0.845713,-1.417509,0.535784,-0.099331,-0.148049,-1.343993,-0.120662,-0.160607,0.173130,0.656212,0.182040,-0.733071,-0.883011,0.282430,0.382779,788.126422,1.273010,-1.323816,0.042650,0.047502,1.634972,-0.253159,0.192690,0.217916,0.003006,0.248537,0.328075,0.339196,0.773411,0.590896,0.083350
-0.261014,0.672133,1.989497,0.313016,0.439463,0.413759,-1.566626,0.578692,-0.079820,0.095042,0.257186,0.336986,0.729221,0.399920,0.378612,0.119834,0.173345,0.379584,-1.786402,0.940319,0.324881,0.119642,-1.462393,0.480759,-1.167279,-0.113945,0.727282,0.239514,-1.043813,-0.991806,0.417932,0.427113,835.492310,1.481665,-1.542987,0.157294,0.187476,1.640286,-0.553029,-0.918475,0.610790,0.135895,0.427562,0.256747,0.978718,1.040762,-0.729016,0.359823
-0.261014,0.607301,1.215911,0.451865,0.455488,0.321992,-1.497128,0.424354,0.609874,0.181287,0.292811,0.329221,0.729221,0.399920,0.253798,0.317728,0.313543,0.379584,-1.654509,0.981687,0.585338,-0.143146,-1.530855,0.928136,-1.167279,-0.095988,0.727282,0.213525,-1.043813,-0.818930,0.432550,0.544698,582.965463,1.355508,-1.580809,0.494299,0.290461,1.651555,-0.799422,-1.024960,0.621120,0.210227,0.442404,0.545589,0.978718,0.889010,-0.729016,0.542713
-0.429933,0.531552,0.726196,0.246915,0.374986,0.476396,-1.533849,0.285714,0.485631,0.200516,0.202165,0.365411,0.681998,0.652345,0.250496,0.330733,0.221354,0.671226,-1.691278,0.747860,0.498464,-0.218731,-1.680622,0.418924,-0.578396,-0.694326,0.716068,0.385396,-0.051227,-0.961991,0.693038,0.278905,271.452703,1.400376,-1.496083,0.232877,0.295898,1.719934,-0.442072,0.343434,0.182684,0.240863,0.513513,0.147503,0.910773,1.235644,-0.334175,0.711261
0.337657,0.702973,2.249301,0.018798,0.287310,0.236517,-1.187652,0.281077,0.143555,0.017962,0.080526,0.201017,0.392625,-0.171950,0.102323,0.055835,0.015040,-0.157225,-1.139021,0.561413,-0.099664,0.198489,-1.192903,-0.146278,-0.156326,0.201154,0.550630,0.135167,-0.716596,-0.829251,0.279908,0.343623,874.983471,1.086430,-1.381776,0.045862,0.036161,1.568727,-0.247546,0.371759,0.177508,0.007836,0.228180,0.248690,0.408515,0.766339,0.533042,0.014795
-0.731231,0.674749,1.702044,0.208473,0.423161,0.357310,-1.326868,0.753153,-0.061069,0.083287,0.128066,0.380392,0.675460,0.527062,0.281249,0.139883,0.173587,0.437376,-1.312593,0.900767,-0.110688,-0.085218,-1.467467,-0.061635,-1.578437,-0.056879,0.493221,0.212409,-0.966299,-1.379700,0.416878,0.407996,853.412124,1.219236,-1.370950,0.153344,0.176970,1.566553,-0.902197,-0.959148,0.617689,0.166635,0.419151,0.220519,1.141094,0.914864,-0.738972,0.377270
-0.731231,0.629061,0.910485,0.231806,0.486132,0.358249,-1.489533,0.441944,0.674560,0.181607,0.261930,0.310851,0.675460,0.527062,0.103166,0.198042,0.257492,0.712107,-1.750132,0.912046,0.849844,-0.406935,-1.400963,0.580992,-1.578437,-0.021000,0.526097,0.256887,-0.950029,-1.379700,0.424211,0.506278,495.938535,1.530200,-1.201847,0.506772,0.311366,1.666671,-0.928433,-1.027349,0.677065,0.269095,0.307842,0.525641,1.141094,0.674326,-0.738972,0.757318
-0.610428,0.577412,0.450983,0.263464,0.405826,0.495094,-1.453844,0.313767,0.570239,0.241478,0.215481,0.313941,0.693785,0.916675,0.232880,0.370350,0.305425,0.935643,-1.739400,0.804628,0.849844,-0.530537,-1.595103,0.357070,-0.671648,-0.144080,0.509042,0.451988,0.090928,-0.820566,1.015032,0.232804,198.020846,1.465185,-1.286402,0.254935,0.315968,1.070599,-0.576540,0.250872,0.276082,0.316097,0.477573,0.121034,1.420782,1.033144,-0.738923,0.757318
0.345207,0.634164,2.405046,0.018574,0.282832,0.305284,-1.120330,0.244891,0.291932,0.016409,0.076199,0.386493,0.368149,-0.192816,0.073159,0.050970,0.014065,0.704949,-1.104760,0.526128,-0.085166,0.050141,-1.099045,-0.125760,-0.151861,0.200599,0.551690,0.128639,-0.738915,-1.176475,0.281694,0.252548,966.883963,1.093959,-1.232257,0.032639,0.029219,1.250398,-0.252045,0.358046,0.164519,0.002340,0.236681,0.302079,0.365599,0.731851,0.519768,0.037986
-0.549258,0.615723,0.972596,0.342762,0.426802,0.227096,-1.387809,0.387148,0.576792,0.152330,0.177553,0.330068,0.673839,0.374226,0.095980,0.229459,0.224479,0.616281,-1.384037,0.957795,0.803966,-0.501835,-1.479830,0.630582,-1.082205,0.030012,0.530035,0.180494,-1.040285,-1.068243,0.399650,0.339661,554.027086,1.209234,-1.252910,0.450864,0.262662,1.752652,-0.879779,-0.963862,0.657776,0.219233,0.322038,0.490635,0.945808,0.742075,-0.690348,0.542705
0.430203,0.954584,0.506019,0.007732,0.175252,0.167948,-0.939135,0.038124,-0.454263,0.008793,0.024693,0.161305,0.209478,-0.195940,0.136374,0.025471,0.007829,0.052829,-1.067212,0.543868,-0.097305,0.315568,-1.195711,-0.171930,-0.132755,0.210533,0.756372,0.083678,-0.736606,-0.708506,0.272707,0.014954,287.129593,0.950384,-1.160096,0.010736,0.025649,1.241523,-0.247376,0.830699,0.062186,0.002687,0.375038,0.088901,0.344010,0.643500,0.136270,-0.090973
0.554019,0.993284,0.420512,0.004289,0.179588,0.034074,-0.969282,0.029817,-0.666400,0.001600,0.009761,0.046953,0.182973,-0.199086,0.010710,0.011537,0.002955,0.120162,-1.136338,0.512474,-0.099920,0.334571,-1.100760,-0.144097,-0.111093,0.221411,0.361627,0.023142,-0.772901,-0.395647,0.270183,0.023641,207.774037,0.999074,-0.938907,0.001997,0.004872,1.239338,-0.241072,0.970460,0.007766,0.000878,0.068223,0.024494,0.332035,0.744603,0.158013,-0.115438
0.700212,0.951537,1.253987,0.006376,0.177599,0.169261,-0.969557,0.013310,-0.651241,0.005181,0.016386,0.107538,0.193181,-0.189821,0.037313,0.039311,0.009604,0.234791,-1.073252,0.527095,-0.110568,0.304973,-1.187611,-0.206918,-0.141892,0.222295,0.434882,0.049824,-0.963142,-1.140514,0.281361,0.045010,469.403402,0.977671,-1.251128,0.006161,0.017537,1.541261,-0.246003,0.889707,0.035611,0.001538,0.110696,0.087378,0.322969,0.736885,0.142903,-0.086611
0.092450,1.265092,0.373693,0.001699,0.187113,0.024897,-0.880677,0.021450,-0.592612,0.044310,0.001400,0.039295,0.188289,-1.212687,0.392872,0.156162,0.021299,-0.062381,-0.967732,-1.706831,-0.100264,0.392395,-1.268026,-0.173338,-0.108091,2.511783,27.836636,0.046039,-0.714923,-0.370731,0.368990,0.026186,221.243895,0.904807,-1.031845,0.000774,0.002923,0.934674,-0.240127,1.231164,0.015922,0.015013,0.026754,0.031428,1.890380,-6.768509,0.160353,0.066276
0.067166,1.289733,0.480603,0.030983,0.188947,0.110688,-0.833682,0.023777,-0.485008,0.044310,0.044757,0.119825,0.190704,-0.867705,0.392872,0.156162,0.021299,0.055324,-0.999902,-0.946539,-0.047145,0.306150,-1.067718,-0.153116,-0.150529,1.726565,18.808962,0.046039,-0.580850,-0.542685,0.335595,0.016591,263.632887,0.837661,-1.342349,0.001124,0.002923,1.287902,-0.241687,1.273963,0.006066,0.015013,0.198734,0.019446,1.400953,-4.248050,0.150505,-0.000892
0.156639,1.294325,0.733690,0.031803,0.188890,0.025605,-0.777159,0.018937,-0.523497,0.035457,0.044197,0.115612,0.192470,-0.522620,0.314376,0.124960,0.017044,0.243269,-0.894119,-0.186019,-0.014438,0.352443,-0.907928,-0.167298,-0.123296,0.941111,9.506650,0.036841,-0.575222,-0.402636,0.301185,0.031778,290.496878,0.791999,-0.908105,0.002251,0.002339,1.414561,-0.240303,1.264911,0.016116,0.012014,0.197535,0.010807,0.896636,-1.726832,0.132943,-0.070104
0.146327,1.296429,0.887648,0.045432,0.186993,0.024766,-0.919797,0.015510,-0.470575,0.004690,0.065137,0.186565,0.188237,-0.208735,0.040809,0.017348,0.003476,0.319709,-1.058864,0.503862,-0.000454,0.303566,-1.009440,-0.169854,-0.156966,0.229253,0.478975,0.008364,-0.544511,-0.500830,0.268033,0.046066,353.802162,0.988193,-0.805476,0.000774,0.001588,1.445444,-0.242391,1.260278,0.017844,0.001871,0.256670,0.017429,0.407208,0.582336,0.125175,-0.133078
0.435238,0.669649,1.557979,0.138179,0.368537,0.190194,-1.536300,0.329294,0.188987,0.066629,0.149318,0.203768,0.564806,0.116551,0.157802,0.110337,0.089037,-0.040579,-1.664129,0.665736,-0.088903,0.064539,-1.527740,0.184164,-0.610130,0.037431,0.389058,0.142000,-0.749008,-0.881619,0.387228,0.383388,604.678359,1.458286,-1.192761,0.115405,0.058135,1.870909,-0.425963,-0.658607,0.567739,0.064050,0.266301,0.250496,0.823106,0.640319,-0.538858,0.029664
0.230312,0.512123,0.481243,0.127942,0.327170,0.099175,-1.398240,0.226595,0.839098,0.110313,0.150436,0.357484,0.561898,0.116551,0.042448,0.110513,0.147071,0.629390,-1.464827,0.695086,0.465409,0.121360,-1.522756,0.462860,-0.610130,0.121485,0.425764,0.091146,-0.370077,-0.457642,0.387228,0.163472,254.270450,1.328284,-1.397987,0.334777,0.188707,1.488605,-0.638534,-0.750505,0.557138,0.152130,0.164835,0.379746,0.823106,0.555619,-0.538858,0.475125
-0.458393,0.484901,0.585151,0.181490,0.380999,0.288406,-1.535004,0.269424,0.770929,0.242141,0.176252,0.225991,0.601883,0.353400,0.263083,0.270218,0.184039,0.789578,-1.729578,0.695086,0.249620,-0.265074,-1.606348,0.058508,-0.442934,-0.335216,0.616435,0.222173,0.276343,-0.647289,1.078532,0.192406,238.364982,1.527616,-1.362433,0.122752,0.228645,0.931485,-0.324388,0.266130,0.221041,0.196567,0.474681,0.142806,0.986069,0.773663,-0.231292,0.727128
0.415216,0.640499,1.171249,0.031256,0.259451,0.154876,-1.569587,0.282024,0.331075,0.024624,0.077223,0.357957,0.287341,-0.199404,0.058156,0.054273,0.014949,0.219142,-1.511668,0.539961,-0.016145,0.390451,-1.421736,-0.126772,-0.130117,0.207278,0.503603,0.089573,-0.397868,-0.876800,0.274001,0.203042,443.611168,1.433996,-1.049578,0.017607,0.058992,1.630231,-0.242637,0.358313,0.132559,0.003943,0.214887,0.221126,0.444186,0.581617,0.464237,0.043453
0.517778,0.654791,1.423997,0.147194,0.368314,0.334805,-1.532821,0.336249,-0.020187,0.056270,0.171954,0.351639,0.562432,0.360199,0.328817,0.087634,0.147958,0.167487,-1.670149,0.734879,0.030630,-0.066560,-1.439704,0.066738,-1.051410,-2.071544,0.736215,0.642143,-0.779697,-0.986562,0.379230,0.316622,592.028026,1.460743,-1.405615,0.109827,0.292935,1.670368,-0.416238,-0.728015,0.504324,0.108279,0.475720,0.200711,1.131439,0.706733,-0.700611,0.175508
0.286280,0.559555,0.445327,0.226993,0.378368,0.175502,-1.390110,0.332350,0.724341,0.098740,0.163561,0.297482,0.562432,0.360199,0.120840,0.152653,0.193646,0.578680,-1.481258,0.742368,0.518926,-0.100362,-1.449727,0.655325,-0.954022,-2.071544,0.736215,0.694343,-0.697308,-0.435046,0.388810,0.223245,232.333320,1.264305,-1.504933,0.388718,0.349287,1.337069,-0.654320,-0.883717,0.595864,0.156514,0.208461,0.452827,1.131439,0.505758,-0.700611,0.569858
-0.650640,0.711563,0.366900,0.274701,0.381260,0.384016,-1.487776,0.338855,0.693832,0.275027,0.271519,0.414082,0.664673,0.480297,0.292877,0.457300,0.289122,0.794833,-1.575983,0.743704,0.373576,-0.259234,-1.649407,0.305863,-1.407861,-0.222435,0.645433,0.360488,0.271458,-1.167221,1.153315,0.235872,172.167963,1.417216,-1.366272,0.198010,0.289111,1.090795,-0.448355,0.485545,0.203814,0.228255,0.736636,0.101690,1.667501,0.949079,-0.589045,0.650642
0.090275,0.731392,2.453966,0.024827,0.336594,0.086642,-1.289724,0.411386,0.317145,0.043552,0.049170,0.152861,0.396855,-0.179633,0.071823,0.052661,0.019349,0.015722,-1.277545,0.558175,-0.096240,0.505084,-1.306276,-0.113254,-0.320249,0.186928,0.515353,0.099150,-0.456100,-0.615382,0.316771,0.257012,897.266050,1.223561,-1.256866,0.034658,0.078778,1.631069,-0.244653,0.565346,0.067990,0.003194,0.339955,0.228172,0.485451,0.677753,0.484423,0.063559
-1.070304,0.559578,1.678541,0.251820,0.410532,0.429397,-1.285812,0.927238,-0.303558,0.080370,0.142770,0.315704,0.622548,0.400142,0.265473,0.190476,0.148820,0.381021,-1.219613,0.872727,0.148378,-0.034732,-1.903509,0.030222,-0.933794,-0.070820,0.638507,0.181707,-0.998476,-1.363460,0.352571,0.451866,787.940032,1.073398,-1.239004,0.122167,0.131063,1.316455,-0.742480,-0.879555,0.542874,0.136483,0.572490,0.214874,1.065587,0.856734,-0.575683,0.178951
-1.070304,0.662988,0.423187,0.129394,0.318847,0.205933,-1.308506,0.661467,0.685835,0.062030,0.209191,0.182512,0.467824,0.400142,0.105614,0.123364,0.161703,0.381021,-1.382439,0.872727,0.623011,0.032089,-1.689639,0.520354,-0.933794,0.113831,0.638507,0.137503,-0.780319,-0.474370,0.352571,0.464873,229.802115,1.252645,-1.372121,0.259038,0.102682,1.165670,-0.751872,-1.042344,0.434014,0.146417,0.204460,0.479468,1.065587,0.652871,-0.643752,0.177579
-0.562167,0.588459,0.549706,0.257360,0.375005,0.475515,-1.719062,0.315693,0.638658,0.427218,0.264949,0.340330,0.654189,0.566380,0.252110,0.557632,0.296272,0.505594,-2.035816,0.888529,0.620806,-0.801450,-1.760398,0.182159,-0.594727,-0.719276,0.602090,0.449087,0.290377,-0.942325,1.748368,0.356449,231.054220,1.609568,-1.479606,0.201862,0.341090,1.400763,-0.399615,0.433792,0.125945,0.258782,0.424053,0.083556,1.419145,1.025792,-0.240557,1.071595
0.109960,0.727398,1.448497,0.075209,0.294916,0.227881,-1.322007,0.293045,0.285415,0.028497,0.088886,0.132215,0.337565,-0.186089,0.062212,0.042313,0.026846,-0.158527,-1.340017,0.550703,-0.039336,0.378418,-1.313122,-0.166274,-0.188842,0.211504,0.570532,0.050185,-0.448827,-0.635988,0.294470,0.194052,530.581908,1.213221,-1.027839,0.017823,0.051011,1.140398,-0.254552,0.528726,0.102696,0.002530,0.216945,0.218052,0.335484,0.607225,0.506183,0.049292
0.342097,0.620015,1.336221,0.287592,0.368701,0.316666,-1.476908,0.392792,0.082977,0.071154,0.146400,0.151127,0.597919,0.551466,0.261091,0.101324,0.132655,0.043742,-1.549768,0.784968,0.375985,0.327462,-1.605055,0.375674,-0.953762,-0.067224,0.558028,0.138546,-0.757534,-0.812729,0.373561,0.391120,573.859550,1.291402,-1.419941,0.187655,0.105034,1.502030,-0.614277,-0.862028,0.644267,0.099814,0.337505,0.202242,0.754199,0.630106,-0.459172,0.169025
0.186656,0.606338,0.654554,0.186508,0.293327,0.159640,-1.407453,0.239885,0.536499,0.081754,0.222115,0.306705,0.328893,-0.041033,0.067932,0.093093,0.122486,0.603532,-1.544218,0.784968,0.500779,0.083172,-1.238922,0.493028,-0.911760,0.124111,0.486666,0.081622,-0.336332,-0.500610,0.373561,0.155081,335.510845,1.334786,-1.512462,0.251988,0.168734,1.468244,-0.640638,-0.863432,0.656079,0.141561,0.096819,0.249039,0.635268,0.678169,-0.459172,0.333550
-0.667213,0.588156,0.462283,0.191277,0.401726,0.413838,-1.486743,0.314400,0.489722,0.226385,0.276793,0.308413,0.639869,0.256938,0.218623,0.285932,0.255802,0.639148,-1.648684,0.772938,0.269365,-1.048441,-1.664831,-0.106393,-0.398291,-0.727688,0.498335,0.460594,0.148696,-0.591405,0.854647,0.289562,198.731298,1.501498,-1.141885,0.103009,0.252664,1.293613,-0.261127,0.442055,0.152486,0.143179,0.650590,0.083794,1.027411,0.866464,-0.300813,0.873606
0.355621,0.709042,2.143410,0.044569,0.292808,0.085098,-1.197415,0.307919,0.146674,0.031097,0.103129,0.155152,0.317358,-0.184022,0.052577,0.039019,0.018329,0.167289,-1.010845,0.542371,-0.092121,0.195638,-1.337003,-0.166750,-0.155022,0.215431,0.478940,0.069172,-0.544770,-0.863714,0.288094,0.181659,696.407502,1.085980,-1.105918,0.016821,0.067074,1.463030,-0.251621,0.567566,0.071507,0.003706,0.154562,0.187725,0.326507,0.666379,0.431736,0.026703
-0.658728,0.575174,1.267116,0.208708,0.366121,0.307716,-1.391316,0.794308,-0.346816,0.049444,0.130252,0.295362,0.528415,0.076354,0.216422,0.110874,0.105026,0.439921,-1.579227,0.813606,0.193614,-0.295320,-1.763423,-0.290646,-0.692023,0.025493,0.500993,0.213561,-0.870593,-1.416880,0.312896,0.408398,532.141090,1.400613,-1.482935,0.099045,0.079675,1.347735,-0.560011,-0.891415,0.574798,0.063392,0.424237,0.168676,0.691936,0.820241,-0.477447,0.042721
-0.658728,0.632698,0.527144,0.135254,0.336318,0.091292,-1.476475,0.476632,0.656488,0.059870,0.226213,0.265803,0.333282,0.016447,0.053572,0.072705,0.079723,0.726593,-1.829741,0.813606,1.112079,-0.296450,-1.417312,0.366744,-0.156287,0.132921,0.500993,0.103289,-0.750095,-0.583747,0.312896,0.180797,272.450962,1.557259,-1.498910,0.248838,0.161011,1.459676,-0.803327,-0.986352,0.604895,0.099126,0.136435,0.443628,0.691936,0.715680,-0.504857,0.361880
-0.503640,0.576172,0.481251,0.263597,0.401188,0.314691,-1.555318,0.285907,0.623031,0.276732,0.305099,0.319325,0.700888,0.287692,0.214681,0.326544,0.343677,0.939810,-1.878881,0.757983,0.436357,-0.900966,-1.680453,-0.020039,-0.341908,-0.712467,0.428501,0.564153,0.238438,-0.542844,1.356418,0.260303,213.648442,1.625634,-1.384480,0.133201,0.278138,1.198605,-0.257650,0.355067,0.196431,0.172455,0.605344,0.106701,1.517815,1.028599,-0.248836,0.861796
0.368139,0.786153,2.676246,0.021950,0.283486,0.149834,-1.301736,0.239062,0.124423,0.025409,0.080651,0.231607,0.323302,-0.195007,0.058351,0.039901,0.009384,0.433031,-1.261895,0.535174,-0.111432,0.235988,-1.233352,-0.126161,-0.191535,0.202796,0.433220,0.055795,-0.549640,-0.979589,0.274978,0.144795,945.699733,1.274174,-1.215424,0.021618,0.070402,1.519921,-0.256566,0.580347,0.100272,0.003361,0.174112,0.195825,0.361166,0.594835,0.485182,0.056950
-0.728023,0.627047,1.630067,0.196143,0.364668,0.272519,-1.501984,0.670696,-0.318240,0.054035,0.097343,0.218717,0.581417,0.298993,0.155693,0.125509,0.115796,0.406050,-1.627809,0.767146,-0.003255,-0.104917,-1.534990,-0.269510,-0.731950,0.047597,0.476908,0.155206,-0.905376,-1.388114,0.366567,0.409368,775.341039,1.440348,-1.352204,0.107901,0.113448,1.727483,-0.580422,-0.737843,0.547709,0.099537,0.269408,0.163745,0.825491,0.766601,-0.571496,0.127966
-0.728023,0.548510,0.490900,0.159130,0.379677,0.255772,-1.537334,0.523851,0.663800,0.093074,0.233636,0.297172,0.542688,0.298993,0.068376,0.105442,0.103827,0.662833,-1.866730,0.775593,1.176638,-0.413652,-1.486706,0.515055,-0.731950,0.107384,0.476908,0.116362,-0.823184,-0.589745,0.366567,0.283991,266.512841,1.551126,-1.266580,0.358314,0.128787,1.481295,-0.745143,-0.862771,0.547180,0.140882,0.106923,0.506261,0.825491,0.572557,-0.595460,0.385388
-0.677932,0.726245,0.360707,0.251437,0.389523,0.466395,-1.591817,0.329077,0.650618,0.269091,0.310811,0.320790,0.722916,0.553410,0.313137,0.357362,0.394659,0.673919,-1.866762,0.773902,1.048664,-1.051226,-1.648673,0.448724,-0.374433,-0.621981,0.640884,0.279349,0.240821,-0.672429,1.281092,0.298476,146.436877,1.460796,-1.549591,0.246069,0.309744,1.186280,-0.528186,0.465877,0.225184,0.277874,0.690062,0.114240,1.766157,1.042706,-0.627236,0.701930
0.101162,0.790259,2.930896,0.086252,0.300794,0.122266,-1.384378,0.295124,0.297295,0.027359,0.138429,0.184728,0.352897,-0.183753,0.057736,0.060285,0.034020,0.406318,-1.437592,0.527279,-0.033283,-0.002654,-1.347780,-0.153322,-0.232584,0.194874,0.505743,0.108739,-0.553743,-0.751087,0.289621,0.208234,941.031628,1.357294,-1.142848,0.018446,0.058963,1.653722,-0.264999,0.562943,0.130397,0.005291,0.139792,0.238789,0.351167,0.525923,0.518695,0.058769
-0.475388,0.658021,1.927319,0.245008,0.375578,0.251968,-1.562221,0.595065,-0.327192,0.059142,0.123702,0.243310,0.577082,0.220702,0.275463,0.121508,0.122326,0.457589,-1.776664,0.801934,0.131000,-0.000674,-1.637380,-0.129274,-0.830170,-0.032758,0.709337,0.192530,-0.933491,-1.215076,0.380600,0.425451,776.273694,1.532282,-1.350915,0.141880,0.090630,1.361523,-0.644719,-0.673250,0.596208,0.079486,0.486229,0.193744,0.892988,0.824725,-0.456139,0.011726
-0.475388,0.492501,0.536929,0.180964,0.298990,0.095483,-1.594771,0.383952,0.656117,0.073439,0.189225,0.327250,0.432548,0.220702,0.091289,0.096971,0.104574,0.766439,-1.895149,0.801934,0.944702,-0.043750,-1.405359,0.518821,-0.611020,0.171271,0.709337,0.084139,-0.708439,-0.476046,0.380600,0.176894,290.874294,1.636521,-1.214588,0.233929,0.155133,1.616215,-0.759457,-0.695796,0.519416,0.116342,0.197797,0.429122,0.892988,0.645496,-0.482962,0.267308
-0.591067,0.662211,0.574468,0.254088,0.386446,0.498825,-1.387622,0.327458,0.659288,0.261776,0.253278,0.365636,0.621146,0.395100,0.227684,0.349072,0.243288,0.639883,-1.640176,0.679418,0.240941,-0.206206,-1.594106,0.044138,-0.715280,-0.683542,0.529485,0.350657,0.308490,-0.457284,1.241128,0.245336,225.356738,1.375454,-1.383908,0.123880,0.232607,1.474588,-0.329972,0.493061,0.155581,0.186508,0.679168,0.096513,1.361175,1.062933,-0.119399,0.706818
0.228244,0.801214,2.734582,0.045230,0.308714,0.096199,-1.354711,0.315920,0.307792,0.030304,0.075671,0.101773,0.373447,-0.188311,0.059649,0.048541,0.022577,-0.152169,-1.381975,0.546258,-0.076223,0.318330,-1.201073,-0.104330,-0.184334,0.218641,0.509489,0.096050,-0.486237,-0.585357,0.284389,0.228360,975.444518,1.362878,-1.362575,0.030134,0.051761,1.626111,-0.256540,0.566822,0.099024,0.005016,0.223744,0.223170,0.362067,0.750382,0.486637,0.031176
-0.844095,0.606149,1.552236,0.252727,0.398745,0.293702,-1.522464,0.811083,-0.097430,0.089188,0.140864,0.195135,0.614714,0.761944,0.241304,0.118318,0.143997,0.271560,-1.718908,0.845099,-0.121996,-0.011899,-1.781620,0.044387,-0.922484,-0.010774,0.636372,0.214258,-0.761683,-1.271995,0.396126,0.424355,707.567921,1.488655,-1.385986,0.133789,0.110786,1.603440,-0.832302,-0.803114,0.566887,0.167238,0.484621,0.165836,0.957188,0.885171,-0.557356,0.182904
-0.844095,0.526782,0.634059,0.164627,0.352200,0.167814,-1.492635,0.541456,0.862757,0.091818,0.246019,0.315706,0.505170,0.761944,0.096182,0.149571,0.161482,0.632500,-1.805437,0.845099,0.709160,0.031436,-1.535030,0.545389,-0.922484,0.107735,0.636372,0.105673,-0.558993,-0.657382,0.396126,0.450825,348.581867,1.484977,-1.477319,0.301344,0.142838,1.975799,-0.832302,-0.813838,0.490751,0.183816,0.333412,0.471422,0.957188,0.667941,-0.557356,0.333730
-0.576059,0.591111,0.484316,0.249638,0.406168,0.456120,-1.453050,0.268317,0.790235,0.311867,0.212764,0.394756,0.817987,0.689069,0.249180,0.399137,0.337302,0.639747,-1.732475,0.900587,0.441856,-0.476917,-1.739211,0.169363,-0.463951,-0.775449,0.384534,0.479750,0.467792,-0.657382,1.530021,0.380688,192.988194,1.408732,-1.449269,0.231600,0.348255,1.315543,-0.413905,0.295391,0.241324,0.241887,0.473893,0.089714,2.177674,1.116903,-0.472994,1.099842
0.309923,0.562987,1.634926,0.056561,0.299585,0.209160,-1.466660,0.323620,0.514230,0.027919,0.118208,0.212214,0.326686,-0.188765,0.068254,0.051897,0.017978,0.117442,-1.395610,0.564310,-0.045837,0.167768,-1.271296,-0.105795,-0.165560,0.195289,0.502738,0.117108,-0.406787,-0.617084,0.287879,0.263774,630.772969,1.251029,-1.239303,0.011004,0.057510,1.369037,-0.252439,0.358183,0.116097,0.002636,0.275733,0.276500,0.330878,0.622580,0.331967,0.049932
-0.394990,0.574380,1.207640,0.287991,0.393156,0.302055,-1.041611,0.702764,-0.037478,0.079207,0.184402,0.221599,0.623392,0.294354,0.322192,0.111993,0.149259,0.168750,-0.434411,0.907461,0.158619,0.296238,-1.631083,0.373808,-1.343789,-0.095421,0.710736,0.209295,-0.695525,-0.889761,0.407963,0.405052,557.287411,0.375996,-1.595941,0.139660,0.111882,1.342455,-0.657661,-0.911589,0.569802,0.122132,0.336907,0.176555,0.930428,0.739408,-0.528985,0.186167
-0.394990,0.601168,0.574704,0.212092,0.331612,0.166603,-1.602378,0.409228,0.730975,0.072335,0.189970,0.328047,0.507398,0.294354,0.098552,0.181181,0.203342,0.572375,-1.981765,0.907461,0.433159,0.042620,-1.627137,0.693100,-1.343789,0.135209,0.710736,0.153766,-0.486288,-0.769692,0.407963,0.313064,296.879306,1.663680,-1.664365,0.302913,0.171810,1.457480,-0.745925,-0.955904,0.570876,0.157751,0.365323,0.390980,0.930428,0.607866,-0.528985,0.353242
-0.624534,0.596201,0.691709,0.266182,0.362705,0.413616,-1.505253,0.265996,0.708832,0.264463,0.318019,0.399093,0.700913,0.546891,0.258013,0.529389,0.284652,0.563797,-1.635263,0.876224,0.292462,-0.929576,-1.643514,0.097819,-1.141120,-0.792148,0.558857,0.618990,0.299250,-0.891884,1.308723,0.353005,274.566740,1.362289,-1.453783,0.158585,0.301984,1.305767,-0.373410,0.432928,0.146508,0.204124,0.739700,0.134246,1.721592,0.995976,-0.279864,0.942786
0.165558,0.768150,2.127356,0.020801,0.311001,0.127526,-1.305085,0.358105,0.324983,0.036063,0.087825,0.143448,0.384703,-0.193415,0.080742,0.046740,0.011905,-0.003035,-1.314438,0.556622,-0.092432,0.372591,-1.489917,-0.159614,-0.161462,0.211373,0.591869,0.101966,-0.498395,-0.620595,0.282193,0.272278,762.063293,1.235407,-1.396354,0.041686,0.083961,1.297465,-0.250807,0.533775,0.100770,0.003260,0.162972,0.228962,0.344411,0.604554,0.534345,0.056204
-0.317394,0.598425,1.398763,0.214378,0.394092,0.231329,-1.465931,0.681284,-0.313640,0.072470,0.151577,0.269073,0.593906,0.258680,0.301472,0.128094,0.100263,0.256956,-1.629983,0.935578,0.146286,0.254679,-1.755787,0.045027,-1.004142,-0.035759,0.609283,0.186908,-0.837594,-1.235664,0.344271,0.337414,633.350404,1.518343,-1.425734,0.125004,0.125742,1.410273,-0.586424,-0.778807,0.566473,0.080717,0.401426,0.169498,0.808430,0.792996,-0.432248,0.103324
-0.317394,0.543583,0.615223,0.166755,0.264525,0.129572,-1.376664,0.338194,0.420001,0.062991,0.198898,0.264462,0.359666,-0.052582,0.083689,0.099369,0.108612,0.442041,-1.578411,0.935578,0.587197,-0.025495,-1.488110,0.405827,-0.838905,0.193903,0.577906,0.106483,-0.628018,-0.631181,0.344271,0.359574,318.910303,1.379999,-1.402583,0.221849,0.160558,1.518180,-0.683741,-0.795378,0.557300,0.100395,0.219937,0.315305,0.677608,0.453933,-0.432248,0.258730
-0.404590,0.571899,0.427346,0.162886,0.331014,0.277352,-1.402268,0.214809,0.391198,0.143679,0.163266,0.254276,0.499765,0.381550,0.275017,0.195945,0.148802,0.691177,-1.465462,0.657258,0.032347,-0.247681,-1.485522,-0.021732,-0.418470,-0.301150,0.748482,0.259159,0.076734,-0.670913,0.674447,0.281974,179.560041,1.366227,-1.220656,0.086105,0.177622,1.124942,-0.255606,0.438360,0.115506,0.160078,0.417015,0.093679,0.826776,0.750065,-0.254093,0.508064
0.355136,0.857081,2.344445,0.007050,0.231185,0.146304,-1.206899,0.127993,0.022037,0.008323,0.040782,0.277846,0.301202,-0.198796,0.041407,0.026385,0.006674,0.275795,-1.202643,0.528332,-0.105543,0.255968,-1.320233,-0.116408,-0.139670,0.210266,0.392757,0.082475,-0.528961,-0.761895,0.273539,0.139830,800.221282,1.219541,-0.997920,0.025415,0.020321,1.485886,-0.248576,0.606680,0.130494,0.002207,0.134956,0.156811,0.360088,0.480075,0.402159,0.017219
-0.063007,0.687991,1.424489,0.168971,0.345190,0.238689,-1.405419,0.401690,0.144084,0.079741,0.151189,0.221864,0.553569,0.230151,0.213413,0.119699,0.094516,-0.086290,-1.488372,0.829032,0.152319,0.110636,-1.600428,0.182937,-0.734922,0.010835,0.621476,0.154931,-0.666217,-1.097591,0.384787,0.405205,673.115025,1.271516,-1.248198,0.162745,0.108757,1.369570,-0.587737,-0.752783,0.658506,0.082055,0.288558,0.234912,0.847443,0.567508,-0.519505,0.214063
-0.035839,0.537632,0.905628,0.157261,0.250899,0.159299,-1.289636,0.230550,0.573493,0.082482,0.171700,0.302604,0.328009,-0.002725,0.075282,0.096972,0.136600,0.466149,-1.310125,0.829032,0.600829,0.015857,-1.390619,0.391457,-0.733576,0.115025,0.474981,0.095801,-0.223122,-0.291941,0.384787,0.174652,488.892752,1.097000,-1.360396,0.238353,0.163789,1.501182,-0.623636,-0.752824,0.586071,0.109738,0.093427,0.233362,0.644023,0.526401,-0.519505,0.274941
-0.867645,0.650442,0.577235,0.236029,0.329697,0.320586,-1.297792,0.317473,0.549866,0.232467,0.300677,0.244099,0.517288,0.915932,0.278455,0.309730,0.176644,0.572146,-1.541193,0.721943,0.080501,-0.462151,-1.683971,-0.039444,-0.716851,-0.445382,0.697085,0.239872,0.043064,-0.517218,0.995228,0.298627,232.604734,1.270004,-1.274897,0.081847,0.207351,1.460721,-0.341475,0.543708,0.070114,0.174910,0.522939,0.135916,1.341565,0.812990,-0.087467,0.544005
0.151796,0.844110,1.490909,0.017183,0.232849,0.141665,-1.015954,0.184929,0.055414,0.013064,0.038469,0.248337,0.266808,-0.197503,0.049393,0.039449,0.008240,0.158952,-0.985456,0.531346,-0.087619,0.273702,-1.350972,-0.109248,-0.136632,0.197690,0.378840,0.088848,-0.334596,-0.843799,0.273900,0.091816,549.670908,1.032932,-1.192005,0.014359,0.024045,1.445793,-0.247378,0.702010,0.056810,0.002378,0.240989,0.103958,0.362987,0.399301,0.318365,0.008594
0.539917,0.466727,0.521672,0.095806,0.274116,0.171217,-1.198062,0.134443,0.397762,0.054641,0.145287,0.125294,0.449811,0.058335,0.137331,0.101337,0.076276,-0.347521,-1.272290,0.625180,0.226856,0.288786,-1.336786,0.251481,-0.607839,0.056806,0.473314,0.161955,-0.376089,-0.848378,0.366229,0.264939,268.243706,1.202427,-1.382378,0.208852,0.072107,1.277292,-0.494219,-0.371493,0.500528,0.059043,0.248414,0.251346,0.762000,0.399301,-0.262472,0.131915
-0.815258,0.686150,0.474964,0.223074,0.285173,0.294181,-1.356375,0.456645,0.523008,0.184811,0.226936,0.232985,0.566584,0.889483,0.284341,0.232590,0.303738,0.742096,-1.589422,0.822496,0.335032,-0.550013,-1.564789,0.336578,-0.513446,-0.535060,0.626487,0.249693,0.224625,-0.368945,1.132846,0.241195,257.795039,1.428077,-1.340660,0.236745,0.220544,1.252260,-0.501322,0.262937,0.141802,0.212778,0.642739,0.081710,1.403318,0.832949,-0.108147,0.555032
0.160544,0.902879,0.792757,0.015281,0.205786,0.268488,-0.918894,0.107523,-0.080417,0.017943,0.032378,0.129405,0.251072,-0.195522,0.293549,0.067730,0.014807,-0.041235,-1.037274,0.557697,-0.110292,0.282603,-1.259216,-0.193763,-0.151645,0.190845,0.803720,0.158101,-0.417309,-0.776952,0.271834,0.062817,338.723927,0.902012,-1.285684,0.029783,0.065673,1.143652,-0.248519,0.835985,0.032347,0.003451,0.344409,0.079251,0.369067,0.627641,0.223932,0.017610
0.523195,0.980346,1.491798,0.011610,0.175868,0.363037,-0.859740,0.038299,-0.430027,0.004427,0.032995,0.039905,0.182919,-0.198937,0.021896,0.029945,0.006748,-0.031285,-0.925124,0.529067,-0.101676,0.239924,-1.240201,-0.158320,-0.122326,0.208995,0.318608,0.057665,-0.504502,-0.782608,0.271392,0.016010,579.099610,0.880557,-1.077068,0.003511,0.012692,1.588723,-0.244664,0.959139,0.008852,0.001608,0.207685,0.019625,0.353378,0.468191,0.134969,-0.101415
-0.051302,0.728209,2.522294,0.351086,0.278033,0.250302,-1.353386,0.218538,0.156790,0.071032,0.318662,0.159124,0.430686,0.009559,0.115892,0.179634,0.173731,-0.054387,-1.537553,0.639016,0.140908,-0.483866,-1.578979,-0.193969,-0.787258,0.001153,0.556166,0.170228,-0.554626,-0.997222,0.296397,0.332877,1081.302180,1.379718,-1.320680,0.100463,0.135786,1.735343,-0.244664,-0.555755,0.502343,0.037458,0.469505,0.192989,1.174783,0.445089,-0.516392,0.275674
-0.051302,0.667452,1.920928,0.401034,0.268927,0.219340,-1.335834,0.251976,0.651736,0.071408,0.495224,0.176100,0.430686,0.009559,0.128641,0.241305,0.215168,0.164586,-1.477355,0.703460,0.801090,-0.617803,-1.639423,-0.101729,-0.787258,0.001153,0.556166,0.165436,-0.554626,-0.997222,0.325259,0.387084,822.460325,1.332864,-1.147941,0.164036,0.125574,1.762093,-0.540318,-0.813472,0.706147,0.046108,0.354250,0.386942,1.174783,0.445089,-0.516392,0.275674
-0.051302,0.493374,0.386526,0.423181,0.302910,0.213093,-1.265257,0.265458,0.985469,0.078541,0.367343,0.265123,0.430686,0.009559,0.139355,0.162014,0.153581,0.447056,-1.345621,0.703460,1.083589,-0.617803,-1.650894,0.432798,-0.787258,0.001153,0.556166,0.240533,-0.466463,-0.927898,0.325259,0.179936,170.003943,1.192090,-1.185125,0.328431,0.095985,1.057118,-0.577935,-0.813472,0.347439,0.055285,0.299894,0.451770,1.174783,0.445089,-0.419832,0.174211
-0.050839,0.541513,0.415105,0.433462,0.275844,0.254775,-1.282814,0.226640,1.044578,0.064323,0.264058,0.340530,0.319562,-0.123290,0.099677,0.209450,0.192350,0.780077,-1.410277,0.703460,1.092037,-0.617803,-1.615101,0.545220,-0.126875,0.172498,0.436012,0.218341,0.098358,0.368748,0.325259,0.035967,182.063594,1.231662,-1.402465,0.231887,0.102272,1.128479,-0.577935,-0.813472,0.513567,0.071688,0.162073,0.318608,1.174783,0.454449,-0.362591,0.297215
0.484263,0.796117,1.646327,0.015205,0.235467,0.149356,-1.152088,0.154780,0.140130,0.015418,0.044565,0.158424,0.263989,-0.201037,0.076593,0.035321,0.011509,0.286774,-1.133977,0.545294,-0.085848,0.378941,-1.302722,-0.088874,-0.199731,0.199346,0.489024,0.169662,-0.346920,-0.646214,0.270920,0.126633,597.847860,1.099757,-1.015028,0.010223,0.048050,1.637346,-0.245821,0.596932,0.083560,0.002924,0.221076,0.123667,0.418878,0.567628,0.352105,0.024479
0.707642,0.890943,1.634775,0.028066,0.267547,0.260409,-0.971654,0.181481,-0.185635,0.012581,0.077869,0.209298,0.391253,-0.191964,0.114491,0.076882,0.010828,-0.024651,-0.971150,0.547519,-0.099874,0.302535,-1.290079,-0.177298,-0.204450,0.103905,0.358086,0.077319,-0.525782,-0.778355,0.293408,0.102321,567.726175,0.947942,-1.290649,0.045131,0.040351,1.406042,-0.247714,0.767885,0.063963,0.006710,0.228224,0.112054,0.439000,0.671372,0.136375,-0.030538
0.180094,0.383438,0.578300,0.158229,0.342176,0.241021,-1.526850,0.311682,0.385170,0.081071,0.378280,0.146361,0.501714,0.131487,0.148544,0.126521,0.179743,0.227082,-1.704628,0.797942,1.082917,-0.542040,-1.313487,0.127388,-1.243199,0.096686,0.537584,0.163126,-0.558400,-1.422399,0.354178,0.402420,305.246412,1.448557,-1.372435,0.359184,0.112882,1.268610,-0.751648,-0.591126,0.431850,0.108824,0.253493,0.293878,0.904102,0.451293,-0.408537,0.061689
-0.432643,0.662236,0.741332,0.120122,0.235639,0.395197,-1.144185,0.177173,0.401682,0.044272,0.252161,0.215837,0.460453,0.047059,0.222675,0.161451,0.129836,0.510977,-1.247134,0.819619,-0.011689,-1.313628,-1.479801,0.000655,-0.217926,-0.054622,0.609580,0.308042,-0.058420,-0.617819,0.325319,0.193837,392.975408,1.213962,-1.241739,0.084759,0.167451,1.463326,-0.257047,0.364054,0.137643,0.029604,0.521864,0.136631,0.953716,0.683073,-0.248652,0.763156
0.290467,1.022744,0.309145,0.005168,0.173117,0.035705,-0.786448,0.013983,-0.353371,0.003619,0.018182,0.033176,0.186541,-0.201756,0.027864,0.011452,0.002976,-0.025729,-0.975446,0.513224,-0.096738,0.354957,-1.268316,-0.175700,-0.110925,0.212621,0.352091,0.024927,-0.432481,-0.514489,0.272100,0.019282,136.488728,0.779213,-0.928101,0.004012,0.012608,1.104810,-0.240259,0.995090,0.012742,0.000886,0.153773,0.021319,0.350703,0.539683,0.137071,-0.046781
0.634910,0.852140,0.348775,0.016328,0.193713,0.145329,-0.964711,0.066175,-0.300467,0.007588,0.088698,0.166318,0.257219,-0.197426,0.117872,0.031325,0.009451,0.361735,-0.996119,0.529931,-0.055744,0.130308,-1.383315,-0.099050,-0.116015,0.204205,0.487342,0.062431,-0.422312,-0.524636,0.272934,0.079293,145.520537,0.916125,-1.198831,0.026416,0.032273,1.324998,-0.243772,0.810220,0.033646,0.001946,0.464991,0.022725,0.354599,0.726794,-0.655075,-0.054462
0.502428,0.625014,1.293425,0.094493,0.322158,0.232750,-1.453055,0.310110,0.103341,0.058508,0.216664,0.337644,0.520467,0.076212,0.204385,0.108523,0.101053,0.001851,-1.725986,0.708175,-0.084040,0.199011,-1.466513,0.085329,-0.585888,-0.020550,0.518884,0.117131,-0.586107,-0.803667,0.368913,0.426434,507.845768,1.460786,-1.105058,0.120469,0.079944,1.812689,-0.461228,-0.560172,0.534289,0.062418,0.321796,0.194670,0.924611,0.765742,-0.341400,0.073773
0.358466,0.399045,0.753492,0.131088,0.227606,0.067505,-1.429659,0.223778,0.636179,0.088005,0.168078,0.206461,0.487657,-0.012475,0.060852,0.105223,0.108490,0.387843,-1.744990,0.708175,0.466591,-0.007685,-1.329896,0.281214,-0.585888,0.133572,0.518884,0.054821,-0.346477,-0.478125,0.372015,0.093218,381.789380,1.506593,-1.175788,0.242524,0.144810,1.246942,-0.566545,-0.567853,0.442049,0.110791,0.114943,0.284820,0.580986,0.612314,-0.341400,0.256301
0.106900,0.382356,0.781496,0.135674,0.345980,0.239796,-1.512372,0.223349,0.613500,0.123664,0.125523,0.208348,0.524096,0.532274,0.268201,0.189229,0.145501,0.634308,-1.609175,0.830129,-0.034995,-0.125795,-1.739022,-0.093337,-0.412392,-0.269683,0.636782,0.399384,0.231216,-0.707515,0.347498,0.209634,305.862202,1.415875,-1.280275,0.101837,0.206955,1.295756,-0.242120,0.222189,0.152978,0.195128,0.635469,0.094762,0.692582,0.847530,-0.786402,0.780057
0.765372,0.646774,2.035335,0.022896,0.255435,0.132121,-1.437556,0.199174,0.314224,0.017752,0.072411,0.255869,0.327383,-0.190792,0.049534,0.040466,0.013304,0.101758,-1.263178,0.547685,-0.075798,0.286877,-1.451790,-0.126306,-0.155584,0.213473,0.436795,0.089399,-0.444170,-0.802711,0.277123,0.184434,682.327888,1.245367,-1.123100,0.031477,0.043238,1.465331,-0.260614,0.389995,0.158103,0.005112,0.316238,0.213353,0.361512,0.604335,0.440243,0.026818
-0.346618,0.633063,1.266804,0.068620,0.367217,0.273874,-1.505724,0.667112,0.002720,0.068145,0.194148,0.200408,0.587740,0.342024,0.295520,0.151604,0.132409,0.050169,-1.574104,0.798820,-0.065078,0.031708,-1.516745,0.060830,-1.059467,-0.033059,0.781780,0.185351,-0.781618,-1.139379,0.350678,0.389234,562.468476,1.449483,-1.466361,0.108722,0.114120,1.301581,-0.594681,-0.767837,0.562653,0.101327,0.396208,0.213623,0.864679,0.653822,-0.659065,0.184631
-0.346618,0.548626,0.471696,0.226499,0.363913,0.107829,-1.479997,0.419036,0.731454,0.085749,0.239989,0.242777,0.587740,0.342024,0.113395,0.175724,0.184445,0.462271,-1.647672,0.808853,0.665214,-0.093625,-1.494668,0.684365,-1.059467,0.057679,0.781780,0.175628,-0.640291,-0.848438,0.367161,0.230828,252.547554,1.429857,-1.437433,0.361668,0.177581,1.446393,-0.687088,-0.836448,0.572616,0.145133,0.202322,0.429026,0.695192,0.545602,-0.659065,0.454259
-0.673753,0.704014,0.401941,0.283556,0.368218,0.440648,-1.485264,0.323826,0.698611,0.218695,0.249153,0.404260,0.598541,0.457064,0.294125,0.398615,0.277620,0.722996,-1.737820,0.674011,0.527886,-0.223671,-1.611516,0.232052,-0.911924,-0.207353,0.720532,0.302270,0.299390,-0.869985,1.044956,0.267152,168.149392,1.385786,-1.366405,0.193609,0.243525,1.174780,-0.490236,0.506214,0.178265,0.226162,0.636238,0.090975,1.372071,1.060386,-0.375199,0.566013
0.042560,0.753476,2.582113,0.022294,0.325727,0.060697,-1.177918,0.370259,0.464836,0.041331,0.060294,0.146391,0.384534,-0.190608,0.066452,0.049100,0.014659,0.266569,-1.078784,0.542415,-0.083407,0.415346,-1.543582,-0.111817,-0.207997,0.184551,0.492936,0.073392,-0.431346,-0.643117,0.280846,0.278745,934.627598,1.036670,-1.208070,0.040145,0.080208,1.582162,-0.245770,0.560485,0.092025,0.002927,0.288165,0.233528,0.405035,0.708533,0.508874,0.051604
-0.507979,0.573345,1.602463,0.249838,0.408418,0.237881,-1.490972,0.675800,-0.198279,0.075215,0.163409,0.194517,0.565821,0.743256,0.268442,0.120742,0.151704,-0.134966,-1.472685,0.883930,-0.167856,0.250909,-1.761377,0.089271,-0.950882,-0.049486,0.626999,0.221126,-0.811662,-1.140741,0.390116,0.369402,748.106276,1.303004,-1.520324,0.110234,0.090925,1.496363,-0.699736,-0.765053,0.539490,0.141045,0.348795,0.199223,1.113844,0.894775,-0.472692,0.010614
-0.507979,0.516004,1.000376,0.200100,0.328172,0.178193,-1.523613,0.396175,0.548784,0.078603,0.218301,0.447008,0.563069,0.743256,0.085061,0.169156,0.181739,0.630000,-1.650399,0.883930,0.634227,0.041281,-1.568933,0.499388,-0.950882,0.093274,0.626999,0.136237,-0.760115,-0.906709,0.390116,0.319300,482.265946,1.467506,-1.473302,0.324518,0.157963,1.522799,-0.699736,-0.826433,0.486083,0.181112,0.307569,0.438650,1.113844,0.552723,-0.472692,0.358052
-0.370236,0.480464,0.564696,0.241164,0.345809,0.376816,-1.602897,0.276929,0.639131,0.106403,0.183658,0.272302,0.651268,1.380355,0.338326,0.166228,0.344904,0.634101,-1.659151,0.806969,0.307153,-0.386336,-1.723704,0.065422,-0.844305,-0.340664,0.732770,0.226870,0.247814,-0.520822,0.359442,0.218991,220.795453,1.469637,-1.416844,0.193724,0.271157,1.416009,-0.438177,0.215690,0.198190,0.310192,0.712414,0.091937,1.477661,0.906725,-0.652814,0.643254
0.518437,0.644489,2.913803,0.019879,0.291607,0.123858,-1.409836,0.282575,0.330820,0.028182,0.075587,0.346133,0.370182,-0.184838,0.133677,0.049962,0.019377,0.488242,-1.507475,0.551189,-0.126534,0.002652,-1.206973,-0.132415,-0.179573,0.178193,0.561479,0.133780,-0.587280,-0.754077,0.286142,0.293418,1013.199010,1.323784,-1.137243,0.045198,0.074207,1.518235,-0.254527,0.338867,0.152957,0.004940,0.363496,0.256213,0.332691,0.537143,0.425427,0.056304
-0.669366,0.627380,1.699491,0.218223,0.441148,0.318984,-1.250327,0.820082,-0.275367,0.054582,0.175050,0.341114,0.651588,-0.019156,0.233518,0.154504,0.127245,0.485718,-1.297154,0.953464,0.349255,-0.046656,-1.846810,-0.137212,-0.994532,-0.007359,0.545657,0.218253,-1.030644,-1.298905,0.300538,0.418606,754.239084,1.206542,-1.385303,0.100497,0.113768,1.299282,-0.493839,-1.103911,0.610275,0.075702,0.392900,0.237948,0.856413,0.860524,-0.691839,0.144583
-0.669366,0.820018,1.062658,0.279299,0.436180,0.093418,-1.481007,0.536262,0.583904,0.140069,0.224489,0.298733,0.590887,0.091576,0.100577,0.105330,0.150554,0.899820,-1.677289,0.956460,0.895102,-0.577909,-1.689454,0.662631,-0.504421,0.094228,0.564153,0.147581,-0.743965,-0.952132,0.378829,0.282633,556.563903,1.452314,-1.350858,0.419625,0.228142,1.859550,-0.914913,-1.273454,0.796265,0.149804,0.192259,0.406874,0.759981,0.685082,-0.691839,0.468607
-0.617277,0.586200,0.499489,0.231714,0.405125,0.388510,-1.610566,0.328604,0.602535,0.205304,0.259467,0.345569,0.620590,0.261033,0.230508,0.340264,0.201638,0.542065,-2.018038,0.700295,0.110613,-0.450481,-1.672690,-0.048322,-0.733811,-0.470394,0.572615,0.341978,0.167313,-0.673656,0.934310,0.236807,202.156247,1.630551,-1.320707,0.097533,0.192226,1.450682,-0.257104,0.409514,0.168097,0.147654,0.718081,0.098137,1.194102,0.930813,-0.134140,0.627116
0.379555,0.727505,2.427853,0.018823,0.300739,0.103114,-1.140119,0.331223,0.133246,0.039057,0.036871,0.110672,0.345969,-0.165872,0.067582,0.054054,0.029032,0.057597,-1.146617,0.562030,-0.088162,0.327363,-1.279647,-0.119742,-0.168578,0.199973,0.507629,0.052436,-0.667890,-0.929969,0.283842,0.225420,870.913216,1.033833,-1.463988,0.033350,0.097467,1.442842,-0.243940,0.561574,0.060028,0.010646,0.193833,0.219763,0.483155,0.609471,0.492311,0.024205
-0.966525,0.534642,1.507111,0.257851,0.355811,0.527252,-1.383730,0.941509,-0.508413,0.060927,0.213946,0.384502,0.502337,0.265887,0.326051,0.177482,0.114471,0.114019,-1.460339,0.838138,-0.123530,-0.448142,-1.785666,0.013018,-1.008032,-0.078543,1.787297,0.319829,-1.260678,-1.750183,0.314541,0.406061,655.382280,1.378844,-1.488241,0.113715,0.089607,1.583593,-0.734794,-0.795905,0.532156,0.115577,0.510736,0.242411,0.782690,0.984834,-0.508618,0.043518
-0.321567,0.545700,0.537582,0.131283,0.290457,0.156311,-1.473037,0.250500,0.484083,0.052377,0.357977,0.278671,0.065759,-0.124314,0.048483,0.127730,0.124907,0.719721,-1.376924,0.838138,1.188240,-0.465636,-1.534150,0.398539,-0.367670,0.167180,0.510424,0.161044,-0.646923,-0.489359,0.314541,0.251287,276.688809,1.070222,-1.576453,0.137733,0.152910,1.612761,-0.699723,-0.896057,0.556258,0.073521,0.138236,0.335357,0.724046,0.603085,-0.520966,0.351766
-0.409513,0.371462,0.612952,0.237652,0.415661,0.320470,-1.514759,0.284777,0.592467,0.307880,0.366629,0.288316,0.819708,0.536777,0.276021,0.318750,0.367491,0.993828,-1.824025,0.788468,0.483790,-1.017328,-1.733837,-0.017048,-0.458805,-0.875236,0.493799,0.685206,0.435622,-0.236470,1.615000,0.216933,240.142998,1.438399,-1.495466,0.147704,0.309750,1.458421,-0.261465,0.096997,0.271454,0.195332,0.678628,0.033760,2.065806,1.041229,-0.611048,1.061805
0.614044,0.708080,2.867415,0.012266,0.245097,0.108150,-0.985577,0.137663,0.224164,0.018343,0.068302,0.205678,0.290570,-0.199122,0.060644,0.039706,0.008175,0.345507,-0.741627,0.553101,-0.073645,0.236488,-1.250641,-0.067322,-0.155883,0.205643,0.458891,0.058222,-0.656696,-0.966793,0.277303,0.197260,969.701679,0.768588,-1.200054,0.025807,0.070527,1.708177,-0.241857,0.385547,0.166853,0.002450,0.191494,0.246003,0.369743,0.512267,0.455034,0.080953
-0.694469,0.636215,1.554370,0.189119,0.352839,0.196833,-1.574142,0.700146,-0.403430,0.058639,0.129934,0.222901,0.567821,0.286011,0.193087,0.154809,0.116545,0.214708,-1.796240,0.765288,-0.116127,-0.159292,-1.597848,-0.238993,-0.800746,0.035521,0.425277,0.168606,-1.091187,-1.577734,0.355255,0.419751,762.288484,1.400293,-1.192299,0.112915,0.095143,1.636703,-0.630193,-0.661706,0.528828,0.101801,0.239432,0.202772,0.840940,0.777555,-0.599513,0.115764
-0.694469,0.495915,0.629247,0.162607,0.375106,0.292250,-1.445442,0.504902,0.586826,0.110458,0.292569,0.357060,0.538749,0.286011,0.064112,0.122562,0.143431,0.755064,-1.616752,0.777575,1.333899,-0.507220,-1.562167,0.583086,-0.800746,0.109561,0.479931,0.128465,-1.036809,-0.571933,0.355255,0.289563,335.168103,1.355660,-1.260571,0.354269,0.158257,1.391202,-0.750505,-0.754934,0.539420,0.146915,0.166775,0.531920,0.840940,0.459862,-0.599513,0.467015
-0.492913,0.660674,0.493604,0.282481,0.397942,0.498636,-1.432184,0.260350,0.575431,0.271708,0.273453,0.370850,0.740597,0.614646,0.243360,0.318509,0.369735,0.755064,-1.564480,0.815500,0.812260,-1.236990,-1.702849,0.385897,-0.394053,-0.519398,0.630665,0.390344,0.278176,-0.962548,1.186266,0.242232,201.695798,1.258638,-1.275863,0.210875,0.305320,1.243320,-0.393739,0.374469,0.256831,0.245318,0.666426,0.076265,1.569249,0.955828,-0.919981,0.978880
0.238710,0.714537,3.071076,0.034870,0.303624,0.185996,-1.175255,0.271630,0.335572,0.026835,0.120362,0.274923,0.364143,-0.187225,0.144625,0.084852,0.019059,0.531322,-1.117563,0.531351,-0.071338,0.045517,-1.351554,-0.113482,-0.183904,0.177159,1.262743,0.119016,-0.673286,-0.822456,0.279457,0.267983,1024.530863,1.025593,-1.077704,0.025484,0.058264,1.748536,-0.251903,0.423130,0.149112,0.004510,0.243098,0.298033,0.345595,0.534224,0.542332,0.044623
-0.920620,0.611030,1.961038,0.214264,0.388000,0.349118,-1.422404,0.769962,-0.354040,0.069854,0.102607,0.330216,0.609519,0.472203,0.241570,0.189103,0.159346,0.451272,-1.660654,0.761389,-0.071338,-0.049709,-1.639867,-0.235815,-0.900181,-0.028192,0.563434,0.284656,-1.131014,-1.594106,0.337062,0.416126,877.318428,1.321069,-1.082461,0.108191,0.094818,1.672856,-0.733403,-0.711901,0.505250,0.126933,0.534111,0.232439,0.973376,0.834886,-0.610416,0.126055
-0.920620,0.473949,0.572202,0.184602,0.386472,0.341720,-1.402331,0.591142,0.666368,0.098958,0.287647,0.275712,0.609519,0.472203,0.100963,0.195364,0.150579,0.492043,-1.598469,0.806797,1.051012,-0.190103,-1.423756,0.675829,-0.900181,0.056372,0.563434,0.181219,-1.080468,-1.132345,0.337062,0.410684,315.243089,1.361421,-1.304065,0.370688,0.115707,1.460452,-0.795897,-0.786401,0.477508,0.153732,0.274998,0.579742,0.973376,0.658052,-0.610416,0.294330
-0.584706,0.657989,0.462616,0.288657,0.421482,0.656415,-1.618104,0.320412,0.688086,0.326505,0.311850,0.468670,0.779235,0.456713,0.246513,0.507053,0.357129,0.601295,-1.844396,0.815340,0.831247,-0.728228,-1.657884,0.497073,-0.564666,-0.397822,0.583877,0.348334,0.359546,-0.692703,1.750449,0.332821,198.667052,1.547965,-1.327827,0.292339,0.340060,1.226762,-0.585593,0.326123,0.270129,0.245188,0.601218,0.073088,1.761287,1.157892,-0.848295,0.848200
0.125536,0.598158,1.964939,0.042206,0.315065,0.229553,-1.256155,0.337855,0.474813,0.029863,0.130735,0.273814,0.372028,-0.188943,0.115806,0.072986,0.020111,0.325013,-1.176666,0.538672,-0.075369,0.073225,-1.343328,-0.112987,-0.171283,0.162495,0.544608,0.110430,-0.614616,-0.746980,0.279051,0.256714,740.383500,1.197139,-1.223229,0.026915,0.057278,1.535269,-0.249847,0.335574,0.141633,0.004625,0.332862,0.320101,0.348669,0.527127,0.501782,0.049496
-0.860001,0.575621,1.490363,0.267511,0.410291,0.325562,-1.425305,0.806825,-0.181306,0.071763,0.128297,0.273126,0.646464,0.348807,0.313372,0.117374,0.160023,0.251509,-1.385929,0.826302,0.020127,0.017473,-1.610045,0.091559,-0.950571,-0.066681,0.812448,0.206351,-1.063140,-1.169432,0.375743,0.415931,690.863370,1.212153,-1.360977,0.117322,0.116511,1.459718,-0.818444,-0.860621,0.524612,0.115110,0.516921,0.249349,1.077518,0.758313,-0.657696,0.238222
-0.860001,0.588652,0.871817,0.229919,0.388482,0.250283,-1.359524,0.467101,0.606185,0.107521,0.208128,0.275855,0.629068,0.348807,0.137892,0.189954,0.192188,0.645634,-1.266312,0.839963,0.806826,-0.061869,-1.569103,0.744747,-0.950571,0.071852,0.812448,0.125104,-0.919353,-0.777245,0.414551,0.280466,426.938446,1.017269,-1.378873,0.378341,0.207878,1.734001,-0.871575,-0.902758,0.614618,0.171701,0.275239,0.473387,1.077518,0.553395,-0.657696,0.455802
-0.651790,0.529584,0.932690,0.309509,0.418650,0.575504,-1.532917,0.315412,0.657794,0.364829,0.370140,0.287828,0.839909,1.107141,0.310520,0.527121,0.288898,0.722752,-1.696159,0.761626,0.336633,-1.262466,-1.602170,0.134477,-0.667602,-1.055043,0.657791,0.251380,0.399216,-0.854303,1.703861,0.187295,353.632752,1.516013,-1.461732,0.182143,0.344553,1.578291,-0.329532,0.193069,0.272589,0.244734,0.677703,0.056324,1.597020,0.935601,-0.423114,0.878526
0.533637,0.617867,2.426213,0.036753,0.287096,0.163863,-1.036330,0.239898,0.466136,0.021443,0.107718,0.243195,0.357002,-0.195252,0.115068,0.079091,0.016854,0.641517,-1.022604,0.572341,-0.077087,0.096006,-1.246109,-0.088385,-0.183756,0.156658,0.566015,0.151412,-0.552329,-0.869539,0.271668,0.295890,936.583794,1.018260,-1.104350,0.028947,0.052773,1.268465,-0.257047,0.279167,0.171283,0.006113,0.229782,0.293266,0.386564,0.531155,0.494804,0.047006
-0.837500,0.603456,1.571300,0.315590,0.400663,0.391190,-1.574612,0.793534,-0.161992,0.100689,0.156947,0.261800,0.658486,0.675891,0.261044,0.141887,0.198997,0.356747,-1.582159,0.865443,-0.080673,0.130723,-1.463898,0.336082,-1.523635,-0.039757,0.513233,0.190170,-0.908074,-1.154258,0.432271,0.432423,698.701684,1.340283,-1.317268,0.145006,0.119155,1.586447,-0.847633,-0.900756,0.580373,0.161574,0.549065,0.204777,1.295276,0.742014,-0.681791,0.235938
-0.837500,0.615096,0.767662,0.253789,0.363537,0.178730,-1.576311,0.529569,0.739446,0.094362,0.213398,0.259240,0.532037,0.675891,0.133657,0.204687,0.256259,0.417255,-1.709229,0.865443,0.566138,-0.011095,-1.431852,0.810313,-1.523635,0.118636,0.587771,0.110020,-0.651501,-0.895648,0.432271,0.246575,411.839850,1.464434,-1.583726,0.323742,0.228211,1.469686,-0.847633,-0.962822,0.627098,0.201386,0.215520,0.448627,1.295276,0.749654,-0.681791,0.472356
-0.937416,0.461011,1.275704,0.303027,0.431272,0.523825,-1.507174,0.356331,0.720161,0.303256,0.273731,0.252371,0.881864,0.770175,0.357973,0.486582,0.337648,0.397180,-1.866501,0.892854,0.157594,-0.951530,-1.733364,0.007906,-0.650942,-0.996109,0.582737,0.318383,0.311917,-0.551733,1.425546,0.277762,509.026371,1.567013,-1.525615,0.167143,0.346477,1.491184,-0.270975,0.190110,0.233539,0.254970,0.405738,0.079026,1.865058,1.225564,-0.421433,1.142004
0.346162,0.700930,2.365749,0.025164,0.279967,0.175678,-1.345081,0.271822,0.320237,0.024624,0.062148,0.154957,0.337634,-0.192956,0.117611,0.051936,0.021370,-0.063877,-1.357679,0.590701,0.004638,0.391918,-1.496775,-0.096079,-0.156846,0.198209,1.367354,0.090712,-0.466906,-1.757301,0.278315,0.277712,832.134623,1.225477,-1.107418,0.023112,0.062799,1.809951,-0.247219,0.429099,0.125930,0.003779,0.359082,0.224144,0.386500,0.583647,0.128729,0.080470
-0.660908,0.572641,1.356029,0.238120,0.373881,0.341953,-1.429674,0.708270,-0.242708,0.073678,0.170552,0.288792,0.504980,0.606898,0.272920,0.141999,0.183873,0.112022,-1.456929,0.776359,-0.117380,0.252536,-1.653590,-0.014434,-1.573063,-0.034000,1.367354,0.221012,-0.689021,-1.375497,0.321381,0.389742,620.942367,1.317516,-1.318532,0.103885,0.106745,1.164168,-0.814423,-0.680838,0.501839,0.142331,0.415580,0.126301,0.989009,0.810731,-0.454893,0.106089
-0.660908,0.418777,0.590120,0.236065,0.335912,0.302571,-1.387784,0.433251,0.430496,0.116087,0.308836,0.364978,0.504980,0.606898,0.130596,0.187412,0.233109,0.514201,-1.476635,0.784416,0.654915,-0.082097,-1.646488,0.449283,-1.573063,0.109044,0.689056,0.177193,-0.610638,-1.375497,0.323149,0.377016,309.084961,1.390136,-1.397630,0.354533,0.123666,1.585818,-0.814423,-0.742275,0.427897,0.171315,0.289568,0.364297,0.989009,0.463734,-0.454893,0.180891
-0.447239,0.584993,0.729188,0.202732,0.314729,0.227000,-1.589675,0.209149,0.414091,0.147686,0.246539,0.160424,0.539334,1.145260,0.316618,0.186530,0.280735,0.516237,-1.745719,0.684175,0.422835,-0.395349,-1.827652,0.283111,-0.747035,-0.430690,0.775256,0.207136,0.130432,-0.418785,0.300673,0.228565,286.346794,1.499187,-1.286795,0.242615,0.199453,1.158639,-0.426871,0.379414,0.119949,0.292651,0.436423,0.073501,1.539730,0.688276,-0.331173,0.454019
0.115400,0.716217,2.226063,0.019197,0.235193,0.260316,-1.307348,0.186169,0.183005,0.010098,0.080555,0.279811,0.289394,-0.197886,0.119373,0.043212,0.011716,0.499553,-1.130244,0.563160,-0.092453,0.101478,-1.469964,-0.051003,-0.144400,0.187980,0.742864,0.104998,-0.342994,-0.719048,0.274955,0.110519,721.612044,1.164266,-1.361615,0.022987,0.040123,1.447248,-0.251155,0.529660,0.124397,0.002720,0.229784,0.160857,0.355301,0.403141,0.400406,0.041500
0.256743,0.650573,2.032977,0.172252,0.338832,0.354829,-1.467011,0.259724,0.608215,0.073755,0.233728,0.181977,0.618416,0.649395,0.227223,0.152850,0.146271,-0.290329,-1.629275,0.811712,0.504176,0.016542,-1.637625,0.353386,-0.637269,-0.097031,0.562113,0.130661,-0.394667,-1.192585,0.478731,0.437722,811.366084,1.433298,-1.551632,0.295685,0.199223,1.242419,-0.678358,-0.726923,0.673051,0.152724,0.370075,0.331158,1.202518,0.424734,-0.652992,0.411469
-0.899869,0.499960,0.608934,0.268957,0.325201,0.290977,-1.457030,0.454258,0.777508,0.204533,0.262102,0.255033,0.595741,0.713856,0.306446,0.186323,0.219500,0.681528,-1.672326,0.723090,0.570243,-0.843059,-1.607180,0.374258,-0.745259,-0.498224,0.847495,0.198814,0.453490,-0.389226,0.993046,0.155199,279.037680,1.402651,-1.556967,0.335814,0.253062,1.725646,-0.551446,-0.322000,0.295615,0.200909,0.582461,0.085590,1.216368,0.643685,-0.097971,0.590496
0.072888,0.651473,1.298956,0.017416,0.232566,0.583302,-1.212185,0.201973,0.297445,0.030490,0.057509,0.376162,0.268393,-0.189328,0.167291,0.068811,0.013868,0.263013,-1.207495,0.572569,-0.100084,0.352048,-1.521259,-0.098959,-0.168525,0.110118,0.411631,0.186202,0.174215,-0.757305,0.280333,0.077087,528.196254,1.152938,-1.052414,0.026262,0.097202,1.672382,-0.245213,0.521036,0.063809,0.004291,0.320471,0.023712,0.375538,0.074597,0.145647,0.078273
0.554916,0.811583,0.634354,0.007767,0.170108,0.121961,-0.840437,0.025545,0.132095,0.004370,0.024388,0.067210,0.186554,-0.201167,0.036106,0.033618,0.007062,-0.107719,-0.923890,0.540380,-0.075108,0.300972,-1.225380,-0.180420,-0.122237,0.199993,0.340478,0.072788,-0.032785,-0.753568,0.269464,0.030904,258.612906,0.865689,-0.928206,0.007929,0.024052,1.281026,-0.250363,0.706869,0.053306,0.002150,0.115670,0.055542,0.343323,0.011964,0.183667,-0.039372
0.646724,0.469534,0.954284,0.102288,0.251397,0.157915,-1.497366,0.091873,0.714805,0.091371,0.138614,0.104169,0.430318,0.066257,0.087502,0.068275,0.096692,0.115144,-1.701107,0.586020,0.351722,-0.150804,-1.435332,0.249264,-0.380175,0.099225,0.418958,0.106115,-0.107508,-0.671955,0.490874,0.104270,442.156546,1.407570,-1.271029,0.207216,0.095463,0.970393,-0.496622,-0.227731,0.438288,0.070986,0.191677,0.291129,1.042809,0.383022,-0.383663,0.266984
-0.759068,0.491759,0.572270,0.226851,0.290332,0.321448,-1.365491,0.502971,0.766906,0.197235,0.233220,0.339032,0.592682,0.791237,0.324278,0.208769,0.274074,0.758497,-1.530666,0.726296,0.344699,-0.426575,-1.723362,0.237433,-0.527439,-0.691367,0.590448,0.171182,0.382476,-0.669825,1.170027,0.110929,287.946449,1.334676,-1.239166,0.283467,0.227328,1.637709,-0.515721,0.048330,0.179985,0.216985,0.573329,0.142881,1.566268,0.906354,-0.244990,0.654320
0.054886,0.681803,0.487554,0.018077,0.212186,0.405961,-0.785966,0.148461,0.156700,0.023341,0.047333,0.225323,0.259634,-0.196529,0.176607,0.074307,0.016222,0.326810,-0.949969,0.541455,-0.106166,0.050856,-1.310159,-0.114432,-0.156407,0.189372,0.518563,0.130646,-0.258133,-0.687421,0.277836,0.071314,218.353497,0.804719,-1.060773,0.030206,0.090755,1.326023,-0.246535,0.607700,0.029220,0.003168,0.539724,0.107784,0.382768,0.561124,0.223724,0.135509
0.367977,0.836768,0.536784,0.012629,0.174171,0.264087,-0.913695,0.041349,-0.278060,0.005879,0.024502,0.113445,0.183235,-0.197108,0.033237,0.027284,0.007775,0.061898,-1.021336,0.518205,-0.089211,0.244807,-1.326503,-0.166802,-0.120353,0.208383,0.317529,0.078183,-0.432060,-0.720800,0.273991,0.062526,239.354233,0.910433,-1.031473,0.003734,0.020896,1.018477,-0.244708,0.794566,0.019738,0.001374,0.147996,0.044231,0.347839,0.379822,0.150781,-0.019424
0.198810,0.659162,1.979964,0.365465,0.275832,0.279572,-1.342169,0.120983,0.266743,0.071070,0.375995,0.215956,0.441001,0.098714,0.135360,0.209798,0.226382,-0.083862,-1.367749,0.695531,0.542421,-0.600178,-1.257265,-0.189533,-0.745834,-0.061537,0.442537,0.200649,-0.513680,-1.116914,0.330772,0.258721,802.168019,1.180390,-1.487609,0.104625,0.165197,1.403725,-0.259952,-0.599590,0.512571,0.052286,0.357510,0.235561,1.328860,0.395648,-0.440096,0.335215
0.198810,0.531461,1.051290,0.368852,0.299182,0.183226,-1.455847,0.160490,1.015553,0.075876,0.476907,0.300509,0.441001,0.098714,0.182239,0.198558,0.200402,0.325266,-1.672102,0.713482,1.185305,-0.608473,-1.368104,0.377726,-0.745834,-0.061537,0.611531,0.248183,-0.513680,-1.116914,0.339424,0.230527,452.259220,1.422914,-1.631308,0.300540,0.167470,1.696049,-0.506416,-0.755956,0.576250,0.060076,0.172677,0.521659,1.328860,0.446763,-0.440096,0.335215
0.252553,0.588794,0.449188,0.254909,0.265640,0.172958,-1.495744,0.155253,1.016650,0.101227,0.199615,0.384788,0.480521,-0.135005,0.081505,0.212205,0.232187,1.050878,-1.629226,0.709929,1.185305,-0.599531,-1.529813,0.461096,0.053864,0.185129,0.611531,0.184263,0.306396,-0.072797,0.339424,0.041239,202.486040,1.414564,-1.413565,0.246619,0.179831,1.139404,-0.506416,-0.755956,0.645697,0.134809,0.184528,0.203802,0.716347,0.509658,-0.291734,0.460678
-0.651203,0.628425,0.455266,0.330379,0.374531,0.501178,-1.540008,0.365965,1.083812,0.347511,0.311440,0.321352,0.621513,1.384972,0.292145,0.477020,0.377338,1.339907,-1.590917,0.791862,1.179716,-1.476876,-1.757860,0.461096,-0.755157,-0.663181,0.557315,0.352882,0.714957,-0.485311,1.478925,0.259848,200.378667,1.404876,-1.555900,0.351055,0.287626,1.066832,-0.477816,0.031497,0.238378,0.312176,0.364131,0.104967,1.996620,0.743899,-0.234992,0.722205
0.111612,0.760813,1.446834,0.014474,0.239801,0.218327,-1.214896,0.158609,0.240785,0.014482,0.075982,0.295069,0.279415,-0.197975,0.113283,0.065402,0.010883,0.588442,-1.301260,0.577777,-0.072500,0.093675,-1.309365,-0.014377,-0.125616,0.163702,0.512362,0.119798,-0.295189,-0.609177,0.272708,0.264709,544.755938,1.140896,-1.170753,0.025764,0.045675,1.723783,-0.240618,0.464842,0.158336,0.002121,0.175837,0.185718,0.373915,0.356527,0.401631,0.040311
0.442665,0.928950,2.027394,0.023563,0.289781,0.223863,-1.265413,0.213251,-0.139472,0.025339,0.079672,0.261719,0.413703,-0.176349,0.113984,0.071862,0.020555,0.350175,-1.349286,0.531905,-0.080167,0.093675,-1.477904,-0.095556,-0.226133,0.070409,0.362057,0.071110,-0.715343,-0.581897,0.311718,0.183374,737.829864,1.301956,-1.054167,0.043890,0.051085,1.826064,-0.240618,0.839184,0.036947,0.005326,0.327142,0.161031,0.503803,0.551818,0.267335,0.028100
-0.039124,0.540521,0.774854,0.150937,0.273944,0.148524,-1.371120,0.282278,0.259760,0.151245,0.322681,0.327289,0.358316,-0.030350,0.071797,0.164739,0.191632,0.772189,-1.674743,0.892401,1.166098,-0.657162,-1.463039,0.029532,-0.790615,-0.023109,0.445734,0.205920,-0.015431,-0.958456,0.433320,0.101137,399.204917,1.384176,-1.402001,0.290803,0.147790,1.460496,-0.829478,-0.631292,0.470715,0.115909,0.205331,0.066850,0.850520,0.337421,-0.176709,0.090100
-0.065192,1.267108,0.428061,0.002468,0.173101,0.034861,-0.967904,0.043518,-0.640361,0.002208,0.005317,0.028593,0.180216,-0.202186,0.010712,0.006598,0.002022,-0.024468,-1.177983,0.505885,-0.103549,0.378480,-1.168875,-0.175312,-0.110244,0.222703,0.296680,0.013917,-0.699205,-0.441433,0.269699,0.023339,238.367413,0.992487,-1.089055,0.002933,0.006059,1.341457,-0.241467,1.243949,0.011406,0.000739,0.191830,0.015172,0.355182,0.455202,0.151602,-0.109678
-0.016685,1.234002,0.371796,0.002134,0.177976,0.014296,-0.946056,0.022064,-0.637511,0.001765,0.004089,0.012870,0.182030,-0.200817,0.006631,0.003718,0.001553,-0.089272,-0.989142,0.501778,-0.105132,0.341830,-1.141648,-0.167060,-0.111476,0.227490,0.293337,0.006169,-0.712038,-0.407757,0.272054,0.022919,167.105229,0.915892,-1.210668,0.001916,0.012511,1.037799,-0.240517,1.187551,0.017041,0.000762,0.035892,0.016604,0.352952,0.479231,0.146375,-0.107018
0.252465,0.900716,0.367619,0.004628,0.209423,0.048260,-1.074653,0.098017,-0.237360,0.008898,0.021151,0.083519,0.275020,-0.196243,0.025716,0.027006,0.006287,0.309886,-1.067356,0.528467,-0.061034,0.128088,-1.589485,-0.106777,-0.107078,0.196149,0.301031,0.064182,-0.514819,-0.248246,0.276471,0.064267,161.582971,1.024806,-1.310994,0.026282,0.032316,1.105798,-0.243000,0.768034,0.047819,0.001867,0.375352,0.074371,0.359848,0.506367,0.071746,0.025768
-0.273528,0.558727,1.141594,0.132894,0.339260,0.175878,-1.266253,0.650656,-0.006030,0.069508,0.075429,0.119510,0.508874,0.244483,0.184805,0.109742,0.094788,-0.308505,-1.128656,0.779325,-0.092257,0.151616,-1.559701,0.118594,-0.821582,0.065842,0.473402,0.140818,-0.845231,-1.033264,0.399544,0.428766,516.538274,1.070823,-1.130651,0.107324,0.079610,0.748583,-0.546017,-0.687546,0.511378,0.077711,0.357194,0.232322,0.647454,0.469126,-0.493506,0.050229
-0.273528,0.542952,0.643030,0.122288,0.308755,0.102282,-1.057485,0.293216,0.595123,0.097155,0.164239,0.356378,0.488602,0.244483,0.059923,0.127363,0.171477,0.648732,-0.848041,0.779325,0.591203,0.100505,-1.546618,0.431766,-0.821582,0.155870,0.417998,0.095258,-0.524781,-0.295890,0.399544,0.071155,333.449427,0.743284,-0.930787,0.310953,0.175901,1.577164,-0.688414,-0.707668,0.597790,0.160728,0.233000,0.325161,0.647454,0.356250,-0.493506,0.320318
-0.619739,0.548999,0.797203,0.180415,0.377472,0.307663,-1.574090,0.315104,0.609003,0.171486,0.188622,0.280382,0.589372,0.524322,0.275339,0.234677,0.194778,0.776180,-1.631031,0.789555,0.017737,-0.480041,-1.685768,-0.070354,-0.500997,-0.396483,0.641727,0.226016,0.151230,-0.523672,0.800414,0.190499,319.322539,1.356183,-1.270495,0.101962,0.205159,1.476677,-0.255049,0.368763,0.160922,0.192729,0.591858,0.126873,1.177297,0.526837,-0.687949,0.801684
0.487403,0.737692,1.703422,0.035652,0.260884,0.170577,-1.642745,0.295711,0.182271,0.021590,0.048891,0.380032,0.305283,-0.194797,0.049311,0.055413,0.025660,0.079321,-1.687458,0.554004,-0.022486,0.456036,-1.570334,-0.098945,-0.150286,0.207596,0.473754,0.080542,-0.568804,-0.815905,0.289381,0.168550,599.553132,1.471908,-1.306885,0.020511,0.042476,1.315989,-0.252167,0.528705,0.096415,0.003989,0.157964,0.211342,0.418430,0.444275,0.427901,-0.005613
0.066657,0.654677,1.221913,0.201885,0.351697,0.345353,-1.293116,0.487445,-0.102389,0.072263,0.211382,0.350356,0.572437,0.560381,0.251118,0.200303,0.170771,0.259729,-1.093891,0.665804,0.040735,-0.178527,-1.654961,0.072468,-1.341451,-0.064832,0.663975,0.250632,-0.991304,-1.254871,0.377521,0.330577,553.514121,0.814659,-1.184301,0.099600,0.129911,1.288798,-0.512045,-0.574491,0.476049,0.131957,0.539653,0.220112,1.095444,0.525028,-0.698504,0.292493
0.066657,0.440468,0.644505,0.279633,0.351489,0.251805,-1.417851,0.352723,0.839769,0.099001,0.199274,0.302747,0.563644,0.427637,0.179899,0.173291,0.206202,0.627587,-1.571907,0.669074,0.469264,-0.178527,-1.666107,0.636163,-1.172255,-0.064832,0.673430,0.181083,-0.846492,-0.424007,0.381966,0.253771,304.898127,1.442172,-1.320936,0.348385,0.179796,1.880810,-0.696662,-0.700949,0.483782,0.144448,0.355155,0.539204,1.095444,0.562681,-0.698504,0.364775
-0.765101,0.579500,1.178515,0.297597,0.390974,0.460762,-1.534101,0.407315,0.807807,0.463546,0.447582,0.189140,0.913918,0.778841,0.387209,0.434566,0.413762,0.506400,-1.733684,0.980848,0.295572,-1.993779,-1.690193,0.096212,-0.575933,-1.479943,0.750680,0.572114,0.060972,-0.753560,2.127368,0.249350,385.503516,1.442289,-1.267324,0.197727,0.360265,2.310853,-0.307660,0.302003,0.195983,0.270224,0.457974,0.185093,2.002251,1.027529,-0.757003,1.049942
0.431165,0.729429,2.189037,0.162277,0.319378,0.126125,-1.401155,0.268139,0.158780,0.037545,0.230725,0.302693,0.424049,-0.184533,0.153921,0.155001,0.072540,0.322606,-1.473458,0.569895,-0.015970,-0.008423,-1.350231,-0.079224,-0.358696,0.178519,0.750680,0.254922,-0.708757,-0.827415,0.288119,0.268484,806.218528,1.193498,-1.047325,0.067580,0.093740,1.548747,-0.269474,0.481798,0.112200,0.018654,0.239996,0.226016,0.526998,0.525883,0.500443,0.096670
-0.977989,0.573424,1.458342,0.180415,0.415238,0.393336,-1.385390,0.866001,-0.342910,0.081359,0.194992,0.301120,0.627327,0.534243,0.275521,0.181578,0.179526,0.412061,-1.506416,0.861336,-0.086226,0.052401,-1.680636,-0.104392,-1.186837,-0.084574,0.486036,0.184182,-1.159670,-1.231451,0.350800,0.390669,676.219741,1.307826,-1.257938,0.120479,0.141171,1.688382,-0.714591,-0.902281,0.547111,0.136976,0.440782,0.224096,1.221227,0.871547,-0.658953,0.195490
-0.977989,0.646654,0.519840,0.231716,0.311671,0.125365,-1.492049,0.582305,0.764548,0.071307,0.212706,0.233058,0.480371,0.534243,0.069867,0.147697,0.190136,0.466917,-1.691072,0.867601,0.528928,-0.092563,-1.582461,0.744875,-1.186837,0.136108,0.555047,0.180286,-0.888366,-0.487455,0.350800,0.423874,269.412554,1.489863,-1.558198,0.245741,0.119520,1.334976,-0.792845,-0.991788,0.494643,0.151739,0.119613,0.498354,1.221227,0.545350,-0.658953,0.326141
-0.635228,0.616677,0.470387,0.315883,0.351287,0.464654,-1.573407,0.293510,0.667596,0.382214,0.393788,0.520371,0.656981,0.579195,0.304013,0.684501,0.318797,0.858546,-1.741874,0.893764,0.364845,-0.820202,-1.567157,0.427180,-1.505408,-0.821876,0.685618,0.666606,0.086042,-1.750076,1.714163,0.313400,178.490913,1.424152,-1.280171,0.140967,0.320527,1.158681,-0.305807,0.468341,0.126849,0.251488,0.635929,0.160734,1.897905,0.934172,-0.449169,0.911588
0.236334,0.846504,1.571038,0.031745,0.283869,0.126362,-1.233546,0.323265,0.080623,0.021151,0.066785,0.163574,0.370918,-0.198998,0.056138,0.065140,0.019023,-0.131947,-1.162128,0.556160,-0.082776,0.388487,-1.419668,-0.130355,-0.184892,0.210812,0.461041,0.110215,-0.496794,-0.685077,0.277235,0.260138,532.243837,1.179567,-1.204464,0.040333,0.039104,1.155469,-0.253897,0.651953,0.087049,0.004636,0.157760,0.171628,0.416120,0.531295,0.485478,0.039932
-0.313931,0.639487,1.393784,0.238200,0.386408,0.353572,-1.361812,0.603200,-0.135350,0.097074,0.155368,0.233459,0.574355,0.716816,0.268204,0.155365,0.206027,0.003965,-1.442557,0.782209,0.053626,0.144912,-1.662310,0.100995,-1.470235,0.008391,0.704075,0.192277,-0.786436,-1.247537,0.386735,0.426953,566.986308,1.298956,-1.433630,0.146438,0.102413,1.727374,-0.627545,-0.848130,0.622218,0.152782,0.408015,0.176430,0.949325,0.659571,-0.504366,0.134329
-0.313931,0.647485,0.396061,0.327193,0.350225,0.171680,-1.388707,0.321411,0.510008,0.115989,0.422188,0.350251,0.565585,0.716816,0.085662,0.142102,0.231382,0.889618,-1.620535,0.782209,0.898641,-1.013709,-1.365916,0.592061,-1.470235,0.122530,0.541283,0.151042,-0.516705,-0.638426,0.386735,0.239523,216.796848,1.412453,-1.402062,0.333543,0.218866,1.294923,-0.666361,-0.862937,0.696729,0.231141,0.135342,0.318824,0.949325,0.487463,-0.504366,0.555687
-0.515005,0.495139,0.467391,0.311052,0.416850,0.397024,-1.610385,0.297332,0.611859,0.233491,0.437125,0.455579,0.727240,0.798952,0.347269,0.445170,0.359051,0.905074,-1.986621,0.759515,0.804422,-0.998523,-1.633002,-0.032585,-1.031650,-0.401835,0.646398,0.587551,0.046524,-0.700435,1.302534,0.160268,200.540968,1.647263,-1.326655,0.133606,0.245206,1.295094,-0.247464,0.288421,0.231314,0.240089,0.633690,0.133956,2.023365,0.814284,-0.660283,0.772715
0.404183,0.641017,2.194706,0.018190,0.298394,0.147249,-1.244195,0.274978,0.118349,0.031319,0.121247,0.200959,0.352209,-0.139252,0.074767,0.048729,0.035046,0.264604,-1.252476,0.540965,-0.103138,0.252741,-1.329123,-0.123332,-0.175824,0.203110,0.501039,0.057599,-0.737936,-0.907429,0.285038,0.239237,858.893078,1.214315,-1.111128,0.028826,0.067213,1.384047,-0.253686,0.420133,0.093452,0.012243,0.134029,0.240435,0.400636,0.461094,0.499726,0.075171
-0.908506,0.547152,1.505730,0.214454,0.367644,0.455469,-1.520634,0.822179,-0.446026,0.099558,0.153892,0.176736,0.563509,0.673395,0.334241,0.150467,0.139609,-0.058619,-1.561584,0.847548,-0.092501,-0.371717,-1.598353,-0.167390,-0.941558,-0.126225,0.806355,0.296294,-1.027623,-1.544010,0.342253,0.421784,769.697438,1.307360,-1.309777,0.140293,0.122612,1.457606,-0.849483,-0.786030,0.534961,0.146561,0.388852,0.169001,1.040385,0.759578,-0.497819,0.176989
-0.908506,0.525811,0.542460,0.135663,0.333080,0.131148,-1.477918,0.534502,0.409875,0.088087,0.406376,0.399223,0.463733,0.673395,0.154739,0.108898,0.119796,0.633387,-1.673197,0.847548,1.140883,-0.255765,-1.224754,0.458171,-0.824006,0.163860,0.552364,0.125942,-0.785071,-0.882638,0.342253,0.175757,256.194669,1.450413,-1.369384,0.254581,0.139379,1.538563,-0.849483,-0.794029,0.550711,0.170029,0.203817,0.364938,1.040385,0.471579,-0.497819,0.296027
-0.498110,0.673829,0.984335,0.268264,0.386917,0.381594,-1.462336,0.255839,0.432632,0.270007,0.314998,0.333732,0.762210,0.780635,0.370983,0.387151,0.414910,1.086780,-1.689144,0.934762,0.347999,-1.112419,-1.639373,0.367639,-0.525763,-0.456525,0.906499,0.408101,0.073171,-0.887336,1.254462,0.143023,362.226294,1.517752,-1.330177,0.184745,0.278205,1.717775,-0.427949,0.416361,0.231333,0.257839,0.579027,0.082503,1.726140,0.957102,-0.542671,0.875276
0.312909,0.780586,3.640776,0.010680,0.283471,0.058620,-1.168631,0.226350,0.084950,0.023916,0.076455,0.169384,0.340465,-0.190286,0.080773,0.052976,0.021266,0.092927,-1.280083,0.533503,-0.103783,0.221741,-1.193686,-0.144260,-0.187740,0.193025,0.560632,0.061244,-0.786911,-1.032294,0.273815,0.190035,1258.358085,1.181420,-1.123027,0.023120,0.051863,1.665102,-0.252257,0.522672,0.112537,0.005941,0.154648,0.239543,0.386508,0.389191,0.426345,0.038047
-0.858230,0.602522,2.081232,0.273485,0.351025,0.363484,-1.582371,0.711634,-0.457530,0.078231,0.144625,0.321528,0.569898,0.323478,0.184107,0.185062,0.138559,0.515369,-1.677028,0.776370,-0.070438,-0.215132,-1.539657,-0.249537,-0.852252,-0.014262,0.380665,0.196165,-1.046445,-1.628895,0.317632,0.357713,881.862662,1.424512,-1.189650,0.136464,0.107976,1.607654,-0.753190,-0.691239,0.560970,0.113347,0.487087,0.159597,0.798821,0.667900,-0.521085,0.162642
-0.858230,0.474294,0.539587,0.117546,0.344007,0.151172,-1.570781,0.525368,0.485942,0.109602,0.376482,0.324446,0.476210,0.323478,0.091040,0.154022,0.129741,0.778425,-1.764319,0.776547,1.312268,-0.482089,-1.594542,0.554778,-0.852252,0.107753,0.560509,0.158444,-0.945808,-0.831866,0.317632,0.225103,298.980943,1.504034,-1.203272,0.293483,0.117508,1.470756,-0.782832,-0.701687,0.498005,0.134134,0.216177,0.465031,0.798821,0.518716,-0.521085,0.193639
-0.742605,0.762072,0.669956,0.343746,0.384382,0.544845,-1.466347,0.365677,0.524700,0.305479,0.450305,0.335565,0.755326,0.367670,0.303705,0.407529,0.469383,0.795453,-1.730099,0.708675,1.151523,-1.918616,-1.767699,0.461295,-0.546835,-0.737929,1.204761,0.500220,0.188267,-1.103456,1.525477,0.251040,270.944881,1.507878,-1.575231,0.242363,0.318340,1.473714,-0.406059,0.493089,0.221987,0.229162,0.588884,0.083552,1.439484,1.132504,-0.400232,1.140815
0.029519,0.795615,2.647464,0.011880,0.306956,0.170105,-1.317035,0.314404,0.252511,0.024073,0.133748,0.252015,0.378259,-0.187845,0.165921,0.092423,0.011072,0.422693,-1.396896,0.535093,-0.102644,0.221176,-1.297358,-0.069074,-0.141192,0.199572,1.426196,0.064782,-0.595127,-0.839529,0.277857,0.227391,1055.293403,1.293909,-1.100004,0.032232,0.037811,1.562490,-0.248602,0.540587,0.140060,0.004196,0.240033,0.260933,0.354854,0.469706,0.496646,0.020933
-0.674088,0.656292,1.500030,0.183605,0.393612,0.306059,-1.578139,0.667939,-0.260487,0.080374,0.113403,0.246848,0.603475,0.298354,0.271190,0.144570,0.140939,0.227045,-1.553348,0.878878,0.057786,0.058906,-1.594845,-0.120692,-0.908362,-0.046115,1.799730,0.200359,-0.885446,-1.361421,0.357763,0.407925,755.986251,1.243359,-1.277252,0.139205,0.137280,1.367478,-0.734055,-0.838995,0.618173,0.102551,0.415259,0.168874,0.845050,0.775471,-0.514603,0.255791
-0.674088,0.592324,0.660282,0.160690,0.366226,0.159662,-1.548338,0.467746,0.587862,0.093198,0.230735,0.365818,0.580920,0.298354,0.087667,0.169309,0.192867,0.637809,-1.711067,0.878878,1.025197,-0.166208,-1.340187,0.676128,-0.866745,0.111052,0.958122,0.142604,-0.735681,-0.673966,0.357763,0.261997,348.076907,1.497268,-1.451116,0.334009,0.190345,1.519451,-0.816496,-0.858970,0.627193,0.159864,0.308361,0.436549,0.845050,0.492391,-0.514603,0.488157
-0.712882,0.710004,0.465974,0.328086,0.401427,0.488201,-1.515255,0.348430,0.680528,0.360463,0.402002,0.408509,0.676278,0.354500,0.305450,0.585474,0.344776,0.758430,-1.834034,0.767910,0.088749,-1.495304,-1.752338,0.350157,-0.651954,-0.982420,0.772762,0.539492,0.325037,-1.284671,1.834074,0.275029,208.684160,1.602788,-1.643177,0.165501,0.341837,1.170629,-0.441947,0.454236,0.238628,0.223443,0.580919,0.085953,1.215670,0.982704,-1.021785,1.181318
0.204750,0.728492,2.140346,0.034206,0.319402,0.079899,-1.173805,0.344800,0.377192,0.031923,0.106710,0.166611,0.397298,-0.191919,0.085430,0.079603,0.018177,-0.006036,-1.212750,0.548487,-0.093928,0.392846,-1.247733,-0.120660,-0.181205,0.205256,0.587380,0.071554,-0.476354,-0.820957,0.273668,0.295501,779.206909,1.169175,-1.126804,0.040417,0.055050,1.508568,-0.254703,0.494353,0.103901,0.005494,0.204695,0.249825,0.382053,0.491394,0.510229,0.031801
-0.980734,0.556450,1.274950,0.272783,0.411222,0.398089,-1.190085,0.845887,-0.284048,0.082157,0.177036,0.239433,0.584149,0.592671,0.256730,0.130617,0.175544,0.276612,-1.107318,0.830678,-0.127361,0.027062,-1.498749,-0.101036,-1.060781,-0.058856,0.447393,0.201026,-0.880662,-1.361134,0.343208,0.397739,592.960105,0.854534,-1.377726,0.115323,0.100701,1.376541,-0.872319,-0.842584,0.543484,0.153246,0.371101,0.177931,1.318388,0.892750,-0.525988,0.121800
-0.980734,0.595928,0.505210,0.183390,0.361497,0.124222,-1.567239,0.605514,0.635588,0.072822,0.251009,0.243986,0.524821,0.592671,0.078562,0.132717,0.178697,0.367321,-1.811325,0.830678,0.805153,-0.148118,-1.471233,0.591405,-1.060781,0.074339,0.555443,0.137431,-0.808628,-0.898499,0.343208,0.333967,266.685045,1.496863,-1.462714,0.328711,0.132474,1.325313,-0.872319,-0.924939,0.533888,0.180940,0.149783,0.473163,1.318388,0.549587,-0.530349,0.302557
-0.783386,0.606757,0.465253,0.295606,0.407876,0.452399,-1.592162,0.383667,0.635588,0.309514,0.255685,0.321346,0.765257,0.668831,0.355058,0.464150,0.355978,0.770244,-1.852550,0.750124,0.365338,-0.729591,-1.738999,0.441404,-0.771501,-0.561667,0.737400,0.412579,0.337845,-0.725051,1.344094,0.210668,187.751383,1.524795,-1.246354,0.255892,0.344387,1.267765,-0.555080,0.285722,0.262860,0.279961,0.603437,0.051585,1.591917,0.997807,-0.720508,1.056176
0.330787,0.598292,1.963233,0.023003,0.312642,0.086918,-1.484611,0.347541,0.438057,0.034517,0.074034,0.221853,0.358862,-0.193716,0.071789,0.070117,0.019212,0.231638,-1.653016,0.556893,-0.109947,0.357154,-1.453840,-0.129992,-0.178626,0.185748,0.585192,0.073221,-0.489803,-0.735084,0.277378,0.289786,757.892750,1.466879,-1.170121,0.029135,0.082192,1.415709,-0.257267,0.343238,0.122526,0.004195,0.279781,0.251280,0.395128,0.539763,0.562607,0.056309
-0.703112,0.563382,1.471414,0.238943,0.406098,0.311846,-1.522860,0.793119,-0.225838,0.092443,0.148418,0.143412,0.665632,0.511223,0.239066,0.143959,0.133805,0.058675,-1.619589,0.828396,-0.127044,0.190226,-1.704037,0.162460,-1.291290,-0.029461,0.445748,0.231230,-0.943716,-1.149338,0.404590,0.375681,681.907213,1.450440,-1.419745,0.119276,0.140181,1.365283,-0.767786,-0.842859,0.503800,0.150034,0.460013,0.224321,0.945275,0.805665,-0.639366,0.280253
-0.703112,0.584721,0.895901,0.240739,0.401159,0.114624,-1.520085,0.520638,0.660766,0.143531,0.189656,0.289213,0.665632,0.511223,0.069193,0.284801,0.246387,0.486969,-1.771682,0.831075,0.669951,-0.101145,-1.527205,0.909576,-1.291290,0.053080,0.486598,0.235410,-0.886477,-1.068369,0.404590,0.418341,421.551012,1.538453,-1.392299,0.409557,0.235842,1.614104,-0.790614,-0.914029,0.612447,0.211547,0.272324,0.510529,0.945275,0.437046,-0.639366,0.628451
-0.686232,0.640601,0.433200,0.249098,0.370368,0.400149,-1.371241,0.277906,0.640540,0.278694,0.283200,0.362243,0.715492,0.725718,0.295197,0.476800,0.261013,0.812730,-1.476164,0.759186,0.190977,-0.398574,-1.645620,0.256976,-1.103407,-0.970115,0.694726,0.413561,0.093067,-0.974102,1.120204,0.266012,194.609203,1.222497,-1.254873,0.172679,0.325939,1.038683,-0.281541,0.434658,0.183351,0.211139,0.479893,0.154578,1.333201,1.057383,-0.389247,0.718983
0.260449,0.820355,2.050178,0.014357,0.279339,0.091124,-1.192555,0.258908,0.196391,0.020653,0.085497,0.178248,0.366996,-0.196772,0.037865,0.055585,0.010997,-0.130533,-1.208930,0.538199,-0.104077,0.445713,-1.137244,-0.163887,-0.150369,0.208965,0.455552,0.083527,-0.557442,-0.668264,0.274915,0.258797,732.010810,1.243613,-1.046629,0.038696,0.046687,1.561640,-0.249500,0.531965,0.136794,0.003628,0.173673,0.210042,0.375421,0.514648,0.496802,0.051174
-0.286087,0.658273,1.287928,0.165363,0.388852,0.293028,-1.490242,0.581970,-0.161456,0.080723,0.141853,0.312588,0.584214,0.557859,0.317241,0.124233,0.162684,0.201666,-1.488494,0.816055,-0.112816,0.158318,-1.699702,-0.037347,-1.303500,-0.018041,0.736717,0.230077,-0.815711,-1.383214,0.332020,0.374009,593.942472,1.336301,-1.367939,0.127502,0.105811,1.301533,-0.677249,-0.800118,0.594353,0.113784,0.472693,0.157328,0.860356,0.683033,-0.476069,0.181182
-0.286087,0.538950,0.477194,0.178297,0.356615,0.092447,-1.491039,0.374506,0.649869,0.099843,0.238309,0.397504,0.584214,0.557859,0.110502,0.148420,0.184381,0.704107,-1.715393,0.816055,0.742428,-0.293910,-1.626818,0.581253,-1.303500,0.163684,0.736717,0.170497,-0.662875,-0.991598,0.371368,0.285484,257.866771,1.441103,-1.301123,0.347620,0.179425,1.588895,-0.677249,-0.808751,0.571084,0.160535,0.143503,0.417248,0.860356,0.459400,-0.476069,0.495511
-0.632895,0.609307,0.450317,0.243849,0.386364,0.380440,-1.567581,0.289845,0.683902,0.266818,0.230658,0.373663,0.709460,0.733812,0.330566,0.372377,0.304613,0.724229,-1.755548,0.796217,0.418575,-0.431819,-1.667600,0.303104,-0.793514,-0.317336,0.724127,0.456194,0.293150,-0.705488,1.256963,0.177910,182.159837,1.577881,-1.427333,0.196378,0.301768,1.232245,-0.426358,0.321933,0.257223,0.247952,0.821670,0.082003,1.239342,1.033265,-0.855087,0.826955
0.167520,0.664428,2.044934,0.026796,0.272872,0.101627,-1.376339,0.255646,0.392603,0.019153,0.088851,0.249620,0.329908,-0.190013,0.059001,0.053696,0.020034,0.475084,-1.466949,0.538268,-0.099247,0.333739,-1.492890,-0.125395,-0.168933,0.185249,0.512222,0.090850,-0.535089,-0.959764,0.280072,0.188365,655.555788,1.275662,-1.029903,0.021737,0.042660,2.032668,-0.255393,0.406427,0.135245,0.004629,0.239924,0.255686,0.370909,0.447709,0.457878,0.055994
-0.147954,0.513618,0.770439,0.246640,0.400778,0.340800,-1.424893,0.427401,0.372538,0.104874,0.231400,0.279528,0.615874,0.377534,0.355113,0.170193,0.110039,0.319880,-1.611593,0.864643,0.686592,-0.140584,-1.738615,0.448756,-0.941319,-0.102470,0.697689,0.183064,-0.833290,-1.350224,0.409082,0.530922,417.546914,1.353199,-1.394442,0.425696,0.131310,1.367372,-0.610818,-0.832901,0.523139,0.114293,0.422326,0.441538,0.703827,0.633877,-0.549150,0.142707
-0.325355,0.729157,1.517893,0.023663,0.232094,0.298293,-1.134262,0.169524,0.396071,0.013537,0.151327,0.220317,0.291066,-0.197733,0.109291,0.095216,0.012524,0.571145,-1.218689,0.543737,-0.077306,0.213736,-1.420327,-0.017863,-0.145786,0.182769,0.620557,0.154533,-0.281444,-0.719824,0.271655,0.162845,763.684202,1.129333,-1.156012,0.021051,0.035209,1.670783,-0.247348,0.439961,0.136038,0.002825,0.267452,0.216288,0.371101,0.371453,0.290093,0.064048
0.422356,1.017890,0.447504,0.002587,0.182650,0.029445,-0.781736,0.029743,-0.457011,0.002531,0.013937,0.054475,0.188778,-0.189753,0.020013,0.010683,0.004303,0.036345,-1.000837,0.513917,-0.102330,0.333616,-1.145938,-0.169472,-0.110617,0.214366,0.307431,0.020064,-0.535220,-0.425453,0.278702,0.021718,197.412057,0.790527,-0.991572,0.002111,0.007343,1.399963,-0.241657,0.999364,0.009338,0.002180,0.055512,0.019587,0.357665,0.480460,0.154387,-0.090074
0.589035,0.902650,3.368212,0.016152,0.184479,0.115185,-1.398589,0.046789,-0.395655,0.019100,0.063812,0.550751,0.249375,-0.187744,0.082165,0.057685,0.016307,0.756169,-1.561887,0.537671,-0.108210,0.117105,-1.117292,-0.226933,-0.153175,0.196390,0.397887,0.112237,-0.856797,-1.415997,0.280758,0.073333,1242.161457,1.446460,-1.298329,0.029121,0.058711,1.650135,-0.253694,0.850057,0.041878,0.003171,0.368038,0.144561,0.363353,0.419226,0.083890,0.003856
-0.841393,0.600782,0.679644,0.241818,0.469660,0.215915,-1.510642,0.501395,0.347068,0.221693,0.521700,0.155164,0.634447,0.706514,0.179602,0.268141,0.239419,0.561720,-1.685872,0.868626,1.713650,-1.102990,-1.317077,0.475135,-0.989586,-0.033486,0.482249,0.341136,-0.872753,-1.591203,0.408815,0.476241,352.281429,1.475259,-1.105983,0.498046,0.253933,1.107408,-0.933084,-1.116775,0.617939,0.238797,0.386794,0.445049,1.047739,0.384519,-0.675412,0.405183
-0.379741,0.658691,0.887202,0.217678,0.344659,0.309695,-1.465114,0.215994,0.320685,0.225730,0.453559,0.137131,0.625595,1.023515,0.243497,0.271082,0.315984,0.527284,-1.763005,0.844618,1.713650,-1.102990,-1.666078,0.360660,-0.670313,-0.202088,0.635428,0.297714,0.057786,-0.645674,0.324929,0.252400,368.898051,1.501588,-1.280371,0.305367,0.225663,1.671097,-0.416509,0.380750,0.139472,0.330741,0.260875,0.069588,1.422085,0.611996,-0.558118,0.678757
0.030979,0.734031,2.018801,0.019131,0.257962,0.212751,-1.138219,0.181844,0.166347,0.013229,0.135086,0.225435,0.300955,-0.197315,0.135781,0.068491,0.011862,0.385575,-1.161386,0.539028,-0.093941,0.221147,-1.336915,-0.086452,-0.149397,0.189410,0.592251,0.070417,-0.335884,-0.623441,0.273129,0.082045,784.620184,1.216977,-1.189358,0.020175,0.019802,1.579782,-0.247105,0.528948,0.096910,0.002629,0.221012,0.157602,0.372803,0.354375,0.340641,0.025350
0.542006,0.404450,0.662451,0.178709,0.306129,0.299940,-1.489326,0.188545,-0.004012,0.083000,0.212217,0.120048,0.435112,0.063989,0.124692,0.129669,0.139207,-0.098010,-1.699364,0.862045,0.517400,-0.296782,-1.197653,0.463255,-0.335438,0.074466,0.386230,0.188410,-0.374407,-0.971496,0.483198,0.305554,359.372293,1.463076,-1.255362,0.291183,0.172835,1.156294,-0.648974,-0.213609,0.380790,0.087095,0.213554,0.149405,0.776494,0.402968,-0.328676,0.211618
-0.008954,1.122030,0.412335,0.016386,0.166325,0.081392,-1.019298,0.053535,-0.313139,0.012525,0.099964,0.092096,0.193683,-0.199158,0.108921,0.082014,0.013006,0.210723,-1.207305,0.568004,-0.081107,0.064774,-1.527438,-0.082527,-0.142403,0.174832,0.639491,0.098917,-0.647247,-0.633319,0.274557,0.059999,230.884866,1.054464,-1.123972,0.016130,0.028055,1.210842,-0.246084,0.881031,0.090448,0.002517,0.285498,0.099211,0.396162,0.530582,0.142695,-0.023354
0.075387,1.153377,0.378100,0.004155,0.184313,0.059093,-0.869272,0.039916,-0.522103,0.006113,0.015147,0.053862,0.228072,-0.199630,0.024742,0.009511,0.002493,-0.004284,-1.045712,0.530600,-0.106113,0.267118,-1.401701,-0.163011,-0.125139,0.209285,0.342133,0.012373,-0.636024,-0.378306,0.274298,0.016573,172.233437,0.945276,-1.310689,0.010824,0.036871,0.942800,-0.241355,1.097888,0.013646,0.001179,0.238718,0.029186,0.344628,0.587542,0.087951,0.015406
0.651968,0.934281,0.490929,0.011303,0.209637,0.247065,-1.026947,0.074547,-0.356804,0.010181,0.097987,0.218563,0.243235,-0.194823,0.063812,0.042693,0.011359,0.408077,-1.109953,0.525682,-0.008765,-0.028520,-1.418221,-0.025104,-0.119564,0.193886,0.409933,0.107912,-0.453536,-0.542231,0.275369,0.073919,205.648501,1.051006,-1.210337,0.011646,0.032718,1.328272,-0.246321,0.879551,0.032273,0.002350,0.164179,0.025281,0.366858,0.574343,0.203445,-0.036726
0.013308,0.695993,2.584290,0.121860,0.359138,0.241743,-1.245785,0.456426,0.290414,0.083548,0.153169,0.231756,0.550623,0.311781,0.216149,0.145629,0.091447,0.146126,-0.905478,0.852654,-0.011484,-0.005284,-1.498155,0.108268,-0.905865,0.029874,0.572188,0.152824,-0.551628,-1.028289,0.381644,0.395532,1055.141983,0.802181,-1.246261,0.141138,0.108569,1.785803,-0.605503,-0.797329,0.647647,0.088042,0.365293,0.262302,0.588065,0.540819,-0.535687,0.078030
0.013308,0.437894,1.348113,0.159339,0.240553,0.108955,-1.564602,0.295599,0.735539,0.109988,0.199506,0.289777,0.550623,0.311781,0.068344,0.156028,0.135166,0.334956,-1.820971,0.852654,0.718257,0.157254,-1.568254,0.362821,-0.905865,0.149890,0.572188,0.136852,-0.247737,-0.929915,0.390937,0.095478,641.792384,1.546454,-1.209014,0.269451,0.165062,1.521961,-0.618239,-0.808292,0.434782,0.131630,0.151737,0.274215,0.588065,0.400926,-0.535687,0.247439
-0.101402,0.384972,2.225592,0.307279,0.313126,0.262600,-1.429168,0.284591,0.736248,0.080680,0.143833,0.189034,0.542889,1.464058,0.245682,0.186875,0.407600,0.782069,-1.518508,0.778166,0.407803,-0.321262,-1.646579,-0.034670,-0.718836,-0.298440,0.727742,0.308524,0.099934,-0.469152,0.572040,0.181784,801.739164,1.385121,-1.284040,0.105440,0.201200,0.898505,-0.429010,0.148379,0.113831,0.249586,0.570928,0.201491,1.536786,0.581701,-0.212159,0.536203
0.706472,0.718591,2.826834,0.015982,0.260244,0.159868,-1.053219,0.050385,0.197828,0.013592,0.046087,0.357649,0.339084,-0.193211,0.101231,0.042929,0.009752,0.673234,-0.816872,0.576616,-0.110054,0.315639,-1.237707,-0.129637,-0.186467,0.172933,0.502511,0.074034,-0.511387,-0.784661,0.268094,0.163416,1112.391264,0.752979,-1.137057,0.031537,0.040480,1.506741,-0.233381,0.480889,0.111505,0.009519,0.142348,0.205457,0.372106,0.483352,0.434536,-0.005013
-0.834121,0.620410,1.606106,0.197463,0.392751,0.287400,-1.177081,0.636138,-0.288681,0.078570,0.094801,0.200525,0.638415,0.541483,0.227094,0.121661,0.144024,0.178341,-1.031051,0.796617,-0.049476,0.105467,-1.650909,0.028779,-0.841157,-0.024391,0.502511,0.233583,-0.880564,-0.978995,0.370528,0.296616,804.767178,0.903785,-1.227995,0.113897,0.129732,1.568420,-0.758944,-0.806561,0.535590,0.128279,0.389965,0.170032,0.917969,0.738355,-0.597098,0.233828
-0.834121,0.576316,0.478213,0.164224,0.398888,0.147948,-1.398084,0.643910,0.757170,0.072751,0.152132,0.282622,0.628574,0.541483,0.114460,0.189947,0.180077,0.459144,-1.538243,0.817336,0.576872,-0.258542,-1.732501,0.706357,-0.841157,0.042712,0.553213,0.188081,-0.806259,-0.560460,0.370528,0.306369,262.934902,1.267641,-1.347145,0.389481,0.157130,1.180276,-0.777618,-0.938399,0.534453,0.156999,0.215464,0.507019,0.917969,0.508380,-0.597098,0.352877
-0.594219,0.673562,0.449918,0.311401,0.391321,0.476396,-1.588061,0.362435,0.724138,0.247350,0.286515,0.337157,0.661008,0.618913,0.294459,0.471645,0.281111,0.522884,-1.813221,0.776635,0.447965,-0.324609,-1.633830,0.306059,-0.979040,-0.367722,0.703150,0.332233,0.266727,-0.825422,1.199524,0.243441,188.677566,1.637598,-1.403140,0.243277,0.255920,1.295972,-0.498185,0.445749,0.185616,0.242658,0.487660,0.123227,1.499003,1.040759,-0.169213,0.493703
0.125320,0.713201,2.503427,0.027476,0.331767,0.069503,-1.155439,0.352991,0.355336,0.038168,0.079611,0.168842,0.411165,-0.187971,0.096379,0.090167,0.019380,0.019569,-1.167136,0.544275,-0.092488,0.372851,-1.450561,-0.077372,-0.256516,0.188347,0.535849,0.087192,-0.539105,-0.664102,0.289927,0.269952,909.229505,1.156150,-1.350815,0.037004,0.066281,1.789160,-0.253656,0.494736,0.101182,0.004562,0.240093,0.235247,0.394280,0.548381,0.341413,0.055410
-1.252802,0.551223,1.653631,0.278640,0.403116,0.329745,-1.305386,0.937476,-0.312945,0.081488,0.207777,0.291535,0.600532,0.367099,0.213990,0.158588,0.141041,0.181616,-1.314744,0.848060,0.099010,-0.002246,-1.761405,-0.087039,-0.799411,-0.044918,0.469502,0.265750,-1.027190,-1.291556,0.289927,0.345620,799.797804,1.204920,-1.567301,0.108027,0.125978,1.755669,-0.804411,-0.772906,0.505735,0.117812,0.607446,0.221049,0.956538,0.825254,-0.472460,0.190867
-1.252802,0.547714,0.373895,0.166376,0.299610,0.119003,-1.504002,0.789917,0.773620,0.064049,0.192178,0.362852,0.501574,0.367099,0.096024,0.151401,0.147117,0.392474,-1.694713,0.848060,0.516240,-0.002246,-1.703783,0.596225,-0.791533,0.080557,0.554033,0.185537,-0.880025,-0.501736,0.283405,0.444018,199.859055,1.450956,-1.643113,0.277872,0.105213,1.030997,-0.827039,-0.862293,0.332185,0.144936,0.327480,0.558580,0.956538,0.463250,-0.543004,0.082922
-0.477344,0.617524,0.448327,0.301258,0.381033,0.447659,-1.648538,0.354389,0.773620,0.389842,0.298738,0.331548,0.725538,0.474957,0.344141,0.468926,0.286817,0.680157,-2.008324,0.970977,0.477641,-1.366411,-1.689426,0.385129,-0.785009,-0.914845,0.821572,0.380959,0.476436,-0.530208,1.656548,0.276144,197.232776,1.657355,-1.580454,0.295806,0.338827,1.408503,-0.558263,0.283948,0.181685,0.233861,0.545608,0.083875,1.253120,0.821839,-0.522895,1.002596
0.061184,0.687150,2.006388,0.049074,0.318642,0.045054,-1.369689,0.307759,0.562851,0.032636,0.071430,0.194630,0.362961,-0.185469,0.122381,0.058805,0.024491,0.223656,-1.431441,0.546319,-0.110963,0.357905,-1.337846,-0.126480,-0.181205,0.196371,0.565854,0.069124,-0.367681,-0.613473,0.285146,0.257550,644.248651,1.302151,-1.167143,0.019635,0.054326,1.668150,-0.257992,0.436466,0.124490,0.003744,0.179598,0.264674,0.355503,0.394749,0.507009,0.056471
-0.610945,0.599691,1.355993,0.240835,0.393262,0.209016,-1.517604,0.707643,-0.144115,0.086862,0.197595,0.244519,0.589085,0.592069,0.311769,0.116525,0.212320,0.113792,-1.374755,0.851139,-0.007336,0.381862,-1.654944,0.127044,-1.371829,-0.008114,0.716980,0.227041,-0.681593,-1.221809,0.393590,0.376512,589.199518,1.474304,-1.510250,0.144427,0.110029,1.917765,-0.726708,-0.926876,0.599555,0.149389,0.476964,0.157624,1.092036,0.642381,-0.582237,0.111396
-0.610945,0.628798,0.699377,0.312118,0.366843,0.325556,-1.458517,0.419534,0.682502,0.110037,0.306973,0.327131,0.578308,0.592069,0.107781,0.167938,0.232637,0.548540,-1.573376,0.851139,0.793716,-0.635152,-1.471411,0.635562,-1.371829,0.130008,0.716980,0.169915,-0.509006,-0.999777,0.393590,0.264211,356.592728,1.410854,-1.650961,0.359176,0.195218,1.499122,-0.814148,-0.941909,0.658963,0.204572,0.188888,0.356923,1.092036,0.566894,-0.582237,0.314783
-0.565929,0.498097,0.448210,0.222694,0.403912,0.333067,-1.571524,0.274966,0.734106,0.249430,0.325822,0.384621,0.689156,0.712048,0.288781,0.381712,0.250913,0.570576,-1.961471,0.827429,0.470919,-0.635152,-1.741224,-0.012068,-0.642427,-0.487037,0.574243,0.636047,0.324816,-0.881237,1.300930,0.202717,193.122498,1.609366,-1.204475,0.128847,0.262497,1.281575,-0.264244,0.232566,0.222246,0.223211,0.617714,0.122734,1.450748,0.731331,-0.508326,0.873469
0.296889,0.628459,2.681965,0.038522,0.270223,0.103335,-1.134617,0.214376,0.426270,0.016300,0.130165,0.314638,0.327048,-0.112046,0.071992,0.048822,0.025694,0.323953,-1.161423,0.535243,-0.079772,0.298913,-1.367758,-0.139590,-0.175121,0.203260,0.519532,0.059041,-0.643964,-0.949139,0.310486,0.231699,936.511847,1.085154,-1.181914,0.020093,0.041699,1.701589,-0.255386,0.318822,0.177826,0.016326,0.221067,0.299509,0.397778,0.377904,0.525134,0.035502
-0.711427,0.635494,2.154564,0.244438,0.361490,0.336455,-1.273333,0.679441,-0.374712,0.079273,0.165427,0.336386,0.559140,0.261399,0.280039,0.162122,0.130207,0.231299,-1.171736,0.820673,0.077407,-0.218200,-1.567293,-0.234073,-1.083025,-0.085104,0.520095,0.192955,-0.936851,-1.605861,0.343061,0.384264,918.116147,1.032522,-1.253515,0.149180,0.129486,1.736852,-0.731400,-0.758099,0.596161,0.092899,0.359163,0.168908,0.857690,0.684834,-0.447773,0.182840
-0.711427,0.512962,0.566620,0.126853,0.324061,0.131099,-1.471051,0.492581,0.609419,0.080565,0.301259,0.299833,0.481416,0.261399,0.093159,0.112785,0.094639,0.629914,-1.613943,0.820673,1.208241,-0.284971,-1.403900,0.451244,-0.935152,0.190760,0.580877,0.127383,-0.733531,-0.711909,0.343061,0.181662,301.841991,1.376517,-1.411867,0.255996,0.149828,1.224384,-0.783254,-0.758840,0.530030,0.128590,0.179211,0.431487,0.857690,0.401472,-0.447773,0.301024
-0.658427,0.621395,0.412478,0.255239,0.395811,0.502748,-1.533824,0.322355,0.608022,0.292476,0.330301,0.260677,0.738243,0.565590,0.306797,0.349698,0.377413,0.708774,-1.693937,0.735260,0.598002,-0.995474,-1.658949,0.247372,-0.493737,-0.725957,0.690026,0.285511,0.348836,-0.520836,1.653186,0.192209,189.557104,1.527288,-1.336985,0.178566,0.267861,1.213523,-0.373078,0.332930,0.248741,0.235662,0.589714,0.054448,1.645631,0.816640,-0.285297,0.876227
0.318919,0.736045,2.615218,0.007716,0.291675,0.107611,-1.100956,0.273350,0.378375,0.022440,0.081891,0.266999,0.380861,-0.192169,0.083181,0.061749,0.008090,0.229690,-1.176492,0.531500,-0.094587,0.312654,-1.170301,-0.074399,-0.145174,0.214890,0.527162,0.063576,-0.505830,-0.790675,0.276667,0.253803,970.280576,1.119486,-1.241293,0.040168,0.053891,1.511066,-0.247405,0.431199,0.156925,0.002713,0.180708,0.265427,0.352426,0.354249,0.478889,0.039521
-0.928864,0.602359,1.544838,0.216237,0.386307,0.366788,-1.331514,0.792958,-0.275709,0.092935,0.173563,0.340422,0.558110,0.578271,0.260242,0.160287,0.178277,0.585520,-1.371610,0.758735,-0.113650,-0.259249,-1.583085,-0.242647,-1.176605,-0.062486,0.529450,0.263657,-0.773445,-1.564752,0.346538,0.370530,720.067177,1.181077,-1.229683,0.139707,0.104006,1.408290,-0.881623,-0.753680,0.561589,0.161944,0.452531,0.135045,1.039467,0.564125,-0.547514,0.201625
-0.928864,0.532851,0.576873,0.193313,0.396341,0.241760,-1.201742,0.528508,0.509287,0.115019,0.406109,0.281266,0.558110,0.578271,0.099262,0.135215,0.210230,0.585520,-1.084640,0.782669,1.307707,-0.385749,-1.441127,0.539042,-1.176605,0.089498,0.545401,0.175299,-0.699004,-1.315035,0.346538,0.311769,310.004433,0.895356,-1.021920,0.362193,0.159351,1.448212,-0.881623,-0.785076,0.580086,0.203847,0.162515,0.414950,1.039467,0.427991,-0.547514,0.435108
-0.654239,0.661886,0.800734,0.305532,0.419549,0.554008,-1.304186,0.316731,0.631180,0.153783,0.415346,0.248120,0.718888,1.051914,0.282222,0.395482,0.478672,0.632845,-1.478491,0.717072,1.127340,-1.102999,-1.688561,0.496025,-0.568993,-0.501268,0.555776,0.253501,0.237338,-1.103490,0.755183,0.205812,318.245451,1.410025,-1.113519,0.262019,0.315140,1.001159,-0.493939,0.267370,0.326293,0.385121,0.654986,0.090779,1.705461,0.916944,-0.902691,0.873315
0.400377,0.727608,3.748798,0.016831,0.276834,0.176795,-1.081926,0.166580,0.396374,0.010874,0.084936,0.280541,0.362222,-0.194946,0.145882,0.075946,0.017217,0.579370,-0.995878,0.539395,-0.119068,0.076964,-1.417256,-0.056381,-0.168776,0.172429,0.509051,0.096236,-0.693699,-0.961184,0.273622,0.255312,1445.009568,1.016045,-1.118309,0.033954,0.032205,1.634782,-0.247472,0.357917,0.221997,0.004425,0.305078,0.317702,0.376888,0.401830,0.185007,-0.008381
-1.013979,0.676572,2.327188,0.244634,0.385693,0.371187,-1.102370,0.722719,-0.414284,0.079668,0.145430,0.310411,0.633582,0.413503,0.236122,0.180914,0.139523,0.747021,-0.706646,0.878044,-0.100058,-0.411789,-1.775844,-0.264721,-0.883825,-0.080185,0.419533,0.284011,-1.076213,-1.561144,0.369691,0.354300,1177.531122,0.635316,-1.323593,0.128757,0.143815,1.931389,-0.875266,-0.714745,0.581720,0.127631,0.415494,0.181100,0.884091,0.770297,-0.523417,0.215480
-1.013979,0.477078,0.413334,0.166695,0.368276,0.275472,-1.615173,0.685872,0.629783,0.078947,0.343719,0.309934,0.633582,0.413503,0.137921,0.163358,0.149813,0.527496,-1.889562,0.878044,1.083244,-0.411789,-1.579861,0.493587,-0.698908,0.035201,0.636755,0.259939,-0.961188,-1.258697,0.369691,0.298759,219.020268,1.568356,-1.294893,0.341874,0.142226,1.345894,-0.875266,-0.769248,0.423320,0.155959,0.360310,0.529644,0.884091,0.455752,-0.554107,0.196854
-0.782135,0.686320,0.479049,0.412241,0.405067,0.566404,-1.528793,0.399293,0.639387,0.253712,0.375887,0.262251,0.694312,0.526076,0.301964,0.376917,0.361287,0.423128,-1.550944,0.689820,0.626665,-1.443269,-1.754594,0.493887,-0.723131,-0.756858,0.698257,0.352964,0.496132,-0.660267,1.337531,0.204168,210.037678,1.275323,-1.539768,0.337003,0.295381,1.450734,-0.585937,0.376692,0.216142,0.253038,0.497311,0.040142,1.499215,0.940735,-0.352889,0.901071
-0.064812,0.668482,2.311058,0.026101,0.325403,0.151192,-1.209075,0.368340,0.558411,0.030631,0.201988,0.267514,0.378200,-0.181943,0.126902,0.106079,0.016625,0.344087,-1.085956,0.538469,-0.132146,0.246412,-1.378426,-0.102278,-0.175208,0.179858,0.577867,0.091676,-0.510795,-0.824370,0.281191,0.320796,881.279690,1.148481,-1.217284,0.022025,0.060465,1.111914,-0.253207,0.379333,0.147778,0.003940,0.272582,0.331139,0.347134,0.517454,0.591084,0.066098
-0.419995,0.609072,1.575293,0.309250,0.407410,0.310208,-1.480846,0.614082,-0.234154,0.075789,0.224026,0.199137,0.612375,0.349253,0.291143,0.149083,0.134772,0.111781,-1.579754,0.920585,0.548019,0.181501,-1.635833,0.200086,-0.883084,-0.070597,0.553394,0.225545,-0.941014,-1.081895,0.391402,0.393828,788.360053,1.428795,-1.555948,0.140936,0.118070,1.352499,-0.643749,-0.811138,0.579937,0.111587,0.301755,0.202634,0.811260,0.879571,-0.517237,0.139625
-0.419995,0.506668,0.976693,0.170731,0.317236,0.103094,-1.500297,0.386454,0.431603,0.073853,0.225226,0.206334,0.487759,0.349253,0.094190,0.186505,0.158218,0.351437,-1.810602,0.920585,0.759290,-0.061986,-1.554912,0.625791,-0.883084,0.089160,0.620549,0.148423,-0.789277,-0.650656,0.391402,0.252502,495.230731,1.572977,-1.572997,0.271562,0.181194,1.582341,-0.757848,-0.825777,0.514931,0.133427,0.169791,0.377029,0.811260,0.538236,-0.517237,0.340680
-0.672708,0.721456,0.425136,0.307317,0.362712,0.515883,-1.532883,0.348681,0.447408,0.328537,0.241369,0.360931,0.742878,0.439972,0.334365,0.484507,0.367869,0.622533,-1.912464,0.864533,0.259229,-0.468355,-1.644988,0.220978,-0.864038,-0.892709,0.623353,0.532998,0.333006,-0.488874,1.724552,0.187406,191.374544,1.667219,-1.534154,0.226867,0.319047,1.216153,-0.409311,0.373236,0.215657,0.203032,0.479689,0.031272,2.399214,1.256746,-0.181606,1.028204
-0.021708,0.659267,2.902566,0.090735,0.295406,0.162968,-1.254466,0.300432,0.358852,0.017905,0.185832,0.313941,0.360773,-0.188314,0.099165,0.087022,0.024915,0.720061,-1.262899,0.536524,-0.065706,0.030475,-1.352900,-0.139842,-0.289145,0.160633,0.490496,0.088569,-0.470083,-0.717941,0.293327,0.229588,1014.474885,1.250964,-1.266350,0.018202,0.044212,1.771024,-0.267520,0.375803,0.160254,0.002919,0.262770,0.270105,0.323336,0.585362,0.557885,0.049963
-0.318145,0.654551,2.881368,0.320779,0.413832,0.323432,-1.533520,0.585721,-0.069558,0.079614,0.147597,0.261023,0.678093,0.406145,0.313111,0.133186,0.145272,0.342029,-1.817427,0.911449,0.053505,0.055114,-1.562679,0.336342,-1.081768,-0.115526,0.521438,0.218017,-0.843731,-0.975576,0.400680,0.398546,1169.113138,1.618326,-1.499663,0.153269,0.122186,2.029390,-0.613897,-0.891389,0.618114,0.120527,0.455915,0.210867,0.905299,0.710819,-0.626494,0.264869
-0.318145,0.617126,0.782914,0.208641,0.374651,0.236093,-1.549032,0.345242,0.663305,0.096187,0.151864,0.196814,0.673187,0.406145,0.101323,0.247787,0.222622,0.327865,-1.787222,0.911449,0.538948,0.065901,-1.597373,0.835421,-1.081768,0.056408,0.641985,0.203908,-0.744758,-0.826170,0.400680,0.230855,423.664363,1.537557,-1.563745,0.367419,0.219556,1.885785,-0.758788,-0.924400,0.633248,0.175831,0.198837,0.447457,0.905299,0.564019,-0.626494,0.495261
-0.640255,0.564138,0.412955,0.275109,0.393664,0.321934,-1.509973,0.283088,0.676816,0.229676,0.254751,0.360731,0.687989,0.419176,0.248368,0.419847,0.231270,0.517570,-1.713509,0.710777,0.145031,-0.325722,-1.739087,0.238775,-1.044981,-0.553630,0.477566,0.368927,0.429832,-0.899239,1.226978,0.203358,167.682257,1.469951,-1.613715,0.184046,0.295862,1.213058,-0.424717,0.257884,0.253026,0.204427,0.502775,0.053465,1.331758,0.967936,-0.291846,0.707229
0.228238,0.723913,2.103123,0.027419,0.294140,0.094749,-1.344988,0.285255,0.510753,0.028130,0.053417,0.144172,0.380138,-0.188423,0.062041,0.040562,0.015529,0.056044,-1.364618,0.542153,-0.057718,0.011307,-1.288944,-0.130458,-0.163319,0.171660,0.502317,0.143940,-0.521227,-0.772267,0.278168,0.302366,756.140283,1.382443,-1.272563,0.039120,0.065108,1.687799,-0.251426,0.390533,0.175593,0.003374,0.164836,0.313186,0.381578,0.527393,0.552643,0.077118
-0.440105,0.647489,1.133014,0.258916,0.407276,0.342558,-1.618468,0.661686,-0.205031,0.072775,0.140544,0.253748,0.619561,0.587662,0.293416,0.125317,0.165336,0.293391,-1.925129,0.856881,-0.057718,0.214800,-1.415620,0.228320,-1.269479,-0.053254,0.538641,0.243149,-0.854414,-1.231364,0.411821,0.417516,502.753654,1.595496,-1.419223,0.140926,0.110521,1.398822,-0.753813,-0.900992,0.626789,0.142827,0.430497,0.184789,0.992581,0.795960,-0.567286,0.163857
-0.440105,0.631844,0.617951,0.193047,0.343915,0.144457,-1.607003,0.388418,0.595121,0.086162,0.243284,0.333715,0.527751,0.587662,0.083620,0.130646,0.182499,0.565510,-1.956442,0.856881,0.742179,-0.112161,-1.541951,0.690473,-1.269479,0.116195,0.538641,0.130636,-0.675554,-0.626914,0.411821,0.271372,323.495307,1.646236,-1.584029,0.310434,0.221530,1.636800,-0.753813,-0.930580,0.648878,0.192228,0.146095,0.401773,0.992581,0.491169,-0.567286,0.438472
-0.619960,0.585429,0.456046,0.290686,0.398203,0.321224,-1.540585,0.316702,0.632077,0.247407,0.364276,0.369286,0.645723,0.613599,0.291315,0.427268,0.298532,0.698582,-1.835172,0.759206,0.300951,-0.584225,-1.606458,-0.066107,-0.733186,-0.524253,0.652264,0.525035,0.240527,-0.625912,1.375164,0.257412,189.253843,1.590338,-1.230075,0.112480,0.243503,1.137048,-0.254673,0.400900,0.173134,0.208243,0.700700,0.096705,1.183833,0.862353,-0.131677,0.829124
0.251622,0.757693,2.435832,0.011827,0.298908,0.083822,-1.244313,0.316628,0.244119,0.031350,0.072420,0.160856,0.343728,-0.188973,0.057414,0.049364,0.012758,0.056373,-1.253042,0.550501,-0.112631,0.385726,-1.249318,-0.126603,-0.151922,0.210835,0.524609,0.070714,-0.643635,-0.688174,0.278502,0.230535,868.927157,1.162823,-1.225256,0.020702,0.069374,1.546787,-0.250395,0.556607,0.081506,0.003455,0.187629,0.235833,0.353668,0.615025,0.507841,0.051372
-0.537138,0.555461,0.769847,0.296035,0.370945,0.337073,-1.348927,0.611241,0.379271,0.079712,0.195762,0.311842,0.568954,0.241765,0.312945,0.151663,0.096483,0.267773,-1.570820,0.838516,0.560435,0.028355,-1.631998,0.559231,-0.896912,-0.045134,0.631579,0.244790,-1.023009,-1.288491,0.351619,0.613015,397.770951,1.327161,-1.354701,0.376643,0.105369,1.484812,-0.741838,-0.857658,0.552419,0.105234,0.303709,0.486955,0.677544,0.827028,-0.518892,0.139421
-0.821912,0.619272,0.992298,0.221956,0.315564,0.358153,-1.220486,0.299580,0.475844,0.092815,0.277006,0.268898,0.657665,0.443000,0.285106,0.303202,0.252874,0.567552,-1.448609,0.711306,-0.095172,-0.867002,-1.664342,-0.045447,-0.543446,-0.699381,0.539001,0.405147,-0.004247,-0.725445,0.388654,0.204359,499.069941,1.471875,-1.181283,0.125915,0.211581,1.296256,-0.258629,0.448517,0.130120,0.104437,0.455324,0.155433,1.321938,1.068186,-0.278810,0.802652
0.408503,1.034317,0.461544,0.004128,0.174379,0.041629,-0.906086,0.012115,-0.327078,0.003540,0.016761,0.064949,0.185794,-0.198664,0.033640,0.011584,0.003446,0.122892,-1.106766,0.519754,-0.102576,0.287661,-1.240438,-0.171656,-0.123091,0.212543,0.340879,0.058145,-0.481993,-0.591986,0.271082,0.025077,215.200491,1.010264,-1.023951,0.004296,0.007572,1.230812,-0.244765,0.965868,0.030584,0.001283,0.059963,0.032851,0.329190,0.500395,0.165371,-0.113342
0.487043,1.042510,4.899031,0.019662,0.206733,0.116871,-1.384904,0.061961,-0.433612,0.012186,0.061765,0.232325,0.232608,-0.188476,0.043092,0.069818,0.017610,0.355942,-1.348070,0.533538,-0.101952,0.177839,-1.214773,-0.232101,-0.157367,0.223923,0.362732,0.065966,-0.948665,-1.644656,0.283372,0.068776,1474.245613,1.237171,-0.865341,0.016743,0.040144,1.727773,-0.247331,1.003583,0.019564,0.002556,0.299960,0.162361,0.345501,0.452277,0.123478,-0.067966
-0.031941,1.162800,0.397479,0.005511,0.187810,0.025539,-0.912170,0.021649,-0.560625,0.001049,0.006574,0.037466,0.189476,-0.214477,0.018706,0.001239,0.001776,-0.094402,-1.113474,0.504232,-0.099335,0.382454,-1.264840,-0.170564,-0.114024,0.221767,0.321710,0.010036,-0.644695,-0.403831,0.246564,0.017665,228.565615,0.901507,-0.971249,0.001137,0.004272,1.222569,-0.239705,1.144214,0.010057,0.000777,0.038672,0.024375,0.339631,0.428854,0.160219,0.024376
-0.068239,1.182257,0.360451,0.000581,0.186618,0.006138,-0.883258,0.033044,-0.539529,0.000515,0.000540,0.013166,0.188134,-0.214869,0.011213,0.000878,0.000448,-0.094524,-1.139508,0.499049,-0.103509,0.395942,-1.228317,-0.175227,-0.105560,0.223129,0.301327,0.004670,-0.607679,-0.356020,0.246025,0.030854,203.450636,0.874176,-0.904904,0.000862,0.001539,1.128763,-0.238957,1.151436,0.010847,0.000332,0.023252,0.016178,0.335863,0.403023,0.161325,0.023297
-0.036853,1.182837,0.334336,0.001209,0.185885,0.008711,-0.960783,0.025717,-0.561975,0.067320,0.001722,0.013128,0.187203,0.543561,0.032455,0.007851,0.024990,-0.076380,-1.226404,4.088857,-0.103868,0.392832,-1.379195,-0.175308,-0.105997,0.824533,2.337485,0.142631,-0.607638,-0.358028,-0.206481,0.013826,150.214941,0.994824,-1.070414,0.000485,0.058395,1.086058,-0.239156,1.172973,0.005208,0.012310,0.018499,0.012748,-1.070083,-5.610033,0.161691,-3.493241
0.008543,1.288103,0.356103,0.003030,0.188797,0.025637,-0.861851,0.072574,-0.734549,0.067320,0.004749,0.042205,0.192041,-0.130104,0.032455,0.007851,0.024990,-0.019922,-1.027975,0.867960,-0.100474,0.383262,-1.315241,-0.172527,-0.107866,0.266182,0.561375,0.142631,-0.784612,-0.332239,0.243024,0.038525,175.876532,0.925265,-0.886208,0.001689,0.058395,1.253612,-0.240595,1.243067,0.018976,0.012310,0.069761,0.011560,0.297497,0.490086,0.162346,-0.297570
0.501023,0.696079,1.388845,0.080707,0.324816,0.164476,-1.335931,0.197256,-0.005512,0.049292,0.103356,0.116518,0.446003,-0.064199,0.115721,0.095854,0.075039,-0.164658,-1.504550,0.627352,-0.102555,0.106401,-1.441357,0.103615,-0.643376,0.056378,0.365517,0.149305,-0.733873,-0.869042,0.358567,0.341290,655.569997,1.281624,-1.259689,0.077533,0.033200,1.368469,-0.331698,-0.301901,0.491529,0.027286,0.178615,0.206213,0.768131,0.557514,-0.266503,-0.012897
0.039087,0.267285,0.837378,0.135723,0.199687,0.137603,-1.345834,0.248157,0.574796,0.100572,0.096188,0.288647,0.443246,-0.064199,0.041708,0.106339,0.114274,0.442009,-1.336856,0.662397,0.346141,0.106401,-1.292915,0.327669,-0.643376,0.172670,0.388656,0.107413,-0.459944,-0.451522,0.358567,0.097947,417.300300,1.128114,-1.248995,0.230741,0.105330,1.607983,-0.499001,-0.352877,0.301863,0.101746,0.132723,0.313791,0.768131,0.585523,-0.266503,0.169427
-0.085106,0.435394,0.686926,0.169313,0.302045,0.333243,-1.404498,0.316108,0.574796,0.106156,0.132225,0.220303,0.514618,0.559095,0.269615,0.179476,0.156695,0.857999,-1.344296,0.834866,0.200777,-0.401286,-1.781683,-0.034000,-0.409546,-0.528265,0.589917,0.379661,0.072669,-0.415333,0.286750,0.213503,258.941109,1.116611,-1.389279,0.083218,0.171337,1.554090,-0.266048,0.265941,0.079840,0.175719,0.581109,0.158434,0.933749,0.809127,-0.147858,0.717297
0.794927,0.699381,2.750887,0.024144,0.262713,0.126430,-1.579825,0.205189,0.092486,0.021037,0.100794,0.308914,0.313316,-0.188533,0.089228,0.045908,0.014160,0.385677,-1.728614,0.541200,-0.109718,0.294314,-1.327203,-0.156753,-0.169814,0.205694,0.480680,0.105581,-0.609844,-0.875016,0.281223,0.169414,870.031036,1.585664,-1.128270,0.017728,0.050101,1.587900,-0.265228,0.499873,0.131273,0.004094,0.163540,0.212423,0.345186,0.649743,0.310939,0.032538
-0.397873,0.655373,1.551882,0.202904,0.381805,0.280149,-1.509157,0.709400,-0.249518,0.059088,0.147306,0.252441,0.616626,0.123437,0.294716,0.131812,0.100803,0.112545,-1.762902,0.802884,0.019285,0.095853,-1.561378,0.032009,-1.007422,-0.036103,0.603672,0.171438,-0.984652,-1.318111,0.336641,0.431269,631.780891,1.586911,-1.432963,0.114559,0.105208,1.570057,-0.527451,-0.800233,0.563902,0.078468,0.583389,0.208665,0.873598,0.767268,-0.628983,0.128193
-0.397873,0.569501,0.503905,0.194029,0.396259,0.086925,-1.544116,0.445586,0.763982,0.074566,0.155838,0.389456,0.616626,0.123437,0.095282,0.210577,0.157357,0.727494,-1.800127,0.814859,0.590141,-0.020461,-1.603522,0.638903,-0.898628,0.107667,0.603672,0.165906,-0.858268,-0.747700,0.354366,0.208946,268.334093,1.566447,-1.327603,0.392814,0.161594,1.301743,-0.730546,-0.956327,0.542306,0.123694,0.211331,0.530996,0.873598,0.624882,-0.628983,0.372651
-0.718421,0.647320,0.522444,0.317244,0.390249,0.466734,-1.506887,0.367434,0.724283,0.253439,0.288435,0.419771,0.644609,0.587090,0.251585,0.395992,0.299439,0.727494,-1.552699,0.715818,0.450015,-0.454462,-1.694878,0.208996,-0.943641,-0.435239,0.524095,0.291777,0.281366,-0.952450,1.141274,0.223520,213.366938,1.352137,-1.385648,0.250719,0.264288,1.387575,-0.525466,0.394901,0.202254,0.229934,0.605772,0.102672,1.505604,1.046408,-0.175088,0.676019
0.128738,0.650895,2.106263,0.041895,0.330722,0.151758,-1.434257,0.371944,0.398388,0.037162,0.117557,0.201519,0.395875,-0.184780,0.078659,0.065256,0.022110,0.520102,-1.523444,0.545399,-0.079589,0.162346,-1.184524,-0.119021,-0.180699,0.195230,0.491775,0.101863,-0.643443,-0.697004,0.281242,0.311730,791.904594,1.337406,-1.203736,0.023657,0.065843,1.520702,-0.253727,0.417478,0.113264,0.004887,0.164215,0.279263,0.358867,0.589831,0.528612,0.091805
-0.973027,0.559672,1.515954,0.254711,0.408235,0.419463,-1.564117,0.917297,-0.359000,0.081017,0.169133,0.421840,0.641036,0.396133,0.243401,0.170902,0.166713,0.672059,-1.769091,0.802395,0.099454,0.169553,-1.649916,0.117302,-1.151597,-0.058776,0.496881,0.237718,-1.208139,-1.476229,0.310093,0.433349,680.166728,1.528579,-1.344370,0.123956,0.128629,1.649435,-0.849351,-0.909146,0.536694,0.130586,0.571987,0.265129,1.045935,0.842008,-0.615139,0.199341
-0.973027,0.645047,0.671437,0.204488,0.310168,0.110580,-1.554630,0.702255,0.766230,0.068293,0.195552,0.302332,0.508290,0.396133,0.075756,0.189958,0.211825,0.634055,-1.909665,0.802395,0.571596,0.043280,-1.549428,0.796659,-1.151597,0.107817,0.541328,0.149671,-0.946148,-0.372093,0.310776,0.396383,314.854117,1.601012,-1.539404,0.259840,0.123199,1.400695,-0.849351,-1.053192,0.449016,0.154642,0.342754,0.572647,1.045935,0.756625,-0.679034,0.362570
-0.504404,0.561064,0.497342,0.276013,0.355203,0.527988,-1.561346,0.286099,0.632626,0.366172,0.389265,0.326128,0.688978,0.641652,0.314363,0.626466,0.284259,0.693395,-1.651173,0.886333,0.378835,-0.586845,-1.627257,0.333291,-1.333912,-0.803666,0.622670,0.502713,0.162078,-1.361813,1.501594,0.309156,204.102543,1.273935,-1.081124,0.162760,0.314026,1.389555,-0.245074,0.423787,0.110254,0.222830,0.465715,0.134831,2.094592,0.962262,-0.232036,0.866151
0.221004,0.770619,1.713653,0.019447,0.301499,0.141799,-1.288392,0.362254,0.155183,0.032587,0.064808,0.230504,0.362744,-0.201247,0.060902,0.043464,0.010739,0.062084,-1.250006,0.556599,-0.086107,0.359343,-1.166122,-0.133011,-0.181711,0.212717,0.524200,0.074840,-0.542879,-0.662822,0.275080,0.224798,600.223517,1.125924,-1.313799,0.039928,0.070004,1.502909,-0.245279,0.595638,0.064730,0.002557,0.153516,0.173067,0.394799,0.628989,0.474771,0.041743
-0.480908,0.608633,1.209929,0.207121,0.400395,0.351045,-1.326679,0.709476,-0.223023,0.076858,0.121480,0.242548,0.588184,0.577124,0.240652,0.140831,0.193280,0.051785,-1.434492,0.845781,-0.130264,0.165902,-1.596505,-0.007233,-1.278704,-0.016065,0.661500,0.223784,-0.884674,-1.361420,0.360361,0.431409,555.323619,1.183859,-1.433619,0.130186,0.129182,1.427569,-0.714465,-0.957661,0.599714,0.132887,0.361943,0.175784,1.210551,0.809037,-0.599049,0.223086
-0.480908,0.686166,0.684207,0.207142,0.385699,0.140335,-1.374637,0.422434,0.533266,0.111351,0.241001,0.352342,0.544014,0.577124,0.098106,0.150035,0.233424,0.621144,-1.574278,0.845781,0.904358,-0.343576,-1.385957,0.512188,-1.278704,0.106700,0.648497,0.143385,-0.699750,-0.768516,0.360361,0.226026,340.952006,1.317933,-1.340775,0.368221,0.246034,1.705832,-0.754958,-1.001841,0.711938,0.210857,0.150938,0.396335,1.210551,0.636670,-0.599049,0.598942
-0.566112,0.559030,0.454630,0.203549,0.398046,0.457318,-1.536178,0.279628,0.538094,0.213796,0.224436,0.309367,0.641395,0.314997,0.294065,0.243325,0.210787,0.673058,-1.736817,0.709616,0.123591,-0.304968,-1.752456,-0.063866,-0.481752,-0.328163,0.574586,0.323385,0.150354,-0.584010,1.041583,0.254603,210.729122,1.490719,-1.291687,0.116661,0.198670,1.423179,-0.248844,0.374525,0.188228,0.182023,0.561316,0.089600,1.255555,0.970747,-0.438094,0.570112
0.337041,0.735090,2.630627,0.030222,0.292259,0.135588,-1.062246,0.268345,0.203411,0.034023,0.042318,0.209725,0.320582,-0.196109,0.046412,0.063396,0.018210,0.202001,-0.934766,0.539812,-0.087011,0.276145,-1.189209,-0.120737,-0.195424,0.210658,0.466447,0.068300,-0.648222,-1.045386,0.272895,0.185818,939.655728,0.885071,-1.179433,0.024518,0.081258,1.446801,-0.246100,0.508548,0.082136,0.003752,0.148030,0.241213,0.396820,0.651736,0.464856,0.059299
-0.830658,0.599437,1.534635,0.217978,0.359842,0.371118,-1.372388,0.767529,-0.457425,0.074344,0.124027,0.388338,0.591110,0.422313,0.263220,0.160333,0.131855,0.737346,-1.571655,0.755153,-0.096312,-0.171125,-1.670899,-0.214774,-1.071942,-0.025120,0.538232,0.184944,-1.141361,-1.558203,0.338128,0.394472,672.238772,1.487154,-1.439694,0.135908,0.117770,1.531832,-0.736852,-0.750915,0.547465,0.123796,0.396502,0.217514,0.930120,0.809408,-0.570495,0.205606
-0.830658,0.532556,0.569625,0.122563,0.337957,0.176827,-1.328635,0.530807,0.673692,0.094889,0.342189,0.226701,0.463971,0.422313,0.121764,0.091963,0.098207,0.737346,-1.438828,0.755153,1.388674,-0.239809,-1.537460,0.441101,-0.939872,0.120761,1.034075,0.083643,-0.917316,-0.606803,0.338128,0.226561,302.725443,1.317209,-1.568953,0.257157,0.128083,1.709651,-0.811108,-0.801396,0.518987,0.150089,0.068656,0.502413,0.930120,0.696459,-0.602423,0.319059
-0.672177,0.609640,0.499714,0.379153,0.410339,0.578994,-1.531882,0.305613,0.598608,0.377615,0.386581,0.371916,0.954696,0.500063,0.313819,0.468522,0.456568,0.952672,-1.666810,0.788210,0.681461,-0.958314,-1.781953,0.338447,-0.502922,-0.852576,0.587130,0.489489,0.285297,-0.495428,2.053978,0.225911,196.567594,1.476105,-1.444329,0.206178,0.331033,1.308438,-0.312145,0.306463,0.273042,0.240661,0.514754,0.072218,2.645064,1.070716,-0.397937,0.946515
0.346237,0.735630,2.784447,0.020565,0.278071,0.215850,-1.085981,0.254010,0.289488,0.021563,0.061735,0.170883,0.346270,-0.194935,0.054809,0.049598,0.008527,0.137493,-0.866149,0.531245,-0.086416,0.310354,-1.228239,-0.068477,-0.157982,0.205488,0.537212,0.059156,-0.789822,-0.916248,0.275630,0.275617,989.324349,0.831766,-1.161636,0.027561,0.061069,1.541586,-0.247977,0.388884,0.145279,0.003469,0.185867,0.295278,0.364043,0.612522,0.138665,0.061726
-0.710752,0.635246,2.107110,0.258566,0.366150,0.433905,-1.455785,0.752994,-0.381373,0.084509,0.142435,0.370434,0.614387,0.235098,0.219246,0.190862,0.134173,0.676730,-1.533153,0.801927,-0.138775,-0.076707,-1.644597,-0.152067,-1.189154,-0.000616,0.408026,0.157976,-1.116151,-1.636338,0.339084,0.485230,909.512263,1.314548,-1.295193,0.141732,0.118230,1.695084,-0.768419,-0.832776,0.594478,0.113915,0.431394,0.198776,0.937135,0.764541,-0.593228,0.184679
-0.710752,0.588640,0.582600,0.208107,0.388003,0.184123,-1.505628,0.534348,0.496136,0.118542,0.351138,0.460999,0.592972,0.235098,0.096120,0.173890,0.169359,0.943192,-1.681207,0.801927,1.415834,-0.521232,-1.470766,0.507137,-1.189154,0.098225,0.552269,0.189513,-0.976442,-0.806597,0.339084,0.244987,292.702447,1.423818,-1.102222,0.362589,0.191445,1.567030,-0.801396,-0.849702,0.622252,0.181648,0.227139,0.494352,0.937135,0.544147,-0.593228,0.502906
-0.591460,0.718523,0.455528,0.278012,0.397107,0.568384,-1.125703,0.299642,0.478058,0.306423,0.333774,0.371973,0.762736,0.560848,0.233401,0.388863,0.339989,0.935050,-1.259782,0.744197,0.777602,-0.502419,-1.630542,0.320162,-0.395709,-0.400851,0.554643,0.410625,0.041809,-0.592420,1.468139,0.237080,202.216452,1.269114,-1.313213,0.203212,0.297752,1.262969,-0.386356,0.419223,0.242605,0.260640,0.591998,0.095722,1.777074,0.977541,-0.355030,0.620361
0.263210,0.825432,3.063742,0.034187,0.307969,0.147361,-1.243205,0.290603,0.177300,0.031415,0.090234,0.226572,0.390810,-0.187991,0.091719,0.063150,0.031764,0.628410,-1.192013,0.545734,-0.088145,0.076239,-1.302651,-0.054964,-0.221280,0.187443,0.603151,0.115844,-0.672858,-0.825002,0.278661,0.229063,1106.112533,1.076164,-1.059398,0.044569,0.068236,1.613268,-0.262344,0.526986,0.122487,0.007937,0.203838,0.226292,0.400034,0.749190,0.486288,0.023287
-0.848863,0.649069,1.950299,0.206462,0.403805,0.441435,-1.033396,0.794172,-0.417140,0.072364,0.169119,0.202298,0.630193,0.254914,0.290853,0.145325,0.125770,0.376101,-0.641965,0.860644,0.236687,-0.228552,-1.460662,-0.255822,-0.990781,-0.085745,0.503815,0.223923,-1.015830,-1.468316,0.297293,0.467494,916.777557,0.515631,-1.201170,0.123524,0.123903,1.515852,-0.688685,-0.866549,0.611927,0.087500,0.417567,0.178449,0.828972,0.924833,-0.597792,0.210918
-0.848863,0.588092,0.591913,0.168140,0.326899,0.203559,-1.397063,0.543667,0.702417,0.070387,0.164949,0.261532,0.502514,0.254914,0.069186,0.099150,0.109108,0.552762,-1.531298,0.860644,0.929032,-0.076576,-1.604790,0.551940,-0.894868,0.105741,0.489307,0.095006,-0.807312,-0.536017,0.297293,0.287697,305.626672,1.218056,-1.262450,0.274771,0.152379,1.509031,-0.763911,-0.954811,0.482845,0.115181,0.194604,0.488730,0.828972,0.608309,-0.597792,0.296610
-0.677113,0.684558,0.662698,0.326578,0.382821,0.699587,-1.664407,0.353982,0.638241,0.404176,0.433185,0.138913,0.761506,0.533883,0.353986,0.492599,0.455193,0.638536,-1.928418,0.912227,0.284296,-2.195588,-1.745822,0.418765,-0.662232,-1.045156,0.802830,0.710216,0.216632,-1.042551,1.973470,0.235657,248.909794,1.760177,-1.408741,0.223281,0.371741,1.643077,-0.471037,0.422554,0.203534,0.234125,0.509359,0.116949,1.877150,1.210253,-0.707752,1.229592
0.227831,0.691349,2.067078,0.038603,0.304982,0.207458,-1.205648,0.322886,0.220168,0.029556,0.130445,0.253392,0.377976,-0.199709,0.099686,0.086565,0.015737,0.339326,-0.922396,0.550882,-0.104350,0.380045,-1.327949,-0.142726,-0.205661,0.177376,0.687524,0.086892,-0.548533,-0.822260,0.281311,0.269688,776.522215,0.964170,-1.184700,0.030702,0.061338,1.473488,-0.258325,0.473886,0.101736,0.004946,0.292441,0.225448,0.398898,0.707121,0.542476,0.070352
-0.687122,0.596095,1.609578,0.274014,0.399084,0.552786,-1.263406,0.796150,-0.329264,0.108666,0.186755,0.323704,0.620077,0.802314,0.267025,0.190662,0.231113,0.491914,-1.071786,0.889336,-0.102271,0.038506,-1.668801,0.077339,-1.606019,-0.075311,0.519674,0.257162,-0.918165,-1.434264,0.368509,0.416561,735.447668,0.845581,-1.388398,0.145629,0.154345,1.477529,-0.794686,-0.917353,0.584365,0.163905,0.685563,0.173091,1.435330,0.899230,-0.541632,0.297121
-0.687122,0.643363,0.757731,0.207472,0.360706,0.205755,-1.443064,0.528890,0.477249,0.098783,0.232798,0.332381,0.561539,0.802314,0.096355,0.188642,0.253912,0.600281,-1.585521,0.889336,0.872725,-0.045583,-1.156274,0.644601,-1.606019,0.046750,0.610808,0.160163,-0.756238,-0.651772,0.368509,0.269709,380.562372,1.426907,-1.253367,0.326803,0.217099,1.458847,-0.794686,-0.919006,0.665101,0.206130,0.401497,0.408869,1.435330,0.674374,-0.541632,0.509496
-0.838454,0.652325,0.502778,0.302947,0.408310,0.654258,-1.400709,0.340578,0.413404,0.359774,0.326461,0.294072,0.811802,1.681320,0.373552,0.540022,0.405268,0.774037,-1.711880,0.756533,0.281768,-1.164545,-1.808666,0.074529,-0.645203,-1.174814,0.634054,0.388836,0.056595,-0.670819,1.899889,0.250808,199.288981,1.464837,-1.256634,0.163123,0.362371,1.556361,-0.305892,0.387991,0.220655,0.311083,0.373072,0.101331,1.710634,1.277735,-0.540422,0.956647
0.390119,0.769597,2.437216,0.019846,0.298341,0.156309,-1.220705,0.315896,0.071097,0.031572,0.088664,0.131600,0.360182,-0.199668,0.064165,0.058011,0.015267,0.096585,-1.167778,0.553200,-0.108504,0.401265,-1.283368,-0.124376,-0.230347,0.207037,0.585376,0.082958,-0.683678,-0.658458,0.275977,0.264438,845.488158,1.151528,-1.247116,0.030197,0.069392,1.739365,-0.255164,0.570157,0.078067,0.002888,0.158702,0.224783,0.474455,0.712888,0.479865,0.040689
-0.978646,0.598162,1.512405,0.334817,0.406421,0.287337,-1.315095,0.846634,-0.381288,0.086753,0.113795,0.173121,0.618441,0.672676,0.220801,0.148013,0.191606,0.069281,-1.340116,0.795042,-0.145503,0.106851,-1.627280,0.041108,-1.315720,-0.001518,0.447726,0.236345,-1.025305,-1.086870,0.384871,0.454242,667.952643,1.227644,-1.224488,0.115904,0.108588,1.852360,-0.963088,-0.887211,0.558974,0.158443,0.387881,0.179638,1.509589,0.853268,-0.647567,0.230631
-0.978646,0.613630,0.849869,0.318438,0.403128,0.135867,-1.502765,0.587782,0.499202,0.123378,0.240997,0.275793,0.618441,0.672676,0.080323,0.279284,0.277496,0.356213,-1.795441,0.833296,0.634022,-0.072194,-1.650007,0.895014,-1.315720,0.055578,0.488749,0.246136,-0.985525,-0.987856,0.405331,0.350762,439.162512,1.595300,-1.282727,0.403022,0.187955,1.823753,-0.963088,-0.967764,0.619556,0.219856,0.335995,0.499838,1.509589,0.572753,-0.647567,0.498946
-0.699135,0.645038,0.562923,0.231073,0.376150,0.487617,-1.301298,0.275098,0.506225,0.235445,0.225014,0.354200,0.679498,0.629110,0.361558,0.373894,0.253168,0.398759,-1.571612,0.757655,0.285717,-0.583670,-1.717143,0.312355,-0.668424,-0.425097,0.772409,0.334468,0.233483,-0.872529,0.962111,0.272432,226.392168,1.481828,-1.461957,0.195360,0.285671,1.450024,-0.527412,0.398149,0.198709,0.258244,0.618110,0.058764,1.038977,0.840176,-0.295381,0.731980
0.110509,0.788229,1.775157,0.034917,0.311051,0.078936,-1.125646,0.356552,0.345817,0.032333,0.094609,0.131690,0.379861,-0.192405,0.046921,0.057716,0.014414,-0.182189,-1.148589,0.546449,-0.081456,0.322372,-1.411669,-0.149084,-0.162202,0.204705,0.472963,0.090096,-0.467771,-0.732611,0.279603,0.301233,633.544597,1.056467,-1.068258,0.036303,0.068668,1.510991,-0.250725,0.529230,0.118858,0.003157,0.154214,0.225936,0.339420,0.641865,0.495342,0.067743
-0.448110,0.628492,1.060209,0.287288,0.396107,0.290425,-1.713763,0.647815,-0.095473,0.075003,0.153525,0.224755,0.588609,0.565368,0.319275,0.100814,0.177935,0.025591,-1.913590,0.811587,0.014877,0.399494,-1.458705,0.258529,-1.224188,-0.042411,0.711540,0.194549,-0.750587,-1.056402,0.359909,0.427737,488.156154,1.637475,-1.283431,0.127196,0.099410,1.251514,-0.623311,-0.832747,0.595692,0.127552,0.548382,0.174014,1.044259,0.680070,-0.544398,0.129612
-0.448110,0.605753,0.398645,0.229649,0.369174,0.280434,-1.623135,0.380409,0.536715,0.108172,0.238009,0.334789,0.588609,0.565368,0.098158,0.136773,0.198284,0.432977,-1.837487,0.811587,0.622440,-0.343285,-1.609705,0.578170,-1.224188,0.143346,0.711540,0.103897,-0.588796,-0.800032,0.365275,0.245633,216.747331,1.563869,-1.455239,0.361501,0.217482,1.342985,-0.740515,-0.867931,0.639601,0.201996,0.239360,0.359687,1.044259,0.638972,-0.544398,0.563179
-0.781118,0.634892,0.466694,0.246622,0.399061,0.532827,-1.458186,0.333448,0.542566,0.343699,0.296100,0.289712,0.703071,0.372050,0.318623,0.376381,0.291881,0.686240,-1.493220,0.731262,0.485649,-1.010394,-1.681864,0.106224,-0.482018,-0.575052,0.597568,0.277309,0.257420,-0.665667,1.767649,0.244669,209.337535,1.360259,-1.377553,0.153256,0.288724,1.394799,-0.344028,0.390020,0.225833,0.231935,0.517231,0.065405,1.396923,1.116114,-0.142046,0.748208
0.210404,0.711187,2.536933,0.019347,0.304071,0.173811,-1.131268,0.315487,0.343147,0.029868,0.080105,0.280574,0.350486,-0.190475,0.058506,0.057501,0.015376,0.250346,-1.144859,0.535339,-0.100461,0.321553,-1.221185,-0.133196,-0.161805,0.211426,0.530786,0.108160,-0.620324,-0.789735,0.281090,0.217489,913.687226,1.078027,-1.130664,0.022988,0.056662,1.442789,-0.252508,0.486425,0.104778,0.004132,0.188467,0.255269,0.346738,0.642891,0.522374,0.084112
-0.511951,0.555039,0.888166,0.397692,0.368241,0.299706,-1.668755,0.577814,0.311936,0.081922,0.165692,0.203794,0.569697,0.370156,0.340018,0.170903,0.126699,0.151497,-1.998675,0.818657,0.623260,0.023840,-1.660327,0.583916,-0.842114,-0.057533,1.918003,0.182218,-0.951848,-1.105086,0.352795,0.553681,448.394228,1.639765,-1.389761,0.377724,0.098600,1.680636,-0.713982,-0.855386,0.533637,0.109722,0.410688,0.457884,0.696591,0.878954,-0.527745,0.177557
-0.620493,0.719284,0.711103,0.175557,0.241760,0.337048,-1.489208,0.214476,0.345890,0.017717,0.171122,0.215288,0.479737,-0.076806,0.157296,0.170846,0.069115,0.621169,-1.633422,0.638759,-0.071024,-0.428707,-1.429928,-0.044442,-0.376484,0.017823,0.489723,0.282313,-0.336832,-0.643495,0.272689,0.205446,360.818579,1.419637,-1.255914,0.063800,0.113345,1.691797,-0.246526,0.498936,0.152414,0.022821,0.350653,0.222444,0.706541,0.422567,0.219763,0.083996
0.340412,1.124615,0.424690,0.004881,0.179317,0.024466,-0.856947,0.016401,-0.588810,0.001943,0.016294,0.060769,0.186987,-0.205703,0.025305,0.012007,0.003031,0.057063,-1.027328,0.512536,-0.103813,0.328672,-1.117192,-0.171960,-0.118540,0.222539,0.331949,0.025248,-0.679364,-0.499873,0.267912,0.039705,189.944270,0.876652,-0.859106,0.002543,0.006718,1.144016,-0.242037,1.084950,0.019542,0.000843,0.084361,0.021517,0.368234,0.530343,0.139882,-0.124480
0.455138,1.028748,6.277814,0.014340,0.201945,0.119279,-1.277185,0.066084,-0.510555,0.008640,0.054601,0.162067,0.257522,-0.188819,0.043519,0.068876,0.015434,0.218382,-1.411677,0.520654,-0.104038,0.251997,-1.232321,-0.214692,-0.144394,0.198911,0.425615,0.061193,-1.071903,-1.537450,0.282056,0.027981,1764.837924,1.226464,-1.333147,0.025257,0.031436,1.657135,-0.246454,0.957521,0.031003,0.002927,0.221069,0.170536,0.325490,0.519649,0.213798,-0.037806
-0.495304,0.732512,0.461945,0.113047,0.260544,0.282706,-1.007776,0.198754,0.318679,0.046771,0.132839,0.128207,0.535043,0.101954,0.170406,0.134700,0.119187,0.398735,-1.167754,0.685673,-0.061934,0.008501,-1.492517,0.009850,-0.294296,0.106205,0.478318,0.130690,-0.206458,-0.506444,0.271451,0.153400,264.486982,1.076280,-1.017716,0.070575,0.099939,1.285884,-0.247488,0.589940,0.101405,0.031802,0.337098,0.169600,1.109110,0.323958,0.211177,0.069797
0.142278,1.131247,0.569963,0.003905,0.176359,0.048277,-0.906342,0.017720,-0.443516,0.004784,0.010033,0.076970,0.189727,-0.202177,0.020978,0.006028,0.002346,-0.122075,-1.060864,0.512580,-0.105680,0.359675,-1.330345,-0.171160,-0.114885,0.211579,0.335113,0.016362,-0.523058,-0.524771,0.271551,0.022514,239.717350,0.973184,-0.917666,0.006438,0.020801,1.431252,-0.241561,1.091818,0.015401,0.000927,0.085782,0.022499,0.344931,0.547885,0.129687,-0.065171
0.620491,0.913932,0.457242,0.013247,0.202921,0.106153,-0.839715,0.063844,-0.355755,0.006756,0.080235,0.186332,0.234164,-0.197242,0.068255,0.048927,0.009006,0.379003,-0.807896,0.529125,-0.027469,-0.008748,-1.273147,-0.047716,-0.135612,0.191957,0.388005,0.115779,-0.422102,-0.488874,0.275573,0.049603,196.415717,0.731325,-1.276945,0.017538,0.024053,1.279853,-0.246658,0.891946,0.021012,0.001804,0.120349,0.018226,0.354637,0.667699,0.161130,-0.047530
0.374153,0.655294,1.734525,0.090780,0.338909,0.226944,-1.473668,0.347983,-0.040185,0.061238,0.147544,0.226869,0.537357,0.107430,0.181836,0.116396,0.107335,-0.223502,-1.599969,0.658458,-0.066346,0.264337,-1.558486,0.130157,-0.848755,0.053702,0.503754,0.139000,-0.755559,-0.931651,0.385747,0.331512,633.378015,1.317147,-1.192450,0.105917,0.072990,1.857482,-0.422458,-0.559455,0.517998,0.059597,0.281756,0.179585,0.657840,0.658131,-0.485741,0.080881
0.243708,0.370715,0.898609,0.123169,0.282413,0.095300,-1.385745,0.197895,0.653055,0.118593,0.176966,0.327739,0.537357,0.107430,0.061680,0.164320,0.156174,0.548069,-1.564150,0.710577,0.522797,0.044134,-1.490711,0.352430,-0.848755,0.132081,0.473433,0.103613,-0.621283,-0.707089,0.386203,0.170717,467.594674,1.365852,-1.273102,0.316097,0.151449,1.427099,-0.616334,-0.604338,0.400981,0.132190,0.170916,0.421321,0.657840,0.538989,-0.485741,0.265924
0.058298,0.287849,0.573684,0.160081,0.342548,0.349725,-1.592582,0.288396,0.684457,0.110762,0.149974,0.233105,0.596977,0.758865,0.243277,0.128758,0.159702,0.786619,-1.902208,0.927767,0.087531,-0.369550,-1.808866,0.018489,-0.424225,-0.484771,0.505445,0.258800,0.253635,-0.610907,0.340725,0.202347,233.399240,1.588143,-1.434064,0.125503,0.198231,1.316531,-0.353405,0.125876,0.153668,0.225642,0.509410,0.113154,1.023134,0.774630,-0.276538,0.860969
0.904858,0.533050,2.418871,0.028759,0.259132,0.116718,-1.203742,0.211482,0.383462,0.016321,0.108695,0.313484,0.329548,-0.188991,0.108645,0.041644,0.015740,0.322644,-1.216465,0.549563,-0.067753,0.405938,-1.459222,-0.133298,-0.143446,0.181679,0.504381,0.070977,-0.630976,-0.887834,0.280439,0.255828,841.510692,1.241962,-1.330617,0.028800,0.054456,1.524512,-0.248791,0.173849,0.195169,0.003024,0.183919,0.279534,0.374761,0.722264,0.553834,0.012046
-0.606597,0.610522,1.940036,0.190091,0.379401,0.356491,-1.520166,0.795508,-0.257370,0.083316,0.118090,0.261012,0.666999,0.592212,0.247324,0.121589,0.118416,0.066555,-1.694315,0.874554,-0.067753,0.104074,-1.784000,0.081859,-0.994486,-0.033127,0.550267,0.208650,-1.042391,-1.170692,0.371102,0.370355,870.591807,1.492330,-1.305809,0.136681,0.145288,1.501187,-0.708530,-0.826331,0.543956,0.133537,0.489606,0.237772,0.848866,0.811561,-0.630527,0.270952
-0.606597,0.568006,1.037337,0.158752,0.356588,0.122781,-1.538994,0.511496,0.633602,0.084310,0.175238,0.325979,0.556481,0.592212,0.104350,0.156391,0.160192,0.459060,-1.789974,0.881080,0.756326,0.104074,-1.700362,0.757302,-0.994486,0.107080,0.550267,0.167614,-0.865808,-0.191422,0.371102,0.227035,540.534755,1.530116,-1.296920,0.328331,0.180623,1.742151,-0.758026,-0.875486,0.564478,0.159149,0.205596,0.481347,0.848866,0.583222,-0.630527,0.386704
-0.673752,0.697634,0.398820,0.331236,0.366502,0.571001,-1.467268,0.392902,0.596599,0.291038,0.320852,0.390083,0.638307,0.189798,0.276943,0.371958,0.266086,0.672161,-1.892667,0.703710,0.171767,-1.264194,-1.683767,0.317010,-0.864166,-0.833365,0.593934,0.388457,0.236448,-0.864854,1.595752,0.287585,175.940311,1.508896,-1.341113,0.168910,0.300429,1.201102,-0.440614,0.484920,0.176088,0.183498,0.680433,0.074875,1.055550,0.883169,-0.560262,1.026234
0.095154,0.764756,2.290924,0.031312,0.338704,0.103850,-1.246977,0.421042,0.288567,0.049378,0.041196,0.156559,0.404292,-0.188265,0.062366,0.058256,0.020092,-0.169043,-1.374757,0.557458,-0.086277,0.404269,-1.444775,-0.125720,-0.211271,0.197907,0.499772,0.083278,-0.520558,-0.712096,0.284906,0.238001,826.224490,1.287361,-1.268252,0.046983,0.099282,1.469608,-0.252191,0.616321,0.056933,0.003403,0.147888,0.214345,0.439450,0.732828,0.234326,0.086938
-0.872926,0.558157,1.871781,0.223169,0.408867,0.375758,-1.260330,0.879479,-0.326334,0.088908,0.149069,0.317548,0.655182,0.278135,0.339348,0.148594,0.131588,0.463021,-1.102730,0.809913,0.137962,0.094364,-1.790926,0.013252,-0.995028,-0.128221,0.640410,0.218267,-1.065090,-1.534521,0.323806,0.394535,808.640877,0.900109,-1.484635,0.111552,0.162224,1.796523,-0.742110,-0.820163,0.505943,0.111421,0.430933,0.236330,0.867656,0.935341,-0.587410,0.304382
-0.872926,0.541389,0.614095,0.189390,0.352044,0.239602,-1.584208,0.644585,0.721433,0.080077,0.159383,0.309356,0.557798,0.278135,0.099663,0.174235,0.146636,0.548100,-1.938770,0.809913,0.532219,-0.230997,-1.578506,0.764579,-0.995028,0.071088,0.640410,0.161225,-0.911059,-0.661899,0.323806,0.400914,319.410678,1.662033,-1.443458,0.321136,0.139476,1.652121,-0.844200,-0.918661,0.447525,0.123736,0.213309,0.517746,0.867656,0.559204,-0.635161,0.270207
-0.686709,0.617927,0.538856,0.327223,0.368740,0.680056,-1.453394,0.432618,0.703773,0.340093,0.387120,0.420871,0.733420,0.320126,0.354239,0.650537,0.297745,0.588418,-1.745315,0.787163,0.485201,-0.495645,-1.767145,0.320439,-1.442319,-0.742670,0.777821,0.389377,0.261819,-0.866640,1.616324,0.237948,211.075144,1.504412,-1.607493,0.241276,0.306447,1.530712,-0.467395,0.447674,0.147746,0.196356,0.595407,0.116566,1.968481,1.036254,-0.148627,0.823168
0.019319,0.808169,2.671516,0.027183,0.302580,0.204390,-1.291471,0.315567,0.284743,0.029646,0.062550,0.293573,0.391811,-0.192009,0.082638,0.048280,0.014037,0.149504,-1.401246,0.541126,-0.095291,0.211800,-1.369657,-0.061342,-0.188521,0.183800,0.541555,0.097975,-0.502804,-0.868235,0.276683,0.271485,929.694415,1.283123,-1.192524,0.042088,0.064022,1.616920,-0.250362,0.483191,0.147608,0.003553,0.227074,0.223454,0.386975,0.566175,0.555229,0.078343
-0.366573,0.665463,2.321648,0.153790,0.419225,0.388742,-1.486185,0.606071,-0.354382,0.078743,0.211767,0.260118,0.655659,0.401730,0.286136,0.120909,0.160054,0.135392,-1.851507,0.913300,0.017698,0.005203,-1.564310,0.013347,-1.362668,-0.067086,0.612471,0.270225,-0.864016,-1.428362,0.359209,0.387882,1012.598732,1.570933,-1.763823,0.124285,0.153889,1.584936,-0.600535,-0.870819,0.621729,0.091311,0.239795,0.151868,0.834348,0.817497,-0.493904,0.239469
-0.366573,0.606451,0.675068,0.139852,0.355401,0.121433,-1.380839,0.412204,0.532572,0.085994,0.221437,0.393515,0.569727,0.401730,0.143396,0.136637,0.180512,0.693613,-1.580397,0.913300,0.683954,-0.013843,-1.594054,0.551760,-1.362668,0.150260,0.678173,0.145967,-0.737676,-0.575794,0.360810,0.238059,365.128346,1.478191,-1.499463,0.332366,0.230856,1.782589,-0.707927,-0.871800,0.630079,0.154289,0.195191,0.402032,0.834348,0.598120,-0.493904,0.534204
-0.429144,0.584391,0.489943,0.175605,0.388478,0.427464,-1.541190,0.229554,0.501319,0.193101,0.221153,0.315158,0.627737,0.478908,0.238355,0.241701,0.184775,0.927818,-1.746793,0.758788,0.105022,-0.380515,-1.608032,0.015560,-0.523557,-0.415554,0.463862,0.431481,0.106327,-0.547483,0.958293,0.204969,207.333121,1.501143,-1.186031,0.123364,0.220036,1.564478,-0.312206,0.398521,0.202749,0.187254,0.520150,0.113079,0.956609,0.962991,-0.219583,0.555172
0.296831,0.745583,2.504536,0.016407,0.275086,0.150432,-1.251959,0.265741,0.116561,0.021020,0.091704,0.315198,0.343070,-0.148044,0.046725,0.041392,0.020530,0.316277,-1.247022,0.527125,-0.111687,0.299573,-1.267643,-0.139878,-0.153962,0.207014,0.463619,0.095642,-0.708186,-0.990484,0.296250,0.157633,878.353931,1.105645,-1.323220,0.027571,0.051184,1.837319,-0.249662,0.480861,0.118535,0.007191,0.219270,0.214477,0.420471,0.538860,0.487205,0.073784
-0.650530,0.644724,2.096973,0.196288,0.372305,0.436665,-1.356799,0.670128,-0.442787,0.073150,0.141968,0.355374,0.577154,0.426057,0.268384,0.164041,0.130588,0.301573,-1.353046,0.808067,-0.111687,-0.071241,-1.570373,-0.254468,-1.013592,-0.063283,0.475686,0.212428,-0.972745,-1.724382,0.320815,0.356018,850.533123,1.166236,-1.441944,0.132358,0.120268,1.718779,-0.720669,-0.853214,0.606609,0.119328,0.530225,0.162385,0.822101,0.667460,-0.555029,0.221313
-0.650530,0.562083,0.688171,0.106485,0.360675,0.183852,-1.457448,0.496106,0.487433,0.084982,0.372886,0.575258,0.541375,0.426057,0.096492,0.143043,0.107852,1.224405,-1.709134,0.808067,1.262095,-0.560750,-1.503091,0.399894,-1.013592,0.116261,0.528893,0.148122,-0.861096,-1.147075,0.320815,0.193373,345.246500,1.468066,-1.320363,0.323682,0.134888,1.740542,-0.766379,-0.868976,0.525230,0.152507,0.213891,0.437354,0.822101,0.521584,-0.555029,0.343296
-0.211702,0.533417,0.438574,0.313738,0.397145,0.604008,-1.438206,0.258405,0.497054,0.165519,0.295044,0.511486,0.752437,0.906653,0.303945,0.293892,0.392394,1.261209,-1.590357,0.822090,1.166501,-0.871139,-1.692583,0.283785,-0.467753,-0.498251,0.586512,0.325793,0.188578,-0.462892,0.927306,0.127874,192.936186,1.349183,-1.522309,0.257230,0.262143,1.265749,-0.413877,0.184812,0.291512,0.316795,0.717662,0.081243,2.286224,0.810459,-0.261598,0.644376
0.613550,0.551042,3.185220,0.026577,0.255817,0.190548,-1.378353,0.164732,0.254890,0.009995,0.114682,0.281640,0.320396,-0.186972,0.119666,0.076361,0.012214,0.532747,-1.552442,0.553706,-0.106095,-0.164094,-1.440378,-0.075062,-0.161243,0.159240,0.589616,0.136581,-0.743982,-1.067357,0.280852,0.154480,1038.671668,1.376191,-1.276506,0.022323,0.036270,1.693437,-0.249835,0.200450,0.221875,0.004652,0.230879,0.297943,0.354322,0.477598,0.536319,0.029212
-0.928849,0.619364,2.757139,0.275630,0.357993,0.357427,-1.674972,0.794173,-0.474741,0.084485,0.169948,0.267357,0.630455,0.381317,0.276511,0.186647,0.135474,0.556558,-2.041280,0.844087,-0.102374,-0.254186,-1.512539,-0.222344,-0.976129,-0.055491,0.508160,0.147074,-1.192571,-1.666872,0.375818,0.335290,1072.984157,1.590550,-1.206281,0.129107,0.121949,1.638831,-0.758592,-0.696772,0.528848,0.113663,0.462030,0.220867,0.906346,0.689080,-0.655125,0.206098
-0.928849,0.481051,0.625721,0.221181,0.360740,0.391099,-1.601073,0.612423,0.475264,0.096733,0.312616,0.420974,0.613724,0.381317,0.072093,0.117390,0.095929,0.820427,-1.999646,0.859418,1.398252,-0.642841,-1.507876,0.681878,-0.929393,0.085356,0.508160,0.147864,-1.084351,-0.636037,0.375818,0.272698,331.787295,1.697792,-1.187224,0.340053,0.109092,1.527265,-0.819521,-0.779791,0.479336,0.146938,0.224224,0.484008,0.906346,0.530004,-0.655125,0.231357
-0.546908,0.678760,0.574617,0.264332,0.396942,0.634187,-1.300436,0.349296,0.523991,0.290545,0.391288,0.348360,0.765699,0.620654,0.280184,0.317327,0.415031,1.022971,-1.490844,0.823464,0.934157,-0.943335,-1.687983,0.473665,-0.357216,-0.977501,0.660447,0.402580,0.207184,-0.681207,1.402778,0.192441,235.310740,1.360343,-1.260798,0.275391,0.316245,1.183638,-0.537346,0.398183,0.228583,0.250133,0.769889,0.068904,1.851462,0.910266,-0.780683,0.935905
0.203971,0.781478,4.040836,0.050760,0.291465,0.219455,-1.125376,0.243821,0.328962,0.023133,0.136589,0.413150,0.370331,-0.189977,0.130324,0.105457,0.032324,0.892409,-0.910500,0.553816,-0.067513,0.037851,-1.245841,-0.072384,-0.228254,0.165143,0.596020,0.126904,-0.681092,-0.933046,0.278425,0.254578,1221.785713,0.856907,-1.187505,0.037237,0.049583,2.104055,-0.266898,0.435098,0.182254,0.007473,0.249654,0.288108,0.416522,0.568453,0.559050,0.023404
-0.970804,0.682460,2.997634,0.255068,0.405185,0.368694,-1.470433,0.761919,-0.431892,0.082295,0.122772,0.284893,0.656730,0.409796,0.225936,0.172396,0.151700,0.551355,-1.484783,0.850693,-0.012482,-0.197191,-1.605858,-0.264960,-1.103756,-0.050112,0.430559,0.240075,-1.055376,-1.482214,0.342448,0.379761,1125.064805,1.156005,-1.238414,0.138682,0.144908,1.951220,-0.835268,-0.771051,0.597058,0.129274,0.587319,0.190709,1.035465,0.846093,-0.575271,0.309221
-0.970804,0.505736,0.602950,0.187375,0.397588,0.259162,-1.564131,0.611151,0.607094,0.096072,0.292896,0.375268,0.656730,0.409796,0.124211,0.177074,0.176312,0.664172,-1.912551,0.859006,1.085944,-0.205004,-1.372876,0.620131,-0.999710,0.037393,0.565008,0.204347,-0.978445,-1.182189,0.342448,0.307381,321.483796,1.571465,-1.325821,0.378867,0.145454,1.567642,-0.864043,-0.790390,0.515552,0.160284,0.349598,0.530271,1.035465,0.623851,-0.575271,0.307384
-0.693459,0.729475,0.459496,0.371657,0.408976,0.957833,-1.471398,0.350746,0.607094,0.362922,0.447883,0.436980,0.807899,0.687118,0.398268,0.561116,0.424347,0.843474,-1.571048,0.926655,0.653298,-2.189966,-1.828710,0.527046,-0.658086,-1.166800,0.904816,0.556199,0.260638,-0.975496,2.076939,0.211915,197.743862,1.434906,-1.447393,0.305280,0.392225,1.187564,-0.586302,0.403079,0.249163,0.263869,0.684743,0.081371,1.661901,1.122123,-0.953627,1.435199
-0.062819,0.712734,2.675494,0.023160,0.336164,0.309572,-1.157570,0.386548,0.395895,0.038266,0.152085,0.267694,0.417407,-0.185971,0.263073,0.104557,0.015204,0.227827,-1.134713,0.551464,-0.113644,0.201752,-1.288393,-0.092674,-0.241360,0.152223,0.863860,0.105895,-0.483686,-0.867645,0.275692,0.340596,934.844382,1.039384,-1.250925,0.048279,0.076332,1.623257,-0.249718,0.414343,0.138168,0.004338,0.272986,0.257805,0.383537,0.601464,0.495941,0.063468
-0.760873,0.553626,1.772601,0.283162,0.413831,0.399951,-1.462183,0.748462,-0.333343,0.084862,0.200550,0.347069,0.576975,0.623866,0.296854,0.136671,0.159071,0.609716,-1.528014,0.839524,-0.136669,0.244569,-1.644325,0.018033,-0.937059,-0.089354,0.526221,0.198673,-0.942685,-1.344587,0.385968,0.361223,771.706613,1.269229,-1.277052,0.115103,0.103804,1.623764,-0.812045,-0.773716,0.526192,0.163640,0.399785,0.205338,1.089708,1.017937,-0.544004,0.124687
-0.760873,0.526053,0.756304,0.168864,0.337650,0.224070,-1.446702,0.544867,0.649594,0.076221,0.250965,0.329692,0.568498,0.623866,0.062204,0.162621,0.173082,0.586242,-1.598224,0.839524,0.876415,0.112374,-1.569791,0.534036,-0.937059,0.089350,0.526221,0.118286,-0.879341,-1.006094,0.385968,0.359553,420.556369,1.412613,-1.469690,0.316198,0.140055,1.629145,-0.812045,-0.856512,0.455086,0.176279,0.347083,0.521130,1.089708,0.475358,-0.544004,0.334625
-0.588719,0.605385,0.424528,0.240316,0.381051,0.515719,-1.399684,0.349274,0.649594,0.271827,0.247234,0.227138,0.675475,0.635548,0.294438,0.370767,0.281262,0.606553,-1.391294,0.725586,0.399107,-1.065293,-1.771778,0.324463,-0.652785,-0.669495,0.608912,0.294219,0.358019,-0.589089,1.330937,0.202420,185.568310,1.161907,-1.563808,0.255832,0.294079,1.130820,-0.481737,0.328491,0.195705,0.232146,0.566376,0.065995,1.731119,0.975626,-0.259617,0.805101
0.137308,0.637707,2.482156,0.029193,0.304059,0.191470,-1.308347,0.308907,0.407158,0.023229,0.134518,0.314376,0.364890,-0.189739,0.095483,0.077064,0.014465,0.372613,-1.255807,0.539477,-0.112912,-0.154402,-1.165080,-0.124403,-0.190647,0.181697,0.488789,0.148185,-0.517124,-0.690868,0.279032,0.269089,856.611668,1.122267,-1.093793,0.026424,0.042427,1.820668,-0.253740,0.347411,0.156091,0.003709,0.135130,0.286665,0.340986,0.605295,0.508155,0.053729
-0.515690,0.615378,1.926552,0.305819,0.419764,0.287951,-1.290240,0.652642,-0.284302,0.086642,0.183699,0.220131,0.661119,0.494217,0.295838,0.112596,0.133261,0.160915,-1.338691,0.875891,0.043237,0.154672,-1.596662,0.314788,-1.151829,-0.059305,0.597151,0.219932,-0.862615,-0.850397,0.438605,0.361038,841.786914,1.228022,-1.415096,0.131666,0.121584,1.844595,-0.704612,-0.842565,0.560738,0.138958,0.517341,0.176012,0.876867,0.688438,-0.622725,0.272786
-0.515690,0.578916,0.813821,0.254419,0.400711,0.189119,-1.274102,0.412364,0.479006,0.121073,0.200303,0.264957,0.661119,0.494217,0.112960,0.262803,0.234031,0.293476,-1.263255,0.875891,0.430693,0.128187,-1.497669,0.894933,-1.151829,0.054913,0.597151,0.173137,-0.851102,-0.843560,0.438605,0.355088,418.314575,1.091502,-1.483225,0.406621,0.197876,1.731687,-0.778436,-0.915756,0.601951,0.189952,0.298462,0.452397,0.876867,0.564836,-0.622725,0.509122
-0.616427,0.665445,0.479682,0.261326,0.378966,0.435325,-1.381434,0.251302,0.465113,0.222208,0.251263,0.311261,0.638597,0.622382,0.280633,0.351327,0.282052,0.461736,-1.591431,0.741387,0.352726,-0.661019,-1.514157,0.360163,-0.508822,-0.221126,0.628964,0.313492,0.231979,-0.904177,0.937509,0.258975,204.716521,1.419375,-1.345039,0.221291,0.287650,1.474139,-0.513370,0.432543,0.214269,0.239021,0.491540,0.041459,0.996234,0.970241,-0.512331,0.622257
0.114018,0.740241,2.026355,0.025520,0.307736,0.126686,-1.137434,0.355255,0.357672,0.030901,0.090154,0.191233,0.371131,-0.189552,0.086395,0.075435,0.012404,0.273928,-1.228790,0.536586,-0.068370,0.034626,-1.421260,-0.138255,-0.147495,0.191506,0.478468,0.111357,-0.461689,-0.832009,0.277398,0.250861,736.650367,1.101169,-1.188374,0.036755,0.058632,1.716790,-0.249830,0.491690,0.124217,0.003748,0.206056,0.238845,0.335929,0.553876,0.473881,0.047711
-0.367329,0.622655,1.287618,0.243821,0.396453,0.273254,-1.544312,0.663277,-0.208255,0.087836,0.158247,0.215026,0.592885,0.469437,0.334480,0.118969,0.159763,-0.030870,-1.739016,0.872336,0.004915,0.239907,-1.674561,0.167396,-1.082983,-0.070531,0.636156,0.204907,-0.751046,-1.364459,0.367029,0.405409,563.670595,1.399869,-1.284853,0.145287,0.126031,1.727712,-0.707967,-0.873182,0.606424,0.111098,0.370844,0.158044,0.877691,0.666067,-0.527725,0.199351
-0.367329,0.638456,0.496991,0.263716,0.349113,0.196510,-1.559894,0.382120,0.429035,0.099654,0.272164,0.391582,0.498323,0.465210,0.104152,0.121884,0.162549,0.710622,-1.838768,0.872336,0.733485,-0.232694,-1.630975,0.519261,-1.082983,0.167849,0.624590,0.068351,-0.503881,-0.559881,0.370892,0.161989,254.201327,1.559843,-1.409456,0.322555,0.213740,1.504912,-0.743011,-0.893853,0.684582,0.177999,0.130795,0.310132,0.877691,0.734603,-0.527725,0.385652
-0.600992,0.563994,0.612119,0.299456,0.399240,0.560849,-1.491922,0.339387,0.525607,0.241120,0.382308,0.317204,0.733181,0.682675,0.323931,0.441865,0.332716,0.880107,-1.700381,0.774270,0.291690,-0.716593,-1.571164,-0.009713,-0.554735,-0.630167,0.609472,0.371133,0.049712,-0.708310,1.478746,0.168569,242.546130,1.395765,-1.256175,0.131028,0.243828,1.334651,-0.251602,0.371440,0.201976,0.209712,0.532722,0.133299,1.917204,1.248836,-0.093844,0.754346
0.324709,0.811425,2.561590,0.016166,0.271841,0.079490,-1.301256,0.253439,0.060506,0.014745,0.117471,0.212694,0.366313,-0.189687,0.047812,0.039309,0.018313,0.103227,-1.362690,0.542056,-0.105832,0.304351,-1.256858,-0.102181,-0.172810,0.206709,0.459713,0.079824,-0.706573,-0.752143,0.280104,0.188923,785.002951,1.287277,-1.136281,0.031025,0.029661,1.802739,-0.257138,0.566725,0.116906,0.004778,0.157213,0.194884,0.409703,0.631568,0.446593,0.045442
-0.505068,0.483985,0.844219,0.359125,0.418373,0.197989,-1.485101,0.483640,0.503501,0.083313,0.245453,0.244367,0.607175,0.366259,0.237891,0.198077,0.152977,0.291081,-1.702792,0.848977,0.750273,0.025272,-1.612921,0.581741,-1.036452,0.009316,0.621807,0.146595,-1.052833,-1.216808,0.369455,0.500620,434.616231,1.491064,-1.368977,0.450848,0.119414,1.542270,-0.711932,-0.861157,0.476927,0.124517,0.426688,0.568766,0.772749,0.458883,-0.568702,0.116466
-0.122990,0.775926,1.366410,0.014767,0.223261,0.181399,-1.067770,0.170634,0.236062,0.019586,0.076916,0.331179,0.266956,-0.201132,0.155716,0.064744,0.010505,0.470727,-1.191423,0.529651,-0.104040,0.186525,-1.218062,-0.086778,-0.153195,0.193423,0.412146,0.117437,-0.540445,-0.767709,0.271539,0.112730,659.790754,1.112576,-1.173204,0.017464,0.073185,1.556028,-0.247408,0.521507,0.110004,0.002513,0.280507,0.222916,0.378567,0.515642,0.306190,0.075609
0.426742,1.096302,0.425127,0.010174,0.173990,0.039528,-0.884068,0.025668,-0.657078,0.002133,0.020485,0.029532,0.178035,-0.200203,0.017012,0.015604,0.005318,0.202340,-1.075566,0.517700,-0.097512,0.289198,-1.324567,-0.147953,-0.124798,0.219339,0.311737,0.021201,-0.754287,-0.454603,0.270640,0.018879,201.269360,0.932904,-1.064783,0.001864,0.008137,1.279725,-0.242125,1.074859,0.015610,0.001117,0.090034,0.024415,0.343956,0.563315,0.116730,-0.134643
0.423450,1.045933,1.126786,0.006868,0.187959,0.078007,-0.952922,0.017305,-0.450154,0.004707,0.028371,0.142027,0.200016,-0.194061,0.023956,0.023912,0.014350,0.192276,-1.036904,0.525015,-0.120643,0.255151,-1.200596,-0.168585,-0.149722,0.203571,0.318372,0.056640,-0.557974,-0.701070,0.275314,0.036624,385.554543,0.959975,-1.291283,0.005859,0.012115,1.389685,-0.243984,1.009719,0.014574,0.001827,0.114979,0.025868,0.337600,0.493499,0.153564,-0.086426
-0.455028,0.808157,3.739040,0.342345,0.241083,0.246747,-1.234866,0.327131,-0.695372,0.032734,0.164679,0.439634,0.296451,-0.007505,0.302736,0.173645,0.081122,-0.343051,-1.150134,0.739755,-0.021846,-0.333917,-1.333804,-0.348879,-0.942131,-0.026529,0.513575,0.199911,-1.112108,-1.745115,0.290103,0.321352,1270.870968,0.938431,-1.577245,0.026181,0.046953,1.846210,-0.248679,0.119583,0.293675,0.029610,0.609341,0.124628,0.591730,0.593329,-0.383157,0.003724
-0.462126,0.555932,2.809398,0.338324,0.220408,0.330241,-1.305207,0.426275,-0.483459,0.045075,0.296394,0.430131,0.296451,-0.007505,0.324705,0.185972,0.161219,-0.229513,-1.047025,0.789958,0.731121,-0.432165,-1.319828,-0.051962,-0.942131,-0.026529,0.541287,0.233743,-1.112108,-1.745115,0.300788,0.381272,893.445728,0.886054,-1.591041,0.074236,0.058388,2.307376,-0.533710,-0.087868,0.421224,0.050403,0.690536,0.178838,1.041022,0.564125,-0.383157,0.003724
-0.462126,0.181410,0.438007,0.382002,0.185008,0.358481,-1.582096,0.417900,-0.195730,0.050654,0.298438,0.616501,0.296451,-0.007505,0.302685,0.155126,0.160735,0.655721,-1.770648,0.789958,1.065421,-0.475823,-1.357047,0.225872,-0.942131,-0.026529,0.541287,0.243384,-1.107283,-1.501165,0.300788,0.121673,185.101446,1.531251,-1.416003,0.184523,0.055214,1.277504,-0.533710,-0.087868,0.212470,0.059497,0.563538,0.283858,1.041022,0.398282,-0.383157,0.003724
-0.462126,0.207149,0.431174,0.199345,0.160108,0.239636,-1.491895,0.403557,-0.001915,0.048825,0.182890,0.776302,0.257695,-0.076051,0.076631,0.112676,0.160077,1.407390,-1.587045,0.789958,1.171211,-0.617803,-1.524970,0.242531,-0.804110,0.184538,0.541287,0.159109,-0.757393,-0.156049,0.300788,0.037453,179.387700,1.431285,-1.553023,0.162198,0.078366,1.250694,-0.533710,-0.087868,0.234253,0.037833,0.252907,0.237773,1.041022,0.416220,-0.353253,0.019845
0.629249,0.661760,0.694961,0.037384,0.103505,0.107496,-1.219667,0.267090,-0.290510,0.011165,0.037998,0.322483,0.136912,2.937559,0.201788,0.028703,0.052439,0.713850,-1.304899,0.271653,-0.028555,0.284635,-1.566305,-0.018580,-0.155236,0.615393,-6.280285,0.055624,-0.425084,-0.513023,0.301159,0.047173,344.871875,1.145022,-1.131307,0.027886,0.118577,1.447288,-0.257658,0.376945,0.117734,0.087993,0.201503,0.035560,-1.334338,9.553922,0.121430,4.161753
0.023411,1.240937,0.401832,0.002850,0.184366,0.113553,-0.756174,0.024616,-0.820594,0.011165,0.003460,0.131701,0.194936,1.806599,0.201788,0.028703,0.052439,0.448777,-0.893881,0.362692,-0.091318,0.388328,-1.234837,-0.170038,-0.117559,0.461093,-3.686735,0.055624,-0.969886,-0.583191,0.289866,0.039167,228.375616,0.751018,-1.091156,0.002952,0.118577,1.186309,-0.254823,1.220819,0.008635,0.087993,0.135703,0.029208,-0.660352,6.246157,0.147342,2.637698
-0.010941,1.174957,0.366124,0.004197,0.185745,0.046273,-0.819844,0.019958,-0.864897,0.008934,0.005992,0.025421,0.187910,0.614737,0.161471,0.022968,0.041961,-0.091708,-1.015961,0.453731,-0.099377,0.386320,-1.352034,-0.173666,-0.112809,0.306793,-1.093185,0.044510,-0.933508,-0.359794,0.277965,0.026713,179.004637,0.865295,-1.147607,0.001696,0.094886,1.135759,-0.240099,1.152792,0.010155,0.070412,0.032635,0.015803,0.013633,2.760268,0.161409,1.031572
-0.015181,1.170526,0.356428,0.002701,0.179238,0.051615,-0.803016,0.017766,-0.679351,0.002160,0.008470,0.028026,0.181852,-0.198256,0.013666,0.006742,0.002692,-0.071765,-1.062585,0.503850,-0.105454,0.333621,-1.366846,-0.174144,-0.113435,0.218506,0.284358,0.024880,-0.902743,-0.453421,0.271114,0.034100,177.268959,0.831388,-1.216386,0.001212,0.009918,1.097422,-0.240025,1.123691,0.021451,0.000775,0.042525,0.072506,0.341481,0.381919,0.155932,-0.067704
0.025609,0.815284,0.507752,0.070174,0.237667,0.371786,-1.454473,0.300868,0.441560,0.042041,0.113526,0.216585,0.417422,-0.009476,0.156742,0.063547,0.077475,0.413879,-1.472877,0.567785,0.049494,0.137446,-1.384364,-0.048824,-0.293825,0.041895,0.563569,0.142341,-0.457256,-0.777741,0.430981,0.194838,231.691475,1.270071,-1.434391,0.109887,0.075355,1.334489,-0.371950,0.110916,0.408461,0.053751,0.511624,0.301606,0.856787,0.451995,-0.482843,0.123491
0.340415,0.303450,0.342840,0.088111,0.075873,0.060409,-1.375110,0.187737,0.770356,0.048129,0.081232,0.129472,0.383011,-0.037324,0.065130,0.043371,0.045356,0.163224,-1.462118,0.587906,0.063649,0.213351,-1.296616,-0.015747,-0.125670,0.165258,0.464959,0.052572,0.161288,-0.775904,0.430981,0.122184,198.075125,1.319716,-1.600421,0.106035,0.108027,1.087151,-0.372977,0.109584,0.110120,0.052874,0.319657,0.156805,0.716582,0.535224,-0.265790,0.226412
-0.357416,0.511579,0.729782,0.184741,0.271285,0.182532,-1.645275,0.235440,0.821303,0.172406,0.230377,0.120617,0.565381,0.451778,0.275402,0.146060,0.235017,0.496041,-1.809823,0.815881,0.132159,-0.021078,-1.860626,0.012340,-0.516666,-0.373694,0.484052,0.432611,0.687120,-0.432835,0.802105,0.117741,302.554363,1.550410,-1.538745,0.195882,0.192744,1.403017,-0.316492,0.287345,0.103473,0.171972,0.402538,0.038455,1.134131,0.750460,-0.118721,0.636848
-0.174599,0.523427,2.300753,0.097184,0.304986,0.199630,-1.504759,0.316194,0.718407,0.016425,0.136689,0.312117,0.474054,-0.162389,0.208784,0.105350,0.033034,0.637916,-1.626727,0.547890,-0.075930,0.031307,-1.497041,-0.052442,-0.294465,-0.055072,0.743276,0.286041,-0.478472,-0.709655,0.294027,0.281376,738.478959,1.394326,-1.119201,0.059871,0.043055,1.619956,-0.270746,0.259495,0.220737,0.009763,0.365806,0.396936,0.407074,0.401204,0.366973,0.041052
-0.893781,0.684805,2.720335,0.279290,0.445517,0.335716,-1.473467,0.728517,0.085950,0.127043,0.224065,0.194794,0.754099,0.794393,0.335578,0.197768,0.176428,0.102608,-1.540424,0.934525,-0.059729,-0.100311,-1.557013,0.260687,-1.241642,-0.150633,0.690100,0.286097,-0.727346,-1.061179,0.468552,0.371817,1081.655918,1.321098,-1.232864,0.196915,0.207733,1.586501,-0.896172,-1.057027,0.626514,0.214168,0.509363,0.252812,1.114244,0.655501,-0.868912,0.563858
-0.893781,0.627864,0.621278,0.407285,0.561771,0.339771,-1.416210,0.597786,0.717455,0.208942,0.312904,0.292737,0.754099,0.794393,0.380369,0.275845,0.293481,0.567034,-1.575866,0.934525,0.887426,-0.223710,-1.610906,0.701360,-1.241642,-0.150633,0.976257,0.343151,-0.727346,-1.061179,0.468552,0.537121,333.240769,1.409798,-1.397374,0.597717,0.308532,1.722405,-0.944958,-1.132108,0.672798,0.253448,0.466481,0.534437,1.114244,0.467596,-0.868912,0.600020
-0.465498,0.648145,0.703014,0.339437,0.496810,0.304524,-1.524595,0.225717,0.679465,0.291338,0.269787,0.348834,0.795804,0.863342,0.345449,0.456107,0.334555,0.802599,-1.827949,0.888217,0.887426,-0.325869,-1.605157,0.701360,-1.271556,-0.600981,0.976257,0.328622,0.238250,-1.509235,1.313675,0.226725,275.933175,1.619491,-1.457793,0.497513,0.341053,1.278712,-0.676529,0.054860,0.274852,0.322057,0.474030,0.106526,1.395887,1.064597,-0.424929,0.647503
-0.265078,0.663283,2.966360,0.131514,0.349540,0.222697,-1.440308,0.402257,0.445563,0.031441,0.114704,0.312605,0.515899,-0.080719,0.251231,0.146913,0.081471,0.500992,-1.568081,0.564924,-0.014393,0.007854,-1.340595,-0.108511,-0.377165,-0.022181,0.844666,0.244278,-0.846100,-0.858261,0.317671,0.368856,983.293800,1.364715,-1.132130,0.067966,0.080284,0.853785,-0.262615,0.380448,0.209760,0.024553,0.444913,0.414331,0.617487,0.457714,0.416872,0.067310
-0.997981,0.690746,2.550449,0.259886,0.466908,0.301460,-1.479145,0.746170,-0.179896,0.121833,0.300512,0.201413,0.789876,0.623225,0.380280,0.250417,0.207013,0.077088,-1.627763,0.902099,-0.111617,-0.072308,-1.547191,-0.006946,-1.386673,-0.266322,0.836943,0.394865,-1.116387,-1.151283,0.417040,0.388653,1091.571482,1.337625,-1.276338,0.163275,0.244621,1.860205,-0.826217,-0.970767,0.572426,0.176571,0.678201,0.269928,1.299059,0.925026,-0.828456,0.770696
-0.997981,0.619578,0.629067,0.368544,0.560900,0.308929,-1.508896,0.646024,0.636026,0.180086,0.393768,0.244474,0.789876,0.623225,0.388372,0.286869,0.259492,0.150735,-1.694537,0.961601,1.132779,-0.083041,-1.583797,0.840721,-1.386673,-0.266322,0.841414,0.403277,-1.116387,-1.151283,0.428149,0.690966,313.276118,1.456871,-1.545208,0.604638,0.285047,1.536383,-0.906295,-1.152463,0.628720,0.197660,0.611513,0.678320,1.299059,0.925026,-0.828456,0.770696
-0.555584,0.573067,0.610351,0.497268,0.564880,0.310329,-1.585985,0.375732,0.636026,0.218973,0.342749,0.379945,0.742988,1.630707,0.455826,0.356960,0.405396,0.742753,-1.995710,0.982844,1.132779,-0.639375,-1.714992,0.840721,-1.139858,-0.478510,0.997081,0.379526,0.453250,-1.400474,0.671621,0.319593,247.138706,1.774981,-1.376434,0.596936,0.388635,1.581238,-0.795948,-0.569684,0.400407,0.484577,0.692195,0.053204,1.535584,1.033515,-1.056347,1.043753
-0.523277,0.592076,2.727260,0.219900,0.384770,0.304226,-1.291296,0.483505,0.535641,0.055248,0.207378,0.291728,0.688516,-0.040954,0.379450,0.172607,0.067553,0.324467,-1.548366,0.861980,-0.076108,0.003866,-1.401786,-0.100551,-0.565683,-0.220784,0.997081,0.264251,-0.744826,-1.078907,0.311036,0.356388,1024.830952,1.425065,-1.221891,0.090830,0.117983,1.419642,-0.275390,0.361155,0.195215,0.030326,0.548045,0.436384,0.547275,0.436772,-0.005052,0.050539
-1.052468,0.649990,2.387740,0.314723,0.467522,0.404409,-1.433576,0.729521,0.110443,0.123134,0.281348,0.273656,0.794048,0.934973,0.445324,0.219623,0.226188,0.380214,-1.429566,0.837505,-0.079336,-0.265413,-1.623748,0.198226,-1.349951,-0.229972,0.926146,0.352219,-1.063987,-1.239858,0.458311,0.428055,1130.104718,1.274716,-1.427607,0.176330,0.216982,1.453326,-0.778263,-0.974561,0.566895,0.210779,0.590324,0.333251,1.319707,0.866112,-0.945269,0.607061
-1.052468,0.632402,0.718766,0.544755,0.586289,0.402217,-1.530678,0.626734,0.700226,0.220886,0.391349,0.262957,0.794048,0.934973,0.424517,0.308477,0.313258,0.380214,-1.681212,0.914424,1.283903,-0.286314,-1.614090,0.978482,-1.349951,-0.229972,0.859751,0.408104,-1.063987,-1.239858,0.458684,0.700058,403.057621,1.440694,-1.429685,0.631348,0.327720,1.453816,-1.049645,-1.181422,0.669585,0.224366,0.575855,0.682354,1.319707,0.866112,-0.945269,0.607061
-0.467373,0.614447,0.554424,0.605983,0.529596,0.334377,-1.575231,0.309797,0.700226,0.233586,0.385628,0.361690,0.762806,1.608242,0.420831,0.288977,0.398830,0.755431,-1.930118,1.063438,1.283903,-1.419134,-1.778655,0.978482,-1.010281,-0.890851,0.794475,0.415611,0.367691,-1.166411,0.884909,0.302003,228.066832,1.593495,-1.543412,0.562864,0.398172,1.473457,-0.826364,-0.305544,0.318577,0.421916,0.590722,0.073384,1.279377,1.017115,-1.214942,1.210184
-0.439024,0.617439,2.199755,0.232606,0.387642,0.368543,-1.438295,0.481235,0.528104,0.062172,0.200830,0.344501,0.646935,0.031122,0.356501,0.190854,0.083125,0.583534,-1.465495,0.866812,-0.083162,-0.091357,-1.428882,-0.094282,-0.580640,-0.473843,1.008374,0.219288,-0.765225,-0.954187,0.309382,0.363994,779.014654,1.294605,-0.956785,0.076976,0.100998,1.630795,-0.286244,0.403335,0.182647,0.039443,0.551437,0.445340,0.462308,0.412117,-0.178253,0.034643
-0.895880,0.649282,1.978647,0.385004,0.478239,0.411285,-1.384235,0.689787,0.067861,0.119186,0.337731,0.220399,0.804395,0.764443,0.389590,0.220275,0.200377,0.278522,-1.217498,0.894147,-0.113020,-0.071850,-1.632498,0.247419,-1.450465,-0.239806,1.008374,0.378992,-1.096243,-0.978259,0.455103,0.387288,854.797329,1.042778,-1.433006,0.155725,0.212778,1.626852,-0.732916,-0.920185,0.545774,0.179728,0.678611,0.313072,1.197457,0.767968,-0.823511,0.662386
-0.895880,0.630337,0.801833,0.610244,0.574636,0.405049,-1.505731,0.613727,0.727133,0.201404,0.417084,0.256698,0.804395,0.764443,0.376754,0.317468,0.302735,0.278522,-1.553313,0.915896,0.823804,-0.071850,-1.661273,1.059528,-1.450465,-0.239806,0.992419,0.416914,-1.096243,-0.978259,0.479806,0.673258,416.407207,1.352752,-1.518225,0.624001,0.290212,1.565698,-0.912094,-1.130575,0.647982,0.205699,0.668195,0.699772,1.197457,0.767968,-0.823511,0.662386
-0.545568,0.591013,0.794726,0.691839,0.569189,0.304393,-1.556263,0.325428,0.727133,0.377281,0.495211,0.458905,0.857064,0.595887,0.350025,0.477872,0.460323,1.289984,-1.669234,1.160888,0.823804,-1.399792,-1.766196,1.059528,-0.753142,-1.503335,0.683077,0.464446,0.339904,-1.732597,1.501510,0.298062,315.191890,1.330832,-1.438684,0.612582,0.514403,1.613742,-0.912094,-0.743979,0.431197,0.325461,0.592769,0.094781,1.174407,1.242347,-0.916670,0.929698
-0.545568,0.589067,1.946123,0.237907,0.405104,0.333557,-1.471353,0.519115,0.538796,0.062410,0.408642,0.248917,0.674559,0.409438,0.384662,0.279187,0.222180,0.752149,-1.606626,1.160888,-0.075226,-1.398082,-1.248440,-0.141026,-0.753142,-0.162004,1.001940,0.383093,-0.557299,-0.672157,0.370719,0.392476,763.164957,1.351758,-1.197031,0.088778,0.189907,1.488571,-0.278328,0.419986,0.119599,0.062207,0.377512,0.371858,1.174407,0.518998,0.215322,0.465313
-1.023368,0.584889,1.810755,0.441086,0.472423,0.320781,-1.498410,0.755122,0.140970,0.142213,0.403007,0.199193,0.760201,1.381070,0.375887,0.221737,0.248798,0.119834,-1.628700,0.980241,-0.108153,0.600219,-1.628527,0.687735,-1.639635,-0.285043,1.001940,0.273222,-0.716102,-0.990493,0.525642,0.407955,876.845661,1.320924,-1.491941,0.174613,0.221893,1.508330,-1.008924,-1.126130,0.571177,0.271508,0.491034,0.259692,1.957194,0.662111,-0.932875,0.553524
-1.023368,0.637430,0.862706,0.507247,0.581068,0.312595,-1.568480,0.664207,0.758859,0.210272,0.392836,0.180539,0.760201,1.381070,0.331227,0.404136,0.414275,0.174059,-1.876863,0.980241,0.704943,0.194169,-1.847578,1.053777,-1.639635,-0.285043,0.859530,0.385543,-0.716102,-0.990493,0.525642,0.718077,415.720982,1.630324,-1.476223,0.617287,0.310160,1.701904,-1.032858,-1.261350,0.656130,0.288694,0.452724,0.581635,1.957194,0.643376,-0.932875,0.553524
-0.173245,0.574970,0.783643,0.554988,0.506116,0.230147,-1.493150,0.229211,0.743759,0.261289,0.427449,0.305747,0.629601,1.183985,0.405052,0.431582,0.267884,0.598134,-1.609883,1.055719,0.207544,-0.929102,-1.878969,0.991396,-0.992617,-0.904109,0.807198,0.532308,0.380374,-1.588091,0.967560,0.294522,285.792280,1.415968,-1.468922,0.532329,0.348168,1.359253,-0.750915,-0.270906,0.285307,0.343418,0.525871,0.080763,0.833543,1.017746,-0.329461,0.675041
-0.142076,0.594421,1.984496,0.172379,0.398495,0.306518,-1.236317,0.403176,0.532190,0.042232,0.177447,0.302005,0.614519,-0.048762,0.293495,0.117835,0.065147,0.120053,-1.102656,0.848972,-0.124612,0.175300,-1.505050,-0.047254,-0.435962,-0.219576,0.807198,0.272328,-0.488602,-0.563447,0.300429,0.417271,733.455928,1.081150,-1.257582,0.063749,0.083229,1.538965,-0.250578,0.416125,0.130354,0.036834,0.335586,0.341981,0.607420,0.493660,0.341071,0.040860
-0.881611,0.613726,1.433736,0.469950,0.466225,0.300267,-1.545465,0.682716,0.073525,0.144164,0.442239,0.222041,0.785603,1.020457,0.332147,0.216579,0.279121,-0.093368,-1.709131,0.976095,0.139396,0.480802,-1.769557,0.764966,-2.094955,-0.383615,0.756847,0.296472,-0.761233,-0.999601,0.520952,0.381057,668.845053,1.415403,-1.528170,0.168885,0.251678,1.683826,-0.843793,-1.181799,0.619984,0.232000,0.602079,0.229116,1.590555,0.855247,-0.938078,0.616750
-0.881611,0.652076,0.850770,0.533316,0.527618,0.279847,-1.607559,0.578025,0.796330,0.231887,0.479447,0.376558,0.785603,1.020457,0.348525,0.423384,0.480717,0.547117,-1.777123,0.976095,0.765501,0.212313,-1.691965,1.180671,-2.094955,-0.383615,0.816104,0.417347,-0.761233,-0.999601,0.520952,0.697435,425.086541,1.492290,-1.506947,0.576031,0.351832,1.532291,-0.954452,-1.231192,0.630069,0.284413,0.761494,0.562463,1.590555,0.762784,-0.938078,0.616750
-0.020629,0.392694,0.890053,0.460289,0.429309,0.391856,-1.672426,0.282679,0.732333,0.299717,0.359090,0.500872,0.664856,0.732027,0.259803,0.570928,0.439285,1.322861,-2.063677,0.933577,0.107574,-0.328949,-1.904947,0.980042,-1.409167,-1.036258,0.579303,0.499558,0.376884,-2.060178,0.998431,0.253847,329.129748,1.675249,-1.557886,0.406044,0.355526,1.420528,-0.761056,-0.008225,0.208228,0.257917,0.551263,0.114879,1.449390,1.018278,-0.442814,1.128607
0.461382,0.360900,1.492012,0.037518,0.327196,0.269649,-1.177183,0.309490,0.483080,0.022561,0.181541,0.379618,0.463602,-0.094039,0.206508,0.124742,0.051318,0.282507,-1.031640,0.654800,-0.044017,0.110477,-1.486283,-0.024305,-0.427793,-0.018114,0.658814,0.208346,-0.588693,-0.942208,0.307405,0.401509,611.517012,0.907029,-1.268504,0.044698,0.085731,1.584606,-0.266776,0.140509,0.163087,0.016281,0.304352,0.327116,0.662380,0.475243,0.160407,0.708748
-1.426030,0.480406,1.306104,0.514997,0.430854,0.587470,-1.538520,0.989122,0.100534,0.123880,0.241375,0.289005,0.759557,0.634033,0.312721,0.285117,0.353411,-0.363457,-1.671835,0.849035,0.464035,0.216698,-1.662068,-0.024305,-1.715568,-0.321161,0.625658,0.254110,-1.041616,-1.312068,0.279801,0.411964,658.133388,1.464830,-1.475884,0.124972,0.222189,1.728425,-0.831402,-0.983181,0.426032,0.166239,0.417288,0.348284,2.441230,0.887102,-1.008223,0.708748
-1.426030,0.688896,0.572508,0.485002,0.544723,0.583473,-1.481663,0.869144,0.690973,0.154357,0.341810,0.550551,0.759557,0.634033,0.381564,0.377855,0.381071,0.429360,-1.740585,1.014341,0.756228,0.216698,-1.742129,1.009417,-1.715568,-0.321161,0.702066,0.284510,-1.041616,-1.312068,0.396950,0.893667,274.334087,1.528828,-1.599852,0.587619,0.259735,1.505933,-1.145890,-1.299398,0.647419,0.194901,0.504482,0.685361,2.441230,0.887102,-1.008223,0.514299
-0.318209,0.535439,0.650351,0.556685,0.589764,0.355534,-1.513695,0.454750,0.700290,0.256891,0.487738,0.522671,0.789591,1.428255,0.412762,0.370024,0.363717,1.177263,-1.803322,1.143005,0.514039,-1.217450,-1.815319,1.009417,-0.731078,-0.968563,0.702066,0.550317,0.400232,-1.769381,1.002641,0.291916,236.635429,1.615190,-1.650341,0.625240,0.419103,1.440041,-0.959780,-0.945342,0.487467,0.403481,0.622644,0.077322,1.434811,0.935915,-0.628734,0.846374
-0.318209,0.501323,1.640589,0.278048,0.433765,0.202790,-0.856142,0.493108,0.659211,0.099868,0.301876,0.276708,0.789591,0.405070,0.423944,0.250978,0.268365,0.551470,-0.545096,1.143005,-0.122765,-1.217450,-1.152807,-0.191513,-0.731078,-0.963214,0.916789,0.471071,-0.562547,-0.869978,0.289574,0.547459,690.900756,0.484966,-0.991089,0.107781,0.170074,1.407947,-0.277923,0.286242,0.165604,0.098467,0.558353,0.365067,1.434811,0.506414,-0.608380,0.568649
-1.366706,0.570713,1.615998,0.444930,0.491547,0.273680,-1.283793,0.834647,0.283676,0.142861,0.394752,0.236784,0.846390,1.069007,0.395574,0.250584,0.275077,0.306956,-0.614326,0.887568,-0.051663,0.309173,-1.738509,0.244615,-1.816541,-0.382362,0.916789,0.239378,-0.996284,-1.071539,0.448055,0.442167,814.318246,0.462674,-1.750439,0.166937,0.253113,1.468088,-0.958442,-1.043980,0.522443,0.248864,0.543805,0.374335,2.102056,0.906932,-1.034398,0.640113
-1.366706,0.681417,1.026452,0.589703,0.611380,0.296332,-1.540912,0.793832,0.740982,0.234382,0.534562,0.376332,0.846390,1.069007,0.384752,0.406976,0.391861,0.361902,-1.727877,0.965979,0.956356,0.309173,-1.688550,1.135556,-1.816541,-0.382362,0.875000,0.350703,-0.996284,-1.071539,0.504028,0.839994,477.383028,1.521368,-1.671929,0.661812,0.321669,1.176482,-1.086940,-1.314368,0.668294,0.263958,0.509089,0.685648,2.102056,0.906932,-1.034398,0.640113
-0.542341,0.532658,0.834436,0.761211,0.567502,0.453575,-1.672428,0.423296,0.740982,0.541179,0.695659,0.363217,0.834948,0.956777,0.390756,0.764584,0.405601,0.757668,-1.952738,1.298138,0.872733,-1.932597,-1.795354,1.135556,-0.819291,-1.666837,0.690419,0.703468,0.319549,-1.006647,2.352792,0.312289,316.148213,1.590097,-1.703439,0.620080,0.474572,1.406296,-0.972930,-0.890415,0.435824,0.343603,0.471035,0.108718,1.409325,1.225654,-1.156337,1.237262
-0.542341,0.625727,1.957542,0.283108,0.412743,0.398653,-1.391616,0.493927,0.514575,0.194022,0.458385,0.239550,0.827895,0.956777,0.464056,0.512796,0.224347,0.156083,-1.371658,1.298138,0.173379,-1.932597,-1.217069,-0.064945,-0.819291,-1.254732,1.071075,0.626715,-0.604489,-0.877352,0.341196,0.453722,726.523738,1.080929,-1.134272,0.110984,0.293052,1.551988,-0.269497,0.372748,0.186309,0.162600,0.472187,0.365634,1.018852,0.598740,-1.156337,1.237262
-1.085567,0.644505,1.718681,0.392777,0.478855,0.321392,-1.126497,0.693143,0.223723,0.150903,0.314387,0.241191,0.769892,1.444568,0.421001,0.264408,0.296365,0.309639,-0.884446,0.920840,0.031076,0.185307,-1.645759,0.301228,-1.745916,-0.371887,1.071075,0.295994,-0.864188,-1.088262,0.496635,0.399194,807.607585,0.729998,-1.569563,0.188258,0.227224,1.540571,-1.045896,-1.005605,0.571966,0.281199,0.684617,0.300183,1.976173,0.786284,-0.913766,0.613664
-1.085567,0.612613,0.838157,0.498429,0.600872,0.309195,-1.542077,0.642524,0.607456,0.247580,0.472784,0.283838,0.769892,1.444568,0.401772,0.356256,0.382606,0.309639,-1.755771,0.927579,1.177844,-0.566144,-1.698130,0.996149,-1.745916,-0.371887,0.888443,0.312827,-0.864188,-1.088262,0.558196,0.751939,459.397760,1.505493,-1.521850,0.642301,0.316877,1.529774,-1.045896,-1.153685,0.657339,0.303803,0.668906,0.561314,1.976173,0.786284,-0.913766,0.613664
-0.430592,0.633697,0.530625,0.577088,0.554756,0.299461,-1.435806,0.317279,0.607456,0.300404,0.446645,0.321063,0.759904,0.993494,0.353867,0.342296,0.388929,0.741634,-1.712442,0.914920,1.177844,-0.953321,-1.730513,0.996149,-0.622709,-0.574457,0.796022,0.424909,0.304728,-1.081760,1.187161,0.332482,220.175997,1.450436,-1.527504,0.594166,0.377511,1.318381,-0.929103,-0.614134,0.401573,0.349745,0.591976,0.078234,1.000972,1.082389,-0.501969,0.814063
-0.430592,0.656442,2.063847,0.216887,0.410507,0.285604,-1.143078,0.486187,0.423496,0.071108,0.295976,0.214733,0.631432,0.309632,0.376431,0.136376,0.153025,0.251264,-0.905142,0.914920,-0.085498,-0.953321,-1.084586,-0.103981,-0.622709,-0.169774,0.955361,0.359113,-0.602516,-0.847205,0.323651,0.362610,790.662535,0.827424,-1.140796,0.077983,0.176060,1.672930,-0.270374,0.497252,0.124488,0.081908,0.439202,0.336224,0.941306,0.481407,0.116029,0.144449
-0.801535,0.665617,1.801216,0.301831,0.467028,0.382445,-1.436067,0.643769,0.171821,0.142948,0.264651,0.184476,0.815544,1.318056,0.378707,0.208669,0.201295,0.697139,-1.624581,0.893648,-0.085498,0.161213,-1.651690,0.311875,-1.126493,-0.207662,0.955361,0.302423,-0.752504,-1.074732,0.474878,0.459562,865.499849,1.488142,-1.377829,0.210716,0.226573,1.701415,-0.860329,-1.197474,0.658788,0.256305,0.330899,0.273355,1.228896,0.502095,-0.830257,0.503267
-0.801535,0.669200,0.828814,0.403929,0.528536,0.422934,-1.536915,0.538343,0.727917,0.239864,0.382086,0.246805,0.815544,1.318056,0.364340,0.257055,0.274024,0.697139,-1.806004,0.919149,0.930127,-0.343164,-1.631595,0.673356,-1.126493,-0.207662,0.852659,0.374106,-0.752504,-1.074732,0.474878,0.671373,428.892913,1.554403,-1.498237,0.575329,0.305096,1.394233,-0.936680,-1.275267,0.686647,0.311007,0.284206,0.540292,1.228896,0.568079,-0.830257,0.503267
-0.651170,0.577019,1.228326,0.240110,0.436595,0.355221,-1.573283,0.289336,0.695594,0.333825,0.309316,0.251646,0.814670,1.411591,0.369483,0.404310,0.367424,0.736479,-1.951959,0.839475,0.930127,-1.293731,-1.756705,0.536031,-0.739464,-1.329913,0.681622,0.520776,0.097395,-1.183772,1.506928,0.348397,480.486397,1.700920,-1.455980,0.401897,0.408200,1.731824,-0.655824,0.127842,0.200132,0.348687,0.273352,0.137270,1.965601,1.149880,-0.783802,1.045670
-0.038015,0.577720,2.662515,0.031856,0.329369,0.271608,-1.308468,0.334716,0.391165,0.021851,0.141725,0.223685,0.467891,-0.170219,0.224279,0.085949,0.026304,0.399910,-1.041839,0.654566,-0.087971,-0.312103,-1.354190,-0.155002,-0.260333,-0.102737,0.856978,0.276522,-0.764462,-0.738289,0.292261,0.323417,958.136979,0.732610,-1.075674,0.036331,0.034749,1.412330,-0.248574,0.367459,0.131567,0.008937,0.328675,0.322612,0.441665,0.455305,0.317035,0.030171
-0.221864,0.646518,1.237655,0.230238,0.409660,0.339776,-1.436150,0.516204,0.254927,0.103721,0.234020,0.156826,0.633556,0.714051,0.271931,0.188047,0.161482,-0.009703,-1.694740,1.062778,0.579178,0.155863,-1.614969,0.286595,-0.980195,-0.111826,0.520115,0.183294,-0.883483,-1.118483,0.464107,0.511943,540.764025,1.494915,-1.284150,0.346847,0.218399,1.209042,-0.823048,-1.041958,0.696837,0.171373,0.400006,0.364737,1.113048,0.831932,-0.533353,0.185571
-0.048725,0.880351,1.433635,0.366289,0.202773,0.186295,-1.017431,0.264655,0.222697,0.366087,0.461084,0.150986,0.334162,2.476315,0.139742,0.599739,0.701044,0.371085,-1.120410,1.417400,2.341042,-0.485198,-1.319043,0.874342,-1.570086,-0.468716,0.549623,0.533757,-0.509896,-1.894239,0.843262,0.184959,708.701899,1.101655,-1.045445,0.168539,0.288645,1.441001,-0.806843,0.209279,0.203410,0.546268,0.331391,0.206690,2.233232,0.409611,-0.809565,0.926577
0.190423,1.036159,0.422910,0.090360,0.203177,0.178044,-1.489918,0.150789,-0.365346,0.024796,0.062098,0.057485,0.246028,-0.180967,0.017150,0.036083,0.028271,0.149616,-1.552395,0.555439,-0.053492,0.245585,-1.520963,-0.109626,-0.122282,0.195064,0.310093,0.059999,-0.534680,-0.411563,0.285227,0.052307,198.975638,1.420211,-1.502837,0.019843,0.034581,0.977247,-0.259447,0.848268,0.087575,0.005423,0.103330,0.042248,0.462274,0.420743,0.035565,-0.033212
1.026781,0.903385,2.491103,0.100761,0.252208,0.240739,-1.208340,0.092354,-0.164163,0.021261,0.123210,0.220529,0.346223,-0.161091,0.093240,0.101965,0.038934,0.255184,-1.062365,0.570089,-0.000022,0.316449,-1.236499,0.062963,-0.328040,0.193369,0.491079,0.148979,-0.456524,-0.030283,0.303540,0.136343,878.314338,1.093472,-1.202595,0.033790,0.022055,1.395296,-0.250060,0.848548,0.024548,0.011532,0.384983,0.075988,0.692424,0.508316,0.192795,-0.032062
-0.668974,0.811562,0.470663,0.087474,0.243375,0.328379,-1.320406,0.162960,0.195721,0.031083,0.134384,0.291870,0.425887,0.379252,0.173722,0.136305,0.070024,0.625542,-1.564995,0.562169,-0.080682,-0.135280,-1.623067,-0.047662,-0.322440,0.080572,0.486971,0.210974,-0.275962,-0.757703,0.306678,0.212498,259.239021,1.435787,-1.120944,0.066808,0.116399,1.318088,-0.277624,0.632880,0.128077,0.071139,0.487119,0.133425,0.665959,0.306244,-0.164650,0.504547
0.082236,1.142553,0.510906,0.011639,0.180010,0.085326,-0.800720,0.024895,-0.525001,0.003391,0.019496,0.082633,0.184738,-0.200037,0.085237,0.017011,0.005802,-0.103475,-0.950717,0.515038,-0.086942,0.354180,-1.247873,-0.179236,-0.138169,0.216386,0.540883,0.038014,-0.667552,-0.569171,0.271822,0.056967,216.127427,0.867993,-1.051769,0.002107,0.010926,1.359643,-0.244738,1.039914,0.040811,0.001288,0.159724,0.036600,0.341509,0.432564,0.181820,-0.086828
0.161788,1.182820,0.584371,0.006511,0.178554,0.080561,-0.888394,0.032137,-0.569775,0.002389,0.010917,0.019975,0.184506,-0.200645,0.015198,0.017154,0.004967,-0.146093,-0.940986,0.521778,-0.082517,0.372004,-1.231341,-0.184832,-0.119963,0.220644,0.290332,0.029280,-0.678883,-0.552988,0.271934,0.023441,248.161079,0.853183,-1.030815,0.002415,0.006625,1.473351,-0.243014,1.156658,0.009662,0.001148,0.069361,0.025694,0.348059,0.463909,0.147662,-0.108774
0.161191,0.789846,0.934742,0.076389,0.265987,0.169073,-1.646527,0.298461,0.523326,0.064542,0.137478,0.119463,0.491724,0.139275,0.141779,0.072318,0.106794,-0.121974,-2.127919,0.608922,-0.078996,0.025792,-1.496916,-0.007292,-0.444623,0.000992,0.578953,0.140438,-0.681828,-0.620032,0.504692,0.202096,444.096553,1.712912,-1.488588,0.144415,0.124789,1.614982,-0.435419,-0.289032,0.564526,0.080417,0.249487,0.412933,1.004335,0.744898,-0.557666,0.308758
0.315470,0.221589,0.394276,0.077753,0.161718,0.117015,-1.507900,0.207361,0.970556,0.063948,0.106543,0.251253,0.491724,0.139275,0.155278,0.055536,0.105191,0.372388,-1.683548,0.617598,0.361783,0.025792,-1.443972,0.103218,-0.444623,0.052102,0.521275,0.087768,-0.110135,-0.712011,0.504692,0.169393,227.202068,1.397431,-1.557230,0.202919,0.134984,1.294961,-0.438632,-0.292589,0.255847,0.094889,0.194439,0.286244,1.004335,0.744898,-0.532343,0.316790
-0.451789,0.314850,0.914847,0.268010,0.341629,0.262438,-1.585828,0.266866,0.998707,0.200541,0.356860,0.207532,0.682286,0.651489,0.415029,0.306011,0.287065,0.759574,-1.777033,0.778298,0.445998,-0.878256,-1.606086,0.036341,-0.712217,-0.620637,0.768074,0.416851,0.769073,-0.683552,0.898958,0.147006,374.845977,1.571919,-1.525013,0.187081,0.307114,1.388854,-0.359127,0.082016,0.176934,0.215168,0.514229,0.060310,1.318929,0.912627,-0.494685,1.050941
0.208332,0.556081,2.308709,0.042701,0.278078,0.232722,-1.295991,0.222318,0.812454,0.013024,0.161106,0.292972,0.403271,-0.181895,0.154189,0.105220,0.026657,0.512005,-1.381761,0.556783,-0.083667,0.167621,-1.380118,-0.060424,-0.181341,0.159487,0.768074,0.190472,-0.630052,-0.886024,0.283770,0.341813,842.883476,1.253851,-1.240318,0.050867,0.040694,1.677063,-0.266633,0.100919,0.299047,0.006012,0.289723,0.457179,0.381087,0.449438,0.566803,0.082311
-1.009416,0.699714,2.068848,0.301850,0.432841,0.275967,-1.759017,0.757789,-0.013941,0.114753,0.185780,0.184040,0.722586,0.752301,0.316450,0.168724,0.195104,0.191329,-2.092790,0.860769,-0.117102,0.028900,-1.633785,0.116999,-1.565439,-0.094303,0.622834,0.261716,-0.955981,-1.322231,0.472167,0.392200,919.004146,1.768105,-1.294467,0.175986,0.179420,1.584093,-0.946551,-0.914938,0.594861,0.223270,0.562156,0.275670,1.402105,0.762334,-0.839989,0.536671
-1.009416,0.574554,0.861754,0.426729,0.518424,0.246010,-1.568378,0.575021,0.686769,0.190318,0.279661,0.252299,0.722586,0.752301,0.303673,0.261164,0.281809,0.477651,-1.770767,0.878611,0.727973,-0.162981,-1.359603,0.944934,-1.565439,-0.084731,0.785867,0.302496,-0.955981,-1.322231,0.472167,0.594195,441.339019,1.546085,-1.443308,0.549745,0.269465,1.486620,-0.946551,-1.025754,0.619113,0.282748,0.502204,0.614389,1.402105,0.425586,-0.839989,0.553531
-0.511749,0.555383,0.712343,0.382618,0.486178,0.268841,-1.522887,0.285049,0.690359,0.229644,0.258504,0.358270,0.844522,1.457001,0.366806,0.393255,0.363899,0.895759,-1.777707,0.987779,0.727973,-0.417191,-1.646611,0.944243,-1.124822,-0.847974,0.823828,0.451660,0.369028,-1.451167,1.132715,0.180984,278.139796,1.489333,-1.284949,0.460224,0.341356,1.624315,-0.707126,0.188931,0.283578,0.387375,0.718887,0.080084,1.551699,1.115841,-0.428736,0.854553
-0.051476,0.480552,2.096350,0.066290,0.341858,0.257668,-1.555301,0.366563,0.493716,0.018680,0.110261,0.283495,0.517649,-0.157887,0.242551,0.076538,0.034578,0.388493,-1.740624,0.647345,-0.117766,-0.361189,-1.299790,-0.148498,-0.230039,-0.048257,0.823828,0.229604,-0.751129,-0.708219,0.287007,0.362806,729.117405,1.624424,-1.205082,0.060433,0.053627,1.041102,-0.267309,0.188931,0.207674,0.011285,0.369334,0.410614,0.374314,0.494451,0.310946,0.032764
-0.629272,0.602542,1.803681,0.342022,0.434644,0.317952,-1.562455,0.700561,-0.043120,0.108076,0.364765,0.190131,0.745637,0.550244,0.320118,0.172982,0.185152,-0.120946,-1.767299,0.927467,0.292944,0.062724,-1.764088,0.302065,-1.244767,-0.175649,0.626114,0.247387,-1.050545,-0.972507,0.459183,0.415462,757.126551,1.576356,-1.663376,0.169430,0.209631,1.533288,-0.674250,-1.016693,0.565148,0.167153,0.445642,0.292311,1.051842,0.892312,-0.735716,0.523211
-0.629272,0.600370,0.967185,0.429507,0.509849,0.317648,-1.629264,0.467786,0.616655,0.152772,0.418043,0.334735,0.745637,0.550244,0.302617,0.241957,0.224738,0.371386,-1.926730,0.932832,0.832651,0.052731,-1.794553,0.669252,-1.244767,-0.158889,0.779031,0.216880,-1.050545,-0.972507,0.459183,0.592089,483.606701,1.621450,-1.781435,0.532422,0.249026,1.518382,-0.816978,-1.136887,0.601349,0.182887,0.354320,0.627441,1.051842,0.574935,-0.735716,0.523211
-0.452617,0.589345,0.601280,0.360472,0.471820,0.410220,-1.521024,0.273135,0.769995,0.368007,0.450045,0.388774,0.864571,0.553012,0.289168,0.688772,0.306207,0.739958,-1.714838,0.972167,0.788132,-0.630104,-1.741732,0.520683,-1.461750,-0.768221,0.508695,0.415943,0.556910,-0.724296,1.754997,0.251342,221.993572,1.346785,-1.777305,0.441967,0.343444,1.208051,-0.703931,0.176232,0.255274,0.272780,0.623128,0.054256,1.562740,1.021774,-0.174531,0.961376
-0.313552,0.525849,2.906743,0.132355,0.347702,0.332717,-1.521985,0.387970,0.635184,0.033707,0.143439,0.331325,0.524670,-0.053590,0.218341,0.121968,0.105400,0.595078,-1.804819,0.678028,-0.104509,-0.431096,-1.486583,-0.076319,-0.282425,-0.413135,0.739084,0.337273,-0.594324,-0.823070,0.294420,0.358454,952.047405,1.459970,-1.251468,0.060181,0.083785,1.746926,-0.276974,0.241967,0.218940,0.024235,0.343278,0.430838,0.836448,0.443413,0.458803,0.033170
-0.808831,0.649558,2.636176,0.327371,0.460673,0.329035,-1.582053,0.669723,0.068996,0.105200,0.319084,0.198931,0.840203,0.718605,0.353068,0.191728,0.201501,0.109821,-1.722994,0.912584,0.092356,0.112634,-1.516717,0.163349,-1.652605,-0.172008,0.739084,0.236968,-0.990876,-1.070490,0.445558,0.396831,1085.639353,1.540384,-1.453021,0.162658,0.198816,1.913319,-0.780815,-0.960526,0.568397,0.179027,0.573203,0.303871,1.188192,0.924411,-0.812658,0.577804
-0.808831,0.661773,0.762592,0.482706,0.572150,0.389488,-1.586709,0.522612,0.753758,0.187011,0.464825,0.302152,0.840203,0.718605,0.344290,0.284489,0.287510,0.477222,-1.755270,0.958294,1.015737,-0.369566,-1.464037,0.908505,-1.652605,-0.172008,0.786796,0.261497,-0.990876,-1.070490,0.490604,0.656219,398.629212,1.543497,-1.461842,0.613665,0.317459,1.313289,-0.981144,-1.177689,0.674361,0.216385,0.517954,0.670877,1.188192,0.737978,-0.812658,0.577804
-0.497874,0.611651,0.583477,0.378786,0.500962,0.444658,-1.630453,0.266244,0.753758,0.293912,0.296474,0.437146,0.775926,1.058328,0.406511,0.452188,0.321693,0.859692,-2.088374,1.017734,1.015737,-0.876730,-1.712617,0.908505,-1.322067,-0.379087,0.876027,0.415087,0.351519,-1.280619,1.180298,0.219847,244.495444,1.792639,-1.297467,0.515784,0.360854,1.266195,-0.820435,-0.102141,0.267967,0.343088,0.530410,0.102623,1.271683,1.090058,-0.869451,0.662423
-0.408340,0.713088,2.563756,0.110534,0.345118,0.339152,-1.403172,0.420597,0.514111,0.029665,0.109300,0.245905,0.501311,-0.084627,0.293505,0.103923,0.060126,0.387526,-1.529524,0.651423,-0.082277,-0.013568,-1.360674,-0.110037,-0.329851,-0.370570,0.876027,0.236509,-0.748753,-0.901782,0.287680,0.421447,885.527621,1.314986,-1.167405,0.070383,0.086605,1.785177,-0.277374,0.392624,0.218551,0.017316,0.354870,0.408810,0.430232,0.465880,0.511213,0.082557
-0.958321,0.720738,2.233762,0.320257,0.472802,0.326579,-1.463014,0.711945,-0.064418,0.111939,0.259385,0.179364,0.773937,0.855114,0.317318,0.216777,0.208027,0.025212,-1.590189,0.950822,-0.082277,0.122197,-1.516137,0.348642,-1.542569,-0.141366,0.788500,0.302121,-1.021617,-1.114385,0.473221,0.445939,962.403965,1.401234,-1.627533,0.179096,0.208273,1.778093,-0.931386,-1.068055,0.635137,0.220674,0.719425,0.277845,1.289316,0.963457,-0.934788,0.601407
-0.958321,0.645085,0.915841,0.473626,0.573565,0.283834,-1.627292,0.611420,0.705720,0.223599,0.372777,0.360357,0.773937,0.855114,0.360384,0.336865,0.341667,0.447904,-1.811004,0.950822,0.848653,-0.365897,-1.578253,0.946067,-1.542569,-0.141366,0.942559,0.340507,-1.021617,-1.114385,0.531087,0.693984,476.695818,1.478310,-1.621847,0.619723,0.357503,1.625863,-0.972708,-1.209078,0.675899,0.287522,0.788232,0.655901,1.289316,0.963366,-0.934788,0.785723
-0.486457,0.526689,0.709414,0.610433,0.530618,0.442745,-1.553594,0.306400,0.705720,0.361630,0.465916,0.470011,0.929892,1.044197,0.280823,0.408899,0.540216,1.539468,-1.617863,1.102465,0.848653,-1.330741,-1.737158,0.946067,-1.103050,-1.454649,0.623773,0.457088,0.287026,-1.251659,1.313091,0.210178,289.311652,1.301058,-1.564517,0.559922,0.494221,1.449873,-0.818927,-0.376138,0.293617,0.331036,0.683491,0.102939,1.661983,1.163462,-0.990017,1.026388
-0.447443,0.577452,2.497025,0.162084,0.368320,0.383048,-1.286655,0.410798,0.553511,0.042236,0.224498,0.283173,0.728802,-0.083864,0.251698,0.243462,0.107326,0.290826,-1.367469,1.102465,-0.081414,0.085459,-1.585366,-0.083332,-0.446668,-0.318402,0.744734,0.350887,-0.647161,-0.651516,0.299826,0.477746,910.724945,1.332602,-1.210842,0.104082,0.148688,1.734115,-0.282064,0.315356,0.213141,0.015341,0.372012,0.388647,0.588442,0.417157,0.294667,0.057005
-0.987464,0.646403,1.947029,0.401695,0.455217,0.364775,-1.846455,0.729802,0.064097,0.123087,0.290266,0.181455,0.746420,0.788143,0.353726,0.218020,0.300275,-0.144193,-2.134563,0.955388,-0.062940,0.305472,-1.631614,0.342475,-2.071747,-0.225624,0.744734,0.245266,-0.948947,-0.937629,0.436397,0.416608,885.924068,1.769294,-1.584857,0.173374,0.216093,1.758614,-0.979724,-1.105764,0.596081,0.206458,0.649648,0.285042,1.811462,0.865277,-0.931155,0.392671
-0.987464,0.656104,0.768855,0.490122,0.555525,0.403640,-1.636120,0.609196,0.725941,0.216077,0.377573,0.395516,0.746420,0.788143,0.356765,0.389343,0.468776,0.473230,-1.852811,0.955388,0.621518,0.301372,-1.692549,1.079266,-2.071747,-0.225624,0.833461,0.345641,-0.948947,-0.968374,0.493523,0.654959,398.398394,1.546074,-1.693582,0.600590,0.318678,1.537901,-0.983370,-1.203355,0.653534,0.261540,0.577256,0.638555,1.811462,0.865277,-0.931155,0.525249
-0.267053,0.559661,0.596201,0.545026,0.457535,0.416801,-0.988522,0.262694,0.724472,0.300604,0.413250,0.558780,0.631405,1.013682,0.404121,0.563668,0.370995,1.046611,-0.340936,1.127469,0.307292,-0.817957,-1.845870,1.041811,-1.521567,-0.623070,0.751934,0.381583,0.322478,-1.732326,0.942069,0.298361,233.845093,0.197645,-1.481682,0.475796,0.296062,1.531357,-0.811503,-0.152777,0.209887,0.322260,0.464115,0.088541,1.043000,1.185382,-0.628192,0.600754
-0.154270,0.613200,1.811187,0.093841,0.366652,0.338637,-1.482575,0.404445,0.548174,0.039311,0.120053,0.185993,0.467821,-0.093169,0.229585,0.093438,0.042405,-0.328387,-1.660937,0.685141,-0.092371,0.042933,-1.841701,-0.082501,-0.311789,-0.368928,0.751934,0.181256,-0.456700,-0.569554,0.304539,0.439193,691.729984,1.430537,-1.239038,0.047173,0.074656,1.808024,-0.258131,0.433928,0.102280,0.015146,0.207509,0.311556,0.553649,0.501489,0.439650,0.058217
-1.003558,0.585693,1.636101,0.433733,0.451426,0.350414,-1.589972,0.759784,0.203472,0.138205,0.402284,0.194488,0.688696,1.379886,0.256754,0.194986,0.262947,-0.180460,-1.967704,1.032972,0.013921,0.648943,-1.868626,0.628866,-1.810214,-0.197772,0.645918,0.280098,-0.738643,-1.141983,0.517869,0.401243,789.486390,1.544247,-1.481137,0.151097,0.225814,1.595352,-1.035946,-1.141399,0.590068,0.264683,0.548039,0.241483,1.706445,0.827213,-0.919340,0.499273
-1.003558,0.613771,0.997614,0.448888,0.498940,0.262075,-1.491696,0.605240,0.847603,0.258226,0.415501,0.413060,0.688696,1.379886,0.273686,0.372879,0.430941,1.085517,-1.617527,1.032972,0.784386,0.219979,-1.628389,0.975832,-1.810214,-0.197772,0.648582,0.347225,-0.738643,-1.141983,0.517869,0.663625,514.854355,1.328797,-1.558324,0.551313,0.337884,1.602490,-1.035946,-1.251971,0.597307,0.327579,0.580607,0.584363,1.706445,0.736829,-0.919340,0.571378
-0.270074,0.240773,0.910449,0.435329,0.396393,0.368014,-1.434640,0.318427,0.792360,0.208672,0.498247,0.555388,0.714244,1.931462,0.224346,0.464947,0.397716,1.139630,-1.586196,0.954997,0.295177,-0.768379,-1.766929,0.524902,-1.204504,-1.010150,0.507002,0.494729,0.386515,-1.630101,0.645079,0.261354,387.348571,1.267353,-1.352945,0.314916,0.426976,1.609396,-0.631156,0.044787,0.151571,0.456487,0.457995,0.096775,1.762844,1.014958,-1.079303,1.669358
0.605158,0.356737,1.212428,0.083067,0.317215,0.283046,-1.284500,0.254104,0.587888,0.028007,0.231294,0.411871,0.424273,-0.173456,0.145600,0.132538,0.054825,0.209784,-1.242893,0.619070,-0.065525,0.284567,-1.730283,0.227738,-0.435287,0.163405,0.637071,0.277474,-0.528075,-0.585538,0.296153,0.453351,516.335249,1.232570,-1.540552,0.052792,0.060294,1.535087,-0.239698,0.046183,0.160657,0.022447,0.264819,0.340167,0.744287,0.505299,0.447547,0.053905
-1.140192,0.440431,0.847667,0.462542,0.434000,0.566253,-1.402225,0.881004,0.038348,0.101969,0.275868,0.272528,0.710334,0.699092,0.332547,0.182357,0.248405,-0.138587,-1.472423,0.710262,-0.084286,0.570142,-1.817553,0.227738,-1.685667,-0.351708,0.752870,0.287582,-1.044416,-0.854712,0.296153,0.326288,451.321176,1.370655,-1.640404,0.101547,0.194267,1.506431,-0.838800,-0.929464,0.393732,0.171915,0.390287,0.328629,1.964396,1.023780,-0.951671,0.434487
-1.140192,0.692022,0.672949,0.365374,0.535793,0.319294,-1.448153,0.776746,1.001366,0.151422,0.371028,0.422570,0.710334,0.699092,0.382195,0.363228,0.326695,0.585206,-1.764819,0.871626,0.396801,0.540220,-1.724890,0.824893,-1.685667,-0.351708,0.752870,0.245192,-1.044416,-0.854712,0.426176,0.793212,372.697855,1.479867,-1.519673,0.572746,0.234017,1.553445,-1.063255,-1.348607,0.605273,0.182598,0.356267,0.775261,1.964396,1.023780,-0.951671,0.434487
-0.391107,0.348774,0.704711,0.587383,0.543505,0.273414,-1.565117,0.414035,1.001366,0.211405,0.481574,0.413260,0.851209,1.947258,0.329420,0.426787,0.533430,0.708120,-1.956525,1.276250,0.527207,-1.726084,-1.736204,0.795424,-1.268084,-1.124907,0.666188,0.670777,0.715698,-1.313842,0.610199,0.248735,276.942457,1.644964,-1.667941,0.576418,0.465506,1.481375,-0.806695,-0.641173,0.333551,0.504188,0.748134,0.071917,1.999764,1.078572,-0.899411,1.346545
-0.322074,0.342122,2.005163,0.215001,0.364384,0.242758,-1.299823,0.441399,0.810631,0.056489,0.263411,0.261165,0.701139,0.235984,0.307313,0.244967,0.147732,0.378600,-1.293930,1.217261,-0.095062,-0.112413,-1.427918,-0.129602,-0.659281,-0.658779,0.718074,0.343798,-0.594238,-1.040138,0.298033,0.464823,792.200310,1.222901,-1.292505,0.118928,0.126141,1.388258,-0.300856,0.024490,0.274652,0.050545,0.530558,0.464434,0.654923,0.523428,0.317316,0.076824
-1.446554,0.574913,1.847905,0.340178,0.456576,0.344106,-1.414270,0.941620,0.323906,0.149039,0.322888,0.259389,0.788177,1.040576,0.384741,0.246485,0.288883,0.179948,-1.569539,0.998148,-0.103299,0.222399,-1.687594,0.261170,-1.401661,-0.303766,0.718074,0.202356,-1.183528,-1.168535,0.321568,0.423395,941.613029,1.347297,-1.516113,0.173993,0.245884,1.544787,-0.927683,-1.071644,0.533640,0.206520,0.718082,0.426115,1.927471,0.843021,-1.055394,0.602437
-1.446554,0.733339,0.792700,0.376999,0.592004,0.392029,-1.560161,0.827983,0.839256,0.239911,0.424151,0.406033,0.788177,1.040576,0.396941,0.364335,0.352458,0.451592,-1.927871,0.998301,0.864809,-0.426146,-1.605314,0.701060,-1.401661,-0.303766,0.875952,0.273738,-1.183528,-1.168535,0.410553,0.796035,443.924004,1.602913,-1.599848,0.635902,0.322073,1.534703,-1.053411,-1.386527,0.701365,0.226234,0.638636,0.768064,1.927471,0.843021,-1.055394,0.635011
-0.714716,0.527591,0.811424,0.433255,0.540903,0.335178,-1.383375,0.446775,0.839256,0.410032,0.364154,0.417859,0.915404,0.857559,0.380073,0.548631,0.360736,0.932965,-1.666902,1.099404,0.684586,-0.927077,-1.652114,0.693882,-1.190147,-1.561526,0.601013,0.415930,0.159059,-1.743682,1.563973,0.346522,334.275530,1.461725,-1.451629,0.588046,0.464601,1.178434,-0.977885,-0.810196,0.384917,0.346949,0.450028,0.195738,1.912941,1.136005,-0.806518,1.040991
-0.501316,0.666468,2.256953,0.173475,0.378423,0.230442,-1.190888,0.433547,0.370369,0.043145,0.130560,0.180404,0.685028,0.043020,0.241736,0.129817,0.111070,0.018460,-1.214333,0.668399,-0.062246,-0.018923,-1.341345,-0.094875,-0.421544,-0.345048,0.940700,0.234939,-0.712040,-0.747547,0.330488,0.405107,875.790751,1.157112,-1.086568,0.075848,0.126772,1.522675,-0.277543,0.409440,0.185509,0.036770,0.268620,0.358875,0.592496,0.344718,0.452078,0.025602
-1.068631,0.648617,1.614364,0.288077,0.466800,0.288591,-1.131406,0.699528,-0.140055,0.111615,0.244868,0.177166,0.765268,1.126743,0.307474,0.262447,0.248543,0.119738,-0.799945,0.878025,-0.114313,-0.031997,-1.553119,0.094007,-1.830777,-0.245311,0.887249,0.299162,-0.992453,-1.247588,0.362410,0.389370,799.840220,0.721202,-1.336568,0.158304,0.184135,1.491802,-1.001463,-0.956762,0.565446,0.243912,0.744601,0.249105,1.694454,0.798564,-0.868445,0.389071
-1.068631,0.612394,0.628044,0.370098,0.576026,0.362670,-1.432856,0.606040,0.641754,0.220087,0.406010,0.296248,0.765268,1.126743,0.322625,0.349291,0.352624,0.426075,-1.644763,0.880332,1.039176,-0.535439,-1.669899,0.928790,-1.830777,-0.245311,0.791195,0.357928,-0.992453,-1.247588,0.426433,0.682063,329.626069,1.480931,-1.352002,0.617008,0.319201,1.553940,-1.018657,-1.200675,0.659944,0.280872,0.739737,0.632949,1.694454,0.798564,-0.868445,0.713222
-0.423356,0.614510,0.508826,0.455760,0.531167,0.256390,-1.453493,0.263975,0.641754,0.247488,0.329227,0.429145,0.771752,1.184831,0.361761,0.373877,0.402132,0.761544,-1.667683,1.021568,1.039176,-0.555767,-1.709683,0.928790,-0.750905,-0.633157,0.640214,0.391762,0.248584,-1.214317,1.080744,0.200896,221.114007,1.391850,-1.307191,0.561496,0.362098,1.176853,-0.820976,-0.245566,0.302058,0.392913,0.499625,0.107011,1.812623,0.812363,-0.681031,0.713222
-0.290971,0.625061,1.805526,0.196036,0.357628,0.211543,-1.203722,0.373303,0.431665,0.034720,0.116133,0.191895,0.597112,-0.009312,0.253042,0.150132,0.083466,0.185891,-1.194901,0.603850,-0.087796,-0.123001,-1.400995,-0.133182,-0.491510,-0.206719,0.741924,0.251082,-0.653220,-0.891239,0.307520,0.356387,769.940458,1.196762,-1.191413,0.074681,0.109658,1.566887,-0.253509,0.403739,0.171499,0.035803,0.298018,0.353550,0.830505,0.267255,0.226395,0.062893
-0.498473,0.662616,1.421600,0.249789,0.452296,0.267871,-1.492890,0.561150,0.024986,0.084072,0.134871,0.149615,0.740378,0.648095,0.282094,0.157795,0.219666,0.082535,-1.553472,1.000607,-0.105941,-0.104600,-1.634237,0.172962,-1.635532,-0.118810,0.730188,0.279512,-0.882091,-0.922246,0.485408,0.389129,744.336470,1.379778,-1.234362,0.183292,0.187745,1.565169,-0.815638,-1.114505,0.642997,0.186964,0.549729,0.266264,1.379212,0.690019,-0.742841,0.515085
-0.498473,0.675852,0.725436,0.377457,0.526227,0.289537,-1.499839,0.470186,0.684101,0.172842,0.283255,0.307953,0.740378,0.648095,0.303359,0.248961,0.306234,0.745229,-1.656909,1.000607,0.857848,-0.358916,-1.644912,0.668766,-1.635532,-0.118810,0.667244,0.304032,-0.882091,-0.922246,0.485408,0.543186,378.637339,1.491730,-1.395844,0.567123,0.274519,1.610661,-0.887096,-1.229369,0.667978,0.235375,0.366309,0.570233,1.379212,0.433487,-0.742841,0.616354
-0.500199,0.561635,0.497093,0.295540,0.450079,0.395270,-1.524478,0.260971,0.654853,0.279528,0.274765,0.445251,0.760771,0.858882,0.326380,0.444885,0.358694,0.913802,-1.918168,0.988074,0.857848,-0.543195,-1.754520,0.575498,-0.822457,-1.133314,0.615283,0.481412,0.146345,-1.558970,1.173980,0.219428,201.502264,1.688282,-1.365199,0.436210,0.356169,1.396976,-0.665913,0.069228,0.223163,0.296770,0.306869,0.131494,1.891753,1.086762,-0.426530,0.821182
-0.125817,0.563801,1.856314,0.089584,0.334686,0.167524,-1.216132,0.373377,0.335370,0.018983,0.137105,0.206556,0.434817,-0.171579,0.194205,0.098801,0.037581,0.093871,-1.212814,0.613130,0.017135,-0.543195,-1.423933,-0.142292,-0.220440,0.006310,0.650706,0.288680,-0.709503,-0.752076,0.284781,0.308392,676.470210,1.251017,-1.168567,0.043685,0.051089,1.605871,-0.268529,0.346979,0.144069,0.012027,0.254979,0.320354,0.410380,0.434255,0.382972,0.064082
0.000981,0.574038,0.950218,0.328818,0.419194,0.254184,-1.424461,0.484526,0.162277,0.106899,0.169419,0.261183,0.614941,0.682764,0.325986,0.207839,0.141436,0.350985,-1.649826,1.093017,0.826969,0.184282,-1.430437,0.422166,-1.181471,-0.139775,0.506911,0.213933,-0.796698,-1.080660,0.425013,0.425008,513.215909,1.452464,-1.461290,0.379680,0.198483,1.576732,-0.719630,-0.917374,0.612255,0.149237,0.452108,0.326791,0.681362,0.718330,-0.425007,0.199293
-0.087447,0.915726,1.023934,0.309486,0.186107,0.214815,-0.984711,0.075605,-0.172465,0.247072,0.243833,0.157522,0.349095,1.384941,0.098333,0.215417,0.473498,0.274527,-1.129427,0.860488,0.377175,0.125892,-1.484020,0.111934,-0.923625,-0.020935,0.499722,0.299953,-0.542753,-1.227859,0.595885,0.171060,515.247559,1.082031,-1.028953,0.049202,0.119914,1.610895,-0.470600,0.602810,0.116218,0.221072,0.271754,0.104781,2.017334,0.552735,0.113090,0.276970
0.170102,0.945971,0.374557,0.040162,0.214415,0.131505,-1.614297,0.144505,-0.242201,0.014613,0.048143,0.072203,0.272665,-0.194529,0.021123,0.028993,0.013162,0.112064,-1.748462,0.528582,-0.049460,0.224432,-1.368037,-0.123994,-0.114901,0.195562,0.350255,0.044111,-0.551486,-0.393860,0.271500,0.087622,175.261758,1.528746,-1.402987,0.029259,0.037313,1.009967,-0.240503,0.712711,0.107562,0.002576,0.174652,0.080585,0.352108,0.571361,0.037380,0.015768
1.179553,0.692815,1.151165,0.077702,0.227999,0.233992,-1.414992,0.069097,-0.053740,0.017734,0.066901,0.237536,0.317053,-0.206739,0.114704,0.086819,0.031889,0.141644,-1.418138,0.574583,0.083896,0.555703,-1.413545,0.024819,-0.294600,0.189237,0.464198,0.156383,-0.355414,-0.200495,0.298073,0.129288,455.507979,1.307843,-1.179133,0.040607,0.041586,1.707883,-0.245368,0.611645,0.068852,0.008244,0.195965,0.099269,0.516902,0.565781,0.210604,-0.007816
-0.488400,0.653421,0.587887,0.081647,0.265834,0.221918,-0.446705,0.181365,0.312154,0.068563,0.117576,0.177052,0.485210,0.353429,0.210192,0.137909,0.097492,0.369290,-0.198756,0.535266,-0.058329,0.077143,-1.520914,-0.045827,-0.629694,-0.301202,0.679291,0.267095,-0.156586,-0.621357,0.317670,0.184592,341.216308,0.305490,-0.957856,0.082876,0.168319,1.204600,-0.265380,0.512100,0.094395,0.087137,0.419371,0.121584,0.896698,0.724654,-0.234151,0.612072
0.286638,0.950560,0.620285,0.011397,0.175870,0.256664,-0.757013,0.043681,-0.240616,0.011055,0.018195,0.185561,0.223712,-0.185763,0.231161,0.039059,0.012038,0.008459,-0.826477,0.533470,-0.088580,0.365878,-1.226092,-0.204012,-0.126955,0.193637,0.722633,0.112101,-0.549119,-0.786667,0.276406,0.045653,270.239521,0.815297,-0.901581,0.016435,0.035959,1.087534,-0.245104,0.819115,0.075030,0.002764,0.460840,0.100280,0.345889,0.537638,0.177200,-0.040526
0.349921,1.053850,0.999895,0.013881,0.176377,0.116558,-1.044454,0.012866,-0.536890,0.003189,0.012338,0.061166,0.184253,-0.195992,0.039870,0.023940,0.011028,-0.150629,-1.239873,0.522272,-0.063109,0.391524,-1.291448,-0.169261,-0.120891,0.201413,0.361324,0.038866,-0.641536,-0.539792,0.273982,0.055188,382.586828,1.140002,-0.818572,0.003251,0.010645,1.343973,-0.242165,1.015761,0.018015,0.001663,0.138570,0.023055,0.342283,0.608926,0.125700,-0.092879
0.346362,0.695362,0.911234,0.096259,0.249730,0.156620,-1.417889,0.232556,0.268387,0.042567,0.127637,0.145462,0.436100,0.008814,0.068528,0.039272,0.089500,0.051373,-1.502426,0.541988,-0.046913,0.182986,-1.377471,-0.070211,-0.426851,0.087655,0.431108,0.071728,-0.606093,-0.670766,0.412062,0.150194,436.667581,1.292147,-1.554396,0.102720,0.104308,1.321120,-0.363449,-0.224210,0.466076,0.050115,0.436436,0.293344,0.869878,0.781187,-0.541548,0.238397
0.666003,0.133259,0.350325,0.097167,0.122155,0.130750,-1.295737,0.129472,0.951566,0.039316,0.072615,0.192727,0.436100,0.008814,0.077592,0.035003,0.078019,0.246459,-1.295453,0.592642,0.200223,0.121710,-1.452347,0.067660,-0.426851,0.130831,0.569798,0.055844,-0.168221,-0.562635,0.412062,0.150064,220.375756,1.157073,-1.706019,0.167229,0.121475,0.983592,-0.403309,-0.235377,0.144638,0.057726,0.228929,0.310361,0.869878,0.781969,-0.409349,0.276043
-0.297919,0.103891,0.705592,0.329265,0.286093,0.188960,-1.561840,0.340871,1.255225,0.172737,0.277415,0.133581,0.768324,1.335145,0.347378,0.221711,0.498188,0.606494,-1.973382,1.213550,0.353095,-0.515473,-1.848333,0.031374,-1.047956,-0.665705,0.569798,0.505020,0.854046,-0.510953,0.874131,0.066648,264.202225,1.635052,-1.548567,0.216905,0.365559,1.514110,-0.321260,-0.080300,0.070388,0.416111,0.499916,0.119240,1.867772,0.913035,-0.928880,1.763665
-0.068184,0.327792,2.305302,0.053174,0.309260,0.298951,-1.491970,0.274117,0.994017,0.022248,0.181614,0.322531,0.626900,-0.167580,0.290639,0.145037,0.051516,0.829945,-1.975274,0.547674,-0.073181,-0.291518,-1.682484,-0.052236,-0.315840,-0.359860,0.724942,0.332473,-0.570682,-0.863381,0.308447,0.385544,844.457252,1.764705,-1.009230,0.089713,0.058982,1.574621,-0.254216,-0.128571,0.328624,0.015437,0.241700,0.531845,0.612945,0.423825,0.260384,0.029573
-1.099464,0.615942,2.044011,0.318676,0.437419,0.283984,-1.507354,0.742890,0.187894,0.106366,0.184054,0.266978,0.809554,0.717171,0.305490,0.256729,0.289861,0.164799,-1.658621,0.885826,-0.106086,0.145342,-1.571634,0.124086,-1.936646,-0.232976,0.724942,0.216852,-1.104924,-1.179280,0.427378,0.418946,953.497155,1.534967,-1.380460,0.182069,0.197435,1.630404,-1.007476,-1.004929,0.563547,0.211547,0.473524,0.354721,1.891049,1.005138,-0.859356,0.396651
-1.099464,0.628366,0.792014,0.381409,0.559745,0.340393,-1.534959,0.561204,0.574176,0.197180,0.400638,0.328727,0.809554,0.717171,0.331881,0.320734,0.380399,0.461349,-1.651888,0.935433,1.215702,-0.417062,-1.598224,0.728663,-1.936646,-0.232976,0.784687,0.225170,-1.104924,-1.179280,0.478257,0.638491,428.946555,1.508805,-1.511919,0.595455,0.308088,1.555004,-1.007476,-1.166733,0.654168,0.259277,0.460293,0.643044,1.891049,0.948297,-0.859356,0.583679
-0.512927,0.656244,0.523746,0.301471,0.473504,0.424302,-1.569700,0.222476,0.574176,0.268243,0.321186,0.370216,0.739582,1.140695,0.343891,0.365698,0.358658,0.681164,-1.984389,0.898391,1.215702,-1.252103,-1.755347,0.728663,-0.860709,-0.805779,0.735246,0.372001,0.252820,-0.911873,1.393335,0.252109,222.084624,1.708606,-1.314130,0.465770,0.332226,1.208357,-0.642599,0.138667,0.228373,0.344147,0.404718,0.081215,1.461462,0.998907,-0.503971,0.748716
-0.301718,0.648707,2.210493,0.105850,0.351895,0.334210,-1.325390,0.447026,0.438075,0.023678,0.139167,0.220222,0.485153,-0.064332,0.281311,0.163088,0.063364,0.282116,-1.389235,0.640796,-0.005960,0.090043,-1.384796,-0.091104,-0.331384,-0.198291,0.866213,0.214839,-0.743288,-0.949934,0.306012,0.357128,828.524004,1.299315,-1.231302,0.055422,0.046981,1.453813,-0.266311,0.425184,0.167511,0.021336,0.414847,0.368483,0.520520,0.488735,0.457591,0.053947
-0.925320,0.653240,1.877068,0.254033,0.450263,0.452809,-1.504389,0.732465,-0.037945,0.136111,0.178545,0.189633,0.741990,0.870112,0.382206,0.244492,0.195508,0.160484,-1.563005,0.912657,-0.005960,-0.009085,-1.546534,0.203561,-1.626037,-0.180711,0.826620,0.218809,-1.017251,-1.150191,0.458128,0.407270,887.047073,1.360351,-1.242096,0.168881,0.191343,1.437439,-0.879471,-1.074890,0.598367,0.213663,0.555518,0.271310,1.473110,0.864024,-0.874169,0.453323
-0.925320,0.613654,0.740017,0.373005,0.538141,0.423637,-1.503201,0.556195,0.734268,0.232977,0.335198,0.297951,0.741990,0.870112,0.409493,0.315042,0.303454,0.365079,-1.589488,0.912657,0.988964,-0.191130,-1.487923,0.754662,-1.626037,-0.180711,0.890647,0.254531,-1.017251,-1.150191,0.458436,0.634640,397.079339,1.332319,-1.318272,0.578808,0.308251,1.597941,-0.942097,-1.180559,0.634241,0.265989,0.497820,0.650071,1.473110,0.797587,-0.874169,0.650216
-0.476160,0.527308,0.447609,0.365759,0.484359,0.312593,-1.436048,0.228083,0.713640,0.233095,0.282831,0.398478,0.712791,1.142162,0.323507,0.313855,0.375639,0.750095,-1.444810,0.768310,0.988964,-0.628825,-1.728616,0.754662,-0.907774,-0.376637,0.697823,0.308976,0.388671,-1.157829,0.938330,0.216161,205.375825,1.260454,-1.405057,0.487687,0.317547,1.022527,-0.812446,-0.067680,0.242504,0.374555,0.431555,0.063813,1.509104,1.009905,-0.500223,0.680621
-0.211897,0.571271,2.204233,0.095917,0.341828,0.218032,-1.330842,0.428302,0.588354,0.020669,0.170248,0.203378,0.485744,-0.112711,0.175892,0.132765,0.044102,0.326101,-1.221641,0.620018,-0.037389,-0.160387,-1.347715,-0.101739,-0.282372,-0.191553,0.709477,0.190452,-0.681666,-0.949207,0.323681,0.411899,871.232708,1.280308,-1.134911,0.048869,0.063857,1.544577,-0.277150,0.310217,0.197731,0.013004,0.316767,0.395598,0.479909,0.479460,0.462934,0.040696
-1.045539,0.649203,1.878176,0.249715,0.443123,0.407729,-1.605626,0.773722,0.040746,0.127217,0.199957,0.179382,0.797090,1.028022,0.344898,0.210691,0.202516,0.106970,-1.720695,0.956630,-0.037389,-0.042774,-1.667144,0.336196,-1.403824,-0.135748,0.719028,0.293411,-1.022787,-1.224748,0.545610,0.448397,931.514505,1.472893,-1.465554,0.178146,0.209139,1.557734,-1.032854,-1.009792,0.573230,0.241255,0.596671,0.307178,1.289459,0.803695,-0.938293,0.610985
-1.045539,0.627236,0.794317,0.421544,0.561724,0.434057,-1.483266,0.595383,0.764792,0.227005,0.349319,0.267817,0.797090,1.028022,0.366590,0.299734,0.284545,0.397848,-1.602258,0.956630,1.040937,-0.551422,-1.572836,0.874925,-1.403824,-0.135748,0.794993,0.327504,-1.022787,-1.224748,0.559284,0.635847,414.609945,1.366938,-1.548648,0.600672,0.330206,1.131417,-1.032854,-1.112682,0.672124,0.287421,0.534905,0.659325,1.289459,0.496982,-0.938293,0.610985
-0.569501,0.628115,0.834151,0.396558,0.490392,0.438392,-1.412720,0.244988,0.753834,0.369331,0.405477,0.328382,0.845146,0.874602,0.371783,0.385552,0.334887,0.709402,-1.511578,1.015946,1.040937,-1.889391,-1.815953,0.870792,-0.875033,-0.635145,0.716313,0.438626,0.448800,-0.812190,2.042056,0.246428,344.176133,1.220995,-1.327915,0.490103,0.367231,1.626673,-0.759024,0.070757,0.258909,0.322660,0.756976,0.061843,1.261740,1.070878,-0.629234,0.829361
-0.339479,0.622281,2.045583,0.106194,0.351511,0.352080,-1.277843,0.454203,0.619240,0.022781,0.193464,0.231010,0.525355,-0.087142,0.240548,0.173158,0.035956,0.244935,-1.373574,0.675168,-0.082908,0.119584,-1.497545,-0.098623,-0.354863,-0.494265,0.754570,0.177754,-0.677285,-1.071845,0.382753,0.355037,768.019428,1.253970,-1.073931,0.063694,0.071060,1.901512,-0.270437,0.349317,0.198276,0.017787,0.369518,0.424763,0.446332,0.452819,0.461696,0.067667
-0.802638,0.665129,1.811633,0.299626,0.466175,0.435252,-1.489468,0.696578,0.046696,0.122263,0.291387,0.229475,0.774770,0.736842,0.349970,0.194484,0.181623,0.133227,-1.344315,0.971319,-0.114061,-0.090323,-1.500592,0.338849,-1.381668,-0.176289,0.748835,0.318567,-0.996985,-1.119502,0.485206,0.447847,847.230148,1.105113,-1.345437,0.178435,0.223882,1.910618,-0.783567,-1.001081,0.587553,0.207429,0.572102,0.300940,1.224034,0.934574,-0.977237,0.707428
-0.802638,0.635032,0.881225,0.498671,0.559412,0.380102,-1.531557,0.578295,0.857491,0.218402,0.372448,0.321301,0.774770,0.736842,0.388951,0.356362,0.354888,0.365204,-1.676242,0.971319,0.591612,-0.090323,-1.575429,1.032750,-1.381668,-0.176289,0.933328,0.373503,-0.996985,-1.119502,0.487408,0.680733,482.698717,1.395438,-1.387745,0.608257,0.349394,1.272954,-0.933677,-1.146982,0.654796,0.287859,0.564467,0.700388,1.224034,0.909953,-0.977237,0.784630
-0.541097,0.545273,0.691035,0.595651,0.494363,0.324242,-1.391390,0.294692,0.857491,0.244567,0.428123,0.508759,0.765147,0.911857,0.355074,0.389178,0.385984,1.002470,-1.361175,1.021989,0.591612,-0.377731,-1.748141,0.932028,-0.760579,-0.569020,0.737808,0.257282,0.278522,-1.652942,0.682332,0.261732,281.829663,1.221079,-1.297548,0.523108,0.372330,1.050491,-0.763604,-0.349507,0.277326,0.349162,0.517434,0.150358,1.467847,1.126182,-0.512159,0.784630
-0.239063,0.647488,2.078024,0.040551,0.341224,0.275022,-1.299823,0.397466,0.500555,0.022812,0.186251,0.193561,0.517735,-0.172670,0.254190,0.104472,0.035984,-0.078061,-1.407047,0.576111,-0.089928,0.223125,-1.130571,-0.148790,-0.210272,-0.183301,0.774733,0.150799,-0.554437,-0.787111,0.285357,0.422823,741.591685,1.355335,-1.164080,0.065665,0.084378,1.642093,-0.268715,0.408205,0.176225,0.008021,0.314225,0.350964,0.405321,0.410137,0.482640,0.095334
-0.834219,0.658924,1.727182,0.413641,0.457774,0.405172,-1.438309,0.725221,0.045276,0.117244,0.354154,0.176178,0.730809,0.819791,0.325753,0.160429,0.221842,-0.049189,-1.406823,0.949683,-0.089928,0.181318,-1.519216,0.549305,-1.824020,-0.171202,0.655415,0.306454,-0.820832,-1.069639,0.476033,0.415936,764.773696,1.228634,-1.458531,0.169335,0.228907,1.662885,-0.837945,-1.041221,0.598421,0.202966,0.582512,0.248377,1.426013,0.742714,-0.967357,0.582178
-0.834219,0.636718,0.567223,0.501816,0.547896,0.372767,-1.109470,0.593090,0.890217,0.184749,0.411625,0.281125,0.730809,0.819791,0.360133,0.311367,0.370902,0.501930,-0.812345,0.949683,0.763134,0.181318,-1.714868,1.144685,-1.824020,-0.171202,0.809977,0.378592,-0.820832,-1.069639,0.476033,0.658010,280.271795,0.625823,-1.399688,0.587465,0.327827,1.625897,-0.946737,-1.174857,0.650769,0.249235,0.565895,0.619174,1.426013,0.622000,-0.967357,0.690793
-0.175466,0.483293,0.587850,0.579584,0.503244,0.351726,-1.442857,0.218303,0.879162,0.244557,0.391182,0.518073,0.759041,0.936049,0.301599,0.480201,0.396939,1.411335,-1.667167,1.010342,0.341799,-0.599523,-1.866391,1.144685,-1.501971,-0.881060,0.627475,0.583833,0.439581,-1.948320,1.004088,0.168008,239.914394,1.467276,-1.447754,0.497075,0.415409,1.303260,-0.803292,-0.049331,0.299266,0.313975,0.797092,0.109474,1.262934,0.895236,-0.441041,0.876882
0.152383,0.465948,1.923898,0.105988,0.316790,0.473798,-1.253680,0.290594,0.578144,0.018084,0.203561,0.344637,0.539969,-0.146754,0.260648,0.138253,0.067846,0.241103,-1.200411,0.620400,-0.051377,-0.599523,-1.732921,-0.002459,-0.266478,-0.349582,0.643409,0.328946,-0.514924,-0.669640,0.305189,0.472424,714.930113,1.173162,-1.358755,0.076980,0.076940,1.291145,-0.267782,0.148014,0.233863,0.015197,0.403628,0.340436,0.644119,0.418626,0.274494,0.001882
-1.019379,0.587975,1.666027,0.468755,0.439838,0.350700,-1.256303,0.754701,0.128434,0.100878,0.318717,0.223659,0.711787,0.838990,0.264068,0.186214,0.274319,-0.310435,-0.979748,0.937353,-0.092581,0.431637,-1.789048,0.441554,-1.784882,-0.243078,0.643409,0.275065,-0.865009,-0.858167,0.305189,0.382711,785.353528,0.785211,-1.428351,0.155067,0.209056,1.567624,-0.947007,-0.961544,0.511349,0.194357,0.509865,0.290891,1.835116,0.911741,-0.799169,0.425831
-1.019379,0.646945,0.794126,0.394997,0.508476,0.393361,-1.520194,0.673006,0.908965,0.152968,0.367949,0.481029,0.711787,0.838990,0.250805,0.357868,0.405270,0.551912,-1.651477,0.940422,0.602950,0.431637,-1.419522,1.066607,-1.784882,-0.243078,0.625259,0.290270,-0.865009,-0.858167,0.451006,0.751430,434.046261,1.455624,-1.543465,0.541441,0.266550,1.601821,-1.027072,-1.257040,0.588530,0.229043,0.477506,0.672888,1.835116,0.800607,-0.833392,0.450169
-0.080592,0.409192,0.734312,0.547819,0.405233,0.502362,-1.366796,0.245575,0.908965,0.266450,0.502455,0.560103,0.626382,0.600942,0.280054,0.533825,0.407390,1.279597,-1.543244,0.846522,0.284336,-0.597760,-1.740550,0.744824,-1.276990,-0.735155,0.638236,0.433989,0.389005,-1.495340,0.939663,0.230271,309.124785,1.337355,-1.675138,0.403049,0.318179,1.397913,-0.737034,-0.059529,0.180426,0.246907,0.295397,0.196906,1.365381,0.967641,-0.210832,0.620730
0.534555,0.557262,2.293811,0.052928,0.301580,0.386832,-1.139304,0.235878,0.492854,0.029741,0.196260,0.255128,0.425628,-0.165739,0.191710,0.191903,0.081164,-0.176517,-0.899666,0.633336,-0.094747,0.234520,-1.699485,0.083507,-0.472557,-0.162277,0.638236,0.162481,-0.564572,-0.849889,0.320564,0.495789,854.865803,0.877266,-1.163413,0.044726,0.048454,1.378072,-0.253709,0.235329,0.215730,0.011412,0.343469,0.334768,1.048628,0.545715,0.352295,0.008524
-1.240076,0.618809,1.813504,0.416738,0.447123,0.534440,-1.310047,0.881890,-0.010079,0.100463,0.211405,0.226276,0.733025,0.436331,0.281248,0.215430,0.249531,-0.147893,-1.243849,0.766026,-0.088929,0.452493,-1.658759,0.126458,-1.604682,-0.210540,0.536582,0.187190,-1.001571,-0.993088,0.320564,0.379305,863.992484,1.125433,-1.257041,0.128416,0.147647,1.088565,-0.887726,-0.986560,0.534052,0.142531,0.513005,0.276660,1.850246,0.968639,-0.857667,0.320326
-1.240076,0.707356,0.517929,0.391805,0.543344,0.308999,-1.485268,0.713584,0.889303,0.138108,0.325371,0.378253,0.733025,0.436331,0.333105,0.274692,0.292720,0.230028,-1.575490,0.882128,0.619992,0.452493,-1.597519,0.843393,-1.604682,-0.210540,0.701568,0.176309,-1.001571,-0.993088,0.460034,0.759621,263.801036,1.478355,-1.451042,0.585408,0.179175,0.718550,-0.950517,-1.320350,0.607109,0.184394,0.425789,0.724104,1.850246,0.809357,-0.866115,0.320326
-0.681105,0.518982,0.795347,0.531297,0.573075,0.428779,-1.482542,0.434340,0.889303,0.347297,0.391813,0.440595,0.929166,0.964400,0.322951,0.627423,0.303694,0.690568,-1.733410,0.882986,0.412406,-0.692003,-1.811052,0.832549,-1.106009,-0.659306,0.632943,0.352071,0.569848,-1.284940,1.713341,0.305081,334.674586,1.433360,-1.454740,0.605647,0.409724,1.410073,-0.817461,-0.540099,0.379641,0.371596,0.371147,0.095595,1.485662,1.145019,-0.295018,0.926144
-0.414601,0.524867,1.874161,0.106098,0.365355,0.301874,-1.318510,0.469489,0.693601,0.023045,0.180125,0.209305,0.646584,-0.136936,0.239437,0.154042,0.064992,-0.047328,-1.444779,0.621737,-0.076467,0.084719,-1.549594,-0.127672,-0.253301,-0.338726,0.736909,0.185333,-0.693704,-0.991658,0.302228,0.492476,712.581271,1.370249,-1.147070,0.082887,0.106859,1.641381,-0.258420,0.228457,0.227520,0.020941,0.256837,0.451095,0.579544,0.437294,0.184566,0.059705
-0.927038,0.620741,1.839806,0.367619,0.465222,0.320837,-1.183386,0.754892,0.143599,0.109839,0.275756,0.295455,0.762793,0.912010,0.379982,0.206751,0.268111,-0.124348,-0.886301,0.799881,0.041499,0.358773,-1.720188,0.197664,-1.814260,-0.287951,0.724424,0.158070,-1.189530,-1.027088,0.404646,0.422640,876.400339,0.879091,-1.589661,0.159154,0.182438,1.626984,-0.765241,-0.954758,0.537394,0.230743,0.459720,0.373133,1.658456,0.933416,-0.962301,0.431399
-0.927038,0.661896,0.849070,0.446476,0.547746,0.429483,-1.484907,0.692751,0.900375,0.184818,0.410723,0.578977,0.762793,0.912010,0.424141,0.312574,0.361787,0.692341,-1.489701,0.849286,0.945584,-0.298756,-1.696444,1.026908,-1.814260,-0.287951,0.783787,0.333206,-1.189530,-1.027088,0.404646,0.833797,440.385964,1.343592,-1.674736,0.588437,0.248273,1.567141,-0.952920,-1.252668,0.634572,0.238356,0.484851,0.799496,1.658456,0.933416,-1.011500,0.532406
-0.664271,0.478019,0.726931,0.583525,0.524601,0.301415,-1.602593,0.495545,0.900375,0.390676,0.406125,0.565156,0.884619,0.791739,0.424079,0.709173,0.357963,1.189407,-2.032664,1.044293,0.945584,-0.904873,-1.700694,1.026908,-1.017660,-1.341316,0.739538,0.557422,0.534330,-1.096508,1.489546,0.288483,320.602147,1.737208,-1.576581,0.558406,0.432213,1.478552,-0.840200,-0.700956,0.359686,0.314684,0.592287,0.128520,1.294661,1.017688,-0.400295,1.319434
-0.567551,0.576639,2.260898,0.201691,0.373749,0.326645,-1.267712,0.427066,0.577722,0.050893,0.177071,0.202833,0.738066,0.020587,0.276807,0.163825,0.087207,0.105811,-1.314849,0.832147,-0.083098,-0.533440,-1.487280,-0.115150,-0.471515,-0.691311,0.738966,0.384686,-0.505297,-0.990702,0.301845,0.492107,836.873952,1.268501,-1.049017,0.094937,0.157254,1.585466,-0.280345,0.273796,0.233509,0.039756,0.354020,0.372937,0.502514,0.412515,0.353164,0.049010
-0.924212,0.653241,1.770008,0.335727,0.450685,0.313641,-1.416466,0.679094,0.229454,0.130156,0.265684,0.239323,0.716149,1.161064,0.341394,0.254611,0.272329,0.287869,-1.693894,0.941643,-0.111065,0.213377,-1.733131,0.329805,-1.907871,-0.200387,0.738966,0.270993,-0.736363,-1.270026,0.441392,0.447153,799.860441,1.379241,-1.403595,0.190967,0.194502,1.675188,-0.934601,-1.051926,0.598465,0.251105,0.518202,0.271585,1.414467,0.823027,-0.980754,0.377997
-0.924212,0.616116,0.790617,0.390393,0.554718,0.375766,-1.291533,0.574463,0.735769,0.236423,0.454907,0.246127,0.716149,1.161064,0.322753,0.346842,0.381464,0.498015,-1.462878,0.941643,1.057630,-0.436679,-1.738382,0.805465,-1.907871,-0.200387,0.805759,0.305383,-0.736363,-1.270026,0.453620,0.667395,387.945885,1.306596,-1.348688,0.597888,0.328819,1.631371,-1.004922,-1.142577,0.666320,0.302214,0.517188,0.560064,1.414467,0.821813,-0.980754,0.570394
-0.412167,0.582560,0.547223,0.313939,0.479747,1.943855,-1.566536,0.249165,0.715203,0.223315,0.257786,3.525140,0.757166,1.271740,0.750830,0.300835,0.363424,29.939509,-1.797992,0.992464,0.907627,-0.680306,-1.647164,0.795619,-0.794520,-0.762633,5.765956,0.388299,0.279066,-2.308907,0.927574,0.206248,230.279404,1.516752,-1.207641,0.472033,0.346140,1.268535,-0.777758,0.117002,0.248334,0.381208,3.356640,0.094309,1.553786,1.093147,-0.537735,0.630827
-0.272537,0.601058,2.007645,0.083428,0.334760,1.919568,-1.117739,0.356071,0.511390,0.015922,0.128421,3.553671,0.485882,-0.097032,0.674341,0.105246,0.034352,29.939509,-1.107402,0.619786,-0.067910,-0.270671,-1.371271,-0.109742,-0.231451,-0.357657,5.765956,0.180009,-0.684543,-2.308907,0.301737,0.380979,781.565600,1.074597,-1.078017,0.053941,0.081697,1.692030,-0.254682,0.328646,0.197521,0.014528,3.313249,0.380920,0.458415,0.377862,0.217342,0.057633
-0.895705,0.677115,1.617328,0.238185,0.434600,0.330639,-1.350855,0.722914,0.008301,0.122065,0.221394,0.197995,0.736645,0.868777,0.311742,0.204674,0.194712,0.113123,-1.349403,0.953466,-0.111666,-0.143865,-1.690697,0.201619,-1.437657,-0.159093,0.645895,0.292431,-0.923446,-1.288161,0.434416,0.454292,790.305520,1.313535,-1.289455,0.213429,0.209947,1.705742,-0.953743,-1.188607,0.678053,0.228028,0.562019,0.265094,1.099703,0.669428,-0.921519,0.420563
-0.895705,0.711029,0.920173,0.332172,0.492989,0.307295,-1.410034,0.478437,0.624620,0.201790,0.307810,0.321172,0.736645,0.868777,0.239769,0.264791,0.300507,0.756153,-1.560413,0.953466,1.014968,-0.177231,-1.539650,0.707752,-1.437657,-0.159093,0.781237,0.268600,-0.900840,-1.288161,0.434416,0.450434,482.311987,1.386868,-1.512196,0.519415,0.336745,1.778420,-0.953743,-1.212605,0.759954,0.309580,0.458649,0.483450,1.099703,0.705268,-0.921519,0.634078
-0.704611,0.576837,1.009910,0.309148,0.408932,0.486970,-1.234001,0.302267,0.503186,0.413145,0.357087,0.353334,0.854200,1.010518,0.323074,0.628195,0.426366,0.756153,-1.358808,0.835825,0.574890,-0.991710,-1.744985,0.226741,-0.906772,-1.345148,0.516633,0.476119,0.127239,-1.003198,2.458621,0.240504,429.404684,1.240484,-1.279040,0.214270,0.444397,1.605229,-0.474505,0.259488,0.262058,0.298641,0.687225,0.087934,2.407722,1.067327,-0.796553,1.284541
0.191457,0.552870,1.684583,0.030419,0.284076,0.284744,-1.246783,0.276085,0.290415,0.020548,0.102899,0.231448,0.352384,-0.185368,0.110764,0.084972,0.015776,0.335230,-1.344505,0.573752,-0.077453,-0.062607,-1.306400,-0.105325,-0.167730,0.157617,0.640053,0.160317,-0.564664,-0.816850,0.283050,0.246850,723.850664,1.173302,-1.021934,0.027368,0.048727,1.560263,-0.253107,0.315135,0.118051,0.011701,0.349005,0.263693,0.459703,0.543767,0.468306,0.062099
0.229560,0.516869,1.034339,0.201383,0.355285,0.249406,-1.500690,0.378306,0.116536,0.099693,0.261452,0.156395,0.530858,0.355937,0.214255,0.147974,0.155737,0.134397,-1.897253,0.935096,0.835608,0.173961,-1.488522,0.284857,-1.311417,0.003220,0.517677,0.142162,-0.764448,-1.045817,0.462389,0.411770,555.187140,1.595557,-1.216522,0.283190,0.155325,1.561574,-0.709235,-0.778322,0.560026,0.123206,0.420850,0.278588,0.753819,0.578003,-0.370900,0.190260
0.049219,0.697081,1.509523,0.314357,0.223714,0.159326,-1.110750,0.274461,0.037406,0.305741,0.247196,0.141827,0.314492,1.840724,0.113748,0.320491,0.493768,0.216279,-1.239627,1.017910,0.550993,-0.216560,-1.487401,0.422271,-1.215096,-0.118909,0.545885,0.350721,-0.494867,-1.102703,0.623102,0.224775,709.966890,1.282747,-1.179809,0.190273,0.179511,1.662623,-0.615686,0.124405,0.163519,0.341329,0.237195,0.150314,2.099973,0.582867,-0.276858,0.586472
0.489453,0.794833,0.390343,0.025007,0.209690,0.191287,-1.593877,0.171126,-0.092778,0.012286,0.032339,0.068233,0.231674,-0.197681,0.063142,0.054774,0.022460,0.037572,-1.755832,0.559357,0.126031,0.120784,-1.735451,-0.039331,-0.109679,0.207788,0.351596,0.084448,-0.481801,-0.296104,0.276201,0.115647,159.843625,1.525330,-1.315956,0.011978,0.022314,1.218077,-0.242480,0.728175,0.038751,0.004738,0.173590,0.117442,0.408386,0.402520,0.118388,-0.025549
1.107959,0.739336,1.783449,0.063625,0.313881,0.327265,-1.247901,0.116002,-0.168835,0.038966,0.094426,0.087389,0.464801,-0.156109,0.104337,0.136857,0.048799,-0.309620,-1.247665,0.600949,-0.109641,0.460494,-1.388861,0.107079,-0.315245,-0.001944,0.370891,0.104146,-0.618569,-1.117565,0.278748,0.110347,639.541869,1.244815,-1.271285,0.057536,0.073482,1.671167,-0.245122,0.621839,0.044787,0.008772,0.332645,0.140082,0.759167,0.721657,-0.795086,0.100197
-0.228850,0.521195,0.972466,0.191201,0.248923,0.290492,-1.452790,0.186073,0.328227,0.091877,0.253038,0.224668,0.477994,0.927011,0.234327,0.214538,0.126043,0.502427,-1.510022,0.799849,-0.011482,-0.373287,-1.615699,-0.057340,-0.630446,-0.657678,0.625753,0.257559,-0.016663,-0.752960,0.400136,0.228722,480.788034,1.348135,-1.186772,0.077349,0.177455,1.612942,-0.315144,0.323918,0.129238,0.164665,0.494160,0.106502,0.843112,0.603655,-0.421545,0.932547
0.480746,0.822840,0.517459,0.012860,0.180356,0.344452,-0.798827,0.038044,-0.055880,0.013770,0.045742,0.196968,0.254056,-0.184337,0.228624,0.036120,0.012463,-0.072912,-0.970283,0.549855,-0.091611,0.334852,-1.311310,-0.195972,-0.138363,0.179017,0.681792,0.114414,-0.421651,-0.741572,0.283987,0.032936,238.536080,0.839176,-1.120963,0.028517,0.047921,1.314906,-0.243006,0.726648,0.060952,0.004391,0.346823,0.101757,0.358332,0.374320,0.178461,-0.030271
0.557218,0.940446,0.479043,0.011512,0.177677,0.056011,-0.847457,0.020703,-0.403543,0.004103,0.023027,0.047418,0.186356,-0.201877,0.014035,0.028302,0.008596,-0.004170,-1.077328,0.526967,-0.073867,0.335618,-1.282010,-0.173168,-0.114924,0.212582,0.292694,0.049885,-0.476337,-0.536152,0.268632,0.028845,208.430666,0.992407,-0.962802,0.005558,0.015178,1.393261,-0.243051,0.914574,0.014794,0.001308,0.144694,0.020734,0.361122,0.382851,0.152262,-0.089039
0.572839,0.720913,1.163259,0.175615,0.285751,0.247356,-1.529972,0.204438,0.634927,0.055405,0.154650,0.116452,0.527913,0.192829,0.125389,0.112724,0.145159,-0.113122,-1.609279,0.666473,-0.065701,0.041855,-1.656238,-0.124586,-0.753051,-0.171426,0.538265,0.111761,-0.492842,-0.645401,0.449063,0.240991,463.528021,1.344368,-1.380093,0.136986,0.169416,1.892547,-0.331019,-0.663604,0.555827,0.083737,0.683842,0.374317,1.332819,0.662524,-0.609720,0.468289
0.491931,0.388276,0.361958,0.183472,0.285290,0.273616,-1.673620,0.181366,1.145421,0.054560,0.141533,0.283099,0.527913,0.192829,0.158166,0.109836,0.136711,0.332751,-1.932144,0.686601,0.261140,0.031606,-1.594310,0.274645,-0.753051,-0.171426,0.529138,0.129855,-0.387230,-0.769716,0.449063,0.253235,207.576223,1.613708,-1.322691,0.319298,0.162827,1.126592,-0.538066,-0.724783,0.388337,0.087736,0.392706,0.458084,1.332819,0.679623,-0.609720,0.458908
-0.549976,0.197485,1.242630,0.418342,0.369523,0.433319,-1.626505,0.362090,1.145421,0.184558,0.469568,0.265390,0.743120,1.249377,0.425611,0.366538,0.538758,0.690314,-1.988868,0.908876,0.393380,-1.482160,-1.926750,0.248969,-1.365658,-0.565741,0.491930,0.594107,0.891436,-0.763377,0.666463,0.188350,414.542350,1.628881,-1.579763,0.322289,0.365494,1.790136,-0.488617,-0.072643,0.176036,0.377512,0.714768,0.065978,2.598195,0.790375,-0.299132,0.975271
-0.004835,0.332713,2.294085,0.044828,0.317315,0.319357,-1.119577,0.308554,1.056150,0.019274,0.297514,0.300181,0.560860,-0.153479,0.257831,0.167894,0.031241,0.690314,-1.052703,0.620375,-0.061476,-0.113687,-1.228590,-0.111337,-0.212417,-0.565741,0.710878,0.262220,-0.632374,-0.910110,0.288955,0.369346,865.973017,0.896441,-1.355652,0.076815,0.087316,1.412989,-0.263049,-0.072643,0.307031,0.010740,0.416832,0.530117,0.483425,0.442033,0.373703,0.074358
-1.392402,0.578783,2.161633,0.316930,0.438710,0.350774,-1.593133,0.882113,0.296056,0.109186,0.210005,0.194190,0.774599,0.596770,0.327712,0.239547,0.260153,0.116908,-1.694777,0.899080,-0.061476,0.075659,-1.679394,0.239032,-1.538837,-0.271140,0.654232,0.236799,-1.184224,-1.302828,0.288955,0.422996,1043.383944,1.391163,-1.442778,0.165195,0.216623,1.418144,-1.146716,-0.902176,0.506650,0.200041,0.653642,0.427299,1.606329,0.854113,-0.829061,0.517710
-1.392402,0.623727,0.703017,0.395118,0.560091,0.359085,-1.629237,0.688795,0.579821,0.201146,0.345095,0.324218,0.774599,0.596770,0.351966,0.328289,0.336146,0.453069,-1.907900,0.912192,0.926030,-0.468102,-1.483962,0.940732,-1.538837,-0.271140,0.857171,0.257477,-1.184224,-1.302828,0.509283,0.669693,367.986744,1.635151,-1.538920,0.593643,0.328901,1.556578,-1.214664,-1.110606,0.667564,0.258743,0.646942,0.664088,1.606329,0.752474,-0.829061,0.615520
-0.618222,0.630441,0.499629,0.366680,0.499931,0.473821,-1.617066,0.288611,0.603915,0.279179,0.272359,0.362540,0.838923,1.404635,0.331135,0.497096,0.390926,0.886138,-1.971419,0.924331,0.926030,-1.011089,-1.702657,0.940732,-1.131081,-0.624546,0.583719,0.455188,0.237409,-0.955688,1.399922,0.205479,208.181737,1.699674,-1.243983,0.488392,0.375179,1.278233,-0.759854,0.189226,0.268108,0.385504,0.552812,0.087711,1.351664,1.232241,-0.601996,0.754186
-0.280170,0.669965,2.161305,0.102373,0.329818,0.328308,-1.506352,0.323634,0.502789,0.020619,0.158643,0.270862,0.526333,-0.122540,0.316877,0.125835,0.052185,0.419747,-1.793098,0.643212,-0.067727,-0.312330,-1.362353,-0.106791,-0.226240,-0.417057,0.825554,0.269357,-0.915512,-1.044862,0.296881,0.396009,747.715318,1.582505,-1.111818,0.093480,0.087508,1.545039,-0.256620,0.312721,0.268425,0.027195,0.381104,0.467448,0.453799,0.606048,0.314250,0.133428
-0.488297,0.678121,1.913801,0.149549,0.437079,0.282412,-1.241949,0.379564,0.163228,0.097377,0.197068,0.270245,0.720036,0.066552,0.402283,0.164788,0.073496,0.460369,-1.388963,0.554027,-0.073769,-0.124431,-1.442242,-0.106791,-0.826535,-0.174435,0.825554,0.219060,-1.214417,-1.205019,0.296881,0.382913,835.994472,1.295021,-1.411891,0.170715,0.146445,1.566984,-0.256620,-0.384426,0.347469,0.062251,0.551696,0.394895,0.797934,1.068961,-0.707147,0.532249
-1.095749,0.692788,1.895670,0.252797,0.466524,0.295645,-1.330102,0.680967,-0.128568,0.103088,0.198918,0.316409,0.720036,0.758315,0.370684,0.241090,0.191333,0.460369,-1.178761,0.793737,-0.101984,-0.124431,-1.606609,-0.082448,-1.481005,-0.174435,0.752344,0.218969,-1.214417,-1.205019,0.296881,0.378222,826.787611,0.973564,-1.485464,0.168392,0.191352,1.572326,-0.712467,-0.821924,0.544879,0.209198,0.585963,0.282490,1.492205,1.068961,-0.930810,0.532249
-1.095749,0.695577,1.109572,0.308326,0.493117,0.325917,-1.344843,0.843326,0.122033,0.140547,0.219591,0.344910,0.720036,0.758315,0.303070,0.273109,0.220635,0.460369,-1.260411,0.925274,0.156605,-0.124431,-1.729303,0.396094,-1.481005,-0.174435,0.569234,0.241445,-1.214417,-1.205019,0.522290,0.535134,378.431105,1.062090,-1.553783,0.247566,0.229968,1.051391,-1.008145,-1.169936,0.755009,0.247509,0.688410,0.354480,1.492205,1.068961,-0.930810,0.532249
-1.095749,0.709389,0.762575,0.323038,0.492283,0.321513,-1.428713,0.809185,0.517530,0.144964,0.248710,0.356813,0.720036,0.758315,0.374765,0.290350,0.224763,0.460369,-1.461077,0.925274,0.994936,-0.124431,-1.714462,0.637335,-1.481005,-0.174435,0.871570,0.240234,-1.214417,-1.205019,0.522290,0.659090,317.044550,1.318270,-1.550115,0.422171,0.242485,1.160360,-1.008145,-1.173141,0.758867,0.245541,0.691229,0.547557,1.492205,1.068961,-0.930810,0.532249
-1.095749,0.633168,0.827408,0.340487,0.588139,0.286298,-1.304194,0.702852,0.709089,0.187446,0.294301,0.350722,0.720036,0.758315,0.379642,0.301751,0.252437,0.460369,-1.093242,0.925274,0.994936,-0.170470,-1.660694,0.680226,-1.481005,-0.174435,0.871570,0.241932,-1.214417,-1.205019,0.522290,0.712200,434.152918,0.969315,-1.445846,0.638181,0.248551,1.419804,-1.008145,-1.173141,0.657406,0.226769,0.609693,0.745159,1.492205,1.068961,-0.930810,0.532249
-1.029562,0.733443,0.959861,0.395377,0.538102,0.288443,-1.451823,0.394557,0.709089,0.340666,0.362783,0.331874,0.901538,1.028275,0.356341,0.347048,0.423008,0.942642,-1.436590,0.925274,0.994936,-1.049653,-1.594862,0.680226,-0.903394,-1.248842,0.871570,0.291410,-0.455902,-1.077815,1.538205,0.165751,494.863707,1.313649,-1.462466,0.584718,0.438324,1.518185,-1.008145,-1.173141,0.790562,0.361266,0.461555,0.272420,2.065962,1.134754,-0.924577,0.875431
-0.518210,0.495180,0.643134,0.281321,0.428173,0.401376,-1.400716,0.383910,0.582735,0.290907,0.360076,0.389294,0.901538,1.028275,0.350570,0.370916,0.374838,0.942642,-1.402698,0.809327,0.423970,-1.049653,-1.569195,-0.006636,-0.741181,-1.248842,0.724576,0.299892,-0.233880,-1.077815,1.538205,0.298354,275.532564,1.316947,-1.301418,0.160119,0.346284,1.411759,-0.278517,0.275242,0.191365,0.311566,0.471523,0.240245,2.065962,1.134754,-0.681075,0.875431
0.238251,0.640639,2.587506,0.033298,0.332349,0.225204,-1.287626,0.313355,0.371685,0.027346,0.153282,0.193777,0.469498,-0.171233,0.217249,0.131357,0.033781,0.328846,-1.420288,0.640564,-0.052146,0.267086,-1.446847,-0.066282,-0.307116,0.132463,0.724576,0.165222,-0.919751,-1.030673,0.331340,0.372443,931.797825,1.364106,-1.089237,0.065948,0.054738,1.234608,-0.247824,0.275242,0.212126,0.010314,0.409978,0.396518,0.494860,0.862238,0.468222,0.017830
-1.035725,0.641837,2.096029,0.265353,0.444263,0.323280,-1.586347,0.790991,-0.204563,0.119030,0.237621,0.258879,0.773393,0.548446,0.363796,0.269007,0.237069,0.258241,-1.783344,0.858227,-0.103813,-0.002226,-1.461904,0.154826,-1.313651,-0.167341,0.712417,0.280658,-1.180969,-1.199090,0.455024,0.412371,939.894349,1.508056,-1.296490,0.147104,0.227290,1.271712,-0.830345,-0.844162,0.494353,0.194447,0.645723,0.291296,1.441760,1.021893,-0.991733,0.738640
-1.035725,0.617991,0.759558,0.357156,0.578546,0.351202,-1.622625,0.604632,0.817349,0.237061,0.348875,0.323054,0.773393,0.548446,0.386838,0.345862,0.295512,0.258241,-1.935883,0.906376,1.141716,-0.629587,-1.640317,0.878573,-1.313651,-0.182026,0.790881,0.310968,-1.180969,-1.199090,0.489704,0.608150,398.536937,1.619867,-1.285619,0.624710,0.380745,1.628234,-1.020162,-1.085660,0.669589,0.228643,0.578980,0.787671,1.441760,0.905234,-1.016827,0.796312
-0.712542,0.559906,0.762605,0.484807,0.572123,0.553944,-1.531704,0.354684,0.817349,0.214196,0.324448,0.370581,0.824846,1.722302,0.411059,0.319739,0.487840,0.968725,-1.860496,1.095066,1.141716,-1.202357,-1.774774,0.878573,-1.249645,-1.435267,0.757999,0.382137,0.478385,-0.950400,0.710680,0.203754,323.334894,1.430638,-1.385198,0.614538,0.505923,1.638339,-0.946517,-0.403347,0.350500,0.503802,0.724912,0.076680,1.952590,1.054429,-1.517260,1.492198
-0.502442,0.513304,2.191247,0.187523,0.378964,0.513434,-1.161139,0.495751,0.661565,0.045376,0.194083,0.319769,0.637239,-0.034293,0.284167,0.199567,0.072084,0.672739,-1.173590,0.761914,-0.089831,-0.072090,-1.456969,-0.106500,-0.417131,-0.680138,0.818823,0.263751,-0.741147,-1.065222,0.288505,0.390708,830.160464,1.214723,-1.074328,0.075797,0.104331,1.874208,-0.305976,0.275101,0.199296,0.025418,0.432927,0.455547,0.590584,0.445052,-0.327235,0.081227
-0.980835,0.600880,1.914051,0.338436,0.465642,0.469273,-1.421675,0.736514,0.152297,0.127692,0.275947,0.249700,0.820449,0.966173,0.350521,0.217685,0.197119,0.430330,-1.552050,0.927938,-0.079791,0.075938,-1.390992,0.510799,-1.329692,-0.183240,0.818823,0.254312,-1.110828,-0.920561,0.475561,0.442159,916.182291,1.308146,-1.394161,0.178339,0.209004,1.873605,-0.929004,-0.964969,0.543539,0.238603,0.644316,0.370599,1.269937,0.902866,-0.951600,0.494249
-0.980835,0.637710,0.793149,0.539030,0.583312,0.343609,-1.528781,0.626013,0.732369,0.256253,0.366508,0.380730,0.820449,0.966173,0.341061,0.390415,0.355551,0.547199,-1.715312,0.927938,0.799932,-1.609569,-1.463445,1.032494,-1.329692,-0.183240,0.786640,0.364701,-1.110828,-1.223569,0.529230,0.692627,427.647625,1.432187,-1.554336,0.635977,0.392478,1.679818,-1.010771,-1.135879,0.677898,0.316645,0.659471,0.707382,1.269937,0.902866,-0.951600,0.899474
-0.631228,0.478357,0.790087,0.529286,0.525392,0.392106,-1.509131,0.318014,0.732369,0.308999,0.545545,0.482222,0.962404,1.595752,0.377617,0.355860,0.590768,0.963985,-1.677014,0.916927,0.799932,-1.609569,-1.763843,0.813425,-1.464000,-1.252049,0.745306,0.738177,0.389348,-1.270484,1.210267,0.253780,320.471532,1.468500,-1.450090,0.546872,0.495264,1.220979,-0.830330,-0.142597,0.281848,0.402287,0.500831,0.096168,2.707914,1.117481,-0.956543,1.160824
-0.094277,0.491839,2.020218,0.042568,0.338294,0.260139,-1.270672,0.375292,0.546398,0.019690,0.265559,0.286242,0.600065,-0.164933,0.227613,0.127506,0.039733,0.237656,-1.274723,0.612336,-0.081175,-0.081317,-1.473920,-0.078285,-0.256843,-0.198166,0.745306,0.268519,-0.569185,-0.678818,0.297791,0.424303,788.959828,1.307612,-1.060197,0.074439,0.100716,1.635869,-0.277283,0.196108,0.221960,0.010196,0.282964,0.376770,0.472773,0.358424,0.377554,0.074341
-0.583935,0.600926,1.634234,0.327464,0.438903,0.374344,-1.293079,0.672396,0.189180,0.102708,0.341219,0.118249,0.734116,0.848735,0.339404,0.205972,0.201890,-0.160272,-1.292309,0.963424,-0.081175,0.458602,-1.570024,0.533424,-1.652211,-0.224927,0.690025,0.307375,-0.858168,-1.087302,0.470634,0.417178,794.146242,1.150363,-1.502759,0.184255,0.229816,1.651375,-0.826908,-1.007803,0.575793,0.200587,0.459319,0.288058,1.183363,0.675656,-0.958899,0.478016
-0.583935,0.621459,0.714997,0.320906,0.527925,0.342182,-1.359217,0.515707,0.930510,0.210333,0.374506,0.406883,0.734116,0.848735,0.359805,0.323976,0.396922,1.005166,-1.581814,0.963424,0.734489,0.240383,-1.534311,0.849762,-1.652211,-0.224927,0.837442,0.324584,-0.858168,-1.087302,0.488654,0.637717,384.615411,1.400761,-1.559932,0.575455,0.375411,1.222069,-0.975680,-1.197946,0.637778,0.276611,0.456947,0.627810,1.183363,0.377190,-0.958899,0.773878
-0.437898,0.440837,0.593222,0.438543,0.430226,0.377352,-1.489335,0.255864,0.744475,0.339885,0.571716,0.512818,0.796458,0.695498,0.279626,0.665378,0.477487,1.098738,-1.691583,1.104319,0.486099,-0.343796,-1.762427,0.680595,-0.995114,-0.870186,0.496241,0.419612,0.405866,-1.976403,1.165712,0.300973,248.206843,1.472130,-1.279440,0.391330,0.390899,1.073657,-0.756061,0.205678,0.220787,0.285703,0.674027,0.073142,1.663363,0.959496,-0.418288,0.974509
0.157802,0.563001,1.697518,0.042344,0.302769,0.249602,-1.282345,0.291185,0.546466,0.023134,0.165486,0.233921,0.404750,-0.161710,0.154208,0.108155,0.035940,0.253420,-1.364000,0.566269,-0.078859,0.226271,-1.195231,-0.061333,-0.207556,0.140334,0.685233,0.163678,-0.400231,-0.616644,0.294084,0.408992,632.492581,1.294062,-1.068965,0.041237,0.054310,1.721077,-0.247504,0.214253,0.206817,0.010546,0.300326,0.308056,0.558169,0.380107,0.401367,0.091227
-0.796117,0.648841,1.467466,0.397844,0.434808,0.293279,-1.348784,0.698684,0.193811,0.130398,0.368106,0.305336,0.708408,0.914437,0.249661,0.210295,0.217313,-0.147697,-1.129061,1.029047,0.041746,0.443384,-1.426628,0.465663,-1.556528,-0.224847,0.603779,0.230585,-0.639816,-1.058217,0.388464,0.426549,669.343670,1.026679,-1.459474,0.168851,0.232526,1.721698,-0.866802,-1.213720,0.647672,0.202457,0.406197,0.240472,1.177968,0.610145,-0.800807,0.395226
-0.796117,0.666516,0.847514,0.316387,0.486890,0.240149,-1.558903,0.514565,0.728568,0.187220,0.371727,0.429942,0.708408,0.914437,0.270931,0.311870,0.385498,0.674615,-1.682773,1.029047,0.636206,0.443384,-1.564275,0.821803,-1.556528,-0.224847,0.746059,0.231014,-0.639816,-1.100563,0.412842,0.681422,377.074180,1.450052,-1.486671,0.515995,0.286418,1.575571,-0.923762,-1.307528,0.598987,0.248847,0.227066,0.480745,1.177968,0.474420,-0.800807,0.481581
-0.204547,0.283735,0.739088,0.574071,0.406312,0.465900,-1.548623,0.319622,0.789756,0.305744,0.596523,0.499946,0.804454,1.136593,0.228056,0.694361,0.383110,0.918195,-1.738858,0.963716,0.042756,-0.863513,-1.813697,0.559305,-1.446322,-1.164908,0.387197,0.611183,0.434934,-1.622313,1.112550,0.334284,271.557640,1.509363,-1.604431,0.348237,0.405256,1.350154,-0.680113,0.068792,0.173650,0.316979,0.464833,0.101359,1.481175,0.844744,-0.940441,1.312902
0.626735,0.340840,1.420329,0.041466,0.306666,0.276762,-1.440360,0.284857,0.563814,0.029417,0.185715,0.297013,0.384605,-0.176366,0.154160,0.176003,0.052440,0.020952,-1.492379,0.721425,-0.053501,0.131897,-1.358962,0.088455,-0.483895,0.032807,0.631644,0.199638,-0.408133,-1.086793,0.309368,0.441165,540.638217,1.411409,-1.440260,0.031748,0.073153,1.503741,-0.263966,0.078642,0.176237,0.010516,0.388119,0.303354,0.643974,0.475279,0.277255,0.064282
-1.042130,0.514762,1.140187,0.451447,0.446448,0.534785,-1.391916,0.909079,0.134374,0.120531,0.315088,0.211729,0.815729,0.765969,0.312006,0.217992,0.282703,-0.024516,-1.499630,0.911499,-0.044136,0.299706,-1.691690,0.202541,-2.017027,-0.248834,0.506382,0.282494,-0.905888,-0.990787,0.362761,0.422814,527.534765,1.343217,-1.484387,0.149642,0.250694,1.579654,-1.023426,-1.116045,0.486576,0.210058,0.597836,0.315953,1.973225,0.962813,-1.056346,0.651742
-1.042130,0.753618,0.689847,0.406023,0.599571,0.406164,-1.343230,0.677069,1.106572,0.164412,0.391110,0.275487,0.815729,0.765969,0.382955,0.379078,0.396232,0.244544,-1.501234,0.996936,0.721817,0.128119,-1.650876,0.891153,-2.017027,-0.248834,0.646084,0.325674,-0.905888,-0.990787,0.498814,0.797529,352.304755,1.339074,-1.032988,0.625129,0.321474,1.681875,-1.047341,-1.470896,0.705277,0.234745,0.568041,0.771283,1.973225,0.791677,-1.056346,0.654271
-0.710179,0.489216,0.682692,0.463304,0.533232,0.391943,-1.424603,0.385191,1.101627,0.236614,0.434632,0.473093,0.796731,0.942730,0.326792,0.477198,0.423778,0.659637,-1.638727,0.818037,0.495856,-0.616402,-1.899504,0.557974,-1.165641,-0.447423,0.626296,0.371265,0.517881,-1.694144,0.607942,0.347947,299.554744,1.343433,-1.805747,0.553158,0.393988,1.708127,-0.808946,-0.262553,0.298119,0.386296,0.573157,0.152462,1.585750,1.136678,-0.319936,0.867433
-0.154355,0.539552,2.249651,0.031377,0.347002,0.203234,-1.293119,0.418463,0.758680,0.024112,0.204578,0.266157,0.509499,-0.155819,0.162704,0.092388,0.039320,-0.029894,-1.357582,0.563824,-0.112303,0.113270,-1.473712,-0.123139,-0.285855,-0.120770,0.699328,0.191423,-0.592412,-0.710625,0.298936,0.413761,852.960897,1.351525,-1.248138,0.059240,0.070970,1.541538,-0.258471,0.249972,0.212942,0.016123,0.193253,0.409583,0.484581,0.490696,0.456643,0.083453
-1.097446,0.623166,1.750772,0.328250,0.462327,0.308641,-0.996335,0.836811,0.035495,0.117701,0.276153,0.170266,0.729862,0.746106,0.291339,0.185062,0.213373,0.052648,-0.588130,0.806112,-0.080456,0.363715,-1.748890,0.165874,-1.594193,-0.172571,0.699328,0.174568,-0.966533,-1.186098,0.430004,0.395100,827.080550,0.469186,-1.550719,0.149789,0.183481,1.521460,-1.020099,-1.131988,0.583055,0.205871,0.516014,0.306509,1.618165,0.976859,-0.962572,0.424396
-1.097446,0.702779,0.791605,0.395415,0.564017,0.264752,-1.637734,0.704562,0.765229,0.217349,0.355249,0.224182,0.729862,0.746106,0.331246,0.284376,0.284655,0.437598,-2.049152,0.904720,1.020782,-0.178273,-1.711137,0.776279,-1.594193,-0.172571,0.844521,0.267046,-0.966533,-1.186098,0.486152,0.753094,371.812798,1.755699,-1.447008,0.597686,0.284954,1.793733,-1.020099,-1.355010,0.665985,0.250076,0.501158,0.663000,1.618165,0.797882,-0.997341,0.753937
-0.676957,0.485645,0.580940,0.484580,0.509604,0.397473,-1.460218,0.366348,0.750780,0.473908,0.377126,0.469917,1.011644,1.171633,0.382263,0.737932,0.436441,0.732146,-1.639406,0.925991,1.020782,-0.601689,-1.688306,0.776279,-1.429339,-1.664280,0.683835,0.532019,0.289445,-1.349622,2.198776,0.315433,229.330780,1.454731,-1.521085,0.533503,0.472890,1.467005,-0.736294,-0.303452,0.264832,0.358138,0.463489,0.132297,2.512286,1.187922,-0.858730,1.358879
-0.405402,0.609198,2.053224,0.076069,0.336638,0.239992,-1.217642,0.403230,0.480239,0.020137,0.111903,0.246578,0.543425,-0.139209,0.252115,0.136818,0.061286,0.268493,-1.234801,0.677379,-0.060012,-0.458531,-1.472194,-0.052381,-0.239746,-0.613786,0.755474,0.330233,-0.616014,-0.983226,0.325940,0.402452,761.332260,1.056319,-1.245662,0.070039,0.100999,1.609592,-0.258561,0.279048,0.228062,0.013738,0.281202,0.336841,0.584219,0.452204,0.306912,0.117773
-0.933097,0.670777,1.779916,0.295343,0.451969,0.274286,-1.432305,0.695897,0.149253,0.124370,0.263752,0.201617,0.705744,1.069036,0.315790,0.235807,0.219480,0.175863,-1.461497,0.982185,-0.035603,0.163855,-1.594120,0.208416,-1.478854,-0.162925,0.698277,0.274263,-0.829743,-1.227333,0.455413,0.447456,823.764869,1.399178,-1.357944,0.182596,0.220602,1.618278,-0.925967,-1.073211,0.618697,0.244968,0.462773,0.267904,1.270472,0.780146,-0.937640,0.579296
-0.933097,0.660194,0.689347,0.372925,0.558385,0.302840,-1.505544,0.542528,0.735356,0.219220,0.374300,0.336579,0.705744,1.069036,0.343039,0.296972,0.328102,0.510819,-1.621723,1.013750,0.923008,-0.358060,-1.627118,0.926586,-1.478854,-0.162925,0.817541,0.297213,-0.829743,-1.227333,0.470412,0.601314,363.230925,1.454988,-1.363927,0.599907,0.380367,1.574427,-0.935768,-1.178387,0.719146,0.325541,0.386895,0.563325,1.270472,0.763048,-0.937640,0.837441
-0.686719,0.732060,0.381871,0.412454,0.485808,0.455486,-1.486199,0.287260,0.695847,0.313137,0.321238,0.363690,0.784230,0.779101,0.333157,0.553823,0.347381,0.649129,-1.799503,1.018376,0.894590,-0.885983,-1.881857,0.926586,-0.891594,-0.320342,0.657121,0.370519,0.312142,-1.053241,1.500318,0.255237,170.553986,1.519055,-1.270271,0.473161,0.400705,1.186793,-0.800215,0.332287,0.239681,0.313791,0.664753,0.081147,1.412110,0.912622,-0.834025,0.838749
-0.482270,0.709730,2.053233,0.056366,0.348626,0.331616,-1.169338,0.440825,0.556090,0.025484,0.130679,0.180532,0.456721,-0.139154,0.156898,0.147383,0.049427,0.271843,-1.216138,0.608237,-0.065678,-0.061729,-1.260489,-0.059583,-0.231238,-0.320342,0.657121,0.267961,-0.508842,-0.951164,0.285468,0.388439,742.799152,1.206645,-1.188515,0.047723,0.056548,1.482541,-0.271128,0.468506,0.154648,0.010252,0.199904,0.327244,0.384169,0.368327,0.414654,0.059838
-0.693138,0.691633,1.670437,0.309771,0.454300,0.334914,-1.325902,0.655963,0.112633,0.110273,0.262119,0.145901,0.706311,0.678333,0.313336,0.170437,0.154777,-0.125513,-1.344293,0.943330,-0.125081,0.057937,-1.682094,0.242046,-1.302845,-0.156910,0.636523,0.303831,-0.709083,-1.208105,0.431416,0.479696,773.363653,1.001265,-1.338323,0.169273,0.201254,1.362149,-0.789093,-1.139322,0.669286,0.190315,0.451410,0.233167,0.898118,0.708262,-0.856202,0.598159
-0.693138,0.675625,0.603735,0.371389,0.494868,0.334116,-1.546736,0.474805,0.783037,0.150140,0.339967,0.360721,0.706311,0.678333,0.265203,0.243373,0.229870,0.618206,-1.792634,0.943330,0.647350,-0.053547,-1.499257,0.661021,-1.302845,-0.134044,0.737650,0.302539,-0.709083,-1.208105,0.431416,0.545554,339.819564,1.504516,-1.512628,0.521565,0.247737,1.458381,-0.851610,-1.209931,0.653159,0.230324,0.297011,0.527353,0.898118,0.490490,-0.856202,0.598159
-0.761709,0.646937,0.647705,0.324688,0.445088,0.546588,-1.478693,0.329344,0.762558,0.437559,0.344392,0.357052,0.782267,1.069796,0.330791,0.616911,0.418529,0.618206,-1.670586,0.876480,0.647350,-1.450150,-1.599547,0.504144,-0.779132,-1.325659,0.661519,0.492168,0.370103,-1.008212,2.257556,0.251608,244.881172,1.529310,-1.430486,0.408143,0.421238,1.331118,-0.699402,0.254496,0.218876,0.302860,0.398332,0.096639,1.792876,1.266346,-0.731789,1.152852
-0.284047,0.577453,1.693914,0.069493,0.351146,0.338821,-1.128141,0.432838,0.535472,0.027017,0.177606,0.207693,0.479468,-0.141857,0.201730,0.126985,0.034431,0.235053,-1.068885,0.652241,-0.093527,-0.184118,-1.303211,-0.159144,-0.248770,-0.406314,0.661519,0.284623,-0.561626,-0.821611,0.298463,0.379240,632.572077,1.140323,-1.051480,0.045824,0.062521,1.332956,-0.261582,0.381642,0.123045,0.015473,0.182088,0.339579,0.458193,0.455921,0.287719,0.058328
-0.175261,0.607061,1.230964,0.310328,0.420317,0.267126,-1.599944,0.519600,0.404902,0.130122,0.282448,0.212080,0.672705,0.919572,0.245898,0.186384,0.245181,0.032504,-1.883427,1.082107,1.156166,0.219353,-1.504087,0.417450,-1.658687,-0.133006,0.540129,0.202458,-0.942151,-1.042153,0.448609,0.564041,606.303939,1.576300,-1.104588,0.363057,0.197590,1.505584,-0.775253,-0.957078,0.643625,0.190444,0.560058,0.411308,0.922601,0.841042,-0.540447,0.225866
0.228259,0.769875,1.970130,0.252354,0.200323,0.369189,-1.098894,0.130027,0.387324,0.353253,0.335608,0.101268,0.699470,0.280961,0.123748,0.300303,0.430157,0.147752,-1.072467,1.116562,0.182337,-0.386116,-1.173957,0.240327,-0.700672,-0.292180,0.484082,0.493941,-0.297007,-1.559973,0.939887,0.201555,999.233136,1.137948,-1.089904,0.138345,0.217699,1.600331,-0.392083,0.173758,0.195195,0.150338,0.417660,0.189206,1.781319,0.345604,-0.611932,1.202267
0.419577,0.895116,0.493014,0.022001,0.211185,0.079890,-0.839162,0.133495,-0.179960,0.013707,0.029678,0.051724,0.235491,-0.197925,0.034620,0.031051,0.014928,0.000787,-0.832550,0.529368,-0.034945,0.224722,-1.253885,-0.061068,-0.113960,0.210386,0.305267,0.040769,-0.293963,-0.337022,0.277576,0.110037,201.638508,0.857974,-1.578821,0.014890,0.029694,1.244617,-0.243197,0.820950,0.027222,0.002902,0.100789,0.030457,0.358172,0.382974,0.164307,-0.060555
1.025724,0.846682,1.775253,0.028230,0.264490,0.179318,-1.124357,0.129220,-0.295241,0.024894,0.052511,0.177257,0.369907,-0.192163,0.079127,0.081534,0.032489,0.128976,-1.186844,0.599701,-0.076188,0.582350,-1.340128,0.034481,-0.233491,0.204491,0.389448,0.059837,-0.643457,-0.146248,0.282934,0.090054,706.507445,1.214751,-1.089981,0.049226,0.025909,1.447376,-0.226724,0.758378,0.032965,0.007648,0.291973,0.108619,0.649037,0.736131,0.252896,-0.076343
-0.785117,0.703961,0.490847,0.202165,0.280245,0.328563,-1.271507,0.243268,0.442379,0.173575,0.251284,0.253250,0.478262,0.564252,0.215284,0.282041,0.223671,0.420145,-1.394537,0.671067,0.313749,0.038844,-1.528614,0.174263,-0.584507,-0.181777,0.688129,0.218422,0.201193,-0.909821,0.776236,0.274162,267.885759,1.298899,-1.245089,0.121315,0.212138,1.329801,-0.403114,0.591174,0.082223,0.176213,0.626397,0.075932,1.212352,0.577494,-0.331909,0.518244
0.140572,0.626892,0.456649,0.013521,0.200409,0.303888,-0.822693,0.145324,0.211962,0.026208,0.029913,0.118963,0.275126,-0.184716,0.145851,0.068310,0.013774,-0.026036,-0.940524,0.538078,-0.068022,0.200904,-1.228621,-0.167125,-0.138047,0.170837,0.396791,0.168982,-0.028383,-0.812559,0.272858,0.089476,215.662496,0.910046,-1.031674,0.049892,0.106575,1.214654,-0.247045,0.488371,0.078102,0.007835,0.241286,0.073004,0.342001,0.225271,0.119251,0.132988
0.398348,0.836978,0.436142,0.011598,0.173239,0.126310,-0.965464,0.047741,-0.034872,0.007943,0.024372,0.093770,0.195754,-0.197186,0.029662,0.028281,0.010948,-0.082117,-1.196075,0.521503,-0.064897,0.381735,-1.409348,-0.166342,-0.103986,0.199001,0.340605,0.046325,-0.280626,-0.775758,0.275902,0.087954,200.268554,1.029627,-1.004479,0.017613,0.036705,1.243354,-0.248029,0.720776,0.044716,0.001781,0.135586,0.056690,0.354299,0.332132,0.189031,0.027033
0.474964,0.658493,0.777278,0.073140,0.285521,0.188875,-1.181104,0.121248,0.548995,0.044733,0.150294,0.097492,0.482572,0.153900,0.059307,0.065468,0.084390,-0.165327,-1.360076,0.608606,-0.070540,-0.102824,-1.608092,0.004035,-0.504942,0.034207,0.451015,0.124683,-0.404084,-0.775758,0.401901,0.250002,355.408528,1.226357,-1.764590,0.119175,0.102681,1.666051,-0.433968,-0.646211,0.561717,0.083064,0.271973,0.295989,0.901305,0.598012,-0.521463,0.195447
0.556363,0.378691,0.421089,0.106694,0.222920,0.162540,-1.170195,0.092906,1.100033,0.047353,0.143468,0.287635,0.482572,0.153900,0.108401,0.065256,0.098995,0.370393,-1.214808,0.624769,0.323052,-0.102824,-1.650579,0.214137,-0.504942,0.061923,0.534079,0.092696,-0.176678,-0.732943,0.401901,0.276429,238.656678,1.023432,-1.608779,0.258154,0.103502,0.884104,-0.484389,-0.655628,0.284450,0.094111,0.264118,0.346734,0.901305,0.614771,-0.521463,0.376098
-0.430927,0.168079,0.744810,0.299161,0.320561,0.269762,-1.576121,0.350869,1.130660,0.324845,0.358715,0.206940,0.770732,0.885297,0.390483,0.373831,0.296797,0.650762,-1.618563,0.908614,0.256587,-1.153716,-1.784900,0.214137,-0.651308,-1.081708,0.653042,0.465769,0.837491,-0.554389,1.684234,0.176720,289.161273,1.229200,-1.470077,0.267940,0.368656,1.595185,-0.465768,-0.150111,0.112462,0.247425,0.727608,0.096200,1.599033,0.847449,-0.520979,1.373018
-0.029375,0.481965,2.210893,0.042644,0.290014,0.212716,-1.038824,0.285515,0.934260,0.013232,0.165190,0.279393,0.472498,-0.170466,0.138534,0.077239,0.029708,0.593850,-0.944511,0.601756,-0.076653,0.107601,-1.304789,-0.100313,-0.155787,-0.435710,0.653042,0.179996,-0.592123,-0.981722,0.299728,0.379034,792.228213,0.937495,-1.076721,0.046371,0.061113,1.464175,-0.257304,0.097562,0.306985,0.013711,0.205640,0.491632,0.372277,0.435399,0.473699,0.139567
-0.977477,0.699651,1.925249,0.176931,0.434134,0.313158,-1.507228,0.717931,0.207695,0.121680,0.218172,0.209814,0.768654,0.641071,0.316302,0.247411,0.192196,0.011455,-1.600846,0.955514,-0.084951,-0.075577,-1.515838,0.150594,-1.440894,-0.169353,0.631870,0.312160,-0.943006,-1.318504,0.404601,0.427563,864.668800,1.517103,-1.263540,0.198911,0.227607,1.703490,-0.844037,-1.012053,0.620478,0.193041,0.454338,0.324140,1.055086,0.886647,-0.853586,0.716298
-0.977477,0.651989,0.665592,0.364390,0.553574,0.354809,-1.447383,0.572852,0.746316,0.204099,0.379616,0.295245,0.768654,0.641071,0.362616,0.319222,0.284578,0.511988,-1.472180,0.955514,0.976550,-0.752633,-1.360200,0.970031,-1.440894,-0.169353,0.859804,0.355149,-0.943006,-1.318504,0.432426,0.630541,369.320225,1.282192,-1.505421,0.597096,0.335397,1.552859,-0.926230,-1.153946,0.679970,0.251122,0.420687,0.628038,1.055086,0.715402,-0.853586,0.716298
-0.722731,0.560487,0.583503,0.488056,0.519145,0.456125,-1.515006,0.304936,0.746316,0.322462,0.427199,0.479014,0.890271,1.055246,0.337585,0.599375,0.371311,0.863455,-1.617254,0.874381,0.840650,-1.002732,-1.784249,0.970031,-1.306524,-0.785865,0.675884,0.277509,0.442844,-1.403420,1.524127,0.244662,237.474920,1.349274,-1.415061,0.519105,0.396984,1.457325,-0.808618,-0.017344,0.296099,0.377014,0.586152,0.066922,1.439541,1.131156,-1.175007,0.992619
-0.327704,0.581784,2.451453,0.057990,0.340389,0.384132,-1.281516,0.399845,0.664048,0.016691,0.167211,0.255408,0.542091,-0.158625,0.243732,0.158926,0.067276,0.229380,-1.262468,0.629113,-0.068358,0.253925,-1.365153,-0.109239,-0.275492,-0.478264,0.726757,0.182345,-0.690285,-1.044750,0.287991,0.400112,894.121595,1.199240,-1.161502,0.076456,0.084359,1.614596,-0.265136,0.255321,0.251921,0.013449,0.231956,0.427599,0.539462,0.394438,0.311535,0.073778
-1.038499,0.661903,2.017133,0.296458,0.448363,0.431639,-1.203412,0.764116,0.044800,0.138404,0.219076,0.265597,0.721042,0.759301,0.392517,0.208009,0.158253,0.276737,-1.007891,0.887639,-0.129616,-0.049342,-1.720177,0.174127,-1.186981,-0.173204,0.697834,0.265713,-0.967238,-1.290024,0.448953,0.407589,922.086098,0.889903,-1.426698,0.172160,0.189593,1.593765,-0.761216,-1.026474,0.582264,0.201462,0.595487,0.300662,0.994754,0.904761,-1.320152,0.524314
-1.038499,0.632894,0.796098,0.387716,0.562349,0.408935,-1.484556,0.603349,0.802845,0.222038,0.368006,0.306148,0.721042,0.759301,0.410718,0.277923,0.243651,0.556600,-1.710562,0.900773,0.998636,-0.602179,-1.616814,0.605962,-1.186981,-0.173204,0.842425,0.264755,-0.967238,-1.290024,0.448953,0.633275,418.067949,1.409580,-1.448043,0.603187,0.316602,1.602066,-0.964005,-1.175115,0.646031,0.254233,0.566831,0.663457,0.994754,0.786822,-1.320152,0.639417
-0.685698,0.504337,0.531949,0.364898,0.518729,0.419039,-1.532759,0.302318,0.802602,0.312565,0.370398,0.468387,0.874703,1.134364,0.321064,0.515941,0.447065,0.963361,-1.675570,0.796306,0.998636,-0.602179,-1.791002,0.561424,-0.980248,-0.749734,0.608991,0.298875,0.502988,-1.045813,1.657179,0.210729,210.752932,1.419847,-1.315351,0.538510,0.381838,1.337453,-0.786505,-0.202353,0.282421,0.388658,0.697489,0.081158,2.123299,1.010495,-0.703434,0.898336
-0.389354,0.456458,2.696521,0.104671,0.353909,0.336107,-1.614971,0.462516,0.602767,0.028830,0.179581,0.348552,0.571745,-0.131645,0.178541,0.121365,0.067640,0.523728,-1.539928,0.622379,-0.072339,-0.142491,-1.527605,-0.105126,-0.397294,-0.357437,0.704893,0.228749,-0.628618,-0.894967,0.284129,0.321485,945.168948,1.299421,-1.086434,0.060296,0.102877,1.786520,-0.285890,0.238906,0.189239,0.014030,0.438627,0.393805,0.705180,0.557636,0.323023,0.067657
-0.927090,0.587138,2.355815,0.317546,0.456005,0.384922,-1.508502,0.752698,0.203731,0.132495,0.283987,0.236152,0.792880,0.844449,0.401361,0.257903,0.227429,0.223946,-1.717554,0.921529,-0.072339,-0.231112,-1.702241,0.307574,-1.483033,-0.209428,0.704893,0.280796,-1.049898,-1.141736,0.512751,0.385480,1025.750386,1.535684,-1.463739,0.169842,0.216023,1.787275,-0.845962,-1.017083,0.529701,0.212054,0.536955,0.361773,1.507899,0.850847,-0.881440,0.642282
-0.927090,0.650663,0.631954,0.494120,0.586476,0.385061,-1.508285,0.585263,0.769855,0.227479,0.402554,0.297308,0.792880,0.844449,0.436042,0.331727,0.299937,0.400352,-1.762789,0.921529,1.025519,-0.450187,-1.615908,0.988428,-1.483033,-0.209428,0.849486,0.319316,-1.049898,-1.141736,0.519974,0.630470,338.846561,1.531641,-1.608432,0.632206,0.364286,1.496635,-0.994095,-1.214713,0.683382,0.246761,0.498065,0.700949,1.507899,0.850847,-1.021423,0.697657
-0.621288,0.595239,0.630800,0.580646,0.537571,0.455559,-1.604316,0.308437,0.855236,0.357283,0.428157,0.491171,0.875482,1.084094,0.422689,0.417233,0.362883,0.954662,-1.945535,1.107241,1.025519,-2.047898,-1.874400,0.988428,-1.016863,-0.636042,0.796199,0.479753,0.608038,-1.134492,1.516893,0.296813,255.623758,1.638207,-1.420236,0.568695,0.418321,0.521329,-0.849461,-0.254592,0.295261,0.353950,0.550860,0.064293,1.141625,1.320896,-1.021423,0.697657
-0.490292,0.640850,1.739181,0.200285,0.375243,0.351519,-1.252859,0.483126,0.774587,0.047780,0.188915,0.285003,0.590162,0.073386,0.341207,0.192345,0.089610,0.194811,-1.376324,0.742416,-0.079045,0.152726,-1.546310,-0.074219,-0.483744,-0.636042,1.663788,0.207014,-0.650302,-0.931651,0.324423,0.442546,686.690829,1.352071,-1.228525,0.076757,0.111107,1.512780,-0.300401,0.341795,0.212419,0.038245,0.247663,0.473680,0.498460,0.481979,0.059920,0.087210
-1.118823,0.675804,1.531900,0.370360,0.485409,0.343670,-1.452250,0.757968,0.135697,0.128467,0.314366,0.237067,0.787081,1.012600,0.351054,0.188095,0.173471,-0.001331,-1.498390,0.886781,-0.093575,0.014949,-1.463265,0.362205,-1.481913,-0.174925,1.663788,0.338581,-0.938055,-1.001978,0.471120,0.459393,752.792894,1.366317,-1.499542,0.177000,0.222843,1.531099,-0.859888,-1.030921,0.598031,0.228128,0.564269,0.314612,1.409938,0.990260,-0.943685,0.662084
-1.118823,0.666444,0.866376,0.520306,0.594699,0.286951,-1.574477,0.630427,0.791810,0.219545,0.379613,0.260956,0.787081,1.012600,0.338731,0.313367,0.319100,0.473985,-1.796630,0.921823,0.679407,-0.272906,-1.587624,0.921743,-1.481913,-0.174925,0.816641,0.364916,-0.938055,-1.035330,0.471120,0.736281,444.463116,1.509511,-1.517969,0.639573,0.357911,1.579989,-0.958610,-1.204095,0.695171,0.283339,0.590420,0.656313,1.409938,0.939855,-0.943685,0.707373
-0.773935,0.570649,0.598808,0.555044,0.536059,0.423850,-1.696087,0.340485,0.791090,0.308356,0.473395,0.534467,0.858862,0.992929,0.358007,0.541418,0.357716,0.937029,-1.979240,0.855728,0.679407,-0.963133,-1.806614,0.875988,-1.088720,-0.798008,0.720336,0.319120,0.452219,-1.219016,1.359795,0.272683,239.250907,1.605965,-1.449874,0.563352,0.436104,1.532533,-0.786400,-0.206337,0.309221,0.371028,0.702385,0.085188,1.188069,1.250928,-0.689138,0.799615
-0.329879,0.531820,1.801246,0.049349,0.351048,0.297031,-1.189759,0.432816,0.577288,0.021285,0.222957,0.230249,0.625104,-0.170734,0.199327,0.117238,0.042605,-0.033442,-1.132383,0.629195,-0.096433,0.200027,-1.413538,-0.118201,-0.221971,-0.423571,0.660418,0.178131,-0.505652,-0.964887,0.287070,0.468080,633.368948,1.092542,-1.274388,0.076709,0.109121,1.574007,-0.267978,0.295130,0.202897,0.012934,0.220600,0.365071,0.381130,0.475599,0.342343,0.062698
-0.744384,0.626942,1.546782,0.410260,0.445133,0.342957,-1.505350,0.709679,0.222882,0.145538,0.303790,0.193909,0.761463,1.008538,0.328145,0.183422,0.198756,0.092115,-1.489556,0.958270,-0.076823,0.503462,-1.491638,0.659328,-1.515434,-0.288680,0.655316,0.286058,-0.756180,-1.016106,0.469336,0.447815,691.030955,1.329254,-1.526632,0.199239,0.240651,1.580687,-0.782962,-1.098461,0.617249,0.222480,0.406092,0.276110,1.222012,0.777015,-0.945599,0.436291
-0.744384,0.642983,0.811444,0.500521,0.524724,0.296071,-1.517697,0.547600,0.705874,0.245356,0.323786,0.368431,0.761463,1.008538,0.353758,0.294832,0.363007,0.818220,-1.640377,0.958270,0.509270,0.139522,-1.484527,0.921982,-1.515434,-0.288680,0.756213,0.391585,-0.756180,-1.080166,0.469336,0.638152,434.609032,1.388354,-1.404096,0.577962,0.365469,1.743788,-0.993035,-1.168562,0.658453,0.300646,0.439184,0.524613,1.222012,0.550857,-0.945599,0.649773
-0.535900,0.440499,0.583732,0.448782,0.433722,0.289102,-1.427815,0.289022,0.639289,0.230545,0.417735,0.509735,0.699787,1.240087,0.392292,0.405764,0.292991,0.830350,-1.588562,0.864850,0.175959,-0.804986,-1.616257,0.825162,-0.647549,-0.445052,0.760707,0.460009,0.310869,-1.838409,0.608734,0.264531,220.247912,1.404147,-1.408181,0.387357,0.351348,1.739372,-0.685500,0.199289,0.221811,0.378600,0.515047,0.063844,1.209340,1.104766,-0.875310,1.040894
0.211054,0.483454,1.573176,0.034037,0.322142,0.223157,-1.327874,0.361035,0.483425,0.028721,0.168353,0.272423,0.399055,-0.170650,0.153805,0.092262,0.031593,0.249941,-1.331997,0.591091,-0.089087,0.051558,-1.582438,-0.084913,-0.279835,0.172539,0.608683,0.186835,-0.449982,-0.786698,0.292649,0.470168,576.415001,1.179222,-1.090751,0.040910,0.064783,1.656837,-0.255508,0.199289,0.173432,0.011440,0.301607,0.300140,0.492350,0.470464,0.499080,0.090418
-0.109542,0.552514,1.276883,0.417382,0.421223,0.354300,-1.467638,0.562075,-0.013670,0.125971,0.444833,0.234880,0.723335,1.125046,0.288711,0.213890,0.291675,-0.158290,-1.706765,0.916620,0.214820,0.540895,-1.804379,0.661638,-2.445038,-0.205312,0.597898,0.253120,-0.733036,-0.983777,0.415454,0.379324,594.801410,1.460872,-1.653411,0.152110,0.189003,1.654537,-0.522850,-0.914997,0.535339,0.190125,0.472726,0.229857,1.189301,0.899355,-0.692380,0.315424
-0.109542,0.563754,0.411352,0.290333,0.420393,0.194484,-1.393272,0.342311,0.633218,0.135081,0.440061,0.529458,0.723335,1.125046,0.218366,0.364504,0.448966,0.769560,-1.586580,0.916620,0.657312,0.625458,-1.784173,1.130924,-2.445038,-0.157400,0.764324,0.267059,-0.704907,-0.983777,0.415454,0.523833,225.559249,1.425708,-1.661497,0.433591,0.249655,1.270308,-0.782075,-0.970693,0.543726,0.213999,0.437958,0.462100,1.189301,0.595114,-0.692380,0.463061
-0.251303,0.465913,0.493864,0.484317,0.379851,0.557941,-1.441566,0.295521,0.717578,0.370976,0.431892,0.511433,0.653272,0.912338,0.297533,0.876867,0.323831,1.096399,-1.527881,1.241823,0.075657,-1.138847,-1.745024,0.597113,-2.121009,-1.341487,0.547908,0.586202,0.335669,-1.312569,1.659137,0.262539,206.375986,1.357091,-1.860502,0.266871,0.368582,1.215047,-0.630327,0.203943,0.195057,0.249672,0.503472,0.096112,1.711908,1.276255,-0.683823,1.052898
0.403641,0.529815,1.522463,0.059795,0.311927,0.438930,-1.420794,0.320315,0.473908,0.033965,0.155535,0.246023,0.409764,-0.037878,0.196281,0.167618,0.061388,0.190266,-1.511094,0.631607,-0.055875,0.543109,-1.614895,-0.042969,-0.416361,0.148607,0.617464,0.138630,-0.764372,-0.856495,0.385540,0.439469,559.524613,1.379727,-1.296017,0.049439,0.076655,1.415479,-0.279694,0.203943,0.176741,0.017722,0.214499,0.373880,0.787928,0.712897,0.573666,0.086209
-1.061534,0.581686,1.371842,0.411659,0.449552,0.515517,-1.564911,0.919947,-0.269862,0.121849,0.299189,0.528399,0.737090,0.711652,0.336925,0.219075,0.248192,0.047558,-1.647481,0.922578,-0.095953,0.247802,-1.388817,0.076799,-1.586926,-0.156307,0.590097,0.262467,-1.273279,-1.129346,0.390076,0.351059,665.059875,1.434205,-1.692033,0.118901,0.183282,1.513175,-0.959105,-0.951307,0.508781,0.177005,0.362637,0.297019,1.767115,0.933434,-0.783697,0.324189
-1.061534,0.653221,0.455905,0.424080,0.509955,0.226380,-1.633478,0.682515,0.733805,0.138053,0.400884,0.758535,0.737090,0.711652,0.406771,0.289215,0.295101,0.401018,-1.924128,0.926161,0.690814,0.247802,-1.565142,0.888093,-1.586926,-0.109952,0.762348,0.277026,-1.273279,-1.129346,0.443441,0.639380,259.341385,1.627533,-1.808246,0.542557,0.200064,1.208322,-0.959105,-1.204923,0.575297,0.224183,0.372394,0.741170,1.767115,0.354984,-0.799118,0.342562
-0.663283,0.570122,0.575338,0.567732,0.509579,0.421273,-1.473988,0.400579,0.809375,0.266887,0.458009,0.537169,0.772628,1.057214,0.336879,0.586641,0.403324,0.937143,-1.878581,0.818747,0.570433,-0.900269,-1.718561,0.822342,-1.130707,-0.654488,0.504081,0.287109,0.520851,-0.887529,1.277650,0.269568,223.095500,1.651904,-1.749457,0.521469,0.382813,1.295450,-0.736140,-0.146422,0.296001,0.392616,0.548244,0.072157,1.751934,0.971490,-0.641844,0.818037
-0.272338,0.624877,1.734605,0.047039,0.346550,0.380383,-1.154945,0.413420,0.678647,0.027825,0.230231,0.164235,0.522692,-0.114538,0.275245,0.178203,0.044375,-0.101487,-1.169291,0.559210,-0.025627,0.262953,-1.461934,-0.098382,-0.284401,-0.194135,0.774689,0.192308,-0.672763,-0.838067,0.299231,0.426730,602.073781,1.188608,-1.087969,0.068726,0.082160,1.651785,-0.255545,0.281144,0.212225,0.012992,0.402257,0.420557,0.649765,0.666055,0.374903,0.049029
-1.344781,0.662997,1.460902,0.359906,0.471865,0.496927,-0.943835,0.886315,0.030912,0.102796,0.275764,0.195429,0.757746,0.685532,0.309789,0.235943,0.213257,0.030484,-0.575928,0.806386,-0.096318,0.072898,-1.503679,-0.004900,-1.773089,-0.242032,0.711293,0.319566,-1.077115,-1.388781,0.288188,0.451049,635.305519,0.547396,-1.613831,0.150646,0.235068,1.657290,-1.015419,-1.050487,0.579513,0.205664,0.412057,0.328641,1.572587,0.947557,-1.078864,0.591319
-1.344781,0.715851,0.744271,0.375732,0.589194,0.475888,-1.451517,0.756553,1.049413,0.225373,0.348598,0.393074,0.757746,0.685532,0.393569,0.286707,0.264776,0.589234,-1.762441,0.918491,0.784996,-0.070862,-1.589784,0.734104,-1.773089,-0.242032,0.984935,0.395793,-1.077115,-1.388781,0.448781,0.838661,403.117798,1.543505,-1.739128,0.624486,0.312261,1.588211,-1.132964,-1.390121,0.671210,0.238947,0.413181,0.795768,1.572587,0.922566,-1.099506,0.702719
-0.946623,0.420985,0.636826,0.498267,0.533740,0.498381,-1.358013,0.405332,1.049413,0.499049,0.519566,0.507452,1.046982,1.331903,0.372222,0.683966,0.500833,1.151607,-1.498801,0.992762,0.784996,-1.418373,-1.689995,0.734104,-1.081044,-1.706763,0.559988,0.493690,0.335327,-1.534771,2.523357,0.304367,259.394864,1.295750,-1.581447,0.578311,0.534866,1.592192,-0.811996,-0.651687,0.323593,0.382249,0.362580,0.230185,2.441600,1.164202,-1.028854,1.454813
-0.443958,0.536330,2.183402,0.102761,0.341757,0.424013,-1.254558,0.387660,0.474716,0.027986,0.191649,0.234057,0.580148,-0.119334,0.245517,0.145038,0.105004,0.067585,-1.262004,0.659508,-0.057248,-0.077781,-1.539134,-0.029504,-0.343287,-0.564036,0.795441,0.223592,-0.573762,-0.781703,0.323163,0.441250,768.559667,1.232477,-1.098257,0.084730,0.148813,1.614041,-0.278004,0.219834,0.243578,0.017957,0.379446,0.353731,1.073702,0.504500,0.302215,0.148895
-1.169889,0.648917,1.845834,0.290346,0.449655,0.298466,-1.487379,0.742684,0.021834,0.146967,0.250173,0.187159,0.766184,1.243305,0.323760,0.285850,0.240827,0.114782,-1.649501,0.920874,0.247763,-0.125995,-1.599277,0.124598,-1.671795,-0.234962,0.795441,0.370179,-0.825768,-1.219808,0.430180,0.445373,830.220619,1.501558,-1.257870,0.200585,0.233765,1.642956,-1.087532,-1.110208,0.615338,0.268192,0.628020,0.245239,1.236820,0.840437,-0.874802,0.605006
-1.169889,0.642235,0.827669,0.350419,0.556292,0.350414,-1.644752,0.616581,0.691917,0.230914,0.384273,0.275632,0.766184,1.243305,0.349548,0.336483,0.355701,0.338991,-1.947309,0.954929,1.063355,-0.358039,-1.698992,0.907709,-1.671795,-0.234962,0.857356,0.397997,-0.825768,-1.219808,0.435167,0.625691,453.773149,1.655506,-1.435919,0.597824,0.357155,1.707597,-1.087532,-1.156779,0.688893,0.345104,0.559303,0.570452,1.236820,0.840437,-0.874802,0.708474
-0.574132,0.635101,0.696601,0.416170,0.501321,0.413820,-1.450309,0.259136,0.691917,0.270018,0.310044,0.357654,0.821747,1.023555,0.341303,0.396522,0.316891,0.981405,-1.678076,0.872773,0.705559,-0.729609,-1.801089,0.907709,-0.886628,-0.421190,0.742326,0.340997,0.176012,-1.283815,1.141488,0.232354,282.261227,1.356506,-1.284538,0.503362,0.383127,1.633507,-0.754072,0.071037,0.269468,0.355358,0.546135,0.117416,1.278829,1.046012,-0.489367,0.723642
-0.304080,0.659392,2.427761,0.061710,0.344448,0.313858,-1.164630,0.403278,0.483634,0.020180,0.165467,0.197046,0.494607,-0.144264,0.192662,0.126550,0.054853,0.345914,-1.267104,0.594683,-0.071921,-0.162424,-1.412663,-0.125141,-0.218500,-0.363859,0.702695,0.234396,-0.632722,-1.063221,0.282322,0.381440,870.930839,1.180921,-1.081385,0.058771,0.066344,1.503252,-0.257496,0.391784,0.191000,0.013012,0.334773,0.356590,0.424768,0.394952,0.466621,0.048250
-0.862293,0.685577,1.885736,0.297175,0.446783,0.361870,-1.305016,0.727633,0.015042,0.123055,0.255599,0.185327,0.706594,0.704095,0.344516,0.211167,0.205054,-0.220873,-1.200154,0.985364,-0.109695,0.106029,-1.568692,0.278398,-1.610666,-0.197483,1.243676,0.378157,-0.862615,-1.294316,0.444808,0.468824,840.685275,1.027801,-1.563307,0.179595,0.221288,1.509479,-0.872952,-1.174592,0.658759,0.189295,0.457455,0.243363,1.106279,0.812411,-0.878378,0.580732
-0.862293,0.665982,1.066298,0.421193,0.504433,0.385725,-1.544997,0.491913,0.650665,0.172109,0.381441,0.400288,0.706594,0.704095,0.299629,0.295891,0.298460,0.567330,-1.806409,1.003667,1.157708,-0.141491,-1.553841,0.904595,-1.610666,-0.133220,0.774723,0.379716,-0.858249,-1.294316,0.444808,0.556016,538.485866,1.542511,-1.795915,0.529344,0.282043,1.718388,-0.929488,-1.229059,0.694271,0.253856,0.398885,0.517349,1.106279,0.633161,-0.878378,0.666739
-0.686314,0.695448,0.426140,0.327857,0.441901,0.405178,-1.457071,0.255992,0.651110,0.484338,0.392794,0.341808,0.792060,1.701427,0.269261,0.809927,0.318099,0.884893,-1.694500,0.791098,0.828166,-0.852258,-1.710341,0.655020,-1.627850,-1.179632,0.452980,0.450738,0.363880,-0.966171,2.344809,0.273995,192.647459,1.404429,-1.636988,0.370460,0.456660,1.194930,-0.680288,0.375861,0.246384,0.334502,0.704333,0.082065,1.463993,1.200932,-0.769785,1.217534
-0.155595,0.575577,1.754773,0.035719,0.337605,0.334834,-1.268119,0.406683,0.519683,0.025377,0.199850,0.256562,0.474881,-0.176404,0.177755,0.117969,0.024285,0.313159,-1.272395,0.619985,-0.074705,-0.279708,-1.522074,-0.186231,-0.195884,-0.340555,0.616645,0.288357,-0.480090,-0.780978,0.293986,0.372534,695.639859,1.144600,-1.116511,0.050016,0.069230,1.674713,-0.254813,0.375861,0.124517,0.006891,0.334300,0.298349,0.372743,0.520656,0.207608,0.100475
-0.340882,0.508531,0.409571,0.342933,0.435477,0.325488,-1.431021,0.643747,0.259714,0.129556,0.200258,0.200511,0.569681,0.332355,0.337435,0.143388,0.150843,0.153610,-1.619833,1.046926,0.859086,-0.186660,-1.932083,0.640553,-0.675227,-0.198055,0.522547,0.131694,-0.765488,-1.113746,0.362553,0.445160,232.294623,1.421912,-1.361289,0.464331,0.148444,1.248002,-0.901596,-0.957931,0.496099,0.114833,0.474794,0.390248,0.723643,0.830983,-0.462383,0.083510
0.001781,1.228533,0.501134,0.006896,0.174829,0.104070,-0.859301,0.017649,-0.503034,0.005733,0.018349,0.047559,0.187846,-0.205698,0.024093,0.018785,0.005938,-0.047050,-1.024365,0.512046,-0.093023,0.300511,-1.228577,-0.125854,-0.113583,0.201896,0.322867,0.038343,-0.656404,-0.415078,0.270336,0.064115,284.810244,0.845963,-1.153877,0.006445,0.017780,1.364350,-0.242509,1.148489,0.034777,0.001385,0.183137,0.043690,0.365779,0.472931,0.153809,-0.086198
-0.089869,1.256940,0.479119,0.004262,0.175717,0.028350,-0.837074,0.030960,-0.499903,0.002838,0.007704,0.022252,0.180794,-0.202158,0.012404,0.008534,0.003357,-0.086723,-0.989923,0.515380,-0.098443,0.388550,-1.248028,-0.174346,-0.110476,0.220425,0.298874,0.014864,-0.580687,-0.413524,0.266478,0.029104,225.739486,0.940660,-1.003473,0.001558,0.006058,1.309044,-0.241033,1.224437,0.016697,0.001558,0.079166,0.021815,0.363458,0.417469,0.146801,-0.112634
-0.056827,1.165308,0.375004,0.015569,0.190148,0.192204,-0.852557,0.050395,-0.422474,0.012579,0.027584,0.050231,0.214822,-0.205727,0.108059,0.033869,0.011863,-0.178570,-1.036073,0.520492,-0.097707,0.266962,-1.320913,-0.202906,-0.149186,0.198121,0.477610,0.045871,-0.488609,-0.601325,0.274649,0.057233,193.730837,0.873411,-1.451955,0.015471,0.042215,1.076417,-0.239393,1.117591,0.031885,0.001700,0.251189,0.017921,0.384234,0.514369,0.114698,-0.009759
0.112884,0.741340,0.361516,0.137256,0.241329,0.340393,-1.317222,0.295378,0.479910,0.084612,0.183797,0.206304,0.423895,0.061980,0.185802,0.082385,0.045841,0.311098,-1.420908,0.546108,-0.035651,0.234749,-1.491835,0.155327,-0.537997,0.122745,0.610098,0.162393,-0.398041,-1.271562,0.514454,0.111114,213.437154,1.163071,-1.562696,0.155405,0.120036,1.178017,-0.482774,0.146857,0.354112,0.082822,0.527554,0.290554,0.439595,0.511277,-0.472476,0.216050
-0.460542,0.512248,0.533655,0.248474,0.239144,0.213328,-1.404541,0.441789,0.505592,0.172087,0.390289,0.349412,0.466497,0.352803,0.209158,0.211205,0.147078,0.990948,-1.606267,0.689771,0.114078,0.002719,-1.635660,0.200167,-0.878373,-0.397862,0.474631,0.221310,0.105359,-1.331403,0.707509,0.236342,278.356594,1.394787,-1.562143,0.258142,0.186970,1.367764,-0.515794,0.146857,0.222121,0.192374,0.559909,0.115260,0.937597,0.660569,-0.257301,0.487465
-0.438232,0.680489,0.541323,0.130244,0.273615,0.179329,-0.985407,0.236954,0.200141,0.031457,0.197655,0.253258,0.464586,-0.082396,0.238528,0.109768,0.086460,0.544185,-1.084265,0.595218,-0.101965,0.216725,-1.325206,-0.075070,-0.425619,0.107925,0.881154,0.177293,-0.430153,-0.620309,0.294273,0.248933,237.168117,1.024892,-1.387185,0.075462,0.064724,1.364589,-0.257686,0.496854,0.143589,0.014026,0.628941,0.191348,0.801747,0.348466,0.330163,0.089937
0.379628,0.776520,0.444589,0.036674,0.403121,0.283510,-1.370246,0.405820,-0.276851,0.054260,0.248107,0.335561,0.634832,0.157587,0.359765,0.113116,0.094466,-0.169144,-1.164593,0.653335,-0.077527,0.323277,-1.276016,-0.169748,-0.670726,-0.191960,0.518815,0.241303,-0.726231,-0.632303,0.310260,0.161207,188.930176,1.027003,-1.595851,0.155526,0.121919,1.326582,-0.246009,-0.297395,0.391737,0.048537,0.791345,0.122589,0.841826,0.357710,-0.589186,0.207131
0.017559,1.267956,0.365684,0.003869,0.185999,0.039669,-0.773699,0.018722,-0.446634,0.480763,0.005291,0.030791,0.188952,1.053775,2.006412,2.724998,4.777532,-0.008157,-0.950237,4.225933,-0.102488,0.377271,-1.151265,-0.174862,-0.114154,0.222775,0.294408,1.153834,-0.563424,-0.345435,0.242406,0.036972,219.447649,0.781195,-1.035655,0.001949,0.074598,1.071678,-0.239929,1.239127,0.018329,0.611036,0.067796,0.032235,0.389003,8.322533,0.158280,0.030576
0.020654,1.185102,0.352489,0.001179,0.186772,0.016869,-0.773936,0.032976,-0.551212,0.000681,0.002447,0.021424,0.187824,-0.223433,0.009445,0.001284,0.001906,-0.060136,-0.962848,0.503012,-0.101057,0.389756,-1.137752,-0.175687,-0.109407,0.220269,0.289941,0.004418,-0.602567,-0.367942,0.242976,0.025432,216.438177,0.805407,-0.852799,0.000671,0.001370,0.945598,-0.240010,1.148030,0.011386,0.000619,0.022660,0.013568,0.379696,0.379721,0.158887,0.030065
0.056370,1.165918,0.357645,0.200941,0.187671,0.371635,-0.820513,0.022256,-0.555417,0.049454,0.331280,2.399582,0.192096,-0.190469,1.200269,0.088221,0.040432,5.015301,-1.008916,0.803676,0.227701,-0.427259,-1.086264,0.034469,-0.448497,0.076537,1.845211,0.410711,-0.603470,-1.000966,0.357103,0.021854,168.311654,0.851678,-0.944949,0.001694,0.142474,1.074358,-0.241938,1.151302,0.005899,0.014859,1.660099,0.012165,0.434612,0.512976,-0.151790,0.258411
0.088096,1.193752,0.460076,0.002067,0.185862,0.019570,-0.823306,0.015585,-0.506852,0.007912,0.002240,0.012813,0.186742,-0.199898,0.005230,0.011379,0.011209,-0.091686,-1.001378,0.501956,-0.101658,0.393082,-0.968114,-0.174689,-0.107326,0.220712,0.276919,0.132629,-0.616650,-0.356525,0.269538,0.016991,220.408917,0.920888,-1.118342,0.000548,0.052052,1.072385,-0.240239,1.174978,0.009947,0.009996,0.019034,0.029956,0.373523,0.393073,0.159450,0.029107
0.109589,0.808014,0.480625,0.047455,0.251129,0.089055,-1.604786,0.253053,0.229214,0.050050,0.094051,0.082003,0.435587,-0.031288,0.077070,0.059366,0.097859,0.023212,-1.724299,0.527781,0.070564,0.061982,-1.229905,-0.041696,-0.554169,0.098509,0.459467,0.112376,-0.595355,-0.654037,0.442015,0.121956,257.972296,1.468922,-1.653403,0.098483,0.092652,1.233111,-0.247517,0.055786,0.410025,0.037151,0.174018,0.273721,0.800084,0.576726,-0.367929,0.181517
0.036123,0.374435,0.331155,0.061556,0.154122,0.061514,-1.342908,0.277553,0.556820,0.044880,0.096829,0.224266,0.433767,-0.021978,0.082474,0.054490,0.088702,0.399701,-1.493012,0.619965,0.310207,0.061982,-1.450967,0.153002,-0.468744,0.189073,0.459467,0.075353,-0.113016,-0.637399,0.442015,0.148568,208.723102,1.305795,-1.682140,0.185540,0.098232,0.919272,-0.411883,0.045954,0.288117,0.070677,0.330006,0.184314,0.800084,0.576726,-0.335986,0.250072
-0.739220,0.712611,0.652419,0.196802,0.349562,0.257371,-1.719931,0.278878,0.597273,0.192533,0.258946,0.199795,0.551068,0.222893,0.246885,0.209500,0.216096,0.675617,-1.905947,0.626771,0.011493,-0.459120,-1.646965,0.004634,-0.401412,-0.226489,0.394290,0.234620,0.376918,-0.310552,0.900128,0.156536,240.375995,1.507668,-1.342836,0.140547,0.202508,1.616724,-0.348124,0.517487,0.152536,0.163525,0.655834,0.050727,1.073216,0.650286,0.039822,0.611759
-0.132681,0.765075,2.094924,0.074739,0.300474,0.152352,-1.368168,0.348619,0.433015,0.022390,0.088054,0.301371,0.378197,-0.183194,0.069999,0.049738,0.024612,0.520756,-1.370240,0.533579,-0.031652,0.241813,-1.270638,-0.110067,-0.225583,0.159563,0.487393,0.108058,-0.562484,-0.576262,0.294330,0.283768,673.598245,1.218323,-1.236868,0.020037,0.039342,0.912098,-0.261372,0.578966,0.118622,0.003390,0.175100,0.295317,0.322149,0.503727,0.471096,0.044885
-0.583458,0.709431,2.686715,0.358176,0.431906,0.289975,-1.442536,0.685813,0.083937,0.104260,0.199081,0.320046,0.691121,0.551139,0.313188,0.136278,0.158275,0.427494,-1.468541,0.974857,0.072792,0.067987,-1.544476,0.235419,-1.093247,-0.098059,0.538407,0.250291,-0.752535,-0.883145,0.441309,0.456830,1041.123996,1.347181,-1.530300,0.184946,0.185553,1.727469,-0.690248,-1.006355,0.674194,0.163358,0.548054,0.241537,0.891740,0.590878,-0.671082,0.519008
-0.583458,0.669610,0.579246,0.426391,0.474167,0.271129,-1.470307,0.411904,0.633013,0.159669,0.265196,0.261707,0.691121,0.551139,0.201113,0.219577,0.252934,0.464380,-1.697305,0.974857,0.659436,-0.383166,-1.565826,0.731493,-1.093247,-0.098059,0.727578,0.267237,-0.714638,-0.883145,0.441309,0.410049,313.727563,1.459827,-1.606881,0.492672,0.271109,1.255180,-0.874219,-1.090169,0.714644,0.241415,0.581470,0.429291,0.891740,0.527531,-0.671082,0.789552
-0.529891,0.769472,0.501476,0.269293,0.413176,0.293595,-1.625958,0.264123,0.603987,0.281107,0.273952,0.289077,0.650890,0.658182,0.254644,0.499503,0.320905,0.514534,-1.939131,0.801306,0.521262,-0.440009,-1.623878,0.516443,-1.210329,-0.211390,0.587201,0.537058,0.089836,-1.113086,1.310601,0.257756,199.689417,1.604530,-1.225645,0.305576,0.318219,1.090539,-0.570783,0.477296,0.234191,0.261611,0.602907,0.136136,1.268703,0.895821,-0.640714,0.789552
-0.020412,0.795542,2.709505,0.063666,0.323952,0.156617,-1.538169,0.348045,0.256863,0.024288,0.079770,0.294557,0.442440,-0.176389,0.183871,0.068307,0.029884,0.360411,-1.581327,0.535490,-0.050941,0.401729,-1.412257,-0.148145,-0.196151,0.184723,0.766382,0.103073,-0.871952,-0.751490,0.313067,0.364950,921.415306,1.285425,-1.212111,0.048931,0.046057,1.588744,-0.260330,0.477296,0.160305,0.007758,0.248668,0.327751,0.492033,0.623032,0.530591,0.022575
-0.848165,0.706538,2.317900,0.230723,0.435296,0.384499,-1.482999,0.761480,-0.175030,0.103229,0.173145,0.244794,0.666799,0.400367,0.328889,0.154605,0.176985,-0.015055,-1.693796,0.890328,0.014457,-0.129948,-1.809142,0.028440,-1.032942,-0.099899,0.719748,0.216436,-1.012684,-1.154325,0.384301,0.460088,990.807758,1.507404,-1.311382,0.161253,0.162585,1.632426,-0.862048,-0.994138,0.664745,0.146265,0.405966,0.219671,1.164849,0.830445,-0.656943,0.332921
-0.848165,0.625648,0.626846,0.333911,0.474825,0.242639,-1.499774,0.548378,0.548217,0.139607,0.231038,0.281504,0.666799,0.400367,0.243821,0.229312,0.225997,0.608179,-1.672784,0.890328,0.774170,-0.284906,-1.664878,0.768545,-1.032942,-0.048946,0.719748,0.230581,-0.983138,-1.154325,0.384301,0.506479,336.227268,1.455144,-1.418296,0.481952,0.185077,1.519044,-0.863188,-1.053273,0.637705,0.201477,0.327346,0.527783,1.164849,0.553335,-0.656943,0.543536
-0.548160,0.754849,0.462106,0.322021,0.450583,0.454854,-1.492119,0.270923,0.563265,0.351861,0.302666,0.324433,0.790570,0.619601,0.313119,0.534405,0.335959,0.661855,-1.812062,0.932594,0.774170,-0.701843,-1.555296,0.747282,-1.003804,-0.569828,0.677301,0.433055,0.214560,-0.896621,1.763430,0.305216,197.981892,1.600275,-1.448361,0.396821,0.362009,1.275061,-0.699991,0.449326,0.252462,0.272619,0.631839,0.084037,1.494487,0.992489,-0.323396,0.866215
-0.171654,0.742911,3.232485,0.067655,0.318399,0.225990,-1.418527,0.347289,0.348834,0.023214,0.102570,0.285465,0.394505,-0.158518,0.260303,0.056031,0.039627,0.175339,-1.450167,0.575443,-0.083752,0.112450,-1.277731,-0.148394,-0.238373,0.186324,0.926416,0.185397,-0.820754,-0.801242,0.329556,0.351719,931.165786,1.321787,-1.184563,0.026809,0.049663,1.521554,-0.264961,0.449326,0.169673,0.016312,0.517981,0.350641,0.437292,0.600163,0.573149,0.059947
-0.684356,0.738705,3.251460,0.320550,0.451849,0.260263,-1.485729,0.652425,-0.103034,0.107051,0.210608,0.264727,0.771541,0.708037,0.312987,0.166140,0.172705,0.359332,-1.551005,0.944201,-0.030451,-0.112917,-1.577613,0.220683,-1.229779,-0.098548,0.660300,0.219202,-1.069104,-1.083076,0.460168,0.450334,1125.776391,1.362236,-1.388050,0.167370,0.192697,1.468830,-0.727080,-0.995380,0.648020,0.176748,0.492963,0.255345,1.180807,0.797611,-0.802542,0.489634
-0.684356,0.650075,0.669646,0.527325,0.526042,0.274446,-1.322112,0.514640,0.617626,0.161057,0.291461,0.224585,0.771541,0.708037,0.270662,0.279095,0.252608,0.412545,-1.306883,0.954249,0.803450,-0.324021,-1.547881,0.903617,-1.229779,-0.084199,0.794428,0.255362,-1.069104,-1.083076,0.460168,0.620551,347.023361,1.228257,-1.549145,0.555263,0.254447,1.555145,-0.902636,-1.160973,0.666556,0.214881,0.432550,0.582213,1.180807,0.567864,-0.802542,0.641931
-0.427632,0.720209,0.421581,0.344877,0.457923,0.463510,-1.518179,0.331090,0.618127,0.265374,0.265290,0.308753,0.718370,0.611703,0.304150,0.431869,0.287374,0.553020,-1.774565,0.789137,0.803450,-0.544409,-1.610152,0.849937,-1.111221,-0.591126,0.692780,0.425285,0.246539,-1.199710,1.124827,0.287343,185.170058,1.445555,-1.655516,0.433874,0.360000,1.164325,-0.756466,0.201887,0.246383,0.263811,0.759254,0.086544,1.103746,0.974960,-0.686850,0.896802
-0.236603,0.747064,2.761105,0.056761,0.339209,0.248361,-1.325239,0.421008,0.390316,0.026637,0.102975,0.252893,0.426257,-0.170009,0.213064,0.069846,0.039335,0.125191,-1.367351,0.690897,-0.072510,-0.173387,-1.186162,-0.147418,-0.164360,0.175487,0.750794,0.185404,-0.692274,-0.803306,0.288672,0.391237,931.670431,1.149162,-1.165275,0.041396,0.042025,1.536265,-0.255376,0.502137,0.157780,0.010540,0.357230,0.347084,0.407787,0.504611,0.453902,0.029927
-0.727752,0.696578,2.388587,0.269745,0.452869,0.289516,-1.378817,0.676949,-0.196669,0.082409,0.194271,0.241511,0.756084,0.442009,0.301261,0.169620,0.188542,0.217581,-1.465098,0.921318,0.140400,-0.119933,-1.633587,0.253183,-1.544801,-0.153020,0.561672,0.317418,-0.965545,-1.061418,0.433272,0.434758,1002.966684,1.156209,-1.465796,0.153517,0.163886,1.581318,-0.794027,-0.952395,0.621126,0.148351,0.635755,0.238365,1.217525,0.774693,-0.736633,0.375730
-0.727752,0.611760,0.576723,0.437643,0.496632,0.244997,-1.438086,0.465000,0.537628,0.139513,0.294542,0.259836,0.756084,0.442009,0.251212,0.312087,0.316903,0.369988,-1.742015,0.921318,0.611845,-0.119933,-1.586634,1.067005,-1.544801,-0.052905,0.738051,0.343618,-0.965545,-1.061418,0.453666,0.559532,320.474788,1.486300,-1.421391,0.525345,0.232106,1.581391,-0.884147,-1.037470,0.639299,0.192096,0.655775,0.543234,1.217525,0.536806,-0.736633,0.560217
-0.468233,0.778103,0.448989,0.359036,0.430164,0.434610,-1.585794,0.274901,0.629874,0.332263,0.312783,0.403966,0.663737,0.484707,0.319338,0.537606,0.348151,0.895812,-1.817236,0.904253,0.584475,-1.096652,-1.853679,0.933362,-0.820994,-0.635179,0.856248,0.522411,0.226154,-1.249401,1.480257,0.330338,197.444940,1.509874,-1.449171,0.386658,0.347941,1.208386,-0.692206,0.390755,0.205486,0.244020,0.602417,0.103399,1.025169,1.019004,-0.452874,0.773508
-0.204882,0.769892,1.686331,0.050932,0.355793,0.389948,-1.338562,0.422082,0.363686,0.035930,0.100029,0.190907,0.458281,-0.078733,0.269898,0.088071,0.026512,-0.096702,-1.446199,0.622708,-0.067601,0.259195,-1.356358,-0.138694,-0.230083,-0.070092,0.938264,0.137463,-0.560714,-0.633260,0.310400,0.412739,644.977403,1.336116,-1.195747,0.048820,0.053521,1.352397,-0.253736,0.566704,0.110725,0.015387,0.356332,0.286680,0.426033,0.484261,0.454876,0.030662
-0.705720,0.644678,1.386554,0.333385,0.461655,0.305583,-1.559441,0.697151,-0.025921,0.109556,0.302554,0.234523,0.684854,0.841688,0.276853,0.168445,0.230082,0.153984,-1.745200,0.926845,-0.098605,0.261580,-1.654256,0.399730,-1.697302,-0.124175,0.623131,0.229393,-0.808040,-1.012256,0.421681,0.448997,685.837132,1.472914,-1.398390,0.130132,0.180987,1.315655,-0.810500,-1.090176,0.627872,0.177327,0.495673,0.203069,1.696322,0.825928,-0.757091,0.388240
-0.705720,0.654546,0.690011,0.378878,0.509766,0.308469,-1.551108,0.515761,0.637000,0.165745,0.334952,0.237799,0.684854,0.841688,0.257138,0.310308,0.340428,0.344289,-1.744496,0.926845,0.530519,-0.053059,-1.619201,0.836134,-1.697302,-0.109140,0.701769,0.272621,-0.807865,-1.012256,0.428769,0.634816,361.628617,1.480434,-1.260208,0.532271,0.241223,1.547952,-0.878547,-1.184591,0.635572,0.207032,0.527776,0.526989,1.696322,0.525909,-0.757091,0.555764
-0.496992,0.650443,0.496717,0.332345,0.460789,0.395002,-1.530682,0.279444,0.631320,0.334205,0.322829,0.346393,0.717627,0.462733,0.330171,0.529912,0.311291,0.600118,-1.826917,0.840905,0.530519,-0.810874,-1.657031,0.757142,-0.686087,-0.786851,0.827806,0.398068,0.407978,-1.027487,1.268293,0.321671,203.477111,1.548423,-1.578474,0.428213,0.347915,1.208294,-0.729859,0.230437,0.236307,0.261859,0.672402,0.053510,1.425076,0.947374,-0.359485,0.852417
-0.071443,0.576555,1.937391,0.063354,0.348692,0.336051,-1.230537,0.363097,0.506639,0.029684,0.105858,0.240987,0.470123,-0.170605,0.217884,0.113043,0.049118,0.049104,-1.270706,0.686773,-0.086019,0.055485,-1.391849,-0.052779,-0.324561,0.125899,0.805028,0.211625,-0.496059,-0.651822,0.301164,0.375028,742.063628,1.209475,-1.328750,0.036255,0.037875,1.483044,-0.256128,0.383569,0.131188,0.009201,0.258333,0.333326,0.626678,0.429389,0.372882,0.027528
-0.695591,0.578671,1.359252,0.455663,0.432107,0.311532,-1.283827,0.692953,-0.057170,0.097976,0.314791,0.167784,0.631785,0.738722,0.282302,0.166032,0.282017,-0.068901,-1.433739,0.969935,0.155616,0.423321,-1.587529,0.385812,-1.728792,-0.148193,0.621143,0.214624,-0.833787,-1.067338,0.415542,0.412799,674.020091,1.315585,-1.508437,0.125447,0.181154,0.958872,-0.800710,-1.108117,0.589395,0.163209,0.558267,0.206858,1.679463,0.814536,-0.600435,0.393459
-0.695591,0.687200,0.588319,0.261071,0.422532,0.231886,-1.363595,0.519100,0.632901,0.106261,0.319450,0.331722,0.631785,0.738722,0.163040,0.268670,0.365602,0.643318,-1.504748,0.969935,0.363550,0.650972,-1.699668,0.889136,-1.728792,-0.079531,0.762688,0.220247,-0.765439,-1.067338,0.415542,0.583818,330.212284,1.359045,-1.565248,0.427770,0.194234,1.446332,-0.800710,-1.141857,0.589206,0.188728,0.463598,0.448190,1.679463,0.514823,-0.600435,0.421735
-0.057454,0.685489,0.434670,0.375547,0.359991,0.525970,-1.370613,0.239051,0.551602,0.258614,0.414975,0.445160,0.560842,0.720480,0.379070,0.530579,0.230281,0.778975,-1.614406,0.998633,0.042768,-0.830474,-1.753576,0.581359,-1.359708,-0.806129,0.959102,0.301294,0.240124,-1.196636,1.223020,0.388118,197.441288,1.500902,-1.571079,0.269489,0.291034,1.046453,-0.658530,0.504883,0.129825,0.233396,0.620520,0.085674,1.212017,1.002025,-0.245505,0.647333
0.297910,0.678233,1.781865,0.099065,0.350798,0.143158,-1.122327,0.287582,0.369792,0.041753,0.129848,0.146087,0.465124,-0.140768,0.201161,0.124423,0.047211,-0.402866,-0.931070,0.586401,-0.089840,0.313135,-1.587024,0.117959,-0.477091,0.181369,0.800747,0.159501,-0.396404,-0.324171,0.321175,0.395891,634.864839,0.692927,-1.772776,0.058227,0.058755,1.560746,-0.258992,0.568830,0.054852,0.010335,0.276339,0.224186,0.535215,0.484181,0.307002,0.060138
-1.276187,0.463341,1.352113,0.458766,0.432713,0.556212,-1.193181,0.899520,-0.099627,0.096041,0.325118,0.239826,0.599580,0.706772,0.298624,0.187197,0.189818,0.046396,-0.802648,0.778901,-0.063696,0.561197,-1.805369,0.182513,-1.491817,-0.143458,0.738287,0.232819,-0.844075,-0.999026,0.321175,0.310232,626.568085,0.616391,-1.822308,0.069985,0.138669,1.624319,-0.903817,-0.872567,0.450616,0.161852,0.437981,0.204516,1.588444,0.889361,-0.719569,0.278983
-1.276187,0.588670,0.408994,0.347385,0.453750,0.330887,-1.486737,0.804483,0.785140,0.107465,0.379662,0.458269,0.599580,0.706772,0.324238,0.272676,0.231269,0.566122,-1.653690,0.863468,0.658819,0.561197,-1.482164,0.781068,-1.491817,-0.143458,0.613227,0.223303,-0.844075,-0.877927,0.323572,0.776700,224.781446,1.354453,-1.559199,0.475615,0.147958,1.236870,-0.958210,-1.094022,0.481604,0.186489,0.328577,0.574424,1.588444,0.519809,-0.719569,0.278983
-0.355035,0.584690,0.450069,0.429214,0.496480,0.389133,-1.559042,0.388010,0.785140,0.278665,0.358582,0.474568,0.757879,1.111434,0.365622,0.510066,0.248535,1.029756,-2.105524,1.087790,0.207368,-0.879244,-1.707789,0.714004,-1.675152,-1.190360,0.596510,0.526491,0.341860,-1.342662,1.247384,0.273393,192.214979,1.807806,-1.567801,0.503565,0.387311,1.302897,-0.753602,-0.141355,0.291903,0.324725,0.629379,0.138509,1.027738,0.996159,-0.505267,0.856276
-0.187693,0.598357,1.969174,0.081421,0.353322,0.274500,-1.229963,0.387974,0.447785,0.025401,0.097580,0.215347,0.489503,-0.123055,0.374800,0.099029,0.041065,-0.061980,-1.346973,0.693688,-0.073229,-0.173041,-1.187084,-0.163304,-0.267949,-0.400403,1.060762,0.279733,-0.674754,-0.793588,0.299403,0.471008,722.045724,1.293275,-1.221782,0.058643,0.071371,1.382861,-0.273991,0.334093,0.178179,0.011875,0.532662,0.335649,0.443431,0.462284,0.334003,0.063752
-1.161001,0.627758,1.804246,0.383506,0.456819,0.360702,-1.228182,0.852519,-0.180307,0.132674,0.328388,0.172158,0.776641,0.628899,0.300341,0.229042,0.231218,-0.271502,-1.022131,0.874721,-0.109099,0.105447,-1.793895,0.140936,-1.542286,-0.276971,0.693035,0.233741,-1.004093,-1.092427,0.369118,0.416830,821.090546,0.908946,-1.432496,0.135554,0.212414,1.410085,-0.899127,-1.085220,0.588966,0.172614,0.454534,0.236356,1.786592,0.955416,-0.835434,0.530264
-1.161001,0.663509,0.633700,0.405538,0.501177,0.279783,-1.460730,0.724662,0.594356,0.166931,0.425495,0.425105,0.776641,0.628899,0.311331,0.311666,0.281227,0.391276,-1.607443,0.943758,0.900500,0.105447,-1.776104,0.810943,-1.542286,-0.276971,0.769624,0.262443,-1.004093,-1.092427,0.417415,0.784838,347.259739,1.461007,-1.561411,0.528640,0.235342,1.518685,-0.899127,-1.256492,0.576064,0.191463,0.475078,0.583930,1.786592,0.882912,-0.844144,0.530264
-0.518459,0.623815,0.714339,0.365878,0.467539,0.468521,-1.582608,0.429377,0.576079,0.445602,0.463865,0.245988,0.920541,0.583096,0.403552,0.682204,0.391445,0.627587,-1.935118,1.192726,0.597839,-1.415880,-1.704834,0.803818,-0.908623,-1.673831,0.736011,0.648736,0.304571,-1.202987,2.250999,0.441143,252.148772,1.598181,-1.498441,0.471485,0.443374,1.499277,-0.721384,-0.126445,0.250724,0.270552,0.509390,0.087148,1.885635,1.249262,-1.111687,1.271280
-0.459197,0.717959,2.060803,0.162582,0.377586,0.366915,-1.153155,0.479039,0.365630,0.042678,0.169478,0.243283,0.475823,-0.056924,0.329080,0.145953,0.047400,0.204315,-1.217667,0.661041,-0.095955,-0.426133,-1.400470,-0.063565,-0.456769,-0.232643,1.101677,0.452459,-0.631133,-0.685586,0.301777,0.398491,806.566849,1.176440,-1.240628,0.040352,0.095088,1.670175,-0.258652,0.530640,0.121476,0.031386,0.325206,0.331720,0.495342,0.535260,0.342396,0.056565
-0.986442,0.648895,1.739110,0.363747,0.468011,0.265380,-1.207818,0.738374,-0.120503,0.117295,0.286592,0.257189,0.703950,0.807995,0.288239,0.198653,0.270401,0.175534,-0.965294,0.874853,-0.127430,0.131744,-1.643970,0.132906,-1.690564,-0.215188,0.663147,0.230346,-0.914758,-1.247068,0.342438,0.431360,866.090157,0.971397,-1.555566,0.134531,0.173058,1.653182,-0.913723,-0.983422,0.573800,0.187870,1.025393,0.239616,1.848422,0.920700,-0.768115,0.300773
-0.986442,0.590866,0.736360,0.463109,0.529399,0.331384,-1.371027,0.591857,0.410865,0.172150,0.350826,0.252458,0.703950,0.807995,0.341786,0.272517,0.316668,0.367713,-1.504700,0.911133,0.888119,0.066160,-1.473300,1.017177,-1.690564,-0.215188,0.928309,0.265219,-0.914758,-1.247068,0.438474,0.741076,396.583413,1.378360,-1.666781,0.557960,0.234518,1.644259,-0.954914,-1.106183,0.623329,0.220130,1.205799,0.507421,1.848422,0.871571,-0.768115,0.371532
-0.648075,0.752950,0.389148,0.471202,0.482049,0.264562,-1.480202,0.343854,0.419438,0.385049,0.342597,0.374609,0.735664,0.485914,0.322668,0.458817,0.322461,0.955509,-1.625448,0.909339,0.888119,-1.329123,-1.703883,1.017177,-0.747401,-0.637708,0.802019,0.454555,0.183777,-0.984217,1.636674,0.346891,165.771769,1.446254,-1.409580,0.489586,0.339643,1.039377,-0.756706,0.010826,0.270420,0.293613,0.714572,0.072602,0.909364,0.987708,-0.415287,0.769176
-0.503255,0.780058,1.905058,0.166804,0.368775,0.178351,-1.351527,0.460193,0.239530,0.037785,0.129894,0.198354,0.530704,-0.026040,0.280387,0.134593,0.044093,-0.002826,-1.468578,0.608377,-0.084318,0.139155,-1.421656,-0.132140,-0.411558,-0.113550,0.885573,0.243106,-0.628048,-0.733592,0.305615,0.383039,639.853508,1.353389,-1.139896,0.055367,0.113080,1.352429,-0.270043,0.570441,0.135632,0.026792,0.449409,0.289927,0.372879,0.418640,0.273330,0.047215
-0.576708,0.714520,1.622459,0.280056,0.455510,0.322234,-1.588041,0.588666,-0.032570,0.119974,0.297358,0.174752,0.721849,0.936566,0.358491,0.167061,0.180384,-0.096297,-1.758346,0.940002,0.011930,-0.100499,-1.383443,0.299540,-1.363642,-0.158435,0.759475,0.258512,-0.808607,-1.111140,0.434287,0.457084,694.018105,1.546822,-1.329132,0.180540,0.192980,1.363862,-0.684342,-1.059340,0.674690,0.205210,0.428760,0.233861,1.056702,0.829204,-0.860037,0.512048
-0.576708,0.660027,0.754788,0.396189,0.478277,0.368523,-1.517096,0.399327,0.547329,0.188114,0.436342,0.394561,0.721849,0.936566,0.282400,0.261389,0.279778,0.933371,-1.738630,0.940133,1.048356,-0.653036,-1.403807,0.800930,-1.363642,-0.100195,0.825590,0.273587,-0.799535,-1.111140,0.434287,0.595411,419.970612,1.553116,-1.631236,0.504771,0.312287,1.481772,-0.854254,-1.115090,0.711586,0.277570,0.315787,0.444655,1.056702,0.543604,-0.860037,0.873344
-0.613788,0.617822,0.710255,0.330607,0.450067,0.504152,-1.464418,0.307096,0.574354,0.446273,0.420362,0.480319,0.834597,0.673501,0.297127,0.728421,0.390789,0.957488,-1.813429,0.953539,0.896884,-0.655915,-1.733305,0.478420,-0.919662,-1.119100,0.706963,0.413230,0.273092,-1.060012,2.080766,0.276498,294.354951,1.659469,-1.445854,0.318101,0.410301,1.380373,-0.597179,0.234506,0.308599,0.292866,0.727568,0.070276,1.950400,0.912174,-0.646887,0.997999
0.191219,0.535128,2.232012,0.024761,0.304194,0.144749,-1.035001,0.289969,0.389823,0.021201,0.091928,0.187261,0.390227,-0.131034,0.213567,0.058114,0.015224,0.054941,-0.983575,0.534047,-0.100869,0.189556,-1.337531,-0.097578,-0.159744,0.166413,0.700676,0.176232,-0.571538,-0.755520,0.288233,0.339226,899.766907,0.978688,-0.995644,0.026201,0.045656,1.523267,-0.258879,0.236130,0.159164,0.008769,0.261821,0.300170,0.383762,0.468926,0.552311,0.038583
0.072325,0.504566,1.015790,0.228264,0.370653,0.304225,-1.422514,0.427743,0.013416,0.109515,0.203410,0.153465,0.544824,0.565335,0.248045,0.163869,0.138593,-0.026752,-1.633026,0.983581,0.606948,0.190349,-1.577326,0.306357,-1.282407,-0.081370,0.557138,0.160458,-0.797397,-1.169501,0.403359,0.473993,498.803927,1.423339,-1.278668,0.347306,0.174112,1.793043,-0.720220,-0.762201,0.545561,0.131828,0.307495,0.281007,0.713963,0.689964,-0.394313,0.205697
0.000754,1.046678,0.597840,0.040549,0.187956,0.124543,-0.825372,0.058518,-0.209459,0.092826,0.092931,0.130714,0.255617,-0.015311,0.119546,0.115556,0.067834,0.327545,-0.882204,0.704844,0.019926,0.183423,-1.248182,0.070281,-0.158942,0.008086,0.502165,0.258721,-0.655225,-1.074618,0.530591,0.143092,345.924941,0.894629,-1.068409,0.017163,0.080393,1.194943,-0.305729,0.811163,0.098878,0.031340,0.187905,0.130790,0.893673,0.515925,0.111043,0.154005
0.206085,1.021531,0.343381,0.040699,0.204469,0.087519,-0.907939,0.098440,-0.415577,0.009512,0.041274,0.089192,0.225626,-0.198221,0.011969,0.025839,0.016317,0.229034,-0.951011,0.525409,0.036511,0.253273,-1.266605,-0.091166,-0.154909,0.200954,0.329584,0.048171,-0.628297,-0.371034,0.272964,0.063250,172.418762,0.858517,-1.429395,0.007857,0.019043,0.913246,-0.239276,0.924584,0.060629,0.002228,0.129497,0.061703,0.362830,0.560498,0.084939,-0.048666
0.849905,0.802290,1.964255,0.070521,0.268831,0.101879,-1.234015,0.167250,-0.067105,0.027396,0.108463,0.239571,0.339875,-0.199958,0.041756,0.096315,0.031265,0.036481,-1.226104,0.584494,-0.103733,0.554950,-1.301828,0.107659,-0.280675,0.190767,0.323436,0.071626,-0.363077,-0.192562,0.271289,0.140111,613.530518,1.158811,-1.254195,0.034458,0.043208,2.079587,-0.237679,0.712765,0.042669,0.004601,0.200098,0.081355,0.596268,0.530415,0.205045,0.001002
-0.597099,0.755002,0.564898,0.069382,0.257617,0.215146,-0.834344,0.258539,0.093132,0.018655,0.115818,0.190058,0.374052,-0.137054,0.149610,0.101091,0.038319,0.309418,-0.856568,0.568633,-0.058211,0.206757,-1.448047,-0.107859,-0.244972,0.106839,0.625284,0.113723,-0.208269,-0.603977,0.280769,0.125067,308.899753,0.829261,-1.131096,0.049062,0.029443,1.388860,-0.267394,0.672298,0.043724,0.008484,0.424222,0.087877,0.548858,0.543827,0.261053,0.051241
0.384934,0.967029,0.537972,0.016110,0.171203,0.119065,-0.814810,0.022163,-0.331395,0.009602,0.040929,0.089699,0.196361,-0.195996,0.055291,0.029382,0.010495,-0.103216,-0.941630,0.528522,-0.090662,0.368242,-1.257190,-0.200516,-0.117334,0.205944,0.462706,0.098809,-0.638174,-0.670607,0.278706,0.030282,246.644056,0.860186,-1.070931,0.010158,0.024829,1.181478,-0.241274,0.840690,0.062474,0.001641,0.257446,0.103894,0.337130,0.466017,0.173581,-0.070513
0.404493,1.050565,0.770673,0.009913,0.176569,0.046368,-0.886663,0.031329,-0.617951,0.003227,0.025656,0.080806,0.187006,-0.196901,0.020604,0.013337,0.007987,-0.063877,-1.038368,0.524149,-0.083969,0.338795,-1.122731,-0.176120,-0.116442,0.213282,0.303461,0.025648,-0.667766,-0.506404,0.272253,0.031412,291.990697,0.914479,-0.949201,0.006513,0.010619,1.521106,-0.241016,1.017636,0.017270,0.001161,0.185214,0.013028,0.342683,0.601389,0.127571,-0.091930
0.467063,0.679419,0.763991,0.063260,0.240058,0.087232,-1.400712,0.167987,0.102037,0.038284,0.050457,0.076401,0.409553,0.010424,0.039834,0.035123,0.072317,-0.022969,-1.510006,0.549091,-0.022584,0.173132,-1.317394,-0.047140,-0.434439,0.118813,0.378153,0.085960,-0.654102,-0.610278,0.385239,0.195449,348.532352,1.406715,-1.651077,0.097035,0.090892,1.441431,-0.349886,-0.140556,0.419970,0.046298,0.375511,0.225406,0.665196,0.626186,-0.283823,0.187893
0.248233,0.267590,0.348544,0.049892,0.101997,0.088958,-1.378733,0.211901,0.483449,0.029063,0.053429,0.132331,0.288903,-0.128096,0.042083,0.027394,0.038588,0.321248,-1.607162,0.601962,0.167002,0.211959,-1.382617,0.152515,-0.283108,0.167651,0.433692,0.071274,-0.175592,-0.624910,0.385239,0.145901,215.087486,1.384342,-1.521359,0.110428,0.098423,1.046745,-0.407478,-0.148079,0.292196,0.029450,0.224640,0.190410,0.475218,0.662898,-0.261561,0.258365
-0.564780,0.671645,0.417683,0.161942,0.326532,0.357075,-1.493183,0.314362,0.524014,0.215292,0.226832,0.183205,0.503804,0.207869,0.261889,0.298021,0.206901,0.473903,-1.718232,0.635936,0.018375,-0.144515,-1.514714,-0.008650,-0.850739,-0.396498,0.559556,0.399112,0.375182,-0.400306,1.077651,0.134901,183.304723,1.412235,-1.312354,0.135408,0.210777,1.048686,-0.315817,0.488657,0.151092,0.133901,0.663741,0.046685,1.329936,0.682205,-0.183712,0.655079
-0.002267,0.833298,3.428078,0.052294,0.294058,0.157673,-1.562811,0.264919,0.376544,0.020503,0.065901,0.218983,0.378309,-0.195014,0.082673,0.048860,0.022895,0.281132,-1.929473,0.534019,-0.066536,0.320826,-1.192185,-0.083122,-0.189647,0.202797,0.477528,0.118638,-0.697382,-0.696926,0.280576,0.276055,1165.403636,1.641022,-1.118218,0.034720,0.038778,1.298166,-0.243664,0.506617,0.183265,0.005116,0.179219,0.338423,0.424923,0.401570,0.565948,0.033647
-0.717392,0.745535,2.203438,0.202469,0.424676,0.326201,-1.421065,0.636188,-0.399868,0.090461,0.179516,0.164654,0.641685,0.540372,0.285760,0.150549,0.144778,-0.138685,-1.528680,0.877537,-0.145149,0.009023,-1.679611,0.007134,-1.356789,-0.073378,0.637235,0.181756,-1.035668,-1.231314,0.377701,0.399588,1029.565558,1.360173,-1.332687,0.139910,0.142495,1.317812,-0.737309,-0.876406,0.658611,0.140919,0.337529,0.170924,0.887902,0.910729,-0.593574,0.311648
-0.717392,0.574366,0.651051,0.197255,0.406227,0.289933,-1.406438,0.492967,0.388008,0.111300,0.251657,0.324750,0.641685,0.540372,0.117902,0.204352,0.201568,0.562626,-1.655843,0.877537,0.637513,-0.163522,-1.473191,0.744792,-1.356789,0.047153,0.650882,0.140430,-0.943474,-1.228120,0.377701,0.417803,354.321517,1.429416,-1.281989,0.407414,0.191199,1.499906,-0.773308,-0.906045,0.602196,0.192696,0.354166,0.454568,0.887902,0.609667,-0.593574,0.543462
-0.643700,0.788485,0.406824,0.267232,0.382937,0.419834,-1.539679,0.310585,0.485724,0.277708,0.307321,0.426713,0.614734,0.305770,0.240311,0.447096,0.261761,0.824563,-1.902122,0.741301,0.514122,-0.494175,-1.579803,0.504358,-1.183848,-0.195892,0.629385,0.371241,0.115967,-0.908637,1.181782,0.293092,172.133217,1.588282,-1.363181,0.244912,0.276511,1.100354,-0.593172,0.574938,0.189795,0.218043,0.525950,0.090857,1.131261,1.120693,-0.423482,0.571750
-0.015776,0.835084,3.215223,0.024349,0.320981,0.113745,-1.207875,0.331929,0.241725,0.032224,0.071498,0.247906,0.378795,-0.188966,0.137158,0.060542,0.014226,0.235022,-1.254774,0.544474,-0.095681,0.284422,-1.076007,-0.119782,-0.205554,0.183493,0.651988,0.086419,-0.693017,-0.717017,0.291650,0.287158,1099.308260,1.176012,-1.086811,0.031702,0.054760,1.600920,-0.247912,0.594450,0.112241,0.004111,0.115414,0.283952,0.376643,0.586305,0.537911,0.022599
-0.665456,0.680248,1.605584,0.307456,0.419647,0.272801,-1.590556,0.652049,-0.256928,0.094418,0.225501,0.172524,0.634472,0.431531,0.226209,0.112594,0.131531,-0.027305,-1.803480,0.911074,-0.151004,0.046549,-1.634152,0.058585,-1.139089,-0.031087,0.455755,0.229950,-0.924457,-1.154745,0.389420,0.433664,724.219661,1.562101,-1.429156,0.129639,0.143381,1.546409,-0.721824,-0.942684,0.634023,0.138032,0.501468,0.179262,0.915331,0.857538,-0.594204,0.295127
-0.665456,0.602854,0.583616,0.244305,0.411926,0.218149,-1.576327,0.467109,0.503069,0.112599,0.289011,0.244685,0.634472,0.431531,0.078523,0.169080,0.177898,0.340756,-1.848089,0.911074,0.564662,0.123400,-1.508958,0.631978,-1.139089,0.072487,0.580819,0.134557,-0.909499,-1.154745,0.389420,0.406064,317.689166,1.566492,-1.449825,0.418672,0.200315,1.428063,-0.773421,-0.987834,0.613207,0.182664,0.382777,0.473982,0.915331,0.530564,-0.594204,0.535920
-0.519567,0.766603,0.539640,0.266578,0.378623,0.457890,-1.409676,0.284704,0.515941,0.241829,0.258238,0.230646,0.622103,0.547856,0.303405,0.265718,0.269388,0.417255,-1.655090,0.753656,0.488095,-0.877943,-1.686549,0.413040,-0.651919,-0.244203,0.704352,0.415664,0.123609,-0.648338,1.079080,0.319481,225.244265,1.505252,-1.439769,0.258246,0.281032,1.548250,-0.580344,0.557232,0.172590,0.227054,0.666276,0.098428,1.223547,1.010710,-0.600128,0.571954
-0.045238,0.846410,2.967966,0.038543,0.315706,0.154411,-1.143394,0.384665,0.281494,0.027305,0.105533,0.197413,0.393803,-0.179810,0.151411,0.065239,0.023011,0.318941,-1.159987,0.556181,-0.061317,0.317059,-1.101705,-0.142992,-0.168082,0.180273,0.653485,0.124694,-0.778761,-0.969032,0.291739,0.340347,1028.943766,1.110080,-1.195070,0.040322,0.060717,1.314027,-0.249844,0.594705,0.141324,0.004610,0.276286,0.318773,0.353082,0.673702,0.478525,0.022019
-0.884396,0.721532,2.506660,0.238777,0.428489,0.312229,-1.223796,0.750067,-0.125020,0.108714,0.122891,0.122130,0.686611,0.477073,0.277116,0.155651,0.154551,-0.035675,-1.267474,0.832920,-0.098326,-0.014715,-1.531458,0.102832,-1.357077,-0.069433,0.649704,0.221388,-1.024373,-1.197146,0.421245,0.486540,1097.402025,1.182664,-1.192860,0.135596,0.173974,1.426123,-0.761819,-0.975371,0.637699,0.154491,0.437540,0.218617,1.218759,0.857343,-0.762833,0.400043
-0.884396,0.610112,0.706623,0.424199,0.489074,0.304395,-1.322712,0.513389,0.534580,0.167842,0.253284,0.241744,0.686611,0.477073,0.200445,0.242810,0.250935,0.573810,-1.343419,0.850910,0.843352,-0.014715,-1.485331,0.938950,-1.357077,0.022648,0.672356,0.234595,-0.973199,-1.197146,0.421245,0.570437,405.678591,1.212175,-1.363217,0.515224,0.241015,1.461231,-0.900190,-1.066512,0.645194,0.201842,0.359374,0.528496,1.218759,0.445383,-0.762833,0.524173
-0.623053,0.778059,0.429859,0.366168,0.426318,0.513478,-1.442879,0.333035,0.516885,0.324147,0.356949,0.249229,0.722666,0.588131,0.381476,0.384912,0.305592,0.619233,-1.553109,0.807498,0.843352,-1.718477,-1.583298,0.822837,-0.863452,-0.829043,1.071326,0.462714,0.203232,-0.950827,1.493089,0.336406,186.327578,1.353614,-1.480253,0.381318,0.351624,1.067716,-0.682459,0.429765,0.209557,0.261049,0.727136,0.081217,0.895436,1.009192,-0.842084,0.865274
-0.215126,0.784135,3.129625,0.030944,0.338497,0.376512,-1.170926,0.416080,0.327285,0.034397,0.141783,0.260555,0.424368,0.029081,0.273106,0.072556,0.029246,0.368724,-1.127440,0.659949,-0.098560,0.305764,-1.151786,-0.129689,-0.175465,0.190857,0.908313,0.119694,-0.712080,-0.887435,0.293088,0.360934,950.732805,1.060226,-1.227749,0.044289,0.061722,1.744693,-0.268696,0.533071,0.136079,0.022880,0.366417,0.324236,0.518571,0.422013,0.435116,0.061868
-0.683191,0.695606,2.635748,0.315252,0.440319,0.348704,-1.399398,0.696434,-0.107517,0.100181,0.224442,0.212381,0.666712,0.463926,0.288666,0.122377,0.137536,0.191330,-1.433310,0.935954,0.047606,-0.122259,-1.718888,0.171366,-1.129135,-0.105976,0.582428,0.250047,-0.926461,-1.097305,0.410580,0.478453,1023.129902,1.214842,-1.488257,0.145551,0.168584,1.735360,-0.680036,-0.945920,0.630282,0.137518,0.527728,0.232494,0.890749,0.772043,-0.639806,0.399430
-0.683191,0.622271,0.613567,0.451116,0.453699,0.292020,-1.461421,0.442261,0.517206,0.155105,0.290040,0.278465,0.666712,0.463926,0.188451,0.236435,0.259773,0.519451,-1.587473,0.935954,0.568278,-0.128977,-1.638120,0.902596,-1.129135,-0.014690,0.734661,0.237391,-0.909938,-1.097305,0.410580,0.481370,352.978433,1.331562,-1.400593,0.478465,0.236991,1.175719,-0.838144,-1.032656,0.661595,0.206223,0.451487,0.478456,0.890749,0.478084,-0.639806,0.596863
-0.427809,0.779730,0.506766,0.329907,0.399034,0.634894,-1.505339,0.252622,0.515593,0.294025,0.362437,0.317643,0.648285,0.503215,0.391819,0.373370,0.298088,0.525050,-1.853538,0.863196,0.472065,-1.372458,-1.776589,0.665421,-0.506890,-0.626668,1.077072,0.457736,0.082583,-1.030402,1.210946,0.347007,209.123167,1.477102,-1.538438,0.307027,0.313867,1.111897,-0.651460,0.569612,0.188640,0.236337,0.661534,0.104469,0.819387,1.031776,-0.321033,0.692720
0.026400,0.763029,2.323922,0.042817,0.338191,0.278084,-1.236199,0.335277,0.278312,0.040125,0.131215,0.209444,0.402002,-0.158297,0.322953,0.088843,0.028924,-0.021287,-1.244549,0.582953,-0.099682,0.401946,-1.149379,-0.136251,-0.235215,0.192791,0.959364,0.106245,-0.641778,-0.753138,0.321764,0.325679,841.784060,1.230357,-1.162081,0.033463,0.058279,1.874969,-0.255573,0.578054,0.091579,0.013077,0.295626,0.272203,0.465647,0.519846,0.469000,0.031596
-0.782774,0.615116,1.152371,0.340438,0.422976,0.243356,-1.361377,0.702462,-0.111280,0.084001,0.269462,0.174770,0.634386,0.809816,0.256300,0.147517,0.275998,0.074279,-1.293945,0.984806,-0.132808,0.315667,-1.688278,0.357840,-2.139933,-0.066772,0.573802,0.215168,-0.860522,-1.071732,0.453056,0.408667,553.426440,1.081044,-1.623161,0.122754,0.150213,1.774558,-0.859820,-0.923934,0.580414,0.171525,0.480510,0.195505,1.384760,0.696550,-0.645482,0.217688
-0.782774,0.615599,0.674976,0.379130,0.427643,0.166489,-1.534632,0.487850,0.471235,0.153972,0.361298,0.318149,0.634386,0.809816,0.130295,0.306498,0.396684,0.634921,-1.772995,0.984806,0.527859,-0.315775,-1.668845,0.968905,-2.139933,-0.056812,0.597669,0.273576,-0.848895,-1.071732,0.453056,0.477477,363.714771,1.516496,-1.546170,0.456928,0.260809,1.388763,-0.859820,-0.962171,0.655656,0.247148,0.424057,0.433316,1.384760,0.461191,-0.645482,0.617741
-0.403077,0.763087,0.628830,0.250293,0.354230,0.369938,-1.507487,0.246937,0.435865,0.200592,0.226217,0.354929,0.572499,0.676972,0.337336,0.325668,0.311402,0.634921,-1.991410,0.746684,0.402399,-0.359203,-1.627931,0.478330,-1.040316,-0.175208,0.815947,0.424044,-0.020166,-1.484296,0.551476,0.350583,261.785436,1.675432,-1.287659,0.222332,0.278784,1.346049,-0.575819,0.587297,0.149527,0.253755,0.718581,0.099749,0.965956,0.801400,-0.562257,0.742656
0.179360,0.845660,2.718486,0.027760,0.305007,0.116809,-1.276134,0.305006,0.184376,0.030551,0.081137,0.169689,0.376424,-0.183929,0.109543,0.073888,0.026301,0.371049,-1.363805,0.556909,-0.064680,0.520733,-1.346531,-0.116242,-0.286420,0.189180,0.525600,0.088163,-0.669430,-0.730174,0.280366,0.266407,955.257849,1.085547,-1.161386,0.024531,0.049124,1.592570,-0.238129,0.685475,0.063031,0.006889,0.250899,0.236510,0.453682,0.573394,0.466741,0.015005
-0.623904,0.649056,1.456176,0.324891,0.396719,0.262074,-1.358056,0.629010,-0.024142,0.112235,0.198208,0.118378,0.587425,1.167022,0.204004,0.177904,0.250543,-0.177506,-1.351207,0.869630,0.174997,0.128660,-1.649440,0.300830,-1.801708,0.009611,0.543325,0.231653,-0.806207,-0.971997,0.362926,0.451690,631.325148,1.295719,-1.206035,0.142805,0.143717,1.545649,-0.782452,-0.935247,0.614654,0.203149,0.436916,0.195761,1.368822,0.820649,-0.646526,0.313776
-0.623904,0.579520,0.686675,0.353456,0.400792,0.196356,-1.442425,0.422350,0.468452,0.150443,0.293292,0.300869,0.587425,1.167022,0.131490,0.267002,0.347482,0.485561,-1.569960,0.869630,0.477517,0.148589,-1.447774,0.890702,-1.801708,0.013001,0.543325,0.196470,-0.758103,-0.971997,0.362926,0.431121,368.618454,1.401361,-1.213598,0.430493,0.233977,1.630758,-0.782452,-0.964070,0.631031,0.238467,0.399174,0.419048,1.368822,0.445487,-0.646526,0.490932
-0.419140,0.753577,0.564935,0.340287,0.359983,0.420683,-1.388599,0.205082,0.430379,0.200238,0.296691,0.297418,0.582959,0.797877,0.369285,0.299316,0.225104,0.485561,-1.801905,0.725005,0.329554,-0.527821,-1.571466,0.505791,-0.598482,-0.373368,0.921052,0.256152,0.086343,-0.910567,0.761769,0.305524,232.647001,1.391556,-1.381868,0.259190,0.271856,1.405395,-0.462719,0.564389,0.167656,0.257355,0.567462,0.088124,0.880020,0.925479,-0.322347,0.490932
0.086537,0.770736,2.355806,0.022232,0.313257,0.172730,-1.163676,0.293073,0.240821,0.027279,0.127713,0.226389,0.385904,-0.188525,0.178518,0.082477,0.011689,-0.036673,-1.153887,0.560955,-0.121689,0.191374,-1.284166,-0.169715,-0.172378,0.156435,0.574589,0.141476,-0.553287,-0.767672,0.276875,0.322720,902.401403,1.084825,-1.174102,0.031807,0.032433,1.581628,-0.249236,0.569246,0.094693,0.005375,0.156515,0.222862,0.357712,0.408228,0.428132,0.012832
-0.089417,0.637760,1.353992,0.358949,0.393105,0.227824,-1.528352,0.436822,0.199595,0.095022,0.293491,0.163302,0.571518,0.546188,0.188136,0.162550,0.178888,-0.218062,-1.616543,0.889305,-0.046466,0.370225,-1.609840,0.615705,-1.606478,-0.060541,0.406250,0.273609,-0.572727,-1.003682,0.391992,0.451719,685.311769,1.401901,-1.383200,0.138139,0.149038,1.488184,-0.540351,-0.942032,0.649720,0.129544,0.311660,0.202913,0.855203,0.544449,-0.497473,0.214577
-0.089417,0.540031,0.907266,0.204329,0.268279,0.188185,-1.460681,0.307047,0.525672,0.121146,0.204956,0.300651,0.570274,0.546188,0.064276,0.221458,0.243743,0.203682,-1.583545,0.889305,-0.020171,0.741279,-1.510331,0.754897,-1.606478,0.076875,0.474997,0.177726,-0.447525,-1.000747,0.398391,0.420412,485.747675,1.343215,-1.450317,0.301032,0.195450,1.570351,-0.626216,-0.977298,0.481926,0.160348,0.157642,0.256381,0.855203,0.354948,-0.497473,0.252665
0.118927,0.338801,0.890832,0.338756,0.313955,0.370161,-1.524352,0.330749,0.530027,0.176039,0.437035,0.243888,0.524942,1.049954,0.236554,0.299386,0.176602,0.692482,-1.490109,0.877113,0.198547,-0.647162,-1.605999,0.328995,-0.849365,-0.637087,0.776412,0.404055,0.176229,-0.611535,0.718522,0.314104,370.584124,1.263284,-1.520625,0.117940,0.262490,0.693363,-0.358019,0.241383,0.084395,0.198380,0.717278,0.111322,1.150503,0.655844,-0.543932,1.049148
1.021445,0.502913,2.178728,0.024654,0.270490,0.200138,-1.321824,0.063975,0.236397,0.021988,0.129943,0.262099,0.342989,-0.179474,0.128017,0.138112,0.044042,0.207806,-1.297821,0.620328,-0.085366,0.404669,-1.331467,0.030370,-0.389406,0.182430,0.480565,0.117547,-0.609916,-0.770908,0.299913,0.341818,845.976745,1.262385,-1.134130,0.027753,0.043353,1.498121,-0.242506,0.245404,0.149375,0.008653,0.212060,0.250304,0.608219,0.598500,0.384293,-0.002221
-0.732883,0.541794,0.950860,0.294684,0.416084,0.556198,-1.143019,0.757229,-0.280440,0.069127,0.122946,0.173361,0.640189,-0.044421,0.252169,0.120914,0.151245,-0.231032,-1.160005,0.871379,0.138567,0.120510,-1.642855,-0.086447,-1.299064,-0.088079,0.462598,0.225412,-0.983246,-1.061966,0.265246,0.380073,500.140955,1.098933,-1.330604,0.104032,0.125059,1.410866,-0.517742,-0.965068,0.519624,0.051899,0.427802,0.214249,1.043968,0.759513,-0.627365,0.146706
-0.732883,0.812474,0.482729,0.237510,0.400824,0.118772,-1.459935,0.589836,0.773622,0.055135,0.149453,0.340229,0.640189,-0.033098,0.115846,0.162843,0.167031,0.472434,-1.578724,0.919161,0.477385,0.120510,-1.669474,0.494023,-1.299064,0.010916,0.474460,0.137947,-0.957577,-0.762629,0.305234,0.516317,274.589734,1.400761,-1.324872,0.417499,0.114390,1.389570,-0.779378,-1.344721,0.444627,0.108901,0.310511,0.580489,1.043968,0.356360,-0.627365,0.082816
-0.436152,0.479556,0.714173,0.309589,0.406579,0.324995,-1.653048,0.295708,0.771707,0.190880,0.271510,0.279484,0.691784,1.038477,0.235128,0.314899,0.266850,0.714348,-1.879782,0.745227,0.140333,-0.169711,-1.593239,0.361233,-0.898122,-0.759746,0.467412,0.300453,0.288933,-1.096452,0.544415,0.232544,275.220705,1.564180,-1.450649,0.372034,0.297546,1.347020,-0.631186,0.054080,0.186154,0.332080,0.342574,0.153882,1.532078,0.909237,-0.142335,0.611754
0.371588,0.651529,2.096211,0.030001,0.302415,0.109916,-1.022222,0.270371,0.314407,0.026781,0.052832,0.214982,0.390611,-0.148706,0.139416,0.069483,0.022859,0.209011,-0.877424,0.558278,-0.088366,0.257494,-1.301843,-0.159808,-0.214692,0.183951,0.605173,0.118188,-0.578277,-0.650494,0.307389,0.390220,762.355691,0.851192,-1.195622,0.045095,0.061387,1.494128,-0.251029,0.328368,0.165017,0.007025,0.158232,0.274597,0.516628,0.557301,0.561798,0.073538
-0.928819,0.628672,1.441040,0.315454,0.426325,0.361514,-1.529104,0.821007,-0.197009,0.094569,0.220780,0.213775,0.678443,0.589114,0.248967,0.187557,0.218421,0.155946,-1.429731,0.834919,-0.094136,0.013163,-1.719335,0.188192,-1.669331,-0.125778,0.604179,0.210723,-0.972846,-1.146960,0.424331,0.478169,669.449227,1.380657,-1.320953,0.129367,0.163468,1.595400,-0.854163,-1.133558,0.618790,0.174149,0.478407,0.215210,1.686014,0.894820,-0.884496,0.325127
-0.928819,0.685808,0.940287,0.304098,0.405103,0.347634,-1.585904,0.630551,0.792824,0.127872,0.325789,0.328417,0.678443,0.589114,0.179500,0.293833,0.275137,0.571818,-1.688087,0.883893,0.729637,-0.090733,-1.636025,0.835327,-1.669331,-0.019654,0.627892,0.222537,-0.967811,-1.146960,0.424331,0.592726,461.121087,1.507725,-1.328402,0.428145,0.209562,1.532083,-0.854163,-1.229409,0.563977,0.210865,0.328956,0.593170,1.686014,0.623184,-0.884496,0.397578
-0.292065,0.524077,0.652194,0.314471,0.337107,0.434602,-1.702377,0.313800,0.718576,0.302158,0.388725,0.390777,0.602314,0.327610,0.325341,0.537405,0.309979,0.785799,-2.135846,0.905705,0.556720,-0.445833,-1.708193,0.401640,-1.514000,-0.920254,0.975207,0.468832,0.123459,-0.973986,1.096340,0.342820,255.974859,1.833336,-1.313929,0.210490,0.248038,1.324540,-0.476138,0.280625,0.067963,0.198767,0.620087,0.199835,1.560715,1.006673,-0.005520,0.792368
0.188668,0.768607,2.732390,0.043477,0.306216,0.106643,-1.563908,0.267988,0.268223,0.020449,0.079759,0.261458,0.388103,-0.194690,0.174133,0.071432,0.017472,0.241845,-1.840784,0.570518,-0.071159,0.345835,-1.165107,-0.114977,-0.289175,0.173226,0.680989,0.137027,-0.729761,-0.888779,0.279169,0.339716,992.078225,1.630576,-1.071497,0.037120,0.040700,1.478509,-0.239103,0.484097,0.149704,0.007009,0.245200,0.300904,0.449181,0.594464,0.529734,0.005812
-0.936952,0.671220,1.851386,0.261378,0.417506,0.343739,-1.669267,0.741746,-0.294332,0.113929,0.184243,0.195884,0.631700,0.668314,0.261543,0.208920,0.192311,0.122565,-1.857871,0.820492,0.019339,-0.141277,-1.588068,0.021236,-1.553541,-0.090279,0.694629,0.310869,-1.008074,-1.354506,0.404289,0.406908,847.334485,1.612467,-1.206777,0.132037,0.158203,1.815825,-0.869374,-0.972663,0.603778,0.171376,0.482082,0.180649,1.114436,0.832796,-0.689382,0.438149
-0.936952,0.569734,0.792674,0.263067,0.466841,0.339457,-1.585077,0.520351,0.465170,0.159567,0.306883,0.331765,0.631700,0.668314,0.252563,0.249403,0.256141,0.505157,-1.849953,0.828970,0.692460,-0.141277,-1.616251,0.792736,-1.553541,0.015349,0.803632,0.289528,-0.967748,-1.354506,0.413328,0.519084,398.265120,1.580537,-1.301046,0.483500,0.212199,1.586036,-0.869374,-1.001250,0.611352,0.213058,0.422420,0.519772,1.114436,0.536240,-0.689382,0.510841
-0.716683,0.747808,0.649092,0.352000,0.426707,0.400217,-1.576830,0.305622,0.502304,0.294005,0.289349,0.353200,0.699460,0.521950,0.326667,0.354369,0.275038,0.690799,-1.711754,0.829202,0.692460,-1.363056,-1.631376,0.752403,-0.614744,-0.394682,0.821605,0.429953,0.215806,-0.843746,1.288069,0.300906,267.203576,1.426459,-1.235093,0.361951,0.307677,1.437359,-0.650000,0.510070,0.209150,0.275640,0.654650,0.081378,0.990235,0.978716,-0.480388,0.657482
-0.201944,0.725220,2.503404,0.039127,0.337621,0.326552,-1.231093,0.386173,0.287805,0.028986,0.156269,0.236855,0.412898,-0.132136,0.233935,0.093936,0.032488,0.183027,-1.219964,0.558524,-0.103185,0.185824,-1.138786,-0.138696,-0.210901,0.173533,0.783198,0.145302,-0.636069,-0.861063,0.283030,0.368148,956.540039,1.290610,-1.102865,0.037781,0.037890,1.634416,-0.259241,0.511771,0.130385,0.010824,0.266020,0.291305,0.405544,0.449944,0.459636,0.021049
-0.663402,0.661278,1.671947,0.279207,0.430921,0.260702,-1.406153,0.660199,-0.050497,0.099680,0.226092,0.176471,0.675425,0.671989,0.258166,0.160988,0.147748,-0.033462,-1.434201,0.888236,-0.016939,0.104537,-1.675123,0.272009,-1.396914,-0.083385,0.641120,0.205477,-0.884481,-1.145027,0.404642,0.478186,812.030492,1.317737,-1.221712,0.163550,0.150053,1.379691,-0.720257,-1.125595,0.668656,0.161948,0.545271,0.223259,0.991877,0.941109,-0.699130,0.226683
-0.663402,0.700337,0.826446,0.292460,0.390861,0.184804,-1.376606,0.451383,0.482629,0.149625,0.257553,0.293927,0.675425,0.671989,0.127505,0.244998,0.227429,0.571134,-1.373181,0.888477,0.821662,-0.133515,-1.541283,0.726483,-1.396914,0.011142,0.641965,0.180839,-0.809123,-1.067130,0.404642,0.417503,433.601298,1.158958,-1.358362,0.404343,0.244387,1.439440,-0.807455,-1.129687,0.708111,0.222710,0.246689,0.404466,0.991877,0.571221,-0.699130,0.470413
-0.520633,0.676291,0.691895,0.237655,0.369428,0.482730,-1.365774,0.269699,0.386100,0.340712,0.230455,0.214031,0.627161,0.813327,0.295892,0.463936,0.246790,0.521981,-1.253003,0.815953,0.036379,-0.784918,-1.579407,0.093904,-0.754097,-1.096880,0.746396,0.421242,-0.118929,-0.736691,1.634280,0.327502,272.434531,1.197919,-1.380847,0.117588,0.333947,1.577065,-0.273070,0.514987,0.134208,0.214688,0.448766,0.147946,1.248771,1.057045,-0.694033,1.108826
0.340606,0.777312,2.517933,0.021800,0.277078,0.108666,-1.187220,0.262495,-0.039618,0.021459,0.083515,0.277779,0.337821,-0.178491,0.096214,0.057195,0.019427,0.206681,-1.228693,0.555519,-0.112463,0.362384,-1.236646,-0.167722,-0.223705,0.174629,0.608464,0.099194,-0.681540,-0.602269,0.278786,0.187247,809.130289,1.222102,-1.140514,0.021564,0.037358,1.552321,-0.263560,0.576969,0.085523,0.006108,0.182584,0.184577,0.399082,0.532558,0.402692,0.040291
0.016508,0.571821,0.417640,0.228053,0.334352,0.219493,-1.503607,0.477399,0.107128,0.107669,0.253908,0.215842,0.536444,0.161057,0.240104,0.179281,0.169931,-0.049364,-1.733756,0.981971,0.443782,0.171753,-1.565043,0.210687,-1.413513,-0.041784,0.531884,0.195418,-0.768004,-1.229243,0.401378,0.554563,229.146027,1.501714,-1.266091,0.302371,0.142109,1.088885,-0.631915,-0.876436,0.586264,0.114507,0.339243,0.324149,0.753455,0.810726,-0.412662,0.194767
0.263573,0.931685,0.783652,0.036598,0.194833,0.175130,-0.767311,0.071929,-0.328344,0.022471,0.060738,0.118849,0.237692,-0.186240,0.093273,0.072946,0.034810,0.274609,-0.823318,0.583542,0.045322,0.198825,-1.345946,-0.039211,-0.135779,0.154521,0.579563,0.152323,-0.632674,-0.913952,0.269953,0.106945,404.614108,0.803534,-1.124881,0.016693,0.069365,1.448421,-0.246925,0.802029,0.038519,0.010721,0.165233,0.072109,0.559388,0.610674,0.139069,0.167191
0.545467,0.837412,0.519670,0.039179,0.215240,0.095327,-1.394099,0.119149,-0.397178,0.015838,0.098335,0.078501,0.237882,-0.192787,0.059104,0.037676,0.017515,0.212286,-1.410686,0.534697,-0.003714,0.190692,-1.342932,-0.058017,-0.154304,0.192515,0.393753,0.077983,-0.605514,-0.291054,0.283287,0.107337,211.523397,1.226734,-1.304604,0.016893,0.018675,1.081126,-0.243767,0.783705,0.039832,0.004329,0.165772,0.065589,0.358494,0.607738,0.120634,-0.055529
1.201202,0.735272,2.015714,0.040247,0.299876,0.200600,-1.159255,0.097964,-0.337433,0.031668,0.073144,0.094474,0.418346,-0.179522,0.085188,0.137534,0.044045,-0.379358,-1.040107,0.599490,-0.039640,0.658661,-1.626400,0.116770,-0.386120,0.021078,0.324968,0.091852,-0.602528,-0.390249,0.322913,0.113426,715.954660,1.093085,-1.102960,0.056525,0.042901,1.367560,-0.230330,0.535147,0.084908,0.009099,0.261459,0.085189,0.691241,0.755783,0.264466,0.046615
-0.520599,0.751692,0.503505,0.143737,0.274584,0.214289,-1.333283,0.215584,0.202184,0.113550,0.155183,0.151859,0.410171,0.222000,0.196399,0.150447,0.096135,0.375538,-1.466953,0.583990,-0.076465,0.111481,-1.546342,-0.031002,-0.712335,0.077379,0.658595,0.215908,-0.070892,-0.822072,0.620450,0.271421,275.942331,1.364221,-1.212425,0.059187,0.091907,1.222571,-0.261031,0.671247,0.046857,0.094577,0.414383,0.078926,0.784841,0.572801,-0.325225,0.472752
0.349191,0.903112,0.786265,0.016173,0.190754,0.147403,-0.822793,0.054316,-0.213654,0.005772,0.023911,0.087727,0.242363,-0.198336,0.156780,0.048266,0.012673,-0.198463,-0.939494,0.521228,-0.105203,0.230847,-1.162957,-0.198527,-0.138488,0.187037,0.532455,0.138612,-0.469045,-0.674953,0.272732,0.062758,327.472333,0.930670,-1.043579,0.022926,0.025810,1.356556,-0.241525,0.839442,0.040295,0.001759,0.295600,0.082283,0.380841,0.528111,0.206474,-0.012801
0.389504,1.000425,0.540037,0.006296,0.160749,0.104465,-0.916994,0.033283,-0.427743,0.007249,0.016029,0.119796,0.178505,-0.200281,0.021937,0.019761,0.006077,-0.032328,-1.064423,0.517554,-0.107629,0.390157,-1.196466,-0.216186,-0.124430,0.211087,0.284535,0.035722,-0.487980,-0.646515,0.271039,0.044546,223.074460,0.994984,-1.079333,0.011310,0.019100,1.206198,-0.243811,0.975954,0.021057,0.001143,0.131901,0.016869,0.349420,0.352676,0.140437,-0.056177
0.361512,0.657524,1.065135,0.076214,0.252028,0.173955,-1.584216,0.139872,0.462724,0.048545,0.134820,0.089198,0.458134,0.116856,0.097563,0.051310,0.084254,0.029540,-1.903058,0.577306,-0.049520,-0.206626,-1.351108,0.028079,-0.369589,0.051410,0.418747,0.120245,-0.520252,-0.814967,0.437459,0.168915,518.666394,1.605448,-1.187733,0.132950,0.076827,1.601020,-0.445986,-0.365490,0.536848,0.070518,0.307742,0.345235,0.830599,0.431311,-0.410253,0.191297
0.294662,0.302507,0.360123,0.136910,0.133334,0.122048,-1.297849,0.195693,0.643606,0.047382,0.111117,0.165579,0.385525,0.057081,0.067174,0.047003,0.079131,0.384162,-1.329204,0.599488,0.266028,0.155336,-1.456758,0.245440,-0.369589,0.169146,0.426708,0.093571,0.176754,-0.637975,0.437459,0.186142,210.503472,1.191660,-1.418955,0.144194,0.125162,1.095749,-0.450197,-0.365490,0.352411,0.064137,0.301716,0.106927,0.721292,0.552886,-0.328475,0.318161
-0.606343,0.570571,0.812486,0.245133,0.357351,0.291495,-1.402727,0.321149,0.610702,0.193759,0.358205,0.243010,0.554515,0.594606,0.274047,0.112286,0.201775,0.397162,-1.431687,0.762771,0.156453,-0.637500,-1.579541,-0.025748,-0.583518,-0.354237,0.715037,0.204504,0.518942,-0.377499,0.829150,0.264070,348.448050,1.248982,-1.376624,0.133831,0.195710,1.458705,-0.289441,0.389758,0.136109,0.179673,0.601474,0.027588,0.956471,0.777866,0.110378,0.538436
0.029941,0.672147,2.704246,0.029592,0.306220,0.198271,-1.192214,0.303296,0.558114,0.021759,0.076896,0.208173,0.386697,-0.169303,0.097334,0.075148,0.023091,0.366513,-1.293942,0.540457,-0.051649,0.338559,-1.376471,-0.041065,-0.175730,0.190871,0.491999,0.071959,-0.589709,-0.584860,0.284553,0.244858,983.175993,1.227622,-1.115747,0.025729,0.038322,1.888017,-0.257144,0.412070,0.161457,0.004169,0.304968,0.351426,0.362175,0.430846,0.527169,0.044579
-0.684292,0.640562,1.518136,0.247937,0.407874,0.238011,-1.463765,0.663988,-0.243745,0.086685,0.147917,0.242326,0.611485,0.512126,0.203839,0.104195,0.155806,-0.120030,-1.243097,0.914373,-0.051649,0.318665,-1.492915,0.052633,-1.145992,-0.066119,0.450975,0.163731,-0.857016,-1.029991,0.434574,0.383495,728.902510,1.109391,-1.216902,0.143237,0.133192,1.818057,-0.840116,-0.911947,0.627777,0.151399,0.376485,0.183469,0.989593,0.909091,-0.505921,0.250779
-0.684292,0.644943,0.584754,0.203949,0.392896,0.212959,-1.589471,0.424215,0.428172,0.107722,0.197007,0.323274,0.611485,0.512126,0.089016,0.166189,0.214732,0.556470,-1.729088,0.914373,0.604458,0.017248,-1.383017,0.692544,-1.145992,0.095541,0.529113,0.113775,-0.794035,-0.889314,0.434574,0.310175,313.619447,1.500162,-1.309609,0.384985,0.222513,1.501898,-0.840116,-0.933554,0.674641,0.199749,0.187630,0.366980,0.989593,0.572684,-0.505921,0.496304
-0.617729,0.731593,0.562203,0.234679,0.374764,0.364728,-1.510425,0.256365,0.332381,0.219611,0.254433,0.330366,0.628359,0.728929,0.281483,0.374485,0.217992,0.527290,-1.669475,0.779571,0.214146,-0.635402,-1.634146,0.201573,-0.904840,-0.386717,0.587062,0.233105,0.019349,-0.646300,1.042197,0.301937,236.484425,1.404250,-1.347534,0.169678,0.244901,1.245012,-0.427481,0.524726,0.197327,0.239211,0.653186,0.080094,0.839670,0.961836,-0.190312,0.506614
0.064236,0.861277,3.167722,0.022747,0.297691,0.099410,-1.392067,0.317598,0.104162,0.019014,0.085920,0.129201,0.420485,-0.191701,0.073356,0.055990,0.016814,0.201244,-1.528468,0.552526,-0.085138,0.315484,-1.261579,-0.109301,-0.154149,0.200731,0.508159,0.101991,-0.776757,-0.687136,0.292740,0.292544,950.617781,1.325350,-1.125758,0.051741,0.035198,1.632941,-0.246617,0.599447,0.134980,0.004193,0.175970,0.265104,0.375628,0.627578,0.451666,0.014397
-0.906020,0.698396,2.515013,0.260775,0.418255,0.340462,-1.519963,0.771626,-0.142735,0.106759,0.145953,0.174442,0.618205,0.693892,0.255459,0.161635,0.186458,-0.053511,-1.614184,0.946641,-0.101046,0.037087,-1.366610,0.130722,-1.275929,-0.064295,0.640869,0.233613,-0.960181,-1.036345,0.411314,0.505886,981.769615,1.432306,-1.400626,0.152695,0.151315,1.695308,-0.898871,-0.961569,0.677551,0.176424,0.390925,0.221407,1.220384,0.846671,-0.639815,0.270821
-0.906020,0.659699,0.703911,0.290182,0.411741,0.326424,-1.511583,0.506449,0.502846,0.134030,0.289203,0.347812,0.618205,0.693892,0.139406,0.234430,0.275163,0.617070,-1.701598,0.946641,0.816469,-0.291804,-1.565752,0.788346,-1.275929,0.036278,0.688597,0.159489,-0.897091,-1.023141,0.411314,0.358538,386.326137,1.490583,-1.381837,0.419609,0.245320,1.711275,-0.898871,-0.991933,0.703398,0.239502,0.247350,0.433009,1.220384,0.450934,-0.639815,0.594694
-0.490375,0.767009,0.461190,0.222822,0.375356,0.390206,-1.265511,0.262797,0.474931,0.244162,0.261256,0.302652,0.612452,0.516568,0.283449,0.365447,0.232310,0.617070,-1.450160,0.736178,0.558805,-0.585912,-1.776234,0.289375,-0.715226,-0.234419,0.733228,0.318425,0.138113,-0.844228,1.102404,0.311185,207.713080,1.162573,-1.478543,0.187983,0.267127,1.003783,-0.496836,0.561055,0.190653,0.217279,0.729630,0.085621,0.863233,0.845991,-0.457693,0.594694
-0.024444,0.833866,2.979258,0.031485,0.314785,0.117202,-1.215868,0.363190,0.240128,0.031169,0.075225,0.213636,0.385698,-0.154564,0.121594,0.057106,0.014821,0.364033,-1.327281,0.538738,-0.082532,0.325179,-1.161751,-0.100363,-0.216493,0.200995,0.595823,0.074142,-0.702380,-0.824186,0.299663,0.292875,1130.873481,1.273643,-1.206558,0.038335,0.060258,1.479836,-0.254897,0.622535,0.108849,0.006140,0.179456,0.283151,0.424599,0.570555,0.502730,0.017541
-0.833037,0.678633,1.952821,0.303503,0.424587,0.299611,-1.727299,0.740949,-0.097256,0.102567,0.142771,0.211182,0.692088,0.685803,0.254260,0.141434,0.179596,0.255089,-1.860076,0.857973,-0.119316,0.137020,-1.542319,0.089832,-1.548305,-0.019823,0.519639,0.168901,-0.924003,-1.165588,0.434747,0.457147,969.958945,1.564664,-1.243274,0.132182,0.138243,1.417379,-0.843856,-0.987719,0.617772,0.179190,0.601143,0.204220,1.343461,0.691265,-0.780948,0.223914
-0.833037,0.623202,0.842659,0.427846,0.574054,0.211286,-1.616183,0.489836,0.506827,0.255531,0.610550,0.259581,1.445861,0.685803,0.117006,0.509293,0.279723,0.585408,-1.894426,3.267065,0.884001,-0.414714,-1.461467,6.129963,-1.548305,0.036497,0.522248,0.227381,-0.897396,-1.165588,0.434747,0.476652,454.876392,1.629761,-1.328488,0.654357,0.259195,1.688098,-0.843856,-1.035634,0.673630,0.245057,0.511710,0.469840,1.343461,0.470504,-0.780948,0.679568
-0.473528,0.732225,0.432300,0.271119,0.491174,0.415807,-1.474063,0.282790,0.506987,0.339490,1.191705,0.288522,2.751747,0.494690,0.279889,0.703853,0.289745,0.539669,-1.753184,3.910671,0.755701,-0.506538,-1.607409,5.523927,-0.968723,-0.271533,0.759210,0.483739,0.139490,-1.180295,1.281737,0.307167,190.577957,1.486047,-1.285387,0.533506,0.309401,0.986312,-0.607655,0.506255,0.205990,0.235363,0.696267,0.088356,1.134400,0.908981,-0.733122,0.687828
0.065419,0.842417,2.306515,0.039130,0.331631,0.117284,-1.459673,0.333389,0.319665,0.166292,0.422592,0.242662,2.751747,-0.188306,0.144194,0.087455,0.015460,0.346022,-1.625236,2.115391,-0.084948,0.349008,-1.178555,5.523927,-0.158799,0.179511,0.613919,0.072813,-0.717428,-0.849001,0.304267,0.337563,802.102666,1.349880,-1.092070,0.234841,0.029068,1.504993,-0.251807,0.523264,0.163215,0.005449,0.225029,0.309590,0.373515,0.452501,0.533329,0.041919
-0.693528,0.725604,1.964775,0.277122,0.431019,0.226325,-1.593298,0.682751,-0.029001,0.097909,0.154904,0.207241,0.665477,0.537961,0.266789,0.149967,0.130118,0.155055,-1.717330,0.909283,-0.115724,-0.036062,-1.490737,0.173145,-1.224173,-0.011765,0.644652,0.229559,-0.847436,-1.059441,0.449303,0.485502,839.437095,1.531918,-1.056095,0.153494,0.165453,1.533643,-0.742147,-0.950062,0.670308,0.155064,0.486500,0.216072,0.861869,0.644989,-0.646935,0.265613
-0.693528,0.629303,0.777903,0.449909,0.461991,0.196684,-1.580267,0.424832,0.580698,0.167799,0.277432,0.233517,0.665477,0.537961,0.174386,0.241922,0.272250,0.471417,-1.787802,0.909283,0.898003,-0.128756,-1.379857,0.900005,-1.224173,-0.001409,0.644652,0.263930,-0.844313,-1.059441,0.449303,0.445578,386.649198,1.534285,-1.197171,0.498204,0.274924,1.753851,-0.861860,-1.031548,0.676331,0.235533,0.439126,0.482512,0.861869,0.466824,-0.646935,0.571218
-0.590808,0.737900,0.695105,0.268488,0.400621,0.428212,-1.528489,0.256587,0.555189,0.264361,0.253079,0.304246,0.674941,0.531468,0.309675,0.390405,0.289902,0.714348,-1.532135,0.788275,0.876111,-0.653123,-1.662230,0.625007,-0.612665,-0.510172,0.871593,0.289141,0.093873,-0.985353,1.152558,0.279120,268.422320,1.421793,-1.340867,0.300151,0.293643,1.623504,-0.626528,0.519905,0.197592,0.247227,0.598241,0.121290,1.087555,1.048198,-0.394764,0.586108
-0.048363,0.756345,2.150862,0.029723,0.323326,0.217315,-1.170876,0.358838,0.294095,0.028600,0.113409,0.271841,0.404884,-0.144009,0.211169,0.071216,0.019672,0.264364,-1.158697,0.573758,-0.103150,0.376001,-1.272733,-0.133961,-0.168854,0.168006,0.729365,0.117382,-0.667288,-0.804875,0.304206,0.346698,810.908916,1.212868,-1.163973,0.037492,0.043264,1.532683,-0.252722,0.522948,0.128625,0.013525,0.184387,0.294486,0.384860,0.443728,0.470892,0.019324
-0.467397,0.649608,1.483730,0.341000,0.409394,0.355861,-1.423314,0.631581,0.121381,0.100289,0.225978,0.130202,0.624124,0.764308,0.259456,0.112391,0.177723,-0.261063,-1.399717,0.999520,-0.141681,0.269240,-1.499440,0.415194,-1.339989,-0.077562,0.559084,0.240021,-0.750256,-0.943000,0.383498,0.471989,730.690408,1.299546,-1.338149,0.162818,0.163312,1.474097,-0.700400,-0.938218,0.635292,0.151629,0.402496,0.232745,0.944240,0.725788,-0.558700,0.385254
-0.467397,0.600949,0.580369,0.370879,0.376136,0.202378,-1.457040,0.349840,0.508860,0.120957,0.242162,0.306038,0.595171,0.764308,0.107860,0.231025,0.302201,0.422790,-1.637954,0.999520,0.262619,0.512814,-1.461009,0.956475,-1.339989,-0.027490,0.609372,0.221782,-0.673817,-0.894645,0.406300,0.295231,330.626505,1.408578,-1.436642,0.396642,0.240076,1.507786,-0.768580,-0.938368,0.643639,0.202224,0.377324,0.357518,0.944240,0.520231,-0.558700,0.413274
-0.389044,0.708686,0.664176,0.308380,0.340666,0.376734,-1.320533,0.203600,0.431255,0.140870,0.298581,0.269771,0.595152,0.655912,0.275477,0.360039,0.206304,0.476820,-1.420957,0.756390,-0.012576,-0.520844,-1.707757,0.298831,-0.765974,-0.645874,0.679537,0.267934,0.074449,-1.167684,0.504869,0.293151,254.413062,1.389884,-1.278897,0.181954,0.274849,1.166439,-0.524411,0.490626,0.168262,0.253113,0.633251,0.095813,0.938873,0.666057,-0.854219,0.988272
0.165766,0.837405,2.613448,0.038781,0.298227,0.166948,-1.217444,0.304697,0.184658,0.027362,0.081041,0.176273,0.387638,-0.165598,0.116598,0.045852,0.015391,0.319147,-1.154011,0.543797,-0.104461,0.284896,-1.126165,-0.171189,-0.154026,0.175144,0.566457,0.128136,-0.580516,-0.856020,0.284846,0.273882,945.877442,1.178060,-1.169509,0.042450,0.045255,1.771292,-0.254525,0.607186,0.097542,0.005163,0.274412,0.225248,0.360014,0.504162,0.462895,0.034809
-0.457333,0.663087,1.659435,0.340830,0.412845,0.263909,-1.472935,0.619354,0.040035,0.095186,0.255673,0.178757,0.613410,0.772137,0.241427,0.112167,0.162512,-0.106848,-1.555317,0.938421,-0.137473,0.316796,-1.571384,0.436996,-1.304098,-0.019940,0.681959,0.223992,-0.753851,-1.027562,0.423814,0.442964,774.291295,1.444799,-1.214400,0.134275,0.153551,1.744689,-0.657551,-0.913960,0.626618,0.157225,0.437333,0.203662,0.939450,0.655494,-0.620986,0.250431
-0.457333,0.591874,0.916778,0.431756,0.408145,0.169370,-1.384072,0.387518,0.436319,0.153378,0.260009,0.313610,0.613410,0.772137,0.150110,0.260122,0.305119,0.537478,-1.330146,0.938421,0.332671,0.128847,-1.537813,1.000853,-1.304098,-0.012125,0.681959,0.226987,-0.721934,-1.027562,0.423814,0.455960,473.027655,1.085204,-1.356448,0.446407,0.276111,1.452144,-0.781211,-1.004161,0.629660,0.220137,0.376998,0.360611,0.939450,0.508813,-0.620986,0.574026
-0.392509,0.646271,0.470813,0.302413,0.345502,0.270675,-1.404281,0.216975,0.423607,0.185869,0.265491,0.266500,0.570761,0.199491,0.253639,0.312511,0.299130,0.540825,-1.485002,0.764106,0.128658,0.090520,-1.553981,0.503107,-0.644631,-0.502718,0.687690,0.231065,0.050363,-1.497643,0.664664,0.312657,204.724055,1.293288,-1.494101,0.210059,0.256053,0.473641,-0.486545,0.466844,0.137012,0.177991,0.497895,0.101810,0.987051,0.806190,-0.301200,0.590100
0.176622,0.744325,2.560535,0.020090,0.305579,0.115270,-1.211985,0.311929,0.182691,0.028804,0.063380,0.226650,0.391765,-0.175952,0.098133,0.044852,0.013054,0.052797,-1.046204,0.543754,-0.116395,0.196847,-1.258872,-0.151427,-0.148495,0.202543,0.511468,0.146009,-0.547887,-0.660912,0.281001,0.301361,900.350686,1.101806,-1.195032,0.043982,0.049305,1.515419,-0.249870,0.534389,0.102693,0.004462,0.235061,0.215658,0.322325,0.445208,0.431872,0.034943
-0.062850,0.639775,2.269885,0.272433,0.405105,0.216575,-1.521441,0.480232,0.092515,0.078465,0.215829,0.126854,0.614535,0.421064,0.228112,0.131405,0.104966,-0.228404,-1.244939,0.932928,0.069074,0.359684,-1.632552,0.575692,-1.211807,-0.093252,0.503190,0.228968,-0.680947,-0.938601,0.421462,0.436329,1019.026883,1.106160,-1.281960,0.159019,0.143837,1.609885,-0.575473,-1.018867,0.676324,0.113182,0.252303,0.207754,0.771005,0.629377,-0.502810,0.158142
-0.062850,0.642700,1.069544,0.194054,0.304931,0.166998,-1.610738,0.267390,0.360805,0.066986,0.112512,0.327716,0.468348,0.421064,0.071445,0.173419,0.185286,0.482289,-1.725459,0.932928,0.210263,0.416621,-1.465897,0.710649,-1.211807,0.139118,0.503190,0.119427,-0.359818,-0.953373,0.421462,0.273480,571.148466,1.418647,-1.450348,0.260759,0.215008,1.548230,-0.645001,-1.020244,0.650512,0.145748,0.073886,0.192641,0.771005,0.472480,-0.481358,0.372443
-0.514591,0.531169,0.558848,0.282752,0.363093,0.360886,-1.449213,0.331504,0.399377,0.196211,0.294600,0.315568,0.534741,0.289962,0.231260,0.487419,0.258289,0.846996,-1.765619,0.781122,0.217349,0.080865,-1.565307,0.227606,-1.477477,-0.398794,0.502158,0.382295,0.132906,-0.741106,0.911643,0.169136,222.393428,1.532820,-1.348127,0.106717,0.204109,1.345875,-0.347102,0.331910,0.167213,0.156507,0.684825,0.070695,1.215480,0.886573,-0.115653,0.617904
0.416662,0.652770,1.494243,0.058152,0.312982,0.226934,-1.246521,0.319719,0.142475,0.039658,0.143828,0.223480,0.376294,-0.179989,0.069408,0.103767,0.038140,-0.259322,-1.195808,0.616849,-0.099996,0.348230,-1.312329,0.035450,-0.354165,0.200613,0.451807,0.171688,-0.572644,-0.325941,0.310172,0.409521,535.004771,1.136186,-1.394363,0.035106,0.087338,1.559580,-0.249521,0.411581,0.091846,0.005786,0.315078,0.209466,0.570277,0.571746,0.507760,0.104079
-1.117237,0.584389,1.298010,0.299852,0.432963,0.396470,-1.241122,0.934549,-0.235879,0.088488,0.231475,0.185096,0.719686,0.085246,0.283740,0.185564,0.154039,-0.085639,-1.231428,0.946634,0.522532,0.051540,-1.671366,0.035450,-0.932763,-0.135587,0.707659,0.229809,-1.040812,-0.948795,0.310172,0.349344,632.908191,1.103479,-1.547921,0.098006,0.194081,1.192507,-0.571332,-0.964430,0.521629,0.067483,0.438048,0.243271,0.956980,0.983078,-0.723108,0.392188
-1.117237,0.685145,0.653199,0.253278,0.502318,0.286348,-1.412784,0.674585,0.462846,0.122272,0.248793,0.437869,0.719686,0.096078,0.189425,0.227936,0.196022,0.529543,-1.658370,0.987342,0.564937,0.051540,-1.577520,0.793325,-0.932763,-0.060967,0.707659,0.251210,-1.004863,-0.948795,0.339214,0.604034,370.119883,1.477107,-1.405708,0.524103,0.186041,1.475214,-1.036392,-1.220277,0.600601,0.128337,0.420894,0.499591,0.956980,0.571957,-0.723108,0.406061
-0.939652,0.587061,0.546634,0.450770,0.487169,0.488980,-1.342195,0.361573,0.460074,0.217543,0.515360,0.441675,0.740465,1.288026,0.421838,0.407826,0.387666,0.671236,-1.631138,0.868497,0.564937,-1.162553,-1.546564,0.784789,-1.094571,-0.586825,0.859869,0.345007,0.274799,-1.034203,1.049200,0.305240,232.798132,1.348767,-1.355268,0.442223,0.412678,1.404965,-0.733159,0.206141,0.314156,0.429057,0.456848,0.037462,1.329006,0.993938,-0.283651,0.972261
0.264124,0.533538,2.356096,0.032738,0.323692,0.208143,-1.171866,0.314286,0.451020,0.031333,0.194093,0.204220,0.391486,-0.185375,0.232855,0.128014,0.014618,-0.130902,-1.164066,0.574572,-0.111013,0.089382,-1.326329,-0.140148,-0.227598,0.164194,0.750821,0.147343,-0.701381,-0.767048,0.284262,0.334067,849.316616,1.088549,-1.087236,0.033725,0.063235,1.668233,-0.261616,0.218503,0.161765,0.016689,0.301593,0.335085,0.331321,0.589779,0.579382,0.058875
-0.894159,0.573220,1.557937,0.270245,0.416760,0.330401,-1.235864,0.796496,-0.213056,0.079355,0.262177,0.228899,0.724427,0.655019,0.244388,0.152461,0.189804,0.521925,-1.439690,0.884347,0.145918,0.278281,-1.573305,0.193805,-1.371662,-0.113842,0.572961,0.168969,-1.035419,-1.096084,0.388812,0.459299,724.538377,1.283027,-1.398744,0.154360,0.183142,1.591186,-0.810963,-1.045416,0.573588,0.165287,0.318845,0.230786,1.327211,0.946238,-0.719338,0.353827
-0.894159,0.687690,0.410493,0.183847,0.436560,0.253625,-1.346288,0.555884,0.525515,0.080320,0.246990,0.259500,0.724427,0.655019,0.113582,0.228935,0.243676,0.521925,-1.610376,0.927554,0.533157,0.014951,-1.674449,0.710868,-1.371662,-0.027575,0.622497,0.139246,-0.931448,-1.165366,0.388812,0.406860,227.730493,1.424726,-1.659776,0.412819,0.226191,1.177708,-0.887376,-1.111875,0.655945,0.204841,0.177103,0.473362,1.327211,0.509249,-0.719338,0.514750
-0.763992,0.781824,0.562630,0.371490,0.370389,0.589751,-1.494041,0.327873,0.479113,0.417294,0.385747,0.342954,0.711477,0.583682,0.388819,0.750657,0.368614,0.663466,-1.618119,1.061626,0.244186,-0.753890,-1.642602,0.464862,-2.031248,-0.928464,0.821413,0.382644,0.131535,-1.357687,2.007893,0.242048,226.671169,1.373434,-1.546382,0.236475,0.355519,1.264526,-0.567819,0.565321,0.134234,0.282646,0.482992,0.118024,2.223533,1.093210,-0.418655,1.163327
-0.349275,0.876800,2.552228,0.019577,0.322984,0.192737,-1.065245,0.377029,0.163769,0.024053,0.121567,0.356331,0.429353,-0.190132,0.192534,0.078102,0.026807,0.603631,-1.027371,0.621618,-0.085885,0.136679,-1.003717,-0.112991,-0.208433,0.202050,0.754281,0.208116,-0.719095,-0.828304,0.284641,0.327319,999.122139,1.054569,-1.156325,0.035567,0.039354,1.548837,-0.280184,0.610880,0.144946,0.010639,0.177344,0.273720,0.460114,0.342186,0.491592,0.073458
-0.920898,0.723367,1.682040,0.368922,0.431574,0.368385,-1.463723,0.672318,-0.204578,0.127517,0.278755,0.212526,0.651686,0.904231,0.251966,0.159454,0.228204,0.174159,-1.610638,0.946510,-0.020344,-0.049822,-1.413562,0.200504,-1.709980,-0.089928,0.624640,0.324138,-0.847028,-1.377607,0.423708,0.471864,835.537537,1.473608,-1.337486,0.165427,0.175522,1.573884,-0.862891,-1.009543,0.691486,0.198265,0.370697,0.170134,1.075976,0.642156,-0.714219,0.416989
-0.920898,0.680477,0.473999,0.305514,0.461071,0.308652,-1.462101,0.471696,0.391699,0.177463,0.419984,0.309613,0.651686,0.904231,0.186675,0.216598,0.340679,0.495728,-1.675148,0.958046,0.985198,-0.086170,-1.386465,0.775579,-1.709980,-0.045396,0.753192,0.209672,-0.794054,-1.377607,0.423708,0.396161,249.562038,1.527318,-1.297560,0.480760,0.333019,1.311137,-0.862891,-1.014611,0.745794,0.283841,0.297622,0.370664,1.075976,0.346678,-0.714219,0.792046
-0.781471,0.781684,0.493234,0.272003,0.394840,0.518502,-1.672410,0.291446,0.331242,0.318600,0.335365,0.329064,0.655865,0.706457,0.266387,0.396125,0.323646,0.618647,-2.218050,0.958046,0.541301,-1.059656,-1.512087,0.449655,-0.665599,-0.507928,0.582735,0.313819,0.025547,-0.832858,1.613250,0.322092,226.627237,1.797419,-1.165124,0.198898,0.346768,1.134871,-0.430583,0.525816,0.211384,0.275350,0.676245,0.079392,1.113041,0.860155,-0.383083,0.792046
-0.009666,0.840836,2.769872,0.025500,0.321799,0.134082,-1.087172,0.378214,0.116892,0.035334,0.126819,0.240536,0.381953,-0.173599,0.102771,0.087862,0.010647,0.144369,-1.064008,0.540941,-0.083805,0.210994,-0.985855,-0.085352,-0.209626,0.178540,0.559172,0.122741,-0.659386,-0.720965,0.280893,0.288047,1008.835604,1.148207,-1.050320,0.034021,0.057426,1.596407,-0.255613,0.633905,0.084724,0.005226,0.208654,0.242566,0.395942,0.505471,0.514231,0.028852
-0.631502,0.667115,1.543217,0.239084,0.408202,0.303009,-1.432210,0.689415,-0.064400,0.107430,0.172648,0.194797,0.590559,0.889990,0.247507,0.168340,0.212549,0.059752,-1.588120,0.906524,-0.033059,-0.072740,-1.591349,0.092087,-1.543228,-0.010491,0.571302,0.243295,-0.890888,-1.279588,0.350726,0.469613,686.256357,1.436901,-1.182917,0.161092,0.147897,1.684999,-0.795253,-1.013035,0.666501,0.178071,0.570185,0.214517,0.998017,0.657252,-0.698012,0.330893
-0.631502,0.693185,0.709116,0.272404,0.382220,0.177761,-1.504691,0.418937,0.541984,0.129287,0.239183,0.292088,0.590559,0.889990,0.141318,0.237024,0.264947,0.476376,-1.710233,0.906524,0.878644,0.043953,-1.389307,0.722424,-1.543228,0.024479,0.571302,0.155828,-0.680443,-1.056125,0.355799,0.280701,365.741564,1.478569,-1.156844,0.380046,0.242894,1.524925,-0.801141,-1.030705,0.730728,0.237966,0.280934,0.357983,0.998017,0.546066,-0.698012,0.502278
-0.578478,0.707238,0.665141,0.313813,0.394726,0.519812,-1.612525,0.288737,0.450415,0.420583,0.318237,0.274194,0.784503,1.008064,0.363415,0.577829,0.357033,0.870769,-1.863731,0.843225,0.244342,-0.975196,-1.450881,0.214251,-0.781563,-1.404331,0.859110,0.476821,-0.053697,-0.941548,2.291981,0.267834,243.806669,1.605441,-1.126189,0.135084,0.365171,1.590189,-0.284767,0.497858,0.171633,0.236650,0.624985,0.162840,1.832253,1.000842,-0.959554,1.171138
0.335604,0.727462,1.738193,0.058210,0.300467,0.134647,-1.324052,0.317012,-0.038216,0.029888,0.142024,0.282037,0.372620,-0.193237,0.110369,0.079141,0.032966,0.209553,-1.341320,0.564259,-0.097620,0.227052,-1.328526,-0.177353,-0.228539,0.213359,0.617720,0.085633,-0.661000,-0.698592,0.279619,0.222455,608.185650,1.151283,-1.142144,0.044206,0.054021,1.365037,-0.268714,0.578940,0.066937,0.007873,0.146044,0.189632,0.414206,0.560957,0.434884,0.017955
-0.074697,0.455042,0.506135,0.268803,0.341532,0.295635,-1.529954,0.527361,0.022285,0.082780,0.201977,0.182999,0.498950,0.186396,0.259917,0.175438,0.131040,-0.034319,-1.722178,0.933111,0.646718,0.148130,-1.665402,0.185307,-1.238684,-0.023133,0.530942,0.178406,-0.911338,-0.994713,0.380151,0.470700,269.360167,1.473269,-1.201858,0.308443,0.114210,1.348868,-0.686776,-0.689232,0.482476,0.087019,0.384793,0.311176,0.648965,0.719604,-0.341851,0.026297
0.093573,1.099831,0.778295,0.032997,0.184476,0.188596,-0.869169,0.021840,-0.302649,0.021395,0.100400,0.120432,0.233149,-0.189656,0.181053,0.077095,0.029705,0.334229,-0.846867,0.731953,-0.063771,0.021534,-1.297141,-0.037805,-0.157469,0.085724,0.658777,0.111687,-0.585102,-0.749080,0.283947,0.085111,391.772904,0.852647,-1.023780,0.010806,0.042925,1.142546,-0.257359,0.925460,0.059493,0.003077,0.224672,0.069822,0.601038,0.395129,0.169943,0.106185
0.265863,0.997223,0.807741,0.031416,0.214620,0.151428,-1.195640,0.134109,-0.293948,0.023796,0.098204,0.091061,0.240138,-0.177619,0.052046,0.072805,0.038249,0.185974,-1.272247,0.571350,0.129764,0.295994,-1.245618,-0.022208,-0.119055,0.170901,0.329963,0.114347,-0.521568,-0.249395,0.296623,0.154122,309.609352,1.144595,-1.268344,0.012716,0.028731,1.301531,-0.240644,0.949807,0.042507,0.008861,0.183002,0.062759,0.469882,0.449774,0.109801,-0.029987
0.916924,0.865657,1.682546,0.044145,0.267454,0.113765,-1.138947,0.081960,-0.321554,0.021310,0.053914,0.140083,0.334065,-0.218224,0.036991,0.040287,0.010150,-0.233570,-1.166865,0.562497,-0.109704,0.499525,-1.358124,-0.078564,-0.231630,0.200602,0.360937,0.043741,-0.580158,-0.323606,0.262363,0.093988,624.881093,1.251080,-1.259306,0.027701,0.032842,1.716578,-0.241183,0.793198,0.032277,0.006768,0.237553,0.074848,0.428208,0.754893,0.251159,-0.101347
-0.515366,0.825729,0.662251,0.113692,0.266035,0.166556,-1.299569,0.218809,0.224955,0.064397,0.144303,0.111481,0.416872,0.108036,0.142688,0.099662,0.100078,0.337914,-1.299223,0.538833,-0.033684,-0.645014,-1.414300,-0.085761,-0.328457,-0.086096,0.562376,0.288370,-0.205974,-0.909514,0.296073,0.201433,341.037456,1.124151,-1.011099,0.062711,0.128812,1.344640,-0.254781,0.711621,0.064028,0.069893,0.267251,0.126422,0.709674,0.416609,-0.273186,0.567790
0.224331,1.046888,0.730167,0.014151,0.188833,0.159001,-0.815996,0.032613,-0.260588,0.007418,0.031118,0.087867,0.222288,-0.200670,0.149086,0.044093,0.010897,-0.137280,-0.908593,0.539784,-0.090566,0.164526,-1.049775,-0.221593,-0.137890,0.195415,0.475774,0.152111,-0.624227,-0.624631,0.272703,0.053873,298.867808,0.829028,-0.966137,0.010848,0.026603,1.275909,-0.244576,0.969084,0.040229,0.001654,0.313786,0.106429,0.373821,0.446262,0.185344,-0.036897
0.376278,1.064096,1.039546,0.013936,0.186926,0.081412,-0.827079,0.045796,-0.587316,0.003363,0.027814,0.032797,0.197038,-0.201271,0.020650,0.023347,0.007288,-0.224890,-1.032184,0.527114,-0.095832,0.327297,-1.076703,-0.199501,-0.123889,0.211008,0.294579,0.047753,-0.712773,-0.591395,0.270846,0.058057,416.185767,0.917675,-0.954804,0.003378,0.012831,1.563556,-0.241072,1.038292,0.013619,0.001314,0.134988,0.032472,0.356422,0.367125,0.159622,-0.102118
0.462567,0.685059,0.537522,0.096903,0.239070,0.129004,-1.366399,0.204776,0.064667,0.063886,0.102265,0.043617,0.433741,0.007917,0.096097,0.040232,0.089522,-0.171159,-1.648154,0.541070,-0.070696,0.056038,-1.280751,0.013770,-0.470792,0.093682,0.493739,0.090838,-0.712773,-0.631648,0.445963,0.147283,312.430042,1.428660,-1.600056,0.111304,0.086739,1.397110,-0.374909,-0.107408,0.430339,0.057561,0.187167,0.244360,0.920919,0.569961,-0.501591,0.173267
0.159016,0.279679,0.381362,0.061543,0.126953,0.105080,-1.279113,0.300555,0.528446,0.056002,0.061832,0.172871,0.375737,-0.006708,0.066103,0.033659,0.043730,0.275066,-1.458125,0.624362,0.203047,0.220180,-1.399270,0.121235,-0.275538,0.138983,0.458390,0.077481,-0.264727,-0.708506,0.445963,0.174124,240.910534,1.251360,-1.417038,0.138843,0.106504,0.996968,-0.427217,-0.107408,0.289748,0.073344,0.158291,0.229915,0.688134,0.619195,-0.306366,0.273311
-0.502181,0.561353,0.451786,0.226904,0.372230,0.334223,-1.462855,0.230618,0.567608,0.221601,0.188087,0.266321,0.606694,0.598507,0.307198,0.348824,0.294974,0.682682,-1.676737,0.762882,0.474971,-0.196090,-1.702976,0.087489,-0.679562,-0.391331,0.613594,0.275569,0.454532,-0.296317,1.003906,0.144631,207.246193,1.414231,-1.475657,0.140193,0.250653,1.064174,-0.281966,0.314592,0.218788,0.175361,0.695845,0.024231,1.503281,0.764118,-0.136364,0.703408
0.224801,0.684193,2.771849,0.028104,0.277597,0.106793,-1.212861,0.224399,0.511120,0.014470,0.082291,0.228575,0.375523,-0.184607,0.114116,0.072089,0.016289,0.515508,-1.190795,0.541598,-0.074521,0.134064,-1.218637,-0.084475,-0.147817,0.181014,0.501495,0.134980,-0.666110,-0.710104,0.282210,0.297617,1010.272968,1.198088,-1.235826,0.037272,0.035746,1.745559,-0.259501,0.338431,0.213634,0.007874,0.168675,0.343994,0.335361,0.483760,0.503914,0.042792
-0.689188,0.667343,2.097742,0.307820,0.408564,0.242354,-1.030102,0.680618,-0.319397,0.089872,0.162582,0.237617,0.621367,0.582973,0.275393,0.132200,0.205637,0.148500,-0.658275,0.835397,-0.074521,0.155913,-1.480924,0.186782,-1.579499,-0.038121,0.651259,0.256479,-0.970175,-1.038576,0.402065,0.423882,961.986272,0.611509,-1.406541,0.154165,0.123588,1.722394,-0.723846,-0.820236,0.610396,0.156116,0.505937,0.198825,0.937929,0.728900,-0.554927,0.310386
-0.689188,0.580729,0.501221,0.212853,0.394293,0.193569,-1.415587,0.439540,0.383648,0.125498,0.262068,0.373874,0.621367,0.582973,0.123775,0.218094,0.269273,0.576688,-1.455322,0.835397,0.768407,-0.250932,-1.434648,0.810231,-1.579499,0.108975,0.651259,0.174407,-0.892139,-0.926127,0.402065,0.332181,271.572722,1.258916,-1.493360,0.397536,0.240752,1.502123,-0.770210,-0.845951,0.641161,0.219701,0.447798,0.438170,0.937929,0.513065,-0.554927,0.570367
-0.527574,0.685375,0.474748,0.274202,0.399950,0.414439,-1.465915,0.287960,0.478645,0.300579,0.332726,0.306275,0.651964,0.602450,0.311862,0.444005,0.271808,0.576688,-1.711131,0.795793,0.461977,-0.761025,-1.599907,0.305670,-0.591468,-0.547647,0.702576,0.412775,0.118066,-0.806336,1.478316,0.276942,215.973790,1.462156,-1.392016,0.183178,0.292010,1.316169,-0.425239,0.433427,0.237029,0.229831,0.635584,0.088187,0.979235,1.170772,-0.324951,0.616993
0.228835,0.758775,2.249443,0.027338,0.302929,0.139748,-1.127407,0.313348,0.192851,0.025361,0.093360,0.142596,0.379479,-0.141432,0.101188,0.066555,0.015021,-0.035480,-1.079775,0.543658,-0.076177,0.381879,-1.129800,-0.083859,-0.250526,0.185186,0.626831,0.096365,-0.766649,-0.722562,0.287374,0.305540,918.330191,1.062369,-1.015402,0.036659,0.047493,1.503489,-0.272883,0.509128,0.124726,0.006456,0.161137,0.288776,0.417923,0.548420,0.528861,0.019272
-0.963822,0.632812,1.422884,0.298042,0.412282,0.302372,-1.434578,0.804169,-0.258317,0.096102,0.164109,0.159096,0.627703,0.611178,0.280701,0.147223,0.203510,-0.050165,-1.553265,0.858477,-0.108615,-0.031683,-1.625596,0.001616,-1.562359,-0.111461,0.701577,0.268344,-1.014199,-1.137425,0.418919,0.446965,747.026051,1.363566,-1.366470,0.126192,0.146523,1.356074,-0.877714,-0.936339,0.583120,0.163181,0.478733,0.186927,1.297579,0.856510,-0.666595,0.263157
-0.963822,0.625666,0.728329,0.351970,0.417912,0.244063,-1.455536,0.538784,0.485431,0.125013,0.291775,0.321624,0.627703,0.611178,0.144909,0.212199,0.255641,0.702866,-1.608814,0.858477,0.947906,-0.277641,-1.574876,0.756578,-1.562359,0.075409,0.701577,0.177886,-0.919088,-1.130716,0.418919,0.403129,366.363669,1.396549,-1.334153,0.422130,0.238809,1.757618,-0.877714,-0.985696,0.660582,0.233925,0.308774,0.469472,1.297579,0.556132,-0.666595,0.608317
-0.625368,0.731917,0.430102,0.277687,0.375266,0.440055,-1.320108,0.285055,0.490409,0.279021,0.325308,0.392029,0.640037,0.306913,0.256239,0.504479,0.258703,0.755863,-1.629745,0.752446,0.260236,-0.330512,-1.520522,0.333423,-0.943810,-0.208090,0.647527,0.347188,0.041468,-0.896489,1.398508,0.275288,185.105441,1.383639,-1.204299,0.182081,0.296367,1.188832,-0.456882,0.500076,0.199929,0.218157,0.674860,0.128060,1.447839,0.951787,-0.618364,0.630172
0.102314,0.867757,2.491622,0.041191,0.297016,0.131950,-1.224873,0.294374,0.121634,0.025646,0.127692,0.247667,0.400223,-0.181252,0.086261,0.074299,0.028404,0.295995,-1.358938,0.562909,-0.089097,0.305972,-1.206632,-0.120953,-0.198754,0.205330,0.551560,0.094990,-0.874587,-0.786716,0.291735,0.295959,879.178021,1.158754,-1.149992,0.049546,0.045852,1.840454,-0.263440,0.604955,0.147025,0.007579,0.204878,0.301528,0.424354,0.656399,0.509210,0.029392
-0.495553,0.731812,2.066029,0.281618,0.426026,0.262148,-1.215230,0.628439,-0.113453,0.080434,0.152412,0.186670,0.671415,0.487588,0.287399,0.115097,0.141413,0.046411,-0.875673,0.890214,-0.128581,-0.071669,-1.400206,0.215453,-1.146038,-0.046633,0.649146,0.193783,-1.103303,-0.961521,0.404478,0.481336,894.872371,0.697230,-1.408590,0.151758,0.146606,1.754324,-0.663473,-0.918178,0.666106,0.142961,0.507434,0.238800,0.847447,0.775251,-0.692286,0.187679
-0.495553,0.621771,0.677123,0.375821,0.438774,0.164727,-1.508931,0.369792,0.420563,0.139605,0.218635,0.213768,0.671415,0.487588,0.132594,0.191762,0.246172,0.437413,-1.694980,0.890214,0.746647,-0.193587,-1.555691,0.902161,-1.146038,0.056958,0.649146,0.239530,-0.996004,-0.961521,0.404478,0.419531,353.048440,1.458726,-1.373651,0.462442,0.266416,1.462008,-0.810997,-0.975469,0.679823,0.215678,0.418237,0.452846,0.847447,0.549044,-0.692286,0.628596
-0.476758,0.747970,0.408140,0.300691,0.385689,0.414815,-1.640268,0.250807,0.489906,0.295159,0.378831,0.216644,0.622421,0.365809,0.277479,0.361226,0.292335,0.498458,-1.980089,0.804513,0.310797,-1.452569,-1.767297,0.548915,-0.429943,-0.448699,0.646632,0.421207,0.134766,-0.931616,1.314350,0.351555,167.295502,1.676518,-1.379545,0.227435,0.307026,1.238863,-0.560946,0.497868,0.210155,0.224459,0.616932,0.071803,0.798590,0.917674,-0.681748,0.704585
0.014794,0.803861,3.015568,0.039091,0.309568,0.135426,-1.026849,0.343805,0.356601,0.023845,0.151351,0.272496,0.412765,-0.179742,0.122343,0.075953,0.021651,0.498458,-0.345349,0.536404,-0.072751,0.132286,-1.325621,-0.129215,-0.137567,0.173457,0.634072,0.125550,-0.732759,-0.854477,0.290528,0.285130,954.853201,0.263362,-1.104253,0.041004,0.041723,1.671087,-0.255530,0.529663,0.126158,0.007633,0.289353,0.325316,0.363135,0.531877,0.474640,0.045154
-0.775207,0.702853,2.553087,0.280062,0.438171,0.302880,-1.415847,0.736038,-0.058256,0.090197,0.174885,0.201845,0.673559,0.695240,0.295867,0.126548,0.133908,0.146347,-1.514160,0.942880,-0.072751,0.132562,-1.587188,0.119298,-1.393322,-0.031261,0.647535,0.233693,-0.930630,-1.024093,0.421488,0.488005,1007.228588,1.273802,-1.438197,0.147340,0.154970,1.654310,-0.815936,-0.960517,0.633749,0.164824,0.523070,0.235805,0.995035,0.729685,-0.712222,0.299533
-0.775207,0.627969,0.827495,0.413719,0.479670,0.285342,-1.617256,0.456653,0.508440,0.157519,0.251383,0.267277,0.673559,0.695240,0.185926,0.198417,0.252527,0.543454,-1.955188,0.942880,0.774158,0.014438,-1.470445,0.894100,-1.393322,-0.023588,0.647535,0.263779,-0.913973,-1.024093,0.422625,0.493789,442.768377,1.690782,-1.461453,0.509633,0.259255,1.711452,-0.871400,-1.050759,0.662111,0.235375,0.496338,0.476967,0.995035,0.509037,-0.712222,0.633893
-0.607993,0.698594,0.699312,0.345670,0.429380,0.519507,-1.443526,0.234730,0.437067,0.270706,0.324328,0.262593,0.721340,0.673304,0.294018,0.384397,0.312629,0.543454,-1.590742,0.818685,0.773074,-1.434037,-1.739907,0.734551,-0.615160,-0.387968,0.708113,0.361608,0.234224,-0.919933,1.199751,0.317633,282.994382,1.255671,-1.347925,0.339575,0.339376,1.655451,-0.640017,0.422529,0.232703,0.261175,0.558198,0.051416,1.221033,0.988503,-0.667170,0.814048
-0.049092,0.668220,2.044406,0.052812,0.331360,0.320906,-1.126543,0.362510,0.302005,0.027805,0.197331,0.251285,0.406866,-0.160004,0.154507,0.128040,0.022857,0.284402,-1.180701,0.648550,-0.095798,0.082905,-1.208877,-0.126107,-0.244287,0.167830,0.593774,0.097705,-0.646100,-0.817217,0.281745,0.349182,781.235124,1.094156,-1.070452,0.042037,0.051573,1.705241,-0.269617,0.422529,0.155609,0.012869,0.252618,0.319487,0.332291,0.447479,0.492012,0.062380
-0.503972,0.620288,1.496364,0.321835,0.422285,0.256854,-1.637213,0.650823,-0.084388,0.085275,0.250063,0.146469,0.646339,0.526189,0.293646,0.118920,0.158638,-0.062326,-1.779919,0.978747,-0.004339,0.279601,-1.657088,0.462612,-1.437683,-0.084043,0.567515,0.181437,-0.894439,-0.842485,0.430223,0.437070,744.983014,1.561715,-1.439353,0.152398,0.171258,1.685646,-0.711622,-0.953559,0.605442,0.142567,0.482362,0.209646,0.830378,0.747243,-0.606853,0.325820
-0.503972,0.633496,0.950554,0.261764,0.397744,0.176129,-1.625205,0.357040,0.353016,0.135273,0.244611,0.345909,0.646339,0.526189,0.097590,0.245718,0.282705,0.631588,-1.886554,0.978747,0.353518,0.474409,-1.682798,0.879166,-1.437683,0.057342,0.548248,0.187335,-0.784220,-0.842485,0.430223,0.406408,517.643596,1.632175,-1.540476,0.415374,0.255429,1.685460,-0.865747,-0.995398,0.668489,0.203633,0.310844,0.354605,0.830378,0.592549,-0.606853,0.536055
-0.382499,0.655224,0.535381,0.282612,0.348378,0.401519,-1.658636,0.260878,0.310619,0.207364,0.255768,0.313856,0.562226,0.408988,0.258268,0.375576,0.143789,0.628988,-1.917616,0.757121,-0.049563,-0.116436,-1.751317,0.144376,-0.811332,-0.244893,0.650498,0.324178,-0.058851,-0.838521,0.824603,0.311453,226.769395,1.540264,-1.331422,0.135417,0.249692,1.276720,-0.341886,0.455677,0.162315,0.194480,0.628198,0.100452,0.936972,0.832929,-0.368311,0.536055
0.421395,0.791038,1.797483,0.071089,0.294077,0.157517,-1.204733,0.273632,0.027566,0.027101,0.125831,0.116389,0.369208,-0.178712,0.120009,0.070112,0.020021,-0.152983,-1.226036,0.555828,-0.060603,0.469735,-1.224525,-0.143202,-0.265578,0.196899,0.540848,0.144680,-0.660682,-0.750281,0.286775,0.276301,610.245084,1.005415,-1.072331,0.049124,0.043742,1.448378,-0.243916,0.579873,0.093612,0.006458,0.272460,0.183899,0.461050,0.572990,0.459815,0.036906
-0.651954,0.623620,1.170757,0.317515,0.406932,0.274646,-1.464457,0.725845,0.041869,0.090007,0.213487,0.153876,0.587756,0.752626,0.215217,0.161229,0.205878,-0.210321,-1.603535,0.862037,-0.075316,0.307963,-1.497218,0.304708,-1.544686,-0.021486,0.672948,0.198563,-0.822186,-0.972954,0.383966,0.372928,522.040384,1.346242,-1.225379,0.127745,0.149670,1.602673,-0.791784,-1.032106,0.609964,0.173741,0.458700,0.206341,1.123047,0.739911,-0.712836,0.254047
-0.651954,0.652393,0.749415,0.330737,0.437066,0.253502,-1.575106,0.407614,0.529461,0.159378,0.274586,0.358625,0.587756,0.752626,0.126283,0.257401,0.329287,0.535671,-1.764138,0.869796,0.459731,0.131569,-1.540916,0.947833,-1.544686,0.022894,0.672948,0.202366,-0.766421,-0.972954,0.400497,0.408575,403.856552,1.472076,-1.299402,0.462670,0.284609,1.299224,-0.875552,-1.077140,0.701256,0.243590,0.377733,0.405752,1.123047,0.551340,-0.712836,0.578661
-0.483594,0.687760,0.620482,0.205659,0.366027,0.353066,-1.574588,0.232291,0.404980,0.262844,0.228059,0.303858,0.605491,0.561043,0.284597,0.449744,0.279016,0.543297,-1.710006,0.781171,0.171780,-0.185171,-1.465074,0.354989,-1.049240,-0.341496,0.753271,0.246092,-0.036159,-1.106299,1.176263,0.263436,259.158049,1.461995,-1.355630,0.184917,0.280293,1.372029,-0.441392,0.468097,0.190980,0.233017,0.623952,0.123077,0.967724,0.868937,-0.242666,0.578661
0.208203,0.827270,1.727509,0.038551,0.292517,0.136002,-1.271847,0.267404,0.131720,0.017640,0.119616,0.210391,0.423835,-0.166888,0.097383,0.088864,0.026897,0.095491,-1.269133,0.561451,-0.065531,0.205327,-1.262201,-0.169559,-0.221785,0.177112,0.506664,0.099672,-0.622057,-0.711958,0.289441,0.346878,626.826908,1.182078,-1.198817,0.054536,0.023218,1.314041,-0.259183,0.545154,0.130182,0.011676,0.221528,0.204007,0.392230,0.502487,0.419545,0.018413
-0.328789,0.685398,1.442835,0.401158,0.405155,0.255183,-1.546351,0.553139,0.130797,0.106653,0.274239,0.203121,0.627880,0.980233,0.265051,0.152625,0.166685,-0.053689,-1.676246,0.884175,0.003534,0.267055,-1.650499,0.625410,-1.468040,-0.040881,0.642357,0.275410,-0.746489,-0.807232,0.430334,0.474959,659.401437,1.500094,-1.432481,0.169074,0.174432,1.318600,-0.633042,-0.958658,0.685985,0.176343,0.454838,0.241351,0.873987,0.681889,-0.607646,0.365813
-0.328789,0.604389,0.890056,0.305886,0.357779,0.215087,-1.574737,0.338743,0.368084,0.141995,0.217320,0.358993,0.572143,0.980233,0.114108,0.234481,0.272531,0.557513,-1.883569,0.884175,0.168372,0.659619,-1.672652,0.808781,-1.468040,0.054271,0.642357,0.216979,-0.585739,-1.032960,0.430334,0.441581,440.225870,1.658024,-1.424624,0.373992,0.253900,1.787215,-0.737487,-0.970678,0.616240,0.229516,0.230912,0.259267,0.873987,0.527288,-0.607646,0.426806
-0.383139,0.476741,0.414305,0.277580,0.360525,0.385568,-1.633989,0.277921,0.358697,0.246024,0.374117,0.363304,0.539956,0.581607,0.238349,0.363280,0.262422,0.649989,-1.904840,0.837083,0.404916,-0.312663,-1.665622,0.073218,-0.848803,-0.550301,0.646680,0.199149,0.179534,-1.032960,1.084816,0.339038,182.041231,1.601359,-1.225453,0.114390,0.199918,1.237410,-0.351286,0.298567,0.146893,0.212295,0.636327,0.042048,1.192888,0.836936,-0.273752,0.650592
0.492432,0.559281,1.698661,0.048785,0.316898,0.242878,-1.065765,0.349629,0.302988,0.037177,0.100300,0.116233,0.422956,-0.168556,0.072766,0.104484,0.051734,-0.460878,-0.837317,0.587857,-0.059965,0.551926,-1.598141,0.085888,-0.324107,0.197617,0.515300,0.120359,-0.602291,-0.370572,0.290792,0.410491,675.558503,0.899116,-1.360011,0.044461,0.065490,1.613610,-0.248864,0.327580,0.106398,0.005035,0.179434,0.267262,0.664298,0.656030,0.501388,0.035166
-0.982529,0.516031,1.432555,0.386324,0.431112,0.392854,-1.348330,0.896018,-0.285655,0.093317,0.226362,0.248083,0.640773,0.730468,0.233547,0.185385,0.271276,0.034687,-1.378535,0.780378,-0.062854,0.507362,-1.794556,0.224934,-1.528871,-0.155665,0.515300,0.183798,-1.035914,-0.973425,0.399565,0.393458,726.174473,1.325180,-1.437502,0.098688,0.144881,1.716716,-0.944002,-1.029048,0.518203,0.156644,0.325257,0.218825,1.916815,1.138811,-0.815420,0.329974
-0.982529,0.712236,0.566758,0.326177,0.493220,0.297353,-1.300831,0.609890,0.585507,0.128121,0.286134,0.489714,0.640773,0.730468,0.204731,0.278783,0.317265,0.805541,-1.457954,0.871881,0.584836,0.081075,-1.595310,0.671866,-1.528871,-0.033051,0.575596,0.115461,-1.013239,-0.973425,0.438930,0.547058,315.438152,1.367345,-1.620229,0.489839,0.221106,1.482213,-0.944002,-1.264377,0.651239,0.206142,0.286179,0.541939,1.916815,0.492044,-0.815420,0.567862
-0.527897,0.525373,0.550904,0.397398,0.445068,0.517847,-1.642907,0.255915,0.528753,0.343670,0.476868,0.429598,0.828907,0.748390,0.267842,0.496447,0.355811,0.842548,-1.694849,0.709297,0.434609,-1.704114,-1.825577,0.255446,-1.030458,-0.812357,0.511493,0.431272,0.353060,-1.138962,1.533487,0.300033,224.432974,1.458903,-1.731824,0.331197,0.377980,1.378230,-0.635178,0.152816,0.280639,0.266143,0.649089,0.045351,1.522553,0.942120,-0.524214,0.802096
0.284841,0.528752,1.443204,0.038824,0.316125,0.164841,-1.234770,0.317202,0.435722,0.022066,0.175287,0.171371,0.409235,-0.165436,0.163481,0.102387,0.028484,-0.061398,-1.154205,0.574436,-0.068689,-0.088835,-1.562932,-0.083416,-0.197342,0.180261,0.603114,0.229764,-0.644547,-0.693583,0.286793,0.433371,522.735072,1.088865,-1.339406,0.043964,0.045219,1.515796,-0.258234,0.153324,0.193448,0.007655,0.166721,0.327943,0.479681,0.600632,0.577808,0.069094
-1.122065,0.593510,1.173285,0.359179,0.434820,0.365140,-1.452556,0.908353,-0.105916,0.101602,0.285736,0.184038,0.705420,0.594174,0.279165,0.173550,0.215225,-0.037372,-1.409416,0.855717,-0.093193,0.276243,-1.632243,0.176790,-1.576617,-0.154987,0.688178,0.177531,-1.044421,-1.092223,0.404715,0.454230,525.980040,1.219002,-1.362076,0.135173,0.214092,1.531089,-0.917460,-1.142856,0.570246,0.180546,0.493649,0.271914,1.532903,0.971536,-0.996909,0.478787
-1.122065,0.705673,0.976418,0.380738,0.488578,0.367318,-1.590000,0.642797,0.759458,0.154909,0.365715,0.321335,0.705420,0.594174,0.233497,0.276540,0.273060,0.667005,-1.960374,0.876570,0.751470,-0.410762,-1.567629,0.777108,-1.576617,-0.107280,0.726888,0.259789,-1.035881,-1.092223,0.404715,0.697031,495.552777,1.741973,-1.496053,0.500013,0.250612,1.541186,-0.929770,-1.298780,0.642824,0.233970,0.469485,0.630230,1.532903,0.453076,-0.998493,0.517588
-0.684370,0.526892,0.505885,0.299282,0.437579,0.561107,-1.722471,0.320578,0.701001,0.493565,0.322903,0.414348,0.922604,0.669734,0.293190,0.640368,0.412978,0.667005,-2.121300,1.053856,0.751470,-0.528683,-1.776491,0.359572,-1.243960,-1.288161,0.722022,0.479886,0.254782,-1.374071,2.119591,0.339024,232.560596,1.733018,-1.487459,0.352353,0.418542,1.381357,-0.632357,0.227431,0.211711,0.279893,0.615680,0.121782,1.692780,1.093008,-0.858317,1.249232
0.091320,0.528696,1.911941,0.023124,0.317797,0.260482,-1.115584,0.317151,0.405538,0.024448,0.105624,0.232934,0.414974,-0.163164,0.276030,0.066004,0.021524,0.153054,-1.123168,0.588356,-0.078765,0.235651,-1.423995,-0.027596,-0.203749,0.155254,0.636503,0.201146,-0.560108,-0.649996,0.289281,0.409594,767.924804,1.052531,-1.168900,0.038548,0.056306,1.665665,-0.246767,0.227431,0.181558,0.006231,0.169128,0.299883,0.419126,0.488604,0.572050,0.062387
-0.793009,0.586183,1.386150,0.238170,0.413237,0.288740,-1.441958,0.728159,-0.153053,0.117948,0.220861,0.228518,0.668077,1.131006,0.254117,0.176413,0.251482,0.317348,-1.444489,0.853095,0.086566,0.161073,-1.431077,0.153718,-1.870383,-0.103519,0.586582,0.214592,-0.899479,-1.242471,0.421762,0.410721,692.379495,1.402749,-1.181852,0.153931,0.178559,1.470696,-0.783671,-0.956204,0.551447,0.227400,0.505571,0.225290,1.029426,0.817508,-0.710897,0.355443
-0.793009,0.651737,0.766052,0.333346,0.468764,0.297525,-1.441177,0.424992,0.485110,0.183755,0.380064,0.316348,0.668077,1.131006,0.221657,0.251434,0.354867,0.711043,-1.627771,0.866628,0.949546,-0.308467,-1.444364,0.884471,-1.870383,-0.040489,0.686064,0.237813,-0.899479,-1.242471,0.421762,0.484493,382.854443,1.451236,-1.372756,0.489821,0.310992,1.578501,-0.853681,-0.980362,0.724494,0.295404,0.390663,0.490388,1.029426,0.621422,-0.710897,0.678801
-0.672511,0.756248,0.448447,0.226406,0.392445,0.444259,-1.500011,0.270102,0.573682,0.309955,0.258233,0.376968,0.687847,0.534349,0.244324,0.463973,0.280624,0.790257,-1.667222,0.866628,0.664166,-0.424650,-1.589610,0.466762,-0.848034,-0.469696,0.659404,0.376456,0.041062,-1.017304,1.466480,0.301063,201.575845,1.428417,-1.363138,0.218988,0.323659,1.155068,-0.402499,0.507604,0.212570,0.241672,0.640515,0.152155,0.968307,1.009977,-0.312176,0.678801
0.040328,0.836621,2.039357,0.043519,0.317233,0.147353,-1.348217,0.353570,0.172557,0.031499,0.112751,0.250857,0.421578,-0.151839,0.139556,0.074707,0.018745,0.195346,-1.384452,0.555626,-0.066101,0.301883,-1.164360,-0.134032,-0.213256,0.164948,0.732256,0.131850,-0.784429,-0.851939,0.284655,0.347817,722.824954,1.334186,-1.232605,0.051916,0.053989,1.611207,-0.262710,0.511874,0.121912,0.008052,0.290698,0.278494,0.394182,0.573537,0.487940,0.058140
-0.616291,0.695699,1.528583,0.321313,0.426532,0.336350,-1.678001,0.689112,0.007229,0.100916,0.234555,0.261747,0.648916,0.858787,0.300123,0.152207,0.168878,0.209780,-1.868925,0.885869,0.018659,0.099912,-1.633972,0.219488,-1.251592,-0.070564,0.636737,0.271713,-0.952498,-1.008318,0.395374,0.531702,687.883237,1.540427,-1.330964,0.172560,0.173752,1.718012,-0.755492,-1.071265,0.693008,0.184939,0.517397,0.255687,0.882310,0.704083,-0.728025,0.421312
-0.616291,0.690962,0.792068,0.272322,0.397549,0.222655,-1.230091,0.445865,0.500998,0.126166,0.262566,0.375702,0.648916,0.858787,0.135995,0.227939,0.235080,0.638002,-0.895803,0.885869,0.681883,-0.098400,-1.561962,0.701815,-1.251592,0.067923,0.636737,0.191781,-0.815215,-0.992250,0.395374,0.344529,427.170860,0.722111,-1.488216,0.400075,0.258800,1.779856,-0.794787,-1.084062,0.710015,0.244173,0.322813,0.382992,0.882310,0.562759,-0.728025,0.551495
-0.634717,0.606891,0.464453,0.286531,0.385632,0.435883,-1.638306,0.300841,0.375960,0.342162,0.319567,0.320550,0.688161,0.640999,0.277499,0.546728,0.281361,0.570101,-1.924203,0.740225,0.265081,-0.511458,-1.618264,0.142911,-1.072572,-0.963734,0.580770,0.426158,0.035317,-0.872056,1.736260,0.292151,200.843835,1.556510,-1.422974,0.149675,0.337063,1.464026,-0.335344,0.387648,0.199510,0.225104,0.473976,0.083444,1.607992,1.015740,-0.428964,0.865152
0.300067,0.683065,1.827369,0.058522,0.299304,0.121758,-1.429861,0.289920,0.147531,0.027308,0.093224,0.203788,0.365747,-0.137543,0.059300,0.073731,0.035172,0.061879,-1.573336,0.561529,-0.081258,0.183020,-1.430320,-0.147918,-0.237059,0.184373,0.518503,0.126734,-0.642280,-0.602368,0.284208,0.254657,671.050798,1.407376,-1.015649,0.033760,0.057732,1.440305,-0.284603,0.448533,0.110817,0.007669,0.140235,0.226998,0.383098,0.634225,0.478615,0.054689
0.080292,0.398977,0.656561,0.317254,0.368292,0.235391,-1.504222,0.466357,-0.229355,0.116177,0.154515,0.158798,0.491042,0.404240,0.239296,0.128622,0.120821,0.185547,-1.752521,0.975011,0.469970,0.171880,-1.595065,0.459148,-1.001095,-0.015054,0.565283,0.186576,-0.891486,-0.990238,0.472306,0.410228,321.539948,1.543696,-1.370343,0.342818,0.132704,1.542057,-0.726439,-0.567769,0.452191,0.102927,0.377283,0.217454,0.613848,0.760503,-0.253508,0.035174
0.069260,1.080527,1.058678,0.089802,0.184930,0.172615,-1.101960,0.027220,-0.365476,0.031126,0.173988,0.076140,0.305428,-0.039506,0.134153,0.128602,0.247716,0.163656,-1.355974,0.675365,0.178837,0.018240,-1.318293,-0.003321,-0.875628,-0.137778,0.607844,0.184021,-0.629742,-0.722211,0.546386,0.137859,500.158956,1.144508,-1.439525,0.021023,0.060411,1.305701,-0.380688,0.831621,0.107310,0.034945,0.275093,0.077084,2.464427,0.621727,0.175602,-0.008260
0.285002,1.089667,0.475895,0.028352,0.217597,0.104236,-1.249044,0.140942,-0.337038,0.013372,0.033141,0.097329,0.231931,-0.201064,0.020682,0.043780,0.019286,0.228908,-1.224909,0.532888,0.023861,0.232199,-1.459016,-0.084394,-0.111721,0.207894,0.313388,0.070655,-0.581853,-0.257203,0.273919,0.102169,191.220657,1.064148,-1.171987,0.008345,0.024271,1.386267,-0.239587,1.029322,0.034440,0.003148,0.127424,0.067327,0.372220,0.524989,0.140025,-0.059300
1.029211,0.788244,1.785756,0.039175,0.323960,0.172643,-1.063404,0.082158,-0.420033,0.032028,0.042589,0.116331,0.412486,-0.186007,0.070800,0.111132,0.033445,-0.511672,-1.099131,0.617202,-0.109662,0.511151,-1.544622,-0.001075,-0.307104,0.054659,0.474545,0.097937,-0.771772,-0.433779,0.291212,0.070286,683.044783,1.026949,-1.320798,0.048621,0.033377,1.526416,-0.228789,0.538178,0.125485,0.013696,0.317736,0.103353,0.617913,0.856884,0.239911,-0.045944
-0.727567,0.762501,0.687756,0.161101,0.274951,0.174191,-1.101628,0.265818,0.207496,0.066477,0.258733,0.137842,0.465900,0.155468,0.162489,0.179899,0.111247,0.187660,-1.253478,0.629154,-0.103813,-0.803118,-1.454429,-0.044907,-0.422398,0.085512,0.568784,0.345455,-0.192781,-0.829411,0.353597,0.232639,368.148321,1.044114,-1.149784,0.072629,0.111448,1.504161,-0.261552,0.604809,0.091386,0.070664,0.246280,0.127392,0.940037,0.661978,-0.374254,0.683582
0.101453,0.917027,0.516530,0.020257,0.195769,0.215378,-0.898448,0.129556,-0.200123,0.017768,0.044574,0.161266,0.257014,-0.192558,0.152580,0.066879,0.016508,0.010965,-1.174117,0.536367,-0.063670,0.383628,-1.211502,-0.188800,-0.134063,0.180157,0.589121,0.134866,-0.575610,-0.682023,0.275891,0.046572,241.071853,0.962090,-1.320020,0.039054,0.078105,1.512138,-0.245343,0.869399,0.048451,0.002695,0.271409,0.122302,0.355945,0.409977,0.229114,0.052853
0.411107,1.044718,0.786683,0.007166,0.178172,0.065690,-0.896804,0.027175,-0.548831,0.003779,0.023249,0.060267,0.187471,-0.198566,0.027208,0.023382,0.006625,-0.104184,-1.039691,0.533346,-0.088658,0.357035,-0.976069,-0.191421,-0.110936,0.205501,0.343331,0.041515,-0.632308,-0.592312,0.272794,0.041092,329.705696,0.934872,-1.121156,0.003931,0.014847,1.674431,-0.242626,1.014589,0.020442,0.002053,0.091634,0.020847,0.349218,0.571097,0.151187,-0.082998
0.447386,0.689770,0.981963,0.110555,0.255779,0.106753,-1.540260,0.205389,0.253104,0.045247,0.084484,0.061186,0.433139,0.069335,0.046474,0.054092,0.071200,-0.120084,-1.636205,0.557632,-0.095948,0.178481,-1.355832,-0.084510,-0.426575,0.085908,0.426729,0.104828,-0.632308,-0.751548,0.414772,0.191292,437.632175,1.505997,-1.294099,0.107369,0.078561,1.485969,-0.392421,-0.250994,0.482825,0.058159,0.208945,0.287573,0.817551,0.648767,-0.505279,0.175804
0.379513,0.248375,0.306503,0.120157,0.152199,0.085711,-1.517373,0.228668,0.609885,0.038538,0.049040,0.168701,0.401860,0.069335,0.042738,0.026285,0.077870,0.314719,-1.730240,0.620530,0.190909,0.208574,-1.339379,0.221524,-0.426575,0.160988,0.468975,0.061802,-0.100676,-0.755669,0.414772,0.163426,187.008122,1.511458,-1.447857,0.168552,0.123277,1.089380,-0.448930,-0.256540,0.301718,0.076901,0.156462,0.200098,0.817551,0.710124,-0.287887,0.345313
-0.364251,0.476702,0.604925,0.173308,0.352315,0.413666,-1.510635,0.290349,0.761028,0.227590,0.268550,0.206424,0.585177,0.251456,0.256109,0.296778,0.215856,0.581633,-1.671919,0.803863,0.088902,-0.531768,-1.618121,0.084478,-0.727404,-0.610036,0.487370,0.596764,0.461946,-0.623001,1.115218,0.163315,242.435857,1.367406,-1.411623,0.140399,0.262932,1.508505,-0.370596,0.265593,0.164397,0.146427,0.702013,0.077458,1.187505,1.092149,-0.276750,0.771711
0.229934,0.801739,2.484659,0.061905,0.259940,0.171296,-1.694547,0.188917,0.534108,0.009577,0.071484,0.344481,0.410695,-0.167578,0.111020,0.048592,0.021837,0.581633,-1.951220,0.557776,-0.053613,0.250521,-1.205110,-0.051697,-0.151930,0.173406,0.596876,0.122095,-0.731185,-0.826117,0.281364,0.363929,855.333076,1.539039,-1.123106,0.050690,0.030065,1.497111,-0.252362,0.333712,0.274835,0.006661,0.265860,0.375313,0.416832,0.602802,0.535007,0.039405
-0.788475,0.768513,2.175803,0.284935,0.428403,0.301025,-1.452880,0.657202,-0.269079,0.096366,0.147700,0.178535,0.630357,0.710054,0.238105,0.176364,0.198132,-0.027005,-1.411152,0.855615,-0.112131,-0.101110,-1.349949,-0.026466,-1.048723,-0.042234,0.501159,0.310753,-0.947298,-1.202238,0.424876,0.468000,919.861907,1.176970,-1.355476,0.159446,0.169121,1.675786,-0.898889,-0.910947,0.667573,0.193094,0.339465,0.193983,1.263839,0.937185,-0.671797,0.507982
-0.788475,0.573642,0.584090,0.319828,0.477018,0.285779,-1.496147,0.493078,0.542647,0.139944,0.259372,0.400486,0.630357,0.710054,0.195434,0.219417,0.266750,0.597233,-1.685547,0.887933,0.850799,-0.101110,-1.401644,0.792723,-1.048723,-0.008095,0.762331,0.324527,-0.947298,-1.202238,0.424876,0.477531,317.238939,1.459567,-1.512576,0.496776,0.253631,1.414710,-0.898889,-0.976347,0.618382,0.244254,0.207008,0.541134,1.263839,0.566661,-0.671797,0.627299
-0.538762,0.716946,0.400522,0.348222,0.440391,0.496916,-1.663375,0.290254,0.608975,0.339002,0.327234,0.334891,0.684591,0.492643,0.327094,0.488131,0.303532,0.619127,-1.862150,0.883479,0.626956,-1.210680,-1.714984,0.754065,-0.529479,-0.349331,0.752254,0.462417,0.333615,-0.779072,1.763060,0.278336,173.632858,1.443380,-1.500712,0.374489,0.332045,1.211053,-0.654627,0.389763,0.247805,0.248536,0.566066,0.068086,0.949552,1.239130,-0.590645,0.682477
-0.149340,0.674037,2.231818,0.069815,0.329790,0.328142,-1.292636,0.377595,0.406450,0.028649,0.202173,0.208926,0.431802,-0.148940,0.199306,0.107875,0.028849,0.290354,-1.337493,0.658495,-0.037301,0.198341,-1.311583,-0.107178,-0.230236,0.120094,0.720456,0.102172,-0.658584,-0.908661,0.295033,0.351550,798.251665,1.203647,-1.154075,0.035984,0.050556,1.386509,-0.262254,0.432624,0.153335,0.025462,0.296042,0.342741,0.342367,0.533942,0.408688,0.037655
-0.639541,0.659521,1.896035,0.266608,0.446705,0.298973,-1.322273,0.665598,-0.190102,0.091292,0.191109,0.185753,0.722269,0.522201,0.313579,0.122331,0.163895,0.086270,-1.118377,0.820784,-0.037301,-0.003347,-1.171835,0.131112,-1.619643,-0.134174,0.634580,0.245218,-1.058102,-1.173523,0.453170,0.437581,869.791230,0.947054,-1.440087,0.124854,0.174336,1.402174,-0.682019,-0.861184,0.540711,0.162089,0.621576,0.263129,0.976374,0.896065,-0.730802,0.326004
-0.639541,0.604420,0.901121,0.379588,0.487102,0.315953,-1.531461,0.431966,0.632290,0.149701,0.344359,0.248749,0.722269,0.522201,0.278335,0.204822,0.261063,0.384961,-1.710631,0.902433,1.140398,-0.228169,-1.477510,0.875105,-1.619643,-0.118004,0.718988,0.260201,-1.057835,-1.173523,0.453170,0.608846,460.269827,1.438809,-1.474670,0.512669,0.233396,1.508230,-0.849016,-1.046608,0.619842,0.222513,0.526020,0.576225,0.976374,0.614861,-0.751174,0.494346
-0.593568,0.635698,0.733120,0.297818,0.429229,0.503671,-1.558636,0.259236,0.646494,0.296588,0.309442,0.320216,0.824053,0.743136,0.344985,0.479744,0.294011,0.758290,-1.998458,0.935653,1.099432,-0.661240,-1.597305,0.620516,-1.113278,-0.438534,0.803864,0.473642,0.290347,-0.774439,1.529202,0.279290,305.950437,1.616241,-1.444013,0.335486,0.364143,1.603750,-0.648855,0.328192,0.259114,0.271475,0.595761,0.081697,1.176131,0.945295,-0.948547,0.885355
0.078487,0.720877,2.103148,0.038196,0.292232,0.258649,-1.121968,0.255925,0.470297,0.010240,0.098012,0.381707,0.417404,-0.164808,0.214075,0.073165,0.020374,0.758290,-0.714569,0.548475,-0.084649,0.230415,-1.061658,-0.129735,-0.178329,0.167596,0.729334,0.104523,-0.749474,-0.978063,0.300915,0.392529,810.491847,0.621999,-1.021740,0.048523,0.019908,1.294603,-0.253309,0.337149,0.229417,0.006874,0.311293,0.374304,0.385911,0.668642,0.472045,0.032419
-0.797871,0.722080,1.660977,0.281887,0.432700,0.359339,-1.497645,0.699530,-0.018428,0.094072,0.165311,0.181122,0.713097,0.504487,0.287779,0.155958,0.161087,0.058245,-1.574782,0.909809,-0.084628,-0.235225,-1.345301,0.137532,-1.395835,-0.081929,0.615537,0.245118,-0.952277,-1.235622,0.432813,0.503636,781.091610,1.383434,-1.388008,0.161523,0.186200,1.335134,-0.736543,-0.990985,0.660501,0.157208,0.519657,0.244899,1.017198,1.000736,-0.759187,0.406876
-0.797871,0.651267,0.772114,0.414405,0.496374,0.268209,-1.458804,0.478743,0.590714,0.157074,0.324784,0.286277,0.713097,0.504487,0.211728,0.231052,0.269538,0.552112,-1.657603,0.909809,0.876907,-0.329107,-1.366919,0.846750,-1.395835,-0.011286,0.630617,0.306949,-0.952277,-1.235622,0.432813,0.542995,405.404896,1.368072,-1.631848,0.529975,0.288104,1.759080,-0.876247,-1.163710,0.679727,0.218752,0.381363,0.535763,1.017198,0.522744,-0.759187,0.530761
-0.446000,0.679430,0.479468,0.351372,0.414892,0.494836,-1.534582,0.260004,0.583396,0.191581,0.247993,0.339405,0.734721,1.215801,0.344035,0.340626,0.336556,0.570575,-1.554607,1.027043,0.876907,-1.201144,-1.611450,0.753706,-1.281087,-1.517780,0.781803,0.539147,0.203280,-1.260633,0.712828,0.315901,204.898154,1.333877,-1.593663,0.357009,0.429189,1.481522,-0.691969,0.409236,0.230284,0.343076,0.581744,0.091080,0.984629,0.970064,-1.399927,1.502476
-0.081248,0.808565,2.734161,0.026629,0.314341,0.146333,-1.259704,0.363378,0.400925,0.021298,0.083538,0.257136,0.452462,-0.102537,0.159730,0.063196,0.030355,0.282197,-1.224265,0.594714,-0.079651,0.300220,-1.321246,-0.084816,-0.152143,0.148006,0.602136,0.107884,-0.752152,-1.140645,0.306256,0.381612,786.123588,1.088595,-1.125167,0.055628,0.033810,1.421545,-0.262208,0.449904,0.191362,0.009216,0.313997,0.362656,0.373966,0.516242,0.504916,0.063747
-0.536894,0.750541,2.472874,0.324734,0.458699,0.334913,-1.556052,0.669580,-0.025308,0.104556,0.241605,0.173428,0.698650,0.578365,0.346788,0.165431,0.131728,0.022943,-1.568184,0.896385,-0.079651,-0.235913,-1.381381,0.314814,-1.230643,-0.099894,0.593123,0.233563,-0.964770,-1.082359,0.440531,0.523326,915.779086,1.287991,-1.368393,0.154909,0.188738,1.609635,-0.620230,-1.016628,0.683921,0.153020,0.487981,0.249450,0.950478,0.891888,-0.778074,0.339120
-0.536894,0.672566,0.689529,0.483517,0.508840,0.307373,-1.581927,0.394771,0.628770,0.177996,0.326070,0.281913,0.698650,0.578365,0.248078,0.285068,0.293161,0.632838,-1.756872,0.928707,0.571844,-0.235913,-1.563319,1.008754,-1.230643,-0.064145,0.712631,0.291451,-0.957540,-1.082359,0.440531,0.561886,365.478376,1.440280,-1.472826,0.544267,0.325324,1.412427,-0.883962,-1.115304,0.700499,0.245068,0.423860,0.541763,0.950478,0.600503,-0.778074,0.782773
-0.545042,0.714845,0.641233,0.378261,0.426259,0.590527,-1.477482,0.264447,0.615682,0.344684,0.326387,0.422036,0.721953,0.643728,0.333999,0.556331,0.315316,0.674278,-1.743926,0.931978,0.429737,-1.096144,-1.719310,0.836800,-1.240805,-0.679135,0.839013,0.425021,0.139318,-1.317329,1.562900,0.316748,257.747423,1.424797,-1.595313,0.339834,0.381896,1.181661,-0.736591,0.452340,0.220348,0.258436,0.605683,0.130809,0.971504,1.160834,-0.601000,0.792233
0.049674,0.819294,2.290075,0.039682,0.320426,0.257728,-1.172146,0.326950,0.234758,0.032262,0.094936,0.215672,0.460550,-0.173576,0.208621,0.097740,0.038527,0.066009,-1.133680,0.555088,-0.085861,0.276731,-1.259278,-0.138259,-0.310675,0.164713,0.727524,0.144943,-0.697746,-0.804532,0.297979,0.392684,812.229327,1.125757,-1.143261,0.064181,0.068062,1.707155,-0.244516,0.474794,0.173691,0.013195,0.248047,0.303528,0.589046,0.550831,0.455565,0.105082
-0.955103,0.704554,1.511554,0.371594,0.444170,0.325880,-1.254878,0.752496,-0.089832,0.104690,0.266707,0.178129,0.653432,0.740002,0.257683,0.159373,0.224449,0.003212,-1.151163,0.943741,-0.107474,0.323721,-1.640288,0.379051,-1.756977,-0.129488,0.624821,0.226491,-0.879889,-1.014047,0.431923,0.454045,690.620428,1.173463,-1.549198,0.146976,0.179002,1.616943,-0.915002,-1.065859,0.680172,0.190225,0.474887,0.202155,1.415163,0.796434,-0.769671,0.273701
-0.955103,0.678603,0.697241,0.405601,0.475125,0.297515,-1.497215,0.538656,0.497474,0.166772,0.347877,0.288211,0.653432,0.740002,0.227688,0.283687,0.343745,0.586507,-1.705556,0.943741,0.686823,-0.036695,-1.501457,0.966529,-1.756977,-0.126916,0.750095,0.261070,-0.867877,-1.204997,0.431923,0.555178,365.697040,1.544175,-1.527171,0.503355,0.293592,1.596967,-0.915002,-1.137399,0.709673,0.268983,0.444630,0.458791,1.415163,0.568354,-0.769671,0.734884
-0.404158,0.708052,0.615824,0.308005,0.390480,0.452675,-1.461888,0.249061,0.425353,0.229514,0.291317,0.420450,0.660275,0.662264,0.300072,0.431573,0.338684,0.586507,-1.654348,0.849293,0.292240,-0.577371,-1.710125,0.552583,-1.326797,-0.305610,0.710179,0.511103,0.161927,-1.534116,0.847450,0.357159,247.730675,1.506689,-1.350407,0.283737,0.335244,1.640133,-0.648077,0.506372,0.187980,0.263479,0.569657,0.067297,1.371271,1.029492,-0.655040,0.734884
0.073104,0.795790,2.064298,0.058115,0.324392,0.153038,-1.141284,0.360452,0.249596,0.039821,0.082783,0.245107,0.451437,-0.159685,0.153094,0.115914,0.045887,0.081715,-1.081528,0.557502,-0.047853,0.342163,-1.340251,-0.080983,-0.395930,0.195561,0.622555,0.167053,-0.535582,-0.753482,0.297971,0.359843,745.988579,1.072177,-1.245690,0.062947,0.066560,1.343448,-0.237094,0.537284,0.111762,0.010257,0.293251,0.257460,0.684297,0.634440,0.407700,0.053201
-0.905906,0.631228,1.469274,0.469699,0.433496,0.288198,-1.532076,0.781130,-0.092407,0.106770,0.298829,0.193189,0.593906,0.714958,0.233286,0.181767,0.262215,-0.044577,-1.756481,0.924827,-0.112750,0.497250,-1.640240,0.443065,-1.790722,-0.132974,0.532583,0.195709,-0.865135,-1.003785,0.424555,0.443580,674.988628,1.550203,-1.349006,0.139900,0.152317,1.381842,-0.980607,-1.133979,0.667991,0.189896,0.466641,0.176163,1.557709,0.902898,-0.689967,0.270647
-0.905906,0.707107,0.780125,0.361200,0.386539,0.170973,-1.464456,0.573885,0.597433,0.101074,0.279739,0.481390,0.593906,0.714958,0.110663,0.292129,0.354575,0.770677,-1.709010,0.924827,0.673648,0.255126,-1.615530,0.968194,-1.790722,0.007552,0.649772,0.147436,-0.699045,-1.307273,0.424555,0.402659,380.490232,1.508314,-1.543205,0.371276,0.271351,1.455111,-0.980607,-1.151477,0.688546,0.233883,0.192360,0.411363,1.557709,0.699430,-0.689967,0.545398
-0.084193,0.449990,0.610872,0.326154,0.373336,0.449590,-1.696037,0.239469,0.532666,0.213538,0.345877,0.495988,0.509996,0.644030,0.292978,0.484932,0.313972,0.890233,-1.915732,0.753825,0.469445,0.074304,-1.862523,0.191688,-0.971300,-0.553989,0.816160,0.285941,0.242930,-1.307273,0.840773,0.310461,258.060624,1.643017,-1.729492,0.101127,0.218199,1.046304,-0.367581,0.255165,0.180245,0.177884,0.632043,0.101996,1.253813,0.913380,-0.148290,0.618968
0.637652,0.425366,1.321111,0.096249,0.354821,0.177971,-1.447681,0.404294,0.260065,0.051852,0.178758,0.186137,0.409979,-0.167877,0.105452,0.098760,0.037469,-0.413552,-1.458983,0.661284,-0.133289,0.548861,-1.568549,0.101428,-0.347580,0.199826,0.572331,0.140603,-0.527818,-0.484058,0.306963,0.403510,498.737654,1.263303,-1.703870,0.038860,0.089241,1.624865,-0.248685,0.264610,0.079897,0.007287,0.552518,0.225621,0.609207,0.866095,0.337475,0.093091
-1.349763,0.324485,0.876930,0.449200,0.406841,0.792711,-1.463852,1.134769,-0.239557,0.072712,0.148732,0.296246,0.533785,-0.011542,0.220822,0.178139,0.146632,-0.047271,-1.697438,0.849873,0.122362,0.474820,-1.765935,0.126136,-1.256755,-0.072982,0.507496,0.223638,-1.014750,-1.077172,0.284769,0.370460,429.564585,1.472931,-1.678810,0.045334,0.112099,1.733932,-0.733639,-1.041929,0.385648,0.073397,0.785633,0.253722,0.986947,0.959182,-0.743444,0.156607
-1.349763,0.789857,0.723276,0.371355,0.462555,0.158794,-1.550498,0.815238,0.719023,0.232173,0.452752,0.342094,2.366786,-0.008809,0.159321,0.611124,0.206090,0.688932,-1.917237,3.009968,0.400440,0.474820,-1.714458,4.535362,-1.256755,0.008448,0.614831,0.172380,-0.993497,-0.978675,0.350092,0.649376,319.924280,1.620961,-1.536636,0.556752,0.149363,1.696183,-0.879898,-1.394237,0.517813,0.114534,0.346091,0.589801,0.986947,0.412352,-0.743444,0.233642
-0.343062,0.489125,0.517994,0.370889,0.610186,0.430931,-1.533789,0.290529,0.715206,0.238610,0.636237,0.450656,2.366786,1.272461,0.298171,0.775522,0.364890,0.985150,-1.893864,3.326181,0.251571,-0.715576,-1.719878,3.554962,-0.870374,-0.573724,0.459128,0.365870,0.375771,-0.820017,0.573238,0.339894,208.077968,1.644845,-1.614202,0.696902,0.306286,1.537979,-0.666534,0.098644,0.176508,0.352922,0.446814,0.097662,1.307324,0.986380,-0.511606,0.758579
0.205269,0.655750,1.851239,0.025145,0.313374,0.135287,-1.383796,0.362815,0.433761,0.031385,0.120186,0.267254,0.417390,-0.182731,0.245373,0.069853,0.021436,0.145655,-1.418266,0.560161,-0.101038,0.367579,-1.279348,-0.167480,-0.169861,0.162198,0.735717,0.097572,-0.655099,-0.814855,0.281437,0.385717,687.633401,1.270865,-1.304021,0.055940,0.069045,1.465024,-0.255095,0.309385,0.155424,0.006938,0.305742,0.326927,0.385207,0.684056,0.566024,0.088093
-1.022868,0.608521,1.592543,0.292754,0.436491,0.317008,-1.430855,0.853515,-0.357437,0.084691,0.246801,0.278845,0.687760,0.397615,0.246963,0.185664,0.190700,0.257980,-1.546705,0.890419,0.196193,0.242908,-1.707913,0.213271,-1.475261,-0.086768,0.568896,0.197191,-1.072972,-1.233450,0.435465,0.433446,740.314385,1.289117,-1.188507,0.126714,0.168436,1.368234,-0.985316,-1.066573,0.595798,0.141015,0.510888,0.228102,1.288608,0.882534,-0.698052,0.317401
-1.022868,0.650524,0.642308,0.274934,0.472150,0.207933,-1.464857,0.647833,0.420184,0.116454,0.276888,0.282992,0.687760,0.397615,0.203171,0.308359,0.268350,0.548946,-1.662193,0.890419,0.538998,0.106751,-1.672283,0.905384,-1.475261,-0.037141,0.679237,0.169509,-1.071140,-1.113389,0.464883,0.485063,337.542828,1.434275,-1.753784,0.472840,0.208602,1.694515,-0.985316,-1.144538,0.621573,0.183505,0.380920,0.521636,1.288608,0.554772,-0.698052,0.444258
-0.674342,0.616386,0.581812,0.399289,0.435591,0.391979,-1.581066,0.332917,0.461693,0.495888,0.356353,0.337321,0.918048,0.926387,0.327852,0.745138,0.326908,0.551117,-1.897631,0.987764,0.457123,-1.034779,-1.644257,0.489100,-1.545388,-1.395869,0.506666,0.507339,0.284545,-0.952265,2.246525,0.247454,248.673377,1.676990,-1.809201,0.355605,0.404843,1.152793,-0.538655,0.286140,0.244983,0.301943,0.561575,0.050853,1.900259,1.088149,-0.709160,1.194689
-0.187025,0.641785,1.975799,0.052208,0.318622,0.392829,-1.129712,0.324123,0.329124,0.019193,0.162452,0.272901,0.466835,-0.188097,0.194266,0.081209,0.016250,0.354632,-0.894511,0.621882,-0.113429,-0.384902,-1.249591,-0.103711,-0.216402,-0.109269,0.646498,0.278956,-0.696496,-0.852176,0.300135,0.325143,742.753379,0.832926,-1.229318,0.056994,0.053728,1.631042,-0.257824,0.287562,0.219664,0.006133,0.440470,0.351783,0.354806,0.501972,0.312128,0.070163
-0.876094,0.652416,1.469447,0.366045,0.435929,0.282698,-1.204948,0.735106,-0.301273,0.121371,0.222649,0.245065,0.651769,0.972682,0.287916,0.186712,0.247957,0.246485,-0.790823,0.963038,0.037739,0.281524,-1.617447,0.258214,-1.626757,-0.170174,0.639351,0.186500,-0.943886,-1.129909,0.433910,0.429962,727.549355,0.698000,-1.383680,0.164053,0.177804,1.567407,-0.898569,-1.015203,0.626433,0.197975,0.561330,0.188567,1.449459,0.804652,-0.645287,0.247463
-0.876094,0.626767,0.543111,0.413064,0.477886,0.285879,-1.653077,0.519088,0.311171,0.172401,0.346474,0.295478,0.651769,0.972682,0.276239,0.285808,0.337243,0.465951,-1.807290,0.963038,0.845185,-0.353560,-1.672131,0.940373,-1.626757,-0.170174,0.850119,0.243979,-0.943366,-1.129909,0.433910,0.527122,294.703822,1.623864,-1.525667,0.498947,0.281525,1.351467,-0.924377,-1.039378,0.683477,0.266056,0.347491,0.447852,1.449459,0.542598,-0.645287,0.696492
-0.542121,0.785701,0.371182,0.343173,0.410696,0.467350,-1.476893,0.272066,0.420689,0.262464,0.310608,0.390549,0.646486,0.702267,0.333475,0.460673,0.242375,0.604560,-1.759141,0.842480,0.745035,-0.508561,-1.696472,0.721491,-0.766140,-0.405058,0.821228,0.394209,0.053623,-1.377872,1.094604,0.361064,150.816674,1.576958,-1.410135,0.323245,0.320016,1.077240,-0.662505,0.536317,0.203720,0.271200,0.525188,0.088777,0.881734,1.130049,-0.608734,0.696492
-0.169422,0.832545,1.882932,0.033428,0.329084,0.285572,-1.093285,0.401161,0.199550,0.025371,0.082891,0.197171,0.445424,-0.122863,0.198887,0.057272,0.021703,0.012368,-1.111883,0.589604,-0.080385,-0.020414,-1.319181,-0.131761,-0.151881,0.181173,0.726936,0.172410,-0.741775,-0.851400,0.282679,0.343202,687.942801,1.050050,-1.197906,0.047551,0.032657,1.565706,-0.249009,0.584565,0.128631,0.013362,0.282113,0.307590,0.385035,0.505997,0.533006,0.022186
-0.563925,0.718822,1.429554,0.280918,0.446758,0.329016,-1.296038,0.645283,-0.059676,0.088775,0.183153,0.184208,0.688819,0.797953,0.307214,0.130108,0.209580,0.068926,-1.006809,0.924470,0.114840,-0.097508,-1.697351,0.210463,-1.565797,-0.101319,0.585687,0.216096,-0.964954,-1.150324,0.411188,0.506653,673.605770,0.839883,-1.580066,0.167992,0.170746,1.570393,-0.695449,-1.097210,0.699870,0.158231,0.658475,0.231677,1.429904,0.840655,-0.737815,0.354860
-0.563925,0.709796,0.802798,0.285673,0.452076,0.211692,-1.502960,0.438296,0.574704,0.155984,0.398241,0.397887,0.688819,0.797953,0.102549,0.239979,0.279641,0.895466,-1.669172,1.936857,0.843506,-0.140096,-1.687861,0.625035,-1.565797,-0.046600,0.593712,0.140829,-0.866062,-1.147428,0.411188,0.395761,425.051284,1.412987,-1.553782,0.460779,0.276782,1.782846,-0.850781,-1.136229,0.727534,0.231160,0.405892,0.446960,1.429904,0.566049,-0.737815,0.645564
-0.478081,0.657341,0.493503,0.286959,0.481820,0.523907,-1.322340,0.261595,0.423404,0.397353,1.157999,0.425860,2.579794,0.486616,0.297915,0.943492,0.290374,0.895466,-1.558489,2.851195,0.338858,-0.758213,-1.715868,7.003492,-0.936323,-1.138414,0.656023,0.558186,0.051592,-1.029093,1.598413,0.315381,210.310056,1.382736,-1.299258,0.439094,0.377973,1.412609,-0.416070,0.442754,0.200980,0.207715,0.679889,0.105605,1.762343,1.129556,-0.625400,1.022264
0.206053,0.728210,2.286184,0.021814,0.305986,0.207187,-1.227412,0.315282,0.189274,0.025492,0.053903,0.259634,0.384006,-0.173714,0.093089,0.044649,0.014475,0.491435,-1.308582,0.540299,-0.072950,0.363855,-1.233267,-0.116496,-0.220408,0.156384,0.588554,0.083025,-1.009551,-0.698310,0.279017,0.367102,866.973711,1.214593,-1.408950,0.030508,0.059437,1.625746,-0.256849,0.457992,0.122257,0.004364,0.226873,0.331127,0.410159,0.721012,0.474938,0.029039
-0.421450,0.586061,1.046070,0.455807,0.350281,0.225909,-1.518973,0.514309,0.104866,0.324972,0.893715,0.238699,2.586470,0.966918,0.098257,0.446420,0.459194,0.173918,-1.529342,3.634582,0.833348,-0.420897,-1.493590,5.716474,-1.007191,-0.225753,0.439470,0.414789,-0.918463,-1.472571,0.988414,0.232052,525.088455,1.404280,-1.299096,0.467131,0.208640,1.405319,-0.775629,-0.885166,0.631946,0.248826,0.237722,0.277787,2.582388,0.251466,-0.513370,0.888648
0.140860,1.244062,1.064446,0.006616,0.180180,0.382467,-0.870644,0.025465,-0.528064,0.003563,0.020728,0.204252,0.186930,-0.201629,0.023031,0.023451,0.004951,-0.189993,-0.974881,0.513637,-0.087676,0.331892,-1.067115,-0.185722,-0.128061,0.213740,0.328505,0.045121,-0.656285,-0.498281,0.269963,0.063272,500.074235,0.900188,-1.186591,0.003621,0.012054,1.447469,-0.240149,1.114966,0.045441,0.001295,0.126988,0.023291,0.348010,0.427460,0.062044,-0.116071
0.173701,0.711502,1.121030,0.024429,0.170971,0.176405,-0.939479,0.065400,0.049463,0.020039,0.065976,0.087012,0.264774,-0.221068,0.042312,0.030308,0.010969,-0.063877,-1.075042,0.572424,-0.108905,0.105302,-0.906226,-0.111173,-0.195332,0.203399,0.389271,0.101133,-0.035071,-0.509591,0.260993,0.025670,415.008364,0.971390,-1.249334,0.029076,0.059311,1.446591,-0.250861,0.619208,0.058712,0.003562,0.109924,0.024278,0.396675,0.371185,0.028885,-0.020529
0.103673,1.057359,0.409280,0.001484,0.173806,0.044273,-0.855947,0.038636,-0.206939,0.001574,0.007096,0.047157,0.177941,-0.204020,0.011397,0.006455,0.001891,0.087983,-1.038627,0.513645,-0.097677,0.358547,-1.023818,-0.155384,-0.106069,0.213652,0.335392,0.008914,-0.279375,-0.383570,0.262097,0.033950,188.608663,0.878698,-1.411303,0.002367,0.005905,1.175567,-0.241232,1.031552,0.012631,0.001511,0.071009,0.018095,0.378346,0.638377,0.157718,-0.046707
0.123719,0.742933,0.369824,0.175535,0.220025,0.133350,-1.405533,0.248497,0.456664,0.067167,0.142341,0.058162,0.338885,-0.015718,0.038979,0.049755,0.073752,0.166764,-1.526890,0.512947,-0.090342,0.008137,-1.353749,-0.024652,-0.710298,0.153293,0.400803,0.152877,-0.353620,-0.726760,0.456659,0.139212,225.822072,1.274579,-1.467440,0.077838,0.067033,1.055938,-0.351352,0.129242,0.350855,0.050762,0.232480,0.268385,0.562949,0.676389,-0.227521,0.134200
-0.409348,0.449841,0.391186,0.132497,0.199021,0.300422,-1.153725,0.350371,0.530968,0.159234,0.201241,0.198751,0.515755,0.409489,0.206883,0.154340,0.145255,0.639769,-1.083469,0.691979,0.085001,0.009605,-1.456312,0.099602,-0.702554,-0.378475,0.420861,0.106716,0.169767,-1.016580,0.702818,0.258162,226.690891,0.788925,-1.461232,0.229075,0.136696,1.111516,-0.456641,0.129242,0.231077,0.189781,0.356208,0.115496,1.029216,0.765045,-0.193915,0.574770
-0.358920,0.629698,1.067427,0.098163,0.266427,0.347963,-1.100759,0.225324,0.264574,0.028540,0.095145,0.255728,0.464126,-0.089893,0.285936,0.098722,0.051860,0.841196,-1.117577,0.563288,-0.061080,0.158824,-1.420392,-0.111423,-0.160960,0.020519,0.858482,0.226048,-0.439224,-0.606684,0.280199,0.166330,388.393661,1.106150,-1.319925,0.057978,0.068334,1.686495,-0.255387,0.385689,0.151641,0.017938,0.517942,0.211880,0.640197,0.686579,0.281782,0.082936
0.463318,0.853692,1.311328,0.034824,0.294327,0.391837,-1.095352,0.228193,-0.447201,0.016690,0.105665,0.136391,0.434306,-0.174123,0.174419,0.102742,0.028595,-0.425206,-1.133984,0.538331,-0.094791,0.379154,-1.300171,-0.219844,-0.329270,0.034423,0.424655,0.105880,-0.952996,-0.745404,0.311793,0.204444,508.767091,1.007383,-1.326038,0.056583,0.059512,1.450022,-0.260554,0.598288,0.064968,0.008681,0.672850,0.181087,0.499932,0.481480,-0.118107,0.055213
0.213931,1.154469,0.448826,0.087208,0.163045,0.127469,-0.880850,0.071213,-0.425926,0.034014,0.115127,0.111866,0.185223,0.470074,0.229699,0.118759,0.025282,0.199400,-1.093721,4.359762,0.157330,0.375098,-1.297422,-0.053946,-0.289682,0.588441,9.079783,0.276994,-0.679476,-0.657818,-0.502191,0.029559,272.424042,1.045357,-1.148350,0.021044,0.049945,1.237002,-0.275539,0.941379,0.091913,0.017615,0.105423,0.071883,-0.540284,-5.747874,0.101240,1.787768
0.064883,1.245268,0.461221,0.002247,0.186330,0.036130,-0.896673,0.035742,-0.537433,0.034014,0.002779,0.020432,0.188260,0.246111,0.229699,0.118759,0.025282,-0.071490,-1.098794,3.071898,-0.103411,0.387759,-1.235404,-0.174464,-0.110649,0.456492,6.159303,0.276994,-0.627967,-0.369180,-0.219870,0.028840,276.022599,0.998139,-0.930171,0.001079,0.049945,1.185547,-0.239905,1.231143,0.007297,0.017615,0.020108,0.019829,-0.218841,-3.412708,0.162161,1.152750
0.111171,1.241522,0.501598,0.004401,0.186248,0.023340,-0.860826,0.021695,-0.490113,0.027218,0.006075,0.034529,0.187948,0.009835,0.183805,0.095031,0.020230,-0.037503,-1.057932,1.713227,-0.083601,0.377747,-1.132071,-0.173776,-0.118470,0.324471,3.078252,0.221651,-0.545559,-0.375473,0.062604,0.030729,230.135378,0.960748,-1.002956,0.000836,0.039966,1.249509,-0.244075,1.201556,0.015026,0.014095,0.018501,0.013020,0.102776,-1.076271,0.158966,0.482818
0.121006,1.201336,0.392771,0.004323,0.187025,0.041134,-0.772584,0.022757,-0.471279,0.001023,0.006303,0.018493,0.188058,-0.199735,0.004680,0.002482,0.001473,-0.082917,-0.943039,0.502879,-0.098915,0.381548,-1.129281,-0.171769,-0.113660,0.225500,0.326192,0.006253,-0.575684,-0.398398,0.270391,0.032907,183.613409,0.896431,-0.965941,0.000721,0.002419,0.961647,-0.240527,1.166251,0.016747,0.000715,0.031862,0.026458,0.340695,0.626740,0.158630,-0.102846
0.200930,0.737107,0.561662,0.124102,0.223800,0.089634,-1.537997,0.253467,0.261490,0.036495,0.133786,0.091773,0.376677,-0.063183,0.065521,0.055808,0.121358,-0.009291,-1.703674,0.526254,0.094888,0.150203,-1.251688,0.043197,-0.700849,0.125156,0.432967,0.127614,-0.520339,-0.564635,0.394758,0.143920,299.096731,1.438482,-1.207799,0.087991,0.077427,1.292651,-0.341481,0.150875,0.396694,0.030684,0.230448,0.276761,1.011990,0.714148,-0.314197,0.158400
0.246377,0.529493,0.354687,0.072121,0.074360,0.041683,-1.252830,0.224545,0.536283,0.016432,0.058669,0.203563,0.228223,-0.134980,0.028447,0.023620,0.037728,0.498583,-1.355004,0.581348,0.179541,0.127753,-1.193091,0.056018,-0.165757,0.226633,0.436341,0.047239,0.204400,-0.487782,0.356573,0.103651,217.229618,1.204836,-1.309747,0.089712,0.060823,1.002598,-0.356335,0.150875,0.256238,0.039054,0.227971,0.091142,0.460136,0.773025,-0.157072,0.208220
-0.392928,0.680277,0.417211,0.143364,0.322825,0.252880,-1.504750,0.235023,0.498428,0.099975,0.111580,0.209642,0.398739,0.020878,0.109088,0.121822,0.125378,0.502199,-1.749857,0.599615,-0.028761,0.246464,-1.431714,-0.069781,-0.465980,-0.023215,0.407836,0.241804,-0.025235,-0.216638,0.569058,0.186041,182.048844,1.471033,-1.175619,0.045064,0.110633,1.239417,-0.249008,0.605203,0.058297,0.047099,0.270955,0.127387,0.926887,0.825162,0.128073,0.371642
0.374688,0.860447,2.708185,0.028680,0.288891,0.035624,-1.045740,0.298485,-0.218346,0.028687,0.080666,0.215640,0.349186,-0.190373,0.055844,0.033765,0.009756,0.157340,-1.104033,0.541201,-0.102171,0.272975,-1.218209,-0.160739,-0.201603,0.205714,0.460645,0.077563,-0.696564,-0.542380,0.278861,0.182489,884.150296,1.074794,-0.904615,0.036023,0.051699,1.504368,-0.253072,0.798992,0.038112,0.002808,0.151996,0.147632,0.342467,0.645888,0.373355,0.003398
-0.659712,0.503027,0.818930,0.241035,0.355400,0.248086,-1.366523,0.758245,-0.318558,0.062049,0.110098,0.184838,0.493671,0.361466,0.180261,0.083967,0.126179,0.001770,-1.338489,0.776647,-0.115658,0.251681,-1.472597,0.059649,-1.039248,0.072067,0.495511,0.175748,-0.959321,-1.185698,0.319732,0.393814,407.175736,1.183618,-1.038055,0.102751,0.070481,1.449605,-0.734621,-0.696305,0.503803,0.120806,0.235273,0.160704,0.682186,0.890800,-0.377087,0.046846
-0.648480,0.509188,0.411175,0.138305,0.259232,0.072808,-1.404497,0.379874,0.575600,0.046029,0.204454,0.247873,0.366166,0.291286,0.057782,0.090230,0.136487,0.531937,-1.550988,0.759359,0.566235,0.190132,-1.314640,0.504505,-1.039248,0.158927,0.473211,0.097177,-0.611378,-0.604780,0.319732,0.198256,243.690041,1.322243,-1.262826,0.199457,0.141296,1.253801,-0.734621,-0.736762,0.519271,0.118788,0.113602,0.380300,0.682186,0.642375,-0.377087,0.359163
-0.613271,0.792441,0.446483,0.195396,0.362467,0.422613,-1.510153,0.342943,0.457682,0.248146,0.200684,0.252254,0.478119,0.147485,0.214123,0.295329,0.172393,0.535808,-1.813999,0.654266,-0.026361,-0.856769,-1.486044,0.078988,-0.685853,-0.529679,0.543056,0.310331,-0.055871,-0.636810,1.151400,0.335242,184.335039,1.604260,-1.208325,0.079647,0.230226,1.202946,-0.303615,0.697636,0.076969,0.145875,0.563061,0.147829,0.959557,1.027659,-0.214507,0.789672
0.204720,0.864084,2.276587,0.011873,0.306643,0.153575,-1.188699,0.332126,-0.114337,0.031311,0.061187,0.186378,0.389705,-0.187655,0.068879,0.046360,0.010994,0.111171,-1.223462,0.563403,-0.115609,0.255122,-1.165087,-0.146470,-0.151757,0.202352,0.555775,0.123761,-0.736334,-0.516485,0.280152,0.181125,719.885630,1.203807,-1.067011,0.041752,0.059575,1.335500,-0.251989,0.776212,0.044051,0.002094,0.225771,0.174360,0.343783,0.691256,0.326540,0.045076
-0.519392,0.537589,1.338561,0.291993,0.397044,0.360665,-1.323025,0.741522,-0.394597,0.070174,0.149894,0.222906,0.544286,0.597423,0.220723,0.099328,0.098750,0.023786,-1.310137,0.770251,-0.082947,0.319984,-1.545363,0.032374,-0.671312,0.045558,0.567043,0.184080,-1.062098,-1.081230,0.389575,0.400473,558.756257,1.196649,-1.165836,0.087057,0.092316,1.410207,-0.653640,-0.801313,0.507107,0.120015,0.413740,0.156748,0.712458,0.930528,-0.462097,0.066893
-0.519392,0.618145,0.541574,0.142841,0.330982,0.115035,-1.329312,0.445306,0.538298,0.086080,0.221846,0.269630,0.449813,0.597423,0.067117,0.103825,0.134794,0.426109,-1.513972,0.770251,0.727155,-0.039118,-1.638665,0.565178,-0.560151,0.140181,0.515357,0.110906,-0.755963,-0.872902,0.389575,0.264081,303.641522,1.300337,-1.161294,0.287444,0.191944,1.342444,-0.726547,-0.903071,0.646661,0.153488,0.128494,0.414945,0.712458,0.584916,-0.467565,0.475809
-0.700787,0.735204,0.408250,0.255518,0.377635,0.361124,-1.382094,0.322953,0.509079,0.242497,0.259406,0.254414,0.532985,0.220091,0.223183,0.361977,0.241062,0.423350,-1.506420,0.685619,0.039683,-0.766885,-1.557466,0.107762,-0.972323,-0.484936,0.572717,0.334252,-0.025075,-0.769220,1.152622,0.268777,187.831079,1.332124,-1.201369,0.082340,0.193705,1.107860,-0.259713,0.607485,0.116989,0.132087,0.445915,0.156477,1.128006,1.020371,-0.276497,0.667962
0.133153,0.819052,2.427394,0.015643,0.305671,0.114308,-1.239573,0.349805,-0.062299,0.035658,0.076238,0.162870,0.350194,-0.188917,0.042664,0.050757,0.011796,-0.080254,-1.138684,0.537824,-0.107389,0.370714,-1.141385,-0.144033,-0.149555,0.206595,0.473522,0.102565,-0.736892,-0.655645,0.279666,0.214697,749.556302,1.141319,-0.921245,0.023723,0.060778,1.460901,-0.251289,0.730831,0.039706,0.003178,0.163323,0.176468,0.335778,0.667413,0.436977,0.021241
-0.534362,0.583905,1.588212,0.272107,0.379487,0.319118,-1.308693,0.729637,-0.316221,0.064167,0.102239,0.299622,0.569188,0.319547,0.213689,0.099371,0.119831,0.222720,-1.230446,0.777076,-0.104834,0.111776,-1.533738,0.031000,-0.927776,0.027727,0.597483,0.213674,-1.115978,-1.164080,0.389325,0.450876,669.513413,1.197205,-1.404418,0.107689,0.091307,1.310182,-0.669755,-0.767726,0.543430,0.116847,0.322606,0.202371,0.862131,0.913524,-0.479360,0.059244
-0.534362,0.538748,0.615987,0.158228,0.309693,0.098991,-1.494256,0.480694,0.717030,0.061790,0.189819,0.324322,0.480993,0.319547,0.063366,0.126306,0.143579,0.511784,-1.663280,0.816179,0.606489,-0.086586,-1.548753,0.661033,-0.927776,0.145728,0.597483,0.118348,-0.875707,-0.586062,0.389325,0.242229,319.030508,1.413938,-1.245556,0.278647,0.179489,1.574888,-0.743936,-0.811341,0.529457,0.143008,0.163280,0.494674,0.862131,0.659813,-0.479360,0.454303
-0.424089,0.692595,0.402368,0.260413,0.358830,0.494260,-1.505329,0.319201,0.567675,0.191282,0.262884,0.365316,0.564709,0.436400,0.332764,0.328140,0.259486,0.627587,-1.595802,0.669514,0.280544,-0.373532,-1.620371,0.129132,-1.143015,-0.577295,0.884058,0.237185,0.054920,-0.599872,0.895453,0.258218,187.105050,1.326265,-1.303557,0.135299,0.237653,1.022716,-0.364394,0.546978,0.137630,0.182029,0.680691,0.153898,1.180417,0.983422,-0.107744,0.528143
0.254280,0.885305,1.979175,0.029973,0.281449,0.094335,-1.133576,0.263866,0.066514,0.019138,0.080857,0.203944,0.375267,-0.105950,0.048025,0.037837,0.014193,0.012886,-1.205005,0.542662,-0.064967,0.280917,-1.189188,-0.168716,-0.153681,0.214663,0.504624,0.099799,-0.742837,-0.746346,0.292390,0.238069,662.696818,1.170862,-1.081483,0.039026,0.033008,1.663913,-0.261614,0.625200,0.124903,0.008512,0.181800,0.220271,0.337804,0.678123,0.479476,0.026534
-0.209095,0.674599,1.545339,0.255491,0.397787,0.251151,-1.504341,0.587222,-0.024104,0.064173,0.096966,0.252937,0.607359,0.306107,0.258905,0.102995,0.110450,0.394503,-1.647017,0.835025,-0.064198,0.217072,-1.470311,0.288436,-0.901153,0.037223,0.549218,0.173879,-1.014155,-0.967785,0.403416,0.474912,643.174637,1.494977,-1.224722,0.139710,0.101694,1.559670,-0.614519,-0.861165,0.647399,0.092831,0.502840,0.239942,0.824748,0.678123,-0.563110,0.031519
-0.209095,0.659501,0.651896,0.268204,0.351595,0.117847,-1.550127,0.326761,0.604972,0.099070,0.177884,0.290873,0.504741,0.306107,0.071609,0.154958,0.198664,0.584115,-1.760654,0.835755,0.503593,0.046532,-1.528821,0.730464,-0.901153,0.137693,0.489700,0.132585,-0.677951,-0.679846,0.403416,0.189592,343.213596,1.553689,-1.199413,0.343151,0.238614,1.350276,-0.761613,-0.888067,0.714828,0.177719,0.124013,0.380929,0.824748,0.642615,-0.563110,0.454653
-0.641258,0.685612,0.377504,0.230290,0.380522,0.390473,-1.541322,0.318374,0.576903,0.254650,0.252611,0.247145,0.521785,0.270944,0.208178,0.346894,0.177784,0.426223,-1.874642,0.617653,-0.009771,-0.466617,-1.514922,0.074751,-0.675252,-0.281975,0.495049,0.251488,-0.082862,-0.693024,1.154689,0.307360,168.319529,1.608228,-1.202735,0.082545,0.170171,1.070381,-0.263338,0.551072,0.109559,0.165724,0.598071,0.195562,0.823385,0.918541,-0.156793,0.535810
0.348959,0.859697,1.840067,0.030220,0.288320,0.134444,-1.306735,0.296184,-0.057416,0.028134,0.067975,0.215677,0.337971,-0.191275,0.061866,0.044061,0.014839,0.057993,-1.280797,0.537500,-0.078155,0.337779,-1.214875,-0.122934,-0.144626,0.205083,0.495378,0.118830,-0.726072,-0.597385,0.276821,0.205298,634.623384,1.366099,-1.027502,0.023334,0.047842,1.698271,-0.247118,0.721076,0.056923,0.004555,0.140810,0.181959,0.376091,0.704088,0.448798,0.021518
-0.275940,0.615524,0.989559,0.214290,0.368109,0.243605,-1.326127,0.612678,-0.018518,0.077857,0.158507,0.237185,0.548141,0.483902,0.228670,0.113741,0.166072,0.117159,-1.294808,0.837669,-0.102108,0.312944,-1.561937,0.308186,-1.320320,0.021743,0.644812,0.217524,-0.976206,-1.165657,0.340541,0.502562,442.030567,1.142870,-1.223662,0.143495,0.097332,1.392606,-0.675190,-0.778222,0.595019,0.106710,0.414297,0.227716,1.075210,0.789219,-0.473697,0.070957
-0.273889,0.567230,0.540477,0.214983,0.287711,0.056851,-1.380178,0.310090,0.518387,0.059864,0.168199,0.215466,0.426052,0.366225,0.062845,0.188580,0.240300,0.276932,-1.440218,0.837669,0.232233,0.356879,-1.226824,0.780213,-1.320320,0.150386,0.476297,0.204806,-0.591307,-0.697111,0.347735,0.225851,307.110621,1.252382,-1.272970,0.256554,0.204862,1.171878,-0.685216,-0.778222,0.619949,0.138931,0.166589,0.302028,1.075210,0.630550,-0.473697,0.383996
-0.582312,0.681247,0.546764,0.222221,0.359806,0.392423,-1.439963,0.277194,0.498712,0.155438,0.287472,0.384208,0.514168,0.376274,0.239606,0.227806,0.144828,0.276290,-1.617393,0.653243,-0.056250,-0.588937,-1.617948,-0.147465,-1.181118,-0.416525,0.515794,0.203674,0.017533,-0.678944,0.761597,0.341452,213.140107,1.357636,-1.295288,0.081886,0.206221,1.597059,-0.296872,0.548017,0.123079,0.145772,0.758662,0.107842,0.780185,0.754054,-0.047948,0.659594
0.201001,0.808970,1.958636,0.022481,0.304458,0.104642,-1.080667,0.322882,0.010751,0.037983,0.065678,0.220693,0.354203,-0.190498,0.099726,0.039704,0.014160,-0.007645,-1.196201,0.547826,-0.118410,0.393327,-1.161109,-0.166639,-0.160105,0.212062,0.647653,0.102489,-0.565274,-0.586655,0.279778,0.251844,694.783227,1.145045,-1.001858,0.037143,0.070095,1.652323,-0.249940,0.693922,0.042546,0.002984,0.239106,0.153906,0.311886,0.607592,0.421087,0.026104
-0.110463,0.547131,0.926206,0.250549,0.367592,0.275133,-1.243758,0.570100,-0.051052,0.054415,0.110043,0.190976,0.521999,0.455014,0.251938,0.110321,0.137931,0.184492,-1.155259,0.822797,0.041053,0.344403,-1.566011,0.239430,-0.982228,-0.017173,0.522865,0.195886,-0.877716,-1.000641,0.358352,0.434449,424.856956,1.040229,-1.185372,0.118228,0.069448,1.748811,-0.520432,-0.792182,0.555240,0.106334,0.305079,0.212477,0.810802,0.731179,-0.405491,-0.016751
-0.110201,0.616864,0.411527,0.244939,0.274624,0.085093,-1.415292,0.283578,0.594683,0.066113,0.197866,0.221958,0.344930,0.053491,0.055516,0.101173,0.168257,0.485538,-1.499225,0.773631,0.403575,0.003079,-1.576188,0.682497,-0.976965,0.143889,0.448942,0.126228,-0.434936,-1.028156,0.358352,0.184763,225.534470,1.293769,-1.169568,0.244078,0.185648,1.287952,-0.671386,-0.804577,0.664557,0.133683,0.162373,0.297797,0.810802,0.606983,-0.409801,0.416945
-0.364670,0.768489,0.386256,0.191516,0.344186,0.338126,-1.308460,0.234532,0.471736,0.191459,0.201538,0.223255,0.472213,0.154492,0.216219,0.282416,0.137608,0.507309,-1.362766,0.634089,-0.106233,-0.221153,-1.495112,0.021132,-0.922856,-0.370740,0.501577,0.305187,-0.180815,-1.023477,0.902326,0.308798,176.709095,1.206359,-1.205739,0.069950,0.158852,1.100613,-0.283761,0.665595,0.078480,0.113610,0.460035,0.186738,0.831947,0.947114,-0.173967,0.471258
0.311964,0.882388,1.834718,0.041844,0.305179,0.106082,-1.202280,0.333478,-0.217597,0.039155,0.096697,0.196253,0.359111,-0.149334,0.076723,0.047167,0.029658,-0.116852,-1.332160,0.584341,-0.035821,0.363029,-1.288402,-0.170592,-0.150274,0.210604,0.547459,0.104707,-0.635132,-0.422721,0.308331,0.187449,662.960740,1.325947,-1.128124,0.037104,0.062123,1.340626,-0.250549,0.770272,0.040974,0.009619,0.198231,0.123896,0.488046,0.693502,0.343251,0.006663
-0.128954,0.556683,0.815929,0.339679,0.362078,0.260418,-1.297497,0.620423,0.055391,0.057880,0.209316,0.302811,0.553688,0.507295,0.246467,0.117071,0.159956,0.162229,-1.403988,0.855778,0.116630,0.436799,-1.579566,0.577633,-1.449013,0.036607,0.697304,0.235053,-0.873916,-0.903975,0.332596,0.516371,418.249825,1.333681,-1.412984,0.136386,0.106889,0.954714,-0.551363,-0.882957,0.589622,0.111156,0.556490,0.256627,0.949043,0.717988,-0.478576,0.073554
0.141224,0.563142,0.546258,0.166059,0.230247,0.105419,-1.372120,0.188323,0.534255,0.022357,0.171929,0.296675,0.167051,-0.045793,0.067146,0.150161,0.151867,0.188520,-1.576081,0.855778,0.253768,0.397604,-1.575548,0.713665,-0.751647,0.196127,0.501530,0.126131,-0.197084,-1.008427,0.332596,0.202877,291.221579,1.370146,-1.550145,0.148821,0.170867,1.592470,-0.585847,-0.887983,0.589244,0.094977,0.097174,0.196076,0.587637,0.615683,-0.471284,0.349357
-0.348276,0.726614,0.394047,0.218986,0.346066,0.344746,-1.503848,0.275177,0.326226,0.185999,0.294686,0.226804,0.441689,0.254529,0.194419,0.363840,0.211328,0.322237,-1.808669,0.678057,-0.034583,-0.496923,-1.568285,0.191738,-1.382545,-0.378233,0.483872,0.259344,0.017851,-1.393901,0.817750,0.329249,182.192681,1.604914,-1.479805,0.062582,0.187168,1.090671,-0.295353,0.632859,0.079982,0.135480,0.576156,0.077994,1.303127,0.862708,0.067294,0.584685
0.369262,0.801353,1.983846,0.046094,0.304589,0.202576,-1.094983,0.295926,-0.021894,0.038839,0.066934,0.131736,0.355692,-0.165879,0.052907,0.083101,0.043807,-0.427088,-1.190987,0.566380,-0.031210,0.618864,-1.103317,-0.087504,-0.275277,0.195772,0.492749,0.088486,-0.666194,-0.345972,0.281626,0.233075,758.033396,1.206566,-1.443683,0.025792,0.058632,1.676445,-0.242254,0.695560,0.041712,0.007824,0.093137,0.155827,0.568239,0.735869,0.383510,-0.000661
-1.164441,0.514447,1.173002,0.426434,0.398747,0.395438,-1.329263,0.970806,-0.427801,0.076096,0.137486,0.304935,0.545707,0.132658,0.225669,0.151275,0.163594,0.333367,-1.391066,0.878634,-0.020935,0.183114,-1.665515,0.102876,-1.539691,-0.032915,0.452395,0.215187,-1.252855,-1.318087,0.304918,0.424398,606.681551,1.319418,-1.537396,0.079366,0.106759,1.611149,-0.817260,-0.910232,0.504779,0.075899,0.767379,0.237115,1.207814,0.832933,-0.642562,0.137872
-1.164441,0.666444,0.418966,0.271435,0.350382,0.168023,-1.306088,0.673882,0.763267,0.055414,0.257194,0.310060,0.436602,0.132658,0.071399,0.105363,0.187690,0.434696,-1.594845,0.903222,0.637815,0.190439,-1.539867,0.634414,-1.539691,0.133372,0.519432,0.132305,-0.889580,-0.583191,0.348486,0.309319,231.637013,1.407346,-1.379183,0.286136,0.188049,1.261711,-0.825129,-1.042053,0.580001,0.132706,0.228046,0.523687,1.207814,0.552456,-0.642562,0.389069
-0.574454,0.715586,0.714697,0.250459,0.363829,0.617353,-1.433679,0.298485,0.597716,0.371354,0.259635,0.298223,0.677655,0.644740,0.309776,0.533944,0.303594,0.560758,-1.543034,0.918559,-0.031387,-0.863169,-1.570855,0.284549,-1.388675,-0.728609,0.872857,0.379675,0.109676,-1.713830,1.640442,0.177619,266.351880,1.360948,-1.406070,0.133515,0.318094,1.621758,-0.255708,0.507320,0.165391,0.242095,0.621779,0.134317,1.493050,0.999156,-0.445719,1.113377
0.370433,0.772361,2.502136,0.017910,0.316498,0.127395,-1.155777,0.352345,0.040656,0.042821,0.076333,0.119019,0.351340,-0.200612,0.063706,0.063280,0.020071,-0.226627,-1.242931,0.565038,-0.122298,0.253546,-1.266091,-0.194309,-0.208675,0.200034,0.507472,0.146525,-0.657569,-0.613156,0.273702,0.294231,885.589783,1.218756,-1.222991,0.032567,0.093756,1.616999,-0.256344,0.628396,0.041115,0.005022,0.180112,0.186592,0.423355,0.687363,0.452988,0.087151
-0.924040,0.554732,1.256898,0.323937,0.392899,0.510946,-1.363708,0.905379,-0.296697,0.078407,0.162187,0.391443,0.577763,0.356366,0.199781,0.123527,0.165676,0.403379,-1.237951,0.797868,0.161096,0.197964,-1.634732,-0.011820,-1.039006,-0.029635,0.494463,0.190027,-1.039680,-1.231089,0.355422,0.456042,629.996450,1.261859,-1.427572,0.106889,0.115443,1.568603,-0.651243,-0.975175,0.561117,0.114650,0.408724,0.196125,1.423870,0.995328,-0.532120,0.117286
-0.924040,0.669791,0.468896,0.218824,0.353827,0.157421,-1.543369,0.633552,0.729278,0.051286,0.178814,0.248384,0.475520,0.356366,0.071382,0.145677,0.184303,0.596037,-1.707913,0.813074,0.636713,-0.175245,-1.519548,0.653753,-1.039006,0.115939,0.539591,0.096897,-0.789542,-0.995752,0.355422,0.366745,257.282392,1.472445,-1.493574,0.290103,0.160981,1.229074,-0.794233,-1.044543,0.554686,0.143284,0.172869,0.465084,1.423870,0.727094,-0.562800,0.416982
-0.794652,0.652603,0.642968,0.295699,0.390828,0.696253,-1.506459,0.408831,0.553320,0.423752,0.376461,0.387424,0.810707,0.510734,0.335304,0.674709,0.370631,0.406739,-1.613276,1.078305,0.262408,-0.338297,-1.548956,0.368688,-1.319553,-0.902052,0.608509,0.583813,0.235154,-0.858380,1.867122,0.366415,240.772133,1.366023,-1.415234,0.176812,0.367550,1.467690,-0.304639,0.435268,0.169334,0.227411,0.506848,0.089173,2.159699,1.291856,-0.510701,1.379823
0.048015,0.803653,1.927083,0.035328,0.302649,0.292156,-1.314741,0.300995,0.199323,0.031485,0.074476,0.202423,0.380510,-0.148019,0.135087,0.043728,0.015677,0.103925,-1.383639,0.551909,-0.069336,0.345054,-1.226021,-0.118968,-0.180994,0.210260,0.732306,0.078538,-0.671542,-0.688472,0.284809,0.310831,727.669940,1.335030,-1.398669,0.035360,0.067450,1.595598,-0.286358,0.530642,0.115391,0.006529,0.223906,0.248182,0.350505,0.665607,0.435449,0.097244
-0.484229,0.622857,1.446481,0.325125,0.394903,0.296951,-1.366974,0.630952,-0.143003,0.085539,0.188731,0.283570,0.573640,0.602987,0.256825,0.110048,0.202367,0.211731,-1.368927,0.876949,0.125956,0.229735,-1.575336,0.287884,-1.438397,0.021832,0.604047,0.246368,-0.884215,-1.024425,0.341683,0.518005,657.927123,1.219328,-1.319113,0.138105,0.128238,1.435002,-0.645271,-0.846238,0.612844,0.127877,0.386983,0.194102,0.933517,0.872136,-0.490522,0.174322
-0.484229,0.626771,0.659037,0.214125,0.320797,0.190741,-1.296003,0.401546,0.540356,0.092347,0.236944,0.350712,0.539026,0.602987,0.073555,0.142040,0.240014,0.597359,-1.346437,0.876949,0.516223,0.038849,-1.465694,0.737697,-1.438397,0.158021,0.533615,0.119435,-0.546435,-0.546590,0.341683,0.195370,361.545564,1.218034,-1.517061,0.293385,0.218503,1.360502,-0.716489,-0.848091,0.677753,0.185514,0.201664,0.324489,0.933517,0.699040,-0.474115,0.503718
-0.529522,0.842512,0.379191,0.237447,0.362893,0.584278,-1.543203,0.279551,0.406148,0.331939,0.301667,0.321076,0.549906,0.392455,0.322748,0.405764,0.221882,0.624835,-1.781013,0.747333,0.018574,-0.835169,-1.452367,0.140019,-0.983036,-0.553687,0.825874,0.302814,-0.207436,-1.347476,1.565677,0.324020,173.462004,1.457309,-1.420099,0.100182,0.262967,0.985560,-0.256261,0.713045,0.104726,0.200369,0.510278,0.170901,1.129526,1.195396,-0.376525,0.825123
0.058745,0.936037,2.487593,0.023744,0.319422,0.097574,-1.260376,0.336421,-0.189086,0.038492,0.101003,0.222330,0.383739,-0.188214,0.072717,0.038900,0.016831,0.006757,-1.341899,0.547927,-0.110480,0.318422,-1.299392,-0.164323,-0.152546,0.200887,0.542617,0.090322,-0.751095,-0.470834,0.280945,0.212598,871.361035,1.359652,-1.253401,0.041210,0.076391,1.432023,-0.252688,0.876730,0.027916,0.004954,0.203135,0.154512,0.354960,0.751437,0.411559,0.040042
-0.507730,0.641502,1.378143,0.337266,0.390507,0.296350,-1.279428,0.671258,-0.093606,0.074516,0.147505,0.342286,0.593578,0.474934,0.278138,0.092747,0.129428,0.173845,-1.230299,0.902553,0.143211,0.337464,-1.534160,0.245303,-1.024910,0.003436,1.772543,0.206123,-0.976729,-1.033347,0.376550,0.547022,612.950953,1.033507,-1.317572,0.162992,0.126745,1.458422,-0.723646,-0.917799,0.658364,0.126449,0.344856,0.237483,0.785413,0.962347,-0.507670,0.164678
-0.308075,0.598504,0.700426,0.198387,0.264810,0.201427,-1.474778,0.294952,0.725410,0.059785,0.187716,0.314829,0.234580,-0.062418,0.068815,0.075440,0.076184,0.614064,-1.788448,0.849935,0.572284,-0.134477,-1.330740,0.569175,-0.498866,0.134962,0.556476,0.106680,-0.344302,-0.724319,0.376550,0.113560,391.080929,1.515735,-1.444521,0.179957,0.177698,1.495268,-0.734856,-0.917840,0.646775,0.102797,0.146839,0.314164,0.494646,0.794996,-0.488576,0.352820
-0.620358,0.698969,0.730095,0.262258,0.375192,0.564835,-1.481287,0.314659,0.527248,0.331375,0.258476,0.229056,0.639165,0.506628,0.302965,0.488731,0.255074,0.511364,-1.757166,0.776206,0.128900,-0.743030,-1.514128,0.195883,-0.818872,-0.833186,0.703043,0.530802,-0.174233,-0.553115,1.768322,0.292229,272.553873,1.654478,-1.341465,0.098095,0.326725,1.440242,-0.280651,0.566582,0.090263,0.170170,0.419917,0.200087,1.374950,1.276772,-0.440963,1.185012
0.405746,0.822462,2.236979,0.028377,0.279533,0.084954,-1.136084,0.260372,-0.284429,0.026506,0.031139,0.202129,0.302973,-0.201414,0.072856,0.038227,0.011096,0.056321,-1.222873,0.545903,-0.102551,0.272689,-1.184884,-0.165730,-0.163643,0.208063,0.552024,0.062281,-0.759505,-0.569819,0.269557,0.137393,907.919100,1.296001,-1.169334,0.010758,0.043980,1.444940,-0.247529,0.779928,0.016418,0.002998,0.165253,0.121560,0.375772,0.744803,0.389853,-0.002807
-0.282181,0.345557,0.533516,0.161939,0.251283,0.171661,-1.412274,0.417612,0.148944,0.049040,0.131724,0.270938,0.421239,0.136228,0.115870,0.100002,0.132466,-0.052398,-1.416379,0.859020,0.464869,0.251107,-1.352928,0.155514,-0.797712,0.149344,0.642712,0.128424,-0.936050,-0.979365,0.298870,0.330150,297.171357,1.132809,-1.279066,0.263296,0.058982,1.307637,-0.632920,-0.635001,0.305550,0.090345,0.287699,0.401918,0.692019,0.499480,-0.249627,-0.049043
-0.045142,0.864851,0.392923,0.012085,0.183557,0.120280,-1.235174,0.044205,0.256824,0.008740,0.043771,0.250364,0.200346,-0.204042,0.028659,0.014801,0.005294,0.957129,-1.286075,0.525689,-0.076352,0.281412,-1.509517,-0.133763,-0.107723,0.199691,0.335335,0.037444,-0.137489,-0.379231,0.268927,0.020463,226.809597,1.243624,-1.072606,0.009436,0.026471,1.091352,-0.241697,0.754151,0.062627,0.001220,0.158885,0.121557,0.353654,0.323275,0.073882,0.063520
0.144809,0.594254,0.509836,0.007264,0.181678,0.069569,-0.932461,0.024618,0.784966,0.002466,0.013371,0.055645,0.188773,-0.204259,0.022629,0.015302,0.005036,0.094523,-1.072047,0.512066,-0.091376,0.346693,-1.236819,-0.182504,-0.113496,0.212947,0.318357,0.040946,0.490632,-0.484972,0.267168,0.150451,237.519359,1.018915,-1.145942,0.003528,0.012808,1.195131,-0.240362,0.566971,0.019680,0.001341,0.165111,0.093932,0.364457,-0.264078,0.113573,0.090728
0.145334,0.622749,0.443546,0.010227,0.162704,0.082177,-0.884556,0.036000,0.721680,0.006937,0.012711,0.308021,0.171957,-0.205327,0.029927,0.017171,0.005821,-0.221920,-1.115156,0.509863,-0.085138,0.390163,-1.465251,-0.115398,-0.112585,0.214157,0.295888,0.031685,0.485817,-0.438572,0.265958,0.063078,209.324665,0.955236,-1.028563,0.004674,0.007370,1.070346,-0.243373,0.519053,0.065204,0.001400,0.341767,0.054901,0.372000,-0.205657,0.164927,0.083090
0.097818,0.616426,0.332832,0.207895,0.199766,0.333435,-1.154555,0.195037,0.599570,0.047276,0.175206,0.142845,0.296271,-0.070273,0.037153,0.051309,0.042436,-0.053897,-1.197290,0.546329,-0.118658,0.240940,-1.169430,-0.072200,-0.593600,0.116811,0.363794,0.097914,0.010304,-0.755060,0.400933,0.092366,201.911283,1.187230,-1.266239,0.069026,0.045762,1.027916,-0.354434,0.226580,0.225691,0.036429,0.399047,0.193509,0.504805,0.649085,-0.283774,0.163186
-0.396757,0.575650,0.493585,0.213155,0.183846,0.290508,-1.377922,0.268980,0.653849,0.120091,0.296795,0.272110,0.450815,0.214252,0.168332,0.129294,0.133448,0.738011,-1.572792,0.677572,0.050040,-0.587251,-1.593266,0.024208,-0.630153,-0.296597,0.456180,0.221273,0.101832,-0.878770,0.583094,0.169943,263.044668,1.336342,-1.035240,0.196338,0.126021,1.347520,-0.426341,0.244795,0.159275,0.141639,0.346675,0.177193,0.860709,0.812952,-0.034041,0.458532
0.208531,0.701334,1.484845,0.035797,0.252018,0.403256,-1.151200,0.192916,0.112873,0.018090,0.106526,0.451370,0.291791,-0.173435,0.179725,0.080704,0.019422,0.751745,-1.188161,0.550711,-0.068189,0.200917,-1.365681,-0.050754,-0.142269,0.178879,0.704249,0.111950,-0.406890,-0.300383,0.282744,0.200835,531.549596,1.156956,-1.302408,0.016788,0.045472,1.836704,-0.252944,0.499991,0.082753,0.005349,0.285517,0.153842,0.374591,0.436021,0.285549,0.066613
0.480378,0.710321,1.554444,0.055773,0.309689,0.363733,-1.166385,0.205788,-0.437765,0.019081,0.065094,0.232203,0.447658,-0.189538,0.180908,0.098225,0.030301,-0.270496,-1.246591,0.563986,-0.120358,0.422367,-1.168153,-0.118118,-0.416978,0.043144,0.402315,0.149491,-0.866977,-0.938680,0.290449,0.109779,571.052941,1.206561,-1.520148,0.063349,0.076560,1.472159,-0.237713,0.312648,0.111434,0.024523,0.229571,0.140795,0.528409,0.848496,-0.282857,0.209068
-0.375404,0.987859,0.636885,0.029255,0.212779,0.171501,-1.005186,0.118263,-0.084334,0.010139,0.050931,0.353661,0.264001,-0.191278,0.190454,0.041552,0.015222,0.553451,-1.183999,0.522444,-0.081851,0.386083,-1.336643,-0.028164,-0.129265,0.192134,0.807143,0.069866,-0.400287,-0.563835,0.277606,0.087651,331.931681,1.047874,-1.103353,0.022594,0.027283,1.530855,-0.250076,0.881606,0.076072,0.002897,0.361721,0.081670,0.417077,0.287102,0.251479,0.027083
0.200037,1.180031,0.402730,0.003636,0.178332,0.045085,-0.822831,0.010500,-0.617501,0.002598,0.012309,0.053843,0.185017,-0.199316,0.015911,0.010129,0.002821,-0.105878,-1.071919,0.508077,-0.109839,0.388443,-1.311314,-0.191783,-0.123479,0.223419,0.306891,0.015448,-0.754416,-0.601060,0.271609,0.035129,192.553784,0.890655,-1.190838,0.003499,0.008847,1.185922,-0.241701,1.153028,0.015164,0.000964,0.074244,0.031281,0.334137,0.431820,0.171806,-0.106222
0.161855,1.243358,0.553496,0.006156,0.180428,0.035977,-0.809468,0.039077,-0.678734,0.002206,0.009382,0.021781,0.185184,-0.198844,0.006821,0.009246,0.004804,-0.073111,-1.030396,0.513376,-0.079968,0.257870,-1.108885,-0.170800,-0.109476,0.225869,0.293833,0.013988,-0.758606,-0.495260,0.271684,0.017880,233.567796,0.889109,-1.293725,0.002023,0.007474,1.320125,-0.242981,1.210300,0.010257,0.000921,0.109308,0.020460,0.350708,0.497529,0.157395,-0.127025
0.310534,0.694349,0.772125,0.073078,0.258032,0.118429,-1.354381,0.100714,0.639724,0.051435,0.091310,0.148074,0.456946,0.028042,0.072168,0.078417,0.079779,-0.009803,-1.433524,0.636809,0.090766,0.013688,-1.408487,0.121922,-0.344143,0.065000,0.453228,0.126573,-0.728835,-0.622798,0.390991,0.258854,374.710100,1.321953,-1.332154,0.156055,0.094974,1.588923,-0.468934,-0.290111,0.608501,0.058357,0.333003,0.492707,0.768765,0.556033,-0.502060,0.231248
0.087981,0.503161,0.342276,0.054231,0.145823,0.058991,-1.163995,0.238738,0.791645,0.030087,0.089340,0.157514,0.291947,-0.133273,0.052526,0.058768,0.049868,0.364672,-1.195562,0.614954,0.298320,0.093938,-1.450613,0.192599,-0.268156,0.258887,0.453228,0.104100,0.561543,-0.624102,0.360681,0.103746,205.198469,1.168096,-1.603044,0.151493,0.086478,0.874960,-0.468934,-0.290111,0.426572,0.049352,0.147814,0.052130,0.465420,0.636257,-0.156517,0.276742
-0.731958,0.622350,0.645909,0.204630,0.357929,0.307530,-1.441287,0.339462,0.700013,0.281093,0.263525,0.261515,0.556935,0.595540,0.259392,0.245652,0.244560,0.755314,-1.566624,0.722592,0.093731,-0.560004,-1.528977,0.012776,-0.550264,-0.518330,0.455232,0.369217,0.132628,-0.640274,1.284609,0.230564,246.832334,1.164191,-1.276767,0.096138,0.260586,1.541257,-0.269940,0.495911,0.100525,0.166958,0.503689,0.150052,1.198078,0.848602,-0.307970,1.030237
0.403905,0.865385,3.008528,0.020628,0.283559,0.082531,-1.185087,0.229440,0.048322,0.032216,0.073771,0.143079,0.305602,-0.189428,0.027019,0.036292,0.013329,0.186248,-1.256847,0.539761,-0.118383,0.351355,-1.175148,-0.145913,-0.184816,0.207862,0.373968,0.051916,-0.459924,-0.752222,0.277644,0.165801,1067.097988,1.231841,-0.909614,0.016695,0.067771,1.596521,-0.254448,0.805307,0.022717,0.002848,0.064984,0.150885,0.338103,0.499476,0.373421,0.013832
-0.260694,0.564193,0.918245,0.250355,0.336145,0.191598,-1.402528,0.544001,-0.113366,0.056739,0.118230,0.064069,0.502536,0.179527,0.163381,0.077477,0.102450,-0.260638,-1.525163,0.760298,0.041625,0.304519,-1.567049,0.083699,-0.912785,0.074596,0.565012,0.204312,-0.772224,-0.947605,0.349524,0.400486,479.618749,1.325424,-1.248713,0.114451,0.069676,1.709624,-0.617384,-0.606372,0.530767,0.083339,0.236440,0.174398,0.575766,0.743012,-0.339567,0.038654
-0.126853,0.484004,0.504841,0.086726,0.227834,0.063815,-1.388960,0.235694,0.496024,0.041146,0.154673,0.244827,0.169993,-0.096253,0.036811,0.063415,0.093926,0.486183,-1.583825,0.759241,0.465658,0.148800,-1.325207,0.416521,-0.741263,0.180831,0.422257,0.075265,-0.222973,-0.639110,0.349524,0.137403,275.474435,1.355431,-1.422695,0.151570,0.134201,1.275519,-0.626255,-0.615559,0.539150,0.079653,0.084410,0.223681,0.575766,0.525159,-0.425680,0.263032
-0.689399,0.788339,0.426009,0.266382,0.353136,0.416725,-1.385285,0.348710,0.400224,0.286585,0.325972,0.183606,0.491952,0.309333,0.259355,0.387046,0.271978,0.445841,-1.380581,0.673488,-0.063710,-1.057049,-1.548224,0.124686,-0.694675,-0.662985,0.492328,0.411270,-0.094236,-0.937036,1.442320,0.313506,194.911470,1.197055,-1.366174,0.073405,0.238876,1.116773,-0.278630,0.713753,0.075073,0.143213,0.579057,0.116542,1.261618,0.820454,-0.357705,0.945640
0.252547,0.877778,2.893900,0.031250,0.301790,0.139626,-1.315308,0.290760,-0.214017,0.037465,0.053116,0.184824,0.324698,-0.190768,0.073586,0.049592,0.024548,0.086480,-1.286367,0.539006,-0.081603,0.420406,-1.068114,-0.158200,-0.187796,0.206134,0.480928,0.060659,-0.658835,-0.589418,0.279309,0.169995,1013.461621,1.253165,-1.141509,0.015052,0.067291,1.514596,-0.258309,0.843282,0.023589,0.004082,0.151727,0.135225,0.363884,0.475318,0.378869,0.027407
-0.597082,0.556942,1.170172,0.298777,0.361985,0.242448,-1.509551,0.684597,-0.310380,0.061470,0.113305,0.173400,0.512137,0.571464,0.223399,0.104795,0.104514,0.007122,-1.639073,0.810924,0.005272,0.171330,-1.708825,0.031108,-0.645618,0.024431,0.480964,0.193271,-0.968848,-1.004936,0.369038,0.438338,566.231391,1.463373,-1.187039,0.116076,0.067568,1.198672,-0.654319,-0.751911,0.556000,0.121174,0.356848,0.168418,0.657658,0.623848,-0.390889,-0.020567
-0.098402,0.520269,0.583587,0.111373,0.247355,0.068101,-1.411190,0.221315,0.536481,0.038989,0.184615,0.233047,0.093802,-0.110958,0.034493,0.073544,0.095968,0.297755,-1.691976,0.810924,0.649977,0.078918,-1.285271,0.398777,-0.386184,0.175664,0.409318,0.076128,-0.424195,-0.655972,0.350130,0.170378,320.035960,1.485734,-1.351518,0.143727,0.147417,1.475686,-0.666145,-0.764027,0.569994,0.077529,0.116215,0.291751,0.512539,0.511705,-0.383193,0.273907
-0.515062,0.688791,0.432461,0.228073,0.358677,0.284664,-1.530306,0.291330,0.481490,0.238596,0.232444,0.260355,0.510530,0.203904,0.238832,0.357937,0.210095,0.558038,-1.648483,0.720071,0.011726,-0.220125,-1.584902,0.060725,-0.874813,-0.520717,0.537740,0.452706,-0.084809,-0.649788,1.238278,0.316627,176.111796,1.348115,-1.141757,0.074314,0.212670,1.244934,-0.242471,0.615560,0.079859,0.114843,0.688022,0.147378,1.321096,0.857333,-0.162802,0.805199
0.469067,0.846630,2.184608,0.029602,0.275962,0.110548,-1.317423,0.260551,-0.168234,0.024139,0.096989,0.110452,0.318772,-0.194232,0.038706,0.061925,0.026702,-0.151711,-1.490343,0.553586,-0.103320,0.192451,-1.241363,-0.168640,-0.219408,0.198018,0.379330,0.108559,-0.709729,-0.605619,0.277046,0.192731,687.248107,1.381698,-1.178166,0.025803,0.048235,1.663092,-0.262430,0.734959,0.050766,0.005849,0.134948,0.148282,0.412603,0.491077,0.405284,-0.009023
-0.255484,0.566386,0.765969,0.264076,0.363355,0.211852,-1.496905,0.639648,-0.323592,0.076604,0.116880,0.111232,0.521343,0.408778,0.234359,0.101054,0.128443,-0.049262,-1.484081,0.785590,-0.118041,0.250294,-1.620806,0.033052,-0.956896,0.015155,0.670346,0.165931,-0.960955,-1.013959,0.422445,0.445824,362.282716,1.199270,-1.329630,0.091926,0.059959,0.752265,-0.623353,-0.674588,0.525238,0.084871,0.437785,0.156634,0.694166,0.643785,-0.381242,0.033520
-0.245817,0.519440,0.534057,0.177084,0.274147,0.096928,-1.559205,0.340118,0.479412,0.071015,0.198685,0.176948,0.417932,0.408778,0.059724,0.123446,0.175110,0.331745,-1.892788,0.785590,0.611717,0.092466,-1.618914,0.641246,-0.956896,0.153494,0.456650,0.119329,-0.629290,-0.432203,0.422445,0.208259,285.840975,1.641425,-1.406525,0.218076,0.144649,1.629805,-0.666791,-0.761088,0.555550,0.110040,0.085468,0.328897,0.694166,0.577643,-0.419407,0.316116
-0.526791,0.837943,0.394032,0.230933,0.357803,0.441603,-1.466426,0.335664,0.435400,0.278630,0.283874,0.289184,0.552973,0.268964,0.322485,0.377180,0.260009,0.504819,-1.634488,0.685718,0.070293,-0.992345,-1.453582,0.094784,-0.941325,-0.719548,0.833982,0.386558,0.028234,-1.070097,1.433738,0.339168,166.591098,1.444873,-1.355255,0.088485,0.254810,1.233690,-0.251835,0.713207,0.080530,0.144769,0.738144,0.096575,1.296179,0.948004,-0.243060,0.894537
0.158430,0.990820,2.678752,0.015791,0.294658,0.056958,-1.273119,0.317022,-0.058371,0.029542,0.055035,0.145738,0.357108,-0.189493,0.081074,0.040380,0.012582,0.056990,-1.340581,0.555355,-0.083475,0.430919,-1.197814,-0.148217,-0.132004,0.201776,0.544338,0.072771,-0.601099,-0.492377,0.281644,0.193910,914.750557,1.277401,-1.070025,0.029026,0.041959,1.658295,-0.244526,0.887980,0.039523,0.004225,0.197726,0.160562,0.374348,0.560395,0.442878,-0.008948
-0.662505,0.637055,1.480382,0.223946,0.376891,0.248008,-1.382476,0.720591,-0.066870,0.083122,0.131129,0.183950,0.566572,0.511306,0.254378,0.109930,0.181895,-0.018221,-1.470080,0.780334,-0.095474,0.146183,-1.504905,0.041439,-1.297107,0.043456,0.726362,0.210462,-0.765695,-1.048929,0.353081,0.520168,633.069171,1.299883,-1.273653,0.135037,0.096238,1.507637,-0.725096,-0.768336,0.607302,0.139723,0.524993,0.191007,0.910402,0.686980,-0.530199,0.077583
-0.662505,0.621040,0.510194,0.255719,0.330995,0.075006,-1.311985,0.400562,0.437347,0.102105,0.210848,0.247226,0.482562,0.511306,0.097960,0.146897,0.248400,0.462245,-1.204971,0.780334,0.593886,-0.080808,-1.409935,0.708611,-1.297107,0.141569,0.470564,0.187460,-0.487604,-0.553204,0.353081,0.206654,283.917866,0.965415,-1.231150,0.313454,0.212480,1.445642,-0.748146,-0.773575,0.690361,0.204203,0.212188,0.267406,0.910402,0.565178,-0.530199,0.443078
-0.579243,0.753343,0.381576,0.248292,0.368892,0.360835,-1.466084,0.265943,0.421397,0.249155,0.329598,0.303792,0.569276,0.462387,0.266867,0.361177,0.252621,0.582891,-1.798378,0.652847,-0.003605,-0.825040,-1.695871,-0.074168,-0.538657,-0.465497,0.521537,0.366015,-0.198231,-0.742498,1.320203,0.352764,188.931884,1.500340,-1.331042,0.101400,0.225940,1.066359,-0.273666,0.603446,0.118318,0.157919,0.659495,0.164115,0.843533,0.873571,-0.324455,0.777204
0.099588,0.999198,2.034764,0.022487,0.290388,0.057190,-1.283157,0.307214,-0.183257,0.025632,0.073549,0.189082,0.383949,-0.186252,0.055176,0.040660,0.012046,-0.065885,-1.317389,0.551874,-0.089255,0.290996,-1.097012,-0.122567,-0.153449,0.202175,0.514091,0.064967,-0.730013,-0.714491,0.283397,0.247454,722.924702,1.308582,-1.014940,0.043346,0.049349,1.643617,-0.250529,0.834659,0.070085,0.004626,0.149795,0.159877,0.363095,0.672889,0.365737,-0.006730
-0.304916,0.657302,1.034212,0.256100,0.374839,0.301789,-1.371556,0.607635,-0.129441,0.074468,0.149305,0.201539,0.566522,0.553738,0.269789,0.112116,0.152571,0.066391,-1.562977,0.799526,0.008693,0.260749,-1.562511,0.302279,-1.158407,0.052063,0.769735,0.182626,-0.938673,-0.950464,0.331005,0.585877,458.272891,1.356106,-1.355409,0.165440,0.110479,1.308732,-0.664471,-0.686566,0.639151,0.115967,0.428855,0.238874,0.720809,0.783596,-0.449497,0.050135
-0.127807,0.587202,0.539204,0.245208,0.283135,0.104716,-1.400179,0.249133,0.465091,0.063825,0.190355,0.256744,0.432880,-0.048855,0.057938,0.118281,0.172497,0.380917,-1.558073,0.790354,0.361941,0.340547,-1.542549,0.689268,-0.932109,0.165189,0.440350,0.137490,-0.275192,-0.732442,0.331005,0.163352,279.738600,1.336963,-1.322834,0.247975,0.188585,1.474899,-0.684471,-0.686566,0.640759,0.128719,0.153594,0.206396,0.649003,0.672198,-0.449497,0.379631
-0.434488,0.685114,0.461894,0.194833,0.324138,0.288386,-1.377485,0.284695,0.286384,0.095507,0.227367,0.267167,0.488713,0.199587,0.238490,0.331112,0.147432,0.315559,-1.561190,0.607973,-0.073186,-0.016593,-1.491899,0.049263,-1.167094,-0.379604,0.610566,0.348489,-0.196803,-1.040235,0.626442,0.363180,195.780433,1.383669,-1.201516,0.080854,0.176601,1.096983,-0.244872,0.569198,0.087131,0.087655,0.592502,0.126756,0.945513,0.908724,-0.249975,0.580021
0.439845,0.892530,1.893776,0.011619,0.292257,0.142728,-1.150986,0.293956,-0.218438,0.038593,0.058315,0.081233,0.335284,-0.200227,0.041726,0.031693,0.015349,-0.334996,-1.212003,0.548755,-0.087744,0.484800,-1.266168,-0.150982,-0.204832,0.194876,0.391069,0.056580,-0.591976,-0.421176,0.275046,0.162292,630.718258,1.127988,-1.204225,0.039091,0.067437,1.787258,-0.247422,0.803479,0.044392,0.002326,0.177743,0.102028,0.517528,0.605897,0.357217,-0.000963
-0.594776,0.518891,0.658084,0.322396,0.361920,0.334733,-1.326631,0.763463,-0.217957,0.057973,0.147261,0.229412,0.488957,0.368113,0.226557,0.108046,0.160490,0.317966,-1.298178,0.780314,-0.161492,0.489557,-1.620535,0.179199,-1.053836,0.006455,0.635551,0.182869,-0.788003,-0.949613,0.323981,0.463596,313.627978,1.094489,-1.365448,0.093660,0.049972,1.063823,-0.738571,-0.826597,0.536253,0.123358,0.664523,0.159325,1.076890,0.684727,-0.442173,-0.023066
-0.427167,0.621014,0.470031,0.157719,0.275665,0.094064,-1.473425,0.346107,0.465746,0.051053,0.136980,0.215353,0.241990,-0.057003,0.043592,0.069059,0.113601,0.339888,-1.769784,0.780314,0.346813,0.312874,-1.401572,0.555944,-0.983409,0.144555,0.409259,0.072743,-0.317088,-0.627677,0.323981,0.245035,250.488047,1.509133,-1.100769,0.222564,0.172159,1.525832,-0.738571,-0.858627,0.667518,0.116809,0.244366,0.238484,0.515948,0.461336,-0.442173,0.376887
-0.632233,0.766679,0.358703,0.244997,0.325877,0.366992,-1.610651,0.299047,0.357357,0.232289,0.320213,0.330917,0.464884,0.252026,0.239332,0.401293,0.246118,0.665155,-1.989947,0.637156,0.344111,-0.325642,-1.518766,0.117662,-1.184257,-0.467287,0.517016,0.335972,-0.069407,-1.524058,1.031208,0.323458,166.221345,1.560275,-1.332806,0.071994,0.194691,0.955859,-0.262841,0.701717,0.048885,0.126803,0.699936,0.107790,1.299425,0.693299,-0.229144,0.668489
0.212348,0.945618,1.670673,0.024369,0.286430,0.097012,-1.275111,0.277133,-0.125258,0.030092,0.078990,0.112106,0.362614,-0.131660,0.040376,0.043435,0.018977,-0.136132,-1.374939,0.554870,-0.063973,0.412643,-1.324448,-0.154304,-0.152187,0.202489,0.369227,0.067565,-0.552282,-0.453978,0.298476,0.230924,624.797635,1.261626,-1.169820,0.042092,0.044032,1.544420,-0.253969,0.880559,0.029676,0.011378,0.159634,0.133227,0.360237,0.528678,0.371367,0.019606
0.007874,0.598550,0.814206,0.297877,0.369840,0.255498,-1.250333,0.553667,-0.150295,0.067726,0.183199,0.175897,0.557885,0.350441,0.243666,0.112989,0.128120,0.126251,-1.251148,0.790873,0.042725,0.366271,-1.508262,0.354885,-1.157250,-0.030751,0.603038,0.200310,-0.810237,-0.837137,0.322243,0.546909,402.103517,1.022884,-1.434356,0.133904,0.100524,1.546703,-0.533203,-0.812203,0.614156,0.085302,0.466507,0.193569,0.692341,0.638389,-0.415051,0.065104
0.189278,0.555237,0.394666,0.135513,0.239100,0.141181,-1.357221,0.193618,0.398628,0.022798,0.139651,0.257789,0.113897,-0.048268,0.056514,0.139163,0.140176,0.462313,-1.594917,0.773930,0.196813,0.431950,-1.496980,0.635048,-0.735538,0.191278,0.456086,0.113674,-0.232122,-1.235329,0.322243,0.184060,233.151634,1.317056,-1.302126,0.151784,0.157992,1.308134,-0.605414,-0.836357,0.597470,0.089921,0.076504,0.189955,0.461282,0.521996,-0.381111,0.384324
-0.371594,0.817218,0.419174,0.225233,0.332293,0.449529,-1.721375,0.273924,0.193105,0.296968,0.388629,0.219988,0.474533,0.439543,0.316386,0.410538,0.217303,0.381100,-2.093362,0.896398,0.027295,-1.484225,-1.432337,0.273463,-0.982265,-0.804508,0.820742,0.399629,-0.026479,-1.741716,1.513167,0.369690,176.692458,1.644804,-1.346753,0.075765,0.261211,1.144157,-0.250800,0.732259,0.053429,0.176940,0.602020,0.058981,1.338948,0.864881,-0.540679,1.088215
0.402306,0.814027,1.554042,0.044300,0.334117,0.234331,-1.210137,0.396576,-0.152749,0.043800,0.118525,0.128525,0.419547,-0.126403,0.079920,0.079318,0.030208,-0.084316,-1.232206,0.590914,-0.036139,0.521425,-1.306743,-0.091724,-0.267267,0.205174,0.504519,0.101386,-0.491672,-0.367063,0.277972,0.171843,609.502096,1.175768,-1.281768,0.052512,0.057251,1.440266,-0.249782,0.504166,0.121974,0.013794,0.233457,0.113774,0.525368,0.554956,0.291344,0.009048
-0.993165,0.420994,0.840682,0.400349,0.401810,0.433416,-1.271645,1.050976,-0.326703,0.070896,0.165301,0.301408,0.519953,-0.110469,0.261995,0.187797,0.143233,0.026997,-1.307365,0.897530,0.155309,0.297288,-1.460731,0.016646,-1.340721,-0.126910,0.525936,0.146927,-0.938766,-1.150397,0.322855,0.442196,396.478186,1.162244,-1.657371,0.061781,0.130908,1.301306,-0.681846,-1.087606,0.488832,0.073365,0.310513,0.172173,0.895864,1.005577,-0.539930,0.229755
-0.928359,0.832602,0.415520,0.144075,0.342362,0.085111,-1.349915,0.508976,0.515118,0.033834,0.216289,0.129416,0.322677,0.021948,0.070589,0.097141,0.110314,0.291511,-1.592422,0.910939,0.550435,0.254150,-1.589724,0.551286,-0.694692,0.124517,0.490613,0.084342,-0.534540,-0.586258,0.322855,0.362166,225.734340,1.391756,-1.485726,0.269585,0.138903,1.261148,-0.740005,-1.355624,0.644759,0.136709,0.085066,0.304829,0.840443,0.533863,-0.537611,0.361114
-0.547982,0.799246,0.452640,0.248001,0.338363,0.410946,-1.460366,0.371965,0.365341,0.284107,0.279038,0.345859,0.488198,0.182461,0.271423,0.490436,0.210100,0.556962,-1.713439,0.672640,-0.112660,-0.781266,-1.551896,0.139768,-1.418788,-0.545259,0.625211,0.269737,-0.029620,-1.422714,1.651731,0.397174,189.473999,1.314873,-1.385618,0.086560,0.236188,1.325220,-0.298603,0.688069,0.068671,0.141683,0.509659,0.099831,1.381659,1.084239,-0.114342,0.821938
0.207367,0.823153,1.502364,0.044205,0.369105,0.159998,-1.136231,0.482105,-0.104265,0.072539,0.072356,0.130107,0.457882,-0.188864,0.089066,0.088128,0.032893,-0.218427,-1.101701,0.590353,-0.093658,0.507777,-1.301022,-0.153788,-0.211315,0.192799,0.563016,0.136161,-0.435419,-0.549408,0.309346,0.198580,544.113699,0.952379,-1.590518,0.069288,0.125628,1.558499,-0.259183,0.426404,0.210113,0.006506,0.439278,0.081172,0.393939,0.721304,0.154586,0.072240
-1.020095,0.368090,1.123617,0.220185,0.375796,0.314675,-1.131917,1.114475,-0.283906,0.074026,0.181525,0.268077,0.513314,0.090479,0.206658,0.135008,0.101148,0.219303,-0.849248,0.799163,0.010579,0.012438,-1.467065,0.014404,-0.847448,-0.033756,0.549085,0.214537,-1.009948,-1.422293,0.309346,0.466021,542.637910,0.680279,-1.538339,0.070288,0.109844,1.646388,-0.664844,-0.930269,0.407113,0.069531,0.533666,0.207489,0.807104,0.890800,-0.535847,0.177997
-1.020095,0.651600,0.363897,0.179754,0.326798,0.191767,-1.520380,0.632579,0.709266,0.052220,0.189672,0.198157,0.352138,0.090479,0.083743,0.109723,0.126683,0.450963,-1.788769,0.852841,0.529877,-0.128527,-1.633070,0.720556,-0.832991,0.114123,0.564408,0.165188,-0.616092,-0.837910,0.304923,0.435540,221.338227,1.528381,-1.514841,0.238150,0.130321,1.178898,-0.837825,-1.058730,0.515728,0.096232,0.135832,0.386082,0.807104,0.668602,-0.569797,0.364454
-0.926278,0.709530,0.447866,0.375698,0.367220,0.576384,-1.464182,0.418905,0.589934,0.417471,0.394006,0.269556,0.682973,0.605213,0.311363,0.653263,0.384854,0.562428,-1.664273,0.950434,0.377501,-0.494259,-1.621361,0.532843,-1.376394,-0.830785,0.740386,0.490846,0.055968,-1.095486,2.107786,0.396141,203.258515,1.507100,-1.481167,0.133763,0.339668,1.261446,-0.253999,0.610202,0.073296,0.227311,0.392760,0.162941,2.597563,1.342771,-0.449081,1.338899
0.036196,0.905400,2.502818,0.020606,0.314043,0.191875,-1.259720,0.353236,0.018392,0.041233,0.052446,0.283281,0.356789,-0.192349,0.047792,0.038879,0.019376,0.159040,-1.396338,0.562908,-0.116319,0.282752,-1.050345,-0.115068,-0.173176,0.203177,0.501692,0.096348,-0.596553,-0.538558,0.280404,0.297810,912.701355,1.249805,-1.065992,0.032072,0.085926,1.511430,-0.254473,0.717713,0.066126,0.005647,0.204739,0.172009,0.369832,0.642185,0.511769,0.039512
-0.937551,0.636498,1.847798,0.287335,0.392353,0.264469,-1.360417,0.797652,-0.143214,0.087624,0.164039,0.326980,0.564966,0.787304,0.271676,0.129757,0.195256,0.423702,-1.328505,0.833485,-0.104655,0.080076,-1.709855,-0.018450,-1.239052,-0.056851,0.603818,0.224792,-0.885094,-1.189412,0.348200,0.487245,816.449394,1.234019,-1.322013,0.146458,0.096187,1.440160,-0.926371,-0.795397,0.602592,0.173591,0.411108,0.182166,1.219726,0.845380,-0.571832,0.087513
-0.937551,0.596649,0.458659,0.222631,0.329298,0.111288,-1.478735,0.507884,0.614831,0.097570,0.305323,0.121044,0.487329,0.787304,0.071576,0.139807,0.214782,0.249106,-1.680332,0.833485,0.933979,0.177305,-1.435500,0.759393,-1.239052,0.114171,0.515544,0.149881,-0.594429,-0.664493,0.348200,0.281480,247.380243,1.499514,-1.143803,0.281078,0.207503,1.246914,-0.926371,-0.810545,0.643968,0.223388,0.213605,0.372377,1.219726,0.590699,-0.571832,0.359319
-0.729889,0.629143,0.500907,0.287986,0.394239,0.480115,-1.481436,0.386222,0.596614,0.331185,0.357783,0.279715,0.624718,0.420634,0.343454,0.465842,0.330094,0.537611,-1.773631,0.707211,0.174390,-0.995467,-1.507385,0.110170,-0.820016,-1.066045,0.597818,0.356352,0.166044,-0.509457,2.001643,0.326398,211.581416,1.531622,-1.252645,0.102994,0.262700,1.302940,-0.256547,0.461032,0.138059,0.173615,0.703185,0.095077,1.867635,1.100406,-0.269772,0.944181
0.395403,0.843587,3.035241,0.028214,0.288407,0.069940,-1.097192,0.260747,0.136697,0.027856,0.063166,0.159709,0.345198,-0.175542,0.039788,0.052583,0.018715,0.124375,-1.086935,0.552792,-0.067968,0.321856,-1.255807,-0.102594,-0.168128,0.200832,0.415524,0.101174,-0.543398,-0.650882,0.274268,0.257140,1072.092932,1.124095,-1.126996,0.033323,0.057225,1.571386,-0.251135,0.641268,0.088428,0.004959,0.149999,0.187882,0.372878,0.559327,0.407729,-0.026332
-0.659674,0.625923,1.194896,0.284443,0.378767,0.283537,-1.287950,0.731037,-0.109459,0.053560,0.143060,0.211522,0.585208,0.219964,0.251144,0.107445,0.098886,0.219192,-1.209693,0.929512,0.188131,-0.048223,-1.629208,0.123598,-0.705639,-0.036289,0.589978,0.215384,-0.863924,-1.014365,0.358024,0.532499,572.725905,1.296225,-1.319164,0.147661,0.111602,1.808001,-0.616736,-0.915164,0.644249,0.106930,0.421182,0.194475,0.743140,0.877892,-0.505403,0.181189
-0.307846,0.599571,0.347285,0.079258,0.241261,0.060826,-1.436280,0.267194,0.716278,0.046643,0.117159,0.194594,0.083585,-0.136664,0.056011,0.057819,0.068941,0.484612,-1.664859,0.866736,0.506011,0.080004,-1.489060,0.383834,-0.016187,0.135795,0.470675,0.090323,-0.258239,-0.711391,0.358024,0.179268,203.647867,1.510272,-1.533708,0.115132,0.141659,1.027630,-0.665045,-0.933378,0.586881,0.089014,0.099119,0.297722,0.390871,0.633672,-0.442371,0.334424
-0.698756,0.744664,0.579874,0.381003,0.358287,0.486818,-1.525859,0.338390,0.633298,0.339324,0.482300,0.389807,0.586869,0.806315,0.287308,0.711635,0.313235,0.680871,-1.672330,0.849096,0.306278,-0.194514,-1.524603,0.451829,-1.699952,-0.734875,0.512038,0.591145,-0.001092,-1.338507,1.611493,0.301899,236.084744,1.428199,-1.380942,0.087796,0.290584,1.513179,-0.259938,0.627589,0.067560,0.208393,0.817718,0.196179,1.670433,1.136159,-0.436743,1.066386
0.273966,0.906856,2.243738,0.046965,0.272438,0.048706,-1.189530,0.282067,-0.116830,0.023953,0.070267,0.197615,0.301710,-0.187739,0.044311,0.048506,0.023161,-0.059308,-1.162897,0.552734,-0.046763,0.247300,-1.211841,-0.176374,-0.181514,0.204993,0.462073,0.092630,-0.569424,-0.614754,0.280978,0.177503,795.126375,1.192981,-1.115860,0.014533,0.045759,1.771571,-0.251171,0.835466,0.031568,0.002855,0.183026,0.141914,0.345655,0.637484,0.396375,-0.000514
-0.262676,0.412517,0.393765,0.231491,0.296872,0.218798,-1.568588,0.506053,-0.087854,0.067569,0.095014,0.177228,0.456855,0.097900,0.213455,0.113633,0.116655,0.140270,-1.764410,0.884767,0.329756,0.271237,-1.531039,0.165916,-0.995722,0.010549,0.464980,0.180020,-0.752117,-1.017747,0.320366,0.444996,227.874213,1.488829,-1.382090,0.242927,0.084749,1.167492,-0.671818,-0.539634,0.466036,0.088843,0.297417,0.254423,0.537594,0.558582,-0.278809,-0.031705
0.288104,1.026095,0.520973,0.063849,0.173653,0.112945,-0.821019,0.040233,-0.276644,0.070078,0.155974,0.134238,0.243759,-0.049475,0.112889,0.122997,0.193365,0.301064,-1.028376,0.590849,0.118727,0.254506,-1.232574,-0.059209,-1.010533,0.057949,0.565134,0.222179,-0.510719,-1.103319,0.745429,0.068711,308.341664,0.891551,-1.445457,0.011978,0.062385,1.214005,-0.334904,0.856365,0.069474,0.034638,0.146408,0.047580,1.612258,0.542306,0.077268,0.251285
0.413611,0.967520,0.516175,0.027650,0.211014,0.171702,-1.140545,0.136095,-0.234557,0.014235,0.036899,0.063492,0.232048,-0.199003,0.033674,0.035712,0.017771,0.263266,-1.236613,0.538192,0.008481,0.274390,-1.275572,-0.034164,-0.109912,0.214182,0.361764,0.047920,-0.460853,-0.305330,0.277952,0.107066,216.035511,1.142566,-1.543687,0.014564,0.019539,1.172881,-0.236292,0.908271,0.047880,0.003425,0.115033,0.068179,0.385715,0.619847,0.131431,-0.070705
0.808887,0.893243,1.637272,0.016558,0.280723,0.166857,-1.215373,0.088280,-0.310729,0.026674,0.032863,0.074680,0.365321,-0.222492,0.024725,0.049321,0.011637,-0.606690,-1.322234,0.573965,-0.087060,0.616559,-1.164658,-0.053917,-0.242744,0.229317,0.408670,0.042602,-0.580758,-0.274268,0.265748,0.110746,620.246864,1.262080,-1.157662,0.036310,0.027561,1.590303,-0.223075,0.705938,0.085369,0.011319,0.146727,0.079488,0.457067,0.873891,0.216106,-0.083110
-0.701305,0.849281,0.512704,0.039748,0.246588,0.102100,-0.980545,0.214107,0.229463,0.012291,0.119878,0.193469,0.372612,-0.157300,0.142523,0.099829,0.027928,0.463629,-1.026344,0.528057,-0.107479,0.167479,-1.363512,-0.048111,-0.183914,0.122766,0.610170,0.102953,-0.132871,-0.510278,0.273660,0.166873,269.348264,1.066002,-1.089866,0.044677,0.046310,1.326542,-0.256836,0.742558,0.058256,0.006742,0.444953,0.096807,0.419897,0.516632,0.251403,0.029271
0.321117,1.061438,0.532751,0.011184,0.177353,0.138920,-0.956016,0.039314,-0.250270,0.007035,0.013894,0.102898,0.230766,-0.197358,0.074031,0.019636,0.006818,-0.119446,-1.136048,0.521162,-0.106356,0.355411,-1.205682,-0.190765,-0.137322,0.213145,0.517540,0.053826,-0.536475,-0.659971,0.273291,0.042598,239.053993,1.095805,-1.141523,0.010295,0.022646,1.092055,-0.241263,0.950930,0.061933,0.001238,0.182600,0.090614,0.336818,0.655683,0.217946,-0.069481
0.387878,1.166235,0.824409,0.008313,0.177455,0.024547,-0.906334,0.020753,-0.540279,0.003025,0.024136,0.063447,0.185165,-0.196741,0.021272,0.021408,0.009239,-0.121948,-1.091296,0.515155,-0.078147,0.380546,-1.121812,-0.177210,-0.108698,0.220916,0.361678,0.033193,-0.635313,-0.501103,0.272549,0.046743,308.320766,1.028069,-1.054147,0.002668,0.006724,1.470781,-0.240784,1.130641,0.018993,0.001404,0.134153,0.023044,0.349063,0.718773,0.124416,-0.129038
0.386739,0.753082,0.754092,0.076872,0.211690,0.075240,-1.404793,0.196410,0.152038,0.029062,0.092743,0.114874,0.359999,-0.065191,0.050105,0.043730,0.056742,-0.017028,-1.647497,0.521872,-0.008151,0.042568,-1.180501,-0.120754,-0.458632,0.100363,0.466468,0.078560,-0.607238,-0.709627,0.354485,0.154547,347.867377,1.441526,-1.554410,0.082837,0.086504,1.729660,-0.309178,0.201871,0.359983,0.029789,0.238233,0.260564,0.680763,0.778876,-0.348355,0.165097
0.323469,0.467304,0.356134,0.031552,0.039636,0.081901,-1.345746,0.179303,0.529486,0.013084,0.033088,0.097848,0.166160,-0.125533,0.025594,0.026071,0.031301,0.239935,-1.452268,0.588638,0.079396,0.146744,-1.297599,0.027589,-0.085507,0.214665,0.425978,0.041966,0.130246,-0.709627,0.335646,0.130275,212.860432,1.296379,-1.602049,0.053157,0.047945,1.090469,-0.367921,0.195758,0.185296,0.034433,0.194466,0.109975,0.417949,0.704289,-0.167843,0.180677
-0.477282,0.609085,0.438161,0.196151,0.320550,0.227904,-1.410111,0.283547,0.563967,0.163769,0.154584,0.144411,0.394831,0.015011,0.166139,0.180238,0.172060,0.540763,-1.622073,0.605593,-0.069424,0.041123,-1.657137,-0.032163,-0.421498,-0.324855,0.507248,0.292574,0.268684,-0.307708,0.819116,0.113359,189.714201,1.377636,-1.141568,0.043866,0.169966,1.111915,-0.249131,0.491462,0.081246,0.070771,0.468511,0.072777,1.099895,0.699209,-0.181490,0.602382
0.441288,0.882240,2.782684,0.029716,0.262038,0.063575,-0.922594,0.183750,0.085284,0.020590,0.065450,0.151273,0.301787,-0.193038,0.047052,0.038808,0.022738,0.032205,-0.697662,0.544245,-0.124438,0.319686,-1.274602,-0.116979,-0.226252,0.192718,0.412986,0.080692,-0.512152,-0.605792,0.275662,0.164556,929.982409,0.693947,-1.091645,0.016233,0.038999,1.473751,-0.257967,0.722724,0.071277,0.004028,0.107371,0.174378,0.391618,0.626875,0.408648,-0.017962
-0.099535,0.613386,1.215971,0.233305,0.349033,0.265064,-1.417330,0.516661,-0.216107,0.059008,0.116627,0.171797,0.545918,0.139670,0.196311,0.072694,0.088117,-0.065513,-1.452908,0.798723,0.161245,0.224770,-1.485480,0.075105,-0.839259,0.025507,0.610030,0.167461,-0.798795,-0.898267,0.317145,0.376317,552.214793,1.278782,-1.437550,0.122709,0.085778,1.326313,-0.559281,-0.588420,0.554197,0.058844,0.229814,0.154551,0.582387,0.864741,-0.341264,0.007715
-0.047253,0.418649,0.588004,0.110546,0.220964,0.094954,-1.305122,0.214138,0.524520,0.045737,0.145889,0.230621,0.210812,-0.114781,0.053374,0.051143,0.078175,0.538251,-1.286421,0.798723,0.476078,0.007067,-1.335546,0.372780,-0.447389,0.197762,0.485013,0.081214,-0.386322,-0.554785,0.325702,0.117414,334.716273,1.062153,-1.624492,0.126391,0.128722,1.299765,-0.644046,-0.592693,0.481151,0.070985,0.101884,0.267121,0.507552,0.606178,-0.335420,0.285901
-0.642230,0.780922,0.420253,0.229116,0.366770,0.451085,-1.452525,0.366072,0.453641,0.251671,0.291473,0.247828,0.553845,0.245911,0.231698,0.330509,0.230519,0.522806,-1.617769,0.672662,-0.132291,-0.992962,-1.480356,0.105350,-0.825368,-0.683312,0.442098,0.359523,0.034612,-0.795482,1.393828,0.265585,194.889546,1.335220,-1.385010,0.083530,0.224945,1.124094,-0.290153,0.630550,0.116850,0.137003,0.735305,0.108816,1.291418,1.047253,-0.243600,0.818966
0.270683,0.853088,3.316822,0.013251,0.305434,0.063700,-1.327013,0.285148,-0.047285,0.031802,0.040307,0.195495,0.366203,-0.185601,0.063386,0.035894,0.012814,0.030782,-1.471503,0.549535,-0.116015,0.256282,-1.214960,-0.142801,-0.165550,0.180370,0.470858,0.121523,-0.540820,-0.487303,0.279846,0.225110,1072.617058,1.347721,-1.246400,0.029926,0.048403,1.247299,-0.256201,0.780366,0.026498,0.003333,0.176791,0.145531,0.307908,0.560711,0.364924,-0.013987
-0.797754,0.495644,1.137703,0.342111,0.374855,0.196091,-1.422808,0.746235,-0.258332,0.068783,0.136626,0.259211,0.497938,0.553516,0.177839,0.086991,0.123718,0.280352,-1.236181,0.803978,-0.090156,0.160446,-1.620658,0.083744,-0.472686,0.038949,0.478355,0.202266,-0.806240,-0.999621,0.356420,0.476376,519.404367,1.125949,-1.220339,0.102103,0.069417,1.211408,-0.753726,-0.764837,0.512336,0.148835,0.353137,0.126374,0.634539,0.897946,-0.365635,0.026969
-0.472966,0.556912,0.421185,0.090711,0.263886,0.124897,-1.445014,0.313437,0.501960,0.054570,0.166602,0.208070,0.150627,-0.111783,0.041210,0.052690,0.074586,0.475904,-1.658513,0.797333,0.502680,0.136776,-1.345597,0.487344,-0.332527,0.138020,0.444845,0.076390,-0.434750,-0.761146,0.356420,0.218204,237.530381,1.448849,-1.474721,0.169977,0.144592,1.159254,-0.753726,-0.787713,0.576386,0.094194,0.140187,0.289203,0.414444,0.609402,-0.428165,0.341795
-0.609887,0.762340,0.407886,0.222353,0.349612,0.328835,-1.730350,0.304563,0.445932,0.247087,0.260733,0.234637,0.496817,0.158929,0.227173,0.386963,0.200781,0.477529,-1.907274,0.666977,0.144140,-0.605652,-1.495584,0.108936,-0.871146,-0.517934,0.507563,0.459697,0.022922,-0.741446,1.235883,0.312256,174.712794,1.606227,-1.383667,0.070675,0.208274,1.130146,-0.242091,0.670822,0.051141,0.111801,0.592209,0.106847,0.798364,1.037737,-0.193746,0.762983
0.358430,0.910954,2.397949,0.020239,0.290962,0.081939,-1.261576,0.267203,-0.095026,0.027580,0.059282,0.167998,0.354750,-0.194461,0.050688,0.046603,0.018561,0.000860,-1.449188,0.553541,-0.117392,0.334589,-1.362080,-0.195818,-0.194930,0.207619,0.520115,0.081340,-0.651909,-0.479708,0.278727,0.211551,824.847255,1.421441,-1.267833,0.031721,0.053574,1.498667,-0.258594,0.840333,0.041703,0.004488,0.120581,0.170801,0.377982,0.696676,0.224429,-0.019177
-0.597486,0.599579,1.194716,0.266985,0.376597,0.280555,-1.223436,0.736925,-0.365523,0.058180,0.111567,0.304431,0.528827,0.421763,0.208059,0.080790,0.112074,0.189663,-1.132727,0.814291,-0.131332,0.117026,-1.758753,0.025733,-0.830186,0.000047,0.547486,0.196531,-0.913757,-1.145924,0.324735,0.486693,581.750678,0.997872,-1.385603,0.107577,0.085176,1.519434,-0.712228,-0.754688,0.569135,0.120944,0.295955,0.144719,0.659474,0.888172,-0.404545,-0.033060
-0.597486,0.529565,0.397424,0.111057,0.249311,0.058294,-1.414417,0.454143,0.431632,0.043801,0.236520,0.222463,0.361365,0.215706,0.054222,0.069474,0.097638,0.393059,-1.605344,0.812159,0.604143,-0.002256,-1.502569,0.541669,-0.830186,0.171171,0.477825,0.108795,-0.625306,-0.572993,0.324735,0.269718,232.998321,1.346734,-1.558990,0.187075,0.130919,1.023127,-0.712228,-0.776581,0.512679,0.115449,0.064023,0.314916,0.659474,0.580956,-0.404545,0.319651
-0.513954,0.823096,0.381930,0.230284,0.337450,0.427922,-1.517261,0.324986,0.422995,0.257371,0.268610,0.300176,0.494828,0.301611,0.272393,0.372449,0.241089,0.644054,-1.763673,0.669803,0.110410,-0.838902,-1.473068,0.133912,-1.137922,-0.593989,0.557631,0.346555,0.118720,-0.987913,1.202097,0.359347,176.086473,1.532241,-1.443531,0.092190,0.228761,1.072555,-0.288318,0.670491,0.080807,0.159236,0.539310,0.074064,0.917347,0.918378,-0.144941,0.712909
0.182581,1.009656,3.049330,0.019153,0.305065,0.080285,-1.236253,0.323664,0.018668,0.035945,0.064080,0.179302,0.362870,-0.194885,0.063128,0.038303,0.015415,0.044952,-1.345800,0.539183,-0.095398,0.398823,-1.213630,-0.141993,-0.163118,0.212772,0.539245,0.077476,-0.497761,-0.516909,0.280461,0.222996,1088.328226,1.326349,-1.243493,0.034838,0.059471,1.587809,-0.246357,0.915612,0.038207,0.003108,0.136103,0.144797,0.384917,0.557446,0.413460,-0.013491
-0.575761,0.598021,1.008322,0.268373,0.372279,0.307700,-1.400024,0.710913,-0.173839,0.079171,0.161048,0.323592,0.533168,0.663448,0.203609,0.118608,0.190364,0.519526,-1.448060,0.788724,-0.129511,0.335881,-1.659157,0.052542,-1.444078,0.040284,0.586078,0.183892,-0.738794,-1.100262,0.347276,0.480010,507.265480,1.238665,-1.345823,0.119196,0.071968,1.187200,-0.755659,-0.700727,0.552961,0.149751,0.394889,0.151878,0.949720,0.758395,-0.517562,-0.022005
-0.573386,0.538434,0.463966,0.185540,0.275849,0.101150,-1.545603,0.385367,0.479141,0.078879,0.266923,0.253909,0.412942,0.400677,0.083212,0.132373,0.217559,0.514685,-1.720747,0.788724,0.541116,0.007230,-1.576416,0.686739,-1.444078,0.141312,0.496594,0.138892,-0.481785,-0.701777,0.347276,0.276458,255.372608,1.459362,-1.400935,0.225777,0.189146,1.400027,-0.755659,-0.716588,0.583559,0.135674,0.117681,0.291797,0.949720,0.628988,-0.517562,0.373319
-0.607145,0.703548,0.432321,0.190033,0.368143,0.341150,-1.632151,0.299460,0.461509,0.205384,0.163930,0.254095,0.538996,0.142311,0.224586,0.273255,0.185703,0.470403,-1.924779,0.638351,0.047542,-0.558778,-1.605730,-0.060524,-0.777336,-0.353923,0.578567,0.228090,-0.028027,-0.585550,1.024968,0.329763,185.133011,1.607214,-1.412858,0.079184,0.184695,1.107903,-0.260490,0.550578,0.102948,0.126261,0.634202,0.136469,0.893492,0.973291,-0.021992,0.577906
0.343664,0.912604,2.320085,0.022404,0.282470,0.080028,-1.129630,0.283726,-0.073222,0.028602,0.039827,0.130071,0.326778,-0.191465,0.047620,0.038478,0.013443,-0.193637,-1.177692,0.552476,-0.097359,0.433261,-1.234062,-0.156029,-0.158112,0.208554,0.434572,0.077780,-0.596826,-0.484296,0.276019,0.235664,811.113387,1.207858,-1.136899,0.023015,0.052479,1.592959,-0.247816,0.800541,0.044106,0.004003,0.154681,0.145303,0.368926,0.645729,0.445889,0.003143
-0.475900,0.634160,0.973795,0.244075,0.374124,0.270564,-1.448823,0.683781,-0.093867,0.060593,0.145586,0.181973,0.551713,0.388557,0.242616,0.093353,0.136338,0.121154,-1.328885,0.819875,-0.111784,0.197995,-1.561279,0.169560,-1.118572,0.021174,0.678834,0.214578,-0.803724,-1.103311,0.344006,0.528091,453.815974,1.157934,-1.319664,0.140242,0.096040,0.904826,-0.697501,-0.819454,0.625303,0.121548,0.412262,0.192335,0.785463,0.807014,-0.494148,0.098162
-0.371359,0.601029,0.452425,0.134197,0.270961,0.116161,-1.407380,0.311128,0.596214,0.043553,0.187982,0.229323,0.240457,0.003440,0.060521,0.110975,0.151132,0.285965,-1.499058,0.819875,0.459103,0.237135,-1.479504,0.732575,-1.058744,0.139772,0.459025,0.140982,-0.302464,-0.829439,0.344006,0.236383,263.953386,1.312923,-1.355093,0.203925,0.182897,1.474643,-0.713508,-0.823032,0.645753,0.109323,0.127218,0.261885,0.586498,0.649989,-0.494148,0.333425
-0.538973,0.822110,0.478470,0.279460,0.342439,0.495235,-1.465028,0.314089,0.457185,0.280421,0.361972,0.365358,0.482081,0.263884,0.264408,0.547550,0.265518,0.579408,-1.622579,0.808596,0.158713,-0.228067,-1.497170,0.337324,-2.003742,-0.577321,0.543461,0.389667,0.032150,-2.108834,1.256040,0.315827,221.224038,1.398813,-1.380031,0.070899,0.245235,0.850884,-0.260798,0.708085,0.064419,0.143387,0.631135,0.122184,1.462380,0.935490,-0.298343,0.908605
0.316713,0.956439,3.037589,0.012103,0.300675,0.109496,-1.155497,0.270196,-0.055273,0.035906,0.049938,0.111429,0.343040,-0.194079,0.048527,0.033981,0.009505,-0.314286,-1.107110,0.543300,-0.125823,0.399714,-1.036569,-0.203429,-0.225149,0.206725,0.448262,0.084462,-0.609084,-0.509959,0.275910,0.181514,1094.909467,1.129525,-1.187196,0.021454,0.057046,1.614096,-0.246652,0.867058,0.039670,0.002054,0.130189,0.143488,0.365288,0.657305,0.361475,-0.005900
-0.562391,0.576317,1.013000,0.312767,0.384566,0.261224,-1.080625,0.681769,-0.301551,0.052385,0.162009,0.200155,0.519180,0.334598,0.175032,0.099457,0.101104,-0.159957,-1.095856,0.869288,0.042068,0.279282,-1.313328,0.084385,-0.702468,0.059401,0.511438,0.204712,-0.804288,-0.817196,0.351829,0.460366,512.382460,0.967857,-1.448690,0.085037,0.077764,1.465680,-0.582250,-0.799848,0.562246,0.089474,0.291092,0.130782,0.713769,0.961794,-0.393552,0.026081
-0.562391,0.567553,0.507951,0.177082,0.225261,0.169213,-1.470019,0.483262,0.551369,0.048243,0.161584,0.252043,0.450759,0.334598,0.050772,0.120588,0.129270,0.204760,-1.691064,0.869288,0.225350,0.279282,-1.572962,0.472618,-0.702468,0.142644,0.483168,0.132471,-0.625383,-0.580712,0.351829,0.332510,275.694451,1.435865,-1.495732,0.224127,0.115003,1.312786,-0.638678,-0.892958,0.393226,0.108140,0.109577,0.365438,0.713769,0.544524,-0.394606,0.208347
-0.174274,0.573150,0.545575,0.174025,0.279994,0.298881,-1.034977,0.176636,0.535433,0.156879,0.189314,0.097974,0.436258,0.623300,0.256166,0.174143,0.150812,0.220070,-1.170181,0.720143,0.020398,-0.255659,-1.505714,-0.006008,-0.481671,-0.224102,0.562104,0.146821,0.141669,-0.589436,0.488713,0.330277,231.631797,1.090386,-1.435972,0.116294,0.136817,1.653218,-0.383827,0.478784,0.054307,0.221987,0.439122,0.127027,0.897091,0.720712,-0.001182,0.363722
0.400280,0.826930,2.144317,0.025494,0.256026,0.106484,-1.245122,0.172812,0.116397,0.015003,0.056674,0.232214,0.313774,-0.188388,0.078697,0.023907,0.009346,0.078096,-1.233611,0.541646,-0.123720,0.433942,-1.288035,-0.166565,-0.153382,0.216341,0.400070,0.049659,-0.369911,-0.526852,0.281428,0.167446,724.364295,1.229970,-1.062913,0.025498,0.029266,1.405283,-0.254818,0.683074,0.082397,0.003911,0.192023,0.135662,0.297973,0.569528,0.399963,-0.017963
0.235680,0.591683,0.999295,0.284010,0.358531,0.241897,-1.520414,0.381029,0.008567,0.066126,0.196613,0.150944,0.537027,0.180465,0.241674,0.104856,0.093504,-0.154500,-1.620628,0.839262,-0.013219,0.462070,-1.431310,0.407595,-1.132234,-0.025503,0.691581,0.215265,-0.599127,-0.761590,0.353344,0.438063,497.107578,1.389672,-1.381860,0.105536,0.098239,1.569292,-0.401099,-0.648381,0.558576,0.064226,0.315663,0.180339,0.562120,0.738656,-0.387184,0.044597
0.473107,0.371034,0.714602,0.154691,0.138656,0.239890,-1.349826,0.111256,0.382284,0.030362,0.152056,0.133458,0.143202,-0.121749,0.047678,0.155396,0.095335,-0.038850,-1.482653,0.839262,0.099864,0.597604,-1.335792,0.564628,-0.854936,0.170870,0.444714,0.066613,-0.042441,-0.830323,0.353344,0.151421,386.136932,1.318809,-1.621386,0.083196,0.125049,1.536172,-0.501429,-0.648381,0.408522,0.057281,0.156500,0.116422,0.349693,0.563822,-0.315257,0.235805
-0.085624,0.602832,0.739426,0.242630,0.305602,0.319319,-1.037908,0.243290,0.380191,0.165427,0.387838,0.184903,0.441672,0.228661,0.227948,0.289304,0.161014,0.440918,-0.232579,0.789893,0.206400,-0.693080,-1.529969,0.017979,-0.669277,-0.510429,0.602905,0.184219,0.155048,-0.578448,0.794260,0.364695,263.492994,0.193073,-1.478060,0.057392,0.202190,1.486130,-0.264019,0.523851,0.043888,0.110556,0.440503,0.055279,0.734825,0.914693,-0.170715,0.675606
0.903011,0.724662,1.805596,0.116252,0.263139,0.219622,-1.279475,0.093510,-0.028058,0.024340,0.167669,0.137237,0.292562,-0.205980,0.028590,0.064160,0.026637,0.016125,-1.216386,0.588936,0.023162,0.491046,-1.165752,-0.111918,-0.245071,0.198767,0.379414,0.144437,-0.577181,-0.554104,0.278914,0.236137,734.242608,1.249012,-1.257109,0.015085,0.061849,1.664374,-0.222817,0.639679,0.036803,0.011069,0.135521,0.135491,0.507655,0.525337,0.366005,0.020866
-1.061848,0.563921,0.863739,0.342695,0.385381,0.460817,-0.866530,0.837924,-0.158216,0.056285,0.110552,0.314243,0.526033,-0.140858,0.278912,0.141664,0.154071,-0.219049,-0.681586,0.844679,0.240909,0.322882,-1.596430,-0.066126,-1.149373,-0.120663,0.477783,0.133408,-0.976414,-0.872796,0.293807,0.497028,445.476549,0.697012,-1.360781,0.088356,0.090554,1.616653,-0.518887,-0.878786,0.538070,0.051508,0.481780,0.206994,1.049292,0.981164,-0.559697,0.122343
-1.010146,0.708032,0.392140,0.086572,0.311948,0.075413,-1.561167,0.486811,0.734827,0.021076,0.155157,0.268377,0.315240,-0.088995,0.048586,0.100710,0.118963,0.541217,-1.816899,0.879246,0.433358,0.231465,-1.369411,0.390541,-0.397232,0.126791,0.445322,0.050910,-0.362567,-0.627322,0.293807,0.292036,213.877438,1.612740,-1.370665,0.241531,0.128330,1.142560,-0.806791,-1.138153,0.533982,0.103841,0.192361,0.327837,1.036635,0.592813,-0.553919,0.337874
-0.607614,0.635848,0.553952,0.314552,0.362640,0.377502,-1.554233,0.318565,0.630822,0.237604,0.293857,0.391170,0.551576,0.315433,0.223837,0.504530,0.225134,0.690101,-1.696847,0.758212,-0.060533,-0.307261,-1.569470,0.181369,-1.131658,-0.544301,0.424996,0.455175,0.147896,-1.231158,1.180223,0.271517,233.331735,1.518836,-1.256102,0.092695,0.230115,1.253217,-0.299174,0.487399,0.111377,0.176482,0.600655,0.171352,1.239130,1.067534,-0.043038,0.709641
0.394325,0.855449,2.397638,0.012295,0.289039,0.159475,-1.187971,0.253699,-0.033503,0.029316,0.049879,0.095177,0.326960,-0.200518,0.035988,0.051120,0.015780,-0.222546,-1.232923,0.547113,-0.117923,0.451546,-1.383425,-0.154881,-0.251838,0.190005,0.446118,0.080993,-0.657199,-0.568911,0.268725,0.276809,863.590068,1.236423,-1.225863,0.016541,0.059490,1.610615,-0.248374,0.717931,0.042601,0.002805,0.145363,0.173208,0.440320,0.714605,0.450549,-0.007201
-1.518937,0.584362,1.542220,0.341253,0.382189,0.251632,-1.499697,0.977615,-0.366638,0.076918,0.148890,0.196268,0.522665,0.615020,0.173878,0.124908,0.223445,0.147508,-1.517533,0.861967,0.279339,-0.003578,-1.674157,-0.059435,-1.052157,0.031072,0.560755,0.211528,-1.069795,-1.146699,0.276297,0.505386,707.548859,1.474463,-1.309432,0.107555,0.104551,1.716173,-0.994064,-0.891275,0.558693,0.160574,0.330942,0.187571,1.225119,0.907381,-0.576454,0.151382
-1.518937,0.573979,0.431196,0.268100,0.301786,0.116797,-1.455580,0.805246,0.617206,0.065723,0.298009,0.189876,0.450918,0.615020,0.080148,0.213175,0.241540,0.304082,-1.540784,0.861967,1.176908,0.017634,-1.692839,0.696252,-1.052157,0.102061,0.558172,0.163558,-0.781483,-0.764862,0.348762,0.433751,227.251187,1.426758,-1.262196,0.229736,0.141436,1.224620,-0.994064,-0.927957,0.489504,0.191445,0.144828,0.423730,1.225119,0.600716,-0.576454,0.285367
-0.743725,0.733273,0.434914,0.462467,0.332424,0.522258,-1.471227,0.417538,0.679205,0.366293,0.555669,0.344534,0.540643,0.348840,0.251210,0.675047,0.296673,0.661660,-1.730908,0.825693,0.122268,-0.450904,-1.522670,0.527496,-2.222784,-0.667841,0.541012,0.659303,0.135954,-1.419956,1.653097,0.268501,192.323185,1.440521,-1.271832,0.122295,0.292025,1.154708,-0.349311,0.643251,0.050953,0.184731,0.676246,0.199785,1.489218,0.959543,-0.176314,1.062078
0.020700,0.965842,2.708029,0.039047,0.318693,0.109986,-1.206957,0.305951,0.092185,0.034822,0.100433,0.206203,0.378940,-0.190806,0.041883,0.070793,0.032838,0.026881,-1.334993,0.559811,-0.129058,0.249092,-1.192571,-0.123139,-0.279221,0.203774,0.441892,0.146613,-0.508523,-0.577725,0.276727,0.304357,1002.028827,1.223924,-1.143417,0.031012,0.059976,1.353808,-0.262110,0.792859,0.066645,0.006505,0.137010,0.166664,0.430090,0.551799,0.462582,0.032212
-0.540242,0.656924,1.194611,0.279958,0.400164,0.307495,-1.463123,0.619159,-0.128201,0.069596,0.157529,0.171380,0.590995,0.360015,0.233250,0.090501,0.094274,0.011183,-1.472632,0.917764,0.153964,0.048382,-1.527793,0.158213,-0.702755,-0.055756,0.444004,0.196386,-0.776018,-0.979092,0.360297,0.483540,595.205388,1.387564,-1.275412,0.147529,0.119334,0.965409,-0.642647,-0.831780,0.654561,0.102310,0.373308,0.167486,0.686573,0.959302,-0.453510,0.243512
-0.540242,0.612920,0.544384,0.163342,0.304885,0.106391,-1.577565,0.367548,0.530112,0.069917,0.142966,0.216087,0.399147,0.360015,0.057900,0.064075,0.096988,0.390274,-1.784623,0.904861,0.494529,-0.051916,-1.473366,0.612185,-0.702755,0.141631,0.444004,0.122293,-0.390115,-0.835636,0.360297,0.235741,297.915775,1.616005,-1.316708,0.245229,0.188244,1.552794,-0.742252,-0.871833,0.657224,0.140331,0.116589,0.279262,0.686573,0.607692,-0.465437,0.404494
-0.827474,0.806409,0.434047,0.285646,0.362477,0.384398,-1.382626,0.396300,0.519009,0.277137,0.325044,0.257715,0.558963,0.260348,0.300975,0.439816,0.289643,0.641073,-1.656255,0.684204,0.089604,-0.828645,-1.530101,0.204778,-1.224862,-0.771899,0.513820,0.343571,0.083107,-0.913787,1.660222,0.276750,187.513137,1.340369,-1.388943,0.090753,0.247748,1.174622,-0.265156,0.693189,0.095770,0.149038,0.476575,0.120286,1.615949,0.989477,-0.277694,0.868644
0.004857,0.932116,2.871707,0.024057,0.321471,0.124389,-1.133424,0.342117,0.058098,0.038509,0.067971,0.157713,0.370237,-0.166726,0.038629,0.047626,0.016493,-0.097909,-1.118669,0.538269,-0.115594,0.318513,-1.315873,-0.158880,-0.178225,0.213880,0.431779,0.060937,-0.555512,-0.517788,0.277695,0.252664,989.532969,1.160901,-1.237293,0.025416,0.058117,1.406271,-0.253464,0.854352,0.025869,0.004955,0.270604,0.171504,0.356946,0.599986,0.474665,0.025457
-0.679590,0.640145,1.245827,0.291903,0.388483,0.297679,-1.408155,0.722457,-0.162283,0.063143,0.138812,0.221928,0.607477,0.428376,0.230575,0.105740,0.129492,0.020269,-1.475741,0.886519,0.228077,0.144803,-1.732033,0.121648,-1.010222,-0.010705,0.522377,0.207776,-0.882188,-1.038298,0.343929,0.530388,550.704563,1.381264,-1.414971,0.159135,0.112458,1.288496,-0.685343,-0.881829,0.652956,0.124002,0.481380,0.192659,0.962439,0.883700,-0.498860,0.147579
-0.157337,0.579333,0.498698,0.103212,0.248199,0.105712,-1.326659,0.300935,0.605900,0.030045,0.141358,0.166325,0.084337,-0.137871,0.045500,0.102706,0.074675,0.229931,-1.545741,0.828161,0.560422,0.280146,-1.600321,0.475172,-0.161867,0.125375,0.480815,0.085138,-0.320658,-0.572627,0.334331,0.222101,284.688921,1.297015,-1.620498,0.125520,0.154108,1.159619,-0.696640,-0.893261,0.596478,0.087143,0.132859,0.253405,0.441637,0.819385,-0.487365,0.383830
-0.691932,0.570112,0.548103,0.215630,0.377117,0.392263,-1.624600,0.340501,0.432460,0.343104,0.253897,0.189013,0.680463,0.695257,0.320087,0.493248,0.268226,0.530547,-1.805552,0.842406,0.222046,-1.190064,-1.588577,0.226934,-0.813170,-0.877284,0.507789,0.398231,0.085183,-0.574548,1.645395,0.268790,244.355711,1.582109,-1.354227,0.121330,0.304147,1.406514,-0.257829,0.417470,0.147328,0.177002,0.382417,0.099691,1.389712,1.197799,-0.583102,1.111515
0.497095,0.747049,2.385723,0.029730,0.281873,0.087462,-1.108627,0.252105,-0.016141,0.029515,0.049829,0.111325,0.301312,-0.185235,0.059212,0.049543,0.016419,0.090766,-1.064991,0.559546,-0.006823,0.356901,-1.329609,-0.170794,-0.153677,0.194752,0.415941,0.074127,-0.535844,-0.663108,0.280555,0.201991,912.089578,1.066674,-1.225585,0.007366,0.060919,1.627468,-0.247922,0.673144,0.030619,0.003371,0.130489,0.145616,0.331550,0.623795,0.379281,0.017596
-0.270596,0.330630,0.453323,0.182567,0.261739,0.165461,-1.343855,0.531388,-0.022508,0.049496,0.164614,0.205226,0.389290,0.330813,0.191228,0.113464,0.121265,-0.053846,-1.294398,0.781856,0.325626,0.227003,-1.573295,0.073341,-1.061743,0.099858,0.506690,0.201422,-0.702422,-1.109022,0.307024,0.381175,239.982294,1.103078,-1.265809,0.189324,0.060630,1.151014,-0.653181,-0.435045,0.369542,0.101244,0.277430,0.223885,0.527594,0.537183,-0.205009,-0.071904
0.156190,0.959080,1.047678,0.257396,0.179523,0.140435,-1.058400,0.146818,-0.113113,0.168495,0.205128,0.075759,0.299152,0.820814,0.084410,0.156418,0.450976,0.162962,-1.182822,0.718792,0.226215,0.013639,-1.351238,0.111172,-0.817077,0.096851,0.462296,0.272123,-0.420257,-1.095121,0.383447,0.149494,528.830983,1.161007,-1.196963,0.064249,0.101949,1.253376,-0.346531,0.666211,0.095945,0.158826,0.186880,0.087620,1.594668,0.591772,0.026618,0.289207
0.330534,0.991017,0.368295,0.041627,0.197987,0.132590,-1.243327,0.137881,-0.234863,0.012855,0.042010,0.038105,0.222611,-0.200644,0.009614,0.035124,0.009886,-0.000973,-1.496936,0.533839,0.112269,0.308659,-1.405812,-0.059284,-0.110037,0.211848,0.317626,0.048047,-0.434188,-0.365345,0.270676,0.040291,166.979924,1.275089,-1.463318,0.016185,0.018129,1.036482,-0.238231,0.893530,0.054121,0.002457,0.194457,0.052791,0.332696,0.572992,0.110511,-0.069004
0.920957,0.857463,1.858913,0.041855,0.272248,0.093930,-1.151595,0.085605,-0.161682,0.023927,0.063860,0.195817,0.358536,-0.213444,0.057606,0.053001,0.014264,-0.063544,-1.216370,0.559093,-0.075611,0.593735,-1.317772,-0.027624,-0.257154,0.211434,0.473403,0.070194,-0.429757,-0.230493,0.268952,0.124241,704.988100,1.263567,-1.198335,0.042500,0.015607,1.677799,-0.229064,0.709560,0.052213,0.006463,0.189495,0.076074,0.477682,0.806330,0.280452,-0.104343
-0.520001,0.838257,0.453377,0.116771,0.266176,0.241818,-0.955129,0.217075,0.045623,0.029799,0.138008,0.118342,0.375118,-0.013558,0.146268,0.089267,0.062111,0.125829,-1.152551,0.570996,0.068654,-0.296330,-1.301659,-0.091156,-0.309631,0.105508,0.526569,0.206892,-0.124017,-0.483777,0.286052,0.205819,250.024579,1.023818,-1.180832,0.049538,0.049091,1.287361,-0.262112,0.786097,0.028614,0.034586,0.314425,0.049660,0.493477,0.580834,0.205312,0.313518
0.287316,0.880732,0.963335,0.023963,0.183827,0.148365,-0.885103,0.052194,-0.058414,0.014330,0.040768,0.216279,0.257473,-0.189279,0.132366,0.062417,0.017408,-0.165859,-0.989239,0.529029,-0.064683,0.373977,-1.202266,-0.193093,-0.119085,0.178938,0.410114,0.118352,-0.387561,-0.714785,0.277172,0.090600,384.382707,0.940942,-1.125533,0.033627,0.044034,1.620840,-0.242811,0.745247,0.094853,0.003143,0.205361,0.086036,0.344343,0.305678,0.213934,0.029078
0.406546,1.056793,1.008860,0.007447,0.172640,0.129272,-0.869642,0.016764,-0.344440,0.003194,0.017006,0.028090,0.180080,-0.198533,0.033530,0.020054,0.005128,-0.126977,-1.050831,0.512542,-0.104346,0.340849,-1.099873,-0.206318,-0.118524,0.214582,0.331500,0.033788,-0.452638,-0.610111,0.270635,0.027475,411.558104,0.904806,-0.867286,0.003273,0.010563,1.625504,-0.242661,1.034166,0.011028,0.001044,0.104698,0.029459,0.330732,0.404791,0.136221,-0.103431
0.366939,0.669044,0.627397,0.068302,0.225498,0.120104,-1.606420,0.206846,0.196169,0.025109,0.114172,0.066976,0.373519,-0.077855,0.057708,0.036019,0.046624,-0.067922,-1.861494,0.541295,0.019127,0.156357,-1.217320,-0.096929,-0.378171,0.134387,0.400531,0.047806,-0.392895,-0.741733,0.346031,0.064467,315.322692,1.601887,-1.357417,0.092368,0.079294,1.398738,-0.329292,0.136144,0.365650,0.026433,0.274053,0.206447,0.533988,0.579802,-0.181167,0.137453
0.510627,0.352581,0.333320,0.041261,0.021460,0.074617,-1.360749,0.134076,0.652366,0.026713,0.071833,0.118498,0.050366,-0.149314,0.033095,0.039394,0.020743,0.355389,-1.517945,0.548646,0.140191,0.149691,-1.314067,0.052750,-0.105881,0.197866,0.460396,0.060757,0.194587,-0.619593,0.323205,0.140437,204.731289,1.366965,-1.141260,0.018448,0.055223,1.013995,-0.373943,0.143408,0.164708,0.022055,0.236539,0.160581,0.440986,0.694866,-0.235056,0.201832
-0.630966,0.811600,0.459121,0.260788,0.331143,0.260567,-1.559846,0.357927,0.663555,0.286505,0.384140,0.171983,0.525174,0.309277,0.266864,0.404131,0.339682,0.472004,-1.712336,0.713039,-0.082203,-0.932437,-1.533911,0.043806,-0.520387,-0.615184,0.507414,0.533122,0.366016,-0.963357,1.450369,0.166390,199.690033,1.438764,-1.376943,0.087269,0.251075,1.235532,-0.257119,0.712567,0.082713,0.152852,0.556034,0.085102,1.622567,0.829359,-0.368007,0.976226
0.157703,0.922753,2.768036,0.010682,0.284627,0.040163,-1.141882,0.273238,0.161969,0.029771,0.046258,0.177113,0.308608,-0.197266,0.038108,0.038369,0.013048,-0.025980,-1.194945,0.542633,-0.107643,0.379053,-1.173693,-0.156218,-0.160478,0.186389,0.421614,0.051360,-0.440985,-0.503491,0.275526,0.167430,1040.272213,1.173685,-1.095083,0.012070,0.059823,1.694889,-0.253060,0.823709,0.044403,0.003162,0.191564,0.179631,0.362561,0.601792,0.398416,0.010219
-0.340718,0.610426,0.873906,0.209666,0.359884,0.299976,-1.392315,0.601100,-0.084454,0.060164,0.098701,0.221579,0.503147,0.235659,0.208562,0.078660,0.134867,0.089677,-1.354591,0.782930,-0.126030,0.228219,-1.546817,-0.035519,-1.029313,0.019467,0.492808,0.232263,-0.668076,-1.060215,0.299820,0.472012,448.152476,1.357605,-1.295159,0.134867,0.082616,1.598913,-0.675265,-0.688721,0.614248,0.106814,0.266125,0.168989,0.640213,0.853252,-0.349827,0.017812
-0.221804,0.523620,0.446764,0.139308,0.233834,0.108418,-1.351125,0.268472,0.532831,0.041628,0.173178,0.154033,0.173903,-0.105379,0.045538,0.086447,0.121901,0.365941,-1.452945,0.777529,0.484293,0.163641,-1.404514,0.471607,-0.976553,0.178628,0.448215,0.090001,-0.174141,-0.650185,0.299820,0.143221,263.180606,1.328189,-1.356620,0.158558,0.140127,1.271759,-0.678791,-0.714404,0.568383,0.096123,0.106044,0.234823,0.640213,0.605325,-0.346667,0.285840
-0.505869,0.781869,0.425698,0.144577,0.339458,0.296428,-1.491246,0.268590,0.426578,0.204916,0.160257,0.231230,0.453730,0.199984,0.265296,0.263275,0.191736,0.475096,-1.786397,0.650984,0.088102,-0.592245,-1.534610,0.023729,-0.822020,-0.394436,0.517870,0.357562,-0.022236,-0.808809,1.058942,0.343355,187.584309,1.594731,-1.241734,0.057799,0.174482,1.007815,-0.252705,0.649626,0.060795,0.109451,0.610895,0.140434,0.903750,0.952245,-0.195781,0.602650
0.380912,0.933859,2.708408,0.013401,0.286670,0.089784,-1.294291,0.238680,-0.103703,0.027819,0.077312,0.137272,0.369816,-0.157409,0.046814,0.039093,0.017894,-0.012385,-1.373998,0.545140,-0.126262,0.359882,-1.304857,-0.174891,-0.190157,0.196783,0.437891,0.051488,-0.561688,-0.514905,0.277918,0.196250,837.132440,1.303455,-1.119333,0.047720,0.051418,1.548489,-0.258612,0.814726,0.059778,0.007763,0.193394,0.129665,0.368038,0.662881,0.372710,-0.020704
-0.432947,0.591506,1.203664,0.296068,0.368895,0.306575,-1.135137,0.639651,-0.164756,0.064025,0.170250,0.254531,0.557637,0.183798,0.233493,0.091408,0.089931,-0.035986,-0.817583,0.865591,0.206162,0.153854,-1.556807,0.081182,-0.831497,0.019685,0.628349,0.207089,-0.796619,-0.925014,0.347773,0.528295,558.162274,0.552163,-1.623851,0.148771,0.101406,1.678029,-0.616741,-0.743535,0.598409,0.088401,0.444559,0.170728,0.582101,0.924049,-0.381661,0.061143
0.169173,0.501484,0.587670,0.113697,0.243600,0.141140,-1.549500,0.257309,0.584997,0.039592,0.117004,0.253096,0.069890,-0.074909,0.051966,0.049225,0.055116,0.641432,-1.771436,0.792564,0.482582,0.202825,-1.464308,0.378579,0.004568,0.171666,0.465998,0.081211,-0.307526,-0.594155,0.337341,0.147099,323.187948,1.534523,-1.514565,0.118902,0.144356,1.500374,-0.638368,-0.743535,0.554720,0.081998,0.120919,0.263255,0.428773,0.634479,-0.354905,0.318181
-0.792214,0.732048,0.535217,0.266729,0.369042,0.425221,-1.653838,0.331028,0.426794,0.371397,0.430554,0.255382,0.567356,0.472284,0.216342,0.413470,0.303805,0.482400,-1.968717,0.775549,-0.006014,-1.347230,-1.497724,0.174484,-0.446566,-0.631034,0.406620,0.460965,0.102975,-0.543521,1.699933,0.315636,217.526066,1.615453,-1.104669,0.101355,0.285060,0.783756,-0.292607,0.570408,0.120607,0.209388,0.466469,0.080071,1.053656,1.029760,-0.451825,1.164874
0.272471,0.859661,2.590091,0.030855,0.295065,0.137431,-1.044089,0.292764,0.004252,0.034902,0.079763,0.165327,0.335529,-0.194878,0.030891,0.053264,0.017822,0.266044,-1.076623,0.562167,-0.098482,0.291433,-1.273219,-0.172432,-0.210846,0.201728,0.423180,0.063477,-0.635321,-0.563584,0.280030,0.200169,923.902879,1.073989,-1.252317,0.031113,0.068936,1.513491,-0.249145,0.756997,0.049153,0.004388,0.140377,0.184724,0.389840,0.686719,0.437448,0.063185
-0.774844,0.560188,1.209975,0.308725,0.379108,0.276007,-1.460600,0.795555,-0.261040,0.065278,0.128367,0.221604,0.521816,0.401971,0.194774,0.089523,0.131919,0.113294,-1.533940,0.862410,-0.144005,0.176504,-1.561567,0.093630,-0.847151,0.017378,0.433919,0.199443,-0.892034,-1.050231,0.330485,0.501092,549.083089,1.406410,-1.342125,0.112514,0.078961,1.001158,-0.813696,-0.820835,0.565610,0.123633,0.315351,0.156291,0.796069,0.897096,-0.343137,0.060234
-0.774844,0.556908,0.416764,0.126796,0.260238,0.090342,-1.353097,0.471839,0.387717,0.041799,0.191648,0.166827,0.302188,0.131756,0.049118,0.066227,0.098352,0.376113,-1.227244,0.809792,0.512984,0.082973,-1.450689,0.519718,-0.806954,0.139300,0.447764,0.110947,-0.502495,-0.565138,0.330485,0.246344,226.569668,1.007938,-1.574292,0.178751,0.137374,1.257211,-0.813696,-0.831036,0.552433,0.119380,0.078724,0.263222,0.796069,0.599615,-0.348143,0.343343
-0.358624,0.784726,0.386092,0.169466,0.355184,0.446014,-1.297567,0.263568,0.374543,0.264737,0.219169,0.232027,0.509824,0.254590,0.259673,0.367183,0.238492,0.468412,-1.542458,0.664686,0.116510,-0.706288,-1.454894,0.134376,-1.012355,-0.610421,0.542086,0.331116,0.046563,-0.859101,1.202679,0.349653,174.634690,1.359913,-1.585594,0.081486,0.224673,0.935515,-0.253760,0.587673,0.103282,0.149196,0.627264,0.097850,0.989420,0.988380,-0.118098,0.709353
0.264939,0.967513,3.058172,0.023726,0.294899,0.066439,-1.102462,0.279897,-0.037409,0.030918,0.041436,0.216738,0.353100,-0.195213,0.045607,0.047884,0.013609,0.011567,-1.082546,0.532517,-0.110212,0.351238,-1.046514,-0.155291,-0.169136,0.213519,0.453420,0.088075,-0.523616,-0.547305,0.281421,0.176526,1047.366073,1.120908,-1.098318,0.031870,0.046513,1.589304,-0.249111,0.850362,0.045590,0.003398,0.146783,0.140911,0.378110,0.598257,0.444692,-0.009526
-0.687232,0.586191,1.293876,0.284949,0.370405,0.280477,-1.421620,0.723824,-0.084776,0.072749,0.149958,0.249646,0.515607,0.605339,0.223422,0.110401,0.194868,0.196723,-1.458291,0.816844,-0.132061,0.280924,-1.454511,0.114462,-1.188537,0.035213,0.580975,0.175977,-0.697007,-1.051764,0.384802,0.512401,571.650541,1.335631,-1.281660,0.128580,0.062141,1.186222,-0.797027,-0.762785,0.586869,0.156140,0.437417,0.160611,1.076334,0.734499,-0.443401,-0.023949
-0.664001,0.586569,0.420745,0.181720,0.278475,0.086639,-1.372205,0.359863,0.461484,0.071422,0.243750,0.222947,0.315733,0.153258,0.068941,0.121569,0.199337,0.487706,-1.479498,0.816844,0.528622,0.170603,-1.204298,0.619410,-1.188537,0.138943,0.468440,0.096466,-0.338620,-0.567562,0.384802,0.154305,237.620306,1.372125,-1.519874,0.235326,0.188523,1.326638,-0.797027,-0.767926,0.641256,0.143574,0.117719,0.243369,1.076334,0.575963,-0.443401,0.392350
-0.521165,0.657486,0.387753,0.210647,0.356618,0.332309,-1.566846,0.296620,0.480267,0.236160,0.223102,0.267581,0.482558,0.178615,0.237114,0.277116,0.173952,0.515283,-1.897605,0.606730,0.047705,-0.734520,-1.441745,-0.008586,-0.859388,-0.449988,0.638884,0.270670,0.073083,-0.753553,1.125462,0.330552,193.942226,1.558268,-1.362532,0.071359,0.167604,1.199683,-0.267184,0.529462,0.083991,0.109391,0.570345,0.115108,0.802706,0.907263,-0.117654,0.603640
0.322115,0.852382,1.945596,0.024745,0.296655,0.098455,-1.080502,0.311953,-0.005942,0.032574,0.046687,0.185565,0.365293,-0.150141,0.050775,0.033894,0.014852,-0.049296,-1.123685,0.550687,-0.075298,0.434745,-1.159762,-0.140469,-0.153987,0.213025,0.496326,0.078571,-0.431288,-0.485573,0.279716,0.236381,774.912001,1.161357,-1.000404,0.040580,0.056163,1.389097,-0.248581,0.743470,0.041136,0.005921,0.234295,0.128331,0.442434,0.635846,0.405747,-0.006011
-0.503422,0.543169,0.811823,0.303800,0.370220,0.245074,-1.309219,0.707090,0.045844,0.080569,0.203441,0.228557,0.523727,0.810653,0.188571,0.130616,0.210946,0.114086,-1.396040,0.813182,-0.125653,0.392773,-1.525918,0.165245,-1.474231,0.038286,0.559644,0.200878,-0.638595,-0.972064,0.381733,0.490162,426.911500,1.291452,-1.284156,0.145583,0.091479,1.325323,-0.766113,-0.779839,0.556099,0.163137,0.353296,0.176366,1.063991,0.778508,-0.453860,0.028637
-0.344420,0.624357,0.409745,0.213619,0.314745,0.133211,-1.323394,0.338160,0.503434,0.093446,0.232069,0.175919,0.442818,-0.013031,0.071999,0.117533,0.170505,0.279539,-1.409935,0.801485,0.438533,0.392773,-1.421643,0.652378,-1.474231,0.129689,0.481967,0.161969,-0.225375,-0.774921,0.381733,0.290289,239.820534,1.214107,-1.419763,0.276571,0.191138,1.068495,-0.766113,-0.779839,0.680013,0.170891,0.179008,0.192802,0.648602,0.653358,-0.453860,0.360765
-0.785098,0.622330,0.458525,0.207470,0.341443,0.372611,-1.553801,0.372304,0.386902,0.330566,0.319579,0.222360,0.624602,0.830119,0.292771,0.453605,0.220937,0.227521,-1.852873,0.685254,0.071552,-0.550007,-1.637645,0.235117,-0.920166,-0.605764,0.629555,0.281496,-0.061092,-0.921641,1.757598,0.408891,190.483712,1.587335,-1.354011,0.113328,0.273119,1.163879,-0.252566,0.494526,0.094924,0.225179,0.739254,0.111779,1.348491,1.052398,-0.513491,1.018202
0.508648,0.871655,2.097106,0.026198,0.283868,0.106133,-1.049633,0.246041,-0.098797,0.028678,0.055667,0.104713,0.334288,-0.198267,0.036649,0.040370,0.015890,-0.096327,-1.032467,0.554237,-0.088339,0.379548,-1.193426,-0.152251,-0.161766,0.184818,0.458250,0.108850,-0.498913,-0.484916,0.277370,0.180080,743.979953,1.004222,-1.039705,0.024044,0.055112,1.414228,-0.245620,0.815343,0.022845,0.004085,0.141832,0.119214,0.382519,0.673677,0.403808,0.031933
-0.549504,0.583606,0.659539,0.308675,0.360535,0.228916,-1.271404,0.697207,0.070767,0.081596,0.198629,0.190815,0.534555,0.603562,0.201639,0.115156,0.197029,0.380797,-1.188546,0.805931,-0.115802,0.311473,-1.608044,0.304824,-1.512056,0.041827,0.569148,0.198256,-0.698384,-0.945359,0.377679,0.524718,361.370922,1.132706,-1.146727,0.145967,0.090852,1.381470,-0.748094,-0.864588,0.595120,0.149652,0.477406,0.214361,0.952548,0.725990,-0.552283,0.097954
-0.448192,0.645571,0.442585,0.321105,0.307571,0.091559,-1.238020,0.312825,0.466366,0.090904,0.236292,0.228401,0.456820,0.084262,0.051904,0.109161,0.190621,0.301266,-1.079280,0.805931,0.391384,0.008334,-1.617211,0.774413,-1.512056,0.126907,0.413129,0.187984,-0.227820,-0.683901,0.377679,0.199311,249.804094,0.964280,-1.135350,0.284543,0.199521,1.354384,-0.748094,-0.864588,0.700191,0.149348,0.217193,0.183565,0.741167,0.683314,-0.552283,0.395116
-0.485162,0.726696,0.421614,0.222998,0.324525,0.326615,-1.720482,0.271991,0.459401,0.266059,0.224053,0.262923,0.499592,0.306687,0.251740,0.439555,0.172531,0.443742,-2.206731,0.738464,0.228140,-0.095639,-1.554465,0.199221,-0.981545,-0.600498,0.578899,0.381571,-0.009423,-1.261571,1.288582,0.370256,192.065187,1.775710,-1.361973,0.070904,0.195000,0.956425,-0.257090,0.597722,0.066690,0.145021,0.519714,0.099067,1.048303,0.960419,-0.462494,0.666879
0.431689,0.849350,1.878196,0.011272,0.300095,0.058711,-1.148679,0.302838,-0.020468,0.036767,0.030281,0.124792,0.347767,-0.144203,0.051250,0.029327,0.012743,-0.370424,-1.146408,0.551014,-0.096984,0.480600,-1.262506,-0.171927,-0.150081,0.203175,0.452693,0.045372,-0.411322,-0.355338,0.282036,0.201645,644.914778,1.084595,-1.197149,0.033904,0.064394,1.539625,-0.249738,0.742411,0.039617,0.009459,0.112880,0.114934,0.395227,0.645771,0.343376,-0.003820
-0.374695,0.529523,0.691730,0.390493,0.354366,0.191826,-1.299642,0.705349,0.048665,0.070870,0.268826,0.171505,0.522114,0.470571,0.213811,0.126692,0.185089,-0.153974,-1.433396,0.866950,0.018154,0.480600,-1.518916,0.470701,-1.465649,0.011799,0.659759,0.214115,-0.601834,-0.940060,0.354232,0.546377,340.151600,1.271879,-1.460792,0.133834,0.099393,1.123686,-0.693850,-0.816138,0.565474,0.132438,0.363699,0.170547,0.750835,0.779926,-0.409976,0.050868
0.026434,0.538289,0.389651,0.186356,0.221985,0.084175,-1.447603,0.199906,0.367072,0.031303,0.185345,0.292855,0.241182,-0.061967,0.042678,0.156814,0.148350,0.302443,-1.625162,0.792139,0.240462,0.315855,-1.353395,0.651700,-0.770529,0.187664,0.453864,0.146752,-0.104519,-0.876684,0.315522,0.201211,219.250806,1.340329,-1.519574,0.165815,0.162569,1.442057,-0.621738,-0.843711,0.579798,0.101985,0.121452,0.120158,0.518349,0.563183,-0.398917,0.318380
-0.428594,0.635390,0.792411,0.213877,0.318989,0.267563,-1.297794,0.292737,0.303921,0.211471,0.227744,0.239834,0.423998,0.151597,0.188996,0.286895,0.137331,0.350949,-1.435960,0.716400,0.036592,-0.500395,-1.615832,0.108568,-0.926791,-0.435947,0.481176,0.253051,-0.029449,-0.776961,1.004640,0.330679,326.716074,1.205521,-1.151202,0.056629,0.185964,1.331547,-0.269322,0.541113,0.066144,0.098854,0.458187,0.076283,0.792310,0.808380,-0.052865,0.668166
0.501091,0.812908,1.533778,0.047263,0.284590,0.183425,-1.210497,0.248203,-0.123129,0.027164,0.110355,0.127381,0.317846,-0.198298,0.058588,0.058077,0.022502,-0.352030,-1.159877,0.576821,-0.090251,0.540483,-1.210121,-0.037423,-0.228344,0.197694,0.428862,0.084542,-0.534423,-0.282719,0.276195,0.283615,601.968517,1.018002,-1.254406,0.011044,0.057424,1.398415,-0.243319,0.767670,0.025146,0.003283,0.210830,0.118303,0.485094,0.679697,0.365841,0.030739
-0.979528,0.536018,0.991595,0.348879,0.393181,0.369832,-1.471098,0.869534,-0.315016,0.067887,0.179190,0.298831,0.513322,0.005089,0.177828,0.161127,0.183506,0.069817,-1.542857,0.805239,0.064673,0.175486,-1.670488,-0.049240,-1.521271,-0.041248,0.500108,0.264494,-0.881493,-1.332135,0.344796,0.503041,470.211946,1.356073,-1.218664,0.066592,0.079292,1.510318,-0.633424,-0.935849,0.526045,0.069359,0.284672,0.156316,1.213314,0.996492,-0.612430,0.052107
-0.972433,0.673510,0.680463,0.203576,0.357604,0.117794,-1.404115,0.522005,0.585648,0.075124,0.212712,0.221464,0.412891,-0.037934,0.071938,0.151072,0.202119,0.433934,-1.576850,0.898614,0.198090,-0.000785,-1.562132,0.630904,-1.515850,0.081259,0.452071,0.140717,-0.601228,-0.865252,0.345128,0.370291,348.190915,1.310181,-1.431014,0.303517,0.178260,1.677450,-0.845408,-1.159662,0.616912,0.104222,0.171073,0.360642,1.213314,0.590493,-0.612430,0.333123
-0.715771,0.676570,0.648398,0.238166,0.364539,0.446283,-1.600369,0.344687,0.446933,0.269285,0.236109,0.256161,0.613483,0.431035,0.309536,0.428542,0.256324,0.386709,-2.015663,0.849124,0.119512,-0.401139,-1.575899,0.159411,-1.355308,-0.736035,0.752149,0.300760,0.104013,-1.103842,1.515608,0.350667,252.032777,1.707952,-1.157552,0.093164,0.234259,1.085243,-0.249555,0.585691,0.074887,0.175321,0.439684,0.088363,1.637713,1.126297,-0.130101,0.865517
0.303924,0.823103,1.643263,0.037398,0.316678,0.142695,-1.254156,0.306701,0.022883,0.033188,0.056633,0.139924,0.405267,-0.203551,0.082472,0.071758,0.018615,-0.117335,-1.302459,0.578013,-0.054588,0.380917,-1.392486,-0.126315,-0.224745,0.187007,0.533292,0.087315,-0.460649,-0.512485,0.284898,0.308174,607.908683,1.226799,-1.043012,0.038256,0.052930,1.505517,-0.243635,0.701857,0.053635,0.006273,0.438213,0.124317,0.463704,0.639680,0.382820,0.005217
-0.828864,0.520488,1.064174,0.407248,0.397561,0.339954,-1.152746,0.829428,-0.122169,0.068939,0.216439,0.205664,0.530594,0.632665,0.227440,0.125584,0.193926,0.054979,-0.950263,0.749923,-0.103860,0.326467,-1.643966,0.054684,-1.184017,-0.043729,0.554345,0.202706,-0.791238,-0.901681,0.359797,0.486370,513.173710,0.920544,-1.195050,0.102760,0.101227,1.712149,-0.896616,-0.900270,0.522772,0.151249,0.468998,0.170984,1.362357,0.930837,-0.564712,0.094541
-0.828864,0.649834,0.446072,0.320108,0.357614,0.182262,-1.341136,0.602477,0.695481,0.082980,0.272029,0.327161,0.468091,0.632665,0.068339,0.129322,0.213440,0.667450,-1.458930,0.749923,0.485945,-0.225346,-1.774735,0.398893,-1.184017,0.085642,0.436600,0.075090,-0.609801,-0.917661,0.359797,0.397541,231.320429,1.265286,-1.268232,0.300971,0.182728,1.242517,-0.896616,-0.993180,0.599265,0.181488,0.203451,0.383964,1.362357,0.548461,-0.600400,0.499482
-0.803939,0.555266,0.503919,0.316586,0.401357,0.428326,-1.554088,0.393070,0.538743,0.398075,0.374347,0.324534,0.675594,0.834247,0.238407,0.546354,0.358686,0.580580,-1.820762,0.782852,0.152771,-0.692672,-1.549241,0.302345,-0.902218,-0.997259,0.391868,0.387400,0.103773,-1.060080,1.977744,0.329274,222.815574,1.526550,-1.398128,0.126118,0.302377,1.310661,-0.259006,0.349022,0.154648,0.238643,0.462101,0.114474,2.065529,1.162726,-0.487056,1.018684
0.381928,0.868935,2.867138,0.038402,0.279149,0.108992,-1.183016,0.218831,0.083581,0.026258,0.040793,0.204187,0.372571,-0.175554,0.052041,0.038948,0.012793,0.231175,-1.235704,0.540537,-0.072322,0.355304,-1.173778,-0.035966,-0.270587,0.203334,0.467664,0.063526,-0.605094,-0.627331,0.295897,0.330682,1002.203885,1.200990,-1.209861,0.054101,0.056897,1.177152,-0.239257,0.536104,0.143132,0.004854,0.119695,0.192219,0.437488,0.598071,0.439219,0.006456
-0.710741,0.643500,1.392290,0.203865,0.401126,0.278439,-1.477360,0.707353,-0.288773,0.062608,0.114855,0.272950,0.592554,0.403192,0.231192,0.111169,0.129956,0.307549,-1.431136,0.894951,-0.098595,0.094573,-1.616408,-0.221610,-0.724961,0.004583,0.534476,0.258280,-0.890959,-1.161763,0.331043,0.509004,603.949447,1.379025,-1.322717,0.119907,0.115660,1.545450,-0.779336,-0.821404,0.607383,0.120633,0.398821,0.159249,1.001802,0.896651,-0.405892,0.184276
-0.710741,0.603253,0.422102,0.185554,0.324533,0.166566,-1.459580,0.509318,0.538948,0.064500,0.125723,0.269595,0.452303,0.403192,0.051499,0.098345,0.150639,0.570898,-1.618109,0.894951,0.568906,-0.050338,-1.523139,0.604021,-0.667051,0.128123,0.534476,0.152433,-0.606176,-0.647006,0.331043,0.324283,243.346473,1.394893,-1.326578,0.271218,0.176833,1.259556,-0.792565,-0.858735,0.601888,0.159878,0.187793,0.373994,1.001802,0.614806,-0.464103,0.425825
-0.697519,0.706688,0.412952,0.256819,0.380294,0.401007,-1.496630,0.366865,0.507535,0.260867,0.345526,0.263311,0.602199,0.411726,0.314418,0.421470,0.280095,0.462466,-1.805361,0.712937,-0.055040,-1.030376,-1.575901,0.029588,-0.784083,-0.640651,0.697054,0.372991,0.208008,-0.592540,1.499089,0.362378,186.333230,1.558569,-1.323543,0.110863,0.245816,1.163126,-0.348165,0.561824,0.156268,0.198125,0.628346,0.082640,1.470669,1.055068,-0.172499,0.753775
0.243598,0.769306,2.027282,0.018008,0.315559,0.064588,-1.138733,0.324223,0.184101,0.033432,0.078597,0.108374,0.366771,-0.190664,0.056487,0.040337,0.016018,-0.040619,-1.028542,0.553686,-0.122164,0.363620,-1.252481,-0.176785,-0.164527,0.209377,0.428036,0.088588,-0.472689,-0.543552,0.281389,0.256015,769.041607,0.999347,-1.271450,0.024111,0.055402,1.641713,-0.253845,0.657616,0.035637,0.004160,0.131200,0.182987,0.337424,0.598716,0.440249,0.028147
-0.564981,0.549927,0.996619,0.327107,0.387101,0.335680,-1.544333,0.757828,0.060480,0.080782,0.194064,0.255950,0.587058,0.647859,0.226255,0.118740,0.162795,0.235634,-1.559236,0.857880,-0.045623,0.144166,-1.392871,0.239655,-1.265174,0.001598,0.446647,0.198221,-0.772109,-0.981729,0.369530,0.504026,478.489678,1.323280,-1.207565,0.145812,0.104455,1.371244,-0.774959,-0.880726,0.567506,0.159526,0.511651,0.204463,0.954948,0.802087,-0.568415,0.085112
-0.560618,0.583892,0.404843,0.226184,0.271422,0.120245,-1.474175,0.405489,0.723468,0.077368,0.227798,0.275252,0.351392,0.310701,0.061771,0.129427,0.186221,0.393593,-1.536565,0.857880,0.691017,0.036804,-1.434461,0.750733,-1.098831,0.086270,0.507578,0.158135,-0.373463,-0.499416,0.369530,0.229067,225.093457,1.235863,-1.322416,0.187850,0.174264,1.129977,-0.774959,-0.911406,0.584858,0.125826,0.125006,0.318807,0.954948,0.615302,-0.568415,0.385439
-0.611502,0.676505,0.467778,0.230985,0.366210,0.470851,-1.578366,0.311810,0.620207,0.351730,0.257226,0.302316,0.608383,0.403014,0.272500,0.529840,0.239611,0.413533,-1.700453,0.803034,0.064614,-0.498177,-1.514324,0.269618,-0.904911,-0.835613,0.549706,0.463675,0.107518,-0.742592,1.840089,0.285397,197.814357,1.410315,-1.292460,0.103497,0.307270,1.169971,-0.259346,0.518260,0.116164,0.177410,0.600188,0.149071,0.989300,1.081027,-0.486270,1.052166
0.302499,0.842961,2.914713,0.013760,0.284827,0.061253,-1.081376,0.271461,0.106961,0.028452,0.060024,0.161123,0.317319,-0.191708,0.024602,0.046419,0.015607,-0.079141,-1.050472,0.546410,-0.123408,0.265338,-1.323498,-0.186670,-0.181652,0.194618,0.386927,0.087879,-0.463959,-0.589289,0.276270,0.201460,1041.621226,1.048712,-1.161996,0.017858,0.050497,1.709639,-0.254674,0.756064,0.034985,0.004146,0.125688,0.158037,0.368826,0.550902,0.383096,0.027569
0.013042,0.436188,0.490713,0.257213,0.325925,0.171963,-1.430560,0.448444,-0.018531,0.076839,0.122378,0.137317,0.483145,0.265278,0.212921,0.110952,0.128995,-0.065896,-1.617438,0.891292,0.101272,0.244157,-1.443358,0.299932,-1.012700,0.035440,0.607135,0.205631,-0.638612,-1.062834,0.370008,0.469481,272.335140,1.309501,-1.276893,0.278050,0.094423,1.272147,-0.648165,-0.627941,0.491068,0.083727,0.293306,0.211857,0.674963,0.762621,-0.266431,0.059341
0.024329,1.060293,0.542676,0.289111,0.179975,0.324959,-0.848651,0.040029,-0.147566,0.151016,0.138161,0.189688,0.280034,1.099137,0.264617,0.153578,0.494918,0.395228,-1.044607,0.923923,0.357985,0.121874,-1.341384,0.091785,-0.997369,-0.432001,0.864611,0.195399,-0.544620,-0.881853,0.511347,0.136475,310.721682,0.912888,-1.296004,0.031286,0.072041,1.221638,-0.626186,0.763628,0.095001,0.182356,0.306794,0.106915,1.725506,0.814775,0.089675,0.218858
0.279106,1.077714,0.611356,0.014762,0.215742,0.110027,-1.221485,0.098939,-0.272816,0.015684,0.039043,0.061145,0.232880,-0.197555,0.030316,0.036398,0.014005,0.394963,-1.213948,0.523321,-0.043750,0.224380,-1.236553,-0.071598,-0.088296,0.212535,0.299899,0.073054,-0.432095,-0.194352,0.271957,0.134101,242.094297,1.217198,-1.343839,0.010339,0.022645,1.394175,-0.237443,1.057552,0.016606,0.002084,0.093542,0.044236,0.364498,0.488539,0.153719,-0.074983
1.008679,0.738723,1.077237,0.013819,0.285569,0.128637,-1.019148,0.057029,-0.373097,0.019595,0.038774,0.150394,0.382761,-0.197741,0.038178,0.064417,0.021160,-0.633153,-1.042204,0.588505,-0.098758,0.664428,-1.405502,-0.022773,-0.220733,0.058484,0.495790,0.065778,-0.665915,-0.409490,0.271166,0.099926,438.121717,0.960170,-1.312540,0.031813,0.034240,1.537058,-0.218071,0.588688,0.075030,0.014307,0.123257,0.097979,0.500899,0.849447,0.166799,-0.068506
-0.455205,0.785025,0.532468,0.061284,0.260131,0.192462,-1.547095,0.181436,0.233508,0.143308,0.108297,0.129554,0.378592,0.093390,0.143120,0.131219,0.058532,0.304798,-1.716402,0.563563,0.035470,-0.282755,-1.546593,-0.052806,-0.620593,-0.166873,0.515305,0.227245,-0.112880,-0.761576,0.727715,0.282961,298.659533,1.396326,-1.262635,0.051662,0.152694,1.343438,-0.256364,0.676782,0.055261,0.075492,0.422039,0.096886,0.543545,0.701278,-0.153403,0.654593
0.083534,0.865867,0.458046,0.033078,0.201619,0.185584,-0.912195,0.126978,-0.077301,0.014428,0.035277,0.090031,0.236728,-0.196721,0.070514,0.076304,0.019344,-0.105746,-1.090309,0.525542,-0.083649,0.235966,-1.279030,-0.195365,-0.157534,0.182825,0.349803,0.175541,-0.331093,-0.697126,0.272865,0.057753,213.641027,0.973014,-1.347440,0.025872,0.058307,1.272361,-0.243056,0.806758,0.028981,0.003037,0.303274,0.065792,0.394394,0.375769,0.206237,0.057206
0.426018,0.961339,0.509568,0.011478,0.175797,0.093195,-0.809354,0.018269,-0.323250,0.002985,0.032290,0.044919,0.184815,-0.198856,0.031505,0.029538,0.007475,-0.174491,-0.969197,0.516439,-0.094097,0.360592,-1.176770,-0.204077,-0.117921,0.208982,0.335926,0.059418,-0.399934,-0.601155,0.271580,0.029645,226.803931,0.816895,-0.809566,0.003758,0.009942,1.101352,-0.242460,0.924163,0.014218,0.001100,0.143120,0.020635,0.345665,0.405308,0.155975,-0.068163
0.402479,0.661257,0.482802,0.085852,0.210346,0.060906,-1.336890,0.214356,0.251719,0.062506,0.116945,0.089750,0.371743,-0.001057,0.052000,0.046608,0.099012,0.013285,-1.441309,0.519429,0.106866,0.071857,-1.306461,0.019587,-0.552948,0.106829,0.377098,0.130332,-0.392551,-0.669037,0.456008,0.136910,254.043140,1.389112,-1.202991,0.125499,0.075938,1.258686,-0.395696,0.135100,0.341448,0.051983,0.158862,0.226083,0.880767,0.683560,-0.439126,0.168493
0.256781,0.532776,0.348743,0.036090,0.064661,0.038852,-1.495481,0.250290,0.475523,0.032788,0.063484,0.066831,0.172650,-0.059161,0.039350,0.031405,0.028549,0.072838,-1.789213,0.596964,0.158829,0.174011,-1.463129,0.058459,-0.130200,0.213852,0.439733,0.061920,0.179869,-0.615371,0.408058,0.115391,206.157342,1.577196,-1.619707,0.072101,0.062973,1.092074,-0.395696,0.150724,0.231139,0.046473,0.266455,0.087583,0.466180,0.799494,-0.283605,0.243154
-0.433958,0.745508,0.380410,0.191461,0.351332,0.231159,-1.594491,0.280522,0.480378,0.217509,0.182265,0.225432,0.470337,0.146980,0.143193,0.266014,0.185825,0.572001,-1.825886,0.678338,-0.010068,-0.101897,-1.489964,0.027122,-0.596470,-0.333622,0.428691,0.321537,0.099655,-0.482085,1.114950,0.211750,177.461690,1.489185,-1.352489,0.060387,0.206657,0.955133,-0.242520,0.669220,0.067151,0.110818,0.551742,0.108699,0.975558,0.857488,-0.049206,0.750255
0.207041,0.933852,3.116170,0.025420,0.284115,0.049754,-1.005730,0.262256,0.011942,0.026430,0.030238,0.182257,0.340798,-0.203232,0.030704,0.033641,0.008285,0.013102,-1.059201,0.536509,-0.078945,0.434579,-1.183547,-0.114910,-0.180352,0.203548,0.432531,0.039549,-0.514730,-0.476453,0.272477,0.195804,1136.740559,1.010150,-1.254239,0.025643,0.045034,1.682190,-0.241872,0.785745,0.050442,0.001536,0.165187,0.142391,0.401788,0.633221,0.428324,0.004242
-0.447544,0.624028,1.315453,0.240462,0.366775,0.326572,-1.265644,0.631446,-0.056930,0.079979,0.170203,0.231562,0.530219,0.441027,0.259393,0.097808,0.172820,0.022767,-0.863461,0.783928,-0.111750,0.199384,-1.579101,0.045521,-1.521507,0.010024,0.633190,0.207082,-0.732358,-1.151390,0.335623,0.481147,699.116044,0.783714,-1.271718,0.141672,0.089239,1.407144,-0.717152,-0.714037,0.606623,0.132474,0.276702,0.186004,0.760095,0.843219,-0.429146,0.092671
-0.363442,0.555517,0.599151,0.169831,0.271443,0.095186,-1.360508,0.303415,0.519762,0.077066,0.244405,0.218513,0.264268,0.044236,0.087614,0.101358,0.169415,0.418853,-1.357567,0.783928,0.557376,0.145591,-1.385702,0.593208,-1.521507,0.132211,0.512252,0.084700,-0.291760,-0.625411,0.335623,0.159928,304.753869,1.213405,-1.369040,0.218968,0.178769,1.458191,-0.717152,-0.719477,0.609723,0.118654,0.129305,0.248244,0.760095,0.618333,-0.416642,0.334313
-0.509340,0.762562,0.464422,0.210177,0.363042,0.398301,-1.641930,0.278453,0.479912,0.250630,0.271438,0.244164,0.520857,0.182857,0.259319,0.292165,0.214020,0.554751,-1.919240,0.659525,0.043396,-1.391362,-1.570220,-0.023016,-0.604601,-0.657713,0.633762,0.349176,-0.004549,-0.586999,1.362131,0.328432,204.867750,1.629140,-1.333699,0.072196,0.219909,1.062061,-0.256994,0.668796,0.069790,0.114622,0.639526,0.123117,0.899733,1.019116,-0.203287,0.808825
0.272510,0.871967,2.711437,0.011955,0.311732,0.074400,-1.291305,0.316932,-0.043428,0.036364,0.088266,0.080031,0.360079,-0.192707,0.050790,0.056000,0.014209,-0.132318,-1.412813,0.546399,-0.117724,0.223309,-1.089642,-0.163275,-0.169263,0.196709,0.473285,0.117527,-0.577296,-0.653108,0.274827,0.219372,987.001740,1.344847,-1.224320,0.031409,0.060183,1.564042,-0.252006,0.807554,0.032528,0.003448,0.210602,0.147183,0.380692,0.658550,0.368610,0.000476
-0.863441,0.548100,0.970003,0.332858,0.371893,0.295538,-1.436758,0.805760,-0.168132,0.081168,0.144551,0.183763,0.532475,0.668867,0.244488,0.100008,0.175932,0.145355,-1.559103,0.892232,-0.105462,0.096652,-1.570334,0.121136,-0.934449,-0.029715,0.609232,0.198378,-0.912911,-1.008432,0.356413,0.491420,496.152717,1.422950,-1.266521,0.130026,0.099445,1.204512,-0.925434,-0.843060,0.567988,0.161962,0.385901,0.178878,1.032314,0.941249,-0.473793,0.048291
-0.823845,0.576124,0.489506,0.143275,0.272266,0.151822,-1.379922,0.423372,0.621032,0.062128,0.307118,0.125366,0.273100,0.064754,0.059455,0.091273,0.152094,0.259507,-1.375566,0.864866,0.850875,0.123230,-1.344019,0.570187,-0.934426,0.128845,0.461401,0.116163,-0.470013,-0.675891,0.356413,0.220939,274.228122,1.202165,-1.503580,0.181378,0.169425,1.362621,-0.925434,-0.843060,0.593099,0.127954,0.144625,0.324783,1.032314,0.607440,-0.473793,0.323787
-0.776437,0.759528,0.446132,0.244813,0.347635,0.383641,-1.469538,0.374764,0.614469,0.318309,0.295783,0.228594,0.512491,0.248480,0.240157,0.460607,0.248984,0.390856,-1.690321,0.678112,-0.054486,-0.709678,-1.558948,0.244176,-1.065230,-0.560053,0.632436,0.390949,0.199835,-0.774475,1.656744,0.333207,199.578022,1.479135,-1.292234,0.084476,0.248292,1.173628,-0.270297,0.643834,0.083591,0.142816,0.634842,0.123333,1.219649,0.960120,-0.289425,0.896744
0.049959,0.940712,2.390462,0.025672,0.313041,0.066500,-1.161164,0.342716,0.082616,0.034723,0.087098,0.155336,0.377204,-0.176982,0.070240,0.040888,0.019269,0.015984,-1.102023,0.537069,-0.096671,0.380889,-1.171206,-0.110639,-0.191750,0.210207,0.527847,0.076471,-0.540303,-0.602794,0.284041,0.207564,851.408103,1.075908,-0.994762,0.039807,0.057027,1.720936,-0.258460,0.827849,0.039268,0.006279,0.194603,0.176004,0.354707,0.597244,0.446432,0.023083
-0.652241,0.605535,1.373304,0.314399,0.390732,0.307327,-1.458932,0.731231,-0.174517,0.070003,0.100483,0.215937,0.582722,0.636817,0.262903,0.091974,0.116981,0.176045,-1.607246,0.837478,-0.127847,0.181315,-1.498571,0.153332,-0.901366,-0.014063,0.619184,0.163417,-0.849662,-1.008870,0.375092,0.494670,621.028691,1.449699,-1.274215,0.124410,0.091195,1.238541,-0.788811,-0.843698,0.597844,0.142468,0.455094,0.182909,0.755221,0.852716,-0.510136,0.051978
-0.652241,0.597571,0.456715,0.181514,0.302249,0.081731,-1.288810,0.459715,0.561252,0.071436,0.247128,0.157275,0.447320,0.636817,0.064246,0.121023,0.158130,0.288780,-1.123982,0.837478,0.724334,-0.000933,-1.441222,0.729455,-0.901366,0.121735,0.592304,0.134848,-0.576622,-0.590673,0.375092,0.293975,251.431641,0.984164,-1.203021,0.264654,0.175535,1.183975,-0.788811,-0.859474,0.608519,0.181027,0.133980,0.341440,0.755221,0.606569,-0.510136,0.359402
-0.524148,0.735581,0.375705,0.256236,0.361838,0.481881,-1.554046,0.307172,0.545180,0.302006,0.302837,0.321572,0.568715,0.372662,0.270478,0.443278,0.251041,0.495912,-1.806446,0.707680,0.071436,-1.371731,-1.750398,0.101615,-1.002218,-0.745948,0.637376,0.426925,0.264319,-1.459455,1.454074,0.348412,165.639023,1.493405,-1.299623,0.102580,0.333931,1.088682,-0.274001,0.563342,0.134038,0.182120,0.860183,0.067007,0.896930,0.941444,-1.002283,1.359784
0.186657,0.916357,2.624093,0.018084,0.297870,0.130372,-1.263221,0.291122,0.267838,0.028757,0.070971,0.211160,0.359824,-0.183432,0.106750,0.046335,0.017223,0.151722,-1.332661,0.537069,-0.110807,0.368943,-1.223373,-0.155108,-0.153806,0.206925,0.552556,0.112310,-0.678997,-0.737708,0.287029,0.272465,949.611052,1.273678,-1.312042,0.029190,0.055425,1.568933,-0.253892,0.709152,0.101222,0.005796,0.210085,0.251169,0.384084,0.660350,0.524307,0.048993
-0.426685,0.694845,1.614785,0.351907,0.391341,0.321058,-1.440218,0.639249,-0.181575,0.069357,0.115899,0.220203,0.597167,0.241163,0.330078,0.091320,0.098385,0.107860,-1.389329,0.835029,0.095043,0.164176,-1.550465,0.190684,-0.796183,-0.061570,0.771482,0.218419,-0.928752,-0.985071,0.364032,0.538692,751.174002,1.152905,-1.389598,0.141568,0.110406,1.434488,-0.642032,-0.772184,0.634154,0.094842,0.496430,0.208587,0.730744,1.003610,-0.498357,0.105081
-0.426685,0.538342,0.500745,0.207241,0.262570,0.103419,-1.546912,0.404387,0.592356,0.067254,0.202362,0.204411,0.423212,0.240185,0.080006,0.097209,0.134003,0.343807,-1.660642,0.835029,0.514127,-0.043046,-1.336162,0.776582,-0.714962,0.156363,0.662468,0.145088,-0.528030,-0.401826,0.364032,0.313407,259.295255,1.372266,-1.454416,0.208054,0.171948,1.487467,-0.720157,-0.799617,0.545366,0.117895,0.117047,0.338912,0.730744,0.692315,-0.498357,0.378856
-0.476957,0.714874,0.399229,0.245824,0.357668,0.439602,-1.491658,0.288553,0.540315,0.258002,0.212753,0.347994,0.520915,0.264904,0.242022,0.388329,0.215826,0.592566,-1.587649,0.666422,0.013260,-0.801780,-1.679147,0.146218,-1.261211,-0.524475,0.468350,0.259009,0.076946,-1.240065,1.186640,0.329696,165.501470,1.428455,-1.315293,0.089973,0.230301,1.183151,-0.270290,0.560166,0.122879,0.155215,0.585338,0.138864,0.869929,1.067834,-0.217366,0.677091
0.284387,0.872658,1.830459,0.049174,0.307823,0.157914,-1.311113,0.316515,0.058606,0.033922,0.083119,0.103903,0.382751,-0.186940,0.086226,0.053889,0.024788,-0.329873,-1.374800,0.554697,-0.082041,0.365618,-1.147603,-0.172825,-0.203496,0.197567,0.537759,0.108653,-0.524008,-0.595037,0.287765,0.291248,630.974201,1.357522,-1.326997,0.044693,0.063668,1.588643,-0.265748,0.746080,0.047007,0.006009,0.238206,0.167101,0.426454,0.694278,0.390655,0.029996
-0.305983,0.602513,0.894028,0.311025,0.391474,0.381724,-1.450451,0.676296,-0.018558,0.080404,0.205504,0.148935,0.559444,0.571029,0.297986,0.108519,0.135649,-0.233059,-1.156659,0.891111,0.032561,0.261023,-1.648066,0.337974,-1.111340,-0.050299,0.650262,0.216150,-0.791453,-1.166101,0.349428,0.577932,411.763637,1.083210,-1.465615,0.135729,0.138065,1.436109,-0.638663,-0.886844,0.609396,0.125438,0.391628,0.211987,0.809680,0.918680,-0.470278,0.284396
-0.305983,0.634841,0.365206,0.252173,0.308504,0.162465,-1.386499,0.405426,0.561073,0.063436,0.198078,0.325180,0.472108,0.435897,0.069863,0.144292,0.209997,0.361556,-1.250433,0.891111,0.197147,0.205391,-1.626972,0.834064,-1.111340,0.175910,0.469827,0.200625,-0.436213,-1.167856,0.349428,0.360827,206.632736,1.084636,-1.455264,0.276461,0.184013,1.122313,-0.680702,-0.921813,0.639690,0.163016,0.175137,0.295343,0.809680,0.704256,-0.467146,0.418466
-0.463775,0.633000,0.451604,0.291728,0.357949,0.389292,-1.371356,0.270049,0.533791,0.183617,0.419503,0.466103,0.539950,0.788981,0.229213,0.562211,0.326404,0.831999,-1.525379,0.827197,0.279208,-0.176656,-1.632721,0.057157,-1.710995,-0.562093,0.545516,0.483394,0.104420,-2.147038,0.734521,0.384452,192.034278,1.447054,-1.306876,0.102475,0.246954,1.346657,-0.296717,0.469708,0.146162,0.200372,0.578925,0.143447,0.979666,0.914908,-0.838052,0.943036
0.421519,0.896541,2.463095,0.024232,0.292234,0.133366,-0.989478,0.239951,0.118929,0.030121,0.059334,0.122635,0.373384,-0.180091,0.049340,0.055431,0.015564,-0.350280,-1.015470,0.548724,-0.129152,0.480411,-1.208810,-0.153301,-0.176041,0.206417,0.480240,0.075761,-0.572580,-0.679796,0.285503,0.257835,828.380560,1.011376,-1.218463,0.049700,0.052850,1.591476,-0.251915,0.679588,0.070220,0.003958,0.185317,0.176038,0.362549,0.673038,0.383156,0.005747
-0.667445,0.603744,0.867278,0.318981,0.391304,0.324758,-1.026224,0.721828,0.015834,0.080588,0.187290,0.185879,0.581444,0.527145,0.221509,0.089901,0.121238,0.007800,-0.643483,0.876709,-0.124076,0.276337,-1.690443,0.374687,-1.042183,0.025779,0.617925,0.203213,-0.750484,-0.904590,0.381323,0.511773,409.423622,0.618396,-1.304840,0.136547,0.106040,1.299950,-0.776255,-0.923791,0.623027,0.137620,0.370780,0.186280,0.884410,0.900927,-0.506660,0.095447
-0.667445,0.701296,0.434345,0.282166,0.328578,0.114374,-1.382918,0.416143,0.537692,0.093943,0.156036,0.227297,0.443062,0.527145,0.064344,0.133207,0.186356,0.216568,-1.522584,0.876709,0.396473,0.118128,-1.534543,0.887260,-1.042183,0.114454,0.443695,0.213824,-0.396173,-0.884447,0.381323,0.303820,235.691797,1.357238,-1.302651,0.302690,0.217050,1.295814,-0.776255,-0.942116,0.746601,0.212571,0.286610,0.274107,0.884410,0.592683,-0.506660,0.388292
-0.549234,0.701190,0.364170,0.241119,0.347680,0.431264,-1.690598,0.243456,0.538399,0.369981,0.321032,0.330351,0.568494,0.980885,0.269482,0.471760,0.256063,0.509425,-1.799623,0.664281,-0.110219,-0.994080,-1.535972,0.170285,-0.729016,-0.482321,0.455421,0.313736,-0.011260,-1.097915,1.742942,0.426272,167.547764,1.589153,-1.365107,0.103295,0.229942,1.105373,-0.260725,0.560645,0.084564,0.257728,0.617610,0.142256,1.514954,1.001336,-0.345382,0.760264
0.240484,0.897756,1.564520,0.019526,0.291473,0.082413,-1.268479,0.307818,-0.028992,0.032242,0.069829,0.164136,0.351667,-0.185063,0.062126,0.040848,0.012214,-0.137651,-1.323327,0.565684,-0.089104,0.348627,-1.238918,-0.158422,-0.147548,0.211045,0.498272,0.085198,-0.420439,-0.534713,0.288748,0.231305,553.139715,1.313193,-1.104843,0.040238,0.052217,1.492976,-0.250687,0.806741,0.034845,0.005096,0.207443,0.122602,0.338604,0.657984,0.356399,-0.003642
-0.093414,0.586146,0.840446,0.376189,0.352056,0.205847,-1.559907,0.535697,0.256669,0.087666,0.234342,0.151217,0.516832,0.504679,0.202581,0.149445,0.182462,-0.175010,-1.689449,0.823424,0.153079,0.403584,-1.594268,0.501757,-1.598000,0.022274,0.647272,0.200074,-0.515309,-1.022604,0.349303,0.632417,433.811514,1.457422,-1.368382,0.158235,0.102744,1.224603,-0.563724,-0.883098,0.640424,0.115202,0.357069,0.243326,0.761072,0.770493,-0.436676,0.075702
0.219000,0.566066,0.573373,0.136883,0.229468,0.073517,-1.384094,0.167721,0.490602,0.037658,0.186893,0.206054,0.173190,-0.059905,0.040680,0.141742,0.113679,0.263967,-1.481796,0.817158,0.235114,0.481257,-1.465839,0.581634,-0.672779,0.214368,0.437157,0.075556,0.120578,-1.093167,0.349303,0.160354,311.587814,1.305036,-1.425216,0.161986,0.159650,1.130920,-0.615333,-0.883098,0.623544,0.082046,0.121594,0.090265,0.610335,0.620759,-0.412416,0.325209
-0.425078,0.570181,0.506718,0.162911,0.356310,0.297840,-1.570832,0.300795,0.368195,0.245787,0.253262,0.191539,0.534779,0.576711,0.198456,0.362622,0.162173,0.420232,-1.787907,0.683840,-0.028740,-0.163616,-1.650079,0.172142,-1.211366,-0.396019,0.513409,0.385824,0.108792,-1.273150,1.068897,0.268668,216.167244,1.412586,-1.378294,0.075448,0.227237,1.143280,-0.253609,0.438825,0.125043,0.146028,0.365462,0.067615,1.219801,0.852419,-0.150553,0.740822
0.578946,0.762486,1.808879,0.030012,0.276432,0.230104,-1.253029,0.214773,0.022517,0.028858,0.069872,0.121299,0.327044,-0.197557,0.072973,0.053949,0.020763,-0.375986,-1.273781,0.563600,-0.100849,0.526117,-1.249983,-0.079468,-0.240096,0.202055,0.468310,0.125881,-0.584354,-0.500672,0.271137,0.309079,665.434391,1.277347,-1.251730,0.017954,0.065551,1.609030,-0.239725,0.642885,0.041234,0.003622,0.174453,0.147297,0.451813,0.502507,0.393949,0.041121
-0.971029,0.586614,1.024256,0.323954,0.395022,0.337227,-1.093593,0.859381,-0.259056,0.063795,0.134619,0.228627,0.605099,-0.079921,0.223772,0.111992,0.143892,0.116740,-1.015999,0.861084,0.037686,0.257684,-1.587603,-0.078585,-1.048045,-0.057991,0.536440,0.229478,-0.901465,-1.078216,0.285383,0.473446,526.590303,0.986295,-1.321984,0.089309,0.106666,1.443613,-0.761646,-0.969011,0.564233,0.050016,0.650469,0.167694,1.172642,0.870888,-0.618636,0.129852
-0.971029,0.684574,0.434719,0.255436,0.356267,0.119057,-1.315113,0.585655,0.593580,0.050944,0.193593,0.287098,0.438335,-0.055203,0.080789,0.094904,0.162268,0.558636,-1.290473,0.876750,0.433283,0.257684,-1.470443,0.476858,-1.048045,0.109560,0.561443,0.093695,-0.569870,-0.680450,0.353694,0.424190,237.943147,1.179795,-1.476211,0.308731,0.164129,1.344580,-0.778968,-1.114065,0.560737,0.107038,0.262792,0.362122,1.172642,0.437750,-0.618636,0.365191
-0.527252,0.612455,0.401546,0.256992,0.357885,0.540828,-1.355476,0.293768,0.559375,0.285744,0.301555,0.357797,0.590902,0.235816,0.245449,0.494503,0.235560,0.710055,-1.508868,0.774926,0.051459,-0.461822,-1.508696,0.146554,-1.337100,-0.591592,0.579040,0.280482,0.166783,-1.168357,1.381492,0.316547,184.409321,1.427068,-1.416000,0.137082,0.264533,1.104196,-0.426222,0.445778,0.143028,0.173391,0.693769,0.093052,1.276866,0.767769,-0.116502,0.746680
0.237958,0.782965,1.997829,0.019591,0.312224,0.143993,-0.820882,0.339427,0.112988,0.035865,0.045636,0.150436,0.369643,-0.186797,0.039382,0.040111,0.014360,-0.152477,-0.699850,0.552370,-0.099803,0.418569,-1.620975,-0.153577,-0.211672,0.191881,0.477371,0.103204,-0.685666,-0.562787,0.279448,0.357785,769.732069,0.626354,-1.413008,0.035594,0.077671,1.417105,-0.249592,0.598032,0.061306,0.003442,0.224028,0.230606,0.408659,0.666165,0.473212,0.041929
-1.250266,0.581692,1.291239,0.320381,0.396598,0.323114,-1.295627,0.943397,-0.203489,0.092425,0.167327,0.162619,0.602223,0.737380,0.206161,0.148084,0.225718,0.072271,-1.167629,0.828756,-0.072186,0.167807,-1.539403,0.112109,-1.230288,-0.020398,0.532602,0.184865,-0.982424,-1.018460,0.340179,0.510204,624.299111,1.133529,-1.292487,0.127128,0.122485,1.521002,-0.942029,-1.025781,0.603716,0.160628,0.358228,0.218681,1.665866,0.945872,-0.657921,0.193598
-1.250266,0.644867,0.566322,0.237407,0.339394,0.103208,-1.504985,0.712039,0.659314,0.068600,0.251034,0.254806,0.492146,0.737380,0.085748,0.147460,0.240537,0.492639,-1.747139,0.828756,0.710533,-0.019423,-1.557347,0.501517,-1.230288,0.080546,0.491805,0.108552,-0.718571,-0.833589,0.340179,0.398624,311.659954,1.547816,-1.317435,0.282366,0.142636,1.369971,-0.942029,-1.063318,0.524870,0.174917,0.314006,0.419860,1.665866,0.545887,-0.657921,0.320854
-0.702311,0.606168,0.440554,0.273370,0.357057,0.487854,-1.357610,0.390156,0.596056,0.319690,0.287870,0.447644,0.599004,0.326681,0.257222,0.554665,0.281156,0.568752,-1.524397,0.705317,0.235825,-0.316037,-1.542781,0.316432,-1.464082,-0.655107,0.486527,0.311855,0.282837,-0.937930,1.492067,0.352533,196.655869,1.382167,-1.313240,0.185172,0.269955,1.158502,-0.457512,0.434857,0.125224,0.198006,0.556765,0.090212,1.872473,1.072154,-0.179388,0.737586
0.045274,0.819784,2.785542,0.028148,0.313000,0.156585,-1.140316,0.274147,0.297646,0.029744,0.045290,0.163727,0.389728,-0.146176,0.078212,0.042481,0.016890,0.134875,-1.226683,0.549642,-0.101347,0.143508,-1.109751,-0.109419,-0.199745,0.202863,0.581311,0.147109,-0.670346,-0.709656,0.280555,0.355558,1043.947463,1.225555,-1.198689,0.036874,0.060094,1.365142,-0.276619,0.531986,0.145860,0.006489,0.380420,0.300893,0.327694,0.595074,0.522234,0.073216
-0.772845,0.651486,1.355297,0.310727,0.415093,0.336789,-1.189343,0.672678,-0.120483,0.092403,0.168543,0.190383,0.617917,0.654845,0.227495,0.107944,0.110156,0.247784,-1.214452,0.928792,-0.078707,0.066441,-1.523029,0.208097,-0.767650,-0.042747,0.459324,0.175958,-0.887078,-1.009726,0.438127,0.515691,658.744165,1.134973,-1.193071,0.152391,0.123424,1.369583,-0.760943,-0.952154,0.645844,0.145667,0.529409,0.182648,0.843031,0.871406,-0.563910,0.153542
-0.772845,0.623013,0.730483,0.209836,0.355821,0.182978,-1.449368,0.460124,0.569361,0.101203,0.222120,0.228243,0.600605,0.654845,0.062645,0.165038,0.171508,0.389571,-1.556074,0.928792,0.696966,-0.053692,-1.530773,0.792100,-0.759954,0.081987,0.486478,0.150747,-0.715815,-0.628387,0.438127,0.389323,392.160949,1.429504,-1.382085,0.335098,0.206684,1.513289,-0.812936,-0.958647,0.654246,0.189295,0.155419,0.412337,0.843031,0.582272,-0.563910,0.368707
-0.614814,0.723105,0.415387,0.223367,0.366351,0.392162,-1.580073,0.313266,0.600521,0.244916,0.296312,0.231613,0.590991,0.398757,0.270354,0.298355,0.226827,0.469804,-1.794720,0.701618,0.300647,-0.961931,-1.673710,0.093305,-0.564892,-0.447856,0.466201,0.343918,0.285213,-0.661685,1.228791,0.374948,191.742515,1.495700,-1.358054,0.134086,0.232651,1.098934,-0.344646,0.528434,0.168146,0.187658,0.575958,0.078027,0.827512,1.031730,-0.224256,0.667561
0.117650,0.793139,1.943961,0.026480,0.315986,0.055000,-1.120192,0.332985,0.328863,0.033164,0.069508,0.190715,0.374752,-0.179651,0.068049,0.056449,0.014703,0.068772,-1.146025,0.542370,-0.079633,0.232286,-1.202632,-0.154740,-0.159470,0.214374,0.531240,0.130152,-0.432874,-0.674701,0.288890,0.297024,655.634995,1.061179,-1.123880,0.028507,0.053815,1.242582,-0.263767,0.613571,0.086135,0.005329,0.167233,0.223053,0.321822,0.554844,0.508324,0.048286
-0.544093,0.629083,1.041550,0.307537,0.401855,0.296807,-1.469599,0.684645,0.127017,0.083341,0.172666,0.170666,0.615076,0.658865,0.260038,0.109209,0.114880,0.024501,-1.590818,0.944768,-0.054750,0.088814,-1.591680,0.321935,-0.822018,-0.023757,0.549394,0.220490,-0.637460,-0.957371,0.383223,0.530583,477.004165,1.415463,-1.210628,0.156648,0.115859,1.367478,-0.735059,-0.962612,0.656779,0.143550,0.421095,0.196468,0.818767,0.815073,-0.555135,0.208253
-0.544093,0.657915,0.857337,0.242815,0.291960,0.119312,-1.539077,0.373086,0.596725,0.086803,0.180570,0.250026,0.392933,0.611927,0.060809,0.125687,0.135357,0.314154,-1.738940,0.909921,0.654510,-0.053398,-1.478120,0.702811,-0.795208,0.125762,0.510183,0.104942,-0.216296,-0.540816,0.383223,0.267711,454.110231,1.496918,-1.399219,0.225663,0.177389,1.492666,-0.760040,-0.964451,0.693686,0.156358,0.086751,0.223694,0.818767,0.638672,-0.555135,0.366841
-0.614675,0.685132,0.502046,0.230298,0.364058,0.429337,-1.518876,0.323704,0.491700,0.382155,0.259846,0.235858,0.553910,0.384261,0.222041,0.483844,0.216620,0.506130,-1.744947,0.842267,0.123323,-0.566508,-1.551836,0.255341,-0.868045,-0.916654,0.411865,0.393366,0.005644,-0.861305,1.761559,0.363978,214.339410,1.564337,-1.288179,0.093955,0.259008,1.024785,-0.261585,0.579470,0.081886,0.190561,0.392448,0.138094,1.084010,1.123534,-0.542399,0.897615
0.334366,0.863542,2.127935,0.024655,0.292677,0.067235,-1.145561,0.285995,-0.028541,0.032017,0.081520,0.268825,0.354640,-0.194536,0.064376,0.051874,0.025324,0.196937,-1.212334,0.545298,-0.114973,0.142507,-1.189023,-0.185611,-0.225508,0.201755,0.508022,0.092685,-0.513501,-0.613637,0.276301,0.237226,801.790888,1.214692,-1.312473,0.042708,0.060419,1.509991,-0.264068,0.769815,0.033289,0.006322,0.183712,0.132568,0.399750,0.572561,0.395540,0.026478
-0.279315,0.426991,0.436064,0.292398,0.304340,0.196380,-1.465959,0.529670,0.096620,0.091348,0.131682,0.153314,0.482824,0.296258,0.226557,0.152950,0.115709,-0.115483,-1.758882,0.951521,0.322837,0.176756,-1.640481,0.188479,-0.815749,0.013546,0.600591,0.205303,-0.679360,-1.084073,0.349862,0.496791,227.696241,1.483300,-1.132356,0.294450,0.114097,1.362816,-0.652372,-0.754222,0.427122,0.112461,0.261619,0.301300,0.637225,0.812832,-0.370890,0.083952
0.075341,1.129140,0.394200,0.015512,0.183957,0.057043,-0.802069,0.048891,-0.357229,0.007940,0.037534,0.043362,0.197485,-0.195963,0.051762,0.030054,0.011410,0.118059,-0.974320,0.526656,-0.079401,0.219762,-1.401080,-0.093740,-0.124088,0.186931,0.456792,0.080340,-0.524734,-0.476571,0.272884,0.063420,241.049584,0.884312,-1.253577,0.007929,0.028584,0.972147,-0.246853,1.016280,0.034755,0.002087,0.121672,0.037628,0.359365,0.621577,0.172983,-0.035494
0.290615,1.128718,0.635053,0.011338,0.194592,0.038959,-1.035965,0.057995,-0.399300,0.006770,0.027096,0.047691,0.204616,-0.193930,0.015948,0.029677,0.009242,0.203477,-1.180150,0.520523,-0.077512,0.329597,-1.109626,-0.116934,-0.109901,0.210928,0.320734,0.053913,-0.495082,-0.304383,0.275658,0.082888,274.058865,1.127878,-1.210877,0.005032,0.017029,1.383540,-0.241291,1.100723,0.015519,0.002025,0.102738,0.025083,0.341705,0.578896,0.167467,-0.081709
0.732356,0.903059,1.382679,0.025229,0.215943,0.072878,-1.345875,0.101622,-0.291905,0.012810,0.032790,0.160350,0.245086,-0.207388,0.062738,0.027550,0.007843,-0.124348,-1.411893,0.572854,-0.051423,0.460256,-1.042153,-0.112482,-0.147501,0.212093,0.400123,0.057534,-0.377245,-0.214773,0.267002,0.041347,521.398356,1.352605,-1.223801,0.011362,0.026922,1.600706,-0.238489,0.842647,0.043115,0.002676,0.123462,0.019861,0.412526,0.612478,0.149975,-0.074331
-0.292447,0.614812,0.733348,0.305889,0.301697,0.253902,-1.036146,0.393786,-0.341959,0.026522,0.200253,0.135708,0.469021,-0.213355,0.153454,0.073368,0.065989,-0.558875,-0.971826,0.596558,-0.090478,0.611174,-1.191927,0.002526,-0.447908,0.076987,0.511831,0.159610,-0.604729,-0.746915,0.256883,0.257416,412.019479,0.980353,-1.478820,0.062972,0.087619,1.099892,-0.220992,0.016803,0.190725,0.049388,0.292348,0.085144,0.660693,0.856908,-0.304785,0.133408
-0.470273,0.504967,0.549724,0.376504,0.308188,0.258734,-1.311543,0.605624,0.128555,0.055303,0.252873,0.191182,0.472370,0.056807,0.163511,0.104935,0.129227,-0.423304,-1.137531,0.760624,-0.090478,0.611174,-1.455036,0.414184,-1.864032,0.076987,0.511831,0.199011,-0.604729,-0.746915,0.289838,0.469130,319.792944,1.157375,-1.448085,0.087993,0.099529,1.367089,-0.780743,-0.635027,0.439932,0.085664,0.314085,0.173884,0.819046,0.856908,-0.470397,0.133408
-0.470273,0.446837,0.468740,0.271910,0.282868,0.193692,-1.381790,0.501741,0.432875,0.073012,0.254558,0.154148,0.472370,0.056807,0.125692,0.201722,0.220626,-0.423304,-1.395936,0.760624,0.168716,0.688737,-1.597203,0.581348,-1.864032,0.086852,0.511831,0.161379,-0.604729,-0.746915,0.336841,0.442122,203.367459,1.280663,-1.435981,0.254279,0.106005,1.599757,-0.780743,-0.666074,0.461995,0.105490,0.216883,0.344003,0.819046,0.555313,-0.470397,0.133408
-0.470273,0.393424,0.465827,0.232530,0.270954,0.128224,-1.401438,0.606563,0.594914,0.068097,0.279483,0.197027,0.472370,0.056807,0.094527,0.225025,0.230741,0.012198,-1.460435,0.760624,0.175357,0.413832,-1.583070,0.581348,-1.864032,0.124966,0.500625,0.145190,-0.354565,-0.672729,0.336841,0.266562,206.411966,1.339958,-1.588202,0.295916,0.120401,1.395504,-0.780743,-0.666074,0.231829,0.093792,0.203620,0.315999,0.819046,0.523783,-0.470397,0.135088
