feat_3,feat_12,feat_33,feat_155,feat_187,feat_245,feat_37,feat_5,feat_19,feat_180,feat_185,feat_255,feat_189,feat_149,feat_230,feat_175,feat_145,feat_254,feat_39,feat_169,feat_164,feat_213,feat_107,feat_194,feat_163,feat_198,feat_229,feat_205,feat_18,feat_223,feat_139,feat_25,feat_36,feat_40,feat_127,feat_190,feat_210,feat_28,feat_158,feat_13,feat_15,feat_150,feat_250,feat_20,feat_144,feat_239,feat_218,feat_209
0.261430,1.176201,0.153985,0.001528,0.238906,0.088162,-0.645443,0.016251,-0.244873,0.001886,0.011296,0.056799,0.240701,-0.039889,0.005991,0.002770,0.001113,-0.094956,-0.853963,0.708153,-0.003884,0.034167,-0.950245,-0.212069,-0.006771,0.283170,0.462758,0.003615,-0.337869,-0.179869,0.050934,0.029047,61.670844,0.988208,-1.174548,0.001295,0.002805,0.989609,-0.303056,1.147612,0.011588,0.000622,0.024203,0.017794,0.118430,0.265089,0.075192,-0.299699
0.212270,0.933988,0.172514,0.072283,0.292182,0.133069,-1.430885,0.303667,-0.099977,0.038919,0.116764,0.184091,0.354218,-0.022633,0.093279,0.064206,0.072499,0.396706,-1.630818,0.751660,0.097984,-0.211214,-1.447543,-0.119311,-0.037122,0.088859,0.737389,0.066519,-0.340858,-0.252989,0.088521,0.063705,52.178630,1.469953,-1.508848,0.044687,0.075502,1.226798,-0.336224,0.606480,0.181743,0.014452,0.179792,0.053264,0.423258,0.544519,-0.447831,-0.063670
0.948710,0.781593,2.514518,0.030115,0.289232,0.338827,-1.006940,0.138756,-0.020294,0.016495,0.131148,0.221006,0.340197,-0.036148,0.082742,0.042443,0.015553,0.550099,-1.115978,0.724277,0.025408,-0.159976,-1.187913,-0.022330,-0.005973,0.257192,0.635931,0.085920,-0.535869,-0.238697,0.054930,0.150048,617.428685,1.032172,-1.471093,0.030142,0.048997,2.366140,-0.317058,0.581678,0.122957,0.003031,0.106983,0.141653,0.150874,0.537859,0.221459,-0.171290
-0.801584,0.771002,2.899078,0.199078,0.491767,0.405568,-1.424107,0.779433,-0.052706,0.157295,0.151981,0.424304,0.857629,0.607208,0.181881,0.195248,0.207276,0.388293,-1.475168,0.887450,0.010118,-0.359259,-1.255309,0.030228,-0.894215,-0.329264,0.875653,0.132953,-1.031600,-0.578198,0.158929,0.377148,1015.630296,1.256908,-1.423375,0.164824,0.197188,1.958660,-0.959573,-0.886035,0.619112,0.139942,0.225972,0.257126,1.023584,0.923560,-0.884901,0.230937
-0.801584,0.632330,0.224943,0.203405,0.592536,0.341171,-1.468893,0.622135,1.019947,0.209996,0.505181,0.418319,0.857629,0.607208,0.301340,0.270783,0.233075,0.439060,-1.559954,0.974511,0.942077,-0.680686,-1.433098,1.109324,-0.894215,-0.365738,1.006294,0.187178,-1.031600,-0.759220,0.167401,0.330583,84.340717,1.389268,-1.410507,0.638808,0.258387,0.689843,-1.006952,-1.086698,0.636189,0.164057,0.232438,0.785612,1.023584,0.923560,-0.884901,0.401999
-0.180621,0.546128,0.203814,0.233841,0.638044,0.493602,-1.344514,0.280825,1.019947,0.517815,0.527983,0.423194,0.883565,1.120620,0.391794,0.420768,0.396904,0.554567,-1.400394,1.178761,0.942077,-0.737801,-1.667742,1.108247,-1.192950,-1.016163,1.072360,0.295398,0.371845,-0.820166,1.707498,0.302784,64.081823,1.233248,-1.358046,0.672587,0.421131,1.549331,-0.943050,-0.792990,0.495870,0.383499,0.355084,0.186211,1.261355,1.295686,-0.926369,0.780861
-0.179357,0.688282,2.568493,0.156737,0.442372,0.610744,-1.236751,0.442327,0.813502,0.088540,0.349543,0.456956,0.783513,0.658284,0.373691,0.347011,0.216700,0.513553,-1.348628,0.772618,0.091040,-0.659044,-2.080821,0.084117,-0.210958,-0.050751,1.088380,0.275021,-0.681636,-0.820166,0.207335,0.454815,717.283588,1.175947,-1.282691,0.105531,0.155402,2.165569,-0.483168,0.205784,0.299113,0.065628,0.387145,0.464038,0.583483,0.924041,0.334341,-0.096161
-0.824054,0.772193,2.516239,0.364081,0.569192,0.758119,-1.396096,0.715218,0.402064,0.212515,0.436278,0.772006,1.035426,0.895233,0.439275,0.290845,0.287164,1.743854,-1.562039,0.772618,0.012722,-0.430791,-1.903187,-0.003739,-1.021692,-0.549365,1.088380,0.265398,-1.225655,-0.658536,0.145535,0.532747,900.071648,1.225370,-1.434186,0.198501,0.253673,2.236037,-0.936536,-0.861980,0.566298,0.204169,0.391666,0.471238,1.382132,1.400978,-1.138763,0.507205
-0.824054,0.711752,0.650123,0.331303,0.682801,0.708294,-1.404663,0.692653,1.222141,0.262220,0.639550,0.774964,1.035426,0.895233,0.421236,0.318169,0.296771,1.743854,-1.554613,1.027805,1.142201,-0.663311,-1.679227,1.315239,-1.021692,-0.549365,1.153630,0.239181,-1.225655,-1.023871,0.172409,0.882150,256.638498,1.273574,-1.403943,0.730534,0.323674,1.998773,-1.039544,-1.110461,0.766436,0.204008,0.419433,0.915792,1.382132,1.400978,-1.138763,0.507205
-0.186005,0.630553,0.213306,0.418924,0.758291,0.574329,-1.265110,0.299468,1.222141,0.647445,0.880941,0.486391,1.284023,2.115885,0.461405,0.650689,0.625616,0.647898,-1.297259,1.132724,1.142201,-1.214126,-1.762689,1.315239,-1.123552,-2.040314,1.153630,0.500394,0.231705,-1.023871,1.681817,0.410160,61.047634,1.069349,-1.642113,0.802906,0.596359,1.119678,-1.039544,-1.078560,0.697373,0.638188,0.631362,0.277507,1.750712,1.525405,-1.595312,1.371844
-0.186005,0.653792,2.558205,0.345643,0.573820,0.561174,-1.258091,0.399095,0.784787,0.536640,0.937833,0.353997,1.284023,2.115885,0.545582,0.629506,0.507277,0.121809,-1.306972,1.059550,0.199816,-0.940405,-1.824760,0.526262,-1.123552,-0.990293,1.372827,0.511212,-0.550226,-0.886099,1.681817,0.549172,796.636866,0.993277,-1.500757,0.233230,0.315729,1.980507,-0.742440,0.105279,0.297379,0.504388,0.672224,0.446557,1.750712,1.525405,-1.231898,0.614026
-1.018508,0.700333,2.323369,0.395307,0.591400,0.658923,-1.422631,0.665171,0.700865,0.245624,0.567133,0.736240,1.059379,1.039551,0.508871,0.291246,0.361666,1.979225,-1.373075,0.839218,0.276485,-0.813088,-1.825531,0.086698,-1.025194,-0.765991,1.372827,0.392310,-1.153436,-0.886099,0.177843,0.529563,897.411209,1.127116,-1.378985,0.214246,0.302611,1.969925,-0.890522,-0.879278,0.565644,0.209992,0.625262,0.515143,1.942099,1.671798,-1.234526,0.482614
-1.018508,0.671820,0.686849,0.360776,0.732185,0.594373,-1.377457,0.655455,1.022681,0.340523,0.783848,0.813650,1.059379,1.039551,0.485845,0.313423,0.372713,1.979225,-1.582205,1.020631,1.115125,-1.022967,-1.968790,1.140746,-1.025194,-0.765991,1.179619,0.332801,-1.153436,-1.310610,0.177843,0.823252,251.236150,1.398072,-1.396114,0.784835,0.376421,1.901494,-1.171915,-1.080414,0.742318,0.220214,0.572434,0.825061,1.942099,1.671798,-1.234526,0.482614
-0.104124,0.558873,0.833480,0.308616,0.752506,0.810717,-1.371642,0.285839,1.022681,0.598501,0.723526,0.708415,1.192735,1.867816,0.489609,0.542437,0.574161,1.207848,-1.463185,1.182589,1.115125,-1.194488,-1.251651,1.161574,-1.748868,-2.421051,1.179619,0.513730,0.173465,-1.310610,1.742991,0.353549,227.170567,1.291400,-1.532246,0.799786,0.593707,1.923624,-1.171915,-1.026906,0.575970,0.511092,0.629074,0.253022,1.860360,1.422186,-1.594543,1.240639
-0.104124,0.662908,2.846930,0.278624,0.536817,0.666373,-1.515193,0.366939,0.719421,0.349277,0.630996,0.544994,1.192735,1.867816,0.526113,0.470848,0.389579,0.580604,-1.479606,1.182589,0.057965,-1.194488,-1.916953,1.161574,-1.748868,-1.412432,1.311493,0.517417,-0.678754,-0.756908,1.742991,0.564080,780.534915,1.286859,-1.368488,0.182991,0.319587,2.004872,-0.341608,0.242700,0.251869,0.346625,0.741537,0.433153,1.860360,1.422186,-1.328220,0.669811
-0.751178,0.725454,2.334673,0.394947,0.578715,0.619848,-1.374261,0.571166,0.457408,0.223869,0.653609,0.897466,1.067122,1.116776,0.478064,0.342835,0.328665,1.962417,-1.525939,0.973019,-0.035381,-1.181312,-1.925891,0.056117,-1.279492,-0.599097,1.311493,0.341540,-1.113931,-1.148083,0.271752,0.533968,813.739808,1.335284,-1.259370,0.188563,0.291818,1.985026,-1.011968,-1.136805,0.613882,0.199787,0.597325,0.447648,1.802523,1.467022,-1.154927,0.449672
-0.751178,0.710538,0.513535,0.354775,0.702983,0.695998,-1.078292,0.576627,0.935324,0.323468,0.908519,0.904574,1.067122,1.116776,0.407595,0.380184,0.355412,1.962417,-0.968403,1.091292,1.142892,-1.204463,-1.535488,0.966970,-1.279492,-0.599097,1.071913,0.290294,-1.113931,-1.514608,0.287770,0.866228,193.841614,0.816727,-1.278963,0.757125,0.364439,1.663253,-1.081773,-1.233791,0.775801,0.209587,0.481195,0.759093,1.802523,1.467022,-1.154927,0.449672
-0.184220,0.571554,0.631620,0.303732,0.738259,0.578566,-1.362085,0.307719,0.935324,0.573344,0.631324,0.542824,1.181713,1.912147,0.508064,0.535093,0.555943,0.604535,-1.379532,1.184214,1.142892,-1.564580,-1.474274,0.966970,-1.183530,-2.704912,1.071913,0.586758,0.040641,-1.514608,1.745246,0.254430,170.405623,1.201699,-1.488137,0.786294,0.628099,1.809079,-1.081773,-1.057463,0.603293,0.563738,0.614864,0.246510,2.129414,1.049698,-2.384663,1.645441
-0.184220,0.578448,2.886276,0.251678,0.503123,0.666104,-1.391693,0.382564,0.624178,0.265293,0.464816,0.680202,1.181713,1.817783,0.583830,0.418399,0.379267,1.176167,-1.476894,1.080256,0.254249,-0.925662,-2.002282,0.495833,-1.183530,-0.719295,1.445996,0.528343,-0.797582,-0.986882,1.596389,0.478624,820.577404,1.332156,-1.538391,0.190923,0.290969,1.747941,-0.473889,0.312866,0.231366,0.372807,0.767473,0.422848,2.129414,1.022971,-1.258382,0.622205
-0.920252,0.668504,2.651515,0.255421,0.540282,0.560546,-1.225649,0.688291,0.439926,0.276805,0.413771,0.822897,1.028132,0.999920,0.500790,0.389725,0.412971,1.249458,-1.332061,0.973823,0.057127,-1.172312,-2.015732,-0.307164,-1.316185,-0.700508,1.445996,0.273848,-1.037151,-1.371693,0.179580,0.520743,962.998284,1.185232,-1.324281,0.216057,0.317330,1.908156,-1.105032,-1.195262,0.605187,0.198431,0.578885,0.460158,1.942059,1.342110,-1.319310,0.516597
-0.920252,0.783312,0.908107,0.295770,0.700255,0.838476,-1.262244,0.693867,1.146631,0.357278,0.739930,0.809856,1.028132,0.999920,0.410758,0.375238,0.413600,1.249458,-1.432750,1.048774,1.438685,-1.172312,-1.719516,1.411568,-1.316185,-0.700508,1.098685,0.281289,-1.037151,-1.371693,0.179580,0.783012,353.447238,1.258578,-1.335045,0.751330,0.408488,1.604195,-1.153939,-1.512084,0.853366,0.227306,0.413871,0.846207,1.942059,1.342110,-1.319310,0.516597
-0.498520,0.619343,1.089821,0.325063,0.775893,0.744749,-1.391784,0.353541,1.146631,0.478619,0.737377,0.644034,1.373440,2.126968,0.460110,0.532808,0.751821,0.910605,-1.491344,1.198832,1.438685,-1.725617,-1.498435,1.411568,-0.420105,-2.153234,1.098685,0.640404,0.239112,-1.114125,1.596209,0.336145,323.727098,1.297704,-1.375345,0.817747,0.634876,1.529378,-1.153939,-1.421766,0.716845,0.489486,0.506072,0.260233,3.203157,0.977375,-1.957188,1.340453
-0.498520,0.590754,2.596480,0.307068,0.561877,0.825987,-1.475837,0.455279,0.907650,0.366721,0.653870,0.703302,1.373440,2.126968,0.549814,0.401971,0.544164,1.120947,-1.489806,0.960253,0.352641,-1.125106,-2.177755,0.754098,-0.420105,-1.710260,1.477714,0.657017,-0.672949,-1.131557,1.596209,0.532742,779.446086,1.286930,-1.334602,0.243695,0.382835,1.257344,-0.803692,0.047996,0.284866,0.358624,0.713675,0.485028,3.203157,0.996431,-1.117137,0.426026
-0.999439,0.661844,2.405707,0.205581,0.544413,0.902177,-1.342158,0.679784,0.783289,0.231233,0.380872,0.901634,0.973558,0.945975,0.578540,0.354620,0.343543,1.884648,-1.367815,0.862704,0.055263,-1.125106,-2.174711,0.010898,-1.146288,-0.692732,1.477714,0.391552,-1.165209,-1.339844,0.181020,0.525981,890.378442,1.326963,-1.280457,0.188612,0.314947,1.852841,-0.740385,-0.870634,0.540877,0.184085,0.662642,0.519071,1.434579,1.483749,-1.128595,0.499955
-0.999439,0.725558,1.228775,0.219971,0.670804,0.980971,-1.409429,0.654871,1.127402,0.290400,0.758722,0.944003,0.973558,0.945975,0.487561,0.390634,0.386785,1.884648,-1.568194,1.030378,1.356939,-1.195596,-1.534505,1.276976,-1.146288,-0.692732,0.978227,0.319910,-1.165209,-1.339844,0.181020,0.795045,424.519023,1.393177,-1.493161,0.723812,0.395348,1.686692,-1.188465,-1.239175,0.785219,0.218794,0.470542,0.848047,1.434579,1.483749,-1.128595,0.499955
-0.340089,0.611264,1.354631,0.350955,0.772604,0.607276,-1.280275,0.281815,1.127402,0.538765,0.816391,0.781630,1.310673,1.707798,0.400573,0.605621,0.911938,1.447152,-1.169456,1.159571,1.356939,-2.364782,-1.772589,1.286211,-0.731257,-1.801507,0.978227,0.613891,0.336227,-1.214937,1.315228,0.295376,394.366557,1.052328,-1.616984,0.811117,0.612051,1.720545,-1.188465,-1.213967,0.695590,0.471670,0.282091,0.209225,3.289109,0.927182,-1.669615,1.204959
-0.340089,0.596150,3.150986,0.333958,0.557887,0.781192,-1.477788,0.382138,0.858525,0.441688,0.663653,0.797163,1.310673,1.707798,0.502676,0.444539,0.714447,1.447152,-1.599684,0.973170,0.492841,-1.075880,-2.016811,0.985052,-0.731257,-1.692910,1.466291,0.634069,-0.593226,-1.519527,1.315228,0.557493,972.525313,1.400323,-1.438704,0.251570,0.382475,1.534029,-0.793918,0.106592,0.289579,0.361304,0.595281,0.462551,3.289109,0.927182,-1.038726,0.598951
-1.210188,0.660040,2.835480,0.229102,0.546592,0.861503,-1.069733,0.727778,0.836713,0.268495,0.411243,0.822027,1.052760,0.976375,0.482144,0.399757,0.373781,1.692881,-0.635400,0.933527,0.059040,-1.075880,-2.002588,-0.046556,-1.158839,-0.660247,1.630167,0.515655,-1.050772,-1.519527,0.172753,0.539731,1126.777711,0.581952,-1.424652,0.204647,0.327265,1.670695,-0.849332,-1.016001,0.578262,0.179918,0.601482,0.508188,1.709452,1.583817,-1.170916,0.541359
-1.210188,0.750537,1.325656,0.232933,0.686756,0.798307,-1.392970,0.711576,1.143800,0.333431,0.741469,0.782065,1.052760,0.976375,0.411750,0.403391,0.398967,1.692881,-1.523992,1.055092,1.315471,-1.022280,-1.606434,1.409796,-1.158839,-0.660247,1.630167,0.347406,-1.050772,-1.368973,0.172753,0.819032,503.546998,1.443050,-1.569695,0.739214,0.402650,1.366449,-1.188219,-1.362335,0.809538,0.211339,0.380671,0.826433,1.709452,1.583817,-1.170916,0.541359
-0.150374,0.606222,1.390565,0.350877,0.774276,0.579863,-1.459914,0.253920,1.143800,0.605918,0.699246,0.504372,1.321463,2.064450,0.427648,0.511289,0.764748,1.169142,-1.562731,1.172763,1.315471,-1.441251,-1.629162,1.409796,-0.555526,-2.012645,1.012718,0.506990,0.325637,-1.329042,1.747545,0.329528,416.533464,1.443647,-1.635997,0.814857,0.634463,1.203705,-1.186836,-1.316909,0.705068,0.521271,0.423727,0.227770,3.028341,0.998473,-1.858096,1.454231
-0.150374,0.618146,3.087188,0.329654,0.554378,0.702478,-1.390143,0.339373,0.871571,0.496793,0.648205,0.593846,1.321463,2.064450,0.465241,0.401989,0.557658,0.988642,-1.303545,1.107051,0.311556,-1.426026,-1.757295,0.614025,-0.555526,-1.247602,1.146325,0.533610,-0.590356,-1.329042,1.747545,0.514025,998.378434,1.316539,-1.601107,0.251445,0.347709,1.596583,-0.742447,0.026831,0.318978,0.396640,0.538204,0.481995,3.028341,0.998473,-1.009844,0.346738
-1.119714,0.680746,2.418469,0.264901,0.551720,0.828208,-1.453702,0.671480,0.792016,0.243724,0.444807,0.746977,1.097565,0.889235,0.402758,0.318343,0.340749,1.404277,-1.421129,0.913787,0.008148,-0.764909,-1.724841,-0.005695,-1.178700,-0.567796,1.146325,0.380957,-1.097553,-0.942743,0.173476,0.545110,976.613202,1.301135,-1.443132,0.205458,0.315341,1.689546,-1.000599,-0.904903,0.569575,0.188920,0.501405,0.500229,1.737322,1.200618,-1.086952,0.416353
-1.119714,0.705760,0.835334,0.263451,0.663294,0.472401,-1.349221,0.639694,0.996649,0.294142,0.600826,0.722610,1.097565,0.889235,0.420778,0.291639,0.332734,1.404277,-1.521099,1.092160,1.189588,-0.801391,-1.692931,1.350977,-1.178700,-0.567796,1.176962,0.268619,-1.097553,-0.942743,0.174923,0.774945,340.237231,1.280023,-1.510526,0.711375,0.367321,1.489820,-1.105381,-1.188850,0.764164,0.199039,0.481134,0.753495,1.737322,1.200618,-1.086952,0.416353
0.153468,0.618256,0.743120,0.364824,0.717252,0.451847,-1.308984,0.193296,0.996649,0.576310,0.695791,0.367856,1.155981,2.052922,0.457456,0.438142,0.673394,0.544186,-1.418695,1.089275,1.189588,-1.411122,-1.552384,1.350977,-0.921772,-1.865565,1.176962,0.404594,0.118147,-0.940510,1.648567,0.288836,227.051741,1.225441,-1.588730,0.756148,0.559373,2.001852,-1.105381,-1.169342,0.679702,0.556955,0.540811,0.235817,2.137988,1.064036,-1.756142,1.203111
0.153468,0.663015,2.196752,0.312706,0.556469,0.660683,-1.352006,0.294981,0.654039,0.478932,0.719101,0.435961,1.155981,2.052922,0.503585,0.445877,0.528428,0.337384,-1.386607,1.039940,0.241971,-1.411122,-1.812433,0.857507,-0.921772,-1.420454,1.430581,0.396043,-0.670095,-0.819591,1.648567,0.516820,745.399036,1.260670,-1.493069,0.207185,0.316545,2.077716,-0.749761,0.101928,0.269732,0.479388,0.595277,0.434924,2.137988,1.064036,-0.744486,0.615545
-0.750461,0.661769,1.752119,0.498731,0.586319,0.850985,-1.340371,0.548199,0.650472,0.226199,0.661365,0.677765,1.041065,1.066531,0.469578,0.332305,0.312191,1.076287,-1.291706,1.001804,0.057717,-0.467991,-1.814690,0.566372,-1.152705,-0.843283,1.430581,0.396256,-1.102855,-0.819591,0.211601,0.547461,759.048052,1.004690,-1.364703,0.207341,0.304514,2.048138,-1.039464,-0.872057,0.558764,0.237324,0.523430,0.482719,2.008344,1.241644,-1.217187,0.438020
-0.750461,0.674494,0.569623,0.445632,0.708933,0.852083,-1.369540,0.563424,1.230697,0.319331,0.736285,0.704941,1.041065,1.066531,0.486581,0.441372,0.372666,1.076287,-1.569329,1.097727,0.708449,-1.076648,-1.384475,0.991102,-1.152705,-0.843283,1.260444,0.305650,-1.102855,-1.508512,0.225249,0.821087,220.919930,1.243410,-1.498604,0.763650,0.360353,1.777460,-1.152437,-1.063992,0.713573,0.247748,0.491479,0.858015,2.008344,1.241644,-1.217187,0.438020
-0.148881,0.551855,0.996290,0.349786,0.708247,0.700837,-1.322081,0.328811,1.230697,0.526909,0.571961,0.593737,1.094789,1.749798,0.599772,0.538237,0.517213,0.225600,-1.445320,1.000349,0.708449,-1.076648,-1.877587,0.991102,-1.314766,-2.377996,1.330138,0.409999,0.321676,-1.508512,1.739809,0.301544,303.614507,1.364830,-1.448670,0.756086,0.572398,1.983836,-1.152437,-0.946861,0.591259,0.480529,0.562528,0.265171,1.545248,1.301756,-2.233992,1.290064
-0.148881,0.650472,2.610049,0.255581,0.520259,0.446221,-1.243198,0.391965,0.762780,0.304882,0.475410,0.553138,1.094789,1.749798,0.560662,0.436378,0.387251,0.225600,-1.104508,1.000349,0.161676,-0.835458,-2.053253,0.554937,-1.314766,-1.428065,1.125697,0.397935,-0.584617,-0.729469,1.739809,0.563930,837.415246,1.051928,-1.337769,0.167027,0.270602,1.888437,-0.774327,0.201747,0.268211,0.346986,0.566158,0.427747,1.545248,1.234464,-0.824923,0.558235
-0.871627,0.702798,2.193087,0.357284,0.565612,0.406187,-1.259879,0.656658,0.457776,0.226618,0.504042,0.793370,1.018185,0.980228,0.378239,0.287900,0.316517,1.490774,-1.305189,0.853756,-0.010810,-0.835458,-1.900426,-0.079610,-1.086304,-0.581104,1.459225,0.301829,-1.040649,-0.880866,0.162034,0.545655,851.133538,1.166350,-1.366942,0.192391,0.258888,1.831549,-1.040586,-0.964792,0.580758,0.206926,0.415995,0.435737,1.645520,1.373648,-1.193855,0.339740
-0.871627,0.675351,0.532782,0.320582,0.692401,0.546254,-1.413197,0.644798,1.112846,0.303643,0.770893,0.759959,1.018185,0.980228,0.329696,0.316646,0.343108,1.490774,-1.610632,1.050948,1.030860,-1.013013,-1.578962,1.118522,-1.086304,-1.585680,1.459225,0.279454,-1.040649,-1.254484,0.162034,0.903130,196.961346,1.447079,-1.470460,0.748057,0.361565,1.646762,-1.096661,-1.153235,0.724933,0.229093,0.379657,0.799215,1.645520,1.373648,-1.197491,0.954987
-0.326847,0.538966,0.632738,0.295033,0.746143,0.469807,-1.222940,0.345889,1.112846,0.548515,0.546534,0.474586,1.221960,1.771436,0.379403,0.521000,0.614030,0.745735,-1.265227,1.234092,1.030860,-1.504474,-1.122024,1.118522,-1.346527,-1.745019,1.015164,0.503786,0.196175,-1.254484,1.745635,0.431607,174.316171,1.176311,-1.536745,0.791735,0.614320,1.074666,-1.096661,-0.796266,0.512039,0.471419,0.562142,0.258764,1.518058,1.396540,-1.555573,1.611997
-0.326847,0.595502,3.601370,0.177564,0.476166,0.584103,-1.116900,0.487790,0.814844,0.134096,0.349780,0.466731,0.906253,0.776542,0.368468,0.368385,0.349109,0.319168,-0.976821,0.782745,0.121890,-0.939995,-2.072540,0.275504,-0.578620,-0.442271,1.367326,0.405529,-0.842365,-1.112552,0.075414,0.529423,1070.574831,0.959269,-1.378401,0.131744,0.264196,1.853056,-0.807790,0.183395,0.266090,0.093036,0.599767,0.494919,1.476613,1.245629,0.171429,-0.088499
-0.969223,0.769725,1.538860,0.289175,0.603777,0.625333,-1.429325,0.812442,1.140538,0.205343,0.584731,0.747250,1.159970,0.669037,0.437824,0.384831,0.373107,1.892450,-1.502015,1.121022,0.850640,-0.728186,-1.896136,1.202889,-1.065469,-0.738172,1.207925,0.276242,-1.479120,-0.586068,0.139665,0.892805,647.568519,1.236986,-1.592261,0.582347,0.318375,1.807185,-1.145540,-0.979226,0.808846,0.140249,0.495188,0.813104,1.541679,1.677268,-1.060857,0.448169
-0.747335,0.513920,3.309891,0.358532,0.431456,0.817290,-1.266390,0.298671,1.211215,0.351373,0.735340,0.715357,1.493198,2.022734,0.497208,0.587865,0.407980,0.556918,-1.107301,0.808206,0.291482,-1.197910,-2.021837,0.445237,-1.264516,-2.141948,1.130432,0.566519,-0.305798,-1.889880,1.675411,0.595082,1363.965353,1.060963,-1.483900,0.254898,0.341183,1.752350,-0.731519,-0.031394,0.259196,0.309762,0.514369,0.384048,3.060204,1.275345,-0.754618,0.420283
0.779381,1.128924,0.595075,0.016274,0.244417,0.083714,-0.670280,0.034121,-0.453884,0.009804,0.043165,0.173467,0.262077,-0.043889,0.028832,0.022306,0.005650,0.319400,-0.795927,0.731081,0.015283,-0.045580,-1.088855,-0.208488,-0.005262,0.275153,0.484294,0.025810,-0.557017,-0.271183,0.048093,0.058701,161.466174,0.865590,-1.042249,0.011892,0.036240,1.783092,-0.317402,1.102044,0.020471,0.002367,0.046710,0.024547,0.120338,0.238016,0.078100,-0.269757
0.860190,1.182547,0.443507,0.004964,0.260119,0.084771,-0.602171,0.026778,-0.518337,0.005644,0.011840,0.093166,0.275969,-0.044248,0.010870,0.017614,0.003175,-0.019944,-0.780749,0.709227,-0.001588,0.029771,-1.086945,-0.236983,-0.016599,0.291006,0.462407,0.022212,-0.608448,-0.285217,0.048666,0.055481,120.905258,0.914886,-1.090992,0.008021,0.013179,1.673081,-0.301324,1.127467,0.021455,0.000827,0.032835,0.025565,0.119509,0.244397,-0.011352,-0.281179
-0.005748,0.839263,2.121224,0.238423,0.418086,0.388820,-1.382401,0.311252,0.754893,0.138851,0.637128,0.296178,0.708950,0.260421,0.167250,0.354582,0.243220,0.533903,-1.483536,0.880717,0.058950,-1.003591,-1.594194,-0.315994,-1.018859,-0.250150,0.783376,0.250750,-0.687262,-0.787882,0.157421,0.524832,759.456553,1.239707,-1.262582,0.159704,0.216902,2.053773,-0.721921,-1.130730,0.754338,0.063749,0.227274,0.372502,1.104022,0.430421,-0.867483,0.102280
-0.005748,0.870924,1.254206,0.252088,0.454311,0.322849,-1.333545,0.318289,1.566540,0.143189,0.667846,0.371716,0.708950,0.260421,0.188238,0.343653,0.237005,0.793637,-1.513907,0.999400,0.930888,-1.054144,-1.695258,0.708177,-1.018859,-0.250150,0.783376,0.249386,-0.687262,-0.787882,0.157421,0.477922,435.912253,1.336344,-1.304085,0.435543,0.221332,1.513589,-0.874490,-1.436378,0.902619,0.076468,0.234731,0.826329,1.104022,0.432935,-0.867483,0.102280
-0.005748,0.887424,0.296864,0.216126,0.424742,0.224028,-1.258961,0.309503,1.613026,0.262045,0.493352,0.373410,0.605103,0.260421,0.171197,0.347876,0.379064,0.793637,-1.299092,0.999400,1.174861,-1.054144,-1.540186,0.714694,-1.018859,-0.250150,0.674965,0.330203,-0.027492,-0.316651,0.157421,0.425297,90.027985,1.108909,-1.317378,0.446528,0.277446,1.498450,-0.874490,-1.436378,0.746916,0.220862,0.243302,0.451917,1.104022,0.736210,-0.867483,0.227178
-0.235624,0.650901,0.482529,0.243470,0.505039,0.660507,-1.300220,0.353164,1.613026,0.499979,0.619220,0.281919,0.683519,1.414925,0.281836,0.348452,0.361223,1.132513,-1.450363,1.112739,1.174861,-1.054144,-1.527914,0.714694,-0.352440,-0.914217,0.728675,0.364819,0.790128,-0.669254,1.349402,0.241858,129.161269,1.287427,-1.400308,0.531097,0.326134,1.941168,-0.874490,-1.314283,0.703825,0.349923,0.338270,0.228358,1.594209,0.736210,-0.605585,0.611427
0.178483,0.680181,1.548212,0.340837,0.359352,0.248102,-1.251858,0.187938,0.733524,0.252206,1.017641,0.202149,0.563936,0.429578,0.154808,0.226835,0.316168,0.944251,-1.355677,1.052752,1.355765,-1.470192,-1.406546,0.307454,-0.147495,-0.390248,0.730137,0.310108,0.149451,-1.115831,0.357010,0.111448,616.477101,1.166469,-1.319491,0.382060,0.281381,1.812778,-0.902821,-0.878939,0.556778,0.213749,0.282726,0.183519,0.910089,0.202827,-0.387577,0.407201
0.494057,1.117350,0.382190,0.028857,0.250631,0.157753,-1.413350,0.087083,0.095422,0.009532,0.108750,0.185556,0.294618,-0.046284,0.075159,0.023699,0.010887,0.092564,-1.606381,0.722364,0.017198,-0.210502,-1.324703,-0.098465,-0.043071,0.234746,0.552306,0.085787,-0.082128,-0.259359,0.053397,0.071410,95.061961,1.541696,-1.377028,0.026111,0.028539,1.232217,-0.309612,1.023744,0.047103,0.002722,0.116040,0.040038,0.174244,0.167707,-0.009807,-0.200824
0.840394,0.997269,2.223313,0.081697,0.318333,0.155233,-1.224085,0.185392,-0.103480,0.015277,0.125167,0.158292,0.411206,-0.038312,0.067697,0.074376,0.028632,0.356186,-1.383073,0.738234,0.027903,-0.108594,-1.198754,-0.075331,-0.050614,0.237631,0.647650,0.100031,-0.517012,-0.291258,0.053866,0.093645,596.894307,1.312870,-1.510863,0.037102,0.050580,1.767372,-0.320148,0.904240,0.044447,0.005272,0.244821,0.115693,0.180954,0.536962,0.148109,-0.220397
-0.572006,0.796040,2.648092,0.270544,0.520649,0.336421,-1.342035,0.787453,-0.033007,0.164023,0.464777,0.268432,0.864976,0.745595,0.312766,0.182273,0.226721,0.151027,-1.366681,0.819346,0.030426,-0.222595,-1.431390,0.207477,-0.790569,-0.343683,0.926344,0.165063,-1.039925,-0.409660,0.184472,0.410321,949.246211,1.251530,-1.357488,0.147150,0.215359,2.258083,-0.686230,-0.774271,0.568598,0.151692,0.219960,0.265065,0.967927,1.009848,-1.048293,0.343288
-0.572006,0.667246,0.456173,0.244706,0.600502,0.313702,-1.382794,0.684794,1.244353,0.214831,0.622680,0.282400,0.864976,0.745595,0.352625,0.229108,0.250307,0.153326,-1.477126,0.922808,0.994762,-0.738644,-1.657414,1.088679,-0.790569,-0.343683,0.926344,0.187170,-1.039925,-0.813428,0.184472,0.610090,169.599214,1.263224,-1.341456,0.643028,0.242271,1.586669,-1.071302,-1.093940,0.713094,0.148335,0.286183,0.881579,0.967927,1.009848,-1.048293,0.343288
-0.203880,0.564249,0.313153,0.223272,0.651437,0.509504,-1.342891,0.308471,1.244353,0.381994,0.527601,0.398669,0.908491,1.597230,0.479054,0.390857,0.429655,0.404728,-1.448554,0.953183,0.994762,-0.770415,-1.887199,1.088679,-1.198592,-1.716516,1.121066,0.376546,0.595079,-0.813428,0.726496,0.269186,97.361113,1.300731,-1.550424,0.685058,0.470699,1.815805,-1.071302,-1.074267,0.619386,0.431414,0.434251,0.159342,0.927375,1.196807,-1.083650,0.811865
-0.203880,0.631433,2.577477,0.164430,0.523076,0.579872,-1.355086,0.470894,1.031516,0.179277,0.387683,0.463488,0.908491,1.597230,0.528789,0.393608,0.283621,0.630174,-1.554689,0.953183,0.114354,-0.576484,-1.972546,0.351772,-1.198592,-1.716516,1.179214,0.367687,-0.508480,-0.703293,0.726496,0.504955,743.144492,1.393528,-1.465193,0.159731,0.340426,1.918474,-0.475295,0.219712,0.263579,0.296866,0.466209,0.491649,0.927375,1.139112,-1.083650,0.811865
-0.984137,0.703628,2.740025,0.378770,0.582514,0.623159,-1.371168,0.711004,0.793039,0.244356,0.477985,0.703996,1.118699,0.924359,0.470926,0.318476,0.329955,1.591209,-1.555810,0.762599,0.027327,-0.576484,-1.976678,0.161707,-1.087649,-0.645328,1.179214,0.296605,-1.155275,-0.724429,0.177246,0.507424,1021.918212,1.282298,-1.376510,0.198114,0.274579,2.115301,-0.889995,-0.741964,0.509501,0.195818,0.414105,0.575330,1.732870,1.420341,-1.149420,0.506256
-0.984137,0.716287,1.175102,0.343691,0.691916,0.494917,-1.412112,0.721156,1.264251,0.299714,0.739050,0.658168,1.118699,0.924359,0.412363,0.336808,0.340929,1.591209,-1.620268,0.954900,1.174654,-0.807298,-1.636879,1.150559,-1.087649,-0.645328,1.072073,0.277048,-1.155275,-1.045708,0.177246,0.892196,459.440725,1.443715,-1.443950,0.741746,0.358949,2.097943,-1.124462,-1.121662,0.783259,0.188947,0.383132,0.867316,1.732870,1.420341,-1.149420,0.506256
-0.346129,0.604545,1.054378,0.345899,0.744735,0.472995,-1.301119,0.347537,1.264251,0.613108,0.572269,0.710900,1.320266,2.126274,0.501880,0.688125,0.695464,0.961785,-1.508403,1.008186,1.174654,-1.248997,-1.916786,1.150559,-1.486040,-2.178838,1.072073,0.457825,0.462066,-1.045708,1.560771,0.332913,315.673901,1.413460,-1.599008,0.791613,0.580555,1.713087,-1.124462,-1.120667,0.679811,0.558180,0.540264,0.222019,2.446236,1.351769,-1.847694,1.174446
-0.346129,0.622216,3.018504,0.294820,0.578449,0.602244,-1.256258,0.378822,0.882024,0.486959,0.458056,0.721967,1.320266,2.126274,0.576281,0.685122,0.577618,0.961785,-1.464841,0.991529,0.228511,-0.874859,-2.168922,0.893619,-1.486040,-1.511186,1.400429,0.462342,-0.428258,-0.752307,1.560771,0.634985,952.731139,1.327247,-1.524936,0.218223,0.368541,1.880915,-0.730961,0.088476,0.280742,0.471499,0.645553,0.441612,2.446236,1.351769,-0.655949,0.718555
-1.048704,0.660686,2.453089,0.382461,0.591607,0.678327,-1.148952,0.657783,0.874343,0.239856,0.542004,0.814921,1.149600,0.937766,0.481028,0.336570,0.367631,1.852776,-1.075451,0.824490,0.209879,-0.874859,-2.147131,-0.005614,-1.128068,-0.782008,1.400429,0.386643,-1.084926,-0.885533,0.177730,0.572411,996.530774,0.822539,-1.483542,0.204126,0.314270,1.607101,-0.924742,-0.931882,0.554241,0.206430,0.607992,0.556488,1.823777,1.547279,-1.186306,0.494731
-1.048704,0.682832,1.030008,0.351769,0.704190,0.751781,-1.308444,0.656590,1.145981,0.321924,0.759255,0.759255,1.149600,0.937766,0.462178,0.355813,0.383521,1.852776,-1.519648,1.054121,1.121998,-1.065785,-1.717097,1.134313,-1.128068,-0.782008,1.172493,0.302250,-1.084926,-1.163861,0.177730,0.888107,380.850139,1.328690,-1.632860,0.755153,0.380292,0.512604,-1.147058,-1.140174,0.739598,0.217655,0.567764,0.812210,1.823777,1.547279,-1.186306,0.494731
0.091074,0.536739,1.160065,0.288366,0.726978,0.537690,-1.386561,0.235130,1.145981,0.614874,0.577808,0.533301,1.265355,2.022109,0.503289,0.576127,0.541279,0.669665,-1.598390,0.952216,1.121998,-1.069185,-1.056819,1.134313,-1.395149,-2.094466,1.172493,0.444018,0.238496,-1.163861,1.687711,0.382534,307.016719,1.403197,-1.674146,0.772462,0.547856,1.472877,-1.147058,-1.035460,0.573848,0.538804,0.559441,0.265205,1.229860,1.377227,-1.640319,0.967324
0.091074,0.557590,2.798660,0.237139,0.533593,0.571769,-1.379491,0.387163,0.680520,0.394473,0.560131,0.455379,1.265355,2.022109,0.533386,0.524866,0.379733,0.498217,-1.403965,0.952216,0.051664,-1.209389,-1.827560,0.729962,-1.395149,-1.677977,1.280835,0.403384,-0.626078,-0.503888,1.687711,0.545797,857.220181,1.251613,-1.559416,0.178189,0.244697,2.214576,-0.537888,0.188874,0.204548,0.409348,0.627104,0.397594,1.229860,1.377227,-0.476193,0.034021
-0.733510,0.620104,2.081937,0.312535,0.567493,0.553966,-1.416444,0.634795,0.443700,0.202755,0.532366,0.641869,1.052784,0.875308,0.443621,0.215106,0.335210,1.204857,-1.576454,0.928951,0.303774,-1.209389,-1.830786,0.026759,-1.098864,-0.494633,1.280835,0.265364,-1.084029,-0.875164,0.154339,0.550505,818.191351,1.434418,-1.405872,0.177920,0.280919,2.010147,-0.692510,-0.895117,0.524838,0.182381,0.507424,0.459506,1.615698,1.430919,-1.159190,0.395296
-0.733510,0.665850,0.401825,0.298629,0.670632,0.719072,-1.295707,0.615545,0.899468,0.275006,0.809951,0.669295,1.052784,0.875308,0.385163,0.258921,0.330077,1.204857,-1.466419,1.111751,0.985399,-0.922812,-1.551541,1.063222,-1.098864,-0.494633,1.014946,0.247107,-1.084029,-1.184562,0.174523,0.857516,137.679302,1.330552,-1.520620,0.721202,0.351577,0.386611,-1.072775,-1.070708,0.700851,0.195188,0.461600,0.753742,1.615698,1.430919,-1.159190,0.395296
-0.284566,0.607652,0.389803,0.220415,0.683439,0.394220,-1.363736,0.407979,0.899468,0.422831,0.592515,0.632512,1.004687,1.039031,0.421342,0.369234,0.512866,0.721500,-1.514110,0.966251,0.985399,-1.568153,-1.747414,1.063222,-1.380955,-1.867587,1.014946,0.673846,-0.014956,-1.184562,1.306174,0.269422,103.317270,1.404514,-1.609093,0.726126,0.567589,1.575847,-1.072775,-1.016453,0.624591,0.397349,0.616817,0.258583,1.875215,1.279819,-1.382547,1.052574
-0.284566,0.597526,3.142469,0.124724,0.486649,0.494927,-1.408203,0.453986,0.636226,0.164568,0.354157,0.715752,1.004687,0.878086,0.533869,0.252180,0.295246,1.053414,-1.531324,0.936630,0.122352,-1.111978,-1.925285,0.027101,-0.596064,-1.441719,1.534705,0.598733,-0.575748,-0.789900,0.094840,0.439769,889.214543,1.412350,-1.387632,0.158548,0.320312,1.766798,-0.465358,0.343798,0.187475,0.193487,0.811403,0.369763,1.875215,1.071268,-0.929125,0.132748
-0.815607,0.646188,2.719834,0.159727,0.533637,0.378473,-1.382256,0.639736,0.349295,0.196098,0.368727,0.894872,0.915561,0.956329,0.474628,0.376658,0.338818,1.244236,-1.532731,0.951947,-0.001428,-0.909766,-1.928581,-0.278989,-1.167491,-0.463193,1.534705,0.283594,-0.827180,-1.188424,0.175661,0.454559,981.941587,1.376768,-1.377050,0.196024,0.243259,2.066533,-1.005469,-1.059058,0.562302,0.175693,0.599781,0.383060,1.688744,1.083976,-1.028498,0.328685
-0.815607,0.702798,0.532688,0.231541,0.659470,0.637515,-1.460687,0.664433,0.975805,0.274130,0.733407,0.809851,0.915561,0.956329,0.354616,0.387188,0.339333,1.244236,-1.674449,0.992462,1.307311,-1.033593,-1.769996,1.352856,-1.167491,-0.463193,0.949772,0.307739,-0.827180,-1.188424,0.175661,0.703846,199.538700,1.541611,-1.414987,0.708076,0.331952,1.496091,-1.112650,-1.377359,0.748465,0.207702,0.379368,0.714775,1.688744,1.083976,-1.028498,0.328685
-0.270982,0.602092,1.431804,0.290647,0.725607,0.513757,-1.254847,0.325392,0.975805,0.447141,0.715308,0.462545,1.217620,2.004990,0.344331,0.562819,0.664345,1.015727,-1.386768,1.123721,1.307311,-1.376695,-1.573452,1.352856,-0.414737,-1.549759,0.949772,0.487296,0.266472,-1.124045,1.444372,0.335539,418.065017,1.270064,-1.588725,0.763757,0.570720,1.396627,-1.112650,-1.105985,0.625920,0.443556,0.435752,0.211931,1.962581,1.054448,-1.219259,1.095474
-0.270982,0.644351,3.318777,0.240035,0.536049,0.651381,-1.435016,0.400692,0.825480,0.198139,0.570019,0.685693,1.217620,2.004990,0.413333,0.395606,0.463725,1.015727,-1.686312,0.913920,0.314506,-1.164579,-1.714369,0.410921,-0.414737,-1.549759,1.149514,0.479590,-0.585330,-1.124045,1.444372,0.426564,1049.527121,1.472041,-1.521670,0.204350,0.334003,1.649058,-0.718837,0.156182,0.251447,0.318864,0.608390,0.428100,1.962581,1.051308,-1.219259,0.478061
-1.102822,0.696018,2.347638,0.205108,0.547048,0.546997,-1.496253,0.690370,0.389199,0.222175,0.381490,0.923240,0.978316,0.830996,0.468429,0.315815,0.297543,1.733059,-1.511071,0.910743,0.013368,-0.865548,-1.739048,-0.003311,-1.027714,-0.550147,1.149514,0.316346,-1.042644,-1.068115,0.142514,0.520203,949.128082,1.380279,-1.371494,0.172815,0.287153,1.465951,-0.767281,-1.006946,0.567175,0.163723,0.564995,0.452632,1.465655,1.227291,-1.070745,0.584984
-1.102822,0.721416,0.648339,0.211475,0.667481,0.690030,-1.434900,0.664171,0.984698,0.299977,0.797103,0.875067,0.978316,0.830996,0.420763,0.333102,0.340417,1.733059,-1.451261,1.050153,1.400172,-0.971697,-1.603453,1.232017,-1.027714,-0.550147,0.964659,0.272346,-1.042644,-1.068115,0.142514,0.856564,290.624714,1.276788,-1.282837,0.719342,0.371400,1.155111,-1.156210,-1.342454,0.779693,0.196095,0.443013,0.782475,1.465655,1.227291,-1.070745,0.584984
-0.219664,0.616082,1.460434,0.244196,0.735438,0.709953,-1.407677,0.263283,0.984698,0.529571,0.778583,0.466686,1.146976,1.453192,0.433359,0.584616,0.695415,1.412415,-1.500094,1.148310,1.400172,-2.146631,-1.660876,1.232017,-0.547038,-1.939613,0.948058,0.546108,0.213451,-1.047713,1.478869,0.272655,430.673361,1.311953,-1.555752,0.775268,0.590208,1.762451,-1.156210,-1.177735,0.648834,0.449943,0.430782,0.223500,2.163551,0.858567,-1.753262,1.268732
-0.219664,0.587614,3.313849,0.232112,0.509165,0.973384,-1.307528,0.375731,0.782995,0.330221,0.505780,0.728526,1.146976,1.453192,0.469519,0.480190,0.463272,1.541079,-1.467931,0.824536,0.145000,-1.163522,-2.204103,0.519581,-0.547038,-0.994211,1.226123,0.497058,-0.642780,-0.994592,1.478869,0.381570,1079.844008,1.349635,-1.410434,0.192641,0.287034,1.805461,-0.744886,0.272301,0.208949,0.288887,0.616879,0.434233,2.163551,0.858567,-0.989036,0.411673
-1.229836,0.644778,2.499129,0.213604,0.525055,0.777193,-1.336941,0.738235,0.468459,0.226141,0.305194,0.787765,0.999892,0.853055,0.471034,0.393961,0.372588,1.541079,-1.378102,0.896132,0.075360,-1.155250,-2.245413,-0.199957,-1.208387,-0.615290,1.226123,0.277551,-0.860847,-1.260955,0.144806,0.451330,1010.194521,1.077639,-1.260254,0.175305,0.282083,1.576900,-0.818383,-0.946261,0.543001,0.143332,0.567798,0.407905,1.663271,1.171270,-1.253811,0.385323
-1.229836,0.745200,0.996983,0.247261,0.647819,0.591524,-1.334681,0.749571,1.246233,0.306064,0.580227,0.721417,0.999892,0.853055,0.444090,0.432622,0.403738,1.448805,-1.425615,0.994587,1.183634,-0.905452,-1.581115,1.545960,-1.208387,-0.615290,1.000242,0.252801,-0.860847,-1.260955,0.144806,0.682888,387.976523,1.273956,-1.473639,0.695269,0.365179,0.972982,-1.294033,-1.382480,0.786881,0.198340,0.452278,0.829309,1.663271,1.171270,-1.253811,0.385323
-0.240219,0.568361,1.213310,0.365244,0.717440,0.378501,-1.157296,0.306015,1.246233,0.646642,0.582708,0.436092,1.350157,1.672733,0.415902,0.558782,0.659550,1.058861,-0.961332,0.983019,1.183634,-1.460993,-1.280316,1.545960,-0.439800,-2.729788,0.956027,0.481854,0.349962,-1.344275,1.338593,0.418496,399.676365,1.003206,-1.656626,0.759865,0.535128,1.910605,-1.272940,-1.286915,0.655876,0.446751,0.506954,0.245236,1.873365,1.201514,-1.298993,0.906211
-0.240219,0.594358,3.021436,0.334153,0.515314,0.759969,-1.287279,0.375294,0.965154,0.522420,0.566189,0.540939,1.350157,1.672733,0.488629,0.402571,0.414359,0.976143,-1.223400,0.972035,0.207431,-1.460993,-1.754075,0.479525,-0.439800,-2.729788,1.243480,0.493281,-0.639948,-1.344275,1.338593,0.437982,1001.727917,1.124641,-1.170628,0.215145,0.296414,1.974966,-0.603707,0.003005,0.296085,0.307720,0.509763,0.471502,1.873365,1.201514,-0.574958,0.685891
-1.081439,0.664920,2.391486,0.369977,0.550628,0.535190,-1.347492,0.686378,0.499136,0.210792,0.411830,0.728273,1.057335,0.853078,0.444596,0.255397,0.313849,1.494322,-1.439675,0.860246,0.031675,-0.806977,-1.750040,0.022572,-0.993543,-0.528977,1.243480,0.328643,-1.036678,-0.774702,0.176794,0.522425,965.082953,1.339415,-1.404640,0.196265,0.250814,1.934944,-0.891721,-0.866487,0.540670,0.171595,0.459369,0.448548,1.751525,1.479782,-1.016374,0.345757
-1.081439,0.693023,0.719988,0.362420,0.659836,0.537064,-1.328228,0.675900,1.027879,0.263615,0.700318,0.732149,1.057335,0.853078,0.399554,0.239999,0.310961,1.494322,-1.453592,1.074473,1.026749,-0.784115,-1.791592,1.226654,-0.993543,-0.528977,1.006250,0.285357,-1.036678,-0.973855,0.176794,0.871747,291.717238,1.336435,-1.496431,0.708164,0.326509,1.982542,-1.090091,-1.185452,0.738807,0.183837,0.415698,0.785674,1.751525,1.479782,-1.016374,0.345757
-0.163112,0.634200,0.924747,0.287857,0.703299,0.393284,-1.319732,0.287770,1.027879,0.549523,0.481785,0.633147,1.088666,2.093601,0.413460,0.528451,0.623465,0.789400,-1.485931,1.117279,1.026749,-1.003360,-1.544723,1.226654,-1.220814,-1.800263,1.006250,0.437342,0.161291,-0.973855,1.743759,0.286258,327.411092,1.274221,-1.551451,0.741948,0.541499,1.635954,-1.086222,-1.164366,0.685883,0.530221,0.506413,0.242801,1.645636,1.139278,-1.436520,1.071110
-0.163112,0.696016,2.650973,0.256895,0.534273,0.685257,-1.230352,0.328213,0.707187,0.412326,0.445887,0.524525,1.088666,2.093601,0.469808,0.518123,0.441144,0.589776,-1.174095,1.117279,0.137335,-0.774168,-2.024743,0.642187,-1.220814,-1.050143,1.273681,0.446327,-0.640418,-0.856856,1.743759,0.546779,905.575603,0.940132,-1.393054,0.186703,0.294092,1.765351,-0.672269,0.188090,0.245808,0.431053,0.648489,0.430950,1.645636,1.139278,-1.037368,0.333987
-0.895299,0.712344,1.928887,0.449696,0.576880,0.763297,-1.140755,0.576339,0.638798,0.213990,0.576777,0.546196,1.043378,0.934565,0.434554,0.258643,0.288761,0.484730,-1.267016,1.001474,0.032290,-0.774168,-2.034695,0.642500,-1.029453,-0.732003,1.273681,0.329191,-0.974931,-0.786401,0.201235,0.571555,827.798047,1.175897,-1.328059,0.207090,0.279746,1.859328,-1.085015,-0.923282,0.593673,0.205311,0.567961,0.431794,1.499179,1.305746,-1.129757,0.386261
-0.895299,0.688388,0.428158,0.410334,0.685023,0.842679,-1.234258,0.597352,1.131337,0.265227,0.762943,0.514426,1.043378,0.934565,0.458234,0.354637,0.332533,0.484730,-1.290204,1.059658,0.685283,-0.971665,-1.118135,1.001230,-1.029453,-0.732003,1.223755,0.275113,-0.974931,-1.545629,0.201235,0.831163,168.404422,1.141503,-1.411647,0.737044,0.327000,1.603144,-1.108324,-1.096595,0.719951,0.210535,0.452251,0.806739,1.499179,1.305746,-1.129757,0.386261
-0.388473,0.593014,0.702566,0.314593,0.697307,0.707095,-1.216906,0.398175,1.131337,0.476969,0.617801,0.674394,1.064037,1.399009,0.465696,0.523147,0.564349,0.638853,-1.455769,1.012569,0.685283,-1.037110,-1.626285,0.999589,-1.552944,-1.406519,1.223755,0.478616,0.386954,-1.545629,1.652929,0.270013,226.484118,1.256722,-1.499350,0.739125,0.531896,1.791560,-1.108324,-1.002054,0.620477,0.434376,0.459279,0.222413,1.632283,1.228286,-1.349201,1.031170
-0.388473,0.694697,2.578149,0.260350,0.517262,0.481827,-1.221805,0.432727,0.821231,0.277537,0.483609,0.537314,1.064037,1.399009,0.513219,0.461030,0.447034,0.123076,-1.394503,1.012569,0.098562,-1.037110,-1.772023,0.767466,-1.552944,-1.186097,1.796038,0.482031,-0.511805,-0.634402,1.652929,0.584304,780.131888,1.228024,-1.359587,0.177199,0.304348,1.930625,-0.714865,0.283939,0.262411,0.299316,0.560504,0.420511,1.632283,1.228286,-1.270548,0.593624
-1.089630,0.731761,2.261253,0.359688,0.570220,0.334528,-1.249551,0.694445,0.488809,0.203907,0.385776,0.746196,1.010663,0.873358,0.444651,0.262943,0.325676,1.202797,-1.397257,0.902388,0.022848,-1.003075,-1.783084,-0.113973,-1.099987,-0.495650,1.796038,0.333577,-0.996215,-0.906635,0.197442,0.548076,852.414930,1.247036,-1.304387,0.204526,0.261176,2.084274,-1.067880,-0.994549,0.596007,0.194336,0.443276,0.429000,1.718324,1.351376,-1.125902,0.375217
-1.089630,0.701154,0.558572,0.352490,0.692026,0.625707,-1.174130,0.702720,1.119835,0.301369,0.755974,0.674890,1.010663,0.873358,0.355005,0.304526,0.356560,1.202797,-1.107150,1.068102,1.059242,-1.103194,-1.802760,1.481930,-1.099987,-1.469757,1.426629,0.307356,-0.996215,-1.002638,0.197442,0.889906,217.438894,0.946321,-1.481059,0.743283,0.368229,2.465446,-1.129120,-1.225929,0.747546,0.217927,0.367909,0.796710,1.718324,1.351376,-1.244313,0.850025
-0.278749,0.536313,0.962414,0.328855,0.749256,0.484410,-1.481749,0.353390,1.119835,0.536704,0.484374,0.530194,1.397760,1.995194,0.407512,0.483268,0.586004,1.133574,-1.737851,1.213075,1.059242,-1.372876,-1.756732,1.481930,-1.053554,-1.575372,0.994032,0.472447,0.247817,-1.002638,1.759301,0.443017,293.400928,1.599466,-1.659135,0.787611,0.596754,1.737044,-1.103129,-0.856029,0.524766,0.525301,0.510919,0.266118,1.546298,1.484578,-1.593340,1.481214
-0.278749,0.569862,2.936962,0.130761,0.490779,0.646941,-1.143629,0.396721,0.895149,0.143221,0.370501,0.602619,0.990559,0.374168,0.328631,0.218995,0.259880,0.424247,-0.939654,0.777102,0.171583,-0.934933,-2.172532,0.511781,-0.498193,-0.443862,1.192555,0.387271,-0.959669,-0.811475,0.065377,0.516903,887.317514,0.846974,-1.603141,0.132961,0.253817,1.849881,-0.591299,0.108126,0.270593,0.099545,0.425489,0.537535,1.546298,0.811698,0.101622,-0.129378
-1.280156,0.781055,1.584780,0.345440,0.586656,0.811878,-1.337418,0.832602,1.017305,0.175778,0.536785,0.862842,1.067000,0.597608,0.484819,0.398581,0.365014,1.446895,-1.376331,1.127777,0.733032,-0.986432,-1.293743,1.138789,-0.863644,-0.937570,1.016297,0.287019,-1.635236,-0.517757,0.131605,1.029911,613.016442,1.355516,-1.586702,0.572784,0.295379,1.613336,-1.163361,-1.139709,0.835311,0.153871,0.665090,0.812130,1.549875,1.823402,-1.025482,0.292267
-0.736981,0.441239,3.147709,0.274298,0.412794,0.667054,-1.419530,0.312965,0.922700,0.210180,0.445015,1.020804,1.346044,2.086139,0.484275,0.444740,0.376955,1.196289,-1.670593,0.780071,0.037260,-0.989806,-1.573124,0.564460,-1.925653,-1.931452,1.925548,0.568937,-0.179920,-1.659464,0.967015,0.483357,1361.131256,1.605455,-1.410125,0.217007,0.298758,1.608183,-0.551634,0.043544,0.239458,0.279378,0.869939,0.294335,2.297560,13.194192,-0.572371,0.334823
0.732228,1.194157,0.378716,0.006706,0.244535,0.082339,-0.696447,0.019060,-0.555021,0.003188,0.023424,0.051783,0.258149,-0.042558,0.032209,0.016301,0.004414,-0.234718,-0.810655,0.729498,0.001177,-0.001136,-1.082983,-0.240041,-0.008609,0.309803,0.560098,0.020956,-0.615391,-0.255671,0.047597,0.075789,112.829940,0.948956,-0.952099,0.006009,0.019673,1.678089,-0.308892,1.145863,0.022346,0.001656,0.089099,0.018351,0.112427,0.376832,0.077726,-0.313597
0.753177,1.185611,0.195966,0.002170,0.253985,0.060390,-0.696466,0.030281,-0.523773,0.004859,0.012440,0.128481,0.260565,-0.042915,0.013268,0.015283,0.002299,0.075971,-0.836772,0.709235,-0.004378,0.032039,-0.959818,-0.237481,-0.010824,0.305370,0.487701,0.016044,-0.629094,-0.293117,0.048142,0.061709,62.516434,1.005222,-0.974166,0.003787,0.012918,1.275077,-0.304343,1.145102,0.020573,0.000809,0.047206,0.033060,0.108470,0.296042,0.095055,-0.355902
0.699063,0.730607,0.814123,0.201175,0.389571,0.181195,-1.299008,0.191166,0.519109,0.067382,0.420074,0.143525,0.567000,0.234465,0.029275,0.168215,0.139179,0.308560,-1.521183,0.781369,0.192642,-0.680146,-1.643806,-0.307423,-0.587363,-0.014937,0.516147,0.134535,-0.673103,-0.393183,0.154722,0.309825,279.362628,1.300157,-1.082515,0.111123,0.103039,1.989810,-0.405946,-0.826889,0.641672,0.048386,0.068095,0.322322,0.771208,0.412805,-0.723090,0.027277
0.699063,0.668405,0.571233,0.188069,0.381691,0.166952,-1.261771,0.188523,1.190052,0.074774,0.503339,0.122570,0.567000,0.234465,0.044484,0.202586,0.159613,0.333641,-1.450322,0.835477,0.728525,-0.734029,-1.666301,0.346693,-0.587363,-0.014937,0.561564,0.123762,-0.673103,-0.393183,0.154722,0.250271,192.496902,1.213085,-1.098433,0.316860,0.085588,2.163768,-0.684143,-0.977781,0.731017,0.053449,0.060277,0.637718,0.771208,0.510574,-0.723090,0.027277
0.614172,0.598188,0.160544,0.143656,0.345987,0.127876,-1.358775,0.113686,1.229747,0.182845,0.493736,0.226987,0.543086,0.234465,0.057452,0.127433,0.175746,0.842202,-1.627274,0.835477,1.075461,-1.706304,-1.632495,0.517064,-0.587363,-0.010776,0.581649,0.148019,-0.198095,-0.121960,0.154722,0.298100,48.240227,1.364196,-1.177038,0.366104,0.089985,1.087428,-0.684143,-0.977781,0.507997,0.145911,0.086184,0.444410,0.771208,0.659980,-0.462372,0.022899
-0.085087,0.663430,0.209376,0.189977,0.374430,0.214002,-1.379599,0.322652,1.229747,0.299073,0.515004,0.229693,0.587933,0.721441,0.209623,0.342526,0.320516,0.843768,-1.493565,1.137295,1.075461,-1.706304,-1.615448,0.517064,-0.387243,-0.682987,0.635401,0.183243,0.721563,-0.628806,0.763616,0.183614,60.816689,1.298914,-1.335446,0.400434,0.207782,1.467029,-0.684143,-0.977781,0.714468,0.265801,0.303663,0.154139,0.615802,0.785691,-0.369963,0.363795
0.541571,0.528999,2.023351,0.068836,0.430647,0.414837,-1.092817,0.180090,0.529485,0.043310,0.302484,0.417672,0.693327,-0.026166,0.347544,0.171224,0.031527,0.345787,-1.094500,0.892145,0.052554,-0.320731,-2.168305,0.039888,-0.109895,-0.095166,1.076909,0.353804,-0.613254,-0.593873,0.058742,0.485305,652.290179,1.129063,-1.267067,0.106974,0.171334,1.830013,-0.315690,0.204777,0.178799,0.007935,0.376987,0.349312,0.213676,0.834101,-0.039720,0.134834
-0.724586,0.550102,1.577959,0.325112,0.501739,0.460718,-1.291000,0.617176,0.473330,0.158616,0.508136,0.374721,0.806230,0.890102,0.366580,0.147440,0.174740,0.345787,-1.293483,0.976404,0.000649,-0.320731,-2.213370,-0.070218,-0.873615,-0.294705,1.076909,0.311485,-0.613254,-1.010735,0.132695,0.467531,637.498178,1.114622,-1.204693,0.177193,0.237365,1.826554,-1.167077,-0.928785,0.506190,0.183577,0.450721,0.313055,0.856045,0.870830,-0.996624,0.245403
-0.724586,0.669544,0.355172,0.344139,0.605025,0.721346,-1.360741,0.554544,0.833840,0.265670,0.819909,0.494895,0.806230,0.890102,0.331698,0.172165,0.225585,0.671161,-1.352368,1.013241,0.973793,-1.465938,-2.055387,0.555045,-0.873615,-0.294705,0.900026,0.254795,-0.613254,-1.623366,0.185912,0.869816,131.022403,1.260541,-1.325824,0.643978,0.325032,1.848117,-1.167077,-1.279219,0.711222,0.212779,0.411128,0.522474,0.924019,0.870830,-0.996624,0.245403
0.132185,0.590703,1.427314,0.157517,0.605314,0.456141,-1.359717,0.220336,0.833840,0.382620,0.703882,0.313910,0.803774,1.225809,0.265496,0.272783,0.365550,0.671161,-1.436471,1.233589,0.973793,-1.465938,-1.642274,0.555045,-0.398198,-1.275576,0.900026,0.499969,-0.011017,-1.623366,0.342905,0.104509,423.162389,1.316193,-1.404683,0.638208,0.516456,1.574721,-1.080064,-1.279219,0.669560,0.403054,0.283137,0.252399,0.864389,0.611372,-1.282776,1.096944
0.132185,0.388055,2.735070,0.113839,0.477313,0.340364,-1.461655,0.363664,0.548960,0.204998,0.425443,0.464849,0.803774,1.225809,0.248591,0.243802,0.243240,1.015984,-1.652313,1.233589,0.266361,-1.226838,-2.126923,0.136518,-0.398198,-0.896251,0.802932,0.496031,-0.167170,-0.613610,0.342905,0.206474,803.845359,1.466418,-1.374796,0.120103,0.325734,2.224487,-0.382009,0.249899,0.147456,0.267733,0.322662,0.187007,0.864389,0.492558,-1.196264,1.096944
-0.446508,0.487057,1.549594,0.201593,0.444521,0.539418,-1.281859,0.516558,0.531049,0.154492,0.514117,0.583038,0.765334,0.903458,0.243168,0.226350,0.162839,1.240566,-1.372163,1.011252,0.023472,-0.956204,-2.332845,-0.198036,-0.688024,-0.284594,0.775813,0.337544,-0.270892,-1.186997,0.144721,0.346709,578.426905,1.314529,-1.250908,0.184855,0.291844,2.054133,-0.889226,-1.240327,0.573481,0.133852,0.310128,0.217861,0.701415,0.492558,-0.640707,0.433397
-0.446508,0.682282,0.414088,0.488380,0.438997,0.989495,-1.262744,0.434875,0.786380,0.264743,1.505051,0.745320,0.765334,0.903458,0.229004,0.314578,0.314234,2.195164,-1.366582,1.011252,1.589776,-2.731557,-2.113830,-0.173898,-0.688024,-0.510981,0.781110,0.450381,-0.270892,-1.212923,0.187568,0.446781,140.316708,1.212356,-1.353685,0.486712,0.366374,1.087754,-0.918395,-1.306528,0.658330,0.309282,0.281685,0.380089,0.726498,0.445846,-0.640707,0.433397
0.644146,0.537146,2.455168,0.592794,0.259415,0.530783,-1.033380,0.156363,0.760720,0.210929,1.553069,0.573869,0.385871,0.787875,0.154228,0.467393,0.353902,2.195164,-1.152494,0.832813,1.571969,-2.731557,-1.476010,0.641521,-0.100759,-0.510981,0.591004,0.515365,0.126376,-1.212923,0.238406,0.103673,705.290143,1.096592,-1.220943,0.218769,0.201774,1.976935,-0.588013,-0.180382,0.186330,0.271204,0.567593,0.165496,1.617566,0.192122,-0.534684,0.153395
0.600253,0.540359,1.274885,0.027097,0.183090,0.527730,-0.993411,0.144657,0.556745,0.018615,0.190065,0.635914,0.245901,-0.033781,0.132246,0.063409,0.016473,1.409715,-1.005108,0.766100,0.012199,-0.799053,-1.470009,0.153108,-0.023839,0.170186,0.561788,0.131164,0.403255,-0.409269,0.054055,0.060370,410.980540,0.930482,-1.340317,0.053581,0.060092,1.567196,-0.307980,0.445305,0.057049,0.003433,0.442746,0.039822,0.144251,0.192122,-0.307568,-0.091008
0.317106,0.447313,0.281564,0.085368,0.285419,0.216884,-1.231675,0.355950,0.922879,0.088526,0.372881,0.391351,0.540073,0.038722,0.096690,0.099020,0.064909,0.269740,-1.315817,0.824431,0.402612,-0.482829,-1.309049,-0.087873,-0.054688,0.135367,0.522760,0.115631,0.412509,-0.480349,0.144484,0.301690,89.177060,1.315261,-1.238267,0.156699,0.115699,1.181180,-0.298835,0.019322,0.255752,0.058111,0.115581,0.180234,0.328428,0.107326,-0.180022,0.033540
0.592772,1.000283,1.367889,0.028005,0.214899,0.428552,-0.910312,0.121018,0.401060,0.030811,0.063490,0.504478,0.303598,-0.036197,0.139390,0.030919,0.010492,1.035336,-0.971001,0.732062,0.007994,-0.309472,-1.127715,-0.114815,-0.017105,0.148901,0.610036,0.083566,-0.102351,-0.344566,0.051565,0.100120,469.326215,1.027415,-1.286546,0.038116,0.036913,1.197946,-0.331847,0.774663,0.178355,0.002868,0.142741,0.185708,0.134841,0.033349,0.043674,-0.218000
0.424454,1.232337,0.566382,0.003679,0.239282,0.045798,-0.834058,0.028780,-0.071953,0.002271,0.020621,0.070316,0.243912,-0.040985,0.015958,0.011592,0.003229,-0.145416,-0.977675,0.707961,-0.003686,0.012583,-1.066708,-0.215262,-0.010517,0.289638,0.449663,0.019751,-0.171311,-0.222145,0.049862,0.028082,145.820286,1.076301,-1.148831,0.001910,0.006716,2.105161,-0.302579,1.207947,0.014563,0.000665,0.051858,0.026990,0.108846,0.141177,0.070112,-0.326484
0.861860,0.783104,0.539932,0.097605,0.292461,0.223326,-1.285114,0.166439,0.433732,0.039453,0.217001,0.224938,0.335150,0.148851,0.087199,0.109534,0.105543,0.652106,-1.484919,0.777164,0.159746,-0.346243,-1.441250,-0.069415,-0.207111,0.135979,0.573577,0.089540,0.026596,-0.185830,0.131952,0.125935,152.932173,1.408801,-1.441637,0.036285,0.056093,1.883213,-0.358180,0.679648,0.047908,0.034058,0.096011,0.113636,0.427056,0.257403,0.068241,-0.122772
-0.842601,0.753163,3.208535,0.303338,0.501856,0.365107,-1.178929,0.842303,0.014812,0.170509,0.335562,0.286154,0.936407,0.791810,0.275244,0.151316,0.210909,0.132207,-1.351730,0.742100,0.018042,-0.169790,-1.476031,0.301876,-0.807162,-0.360796,0.988998,0.195469,-1.109403,-0.280559,0.204471,0.362321,1216.444653,1.282855,-1.443958,0.169083,0.220684,2.102235,-0.866842,-0.777353,0.532647,0.172046,0.251986,0.363927,1.033460,1.018846,-1.034119,0.414699
-0.842601,0.664623,0.514683,0.296987,0.625543,0.388123,-1.280971,0.652566,1.310614,0.285596,0.708337,0.343976,0.936407,0.791810,0.320181,0.228360,0.246415,0.557518,-1.427657,0.904102,1.043198,-0.723609,-1.552201,1.261670,-0.807162,-0.629669,0.988998,0.215581,-1.109403,-0.681019,0.204471,0.592727,233.034346,1.239757,-1.355913,0.673932,0.276767,1.768963,-1.102490,-1.071019,0.715763,0.201526,0.291326,0.912339,1.033460,1.018846,-1.034119,0.414699
-0.341180,0.584600,0.313379,0.262249,0.670302,0.436143,-1.390342,0.341332,1.310614,0.530181,0.555810,0.596528,0.952031,2.028491,0.358082,0.384081,0.405171,0.893813,-1.482129,0.956604,1.043198,-0.957026,-1.961585,1.261670,-1.055135,-0.864758,0.906534,0.327366,0.399079,-0.681019,1.484326,0.334396,87.602962,1.279462,-1.614268,0.712328,0.447974,1.279421,-1.093785,-0.942032,0.576488,0.471430,0.338420,0.259963,1.171133,1.096116,-1.108423,0.769067
-0.341180,0.704887,2.555944,0.155828,0.487610,0.516698,-0.488568,0.475619,0.915900,0.105944,0.308661,0.500563,0.877106,2.028491,0.404239,0.206655,0.215914,0.333640,-0.333221,0.956604,0.085275,-0.957026,-2.037446,0.210327,-0.305419,0.041105,1.217726,0.324695,-0.713651,-0.657703,0.109168,0.492876,763.186406,0.242386,-1.449497,0.137962,0.210470,1.735883,-0.640022,0.223814,0.278941,0.225632,0.362046,0.512884,1.171133,0.742218,0.151669,-0.043258
-0.978866,0.734952,2.455467,0.318282,0.557885,0.468063,-1.420204,0.752143,0.428594,0.189188,0.424994,0.630251,0.976222,0.706350,0.353091,0.231791,0.275456,1.384048,-1.587387,0.829467,0.030424,-0.450704,-1.549598,-0.041008,-0.985953,-0.478971,1.217726,0.231746,-1.116528,-0.657703,0.128782,0.573866,937.084862,1.345483,-1.417360,0.170763,0.220019,1.802292,-0.811473,-0.826087,0.565701,0.167185,0.471197,0.466571,1.360904,1.480925,-1.038206,0.367193
-0.978866,0.663598,0.652660,0.282547,0.652007,0.616015,-1.325132,0.730373,1.129012,0.245940,0.655174,0.597286,0.976222,0.706350,0.300939,0.264643,0.274354,1.384048,-1.468558,1.029616,1.077188,-0.633279,-1.491895,1.147417,-0.985953,-0.478971,1.034952,0.220645,-1.116528,-1.020578,0.139417,0.860066,266.097731,1.309434,-1.374280,0.700407,0.278034,1.393115,-1.078000,-1.056583,0.702377,0.177484,0.484139,0.871580,1.360904,1.480925,-1.038206,0.367193
-0.252888,0.613890,0.525444,0.337832,0.721714,0.456893,-1.247287,0.293115,1.129012,0.537241,0.624079,0.431529,1.181575,2.121511,0.429597,0.399600,0.529321,0.604775,-1.301829,1.029428,1.077188,-1.180651,-1.456820,1.147417,-0.917458,-1.676910,1.034952,0.434157,0.287439,-1.020578,1.744520,0.326592,139.398743,1.277478,-1.492196,0.762163,0.530343,1.204444,-1.078000,-0.952165,0.647531,0.558766,0.519248,0.248495,1.372419,1.255876,-1.340235,1.160048
-0.252888,0.631494,2.883945,0.283173,0.527695,0.472984,-1.073588,0.427555,0.858026,0.352636,0.610252,0.279035,1.181575,2.121511,0.458842,0.391328,0.379876,0.164641,-1.023674,0.993862,0.143406,-1.180651,-1.819780,0.770428,-0.917458,-0.791379,1.193023,0.397050,-0.590577,-0.766053,1.744520,0.548056,931.516777,1.158483,-1.605485,0.180802,0.259639,2.041926,-0.722468,0.101606,0.269851,0.419482,0.474221,0.445512,1.372419,1.250868,-1.160201,0.321797
-1.093843,0.685704,2.367905,0.359377,0.575660,0.476405,-1.409171,0.690318,0.555541,0.212761,0.525416,0.606847,1.079074,0.871055,0.392677,0.269132,0.309651,1.359276,-1.539567,0.799404,0.085934,-0.722172,-1.833482,0.226811,-1.010457,-0.568988,1.193023,0.333260,-1.036677,-0.766262,0.215407,0.524725,990.576370,1.362008,-1.510519,0.189448,0.271726,1.938041,-0.889886,-0.766518,0.523806,0.205635,0.369435,0.473743,1.340513,1.309577,-1.184396,0.406467
-1.093843,0.687523,0.720680,0.329796,0.677231,0.454942,-1.336450,0.676801,1.051034,0.285725,0.689142,0.636849,1.079074,0.871055,0.409064,0.307087,0.323958,1.359276,-1.375348,1.019049,1.028002,-1.029328,-1.546369,1.077794,-1.010457,-0.568988,1.145381,0.320904,-1.036677,-1.200164,0.215407,0.901906,304.325660,1.280027,-1.409114,0.723932,0.345506,1.669914,-1.129842,-1.076808,0.747603,0.211095,0.383574,0.791371,1.340513,1.309577,-1.184396,0.406467
-0.090828,0.569186,0.873396,0.303037,0.698319,0.496516,-1.456809,0.260100,1.051034,0.542188,0.502697,0.522167,1.087376,1.970925,0.505785,0.419229,0.460000,0.569554,-1.640249,1.192108,1.028002,-1.107046,-1.292564,1.077794,-0.941755,-1.877855,1.145381,0.473516,0.391784,-1.200164,1.120416,0.315199,267.203673,1.367707,-1.596942,0.740415,0.536971,1.577763,-1.129842,-1.076808,0.638418,0.508797,0.635069,0.203054,1.462169,1.224492,-1.702283,0.987031
-0.090828,0.602758,2.487313,0.225040,0.547431,0.562794,-1.572176,0.382199,0.827082,0.348688,0.534488,0.489796,1.087376,1.970925,0.555560,0.415786,0.337641,0.329910,-1.822005,1.192108,0.143315,-1.107046,-1.990751,0.520352,-0.941755,-1.138007,1.355939,0.482907,-0.554172,-1.023663,1.120416,0.554642,821.437558,1.497385,-1.545803,0.175817,0.370508,1.981347,-0.601048,0.141179,0.252008,0.413665,0.681598,0.445553,1.462169,1.224492,-1.022016,0.987031
-0.912458,0.675187,2.102235,0.380177,0.576763,0.579923,-1.130745,0.657086,0.654967,0.235300,0.616940,0.838876,1.126960,1.071304,0.492624,0.371657,0.340718,1.730587,-0.978004,1.041601,-0.008406,-0.753106,-1.962866,-0.080662,-1.712896,-0.762138,1.355939,0.280973,-1.110306,-0.925003,0.220673,0.594896,839.842047,0.808160,-1.505904,0.195910,0.286499,1.680834,-1.058105,-1.293336,0.613471,0.221690,0.616426,0.506295,1.529681,1.368044,-1.239048,0.455040
-0.912458,0.769754,0.564905,0.329221,0.703446,0.712841,-1.240708,0.635415,1.108045,0.329552,0.899381,0.814343,1.126960,1.071304,0.421631,0.399736,0.367931,1.730587,-1.311355,1.082100,1.232127,-1.188481,-1.638267,0.883361,-1.712896,-0.847482,1.072591,0.250282,-1.110306,-1.689344,0.228199,0.953896,212.131474,1.185952,-1.537153,0.755413,0.370649,1.366496,-1.126194,-1.507133,0.834160,0.232394,0.569170,0.811132,1.529681,1.368044,-1.239048,0.455040
-0.392191,0.559507,1.063820,0.287452,0.732885,0.571742,-1.276018,0.342447,1.108045,0.448423,0.709502,0.682538,1.174976,2.062290,0.449568,0.481577,0.453441,0.964105,-1.450514,1.081420,1.232127,-1.431662,-1.346970,0.883361,-1.209231,-2.322816,1.072591,0.620442,0.140999,-1.689344,1.090889,0.325830,273.183321,1.292913,-1.536419,0.781084,0.580574,1.978945,-1.126194,-1.111450,0.596040,0.428031,0.540088,0.282179,1.669890,1.105329,-1.645256,0.958865
-0.392191,0.565871,3.439749,0.237056,0.505586,0.628238,-1.281853,0.455118,0.779436,0.156714,0.604207,0.740687,1.174976,2.062290,0.516249,0.399829,0.270090,0.964105,-1.373773,0.764558,0.196739,-1.235832,-2.006719,0.113387,-0.724869,-1.013096,1.347713,0.560094,-0.744139,-0.847640,0.185763,0.491798,920.234223,1.195708,-1.441205,0.200045,0.279944,2.018201,-0.548792,0.217969,0.268153,0.233927,0.642758,0.470379,1.452931,1.076521,-0.916653,-0.141219
-1.147587,0.691469,3.030741,0.265828,0.532309,0.658553,-1.336155,0.772892,0.425418,0.252785,0.500337,0.886441,1.096027,0.830702,0.455258,0.424983,0.448370,2.053808,-1.215169,0.849994,0.173332,-1.044756,-2.011400,-0.281721,-1.512291,-0.633691,1.347713,0.274015,-1.314435,-0.950975,0.202550,0.560615,1050.735368,1.004515,-1.406409,0.190570,0.304265,1.979168,-0.739810,-0.980143,0.557825,0.152232,0.521034,0.540728,1.921128,1.500374,-1.122625,0.652408
-1.147587,0.719222,0.827035,0.278809,0.699533,0.968529,-1.197078,0.693124,1.209240,0.342476,0.721832,0.848946,1.096027,0.830702,0.357762,0.408163,0.450264,2.053808,-1.151315,1.024040,1.334920,-1.116941,-1.767715,1.474442,-1.512291,-0.633691,0.859505,0.305913,-1.314435,-1.328002,0.202550,0.741052,322.344726,1.073282,-1.367831,0.757253,0.405055,1.585008,-1.237098,-1.238704,0.783431,0.188492,0.455908,0.931093,1.921128,1.500374,-1.122625,0.652408
-0.497851,0.537227,1.102877,0.342997,0.807549,0.531632,-1.286422,0.330732,1.209240,0.539007,0.596467,0.668261,1.446059,1.752980,0.395401,0.527965,0.746468,1.382287,-1.441695,1.231675,1.334920,-2.168999,-1.743825,1.474442,-0.633764,-2.500366,0.859449,0.558601,0.264118,-1.328002,1.605869,0.310808,353.228245,1.367434,-1.582491,0.852170,0.635444,1.859495,-1.237098,-0.933254,0.593161,0.479148,0.435627,0.272887,2.799660,1.069894,-1.675036,1.434520
-0.497851,0.503000,3.068150,0.314443,0.521906,0.758766,-0.974246,0.465004,0.979666,0.344870,0.583352,0.622674,1.446059,1.752980,0.505652,0.430098,0.549987,0.870496,-1.163042,1.107788,0.320476,-1.372226,-1.921316,0.694251,-0.633764,-2.500366,1.292751,0.541808,-0.636072,-1.673204,1.605869,0.493197,1040.668301,1.090719,-1.537326,0.235687,0.300531,1.842383,-0.882230,-0.001195,0.285470,0.314980,0.569782,0.461878,2.799660,1.069894,-1.218831,0.211756
-1.255275,0.619999,2.394531,0.210813,0.514348,0.672422,-1.085437,0.774865,0.460141,0.200190,0.302767,0.804421,0.923749,0.800664,0.557363,0.340491,0.318770,1.944708,-0.767170,0.831672,0.026260,-0.939936,-1.938598,-0.098187,-1.113095,-0.636509,1.292751,0.340842,-1.170003,-1.673204,0.145264,0.515801,1017.032393,0.591108,-1.444891,0.176870,0.287360,1.922986,-0.751623,-0.846445,0.513137,0.158785,0.618693,0.497064,1.400551,1.360549,-1.087690,0.497007
-1.255275,0.688221,0.862874,0.212435,0.650071,0.770375,-1.298191,0.693316,1.132153,0.289579,0.666934,0.832882,0.923749,0.800664,0.482783,0.347235,0.348835,1.944708,-1.395892,1.011555,1.387805,-0.973297,-1.487902,1.322099,-1.113095,-0.636509,0.968865,0.258346,-1.170003,-1.049208,0.145264,0.826721,347.163986,1.166627,-1.445736,0.704390,0.373268,1.525073,-1.170219,-1.202721,0.748358,0.194884,0.490825,0.854149,1.400551,1.360549,-1.087690,0.497007
-0.043750,0.592710,1.205542,0.273581,0.741887,0.582766,-1.383697,0.220232,1.132153,0.515933,0.648040,0.599462,1.143773,1.414725,0.395110,0.529500,0.658210,1.365691,-1.618933,1.068757,1.387805,-1.859107,-1.624033,1.322099,-0.489105,-1.644144,0.952561,0.545281,0.204640,-1.005674,1.172266,0.295263,345.778618,1.406423,-1.529781,0.780218,0.584149,1.550501,-1.170219,-1.123717,0.647507,0.471004,0.437824,0.262976,2.159859,0.791425,-1.543097,1.034216
-0.043750,0.560319,3.528577,0.273938,0.524315,0.813276,-1.428287,0.366530,0.873950,0.367947,0.564288,0.698696,1.143773,1.414725,0.496318,0.430984,0.452089,1.365691,-1.664668,0.956120,0.311567,-1.005011,-2.040944,0.421851,-0.489105,-0.797659,1.308479,0.532424,-0.642354,-1.003762,1.172266,0.389474,1083.137155,1.479189,-1.584900,0.213034,0.327297,1.694415,-0.694880,0.200913,0.238218,0.315390,0.613974,0.451734,2.159859,0.791425,-1.227007,0.450113
-1.108438,0.639638,2.583192,0.192501,0.527983,0.748854,-1.431352,0.714852,0.590783,0.220467,0.310722,0.797625,0.988018,0.770839,0.464386,0.341648,0.364580,1.327271,-1.489811,0.899968,0.083386,-1.010258,-2.050299,-0.186476,-1.240603,-0.595587,1.308479,0.278440,-1.023941,-0.837373,0.171629,0.448095,1028.492929,1.276079,-1.476681,0.186031,0.290767,1.617310,-0.765473,-0.984211,0.544868,0.149822,0.582037,0.477397,1.491389,1.202481,-1.246311,0.426549
-1.108438,0.749819,0.759571,0.220002,0.654693,0.565804,-1.403501,0.663772,1.253052,0.291985,0.595216,0.708754,0.988018,0.770839,0.377709,0.331002,0.362861,1.208869,-1.519561,1.071703,1.256862,-1.010258,-1.803025,1.295683,-1.240603,-0.595587,0.882537,0.250251,-1.023941,-0.861588,0.171629,0.731195,293.690771,1.353262,-1.370231,0.707907,0.368641,1.844700,-1.165224,-1.325139,0.804602,0.183760,0.456162,0.858578,1.491389,1.202481,-1.246311,0.426549
-0.195482,0.638528,0.708823,0.245315,0.718974,0.409989,-1.272287,0.267862,1.253052,0.578077,0.538516,0.497434,1.155214,1.780057,0.387558,0.466478,0.581992,0.971533,-1.443709,1.013483,1.256862,-1.546612,-1.562714,1.295683,-0.365742,-1.499608,0.882537,0.433397,0.390787,-0.861588,1.740422,0.349390,199.276128,1.314798,-1.630804,0.756536,0.560175,0.909518,-1.165224,-1.245142,0.694512,0.491163,0.422651,0.258854,1.664586,1.202161,-1.343377,1.109593
-0.195482,0.679390,2.859600,0.232365,0.531881,0.604844,-1.367438,0.405994,0.806022,0.443634,0.477778,0.509576,1.155214,1.780057,0.469345,0.386075,0.360793,0.969434,-1.419406,0.999194,0.288970,-0.950164,-2.082704,0.457800,-0.365742,-1.499608,1.209478,0.410439,-0.655940,-0.824680,1.740422,0.497112,861.902000,1.363659,-1.544596,0.186984,0.318750,1.862223,-0.836559,0.202291,0.253024,0.371558,0.530950,0.456288,1.664586,1.202161,-0.909667,0.545203
-0.921396,0.717800,2.466192,0.312136,0.573569,0.682334,-1.450986,0.674518,0.696150,0.220427,0.459204,0.673226,1.070238,0.860909,0.402836,0.312287,0.351414,1.393333,-1.587259,0.892680,0.014019,-0.950164,-2.070495,-0.069287,-1.115976,-0.534359,1.209478,0.266590,-1.055726,-0.788253,0.166095,0.474239,957.928434,1.426007,-1.385942,0.191510,0.278928,1.876243,-0.861731,-0.890116,0.544629,0.187479,0.491903,0.487836,1.742198,1.211940,-1.160925,0.387141
-0.921396,0.712061,0.535469,0.293746,0.669580,0.428759,-1.476207,0.666297,1.161794,0.277973,0.628033,0.643069,1.070238,0.860909,0.381336,0.292339,0.351356,1.393333,-1.685972,1.064628,1.164483,-0.911579,-1.641962,1.240725,-1.115976,-0.534359,1.092619,0.217160,-1.055726,-0.904840,0.168189,0.819418,218.144401,1.479822,-1.360916,0.718779,0.355418,1.507586,-1.077191,-1.137979,0.773588,0.190722,0.380068,0.835385,1.742198,1.211940,-1.160925,0.387141
-0.428102,0.629674,1.120415,0.361803,0.722551,0.418674,-1.516394,0.324653,1.161794,0.677357,0.413439,0.455460,1.226935,2.079468,0.457941,0.687307,0.610547,0.615609,-1.704905,1.109444,1.164483,-1.091361,-1.832301,1.240725,-1.018741,-2.060649,1.092619,0.476811,0.347707,-0.965980,1.692426,0.327644,348.773759,1.512620,-1.520689,0.764297,0.567045,1.777864,-1.077191,-1.099588,0.685695,0.554955,0.476510,0.230210,1.690495,0.972030,-1.510975,1.295027
-0.428102,0.681105,2.462471,0.306474,0.559957,0.643012,-1.403243,0.377091,0.825474,0.546348,0.404635,0.445481,1.226935,2.079468,0.474855,0.674423,0.465752,0.567257,-1.188508,1.109444,0.186322,-0.741161,-1.836530,0.936779,-1.018741,-1.315852,1.215520,0.486724,-0.584513,-0.965980,1.692426,0.564338,822.804163,1.120084,-1.512695,0.202590,0.306012,1.721571,-0.688799,0.106814,0.264321,0.441825,0.590616,0.445992,1.690495,0.972030,-0.900247,0.505946
-0.724968,0.689074,1.618660,0.431753,0.591364,0.670364,-1.499693,0.517758,0.787355,0.209859,0.686392,0.538288,1.057439,0.861693,0.430869,0.290302,0.282307,0.928813,-1.520124,0.904116,0.026256,-0.685299,-1.836128,0.607964,-1.076365,-0.862086,1.215520,0.365595,-1.058425,-0.846048,0.230810,0.552172,696.952194,1.488209,-1.363811,0.200218,0.291243,1.698413,-1.106470,-0.826592,0.558885,0.218833,0.573322,0.492941,1.467201,1.229094,-1.124828,0.402807
-0.724968,0.700764,0.362929,0.377363,0.684208,0.709098,-1.435040,0.539565,1.314771,0.267250,0.815716,0.583684,1.057439,0.861693,0.489342,0.404523,0.335985,0.928813,-1.535901,1.104045,0.745686,-0.720462,-1.704675,1.021133,-1.076365,-0.862086,1.687631,0.304885,-1.058425,-1.531071,0.233500,0.816635,163.651244,1.424846,-1.618760,0.737941,0.338385,1.515477,-1.109407,-1.104645,0.726979,0.222572,0.545465,0.868422,1.467201,1.229094,-1.124828,0.402807
-0.591401,0.640482,0.557338,0.331445,0.684850,0.650691,-1.276191,0.419413,1.314771,0.502811,0.630633,0.720234,0.976640,1.981275,0.539852,0.600332,0.523621,0.525249,-1.321580,0.989087,0.745686,-1.060587,-1.678234,1.021133,-1.611423,-1.802437,1.602379,0.523832,0.330541,-1.531071,1.560369,0.263026,169.953029,1.270587,-1.577988,0.725354,0.538356,1.887539,-1.109407,-1.062563,0.673058,0.449573,0.481266,0.290989,2.053050,1.111831,-1.238414,1.081729
-0.591401,0.751823,2.816625,0.245459,0.515251,0.446903,-1.235210,0.502834,0.837466,0.135765,0.444789,0.616822,0.976640,1.981275,0.543080,0.488429,0.374304,0.441808,-1.212228,0.989087,0.076196,-1.060587,-1.865614,0.352192,-1.611423,-1.620105,1.294135,0.504029,-0.609440,-0.815616,1.313877,0.547983,823.664476,1.250025,-1.478568,0.160068,0.295808,2.127896,-0.675163,0.360542,0.251343,0.312765,0.517821,0.448599,2.053050,1.089016,-0.833728,0.484512
-0.991652,0.768748,2.544700,0.372516,0.578309,0.416213,-1.163298,0.684632,0.467591,0.211801,0.443735,0.651144,1.010279,0.971357,0.431756,0.261633,0.335413,1.043145,-1.036662,0.921032,0.026733,-0.910804,-1.876349,-0.124963,-1.007166,-0.512646,1.294135,0.314276,-1.052020,-0.842214,0.219290,0.532990,968.805419,0.969374,-1.334681,0.200662,0.266257,2.128846,-0.963935,-0.929222,0.595685,0.207225,0.470831,0.454411,1.676077,1.394579,-1.177773,0.478515
-0.991652,0.707354,0.587338,0.343673,0.701248,0.565012,-1.301945,0.679173,1.106110,0.293309,0.773559,0.635321,1.010279,0.971357,0.410602,0.271263,0.335540,1.043145,-1.437361,1.060906,1.071770,-0.895140,-1.830815,1.055513,-1.007166,-0.512646,1.184391,0.265498,-1.052020,-1.031775,0.219290,0.929800,243.568014,1.298916,-1.586116,0.752911,0.336139,1.845846,-1.096581,-1.157570,0.766917,0.223918,0.448028,0.819345,1.676077,1.394579,-1.177773,0.478515
-0.775347,0.550842,0.736933,0.329268,0.765028,0.487121,-1.407062,0.453771,1.106110,0.509296,0.633045,0.677664,1.429085,1.961338,0.444063,0.562980,0.579736,0.833275,-1.613818,1.129556,1.071770,-1.426013,-1.111620,1.055513,-1.547112,-2.485029,1.184391,0.621965,0.252068,-1.031775,1.713171,0.458900,219.587747,1.373310,-1.753530,0.810306,0.619295,1.887321,-1.090469,-0.953583,0.575706,0.461798,0.465574,0.268610,1.800446,1.523398,-1.195484,1.113410
-0.775347,0.567426,3.113520,0.212655,0.542825,0.594004,-0.994148,0.533480,1.015699,0.159916,0.461734,0.596307,1.429085,1.961338,0.501183,0.466511,0.393938,0.544664,-0.718780,0.969017,0.151283,-1.232905,-2.122158,0.437904,-0.554128,-1.152537,1.373232,0.569206,-0.812177,-0.999367,0.156578,0.588120,991.964647,0.611121,-1.593469,0.209091,0.395343,1.995725,-0.897052,0.050409,0.282809,0.237840,0.545756,0.518049,1.800446,1.017242,-0.682218,0.952377
-0.889670,0.783893,0.941100,0.295390,0.588692,0.547652,-1.366395,0.694172,0.951037,0.189380,0.629800,0.794369,1.070278,0.631908,0.440134,0.386758,0.335900,1.947115,-1.285571,1.080159,0.884663,-0.962387,-1.654348,1.133768,-0.976532,-0.639937,1.084020,0.239291,-1.488887,-0.693375,0.140593,0.882692,397.223123,1.033387,-1.751505,0.570093,0.295917,1.787084,-1.049397,-1.109103,0.828131,0.166138,0.453004,0.755258,1.296523,1.660183,-0.967637,0.366704
-0.821111,0.473252,3.363596,0.315863,0.441208,0.598519,-1.394415,0.308898,1.187096,0.373403,0.544317,0.663044,1.223378,2.050264,0.355148,0.514309,0.323683,1.118817,-1.323473,1.081416,0.015021,-1.661457,-1.540431,0.433607,-1.344842,-2.547950,0.932608,0.604486,0.167720,-1.701662,1.617147,0.453756,1410.071590,1.177575,-1.375081,0.208971,0.328842,1.814912,-0.667575,0.061675,0.204026,0.258998,0.472116,0.232114,2.203725,1.670348,-1.065566,0.578960
0.567763,1.160187,0.509192,0.004036,0.253869,0.103684,-0.671964,0.036528,-0.287981,0.006585,0.027701,0.088501,0.269684,-0.042397,0.058167,0.014928,0.004248,-0.177459,-0.898133,0.710122,-0.000656,-0.063458,-1.019302,-0.229890,-0.018818,0.235613,0.545202,0.043742,-0.418231,-0.304780,0.048776,0.037143,150.336207,1.104836,-1.146206,0.006912,0.017890,2.035642,-0.303904,1.119390,0.019953,0.001041,0.080213,0.035106,0.114807,0.269907,0.096231,-0.296891
0.663850,1.230180,0.183635,0.005801,0.249526,0.051975,-0.706686,0.033044,-0.349686,0.004081,0.036688,0.037807,0.255508,-0.041500,0.134480,0.015979,0.004216,-0.018120,-0.937794,0.707021,0.005737,0.005521,-0.958278,-0.217596,-0.009484,0.295459,1.565826,0.014244,-0.462183,-0.285322,0.050533,0.087433,57.131153,1.163641,-1.203738,0.005150,0.005264,1.282989,-0.303493,1.204449,0.011585,0.001013,0.025441,0.028842,0.114144,0.337524,0.082249,-0.346420
0.116769,0.843542,1.974822,0.209296,0.410670,0.191813,-1.280248,0.269516,0.524913,0.104599,0.476343,0.153396,0.656270,0.265828,0.097865,0.284087,0.169744,0.267056,-1.479755,0.782776,-0.007597,-0.676058,-1.615320,-0.321232,-0.842707,-0.084492,0.698938,0.153896,-0.559268,-0.624654,0.158489,0.313230,640.572343,1.340261,-1.208617,0.138448,0.159205,2.144346,-0.604944,-0.815029,0.666905,0.058917,0.108712,0.264208,0.920886,0.517861,-0.878210,0.167273
0.116769,0.797917,1.724331,0.210822,0.396565,0.172973,-1.338048,0.299022,1.198520,0.105089,0.524729,0.189533,0.656270,0.265828,0.112600,0.300268,0.196101,0.418017,-1.571805,0.920165,0.548181,-0.732342,-1.653351,0.291176,-0.842707,-0.084492,0.698938,0.153895,-0.559268,-0.624654,0.161642,0.253947,572.000508,1.442925,-1.214017,0.280578,0.157833,2.149118,-0.770115,-1.112628,0.861182,0.069613,0.127861,0.591964,0.920886,0.517861,-0.878210,0.167273
0.116769,0.612626,0.166897,0.174451,0.438700,0.134951,-1.306638,0.256733,1.342855,0.146597,0.545794,0.215010,0.656270,0.265828,0.128430,0.260608,0.170419,0.648144,-1.496764,0.920165,1.208173,-0.732342,-1.759379,0.774720,-0.842707,-0.043450,0.698938,0.206095,-0.425895,-0.624654,0.161642,0.331010,50.370330,1.377607,-1.271246,0.475307,0.137547,1.113569,-0.772741,-1.112628,0.430747,0.105346,0.131915,0.615451,0.920886,0.517861,-0.666663,-0.014809
-0.029906,0.726750,0.167419,0.196868,0.372236,0.123171,-1.314411,0.254407,1.342855,0.361257,0.552403,0.302018,0.758414,1.846665,0.126381,0.287475,0.413083,0.802728,-1.451232,0.920165,1.208173,-1.038932,-1.777097,0.774720,-0.737813,-1.885591,0.652963,0.198950,0.263946,-0.087527,0.806656,0.369653,52.237940,1.315896,-1.291749,0.404181,0.274614,1.204699,-0.780980,-1.112628,0.722564,0.399010,0.157135,0.278454,0.920886,0.850881,-0.629571,0.532372
0.377225,0.664742,2.337943,0.379565,0.250274,0.401556,-0.998382,0.142749,0.583477,0.195455,1.092000,0.403701,0.409691,0.569992,0.111919,0.294341,0.262187,1.135661,-1.052887,0.842563,1.021484,-1.694310,-1.319104,0.355858,-0.135854,-0.292923,0.627380,0.401038,-0.005773,-0.703455,0.180976,0.140696,882.180367,1.104532,-1.416215,0.123007,0.168026,1.963110,-0.631963,0.030060,0.141669,0.190820,0.276818,0.112779,0.931780,0.197298,-0.696529,0.357817
0.601198,1.227588,0.617133,0.023266,0.240069,0.166188,-1.011208,0.033034,-0.172989,0.013589,0.097632,0.254144,0.288216,-0.041771,0.049471,0.010090,0.003091,0.267944,-1.076629,0.725425,-0.007186,-0.089872,-1.138277,-0.142870,-0.023367,0.275459,0.529450,0.058800,-0.247468,-0.293687,0.048961,0.067944,173.998113,1.075470,-1.348781,0.016852,0.045684,1.947310,-0.304638,1.195168,0.016101,0.001343,0.145263,0.021314,0.128884,0.242315,-0.008831,-0.271650
0.880638,1.000176,0.207327,0.037893,0.310526,0.163479,-1.220077,0.197905,-0.244565,0.020255,0.048068,0.244890,0.333696,-0.042943,0.065792,0.032918,0.018676,0.320620,-1.248993,0.730252,0.004842,-0.118763,-1.458398,-0.112187,-0.031568,0.277988,0.664211,0.054073,-0.412518,-0.195904,0.059349,0.148524,69.153773,1.290557,-1.437726,0.008466,0.031415,0.698526,-0.345090,0.945560,0.034241,0.007519,0.242647,0.043830,0.226180,0.779667,0.086255,-0.251599
-0.655411,0.852675,3.144563,0.250731,0.526371,0.275848,-1.190581,0.807518,0.067631,0.172395,0.322592,0.171007,0.950094,0.813750,0.373256,0.219194,0.279897,0.060092,-1.035449,0.732593,0.076670,-0.254180,-1.721676,0.251081,-0.861303,-0.444079,0.928427,0.131733,-1.072096,-0.325863,0.236686,0.369619,1029.014527,0.973156,-1.393154,0.189924,0.240546,2.111018,-0.738674,-0.873806,0.561704,0.189141,0.240176,0.286854,1.295968,0.907000,-1.229299,0.486111
-0.655411,0.778955,0.856015,0.229940,0.651214,0.347081,-1.427453,0.702833,1.620499,0.253927,0.608938,0.213786,0.950094,0.813750,0.430843,0.285434,0.297140,0.400539,-1.587197,0.878856,1.069478,-0.615719,-1.696842,1.013736,-0.861303,-0.444079,1.063796,0.155826,-1.072096,-0.623034,0.236686,0.652426,306.934610,1.323341,-1.435675,0.698905,0.281574,1.324945,-1.097594,-1.191495,0.839054,0.186524,0.363574,1.028019,1.295968,0.907000,-1.229299,0.486111
-0.172030,0.559322,0.856966,0.260119,0.702897,0.569127,-1.413821,0.285999,1.620499,0.491513,0.503908,0.713251,1.060916,1.687119,0.419812,0.344947,0.419822,1.049117,-1.507888,1.120286,1.069478,-1.253876,-1.871660,1.013736,-1.232502,-1.414831,1.063796,0.371579,0.826595,-1.167964,1.252139,0.249952,266.307901,1.334296,-1.653735,0.740522,0.486539,2.085507,-1.097594,-1.190745,0.647983,0.485977,0.538732,0.224520,1.185642,1.300915,-1.148822,1.059009
-0.172030,0.618791,2.856241,0.218279,0.532531,0.634788,-1.374553,0.348380,1.265798,0.304217,0.356077,0.680804,1.060916,1.687119,0.503041,0.350768,0.297750,0.853647,-1.433291,1.120286,0.061198,-1.253876,-2.259589,0.475572,-1.232502,-1.414831,1.404281,0.390371,-0.500241,-1.167964,1.252139,0.564482,856.073514,1.246032,-1.618143,0.190703,0.356498,1.982269,-0.592526,0.054414,0.359892,0.382410,0.524421,0.566438,1.185642,1.300915,-0.732457,1.059009
-1.241475,0.706917,2.645278,0.360095,0.575675,0.743350,-1.264966,0.710082,1.208643,0.240597,0.488591,0.907276,1.116025,0.902879,0.512096,0.301393,0.327696,1.775079,-1.216120,0.746996,0.050465,-0.595680,-2.240244,0.018628,-1.099207,-0.762307,1.404281,0.319806,-1.137890,-0.631671,0.170250,0.586996,1022.366355,0.972606,-1.556461,0.201642,0.292455,1.890480,-0.958240,-0.688429,0.536091,0.194356,0.448742,0.671491,1.565824,1.747237,-1.184591,0.602677
-1.241475,0.736893,1.154117,0.338461,0.678406,0.658392,-1.401533,0.714331,1.366197,0.287873,0.703152,0.931007,1.116025,0.902879,0.455728,0.323910,0.330731,1.775079,-1.603494,1.013063,1.167653,-0.814934,-1.630403,1.124201,-1.099207,-0.762307,1.084846,0.282625,-1.137890,-1.074675,0.170250,0.940503,459.037239,1.382882,-1.465027,0.722218,0.364359,1.618814,-1.079102,-1.113407,0.810624,0.193274,0.463725,0.874440,1.565824,1.747237,-1.184591,0.602677
-0.125771,0.616909,0.671864,0.334023,0.729374,0.409642,-1.215224,0.271908,1.366197,0.648146,0.556294,0.704596,1.298164,2.128879,0.465172,0.696867,0.578911,0.763185,-1.062156,1.132221,1.167653,-0.997818,-1.609199,1.124201,-1.458008,-2.116830,1.084846,0.522217,0.387386,-1.074675,1.755744,0.322705,199.814739,0.953284,-1.567384,0.773773,0.564523,1.787320,-1.079102,-1.113407,0.696016,0.570278,0.555054,0.267928,1.491487,1.064079,-1.360308,1.192618
-0.125771,0.698707,2.861998,0.267826,0.563676,0.585371,-1.285823,0.334532,0.971776,0.563969,0.525823,0.659452,1.298164,2.128879,0.571867,0.704891,0.508183,0.506787,-1.146153,1.132221,0.200594,-0.987597,-2.033311,1.044069,-1.458008,-1.826744,1.552242,0.557698,-0.492500,-0.890863,1.755744,0.670697,940.989508,1.030997,-1.397990,0.220324,0.448094,1.931226,-0.670890,0.070337,0.327580,0.508845,0.657959,0.483016,1.491487,1.064079,-1.220920,1.139924
-1.153666,0.721293,2.396171,0.406625,0.600866,0.757236,-1.340695,0.673436,0.971776,0.260335,0.576435,0.835449,1.171208,1.137284,0.539895,0.350563,0.357957,1.836406,-1.318915,0.894430,0.049355,-0.889886,-2.021684,0.017037,-1.141498,-0.799117,1.552242,0.479733,-1.090301,-0.821506,0.197094,0.599577,978.201821,1.121082,-1.379318,0.219281,0.339214,1.933189,-1.166581,-0.979739,0.602605,0.229586,0.561003,0.587939,1.701426,1.493720,-1.271643,0.574761
-1.153666,0.785856,0.604311,0.369760,0.713807,0.877248,-1.331177,0.703714,1.489487,0.336347,0.803723,0.773989,1.171208,1.137284,0.447341,0.360903,0.370937,1.836406,-1.479198,1.109761,1.112953,-0.988497,-1.538384,0.939670,-1.141498,-0.799117,1.057213,0.246111,-1.090301,-1.245221,0.197094,1.037713,218.166657,1.309657,-1.382311,0.764487,0.382288,1.111256,-1.166581,-1.268904,0.838224,0.240816,0.543445,0.953563,1.701426,1.493720,-1.271643,0.574761
-0.255304,0.562196,0.782127,0.363832,0.733219,0.512933,-1.360967,0.366761,1.489487,0.560684,0.606883,0.732989,1.374891,2.079149,0.490170,0.707742,0.515449,0.857048,-1.551468,0.994281,1.112953,-1.219347,-1.554366,0.939670,-1.219758,-2.255874,1.057213,0.541739,0.344085,-1.245221,1.752801,0.423576,210.414082,1.402094,-1.573639,0.778738,0.561995,1.668730,-1.101974,-1.196449,0.641100,0.508304,0.565149,0.350144,1.749575,1.338134,-1.392934,0.937069
-0.255304,0.541634,2.706522,0.318938,0.540470,0.603224,-1.393159,0.412558,0.932380,0.424545,0.544023,0.604200,1.374891,2.079149,0.554600,0.697207,0.403898,0.544380,-1.431126,0.966429,0.080868,-1.010541,-2.077612,0.557284,-1.219758,-2.255874,1.374053,0.515041,-0.518031,-0.750093,1.752801,0.575160,769.022585,1.305210,-1.521185,0.208345,0.365347,1.822631,-0.716296,0.131272,0.257675,0.400553,0.675059,0.422050,1.749575,1.338134,-0.758221,0.937069
-0.918962,0.621921,2.095725,0.366397,0.568720,0.411529,-1.351048,0.656568,0.712332,0.222039,0.574295,0.783422,0.993044,0.990640,0.449839,0.267094,0.293341,1.369788,-1.493472,0.858427,-0.009405,-1.006221,-2.075702,-0.085571,-0.997213,-0.541210,1.374053,0.335121,-0.961767,-0.803878,0.182382,0.532850,769.646706,1.264834,-1.563330,0.199287,0.276416,1.800304,-1.027372,-0.942799,0.543472,0.208546,0.584279,0.494239,1.527876,1.390224,-1.184349,0.429674
-0.918962,0.680682,0.360388,0.342373,0.696973,0.573863,-1.306677,0.618625,1.180072,0.281546,0.819910,0.772714,0.993044,0.990640,0.353429,0.303758,0.299786,1.369788,-1.345373,1.058391,1.018187,-0.914274,-1.494929,0.822111,-0.997213,-0.541210,0.868683,0.333183,-0.961767,-1.516728,0.182382,0.887347,143.215114,1.167071,-1.572979,0.751684,0.339549,1.763200,-1.108550,-1.192479,0.720492,0.217602,0.440300,0.806769,1.527876,1.390224,-1.184349,0.429674
-0.382184,0.573504,1.245213,0.371869,0.716304,0.554426,-1.299111,0.360625,1.180072,0.531348,0.709047,0.662843,1.184503,1.234761,0.497606,0.645166,0.517770,1.267238,-1.412654,1.181668,1.018187,-1.459579,-1.618241,0.822111,-1.217617,-1.711553,0.868683,0.738084,0.116451,-1.516728,1.391449,0.264382,361.920772,1.219100,-1.567869,0.769410,0.619286,1.901890,-1.108550,-1.012284,0.609560,0.402998,0.516142,0.321177,2.099238,1.042019,-1.248285,1.170204
-0.382184,0.560968,3.382480,0.202418,0.458158,0.771339,-1.379133,0.405171,0.901467,0.205030,0.562208,0.877201,1.184503,1.234761,0.573711,0.575135,0.238754,1.478193,-1.511812,0.878741,0.046656,-1.459579,-2.290487,0.013060,-0.453011,-0.975408,1.635072,0.628023,-0.514908,-1.229071,0.293689,0.298016,937.460629,1.324675,-1.297844,0.214712,0.363880,1.806298,-0.681142,0.246503,0.240802,0.152118,0.764872,0.373945,1.736812,0.685186,-0.123583,-0.051552
-0.842225,0.683734,2.597756,0.178135,0.506310,0.560697,-1.448272,0.602525,0.509219,0.226576,0.448217,0.749103,0.878554,0.889160,0.524360,0.372402,0.316370,1.478193,-1.517342,0.988082,0.024332,-0.898795,-2.347129,-0.294715,-1.346469,-0.577986,1.635072,0.336484,-0.762661,-1.271968,0.143506,0.415917,909.970146,1.298986,-1.419628,0.223527,0.268358,1.842461,-0.913607,-1.164241,0.637536,0.182430,0.751664,0.380006,1.378722,1.212149,-1.160319,0.310647
-0.842225,0.778441,0.774261,0.216196,0.665139,0.448051,-1.469559,0.604236,1.088418,0.325076,0.615774,0.577614,0.878554,0.889160,0.475880,0.377463,0.343183,1.228248,-1.782351,1.049870,1.293418,-1.141726,-1.721900,1.509801,-1.346469,-0.825081,1.042526,0.330091,-0.762661,-1.271968,0.143506,0.587049,261.752489,1.525199,-1.378452,0.713054,0.364655,1.903602,-1.079056,-1.389359,0.832025,0.218454,0.544139,0.718658,1.378722,1.212149,-1.160319,0.454267
-0.479183,0.618823,1.499900,0.310350,0.699338,0.475009,-1.355619,0.342531,1.088418,0.479065,0.634386,0.641402,1.111099,1.589556,0.439471,0.504376,0.612385,1.243105,-1.528353,1.141081,1.293418,-1.170734,-1.069845,1.509801,-0.606878,-2.759305,1.042526,0.649062,0.274736,-1.087310,1.278213,0.417944,365.053041,1.397887,-1.595921,0.743795,0.648898,1.195897,-1.075284,-1.245275,0.662178,0.457234,0.507480,0.264983,1.557880,1.153564,-1.235804,1.033539
-0.479183,0.705831,3.389986,0.207813,0.513046,0.597631,-1.425224,0.436887,0.952643,0.155323,0.392293,0.680656,1.111099,1.589556,0.482786,0.304324,0.346435,1.022144,-1.559019,0.874849,0.271758,-1.072289,-1.867433,0.174791,-0.464767,-2.759305,1.214122,0.637155,-0.694109,-1.087310,0.171721,0.439794,1022.054146,1.329457,-1.220461,0.195205,0.440233,1.739680,-0.789480,0.123260,0.309228,0.241046,0.586136,0.485960,1.557880,1.116280,-0.728358,0.733442
-1.073006,0.751210,2.406465,0.272143,0.552830,0.444605,-1.395594,0.652424,0.416153,0.190049,0.438122,0.838243,0.928446,0.819920,0.376088,0.307153,0.307018,1.310512,-1.194249,0.901257,0.012480,-0.792213,-1.886600,-0.103281,-1.070398,-0.648615,1.214122,0.312487,-0.989898,-1.009694,0.148104,0.484462,947.951080,0.998329,-1.372655,0.194018,0.274380,1.751032,-0.929147,-0.946861,0.601121,0.186806,0.485489,0.443572,1.553941,1.191497,-1.181631,0.450372
-1.073006,0.695492,0.487425,0.286693,0.683443,0.611073,-1.549014,0.640210,1.007508,0.276931,0.889227,0.844087,0.928446,0.819920,0.327665,0.312509,0.337939,1.310512,-1.781766,1.027351,1.384685,-1.239502,-1.637028,0.942956,-1.070398,-0.648615,0.978649,0.271242,-0.989898,-1.158312,0.148104,0.805951,186.828537,1.505465,-1.280852,0.733381,0.359889,1.931385,-1.100832,-1.184452,0.766921,0.214131,0.378061,0.766898,1.553941,1.191497,-1.181631,0.450372
-0.096146,0.609208,0.860001,0.246506,0.729259,0.538874,-1.388723,0.221319,1.007508,0.545292,0.778139,0.520134,1.086318,1.652646,0.392590,0.445060,0.644643,1.467195,-1.529361,1.009770,1.384685,-2.281891,-1.499165,0.942956,-0.466392,-1.455666,0.978649,0.585293,0.279576,-1.322638,1.286561,0.180354,285.340379,1.361392,-1.459191,0.765954,0.569851,2.040679,-1.089952,-1.136316,0.638286,0.436200,0.439263,0.203309,1.949641,1.001900,-1.595508,1.004319
-0.096146,0.641682,3.645656,0.236806,0.516366,0.783093,-1.238096,0.293635,0.884184,0.433234,0.454011,0.728720,1.086318,1.652646,0.438119,0.337683,0.452351,1.796832,-1.105482,0.990819,0.203680,-1.036071,-2.516198,0.469047,-0.466392,-0.581931,1.260924,0.592824,-0.652444,-1.023364,1.286561,0.361500,1181.176466,0.951980,-1.485573,0.204666,0.327867,2.041903,-0.770740,0.350307,0.252038,0.307361,0.612362,0.457124,1.949641,1.001900,-1.454228,0.513833
-1.217988,0.701146,2.866328,0.238440,0.543056,0.798461,-1.175072,0.684563,0.733705,0.228643,0.369191,0.775868,1.030220,0.746108,0.379266,0.418264,0.432873,1.796832,-1.041863,0.897197,0.260293,-1.097245,-2.347957,-0.208780,-1.265509,-0.692425,1.260924,0.383952,-0.925263,-1.023364,0.172570,0.481087,1201.832592,1.047908,-1.308647,0.203320,0.299560,1.971384,-0.866979,-1.021726,0.587679,0.141672,0.653438,0.472887,2.174552,1.193241,-1.212851,0.472166
-1.217988,0.800660,0.897331,0.292221,0.675732,0.453412,-1.314778,0.701796,1.265458,0.301617,0.592917,0.604309,1.030220,0.746108,0.328622,0.394469,0.428713,1.174353,-1.337312,1.053628,1.240491,-1.097245,-1.612967,1.373254,-1.265509,-0.692425,0.909476,0.341797,-0.925263,-0.825032,0.172570,0.697732,376.119915,1.250162,-1.461427,0.725145,0.375326,1.345239,-1.193404,-1.427549,0.860223,0.177336,0.491987,0.837029,2.174552,1.193241,-1.212851,0.472166
-0.206184,0.611957,1.453628,0.290613,0.723805,0.444431,-1.469179,0.309392,1.265458,0.565539,0.520693,0.489866,1.177520,1.472759,0.423776,0.429342,0.563921,0.950345,-1.641686,1.067561,1.240491,-1.458454,-1.502515,1.373254,-0.463260,-1.595542,0.909476,0.426153,0.353036,-1.082929,1.070042,0.349997,448.927643,1.491234,-1.638790,0.760837,0.553637,1.795907,-1.193404,-1.421409,0.710026,0.407701,0.538996,0.273175,1.313324,1.189158,-1.542535,1.037296
-0.206184,0.637532,2.817496,0.262594,0.524917,0.715906,-1.489640,0.346271,0.855705,0.424216,0.502079,0.610072,1.177520,1.472759,0.487352,0.355130,0.344238,0.889119,-1.286279,1.067561,0.103949,-0.795346,-2.046885,0.392865,-0.463260,-1.538281,1.237906,0.426736,-0.599172,-1.082929,1.070042,0.503695,932.781642,1.148534,-1.372227,0.208060,0.336255,1.422185,-0.524853,0.133594,0.300120,0.284116,0.564179,0.453223,1.313324,1.189158,-0.682586,0.782303
-1.142533,0.700021,2.080486,0.311371,0.552746,0.695075,-1.235650,0.670664,0.664646,0.223867,0.434378,0.756245,1.049318,0.808431,0.386561,0.287702,0.310996,1.321500,-1.239280,0.950603,-0.002465,-0.795346,-2.030681,-0.058222,-1.057141,-0.560602,1.237906,0.319629,-0.967288,-0.904462,0.157463,0.510630,879.287557,1.031101,-1.397746,0.209662,0.291397,1.775139,-1.022585,-0.938108,0.580183,0.176044,0.457742,0.455774,1.582171,1.220067,-1.200921,0.364064
-1.142533,0.725174,0.492926,0.303217,0.669378,0.558035,-1.388446,0.654105,1.017968,0.284084,0.688836,0.707935,1.049318,0.808431,0.351074,0.266660,0.307145,1.321500,-1.548617,1.084673,1.167434,-0.896764,-1.750133,1.212690,-1.057141,-0.560602,1.017339,0.277684,-0.967288,-1.121786,0.157463,0.813625,201.959415,1.306435,-1.458456,0.718428,0.355195,1.683811,-1.081685,-1.263315,0.787529,0.190560,0.430019,0.754317,1.582171,1.220067,-1.200921,0.364064
-0.157453,0.629151,0.839415,0.299493,0.720367,0.356202,-1.436278,0.260127,1.017968,0.606628,0.566041,0.464259,1.119507,2.054502,0.432824,0.464205,0.553342,0.633436,-1.591924,1.093989,1.167434,-1.105955,-1.636005,1.212690,-0.886905,-1.748100,1.017339,0.435637,0.181332,-1.121786,1.731651,0.367787,259.597420,1.404834,-1.422837,0.758252,0.570609,1.417005,-1.081685,-1.214452,0.681183,0.517476,0.491239,0.239657,1.503884,1.174767,-1.604622,1.211905
-0.157453,0.677806,2.716830,0.260366,0.552540,0.454441,-1.410433,0.364631,0.695414,0.477509,0.537944,0.450937,1.119507,2.054502,0.495085,0.468368,0.353095,0.693720,-1.329951,0.966064,0.201630,-1.105955,-1.630313,0.713819,-0.886905,-1.131814,1.307673,0.444199,-0.692875,-0.777211,1.731651,0.529281,859.689276,1.318225,-1.514250,0.195449,0.295745,1.971480,-0.656701,0.138558,0.268306,0.393412,0.531901,0.463217,1.503884,1.174767,-1.073805,0.281978
-0.825740,0.686514,2.071549,0.458445,0.588686,0.678429,-1.403094,0.577269,0.549754,0.213824,0.725494,0.660321,1.055318,0.828993,0.421600,0.270310,0.257840,1.443644,-1.545343,0.904211,-0.000304,-0.736549,-1.639461,0.661074,-0.972906,-0.668090,1.307673,0.363399,-1.157022,-0.777211,0.209076,0.571434,819.379248,1.452188,-1.420473,0.201223,0.272756,1.812883,-1.021386,-0.757635,0.546532,0.193888,0.534129,0.470812,1.144342,1.183110,-1.113597,0.313999
-0.825740,0.705588,0.561219,0.400917,0.693997,0.660544,-1.311008,0.597558,1.284473,0.285306,0.737664,0.698964,1.055318,0.828993,0.409712,0.411016,0.327697,1.443644,-1.346040,1.027314,0.595951,-0.798103,-1.670530,1.081275,-0.972906,-0.668090,1.174256,0.326840,-1.157022,-1.641362,0.213322,0.854500,219.595657,1.193497,-1.513026,0.749047,0.326028,1.651287,-1.153241,-1.048375,0.740609,0.196333,0.503607,0.904534,1.144342,1.183110,-1.113597,0.313999
-0.354036,0.575050,1.007765,0.338188,0.702305,0.690789,-1.401106,0.385882,1.284473,0.565445,0.584187,0.711563,1.103201,1.886209,0.492029,0.618582,0.483048,0.595399,-1.394030,0.996438,0.593575,-0.813991,-1.571295,1.081275,-1.690596,-2.020149,1.174256,0.449721,0.487171,-1.641362,1.491329,0.266797,323.169308,1.278871,-1.518174,0.746220,0.546471,1.661301,-1.153241,-1.046314,0.647515,0.469624,0.495849,0.235774,1.900372,1.290174,-1.813380,1.034711
-0.354036,0.624332,2.957887,0.212106,0.519518,0.530344,-1.447327,0.397971,0.905493,0.367230,0.505214,0.573869,1.103201,1.886209,0.510609,0.540956,0.339615,0.104011,-1.427182,0.996438,0.180368,-0.714056,-1.970739,0.536430,-1.690596,-1.536931,1.299116,0.428835,-0.517470,-0.722661,1.491329,0.620132,886.638218,1.366683,-1.574706,0.172054,0.306377,1.970785,-0.714986,0.176991,0.283930,0.336107,0.562890,0.448570,1.900372,1.290174,-0.888226,0.983469
-1.105751,0.700834,2.115615,0.338740,0.555596,0.416089,-1.578406,0.679687,0.673717,0.204259,0.483557,0.803432,0.999034,0.838469,0.399323,0.272391,0.330819,1.232517,-1.687358,0.894622,0.135069,-0.714056,-1.983258,-0.088860,-1.085286,-0.530808,1.426361,0.271791,-0.974576,-0.735898,0.182745,0.559942,795.988928,1.470585,-1.506288,0.193875,0.259050,1.942241,-1.034272,-0.985489,0.592731,0.182288,0.438149,0.464858,1.627466,1.305589,-1.116174,0.399476
-1.105751,0.698893,0.249269,0.322568,0.668349,0.672051,-1.403917,0.647335,1.133664,0.355129,0.794667,0.703929,0.999034,0.838469,0.377124,0.299529,0.363650,1.232517,-1.423743,1.069080,1.021700,-1.338078,-1.895181,1.054743,-1.085286,-1.860390,1.426361,0.222728,-0.974576,-1.030151,0.182745,0.842324,105.724845,1.270321,-1.604510,0.722898,0.384571,1.467940,-1.050926,-1.156626,0.747530,0.241464,0.389129,0.790458,1.627466,1.305589,-1.331545,1.155729
-0.707017,0.540535,0.913854,0.238675,0.702375,0.519438,-1.510708,0.454854,1.133664,0.422377,0.561914,0.568655,1.041902,2.020436,0.411032,0.586239,0.501449,0.704767,-1.693704,1.124933,1.021700,-1.371456,-1.721977,1.054743,-1.241134,-2.333781,0.995057,0.660996,0.224334,-1.030151,1.155444,0.495948,274.652816,1.346754,-1.546263,0.742639,0.633755,1.859497,-1.050926,-0.814017,0.489660,0.470789,0.550241,0.302228,1.933624,1.117050,-1.346885,1.235653
0.070394,0.636907,3.771370,0.090616,0.467483,0.638932,-1.214714,0.424448,0.898286,0.036454,0.296218,0.777081,0.691751,-0.008576,0.306012,0.137961,0.054340,0.704767,-1.211337,1.056419,0.025994,-1.230041,-1.697834,-0.089511,-0.105136,-0.089759,1.302108,0.576393,-1.170702,-0.872570,0.070318,0.461166,1193.307454,1.117166,-1.306064,0.062634,0.195347,1.866075,-0.315143,0.149610,0.262060,0.013310,0.511784,0.571515,0.325585,0.983116,-0.114960,-0.163209
-1.410219,0.814109,1.932743,0.195288,0.598852,0.906848,-1.394677,0.929192,1.134489,0.170303,0.515506,1.031069,1.033997,0.535670,0.460926,0.484977,0.338169,1.890577,-1.603378,1.079453,0.881800,-0.862209,-1.530985,1.335061,-0.818454,-0.729790,1.033111,0.371292,-1.716179,-0.689696,0.125212,1.027826,761.498585,1.425490,-1.691103,0.601130,0.307989,1.694966,-1.133338,-1.179993,0.868893,0.154348,0.718085,0.929027,1.294575,1.828085,-1.134610,0.508931
-0.800167,0.550261,2.907793,0.295302,0.376367,1.005054,-1.279637,0.311463,0.986646,0.188042,0.607472,0.778878,1.408355,2.114865,0.495179,0.564397,0.288201,0.937390,-1.196352,0.830721,0.003176,-1.145257,-1.405369,0.199608,-0.646293,-1.700186,1.067888,0.548192,-0.430100,-1.418933,0.407758,0.530112,1292.622702,1.177998,-1.503993,0.232064,0.289996,1.800274,-0.719395,0.032525,0.354911,0.218182,0.614347,0.412426,2.174448,0.796938,-0.455951,0.214520
0.572812,1.227888,0.630013,0.008585,0.246231,0.159494,-0.809434,0.038066,-0.367023,0.005113,0.023081,0.089455,0.259887,-0.042355,0.031259,0.016558,0.007106,-0.169593,-0.850651,0.718220,0.010686,0.029123,-1.011479,-0.217460,-0.005375,0.292272,0.519387,0.031495,-0.476752,-0.224023,0.047864,0.041488,176.139454,1.097581,-1.134505,0.003562,0.016625,1.962555,-0.320234,1.187855,0.019225,0.001630,0.064461,0.027068,0.115238,0.239937,0.080179,-0.293685
0.692495,1.229853,1.101769,0.007654,0.262147,0.042441,-0.746971,0.039416,-0.393170,0.004862,0.058901,0.085177,0.271015,-0.043098,0.007298,0.023786,0.005080,0.144880,-0.723459,0.706112,-0.004432,-0.008438,-0.998500,-0.248238,-0.017942,0.313411,0.453853,0.019425,-0.616522,-0.329236,0.048123,0.086206,300.326583,0.972777,-1.072178,0.003998,0.008784,2.048362,-0.301808,1.175000,0.025426,0.001068,0.055199,0.063738,0.123564,0.200914,0.115666,-0.362015
0.707051,0.842292,1.080030,0.234675,0.401730,0.192879,-1.224593,0.104680,0.052563,0.075546,0.413332,0.150527,0.667028,0.197202,0.031471,0.207754,0.132542,0.283392,-1.200044,0.726376,0.016387,-0.558782,-1.481878,-0.348245,-0.751232,-0.193654,0.531560,0.180019,-0.776064,-0.610491,0.046636,0.342685,342.887065,1.054586,-1.212415,0.143425,0.163770,1.831908,-0.315701,-0.620878,0.545940,0.059053,0.104552,0.179403,0.741159,0.201421,-1.121148,0.295829
0.707051,0.801688,1.006034,0.261017,0.394849,0.200125,-1.401331,0.103812,0.881486,0.080193,0.505322,0.233421,0.667028,0.197202,0.056747,0.239745,0.197373,0.283392,-1.574288,0.866651,0.516350,-0.894890,-1.541234,-0.323932,-0.751232,-0.193654,0.531560,0.197062,-0.776064,-0.610491,0.132596,0.383706,316.535060,1.303547,-1.240999,0.174016,0.164617,1.812903,-0.585652,-1.176712,0.785401,0.059640,0.107558,0.468053,0.784969,0.312896,-1.121148,0.295829
0.707051,0.743325,0.672383,0.261086,0.448836,0.225470,-1.349988,0.132782,1.368506,0.094039,0.490278,0.282720,0.667028,0.197202,0.059392,0.217196,0.183208,0.516197,-1.561128,0.882026,0.748894,-0.894890,-1.505857,0.461766,-0.751232,-0.193654,0.531560,0.206903,-0.776064,-0.610491,0.132596,0.300571,181.538782,1.282651,-1.349210,0.404028,0.182303,1.895164,-0.815480,-1.226603,0.768570,0.067855,0.146320,0.758135,0.784969,0.429217,-1.121148,0.295829
0.707051,0.666915,0.337730,0.248819,0.500892,0.232852,-1.348621,0.145302,1.441186,0.175440,0.516723,0.417243,0.667028,0.197202,0.103064,0.177717,0.170962,0.843163,-1.517193,0.882026,1.178102,-0.894890,-1.574531,0.622192,-0.751232,-0.193654,0.662074,0.222425,-0.756311,-0.610491,0.132596,0.234888,108.474454,1.241400,-1.282427,0.536820,0.183925,1.745641,-0.815480,-1.226603,0.535824,0.110417,0.159132,0.793209,0.784969,0.582848,-1.121148,0.295829
-0.034572,0.721576,2.432478,0.427910,0.361126,0.330691,-1.186015,0.209894,0.909330,0.360736,1.258040,0.467874,0.529828,0.556058,0.154399,0.381055,0.465389,1.667485,-1.235211,0.995583,1.401494,-2.142354,-1.470968,0.589666,-0.135995,-0.737382,0.751748,0.410897,0.038964,-1.216535,0.471614,0.094116,904.037370,1.072282,-1.302300,0.408185,0.358232,1.907761,-0.997921,-1.000513,0.562459,0.278493,0.367501,0.284084,1.631288,0.320292,-0.617979,0.893270
0.473161,1.182825,0.754834,0.045100,0.257549,0.262398,-1.149146,0.085130,-0.000379,0.016854,0.120611,0.152107,0.326084,-0.033944,0.057120,0.027914,0.037152,0.017277,-1.137621,0.731420,0.036100,-0.211913,-1.512366,-0.134632,-0.034104,0.225553,0.511764,0.059392,-0.111373,-0.335777,0.050738,0.053617,240.955703,1.169811,-1.155469,0.034941,0.072732,1.643840,-0.315793,0.965874,0.073681,0.006752,0.122997,0.028398,0.287254,0.144459,-0.141485,-0.170595
1.281961,0.895899,3.030439,0.059713,0.334820,0.154437,-1.176932,0.090170,0.001117,0.039485,0.271330,0.283289,0.350653,0.035041,0.089368,0.121589,0.105614,0.606443,-1.228176,0.732828,0.374877,-0.528248,-1.208979,-0.068247,-0.077408,0.258076,0.657536,0.171382,-0.470468,-0.317204,0.101810,0.071699,865.031415,1.208629,-1.528058,0.006333,0.066182,2.098153,-0.316894,0.825744,0.044044,0.021312,0.204360,0.124541,0.259548,0.552012,0.179330,-0.195343
-0.982599,0.819547,2.843348,0.336052,0.507719,0.500243,-1.410427,0.837349,-0.105706,0.159802,0.429396,0.305720,0.925821,0.758208,0.279345,0.151569,0.194097,0.074522,-1.442073,0.743832,0.031157,-0.224705,-1.486375,0.252661,-0.632169,-0.418329,0.835318,0.211401,-1.055477,-0.294050,0.238673,0.349486,1054.026006,1.273979,-1.414264,0.160770,0.222062,1.968714,-0.937242,-0.771079,0.555774,0.167554,0.206614,0.272639,0.856571,0.895170,-1.023967,0.453007
-0.982599,0.690349,0.691736,0.324610,0.598415,0.477691,-1.382912,0.624041,1.407085,0.212783,0.672755,0.316135,0.925821,0.758208,0.337468,0.245871,0.215348,0.300391,-1.552334,0.929034,0.920588,-0.761431,-1.723898,1.154837,-0.632169,-0.418329,0.893789,0.230030,-1.055477,-0.795591,0.238673,0.573831,260.490171,1.407474,-1.520315,0.645840,0.242644,1.291866,-1.011635,-0.983723,0.723529,0.168837,0.233107,0.938153,0.856571,0.895170,-1.023967,0.453007
-0.253662,0.517776,0.276376,0.238737,0.671673,0.665174,-1.223550,0.302018,1.407085,0.526914,0.520330,0.591758,1.004647,1.719856,0.391265,0.365502,0.419443,0.796079,-1.278865,1.003717,0.920588,-0.805183,-1.919780,1.154837,-1.120300,-1.070531,0.893789,0.363466,0.649552,-0.795591,1.416599,0.224953,86.041546,1.261723,-1.640589,0.708470,0.451583,1.645472,-1.010255,-0.962423,0.592784,0.473431,0.421087,0.186862,1.230964,1.209831,-1.532844,1.019532
-0.253662,0.600041,3.039597,0.207075,0.509443,0.630869,-1.373463,0.442693,1.134890,0.145966,0.344811,0.548285,1.004647,1.719856,0.481302,0.340399,0.309612,0.515259,-1.519252,1.003717,0.097572,-0.805183,-1.927282,0.353167,-1.050098,-1.070531,1.266433,0.361587,-0.566006,-0.838767,0.239371,0.562184,829.266824,1.397071,-1.493626,0.183294,0.267343,2.079295,-0.507057,0.050171,0.366040,0.313191,0.428948,0.551779,1.230964,0.983157,-1.532844,1.015622
-1.103005,0.717682,3.121668,0.396869,0.565116,0.609350,-1.373876,0.713179,0.704747,0.219940,0.525685,0.856347,1.051041,0.830539,0.440851,0.286672,0.296884,1.580449,-1.472095,0.783120,0.023286,-0.437502,-1.953080,0.159769,-1.072080,-0.556339,1.266433,0.296857,-1.110523,-0.838767,0.116869,0.536537,1085.265695,1.295968,-1.443492,0.196973,0.258258,2.051174,-0.980051,-0.740347,0.545470,0.181004,0.452863,0.554030,1.560784,1.601350,-1.105446,0.548156
-1.103005,0.721103,1.128485,0.368625,0.661347,0.592587,-1.289627,0.707310,1.270260,0.266596,0.823790,0.872379,1.051041,0.830539,0.380387,0.308151,0.302935,1.580449,-1.421060,1.005770,1.164184,-0.722114,-1.538283,1.133925,-1.072080,-0.556339,1.072215,0.282675,-1.110523,-1.092751,0.162098,0.892638,414.417116,1.285840,-1.456466,0.704144,0.335634,0.961325,-1.036783,-1.097317,0.787029,0.180316,0.471942,0.847026,1.560784,1.601350,-1.105446,0.548156
-0.395754,0.621972,0.695932,0.300170,0.713649,0.501978,-1.424604,0.306775,1.270260,0.616373,0.617430,0.640937,1.166361,1.974091,0.450725,0.552828,0.514035,1.031045,-1.565786,1.093927,1.164184,-1.092089,-1.585219,1.133925,-1.524653,-1.854878,1.072215,0.487114,0.415734,-1.092751,1.755714,0.268017,194.869977,1.423743,-1.463874,0.755753,0.540932,1.075144,-1.036783,-1.095593,0.688404,0.558680,0.481883,0.243619,1.594853,1.319330,-1.273525,1.079982
-0.395754,0.663694,2.842190,0.249346,0.565069,0.744728,-1.573868,0.416893,0.876441,0.504609,0.478813,0.569955,1.166361,1.974091,0.519603,0.566112,0.395266,0.895155,-1.822851,1.093927,0.094698,-0.962442,-1.919953,0.975111,-1.524653,-1.213388,1.414860,0.511843,-0.605061,-0.850570,1.755714,0.637983,909.809984,1.591084,-1.499330,0.197424,0.390448,2.179229,-0.619745,0.099805,0.281907,0.491388,0.609966,0.476305,1.594853,1.319330,-1.167801,0.894869
-1.144325,0.677872,2.406985,0.414626,0.593777,0.699551,-1.299684,0.684652,0.876441,0.249563,0.514629,0.710420,1.117216,1.085154,0.445146,0.305106,0.345387,1.414458,-1.432606,0.871495,0.031780,-0.930122,-1.922405,0.038117,-1.116702,-0.682151,1.414860,0.430352,-1.074100,-0.774445,0.178574,0.574558,962.935746,1.226924,-1.440022,0.205083,0.298641,2.168007,-1.034696,-0.875158,0.548743,0.223270,0.532704,0.567985,1.815121,1.389426,-1.148392,0.451393
-1.144325,0.701206,0.780939,0.390979,0.711823,0.663812,-1.419626,0.685011,1.162765,0.351269,0.847187,0.669305,1.117216,1.085154,0.365060,0.321541,0.369436,1.414458,-1.631386,1.034720,1.253527,-1.404582,-1.747236,1.147218,-1.116702,-0.682151,1.035603,0.226668,-1.074100,-1.614162,0.178574,0.913755,277.591209,1.468372,-1.503908,0.764539,0.375173,2.304168,-1.149727,-1.120791,0.768909,0.236109,0.413406,0.816719,1.815121,1.389426,-1.148392,0.451393
-0.022261,0.566378,0.440259,0.284740,0.729988,0.378624,-1.401828,0.254288,1.162765,0.541600,0.542702,0.598375,1.143239,1.422765,0.498711,0.514215,0.418756,0.838775,-1.512339,1.019775,1.253527,-1.404582,-1.342335,1.147218,-1.097373,-2.490924,1.035603,0.457930,0.263116,-1.614162,1.138657,0.383640,119.857683,1.342387,-1.577035,0.775374,0.575620,1.773447,-1.149727,-1.103167,0.618828,0.439298,0.498042,0.261863,1.586634,1.155346,-1.882751,1.045663
-0.022261,0.609441,2.162383,0.243013,0.545321,0.508675,-1.214591,0.372983,0.715503,0.346031,0.441249,0.579843,1.143239,1.422765,0.610109,0.499803,0.256704,0.710191,-1.266180,1.019775,-0.009939,-0.858979,-1.823489,0.419315,-1.097373,-1.014882,1.469501,0.454586,-0.695745,-0.643742,1.138657,0.580916,621.083843,1.024211,-1.483196,0.182649,0.321179,1.950227,-0.367936,0.281638,0.230034,0.269933,0.651492,0.452428,1.586634,1.155346,-0.862145,0.952589
-0.834672,0.654165,1.886656,0.301542,0.563841,0.478690,-1.380085,0.619084,0.511291,0.173800,0.570160,0.717309,0.994109,1.104191,0.553751,0.284435,0.308654,1.058354,-1.513352,0.758734,0.013569,-0.858979,-1.827024,0.005457,-1.014122,-0.436211,1.469501,0.292049,-1.150378,-0.644297,0.202788,0.532631,668.186560,1.369156,-1.407587,0.172042,0.226002,1.970008,-1.048019,-0.822877,0.504388,0.190630,0.632592,0.486550,1.783990,1.111438,-0.979168,0.368452
-0.834672,0.696001,0.516223,0.247840,0.656405,0.546707,-1.267603,0.594394,0.957580,0.273953,0.792084,0.680479,0.994109,1.104191,0.424187,0.277155,0.303483,1.058354,-1.196343,1.078405,1.164249,-0.659984,-1.744535,1.038444,-1.014122,-0.436211,0.928885,0.263831,-1.150378,-0.848521,0.210348,0.921558,176.093021,1.063568,-1.429675,0.707570,0.313950,1.908546,-1.048019,-1.190181,0.743071,0.211908,0.492383,0.793664,1.783990,1.111438,-0.979168,0.368452
-0.369413,0.613226,1.007395,0.283253,0.684819,0.448697,-1.514756,0.386921,0.957580,0.501031,0.507800,0.495896,1.007434,1.108627,0.367224,0.418150,0.423551,0.693246,-1.625272,0.993766,1.164249,-1.530686,-1.142534,1.038444,-0.835607,-1.639109,0.794672,0.551336,0.131159,-0.848521,1.230204,0.386140,273.242522,1.529121,-1.578444,0.728973,0.546360,2.214184,-1.044584,-1.053755,0.621501,0.376324,0.505417,0.253493,0.804067,1.090631,-1.489926,1.040667
-0.369413,0.664555,3.565228,0.186686,0.492293,0.507932,-1.133026,0.442136,0.717243,0.126552,0.281157,0.636201,1.007434,0.722918,0.444184,0.307145,0.158075,0.802924,-0.626667,0.877856,0.032196,-1.065685,-1.967520,0.123865,-0.434648,-0.177488,1.158119,0.469946,-0.626652,-0.845245,0.053831,0.417378,1019.680935,0.786092,-1.519704,0.149759,0.280423,2.296454,-0.462791,0.274620,0.223211,0.094185,0.591864,0.402571,0.804067,1.131465,0.269009,-0.101978
-0.918963,0.716649,2.509451,0.264241,0.538845,0.455751,-1.295934,0.695892,0.348569,0.205254,0.306036,0.791820,0.966748,0.735074,0.381779,0.267531,0.331754,1.448000,-1.336508,0.903003,0.102032,-0.713832,-1.334913,-0.252870,-1.090347,-0.509987,1.158119,0.187968,-1.064916,-0.801405,0.150255,0.525608,922.684176,1.209235,-1.386612,0.176597,0.248163,2.020619,-0.771880,-1.013896,0.588531,0.156221,0.493800,0.441014,1.425388,1.288430,-1.089898,0.399341
-0.918963,0.710288,0.377738,0.285397,0.666852,0.796212,-1.359576,0.615558,0.990732,0.278493,0.677089,0.631714,0.966748,0.735074,0.333736,0.259927,0.327141,1.448000,-1.484816,1.051652,1.174548,-1.108180,-1.762205,1.247276,-1.090347,-0.509987,0.907433,0.240921,-1.064916,-1.064886,0.150255,0.770351,143.576507,1.323166,-1.379249,0.716163,0.336154,1.936624,-1.119353,-1.231506,0.748069,0.186929,0.430086,0.804511,1.425388,1.288430,-1.089898,0.399341
-0.417127,0.600284,0.892895,0.338477,0.739496,0.540450,-1.497202,0.332855,0.990732,0.547009,0.546236,0.547261,1.316450,2.116547,0.362365,0.480698,0.629589,1.194005,-1.578467,1.195726,1.174548,-1.487081,-1.680046,1.247276,-0.461036,-1.414162,0.904780,0.506821,0.237001,-1.106537,1.659668,0.306694,280.886353,1.386843,-1.612272,0.780600,0.582347,2.130645,-1.094329,-0.975450,0.599716,0.479681,0.488039,0.235700,2.034843,1.083801,-1.139025,1.265670
-0.417127,0.663282,3.243948,0.202013,0.496370,0.712852,-1.388216,0.432386,0.896356,0.226510,0.260548,0.824516,1.316450,2.116547,0.435212,0.228216,0.413833,1.280480,-1.298970,0.974414,0.212932,-1.132781,-1.701674,0.415253,-0.461036,-1.414162,1.185320,0.481966,-0.671552,-1.106537,0.342296,0.427850,1044.857364,1.198692,-1.528299,0.205158,0.300972,1.606597,-0.789443,0.149569,0.292548,0.286603,0.658929,0.463851,2.034843,1.011670,-0.566006,0.367512
-1.164794,0.745491,2.763007,0.249109,0.525821,0.645920,-1.292003,0.728839,0.363757,0.169863,0.249882,0.985322,0.883286,0.737120,0.410780,0.316528,0.297982,2.137474,-1.105335,0.838758,-0.004245,-0.732118,-1.657888,-0.210031,-1.182734,-0.593352,1.185320,0.255538,-1.168654,-0.799305,0.123801,0.491980,1078.916337,0.914786,-1.389172,0.174882,0.254584,1.840381,-0.816537,-0.866661,0.566826,0.160772,0.608718,0.467320,1.378363,1.299859,-1.106835,0.493955
-1.164794,0.704909,0.968749,0.252398,0.663870,0.632403,-1.425977,0.680607,1.117008,0.267408,0.664267,0.810401,0.883286,0.737120,0.363344,0.300897,0.305108,2.137474,-1.573709,0.998189,1.301225,-1.023154,-1.705752,1.128578,-1.182734,-0.593352,0.976166,0.228143,-1.168654,-1.248219,0.123801,0.774571,352.332387,1.356873,-1.310358,0.717278,0.348982,1.829154,-1.138520,-1.154490,0.771388,0.185726,0.432465,0.846233,1.378363,1.299859,-1.106835,0.493955
-0.090742,0.604594,1.716530,0.285208,0.753409,0.766912,-1.289766,0.246609,1.117008,0.520373,0.668587,0.398890,1.082205,2.035546,0.418324,0.554013,0.656611,1.117834,-1.539358,1.097131,1.301225,-2.213408,-1.578238,1.128578,-0.561449,-1.654133,0.976166,0.492610,0.261841,-1.380712,1.587922,0.231318,507.398106,1.313688,-1.486468,0.791444,0.584078,2.022378,-1.138520,-1.032781,0.626507,0.465148,0.359687,0.250609,2.285067,0.705604,-1.612655,1.227059
-0.090742,0.589590,3.478005,0.277411,0.508244,1.007448,-1.175388,0.311117,0.902297,0.357649,0.507449,0.713259,1.082205,2.035546,0.442011,0.475741,0.475421,1.578871,-1.428556,1.050633,0.240670,-0.981004,-2.152848,0.568290,-0.561449,-1.086396,1.088535,0.464418,-0.726016,-1.143816,1.587922,0.417100,1155.526471,1.172488,-1.321333,0.206776,0.268953,1.975134,-0.626367,0.196558,0.245512,0.313916,0.520793,0.468209,2.285067,0.786007,-1.191474,0.350439
-1.361792,0.667453,2.477246,0.233927,0.507331,0.854936,-1.105345,0.741002,0.492210,0.211645,0.415885,0.867798,0.986237,0.592132,0.458291,0.387845,0.398337,1.578871,-0.994626,0.890106,0.237990,-0.981004,-2.151669,-0.131445,-1.275027,-0.573762,1.340304,0.295666,-1.021875,-1.143816,0.177438,0.448987,1065.202676,0.893886,-1.400592,0.181997,0.286367,1.860363,-0.807954,-0.910437,0.542727,0.122246,0.521488,0.445885,1.707205,1.248754,-1.106185,0.402826
-1.361792,0.743569,1.123457,0.268104,0.631927,0.630694,-1.319396,0.708840,1.153946,0.285971,0.630103,0.782893,0.986237,0.592132,0.434063,0.367395,0.394117,1.534369,-1.336205,1.008620,1.163729,-0.973570,-1.600516,1.391533,-1.275027,-0.573762,1.340304,0.250630,-1.021875,-0.795446,0.177438,0.622149,415.769829,1.256970,-1.556591,0.681580,0.357761,1.390276,-1.197269,-1.254951,0.796652,0.168603,0.403809,0.838547,1.707205,1.248754,-1.106185,0.402826
-0.242379,0.587390,1.154065,0.332876,0.698772,0.425749,-1.288491,0.294575,1.153946,0.561183,0.540954,0.382474,1.239680,1.443721,0.403541,0.492698,0.597093,0.982921,-1.278374,0.986111,1.163729,-1.643627,-1.408446,1.391533,-0.536547,-3.008509,0.877417,0.480876,0.338821,-1.384778,1.296218,0.328027,324.762696,1.171493,-1.555819,0.737682,0.497295,1.550175,-1.197269,-1.191704,0.653657,0.390790,0.516467,0.217743,1.531166,1.223416,-1.128930,0.782617
-0.242379,0.656042,3.083101,0.298285,0.520999,0.689378,-1.242928,0.365337,0.881066,0.428289,0.525497,0.467845,1.239680,1.443721,0.456557,0.365382,0.378146,0.718890,-1.106664,0.959925,0.141145,-1.643627,-1.672205,0.345047,-0.536547,-3.008509,1.212055,0.476492,-0.592679,-1.384778,1.296218,0.428883,910.985159,1.054790,-1.434157,0.202833,0.291997,1.722693,-0.437260,0.070654,0.297401,0.253059,0.524786,0.446112,1.531166,1.223416,-0.592863,0.625769
-1.128641,0.720808,2.245853,0.302831,0.557056,0.630345,-1.345407,0.684063,0.602594,0.225638,0.358136,0.771501,1.073517,0.838692,0.408114,0.239135,0.300663,1.606417,-1.496383,0.890869,0.037789,-0.774119,-1.681126,0.016882,-1.072657,-0.543859,1.212055,0.278671,-1.090847,-0.813105,0.201102,0.494640,853.422766,1.392578,-1.437506,0.196823,0.255576,1.727935,-0.917994,-0.839612,0.559463,0.177534,0.391826,0.475693,1.561445,1.171557,-1.157186,0.318046
-1.128641,0.718179,0.675882,0.292267,0.666236,0.425424,-1.296424,0.654919,1.067691,0.291466,0.656533,0.744914,1.073517,0.838692,0.371931,0.238473,0.292814,1.606417,-1.481617,1.060817,1.146353,-0.797640,-1.663548,1.256737,-1.072657,-0.543859,1.001915,0.231796,-1.090847,-0.942808,0.201102,0.859182,260.080129,1.343758,-1.417483,0.715712,0.337065,0.805980,-1.087031,-1.151654,0.778578,0.188350,0.381969,0.802890,1.561445,1.171557,-1.157186,0.318046
-0.165865,0.641475,1.241471,0.311034,0.724470,0.492995,-1.335982,0.269671,1.067691,0.512694,0.542771,0.386524,1.181616,1.963452,0.466287,0.482342,0.542878,0.656869,-1.227895,1.099307,1.146353,-1.102335,-1.261815,1.256737,-0.905394,-2.011453,1.001915,0.462429,0.212789,-0.942808,1.726602,0.360891,350.714109,1.085101,-1.653314,0.764444,0.587749,1.880450,-1.087031,-1.134087,0.696966,0.489151,0.547707,0.251313,1.528739,1.021475,-1.547027,1.237703
-0.165865,0.680439,2.951208,0.273007,0.552053,0.628136,-1.346589,0.343841,0.796579,0.364653,0.515260,0.424410,1.181616,1.963452,0.504376,0.476178,0.339978,0.440771,-1.159379,1.034436,0.157288,-0.988834,-1.465183,0.411000,-0.905394,-1.079881,1.176155,0.479966,-0.623986,-0.729221,1.726602,0.529398,889.436975,1.032733,-1.540095,0.206533,0.337587,2.080507,-0.644024,0.109215,0.272825,0.362062,0.565595,0.428250,1.528739,1.021475,-0.956624,0.405296
-0.920616,0.692102,1.913006,0.444363,0.578261,0.717887,-1.426730,0.567631,0.607747,0.218344,0.637363,0.539292,1.053285,0.907273,0.456863,0.276023,0.288768,0.672624,-1.455606,0.914116,0.073364,-0.811005,-1.467098,0.721901,-1.008752,-0.679265,1.176155,0.358842,-1.066462,-0.729221,0.199925,0.529455,764.711742,1.238307,-1.526211,0.201114,0.272384,1.939612,-0.962844,-0.746421,0.542301,0.212123,0.467148,0.458839,1.478325,1.444172,-1.143352,0.366718
-0.920616,0.686858,0.478447,0.398396,0.678296,0.627075,-1.513653,0.588640,1.250340,0.284155,0.751965,0.569653,1.053285,0.907273,0.470407,0.387525,0.334107,0.672624,-1.746891,1.056830,0.747626,-0.909084,-1.500811,1.152549,-1.008752,-0.679265,1.139431,0.310140,-1.066462,-1.294198,0.199925,0.834596,196.714411,1.499726,-1.571722,0.732411,0.321512,1.056162,-1.109523,-1.060100,0.727857,0.218399,0.430019,0.860800,1.478325,1.444172,-1.143352,0.366718
-0.371773,0.559226,0.681455,0.363184,0.700694,0.588762,-1.435386,0.364098,1.250340,0.583972,0.580045,0.491250,1.209511,1.924767,0.477557,0.683494,0.480168,0.320059,-1.423561,0.953336,0.747626,-0.933685,-1.290748,1.149374,-1.469100,-1.344964,1.139431,0.441145,0.383822,-1.294198,1.434829,0.299173,213.923466,1.257615,-1.592711,0.747747,0.549344,1.669857,-1.109523,-1.045748,0.621463,0.481841,0.406202,0.233858,1.387585,1.297220,-1.442834,0.952848
-0.371773,0.649492,2.583268,0.300573,0.510239,0.515746,-1.041793,0.411663,0.907241,0.322656,0.495817,0.469114,1.209511,1.924767,0.538878,0.570548,0.341292,0.319538,-0.874086,0.872568,0.080845,-0.933685,-2.007047,0.593144,-1.469100,-1.283682,1.337264,0.451672,-0.594376,-0.624295,1.434829,0.550471,736.576980,0.848043,-1.584742,0.199074,0.284763,1.989407,-0.734139,0.135038,0.301358,0.344252,0.487580,0.458236,1.387585,1.228386,-0.832898,0.492243
-1.210045,0.729106,2.387024,0.379048,0.563756,0.482467,-1.293843,0.733671,0.455800,0.196728,0.342437,0.766268,1.044727,0.850959,0.441131,0.247975,0.335104,1.376072,-1.302586,0.871301,0.025308,-0.684906,-2.014647,-0.114323,-0.947874,-0.477681,1.337264,0.313404,-1.101334,-0.874179,0.175763,0.561189,850.577545,1.216665,-1.411299,0.204017,0.251187,1.780669,-0.918964,-0.949580,0.574504,0.184873,0.500452,0.466401,1.787474,1.336039,-0.999615,0.426668
-1.210045,0.710819,0.709279,0.374199,0.689389,0.570507,-1.254263,0.733982,1.140958,0.283503,0.752969,0.641380,1.044727,0.850959,0.375251,0.244536,0.347026,1.376072,-1.338241,1.048224,1.051646,-0.880752,-1.855265,1.180915,-0.947874,-0.477681,1.093726,0.274978,-1.101334,-0.884579,0.175763,0.944527,275.600540,1.203035,-1.320507,0.738583,0.318560,1.387852,-1.172039,-1.205929,0.755291,0.202015,0.468324,0.848586,1.787474,1.336039,-0.999615,0.426668
-0.381171,0.531614,0.962767,0.295142,0.748817,0.547262,-1.278519,0.368875,1.140958,0.465570,0.585077,0.652468,1.407870,2.057852,0.427296,0.556760,0.580239,1.003425,-1.394882,1.012548,1.051646,-1.181764,-1.382000,1.180915,-1.545044,-1.444542,1.093726,0.494536,0.338220,-0.884579,1.635608,0.475898,307.755277,1.422860,-1.673001,0.791973,0.554421,1.984740,-1.125618,-0.962391,0.561391,0.478976,0.526427,0.258645,2.000343,1.398707,-1.375659,0.954939
-0.381171,0.538633,2.917924,0.156112,0.513498,0.672523,-0.623026,0.483957,0.985714,0.138958,0.334828,0.612370,1.008779,1.748429,0.459076,0.265830,0.336797,0.313455,-0.260124,0.760115,0.136307,-1.056219,-2.026181,0.454314,-0.600213,-0.217637,1.332476,0.437683,-0.915600,-0.854626,0.205325,0.545759,886.936167,0.370131,-1.525366,0.158658,0.293037,1.946613,-0.675103,0.047881,0.270921,0.169309,0.552265,0.532516,2.000343,0.659881,0.000551,-0.103046
-0.939747,0.796957,1.020758,0.257926,0.639070,0.729023,-1.345656,0.722890,1.223047,0.188046,0.529485,0.903752,1.171741,0.619373,0.430628,0.426208,0.341921,1.909679,-1.489189,1.121090,0.742716,-0.980484,-2.191669,1.086381,-0.912906,-0.718064,0.924528,0.337852,-1.650210,-1.135430,0.138424,0.888658,343.135020,1.362860,-1.333068,0.672294,0.361910,1.130330,-1.147419,-1.150879,0.835470,0.172430,0.480008,1.017553,1.156266,1.961687,-1.123646,0.557312
-0.067495,0.705755,1.937677,0.086356,0.275154,0.595627,-1.074904,0.121598,1.043595,0.033110,0.306789,0.763141,0.494113,-0.015117,0.237057,0.147795,0.027883,1.449785,-1.061727,0.751463,0.013510,-1.078256,-1.089461,0.128885,-0.035848,-0.588233,0.927355,0.524626,-0.308966,-1.797582,0.062516,0.278715,801.171825,1.068797,-1.235894,0.061600,0.158239,1.877487,-0.338566,0.121121,0.308136,0.007884,0.570170,0.339067,0.183168,0.251398,-0.320745,-0.083080
0.563024,1.149592,0.257465,0.004984,0.245679,0.119241,-0.795628,0.016568,-0.370503,0.004514,0.021002,0.068554,0.252570,-0.041823,0.012320,0.008387,0.003571,-0.213621,-0.931767,0.706479,-0.000575,-0.016071,-1.009521,-0.210041,-0.007544,0.277066,0.485381,0.022168,-0.418915,-0.221647,0.049952,0.050067,71.740600,1.036816,-1.192524,0.003639,0.010902,1.465460,-0.302396,1.094649,0.026812,0.000932,0.031648,0.013507,0.112355,0.283892,0.094955,-0.309611
0.670061,1.224319,0.466729,0.004919,0.255388,0.017966,-0.809087,0.034134,-0.401112,0.003510,0.027573,0.047364,0.263698,-0.041733,0.006317,0.011012,0.002413,-0.002552,-0.934721,0.708363,-0.006146,0.033354,-1.329528,-0.238403,-0.009926,0.313543,0.470167,0.010408,-0.542447,-0.241188,0.048662,0.052823,148.026926,1.046696,-1.201446,0.002124,0.005911,1.987680,-0.301803,1.190978,0.017147,0.001044,0.031013,0.037469,0.112684,0.294814,0.110660,-0.355208
-0.177594,0.801159,1.654673,0.257092,0.402922,0.320319,-1.349016,0.374409,0.917871,0.141596,0.494741,0.303108,0.640537,0.142211,0.210615,0.311703,0.227746,0.651094,-1.334951,0.978795,0.472904,-0.795717,-1.826424,-0.281985,-0.799189,-0.185429,0.813881,0.208962,-0.570605,-0.788540,0.118187,0.492289,602.238904,1.166724,-1.320817,0.139464,0.215759,2.246436,-0.692931,-1.096964,0.787507,0.073464,0.269178,0.440532,0.976941,0.431348,-0.689877,0.181055
-0.412468,0.686172,0.995851,0.207346,0.432236,0.190167,-1.347726,0.362026,1.413617,0.191613,0.589274,0.321760,0.640537,0.142211,0.238270,0.277699,0.261765,0.734789,-1.470865,1.001458,1.164577,-0.883784,-1.708631,0.710617,-0.799189,-0.185429,0.813881,0.256514,-0.464373,-0.788540,0.118187,0.478798,350.582277,1.208702,-1.365373,0.467191,0.247260,2.742513,-0.788975,-1.224813,0.618548,0.164033,0.300081,0.654761,0.976941,0.524230,-0.689877,0.181055
-1.101148,0.669729,2.356766,0.304874,0.446441,0.460951,-1.597824,0.575164,1.413617,0.391470,0.743322,0.327521,0.771023,0.705993,0.244303,0.379878,0.394255,1.517128,-1.905614,1.020270,1.164577,-0.883784,-1.527517,0.743506,-0.830451,-1.135669,0.640200,0.362493,0.556361,-0.997114,0.505921,0.212393,642.537623,1.765325,-1.663869,0.467390,0.261454,2.206406,-1.025815,-0.932725,0.566694,0.274617,0.299651,0.224163,1.691064,0.574693,-1.062343,0.408836
-0.328004,0.707459,1.239502,0.103380,0.366915,0.439881,-1.580874,0.327590,1.133790,0.046137,0.289898,0.267352,0.642850,0.018982,0.201622,0.289109,0.057729,1.517128,-1.881644,1.020270,0.058961,-0.774946,-1.147124,0.327054,-0.089896,-1.093274,0.513885,0.308908,0.289847,-0.997114,0.061302,0.108744,351.443577,1.716772,-1.515485,0.060993,0.146863,1.731673,-0.330398,0.575604,0.050339,0.014033,0.292420,0.237911,0.243438,0.017515,-1.062343,0.311643
-2.433979,0.765091,0.224559,0.194102,0.685571,0.131410,-1.309484,1.330853,1.248650,0.099053,0.222486,0.380780,1.082782,-0.018639,0.219668,0.112147,0.075359,0.012412,-1.462194,0.834701,0.160749,-0.190822,-1.518987,0.041879,-0.599486,0.053548,1.029577,0.290343,0.222216,-2.393083,0.031768,0.152295,86.607704,1.333892,-1.345140,0.375846,0.030447,1.583783,-0.881026,-1.444550,0.756895,0.176041,0.453256,0.244121,0.002486,0.879508,-0.098042,-0.123508
1.008003,0.527021,1.623837,0.061481,0.149685,0.411033,-1.265967,0.424115,0.622338,0.090278,0.221031,0.262329,0.613005,0.097255,0.120721,0.163041,0.102255,-0.373005,-1.327797,0.824918,0.423485,-0.003247,-1.532665,0.419614,0.041138,0.023603,0.640037,0.105373,-0.711925,-2.393083,0.049098,0.461055,433.106272,1.306656,-1.432118,0.167382,0.040000,2.446479,-0.786738,-1.428335,0.584717,0.065888,0.349417,0.396884,0.290606,0.975814,-0.068863,-0.112979
1.091615,0.423634,0.744979,0.023560,0.065495,0.264412,-1.105905,0.420120,0.033667,0.051243,0.121758,0.509600,0.105333,-0.047189,0.139933,0.040981,0.025654,0.776588,-1.355613,0.772205,0.087248,-0.003247,-1.342830,0.202255,0.019169,0.002931,0.785062,0.109902,-0.711345,-0.035910,0.014461,0.323060,200.060404,1.299167,-1.518330,0.030370,0.022393,1.934775,-0.619500,0.234603,0.132205,0.015596,0.456477,0.219877,0.120549,1.022240,0.039027,-0.170334
0.242340,0.823885,0.735016,0.180174,0.240142,0.347418,-1.380338,0.067119,0.818984,0.060117,0.384387,0.296611,0.415974,-0.062771,0.084352,0.145770,0.063893,0.396663,-1.501842,0.829463,0.131123,-0.534943,-1.436682,-0.113114,-0.034684,0.225018,0.477618,0.228991,0.125136,-0.741799,0.081891,0.147741,261.393560,1.385065,-1.256697,0.085397,0.027790,1.972405,-0.365487,0.538781,0.178327,0.024989,0.141095,0.243943,0.224820,0.115031,0.047866,-0.119160
0.499604,1.273976,0.320807,0.021165,0.236994,0.030800,-0.861587,0.033847,-0.340749,0.013349,0.058223,0.086079,0.251538,-0.099769,0.052596,0.006319,0.008143,-0.152399,-0.848620,0.712234,0.046487,-0.014391,-0.983853,-0.191644,-0.053753,0.263301,0.505586,0.026776,-0.527960,-0.167539,0.016397,0.045673,117.957873,1.050292,-1.327733,0.004828,0.009839,1.435686,-0.315658,1.247423,0.013997,0.003687,0.085729,0.054081,0.177862,-0.041300,0.059768,-0.137408
0.397974,1.234623,0.152817,0.001445,0.242648,0.023399,-0.828382,0.016025,-0.237167,0.001139,0.005384,0.027471,0.244780,-0.040798,0.007337,0.003156,0.001629,-0.161518,-0.859769,0.708732,-0.004462,0.037929,-1.104703,-0.201970,-0.007328,0.285066,0.467123,0.002418,-0.320374,-0.166236,0.050982,0.045308,43.599713,1.004214,-1.208191,0.001040,0.003189,1.079489,-0.302949,1.202667,0.017702,0.000552,0.031764,0.020767,0.115086,0.285184,0.076968,-0.306597
0.649227,0.930173,0.661661,0.020012,0.297090,0.057747,-1.413396,0.125389,-0.269022,0.009840,0.060256,0.037135,0.335928,-0.036193,0.031660,0.030997,0.007574,-0.008299,-1.332075,0.718075,0.026808,-0.088645,-1.335574,-0.059942,-0.017903,0.273072,0.554413,0.026899,-0.323778,-0.159272,0.051266,0.117606,175.450647,1.374374,-1.256377,0.021211,0.024747,1.485435,-0.310627,0.881884,0.031582,0.001657,0.125962,0.015483,0.134060,0.362376,0.091619,-0.237709
-1.028556,0.675488,1.912431,0.288391,0.479208,0.341704,-1.137318,0.974513,-0.076258,0.136001,0.299268,0.349885,0.847274,0.594680,0.180325,0.104859,0.153305,0.417256,-0.942779,0.887253,-0.019960,-0.210281,-1.143960,-0.029926,-0.533336,-0.174978,0.643600,0.116235,-1.125576,-0.430443,0.138426,0.487243,835.222666,0.747309,-1.340416,0.124273,0.176028,1.802791,-0.880729,-0.836725,0.536627,0.136743,0.231520,0.251828,0.723634,1.014446,-0.815154,0.167543
-1.028556,0.600343,0.170633,0.245872,0.499250,0.422725,-1.319447,0.644114,1.036766,0.154986,0.610703,0.408569,0.847274,0.594680,0.208345,0.203398,0.203357,0.673942,-1.489250,0.961672,0.721597,-0.698631,-1.330362,1.154234,-0.533336,-0.174978,0.872067,0.150330,-1.113458,-0.398495,0.138426,0.393493,68.024783,1.307311,-1.369735,0.530350,0.218333,1.091250,-1.012213,-0.967892,0.575476,0.144734,0.234874,0.752281,0.723634,0.805241,-0.815154,0.167543
-0.443418,0.563847,0.975812,0.221543,0.505901,0.399257,-1.330464,0.321409,1.090323,0.450959,0.405695,0.334745,0.898551,1.450031,0.217657,0.412280,0.340690,0.410000,-1.331378,0.923481,0.649061,-0.567025,-1.386065,0.924803,-1.085549,-0.971415,0.706603,0.389253,0.629302,-0.676540,1.197306,0.359756,262.286489,1.155029,-1.511633,0.437965,0.342109,1.691314,-0.696560,0.135761,0.279372,0.336165,0.245644,0.127969,1.086012,1.243521,-0.742816,0.447416
0.171491,0.774578,3.232256,0.043495,0.385076,0.479118,-1.307539,0.267849,0.711853,0.015652,0.128555,0.375649,0.552832,-0.027428,0.124770,0.079850,0.027678,0.058485,-1.287476,0.726857,0.036452,-0.567025,-1.681120,-0.090182,-0.139460,0.191509,0.714977,0.156215,-0.526643,-0.676540,0.061072,0.363776,965.289742,1.262032,-1.372122,0.055194,0.033289,1.938489,-0.307747,0.336341,0.280030,0.006342,0.204592,0.385308,0.275993,0.547637,0.282356,-0.146844
-0.781141,0.738990,1.642874,0.300662,0.514784,0.302585,-1.236526,0.679447,0.121522,0.136783,0.386489,0.378745,0.759007,0.628746,0.279259,0.160289,0.178588,0.164298,-1.234672,0.940445,-0.013123,-0.416423,-1.649459,0.000215,-0.707837,-0.126580,0.977366,0.254420,-0.767124,-0.742174,0.140838,0.545862,604.220162,1.106941,-1.375320,0.144003,0.181028,1.236279,-0.952303,-0.905293,0.644968,0.134774,0.332872,0.263419,0.884733,1.184599,-0.821779,0.210123
-0.781141,0.642984,0.165805,0.259356,0.511625,0.403348,-1.320931,0.533468,0.793552,0.207859,0.699884,0.365173,0.759007,0.628746,0.274869,0.211643,0.281909,0.639417,-1.428157,1.012460,0.771257,-0.727802,-1.726050,0.993771,-0.707837,-0.385816,0.977366,0.269728,-0.767124,-0.742174,0.140838,0.531949,58.528607,1.336725,-1.370890,0.555443,0.285004,1.065656,-0.952303,-1.081077,0.656356,0.185006,0.293716,0.550021,0.884733,0.798846,-0.828909,0.727791
-0.164525,0.631695,0.486848,0.287021,0.530948,0.231296,-1.266408,0.246603,0.788733,0.500978,0.456398,0.290475,0.889295,1.307392,0.297091,0.372673,0.361865,0.452841,-1.392688,1.032106,0.764438,-1.309866,-1.954427,0.993771,-0.666873,-0.755265,0.892373,0.337488,0.265139,-0.738715,1.702808,0.356347,118.594739,1.211237,-1.457678,0.500972,0.360218,0.790399,-0.834019,-0.177403,0.294027,0.369295,0.353724,0.158204,0.863424,1.114479,-0.828909,0.761118
0.393037,0.795856,2.735581,0.052333,0.397213,0.495404,-1.011837,0.293406,0.602831,0.018722,0.257898,0.272296,0.512059,-0.026182,0.222025,0.136456,0.026229,0.123580,-1.137522,0.743150,0.017106,-0.473374,-1.804642,-0.065331,-0.105912,0.200469,0.892373,0.165624,-0.641622,-0.738715,0.065097,0.298984,806.737963,1.131517,-1.342480,0.043795,0.025261,1.526523,-0.313615,0.472996,0.198549,0.006407,0.313817,0.335588,0.166556,0.712054,0.261495,-0.182892
-0.652054,0.762748,1.656590,0.358594,0.526370,0.385323,-1.379529,0.672759,0.205336,0.165130,0.457050,0.249869,0.831594,0.674230,0.296395,0.217565,0.203984,0.088036,-1.629531,0.921347,-0.000653,-0.315204,-1.756279,0.106012,-0.821909,-0.359901,0.922078,0.276955,-0.849853,-0.659727,0.133829,0.605978,657.832349,1.321533,-1.168870,0.157746,0.208691,1.992090,-0.960543,-1.090848,0.678746,0.161180,0.257793,0.279564,0.903012,1.100141,-0.986104,0.345396
-0.652054,0.760385,0.240439,0.318484,0.536580,0.517438,-1.321542,0.572549,1.218572,0.224410,0.763896,0.295067,0.831594,0.674230,0.317045,0.277057,0.267452,0.494181,-1.409392,1.035718,0.665612,-0.715400,-1.443016,0.954089,-0.821909,-0.359901,0.922078,0.275420,-0.849853,-0.659727,0.133829,0.684652,98.595519,1.230611,-1.182920,0.583022,0.277832,1.558765,-0.960543,-1.309799,0.693314,0.181243,0.317162,0.712833,0.903012,1.066799,-0.986104,0.373330
-0.344451,0.602734,0.523257,0.249613,0.481202,0.291434,-1.339562,0.363246,1.188946,0.445395,0.491951,0.371969,0.754420,1.341233,0.290195,0.504843,0.395706,0.520378,-1.452641,1.147423,0.637652,-0.551762,-1.709891,0.954089,-1.239120,-1.035692,0.860207,0.338217,0.292820,-0.763830,1.745747,0.362419,140.794349,1.329709,-1.485571,0.472502,0.336671,1.899325,-0.814913,-0.527915,0.316780,0.347614,0.427232,0.212001,1.087424,1.205769,-0.289016,0.407395
0.105223,0.850941,2.646707,0.143433,0.403104,0.463341,-1.258257,0.353202,0.701837,0.030227,0.316631,0.352015,0.566173,-0.005508,0.251805,0.159534,0.053530,0.135965,-1.353947,0.765352,0.035481,-0.551762,-2.059559,-0.071917,-0.101709,0.153915,0.891785,0.306982,-0.640415,-0.763830,0.059757,0.410675,770.812695,1.293328,-1.325296,0.070189,0.101290,2.135407,-0.332953,0.341236,0.186518,0.017103,0.451014,0.374158,0.247167,0.768093,0.151867,-0.137937
-0.529540,0.752747,1.753221,0.390876,0.550010,0.267366,-1.347042,0.623441,0.062451,0.145099,0.545942,0.250036,0.773376,0.695689,0.320392,0.189973,0.215901,0.128763,-1.251721,0.959763,-0.010226,-0.252849,-2.140725,0.031822,-0.968790,-0.193842,1.043671,0.273629,-0.773931,-0.737094,0.157423,0.563598,658.059497,1.211905,-1.355925,0.139277,0.199171,2.070741,-1.000530,-0.934437,0.645350,0.163234,0.376033,0.258817,1.038289,0.913552,-0.892959,0.279205
-0.529540,0.658750,0.171679,0.337683,0.563984,0.377742,-1.397931,0.535460,0.835228,0.231247,0.837525,0.216648,0.773376,0.695689,0.348048,0.211000,0.274554,0.294418,-1.559162,1.051913,0.853432,-0.656763,-2.251051,0.946435,-0.968790,-0.375256,1.043671,0.264311,-0.765727,-0.737094,0.180385,0.731829,66.289945,1.376680,-1.451962,0.611017,0.275298,1.213419,-1.000530,-1.157222,0.650519,0.209490,0.317069,0.599916,1.038289,0.900290,-0.892959,0.493055
-0.184247,0.605912,1.031479,0.180241,0.568563,0.312456,-1.279483,0.303844,0.835228,0.435910,0.413928,0.264611,0.755113,0.836972,0.336296,0.288855,0.312038,0.392545,-1.225737,0.920435,0.853432,-0.998089,-1.997839,0.946435,-0.798372,-1.769409,1.098023,0.357310,0.190332,-0.545529,1.076576,0.315897,275.974311,1.117233,-1.513662,0.581494,0.368038,2.161079,-0.912760,-0.736961,0.420478,0.320921,0.327857,0.195659,0.737243,0.956877,-0.591710,0.642905
0.176359,0.733648,3.626179,0.073150,0.417525,0.468101,-1.308420,0.370358,0.585036,0.027153,0.237823,0.467573,0.506607,-0.020559,0.293063,0.086567,0.035024,0.513499,-1.237914,0.736250,0.011003,-0.834437,-1.942102,-0.111420,-0.075133,0.135981,1.098023,0.259472,-0.736460,-0.545529,0.058204,0.322969,1098.301555,1.201254,-1.375402,0.036901,0.074453,1.764090,-0.326620,0.375204,0.173769,0.007309,0.325336,0.367538,0.227984,0.884216,0.230394,-0.144444
-0.685929,0.760217,2.161053,0.203565,0.509549,0.379052,-1.371002,0.733935,0.070717,0.177295,0.245758,0.429504,0.880273,0.547392,0.305096,0.209359,0.244000,0.547885,-1.382715,0.997973,0.211712,-0.487930,-1.490998,-0.256321,-0.983540,-0.350050,1.019984,0.156038,-1.002311,-0.749559,0.112913,0.602967,859.923818,1.280547,-1.270050,0.158770,0.214225,1.833491,-0.665581,-1.202762,0.701341,0.104330,0.327496,0.334948,1.081070,1.218811,-0.807012,0.279544
-0.685929,0.755561,0.163090,0.229167,0.583313,0.589619,-1.377831,0.519184,0.998233,0.231635,0.648880,0.381473,0.880273,0.547392,0.300045,0.207789,0.239747,1.126916,-1.448013,1.046993,0.963430,-1.362510,-1.536912,0.843505,-0.983540,-0.350050,1.766797,0.270834,-1.002311,-0.749559,0.112913,0.509799,65.257034,1.294516,-1.369954,0.616816,0.282672,1.222591,-1.011656,-1.290271,0.694723,0.147519,0.249319,0.706885,1.081070,1.218811,-0.807012,0.433090
-0.203370,0.564610,1.147580,0.332269,0.596345,0.382653,-1.331293,0.266235,0.988937,0.545474,0.603360,0.501619,1.029448,1.943452,0.251709,0.372503,0.468332,1.133351,-1.468969,1.003567,0.950538,-1.541466,-1.782087,0.843505,-0.393826,-2.076818,0.687507,0.487700,0.398773,-0.975819,1.753958,0.408958,344.560052,1.256961,-1.469410,0.578969,0.381842,1.489913,-0.819847,-0.265265,0.332957,0.408465,0.275402,0.158456,1.715592,1.169784,-0.507304,0.783209
0.311263,0.629665,3.429417,0.062418,0.387673,0.636820,-1.309935,0.285511,0.861516,0.019836,0.214725,0.534448,0.523256,-0.025316,0.227505,0.101289,0.024182,0.771990,-1.269427,0.809957,0.019717,-0.741790,-2.180511,0.045895,-0.042562,0.016567,0.981005,0.367110,-0.622536,-0.975819,0.069981,0.287650,1122.904469,1.220350,-1.425662,0.049131,0.084315,1.877754,-0.316413,0.168950,0.225962,0.005907,0.416963,0.367935,0.255088,0.730548,0.108696,-0.144627
-0.864391,0.704756,2.037394,0.207772,0.504483,0.406067,-1.349019,0.747945,0.062241,0.159862,0.138035,0.548154,0.808523,0.537297,0.306514,0.167250,0.212039,0.765821,-1.328793,0.942176,0.042064,-0.457848,-1.753791,-0.137217,-0.734212,-0.229674,0.993884,0.202753,-0.881318,-0.871553,0.147947,0.522967,821.728308,1.144468,-1.280776,0.143897,0.191046,1.804731,-0.706679,-1.066841,0.621940,0.116439,0.331875,0.302463,0.966226,1.161749,-0.814886,0.273893
-0.864391,0.711727,0.180378,0.222317,0.577966,0.384499,-1.418592,0.596767,0.972111,0.230129,0.661592,0.270019,0.808523,0.537297,0.315848,0.177228,0.237285,0.858077,-1.673087,0.983604,1.039101,-1.275961,-1.223912,0.943398,-0.734212,-0.432929,0.993884,0.253477,-0.881318,-0.871553,0.147947,0.689976,64.694795,1.411328,-1.075572,0.621021,0.249785,0.860200,-1.031254,-1.225455,0.688026,0.152893,0.217538,0.676423,0.966226,1.161749,-0.814886,0.273893
-0.160771,0.629627,0.965099,0.164987,0.596219,0.487049,-1.140258,0.295644,0.972111,0.421856,0.565342,0.407547,0.905599,1.261471,0.254972,0.275431,0.479702,0.878971,-1.200324,0.983549,1.039101,-1.529511,-1.960310,0.943398,-0.455903,-1.139974,0.721929,0.361146,0.317616,-0.795185,1.125377,0.357951,294.517191,1.076908,-1.343007,0.615845,0.406845,1.948687,-0.949639,-0.666489,0.412571,0.371297,0.292153,0.199057,1.779813,0.723812,-0.953474,0.891609
0.167111,0.749949,3.351721,0.058651,0.402892,0.518891,-1.161083,0.299632,0.719759,0.025177,0.163632,0.492816,0.531745,0.036102,0.174116,0.077023,0.037524,0.920217,-1.047974,0.786691,0.082244,-0.660628,-2.207827,0.031066,-0.046739,-0.052039,0.835006,0.256421,-0.658588,-0.680731,0.059330,0.285188,1092.030657,1.072760,-1.351851,0.038019,0.069679,1.828588,-0.322753,0.430833,0.193509,0.011356,0.350764,0.374458,0.331265,0.721425,0.151699,-0.117544
-0.742449,0.761267,1.855442,0.179006,0.503939,0.440518,-1.380074,0.667821,0.049234,0.175638,0.231306,0.450910,0.823035,0.496363,0.291616,0.204611,0.227513,0.829002,-1.474246,0.957922,0.014351,-0.565144,-1.715667,-0.203719,-0.908046,-0.308808,0.835006,0.182023,-0.881118,-0.839874,0.134638,0.482784,761.095488,1.377243,-1.336198,0.149676,0.209221,1.805015,-0.760673,-1.059708,0.663299,0.112643,0.349645,0.294482,0.905250,1.234305,-0.792894,0.270810
-0.742449,0.727038,0.169230,0.215411,0.606232,0.443447,-1.313452,0.544230,0.951722,0.260544,0.834835,0.296894,1.305227,0.496363,0.314444,0.403695,0.240651,0.980671,-1.464064,2.795649,1.017158,-1.112720,-1.517072,7.544214,-0.908046,-0.308808,0.957033,0.273401,-0.881118,-0.839874,0.134638,0.495509,63.084222,1.317801,-1.318201,0.677092,0.280061,0.988504,-0.947918,-1.232986,0.689723,0.149294,0.257757,0.678222,0.905250,1.234305,-0.792894,0.352577
0.060647,0.622138,0.530199,0.247294,0.697850,0.288918,-1.358777,0.210884,0.951722,0.502315,1.433865,0.437525,2.091419,1.573739,0.257794,0.818610,0.514904,0.994235,-1.457701,3.536650,1.017158,-1.297956,-1.277339,7.544214,-0.378606,-1.279409,0.857977,0.378458,0.262804,-0.934761,1.739505,0.309874,151.986012,1.310928,-1.568063,0.775509,0.405800,1.110158,-0.936354,-0.607532,0.388404,0.411569,0.403641,0.191754,1.372709,1.297981,-0.732376,0.931044
0.261739,0.733701,3.276713,0.074425,0.510846,0.524237,-1.257147,0.317910,0.683946,0.296789,1.203160,0.545236,2.091419,0.158029,0.266477,0.498903,0.090288,0.928458,-1.115239,3.444649,0.082603,-0.542833,-1.709024,4.408627,-0.057475,0.152029,0.957634,0.294244,-0.673498,-0.934761,0.052544,0.301379,978.314664,1.067925,-1.423087,0.332782,0.155946,1.950059,-0.352750,0.288973,0.214432,0.030282,0.495718,0.373116,0.619805,0.632381,0.217082,-0.081530
-0.759541,0.732132,2.004351,0.244531,0.543409,0.475580,-1.079562,0.693594,0.081400,0.202264,0.510190,0.421695,1.916576,0.628311,0.330590,0.270693,0.265345,0.768402,-0.817948,3.444649,0.229473,-0.397768,-1.524834,-0.136980,-0.848102,-0.240928,0.957634,0.211752,-0.941534,-0.562699,0.146756,0.492575,747.315007,0.666306,-1.371799,0.184303,0.188044,1.954258,-0.623554,-0.858756,0.579889,0.131253,0.358995,0.313487,1.247204,1.182163,-0.815790,0.251457
-0.759541,0.661541,0.235501,0.237094,0.605489,0.491038,-1.149814,0.594059,0.989178,0.216984,0.578886,0.254814,0.884801,0.628311,0.307701,0.186770,0.262861,0.768402,-1.323143,0.980019,0.925563,-0.823821,-1.495151,1.038404,-0.848102,-0.287038,0.809849,0.240471,-0.941534,-0.562699,0.146756,0.698324,90.829676,1.218186,-1.357642,0.653864,0.235862,0.388483,-1.053302,-1.125146,0.665200,0.151208,0.302875,0.737835,1.247204,1.182163,-0.817686,0.251457
-0.319733,0.640581,0.856124,0.220732,0.649856,0.436496,-1.420625,0.350277,0.989178,0.534377,0.567513,0.303491,1.030884,1.782005,0.310451,0.381720,0.534532,0.555101,-1.661341,1.246580,0.925563,-1.160046,-1.409759,1.038404,-0.948553,-1.046719,0.775565,0.382746,0.256495,-0.801027,1.481309,0.361777,243.584013,1.425009,-1.606042,0.686993,0.464425,1.078093,-1.016292,-0.902466,0.533366,0.500463,0.233588,0.216172,1.957802,0.980517,-1.219819,1.012490
-0.319733,0.719355,3.479081,0.127706,0.458970,0.598217,-1.060684,0.385568,0.678484,0.089805,0.384250,0.420866,0.799674,0.204794,0.241772,0.204617,0.257016,0.555101,-0.918219,0.772518,0.146798,-0.909028,-1.793679,0.197118,-0.407841,0.042807,0.896455,0.308865,-0.697413,-0.801027,0.142699,0.431947,1001.183931,0.950523,-1.198906,0.075616,0.210155,1.805563,-0.363779,0.276244,0.192142,0.052889,0.379265,0.405264,1.957802,0.792763,0.201049,-0.082923
-0.741305,0.723660,1.950353,0.326333,0.552549,0.551575,-1.486092,0.629379,0.114514,0.170748,0.417519,0.406605,0.965066,0.794123,0.292628,0.258780,0.239081,0.447152,-1.458700,1.004526,0.112125,-0.342265,-1.801263,0.356593,-1.034716,-0.535702,0.896455,0.256532,-1.033003,-0.594499,0.189719,0.626670,722.529635,1.354512,-1.252524,0.176152,0.226441,1.726466,-0.967807,-1.009930,0.640511,0.170334,0.386219,0.363466,1.303969,1.195669,-0.855845,0.227010
-0.741305,0.679806,0.193236,0.276121,0.588137,0.751573,-1.345682,0.545025,0.987650,0.230812,0.717083,0.440165,0.965066,0.794123,0.363436,0.335755,0.336482,0.447152,-1.461262,1.134800,0.860423,-0.984058,-1.391557,1.182156,-1.034716,-0.535702,1.070045,0.267260,-1.033003,-0.942535,0.190029,0.699738,78.228229,1.384566,-1.592594,0.639436,0.359290,1.352141,-1.030911,-1.117574,0.659086,0.208245,0.380038,0.718918,1.303969,1.195669,-0.872149,0.634012
-0.352342,0.505678,1.119896,0.350306,0.586924,0.421607,-1.411621,0.341759,0.912132,0.450150,0.644657,0.511064,1.044040,1.433521,0.364607,0.464299,0.374260,0.337796,-1.618003,1.065299,0.860423,-0.916893,-2.081545,1.182156,-1.077268,-1.453885,1.070045,0.378794,0.179436,-0.682415,1.391699,0.541382,336.493406,1.436937,-1.697734,0.547435,0.419590,0.590003,-0.876518,-0.219820,0.345072,0.323979,0.406069,0.205359,1.229315,1.228964,-0.797743,0.727321
0.286148,0.603007,3.453958,0.108849,0.407622,0.398031,-1.346397,0.282520,0.757839,0.025399,0.324746,0.301315,0.515594,-0.029456,0.230765,0.087012,0.030424,-0.203988,-1.284757,0.755034,-0.003007,-0.302037,-1.912211,0.077328,-0.068219,0.042165,0.892694,0.212009,-0.676824,-0.365889,0.053622,0.396805,1009.884871,1.153907,-1.416822,0.038252,0.050633,1.930194,-0.314483,0.252750,0.215199,0.006717,0.363769,0.372806,0.145595,0.758022,0.254454,-0.143535
-1.206020,0.654194,1.861169,0.367018,0.516063,0.378146,-1.289747,0.849391,0.066106,0.159916,0.353844,0.543831,0.916602,0.735936,0.262502,0.190481,0.249764,0.583355,-1.371719,0.993287,-0.014676,-0.392896,-1.251223,-0.014604,-0.900098,-0.484421,0.789919,0.220428,-1.178668,-0.524453,0.166872,0.671712,712.072162,1.272884,-1.435309,0.143503,0.188951,1.922335,-1.082569,-0.944888,0.543436,0.167535,0.407188,0.376523,1.180820,1.541266,-0.885893,0.241798
-1.206020,0.679514,0.209488,0.339895,0.562154,0.565601,-1.274193,0.723790,1.041673,0.210608,0.809544,0.269813,0.916602,0.735936,0.301551,0.262145,0.278588,0.583355,-1.369341,1.075045,0.807260,-0.811572,-2.143495,1.054609,-0.900098,-0.484421,0.962903,0.194490,-1.178668,-0.723307,0.166872,0.725444,78.693788,1.294893,-1.322985,0.603386,0.250360,0.779767,-1.082569,-1.084064,0.645220,0.186493,0.351223,0.826210,1.180820,1.541266,-0.885893,0.457563
-0.316018,0.605762,0.553047,0.233896,0.566994,0.363982,-1.273207,0.356797,1.040824,0.485141,0.502301,0.337957,0.984879,1.354852,0.312609,0.424989,0.433235,0.382195,-1.354402,1.007799,0.807260,-1.420964,-2.198804,0.996527,-1.093833,-0.729551,0.732946,0.400189,0.287920,-0.873806,1.570335,0.405859,152.629801,1.305750,-1.476878,0.569554,0.383757,2.108880,-0.906127,-0.530517,0.376045,0.352416,0.417061,0.209127,1.393741,1.209633,-1.045517,0.707779
0.138226,0.781288,3.231786,0.063280,0.398670,0.461248,-1.250129,0.349811,0.682987,0.021280,0.187588,0.260364,0.541906,-0.031896,0.242628,0.088954,0.027936,0.049982,-0.992550,0.747300,0.028182,-0.662964,-2.030039,-0.100582,-0.080352,0.179190,0.976302,0.285550,-0.742627,-0.873806,0.054137,0.385831,918.404321,1.022445,-1.330234,0.060755,0.076726,2.003239,-0.325638,0.379857,0.221232,0.008753,0.392316,0.389363,0.183488,0.750044,0.220008,-0.171460
-0.735638,0.765049,1.829633,0.306929,0.541309,0.272378,-1.368294,0.708648,0.022864,0.167755,0.445592,0.374807,0.833348,0.632454,0.291533,0.160845,0.180735,0.496195,-1.258356,0.979718,-0.025801,-0.495742,-1.593207,-0.188359,-0.938337,-0.301680,0.900866,0.220769,-0.941394,-0.687660,0.137238,0.573435,661.074822,1.310547,-1.283311,0.152493,0.210447,1.865717,-0.966960,-0.980633,0.649695,0.147683,0.351790,0.273708,0.763468,1.005668,-0.912455,0.370491
-0.735638,0.695494,0.170835,0.267868,0.589474,0.356239,-1.346919,0.566844,0.811988,0.234740,0.745137,0.266571,0.833348,0.632454,0.302498,0.259228,0.241287,0.575825,-1.420170,1.063647,0.853810,-0.772066,-1.380909,1.120239,-0.938337,-0.631106,0.898309,0.232434,-0.941394,-0.687660,0.137238,0.720664,68.338970,1.341697,-1.323842,0.639069,0.348692,0.975292,-0.966960,-1.161626,0.702196,0.192203,0.241457,0.628453,0.763468,1.003207,-0.947248,0.880084
-0.260857,0.637487,0.556167,0.266477,0.574638,0.327586,-1.270715,0.318118,0.811970,0.449373,0.371525,0.263561,0.879779,1.243404,0.311532,0.378229,0.388713,0.608092,-1.362856,1.137251,0.853810,-1.164087,-1.983819,1.120239,-0.486379,-1.503015,0.898309,0.323119,0.148025,-0.759129,1.402351,0.297197,160.336747,1.286360,-1.467507,0.587681,0.422718,1.593194,-0.962810,-0.483140,0.357755,0.355181,0.294233,0.172457,1.116809,1.281514,-0.947248,1.057980
0.115391,0.733303,2.155822,0.047500,0.369063,0.534045,-1.216169,0.290028,0.689763,0.015393,0.159650,0.263055,0.487066,-0.008005,0.221644,0.090065,0.019151,0.276601,-1.449653,0.728203,0.026952,-0.699956,-2.223671,-0.031754,-0.018539,0.057490,0.888676,0.215779,-0.482130,-0.759129,0.052304,0.357683,657.508879,1.259878,-1.240432,0.045135,0.096020,2.062284,-0.308571,0.354583,0.188379,0.006261,0.318482,0.324866,0.148600,0.627070,0.130145,-0.109360
0.031936,0.775773,0.876337,0.172090,0.479559,0.373294,-1.320698,0.479319,0.680834,0.129704,0.385236,0.160030,0.824070,0.682658,0.361328,0.183032,0.175784,-0.055175,-1.278243,1.060481,0.433512,-0.336556,-2.137937,0.703223,-0.895746,-0.190598,1.167424,0.234927,-0.555223,-1.028014,0.146310,0.747888,348.271255,1.179939,-1.122929,0.372464,0.208543,1.834189,-0.903581,-1.061308,0.820665,0.136797,0.362006,0.420031,0.582450,0.928738,-0.664694,0.130429
-0.370617,0.702083,1.655372,0.149440,0.425210,0.197256,-1.494755,0.336822,0.676891,0.297637,0.336958,0.240255,0.631852,0.725984,0.227251,0.236929,0.265006,0.373550,-1.710143,0.975136,0.700504,-0.924634,-1.263171,0.904859,-0.844682,-0.908149,0.765804,0.327466,-0.016762,-0.555462,0.890492,0.245311,685.991701,1.508183,-1.387241,0.412007,0.283422,1.829787,-0.794906,-0.437920,0.315276,0.240129,0.340201,0.172453,0.793686,0.916075,-0.402685,0.559110
0.350382,1.176978,0.485550,0.013689,0.260860,0.169197,-0.782111,0.062525,0.063723,0.012010,0.072018,0.213524,0.290573,-0.040131,0.222601,0.047125,0.006703,-0.120440,-0.865991,0.739538,-0.000218,-0.043529,-1.095937,-0.271634,-0.024102,0.197937,0.854912,0.077536,-0.406106,-0.382442,0.050538,0.064024,147.602078,1.066455,-1.108649,0.015264,0.045884,1.881557,-0.306499,1.028520,0.057249,0.002541,0.267761,0.136918,0.131611,0.450104,0.089717,-0.182846
0.543327,1.238721,1.091724,0.016550,0.249228,0.399378,-0.786668,0.031460,-0.397658,0.007611,0.053190,0.204424,0.260710,-0.040826,0.016088,0.023558,0.011032,0.171240,-0.831187,0.712702,0.017833,-0.052517,-1.053091,-0.258136,-0.009869,0.288735,0.472144,0.030072,-0.502641,-0.438744,0.052031,0.115753,333.278835,1.022609,-1.067082,0.005893,0.016433,1.885492,-0.306291,1.209636,0.016385,0.001656,0.039908,0.021330,0.142153,0.260808,0.087927,-0.317394
0.598361,0.845133,1.434873,0.286886,0.389131,0.142024,-1.209624,0.109742,0.444260,0.087528,0.452656,0.067385,0.602469,0.144738,0.057198,0.200631,0.160523,0.287243,-1.129404,0.821606,0.349978,-0.768822,-1.530692,-0.282096,-0.683880,-0.191414,0.549615,0.145734,-0.546849,-0.470109,0.065519,0.324675,598.988148,1.027622,-1.218134,0.124118,0.180504,1.926361,-0.331155,-0.677535,0.653517,0.041671,0.088741,0.270937,0.601497,0.329623,-1.053382,0.302577
0.598361,0.635426,0.421646,0.257716,0.390735,0.196219,-1.252350,0.125328,1.188650,0.113092,0.626568,0.122161,0.602469,0.144738,0.078537,0.213266,0.146213,0.521420,-1.297022,0.887838,1.047657,-0.960062,-1.723538,0.665707,-0.683880,-0.191414,0.586477,0.188329,-0.546849,-0.470109,0.074054,0.340720,160.189062,1.179850,-1.284171,0.383017,0.190035,0.951992,-0.627342,-0.892659,0.680035,0.078092,0.054779,0.641674,0.601497,0.431992,-1.053382,0.302577
-1.364042,0.659648,1.279467,0.250036,0.339436,0.203039,-1.420235,0.830777,1.188650,0.344134,0.484927,0.101438,0.834425,0.490448,0.073397,0.333806,0.355377,0.573015,-1.485683,0.900707,1.067217,-0.960062,-1.664174,0.665707,-0.818805,-0.467727,0.712342,0.147159,0.564343,-0.136406,0.345785,0.309941,414.224699,1.322089,-1.395311,0.382155,0.197028,1.745614,-0.992926,-0.892659,0.704189,0.219014,0.237863,0.153172,0.521151,0.695244,-0.617219,0.243304
-1.364042,0.584622,3.197662,0.264657,0.420437,0.492441,-1.486084,0.710474,1.146820,0.375824,0.581484,0.264484,0.834425,0.490448,0.279637,0.348257,0.295296,1.215837,-1.468005,0.900707,1.049712,-0.849143,-1.694234,0.590528,-0.818805,-0.467727,0.712342,0.344319,0.495224,-0.784388,0.345785,0.145200,987.917587,1.367345,-1.500456,0.322071,0.191999,1.889003,-0.992926,-0.047871,0.204298,0.234337,0.487356,0.173014,0.521151,0.695244,-0.758176,0.246600
0.669963,0.640548,2.251085,0.024167,0.423535,0.220367,-1.131454,0.186681,0.262719,0.028974,0.153546,0.300938,0.575767,-0.037236,0.195801,0.050475,0.014535,0.548940,-1.087515,0.725565,-0.014227,-0.365615,-1.309210,-0.152552,-0.147218,0.050202,0.922260,0.099656,-0.518259,-0.430693,0.052369,0.281345,733.552275,1.150745,-1.362772,0.055531,0.052149,1.855049,-0.301620,0.331974,0.090783,0.004573,0.367169,0.234888,0.142028,0.732567,-0.174885,0.016476
-0.218071,0.603359,0.187082,0.270761,0.447374,0.422511,-1.359630,0.414018,0.678984,0.152662,0.998423,0.282024,0.660258,0.610795,0.239659,0.160019,0.147222,0.796054,-1.484952,1.004439,1.086034,-0.929763,-1.983018,0.256816,-0.617981,-0.092075,0.820773,0.242910,-0.518259,-0.941181,0.148650,0.528740,75.024146,1.316240,-1.111481,0.478989,0.210868,1.140531,-0.955813,-1.063096,0.559244,0.158843,0.242348,0.421739,0.554051,0.701216,-0.442461,0.062023
0.360423,1.043809,0.811788,0.015547,0.242100,0.475462,-1.188445,0.060334,0.419063,0.031433,0.090490,0.310200,0.298149,-0.038924,0.092837,0.041709,0.008964,0.503896,-1.311136,0.781213,0.010880,-0.235742,-1.050848,-0.094822,-0.027393,-0.030581,0.546867,0.093142,-0.212824,-0.465570,0.054184,0.176783,287.176924,1.175425,-1.264871,0.043504,0.100865,2.208819,-0.304216,0.766535,0.197594,0.001837,0.132369,0.225237,0.132413,0.143964,0.046386,-0.041173
0.479895,1.198273,0.177870,0.004637,0.244344,0.038369,-0.733751,0.020943,-0.276090,0.003538,0.006205,0.027734,0.250389,-0.039860,0.016118,0.004210,0.001693,-0.191279,-0.853644,0.707350,-0.003513,0.023825,-0.950341,-0.217607,-0.009960,0.294781,0.466778,0.007213,-0.322373,-0.283882,0.050165,0.024768,55.172288,1.074080,-1.292822,0.005017,0.006908,1.141139,-0.303368,1.162998,0.017248,0.000635,0.020956,0.011956,0.102611,0.168378,0.056485,-0.327212
0.728628,0.922324,0.913011,0.025884,0.306496,0.150797,-1.187726,0.182609,-0.250737,0.022899,0.074296,0.219231,0.339148,-0.033969,0.062191,0.064076,0.015782,0.483841,-1.364239,0.722803,0.018396,-0.156617,-1.141788,-0.060451,-0.031728,0.275910,0.655341,0.082657,-0.312262,-0.120823,0.052779,0.167642,238.385056,1.218893,-1.469763,0.024005,0.030377,2.184572,-0.315633,0.846037,0.046900,0.002738,0.161668,0.017792,0.136403,0.420728,0.122263,-0.255223
-0.687195,0.643724,2.429025,0.261931,0.470996,0.225521,-1.311016,0.882494,0.020840,0.125891,0.281311,0.220487,0.783358,0.435259,0.231790,0.129293,0.182646,0.179849,-1.372692,0.885193,0.033569,-0.247741,-1.378694,0.110534,-0.716949,-0.102362,0.916319,0.146855,-0.980644,-0.437943,0.135952,0.451727,835.323830,1.159684,-1.366891,0.121684,0.176199,1.822282,-0.679976,-0.784490,0.528639,0.106860,0.181303,0.238071,0.795508,0.905734,-0.764934,0.272446
-0.687195,0.601352,0.172761,0.239377,0.508171,0.436843,-1.406488,0.532899,1.147863,0.146644,0.608419,0.428328,0.783358,0.435259,0.224899,0.203690,0.221172,0.660820,-1.442312,0.887661,0.727869,-0.971500,-1.339106,0.977529,-0.716949,-0.102362,0.916319,0.192963,-0.980374,-0.375028,0.135952,0.301045,70.584463,1.278084,-1.242724,0.541038,0.227772,1.120309,-0.950719,-0.989242,0.568062,0.123771,0.190152,0.743564,0.795508,0.735923,-0.764934,0.325840
-0.435709,0.482440,0.376024,0.205855,0.530123,0.465445,-1.345406,0.371129,1.162456,0.282365,0.383368,0.555991,0.934397,0.956819,0.252647,0.434394,0.310029,0.720152,-1.551311,0.868103,0.661639,-0.640661,-1.099752,0.887290,-1.494082,-1.520078,0.677977,0.355032,0.670693,-0.644192,0.819219,0.298966,103.083686,1.374413,-1.492454,0.495062,0.376306,1.915797,-0.813772,-0.125140,0.322889,0.290087,0.412882,0.147426,0.884903,1.320171,-1.238763,0.521447
0.174476,0.616750,2.788142,0.053403,0.382850,0.384562,-1.130518,0.336176,0.909027,0.014629,0.156361,0.272777,0.546350,-0.032744,0.189844,0.080480,0.023184,0.043931,-1.334622,0.777999,0.036750,-0.640661,-2.105114,-0.117720,-0.044279,0.062885,0.829866,0.165167,-0.559761,-0.539157,0.052707,0.413781,759.279895,1.184523,-1.360378,0.058877,0.039161,1.944224,-0.321177,0.207047,0.304503,0.005663,0.355079,0.417539,0.159051,0.700205,0.266910,-0.129497
-0.609905,0.712290,2.224360,0.275895,0.526229,0.254998,-1.191331,0.723580,0.274816,0.153861,0.355552,0.379711,0.777962,0.780677,0.348731,0.183083,0.198439,0.533830,-1.272748,0.892176,-0.007500,-0.330758,-1.891289,0.002233,-0.858640,-0.216093,0.959486,0.237589,-0.808627,-0.728277,0.162326,0.572079,751.365172,1.068621,-1.364239,0.153724,0.191027,1.884950,-0.980049,-0.916939,0.602117,0.159243,0.398801,0.324942,0.842647,1.024372,-0.921280,0.243806
-0.609905,0.643628,0.181388,0.241782,0.579833,0.384790,-1.290693,0.621010,0.992678,0.237142,0.668538,0.246256,0.777962,0.780677,0.342841,0.219943,0.239531,0.533830,-1.389650,0.965126,0.895107,-0.605503,-1.745321,0.962685,-0.858640,-0.337564,0.959486,0.240440,-0.808627,-0.728277,0.162326,0.719735,66.649947,1.303372,-1.376815,0.628223,0.248536,1.111455,-0.980049,-1.137452,0.647465,0.193923,0.316227,0.669267,0.842647,1.024372,-0.921280,0.463655
-0.174110,0.622841,0.607172,0.231584,0.614080,0.318661,-1.406218,0.318572,0.992678,0.464876,0.440926,0.226492,0.915509,1.481252,0.321494,0.486387,0.406420,0.224028,-1.468626,0.986195,0.895107,-1.058502,-2.215025,0.962685,-1.278625,-0.848966,0.752833,0.309211,0.258095,-0.605511,1.605891,0.319053,174.922716,1.265223,-1.628792,0.643241,0.410788,1.938865,-0.936427,-0.846389,0.497873,0.416042,0.430232,0.225486,1.021397,1.247256,-0.893520,0.894627
0.021023,0.749609,2.547042,0.090976,0.438765,0.524048,-0.989057,0.360637,0.697023,0.036947,0.298349,0.275603,0.697746,0.110456,0.230553,0.168525,0.084311,0.227770,-0.961206,0.756640,0.044344,-0.631381,-1.933101,-0.070709,-0.117306,0.130321,0.866644,0.242806,-0.564981,-0.495073,0.063821,0.386121,811.229400,1.034264,-1.246806,0.058241,0.174844,1.973999,-0.339506,0.345187,0.229574,0.020889,0.355382,0.382748,0.457639,0.791031,0.335293,-0.049778
-0.681735,0.746974,1.463750,0.347957,0.548216,0.422037,-1.159849,0.649792,0.138164,0.179187,0.473885,0.338044,0.886405,0.647596,0.321469,0.227785,0.224367,0.346017,-1.111706,0.916617,0.047493,-0.363686,-1.589417,0.108076,-0.786232,-0.436771,0.897074,0.295291,-0.801636,-0.723291,0.146010,0.556587,594.173065,1.108156,-1.403276,0.162841,0.207906,1.685157,-0.907324,-1.007007,0.645404,0.157391,0.270690,0.291885,0.979731,1.102395,-0.901047,0.339331
-0.681735,0.737801,0.229579,0.324099,0.597795,0.531425,-1.283742,0.584455,1.194818,0.258858,0.825968,0.275609,0.886405,0.647596,0.333942,0.279113,0.265127,0.478839,-1.380164,1.056967,0.839144,-0.806145,-1.626202,0.895685,-0.786232,-0.436771,0.930541,0.277493,-0.801636,-0.723291,0.146010,0.779642,89.964353,1.266397,-1.349666,0.646514,0.282184,1.526668,-1.008743,-1.285837,0.697346,0.190937,0.252958,0.729351,0.979731,1.102395,-0.901047,0.532059
-0.612376,0.600455,0.917792,0.268533,0.586830,0.349661,-1.468169,0.454346,1.194818,0.450496,0.514705,0.513338,0.947423,1.182041,0.326282,0.394209,0.413100,0.562594,-1.671173,0.931793,0.839144,-0.959701,-2.189061,0.895685,-1.167962,-1.204146,0.855416,0.370861,0.344612,-0.713227,1.441600,0.465436,266.880703,1.482457,-1.464330,0.606760,0.401779,0.998870,-0.995379,-0.858019,0.442085,0.346000,0.414563,0.260343,1.596982,0.968146,-0.413588,0.670265
-0.014955,0.709095,3.208350,0.065473,0.429045,0.438239,-1.292189,0.396415,0.828520,0.030345,0.220109,0.384393,0.549290,-0.000113,0.227630,0.121403,0.034689,0.562594,-1.212145,0.746398,0.027619,-0.522381,-2.045839,-0.068921,-0.060612,0.092346,0.915254,0.296753,-0.676454,-0.584195,0.058596,0.393215,937.756221,1.115894,-1.430386,0.037233,0.097219,2.112454,-0.315822,0.331925,0.186124,0.009872,0.495378,0.396349,0.178926,0.854994,0.101429,-0.068924
-0.739991,0.695913,1.833900,0.313900,0.533218,0.276892,-1.332740,0.704015,0.099381,0.178569,0.416986,0.310325,0.835494,0.824153,0.297713,0.196216,0.208604,0.455757,-1.148048,0.913390,0.000125,-0.356051,-1.986154,0.147844,-0.846476,-0.312392,0.893171,0.242296,-0.846877,-0.658865,0.232196,0.595869,700.229010,0.953428,-1.390298,0.158037,0.197046,2.255670,-1.050943,-1.008687,0.621381,0.170581,0.449006,0.297234,0.961841,1.025363,-0.841410,0.252220
-0.739991,0.680761,0.186578,0.302055,0.580604,0.464988,-1.316164,0.573809,0.972679,0.263697,0.838457,0.251227,0.835494,0.824153,0.302357,0.243892,0.268976,0.639605,-1.425368,1.005645,0.901919,-1.056415,-1.940248,0.834855,-0.846476,-0.401100,0.898027,0.243372,-0.846877,-0.708645,0.232196,0.808839,73.700775,1.244504,-1.427517,0.625419,0.280227,1.278902,-1.050943,-1.153540,0.664977,0.211678,0.257105,0.657419,0.961841,1.008316,-0.841410,0.688813
-0.433875,0.607952,1.105065,0.230431,0.564543,0.530041,-1.296484,0.344429,0.972679,0.401308,0.597055,0.596806,1.014360,1.223323,0.328721,0.263752,0.405343,0.888633,-1.325528,0.989440,0.901919,-1.439401,-2.313384,0.834855,-0.653234,-1.451613,0.766027,0.465065,0.170106,-0.788466,1.203255,0.378059,323.047808,1.087298,-1.457335,0.581233,0.435520,2.243287,-0.925387,-0.575662,0.380065,0.347366,0.415470,0.227051,1.828837,0.966476,-0.837761,0.757367
0.152905,0.735693,2.980045,0.034304,0.382054,0.557159,-1.418216,0.324444,0.773861,0.026276,0.219108,0.540404,0.479039,-0.023004,0.175722,0.081472,0.020054,0.925718,-1.652235,0.732221,0.028932,-0.849286,-2.336455,-0.029473,-0.042025,0.052982,0.916647,0.262652,-0.523647,-0.788466,0.057074,0.230785,965.456726,1.458048,-1.261408,0.023832,0.080291,1.947430,-0.316146,0.466367,0.173732,0.006482,0.361768,0.321486,0.168125,0.560210,0.265218,-0.115874
-0.488540,0.770519,1.977984,0.136571,0.500846,0.354849,-1.353894,0.610832,0.313465,0.166570,0.248916,0.324041,0.787619,0.657175,0.329445,0.231738,0.230751,0.410080,-1.419331,0.987408,0.109191,-0.551962,-1.351301,-0.227696,-0.986342,-0.335866,1.149629,0.174490,-0.707072,-0.929216,0.147371,0.449480,826.718410,1.330568,-1.368008,0.183407,0.211680,1.899669,-0.799293,-1.118162,0.698594,0.137980,0.334954,0.295583,1.078092,1.034048,-0.913622,0.232364
-0.488540,0.740129,0.181343,0.168287,0.573076,0.530915,-1.330458,0.499606,1.092782,0.264021,0.615954,0.286971,0.787619,0.657175,0.344085,0.247196,0.285960,0.783258,-1.491950,0.987408,0.974047,-0.866921,-1.406858,0.889525,-0.986342,-0.412072,1.149629,0.242747,-0.707072,-0.929216,0.147371,0.490582,71.215103,1.347071,-1.389055,0.619629,0.323739,1.312756,-0.924990,-1.270946,0.732541,0.193812,0.277992,0.646824,1.078092,0.738515,-0.913622,0.828441
-0.441791,0.603879,1.301561,0.262925,0.592435,0.340835,-1.280305,0.331016,1.092698,0.476445,0.490762,0.464575,1.047669,1.647250,0.280181,0.294155,0.414714,0.787577,-1.535616,1.030827,0.974047,-0.978972,-1.835654,0.889525,-0.445637,-1.383906,0.689901,0.454355,0.346290,-0.908523,1.490513,0.404806,371.989122,1.377643,-1.562260,0.586637,0.414938,1.615727,-0.847367,-0.433733,0.348830,0.381703,0.354083,0.217548,1.410766,1.117809,-0.864305,0.899272
0.221647,0.742354,3.784608,0.051542,0.409336,0.587152,-1.270063,0.302425,0.818537,0.021031,0.216940,0.557120,0.522128,-0.025571,0.201807,0.086392,0.023935,0.813175,-1.166441,0.739891,0.007068,-0.722178,-2.005256,-0.026473,-0.044185,0.133166,0.903862,0.353208,-0.679156,-0.908523,0.058686,0.321886,1122.513997,1.059618,-1.364491,0.047087,0.078020,1.854359,-0.319923,0.270735,0.210744,0.004822,0.429850,0.379668,0.180712,0.753960,-0.045243,-0.149176
-0.765403,0.727198,1.968767,0.208460,0.506776,0.367600,-1.262735,0.707364,0.008986,0.140821,0.209904,0.496823,0.759035,0.538326,0.294182,0.155083,0.212027,0.717081,-1.373887,0.890895,0.077596,-0.423928,-1.764097,-0.159792,-0.790264,-0.226262,0.857184,0.202738,-0.905185,-0.706629,0.142316,0.510573,790.358231,1.249383,-1.317712,0.137860,0.177522,2.165527,-0.773655,-0.930365,0.614095,0.123927,0.360190,0.291376,0.877035,0.961644,-0.801505,0.212683
-0.765403,0.662120,0.166924,0.221436,0.564216,0.464333,-1.399026,0.555264,0.951199,0.228385,0.716495,0.262979,0.759035,0.538326,0.303367,0.203664,0.256704,0.798018,-1.557881,0.957807,1.031677,-1.263490,-1.657838,0.999853,-0.790264,-0.344693,0.838668,0.249568,-0.905185,-0.713557,0.142316,0.630642,67.655439,1.368003,-1.246375,0.605163,0.257524,0.985206,-0.996726,-1.087808,0.664699,0.165107,0.212358,0.673772,0.877035,0.961644,-0.801505,0.598020
-0.283754,0.626187,1.091075,0.202220,0.583614,0.489215,-1.241481,0.322398,0.951199,0.440744,0.571208,0.328184,0.985216,1.009769,0.321603,0.293987,0.419435,0.804909,-1.365026,1.002811,1.031677,-1.536281,-2.209013,0.999853,-0.316948,-1.499570,0.797182,0.395025,0.375749,-0.713557,1.191461,0.318250,327.987287,1.204381,-1.375555,0.591966,0.398085,1.807832,-0.930863,-0.474053,0.363298,0.339756,0.354335,0.174357,0.931734,0.950715,-0.824868,0.810531
0.198149,0.719988,3.472419,0.046570,0.406227,0.490466,-1.151532,0.314571,0.814184,0.024163,0.142655,0.398748,0.484233,-0.011140,0.177444,0.106223,0.022544,0.951749,-1.203260,0.727949,0.006199,-0.679156,-2.233758,-0.028596,-0.048069,0.122293,0.861781,0.280759,-0.587804,-0.712861,0.056052,0.245678,1054.093724,1.113238,-1.274666,0.030004,0.043875,1.804576,-0.322051,0.390898,0.177465,0.005651,0.318573,0.361802,0.236232,0.652049,-0.135003,-0.179110
-0.787540,0.724666,2.294640,0.160508,0.507741,0.384006,-1.568638,0.713277,0.092740,0.165966,0.193386,0.359958,0.848013,0.542086,0.307931,0.204449,0.225371,0.562594,-1.655742,0.913287,0.005833,-0.577116,-1.694100,-0.207859,-0.878659,-0.352762,0.854215,0.199161,-0.815141,-0.841433,0.127691,0.462945,862.076301,1.501244,-1.374218,0.143870,0.192845,1.926625,-0.773933,-0.995991,0.618666,0.115185,0.312319,0.294563,0.887996,1.141927,-0.810634,0.245198
-0.787540,0.699179,0.176386,0.187476,0.571639,0.457804,-1.338259,0.590806,0.984237,0.232560,0.679284,0.354462,0.848013,0.542086,0.327493,0.220091,0.230347,0.886632,-1.380370,1.025242,0.981708,-1.101360,-1.537274,0.939914,-0.878659,-0.352762,0.854215,0.270514,-0.815141,-0.841433,0.127691,0.580370,68.981136,1.255627,-1.454799,0.614243,0.254953,0.649366,-1.003151,-1.225178,0.671733,0.158083,0.266266,0.671267,0.887996,1.141927,-0.810634,0.284699
-0.098138,0.601067,0.690486,0.185675,0.589016,0.349120,-1.383067,0.291875,0.984237,0.426062,0.571360,0.314858,0.883208,0.962520,0.289478,0.303236,0.410255,0.768226,-1.255019,0.930535,0.981708,-1.109660,-2.067874,0.939914,-0.511726,-0.721780,0.755164,0.298494,0.272831,-0.722995,1.446737,0.366707,209.238337,1.213607,-1.480245,0.607926,0.388845,1.492382,-0.929117,-0.702813,0.417314,0.327912,0.381833,0.207782,1.066118,1.042154,-1.008488,0.728699
0.145098,0.717013,3.078946,0.046983,0.414513,0.563354,-1.099349,0.342913,0.734443,0.033610,0.174391,0.387101,0.562940,-0.001851,0.252737,0.101429,0.054454,0.545462,-1.009496,0.787411,0.079123,-0.502296,-1.957237,0.017807,-0.067263,-0.092362,0.911394,0.246232,-0.693381,-0.424689,0.057996,0.347864,935.595470,0.983335,-1.586336,0.047549,0.126292,1.981731,-0.310869,0.296299,0.217083,0.011651,0.421801,0.381092,0.618934,0.817605,0.271179,-0.076480
-0.834314,0.712721,2.011758,0.222433,0.519690,0.341360,-1.232436,0.727969,0.057725,0.165993,0.251624,0.402651,0.841997,0.628507,0.304482,0.179260,0.215461,0.600041,-1.346601,0.898257,0.004568,-0.426425,-1.647913,-0.163261,-0.840155,-0.261118,0.911394,0.214613,-0.931590,-0.644462,0.146915,0.539085,782.340337,1.158103,-1.458497,0.141255,0.183763,1.696030,-0.870350,-0.905421,0.592227,0.128388,0.402605,0.304188,0.921601,1.140552,-0.787314,0.235488
-0.834314,0.650479,0.179069,0.217553,0.575506,0.454572,-1.276643,0.600122,0.929773,0.219383,0.646716,0.308812,0.841997,0.628507,0.303973,0.188658,0.223914,0.795675,-1.299030,0.998985,0.884984,-0.918615,-1.358453,1.056817,-0.840155,-0.328066,0.918101,0.249755,-0.931590,-0.644462,0.146915,0.665655,68.405134,1.138435,-1.351245,0.621256,0.231939,1.092042,-0.937065,-1.119660,0.639042,0.149557,0.290898,0.691445,0.921601,1.140552,-0.787314,0.235488
-0.215852,0.598788,0.815861,0.260541,0.635524,0.471519,-1.360940,0.319791,0.929773,0.548441,0.512755,0.297618,1.018253,1.408379,0.329848,0.358422,0.466340,0.669770,-1.477355,1.101262,0.884984,-1.087548,-2.354213,1.056817,-0.942252,-0.712935,0.712966,0.360985,0.275764,-0.620883,1.562516,0.323776,245.300069,1.203948,-1.455618,0.654854,0.438550,1.748809,-0.937065,-0.755894,0.462163,0.447746,0.394945,0.199592,1.292473,1.003530,-1.208730,1.127521
0.092595,0.621070,3.006505,0.091257,0.434143,0.594814,-1.094743,0.365008,0.740986,0.030686,0.245084,0.373674,0.596043,0.001406,0.237266,0.157847,0.044540,0.362153,-1.070448,0.734953,0.016912,-0.447813,-2.021371,-0.080358,-0.084370,0.141606,1.027334,0.237062,-0.735795,-0.613527,0.054231,0.429513,944.383974,1.071458,-1.208447,0.054525,0.143327,1.937627,-0.342923,0.264964,0.200556,0.013785,0.351277,0.425081,0.407620,0.739152,0.192535,-0.083055
-0.586311,0.649369,1.592505,0.337969,0.523401,0.410793,-1.394323,0.643436,0.067590,0.166049,0.447650,0.546470,0.846814,0.630212,0.298389,0.185542,0.191676,0.811479,-1.489588,0.974311,0.140071,-0.361856,-1.772913,0.388715,-0.820885,-0.390915,1.027334,0.260710,-1.020432,-0.571022,0.158466,0.627454,627.157109,1.265538,-1.329895,0.158712,0.206034,1.781759,-0.915790,-0.927503,0.596687,0.153687,0.368230,0.332381,0.901967,1.170778,-0.798636,0.241485
-0.586311,0.648666,0.171149,0.312061,0.534892,0.585164,-1.360121,0.505151,1.003931,0.179254,0.700396,0.548082,0.846814,0.630212,0.299719,0.292791,0.307922,0.811479,-1.472165,1.049682,0.705301,-0.854021,-1.128369,0.995773,-0.820885,-0.390915,0.975152,0.238507,-1.020432,-0.762981,0.158466,0.639664,67.852637,1.274411,-1.525032,0.572127,0.285145,1.141391,-0.922924,-1.075230,0.576832,0.163780,0.304261,0.707180,0.901967,1.028944,-0.798636,0.344083
-0.385648,0.396465,0.989148,0.246892,0.546230,0.464610,-1.290010,0.368244,1.160791,0.316559,0.526681,0.834247,1.150259,0.897468,0.325932,0.494338,0.384914,0.884415,-1.412950,0.847746,0.705301,-0.985358,-1.804536,0.807005,-1.729939,-1.202495,0.790559,0.573572,0.494119,-0.894123,1.132824,0.436305,255.014491,1.299583,-1.733221,0.512601,0.474431,1.145096,-0.832740,-0.175168,0.358881,0.251419,0.411421,0.193774,1.315547,1.524275,-0.801142,0.816264
0.230205,0.542549,3.008558,0.046261,0.386678,0.493339,-1.256226,0.221510,1.016548,0.016900,0.249281,0.426655,0.569632,-0.033378,0.221470,0.062087,0.018916,0.126963,-1.356248,0.786010,0.052863,-0.985358,-1.688302,-0.089525,-0.101747,-0.177011,0.948570,0.240545,-0.430594,-0.852027,0.059634,0.561663,982.082419,1.256054,-1.579528,0.062385,0.068924,1.874713,-0.302310,0.051802,0.346152,0.006273,0.450225,0.402290,0.226672,0.609567,0.169271,-0.083832
-0.940026,0.695675,1.759751,0.310071,0.520743,0.432108,-1.385416,0.718561,0.360720,0.147435,0.295084,0.663866,0.849174,0.582625,0.285643,0.181850,0.234675,0.655791,-1.512901,0.976600,-0.016311,-0.469881,-1.852474,-0.089525,-0.931894,-0.413562,0.750704,0.213060,-0.968777,-0.643323,0.149738,0.583267,745.790943,1.300355,-1.367791,0.157633,0.173639,1.787185,-0.903649,-0.945193,0.587437,0.136153,0.401591,0.387637,1.231541,1.301803,-0.850827,0.219793
-0.940026,0.673592,0.216719,0.291366,0.573424,0.586559,-1.289786,0.637239,0.991460,0.210921,0.748161,0.308575,0.849174,0.582625,0.299257,0.227752,0.242018,0.655791,-1.450046,1.044640,0.935680,-0.913941,-2.149155,1.020994,-0.931894,-0.485246,0.839129,0.207440,-0.968777,-0.764581,0.149738,0.729390,71.956005,1.273835,-1.303501,0.619210,0.220157,0.664050,-1.015103,-1.097413,0.640565,0.164414,0.287584,0.732820,1.231541,1.301803,-0.850827,0.254923
-0.098993,0.622783,0.830176,0.241556,0.609324,0.370737,-1.365730,0.307024,0.991460,0.522307,0.430313,0.501883,0.968018,1.058938,0.303111,0.310583,0.398255,0.861207,-1.540003,1.032600,0.935680,-1.777072,-2.025369,1.020994,-0.591971,-0.742507,0.795166,0.414944,0.152052,-0.764581,1.376209,0.456093,240.995624,1.424473,-1.521436,0.620002,0.414721,1.670901,-0.945693,-0.681983,0.447559,0.377266,0.352306,0.239690,1.139894,0.976602,-1.106961,1.096048
0.165872,0.721894,3.078474,0.049131,0.411524,0.410897,-1.186624,0.315651,0.653085,0.030099,0.212135,0.414848,0.511906,0.008944,0.195536,0.069287,0.033688,0.516410,-1.144911,0.773160,0.025999,-0.683914,-2.191400,0.004936,-0.065915,0.089089,0.851792,0.283483,-0.763564,-0.758244,0.057746,0.354796,948.725013,1.109794,-1.496800,0.033201,0.088745,1.761403,-0.323733,0.330869,0.157394,0.006751,0.442417,0.367930,0.192922,0.821511,0.233575,-0.116831
-0.646360,0.691654,1.409177,0.250492,0.507013,0.244770,-1.455006,0.672799,0.008792,0.142958,0.317013,0.415315,0.801004,0.562609,0.255883,0.136291,0.183542,0.669743,-1.575001,0.929340,-0.014749,-0.377851,-1.737578,-0.112760,-0.721265,-0.211381,0.883900,0.250552,-0.983685,-0.667580,0.124492,0.557908,630.318700,1.254985,-1.371916,0.147330,0.186795,1.585954,-0.829578,-0.890507,0.596091,0.120460,0.392557,0.302471,0.777305,1.115758,-0.755332,0.185962
-0.646360,0.651897,0.168138,0.233989,0.537746,0.307692,-1.325420,0.523776,0.804232,0.256033,0.705753,0.272847,0.801004,0.562609,0.266827,0.212416,0.293091,0.669743,-1.396804,1.012041,0.840801,-1.120603,-1.492267,0.948671,-0.721265,-0.396522,0.883900,0.250476,-0.979716,-0.667580,0.124492,0.596790,60.340719,1.223134,-1.380144,0.588931,0.323492,1.219023,-0.933011,-1.052950,0.668068,0.195596,0.236073,0.609084,0.777305,0.877837,-0.775102,0.749990
-0.111376,0.677903,0.890429,0.163934,0.507354,0.379264,-1.314213,0.273464,0.786962,0.477925,0.539501,0.278724,0.773331,1.032379,0.312296,0.332516,0.401503,0.456140,-1.365745,0.968178,0.839096,-1.120603,-2.194670,0.948671,-0.889047,-0.396522,0.882729,0.279612,0.149934,-0.603055,1.246628,0.285896,265.576017,1.234330,-1.486297,0.489635,0.338511,1.858299,-0.877742,-0.187931,0.269733,0.334845,0.387745,0.156898,1.147900,1.002657,-0.775102,0.749990
0.268982,0.842528,2.502065,0.076969,0.382517,0.514074,-1.271434,0.304284,0.398916,0.017439,0.142942,0.361689,0.559926,-0.036206,0.231220,0.091969,0.022724,0.405307,-1.301222,0.734750,0.036868,-0.373330,-2.142123,-0.053457,-0.058576,0.226720,0.923727,0.087593,-0.679357,-0.603055,0.052860,0.343943,749.023400,1.275640,-1.186771,0.063722,0.039411,1.813496,-0.319125,0.545010,0.157074,0.007997,0.279353,0.340617,0.205190,0.774811,0.222972,-0.136526
-0.291819,0.691338,0.259739,0.268509,0.517737,0.279869,-1.384594,0.577142,0.783635,0.145471,0.444832,0.167850,0.754022,0.649931,0.329099,0.202725,0.160993,0.015126,-1.462954,1.031002,0.584436,-0.544958,-1.131691,0.906846,-0.826217,-0.130871,1.052481,0.208685,-0.772995,-0.766735,0.197352,0.767847,98.132762,1.316974,-1.287747,0.505605,0.198360,1.075226,-1.003731,-1.018807,0.696773,0.140693,0.309124,0.579730,0.626309,1.009481,-0.695816,0.145571
-0.275861,0.744922,2.736674,0.085870,0.330685,0.511133,-1.263369,0.217835,0.550387,0.049685,0.217156,0.558498,0.589365,0.003291,0.162291,0.165064,0.079355,0.754128,-1.271074,0.728089,0.030185,-0.769384,-1.328194,0.020900,-0.338388,0.164683,0.695796,0.176051,-0.090640,-0.387530,0.137336,0.184675,1056.306128,1.132926,-1.357473,0.093068,0.110282,2.264294,-0.385887,0.489061,0.156024,0.022286,0.239925,0.174967,0.652174,0.392292,0.113456,-0.137301
0.668408,1.212349,0.693639,0.010811,0.241553,0.202435,-0.688038,0.022833,-0.431203,0.005095,0.041982,0.068652,0.253496,-0.042172,0.010978,0.006816,0.006237,-0.215682,-0.820217,0.762330,0.003836,0.022473,-1.141904,-0.223184,-0.005612,0.290116,0.469035,0.019367,-0.534974,-0.193685,0.049237,0.074027,212.301922,1.008750,-1.029745,0.004076,0.012535,1.899430,-0.305106,1.151726,0.028505,0.001051,0.044782,0.030382,0.120391,0.268184,0.078918,-0.330486
0.626168,1.246164,1.553578,0.014625,0.249141,0.130491,-0.730445,0.081745,-0.455396,0.005500,0.058240,0.081015,0.263276,-0.038548,0.012332,0.022997,0.009807,0.134822,-0.755423,0.714463,0.012131,0.014228,-1.048152,-0.235112,-0.018848,0.291820,0.469307,0.029631,-0.541819,-0.361820,0.051257,0.129455,420.715060,0.942575,-1.154782,0.005656,0.009824,2.036340,-0.306072,1.234878,0.005881,0.001552,0.049269,0.021368,0.130168,0.216745,0.065141,-0.348345
0.148177,0.748538,0.551465,0.159955,0.405063,0.074500,-1.012161,0.317063,0.499747,0.072759,0.308801,0.130396,0.546219,0.164829,0.020281,0.153862,0.092009,0.244603,-0.823928,0.799406,-0.009553,-0.295661,-1.410967,-0.324930,-0.634767,0.035229,0.483567,0.104823,-0.579357,-0.435641,0.065072,0.255145,175.352096,0.718238,-1.178318,0.091709,0.074478,2.049123,-0.512294,-0.752062,0.662744,0.036393,0.085878,0.303869,0.608521,0.366468,-0.545522,-0.109027
0.148177,0.692288,0.500345,0.165207,0.374089,0.114193,-1.265452,0.375126,1.008522,0.071863,0.385400,0.156288,0.546219,0.164829,0.029569,0.181729,0.140159,0.244603,-1.239495,0.854231,0.506476,-0.599166,-1.609900,-0.038982,-0.634767,0.035229,0.517231,0.112744,-0.579357,-0.435641,0.093575,0.233207,165.067812,1.029150,-1.158634,0.190224,0.056607,2.089195,-0.676489,-1.023266,0.767781,0.045121,0.078608,0.508620,0.656631,0.366468,-0.545522,-0.109027
0.148177,0.630837,0.178727,0.149199,0.355646,0.126915,-1.308365,0.320982,1.296954,0.073552,0.375855,0.204985,0.546219,0.164829,0.043934,0.152587,0.123991,0.482332,-1.443136,0.854231,0.904523,-0.599166,-1.620346,0.510325,-0.634767,0.035229,0.547876,0.133948,-0.296954,-0.435641,0.093575,0.341739,54.562348,1.287378,-1.183201,0.369210,0.055914,0.736178,-0.707351,-1.023266,0.380767,0.053373,0.080735,0.527777,0.656631,0.462627,-0.416881,-0.135509
0.148177,0.669321,0.166518,0.184017,0.320456,0.127133,-1.300858,0.256043,1.296954,0.141829,0.550936,0.343604,0.468045,0.164829,0.053025,0.099475,0.132080,0.846743,-1.393914,0.854231,1.014148,-1.037873,-1.398511,0.510325,-0.634767,0.071731,0.572084,0.153259,0.107904,-0.284171,0.093575,0.418125,49.567207,1.232865,-1.279853,0.332234,0.065806,1.186116,-0.707351,-1.023266,0.480870,0.119964,0.074285,0.370641,0.656631,0.678545,-0.400262,-0.085003
0.652677,0.616037,1.718705,0.053069,0.436642,0.412324,-1.124400,0.281750,0.360698,0.031127,0.260738,0.453838,0.623450,-0.022020,0.215329,0.047935,0.018383,0.711620,-1.083868,0.728702,-0.012445,-0.329330,-1.541324,-0.160890,-0.164289,-0.072963,1.018393,0.131302,-0.573203,-0.426436,0.055916,0.308171,546.598067,1.010002,-1.213509,0.065424,0.053821,1.760449,-0.311495,0.311841,0.091562,0.006020,0.445680,0.279491,0.135856,0.927095,-0.175974,0.008912
-0.444742,0.654609,0.351674,0.189858,0.447479,0.325943,-1.275279,0.642252,0.635333,0.131099,0.450890,0.411767,0.684295,0.641118,0.246010,0.113427,0.139752,0.567050,-1.538350,1.018129,0.694721,-0.661815,-1.324701,0.305829,-0.612755,-0.109119,0.785961,0.181711,-0.573203,-0.795729,0.158612,0.630586,150.727003,1.383361,-1.218877,0.342868,0.186829,0.510094,-0.982670,-1.063293,0.689389,0.134022,0.358795,0.377019,0.560255,0.927095,-0.509056,0.098258
-0.171432,0.694321,1.554173,0.226085,0.334709,0.317843,-1.327067,0.249960,0.754853,0.271400,0.781530,0.306502,0.564099,0.136709,0.074307,0.169937,0.212817,0.984184,-1.345974,0.773689,1.073376,-1.320543,-1.250960,0.318433,-0.185621,-0.067741,0.547395,0.203652,0.217729,-0.605827,0.310187,0.183423,596.443973,1.282633,-1.241597,0.336754,0.184164,1.991457,-0.675895,-0.545056,0.332163,0.172078,0.272197,0.159267,0.928952,0.393025,-0.342839,0.213265
0.378726,1.101466,0.164304,0.024233,0.267185,0.100255,-1.339828,0.119027,-0.019527,0.013360,0.053813,0.173489,0.289854,-0.042090,0.077293,0.023282,0.010037,-0.179324,-1.593266,0.727213,-0.003051,-0.018341,-1.435516,-0.159666,-0.029466,0.228777,0.539294,0.019150,-0.238566,-0.189214,0.052715,0.036323,49.573691,1.377866,-1.240178,0.016525,0.024487,0.960226,-0.320389,1.031006,0.050283,0.002352,0.084028,0.050855,0.143587,0.264113,0.063439,-0.204858
0.955724,0.895106,2.719880,0.015401,0.327446,0.190751,-1.368743,0.192544,-0.244396,0.016880,0.046384,0.177806,0.386588,-0.036263,0.080649,0.029798,0.010830,0.065828,-1.457674,0.729923,0.007968,-0.037276,-1.379556,-0.119979,-0.018108,0.287519,0.674962,0.046747,-0.479049,-0.170826,0.051506,0.088796,775.617809,1.419235,-1.506435,0.021679,0.022988,2.240544,-0.310373,0.843589,0.027574,0.003328,0.139820,0.067725,0.129684,0.715732,0.142217,-0.264527
-0.694857,0.686216,2.616866,0.261971,0.491128,0.295717,-1.414427,0.890518,-0.029879,0.123662,0.269410,0.257788,0.806976,0.541752,0.214595,0.105519,0.176002,0.376423,-1.270658,0.879435,0.042139,-0.141772,-1.103543,-0.040750,-0.594980,-0.094567,0.763128,0.123900,-1.046107,-0.459149,0.118933,0.450017,936.825878,1.040480,-1.371495,0.116878,0.165962,1.859901,-0.680564,-0.774780,0.534309,0.112554,0.199447,0.239180,0.811897,1.009942,-0.755434,0.211216
-0.694857,0.614934,0.173863,0.249221,0.507366,0.343927,-1.502333,0.553624,1.090753,0.140489,0.597548,0.351903,0.806976,0.541752,0.202019,0.181545,0.194864,0.527418,-1.665761,0.921338,0.715234,-0.795730,-1.265842,1.039236,-0.594980,-0.094567,0.763128,0.151717,-1.046107,-0.423990,0.118933,0.395540,62.702156,1.425391,-1.316289,0.541488,0.203179,1.056238,-0.946566,-0.991648,0.576498,0.119769,0.267960,0.741143,0.811897,0.747014,-0.755434,0.211216
-0.420998,0.542115,0.573930,0.184571,0.531820,0.398853,-1.247599,0.380093,1.230450,0.320277,0.540607,0.349697,0.901944,1.081318,0.274962,0.488171,0.335612,0.416315,-1.314940,0.848751,0.679839,-0.792905,-1.633914,0.980148,-1.596067,-2.219153,0.667752,0.415665,0.723284,-0.885701,0.857722,0.266707,176.272837,1.173951,-1.378026,0.508154,0.357349,1.644703,-0.779018,-0.215119,0.332193,0.306393,0.322543,0.142940,0.981025,1.146609,-1.142398,0.649204
0.067185,0.702378,2.658070,0.071825,0.395584,0.423194,-1.262208,0.322293,1.068704,0.011782,0.272246,0.246827,0.535162,-0.025251,0.118074,0.106637,0.026304,-0.106098,-1.261811,0.739161,0.047833,-0.583030,-2.062343,-0.099788,-0.058103,0.141289,0.783279,0.253560,-0.561799,-0.885701,0.060386,0.438398,833.806942,1.225288,-1.321612,0.057911,0.058810,1.942592,-0.319029,0.282978,0.304070,0.007119,0.260048,0.449709,0.155669,0.588728,0.244838,-0.140962
-0.709759,0.736620,1.597302,0.288358,0.529653,0.307001,-1.471089,0.690896,0.223537,0.146081,0.443335,0.337053,0.771028,0.673310,0.291267,0.163867,0.180101,0.234871,-1.519124,0.934892,-0.031151,-0.310815,-1.728931,0.060914,-0.858406,-0.161578,0.915608,0.256252,-0.774135,-0.732968,0.135587,0.538217,627.007145,1.295327,-1.331495,0.143829,0.179089,1.926947,-0.930657,-0.857199,0.627277,0.143920,0.336254,0.296522,0.793111,1.156674,-0.830618,0.198472
-0.709759,0.641639,0.161168,0.244508,0.559635,0.395022,-1.468056,0.573871,0.921311,0.223074,0.729586,0.275035,0.771028,0.673310,0.300865,0.221892,0.251051,0.450957,-1.565679,0.999790,0.808000,-0.694143,-1.813868,1.061742,-0.858406,-0.439541,0.915608,0.243300,-0.774135,-0.732968,0.141904,0.663283,59.237705,1.381625,-1.371615,0.607710,0.250230,1.007621,-0.958576,-1.088717,0.635600,0.186129,0.285417,0.641340,0.793111,1.156674,-0.830618,0.582491
-0.123470,0.634821,0.854737,0.273118,0.598377,0.268070,-1.265190,0.277650,0.921311,0.446726,0.530029,0.316508,0.913858,1.313665,0.342377,0.400326,0.424020,0.354800,-1.385387,1.015232,0.808000,-1.162373,-1.895389,1.061742,-0.985928,-0.977534,0.886753,0.375031,0.297458,-0.766334,1.590674,0.358981,266.343849,1.256212,-1.529102,0.608186,0.388615,1.431000,-0.958576,-0.648493,0.419187,0.412927,0.321563,0.191624,1.153732,1.086632,-0.822488,0.863278
0.125896,0.710137,2.647939,0.098990,0.427836,0.523915,-1.113738,0.348419,0.674272,0.028097,0.347421,0.307892,0.549031,0.007901,0.212829,0.173922,0.033635,0.344205,-1.148962,0.739610,0.014238,-0.429407,-1.929604,-0.042661,-0.060976,0.198829,0.886753,0.241032,-0.653681,-0.766334,0.054935,0.375354,881.428617,1.081106,-1.280819,0.035408,0.096726,1.861381,-0.321921,0.298031,0.168157,0.008206,0.257565,0.375041,0.219098,0.674641,0.186610,-0.136593
-0.732826,0.692849,1.356370,0.311304,0.518098,0.331563,-1.251632,0.685547,0.153077,0.164699,0.421691,0.233651,0.834369,0.596362,0.316210,0.183230,0.185618,0.069870,-1.219209,0.928369,-0.011893,-0.271550,-1.706474,0.045963,-0.717850,-0.328705,0.824956,0.232729,-0.881365,-0.604859,0.130554,0.583296,570.431596,1.184636,-1.207440,0.144419,0.190998,1.839924,-0.934923,-1.009133,0.612511,0.139558,0.338947,0.305927,0.865529,1.205735,-0.815015,0.271187
-0.732826,0.739363,0.233630,0.276918,0.516428,0.504944,-1.343578,0.591190,1.179931,0.220173,0.766858,0.329742,0.834369,0.596362,0.327761,0.209334,0.229789,0.546734,-1.497943,1.003002,0.775892,-0.834779,-1.393639,0.763863,-0.717850,-0.328705,0.829331,0.238073,-0.881365,-0.604859,0.130554,0.630253,94.188777,1.317603,-1.272908,0.557993,0.227044,1.784391,-0.934923,-1.319891,0.660885,0.164286,0.356314,0.725044,0.865529,1.125204,-0.815015,0.271187
-0.355164,0.600130,0.562718,0.204942,0.477410,0.311330,-1.389218,0.380591,1.169347,0.488312,0.533819,0.356898,0.796087,1.357670,0.385460,0.409560,0.305035,0.552241,-1.489943,0.867545,0.775892,-0.812214,-1.757509,0.763863,-1.102983,-0.953160,0.992437,0.334805,0.327932,-0.603339,1.447376,0.302999,194.177634,1.324412,-1.590363,0.475917,0.350375,1.229453,-0.818955,-0.609421,0.345199,0.336349,0.528264,0.226223,0.867731,1.162894,-0.603122,0.479740
0.151080,0.851929,2.765058,0.070404,0.396609,0.473417,-1.357975,0.347740,0.658832,0.024064,0.216922,0.254780,0.506181,-0.031048,0.232779,0.133170,0.029334,0.147388,-1.308178,0.738594,0.033904,-0.514620,-2.030769,-0.044206,-0.058315,0.094589,0.992437,0.223467,-0.576940,-0.603339,0.052896,0.344723,914.862745,1.178112,-1.458462,0.052863,0.050349,1.906322,-0.322164,0.484278,0.178776,0.007606,0.396866,0.320130,0.189507,0.577737,0.228635,-0.145424
-0.557518,0.753951,1.560604,0.355789,0.528429,0.235716,-1.452534,0.649172,0.232501,0.141739,0.448537,0.205764,0.735324,0.675856,0.279269,0.167016,0.184315,0.056850,-1.388684,0.953829,-0.007162,-0.186442,-2.016153,0.063890,-0.862095,-0.178557,0.923313,0.234830,-0.707821,-0.785751,0.182278,0.557779,624.114951,1.273280,-1.401681,0.134197,0.184367,1.882880,-1.030620,-0.997733,0.677429,0.154316,0.353056,0.236733,0.841843,0.955645,-0.837302,0.238303
-0.557518,0.695870,0.166912,0.359706,0.517231,0.479262,-1.316834,0.496880,0.895119,0.258747,0.896425,0.317137,0.735324,0.675856,0.289947,0.212580,0.271465,0.386385,-1.369549,1.041793,0.873968,-1.173365,-1.721425,0.835793,-0.862095,-0.301161,0.923313,0.247746,-0.627857,-0.785751,0.185340,0.614277,63.548944,1.214484,-1.338508,0.571599,0.315458,0.986869,-1.030620,-1.160921,0.690852,0.232589,0.293409,0.514751,0.841843,0.817109,-0.837302,0.691902
-0.019974,0.674861,0.848371,0.142441,0.483917,0.318843,-1.469538,0.252793,0.822246,0.391172,0.560184,0.222084,0.721134,1.050096,0.360862,0.282396,0.318515,0.479998,-1.679661,0.941132,0.873968,-1.173365,-1.836273,0.835793,-0.577997,-1.116838,1.094950,0.282740,0.141988,-0.490473,0.928322,0.376957,229.568241,1.403388,-1.417599,0.437453,0.344200,2.189252,-0.809509,-0.090399,0.235085,0.326761,0.441813,0.160947,0.943689,0.926694,-0.597123,0.691902
0.364339,0.792960,3.637086,0.045780,0.414877,0.398132,-1.175306,0.369069,0.326732,0.030589,0.147762,0.354148,0.516078,-0.023112,0.291718,0.070713,0.024639,0.433764,-1.343786,0.741847,-0.003993,-0.630593,-2.192324,-0.054888,-0.054182,0.224394,1.061046,0.119955,-0.622135,-0.478692,0.054776,0.256723,973.745023,1.341751,-1.466397,0.039504,0.045108,1.882894,-0.322331,0.582495,0.099740,0.006662,0.372665,0.299766,0.177807,0.699823,0.313590,-0.152930
-0.903380,0.681527,2.408984,0.213061,0.514328,0.385139,-1.269207,0.884791,-0.148874,0.160201,0.187184,0.365473,0.854606,0.544226,0.263171,0.190114,0.220520,0.576005,-1.332029,0.900830,0.046333,-0.428854,-1.672178,-0.240618,-0.798403,-0.211371,0.849920,0.187199,-1.062355,-0.712603,0.118058,0.541628,808.955204,1.219689,-1.417195,0.110258,0.175523,1.687677,-0.672271,-1.021030,0.598215,0.105307,0.296919,0.272693,0.830303,1.237063,-0.753855,0.187470
-0.903380,0.717492,0.192512,0.250955,0.569455,0.510427,-1.256940,0.605954,0.918225,0.230003,0.652727,0.393769,0.854606,0.544226,0.252755,0.199960,0.225956,1.157939,-1.336837,0.991677,0.974568,-1.103471,-1.425500,0.732438,-0.798403,-0.211371,0.849920,0.234910,-1.062355,-0.712603,0.118058,0.593713,72.694184,1.279186,-1.379377,0.607301,0.245577,1.270111,-0.996168,-1.206602,0.687948,0.151791,0.177162,0.717470,0.830303,0.747986,-0.758867,0.462474
-0.266261,0.610274,0.788471,0.270939,0.582847,0.415571,-1.287249,0.293783,0.918225,0.430253,0.495813,0.460598,0.991739,1.065318,0.320518,0.293610,0.383356,0.912383,-1.312336,0.982730,0.974568,-1.188258,-2.092527,0.732438,-0.361197,-1.486158,0.844009,0.378685,0.338934,-0.876388,1.442130,0.397531,222.675924,1.150662,-1.431318,0.578891,0.389993,1.880669,-0.880695,-0.353177,0.344727,0.319913,0.389252,0.171661,1.838028,1.164932,-0.746847,0.684542
0.207323,0.714532,3.499413,0.053963,0.399019,0.641922,-1.217835,0.314866,0.809299,0.016990,0.189152,0.578928,0.498976,-0.030012,0.250486,0.078119,0.017416,0.912383,-1.167840,0.736325,0.021793,-0.623668,-2.122469,-0.014092,-0.044065,0.089344,0.910544,0.274896,-0.552429,-0.876388,0.052746,0.268575,1087.507573,1.050215,-1.348228,0.047894,0.036059,1.692132,-0.321084,0.307652,0.221801,0.004803,0.419057,0.348244,0.187995,0.815220,-0.086944,-0.198701
-0.726079,0.732962,2.178446,0.198015,0.508037,0.404148,-1.390301,0.723507,0.013588,0.142970,0.209721,0.532608,0.778474,0.538406,0.316832,0.158624,0.194106,0.673983,-1.481045,0.933003,-0.008581,-0.456922,-1.687981,-0.131483,-0.894655,-0.251886,0.910544,0.175412,-0.897609,-0.734711,0.135089,0.511213,841.012963,1.332691,-1.083988,0.136150,0.179803,1.782777,-0.863447,-0.994176,0.615175,0.122543,0.331044,0.296781,0.898958,1.293552,-0.818107,0.238492
-0.726079,0.670439,0.169689,0.225689,0.565897,0.521441,-1.291799,0.575003,0.967368,0.203699,0.619859,0.280375,0.778474,0.538406,0.322381,0.193155,0.204975,0.839036,-1.420841,0.959004,0.930986,-1.008747,-1.594294,1.078929,-0.894655,-0.274562,0.880534,0.234430,-0.897609,-0.734711,0.135089,0.594464,70.181248,1.256254,-1.276459,0.608364,0.240274,0.763621,-0.950935,-1.156079,0.657650,0.159336,0.241988,0.682958,0.898958,1.293552,-0.818107,0.297698
-0.186379,0.634001,0.886529,0.216950,0.587322,0.435990,-1.279655,0.287891,0.966641,0.450084,0.437295,0.335143,0.898374,0.960529,0.285815,0.320138,0.415662,0.709495,-1.362937,0.995735,0.930986,-1.242162,-1.485666,1.078929,-0.368065,-1.078605,0.759568,0.370370,0.437198,-0.908452,1.221686,0.281973,252.261625,1.283636,-1.498055,0.598775,0.387873,1.433545,-0.899784,-0.504257,0.375733,0.327251,0.312625,0.159512,1.086823,0.800029,-0.982612,0.853952
0.129429,0.723587,3.239213,0.071504,0.404052,0.526419,-1.174150,0.319874,0.866773,0.026549,0.272154,0.379460,0.528675,0.015609,0.172460,0.136523,0.031501,0.774713,-1.100061,0.761183,0.041485,-0.629722,-2.204246,-0.018392,-0.056042,0.080692,0.812914,0.252468,-0.615768,-0.908452,0.056340,0.270608,1041.535132,1.012020,-1.435003,0.037002,0.079715,1.991060,-0.321692,0.312669,0.198396,0.010645,0.330475,0.393008,0.280588,0.633247,0.146434,-0.113389
-0.839763,0.749159,1.505344,0.189511,0.500366,0.424655,-1.237898,0.703343,0.202660,0.192028,0.229367,0.418803,0.820197,0.584088,0.295223,0.212969,0.226539,0.815003,-1.256411,0.995976,0.021471,-0.523125,-1.707201,-0.227818,-0.977471,-0.350071,0.812914,0.171812,-0.859030,-0.792545,0.134760,0.520627,653.993362,1.145976,-1.409600,0.158388,0.207886,1.880792,-0.857875,-0.972362,0.659423,0.130684,0.323781,0.335381,0.906145,1.059444,-0.762571,0.171141
-0.839763,0.690447,0.176126,0.217558,0.557781,0.627874,-1.271665,0.567927,1.024845,0.238819,0.679313,0.312063,0.820197,0.584088,0.308884,0.227352,0.228188,1.017970,-1.382851,1.060831,0.986273,-1.223109,-1.448388,1.073204,-0.977471,-0.350071,0.926226,0.263329,-0.859030,-0.792545,0.134760,0.518733,73.097464,1.267468,-1.339763,0.600563,0.253182,0.747012,-0.921810,-1.116733,0.651004,0.169672,0.273775,0.693421,0.906145,1.059444,-0.762571,0.201750
-0.198928,0.619357,0.553976,0.226526,0.592517,0.389570,-1.499943,0.268927,1.024845,0.468234,0.528770,0.304545,0.993803,1.006615,0.303487,0.382538,0.421412,0.675834,-1.711979,1.004183,0.986273,-1.303560,-1.697768,1.073204,-0.323728,-1.213177,0.860905,0.435592,0.267704,-0.918993,1.224991,0.313752,165.617379,1.498043,-1.651030,0.602982,0.392967,1.624871,-0.899553,-0.686507,0.436092,0.328851,0.347410,0.221771,0.780003,1.178001,-0.739752,0.779505
0.230397,0.668642,3.105210,0.128372,0.407508,0.521255,-1.108143,0.301077,0.788066,0.024968,0.369370,0.458904,0.557329,-0.013958,0.229408,0.190129,0.047444,0.786477,-0.968271,0.759234,0.017041,-0.679935,-1.861318,-0.023512,-0.058246,0.083096,0.907618,0.304265,-0.697196,-0.854458,0.053032,0.260250,941.671076,0.952964,-1.516427,0.052389,0.114408,1.856513,-0.320860,0.266205,0.223425,0.011603,0.401403,0.396564,0.472954,0.677938,-0.035883,-0.107932
-0.812235,0.741116,1.807074,0.179663,0.507467,0.437350,-1.342995,0.700285,0.085151,0.160544,0.234660,0.447570,0.864863,0.594792,0.323158,0.201798,0.211782,0.950545,-1.442862,0.972593,0.000421,-0.507102,-1.732703,-0.166911,-0.986220,-0.338395,0.907618,0.164536,-1.002031,-0.638568,0.131873,0.507879,714.890400,1.376271,-1.353840,0.152059,0.180385,1.724457,-0.780822,-1.057149,0.642460,0.112548,0.414348,0.350005,0.973696,0.996845,-0.784724,0.196236
-0.812235,0.714758,0.173679,0.197912,0.575115,0.365094,-1.282694,0.592824,1.032930,0.214925,0.483172,0.262005,0.864863,0.594792,0.323896,0.223372,0.222832,0.950545,-1.396261,1.038977,0.921161,-0.837619,-1.479997,1.048340,-0.986220,-0.426654,0.813088,0.199666,-1.002031,-0.638568,0.131873,0.588439,66.078695,1.300722,-1.311440,0.620122,0.243195,1.226998,-0.927604,-1.193366,0.676680,0.140288,0.299525,0.737859,0.973696,0.996845,-0.784724,0.531476
-0.141281,0.577682,0.700373,0.290524,0.626942,0.397935,-1.363019,0.301689,1.032930,0.559126,0.482537,0.227139,1.087180,1.402334,0.296715,0.435181,0.420361,0.508420,-1.521987,1.125736,0.921161,-1.547392,-1.616361,1.048340,-0.788237,-1.610377,0.651071,0.481712,0.419505,-1.239576,1.744258,0.377634,199.087401,1.424806,-1.648578,0.631141,0.446641,2.598011,-0.919705,-0.591646,0.409491,0.393347,0.325969,0.172908,1.155469,1.331633,-0.986081,1.074861
0.185464,0.634403,3.264911,0.108968,0.414477,0.563048,-1.070681,0.312932,0.833537,0.025084,0.307566,0.287909,0.590731,0.005508,0.194012,0.170716,0.039831,0.289698,-1.140270,0.758177,0.017034,-0.782614,-1.854485,-0.077456,-0.076713,0.056635,0.843689,0.363123,-0.676548,-1.239576,0.053919,0.416260,952.064076,1.048863,-1.494704,0.058344,0.106767,1.985585,-0.322781,0.177145,0.248759,0.011113,0.343651,0.426753,0.222662,0.727617,0.047291,-0.087039
-0.671541,0.711535,1.703017,0.327051,0.513634,0.346434,-1.325942,0.691885,0.239271,0.182402,0.449879,0.288750,0.877852,0.690145,0.287955,0.226698,0.199235,0.141436,-1.355279,1.069027,0.277390,-0.332646,-1.657964,0.346512,-0.951095,-0.429294,0.824223,0.220833,-0.909436,-0.582809,0.182025,0.622768,640.445536,1.160218,-1.402061,0.187825,0.213741,1.588357,-1.014469,-1.024614,0.672377,0.161629,0.330858,0.338745,1.022321,1.249659,-0.840786,0.329668
-0.671541,0.716161,0.382571,0.316554,0.510597,0.505623,-1.316376,0.531431,0.982074,0.244013,0.638619,0.279753,0.877852,0.690145,0.230838,0.296522,0.358508,0.260475,-1.435397,1.086287,0.737293,-0.741753,-1.251674,1.185953,-0.951095,-0.429294,0.916899,0.238732,-0.895589,-0.751827,0.182025,0.481484,138.977211,1.284582,-1.427417,0.558263,0.331809,1.781569,-1.014469,-1.097929,0.708121,0.228404,0.252857,0.568907,1.022321,1.030237,-0.840786,0.393393
-0.452827,0.637767,1.383169,0.244903,0.463733,0.403845,-1.335645,0.339563,0.736049,0.412123,0.464201,0.491941,0.865375,1.329041,0.357798,0.581914,0.463643,0.319646,-1.386357,0.958840,0.571025,-0.727646,-2.285295,0.459187,-1.713784,-0.926436,0.945432,0.420711,0.067352,-0.683577,1.419249,0.534059,408.948582,1.232957,-1.440345,0.234933,0.311360,1.946912,-0.595274,0.358891,0.186428,0.326727,0.462487,0.168502,1.331719,1.406510,-0.594158,0.393393
0.572250,0.740936,2.807125,0.020990,0.435446,0.321050,-1.162109,0.403370,0.312537,0.054789,0.141513,0.333659,0.512932,-0.041557,0.147580,0.064332,0.017449,0.007851,-1.199403,0.768511,0.023453,0.052548,-1.735289,-0.101921,-0.137608,0.218302,0.945432,0.156098,-0.963432,-0.066265,0.053079,0.330136,908.671836,0.944715,-1.576919,0.047979,0.080581,1.759269,-0.310195,0.582112,0.087284,0.003160,0.264873,0.331949,0.202696,1.084764,0.236203,0.065249
-1.313441,0.600434,2.185876,0.358606,0.525766,0.571758,-1.406442,1.099532,-0.328636,0.136164,0.340255,0.880178,0.820942,0.437383,0.442642,0.235201,0.253000,1.925163,-1.486724,0.768511,0.138877,-0.386655,-1.553652,-0.141497,-0.630339,-0.546923,0.842123,0.160018,-1.728056,-0.613263,0.147422,0.795800,854.655033,1.238941,-1.723155,0.109205,0.182881,1.735581,-0.798446,-0.898501,0.407507,0.113311,0.563869,0.442703,0.990684,1.711194,-1.094651,0.200342
-1.313441,0.749634,0.276406,0.348599,0.596073,0.561228,-1.418933,0.732306,1.312359,0.188206,0.686350,0.531444,0.820942,0.437383,0.437766,0.308494,0.276741,1.925163,-1.557555,1.053046,1.046674,-0.847245,-1.609087,1.201936,-0.630339,-0.546923,0.935562,0.223713,-1.728056,-0.613263,0.147422,0.410070,105.709499,1.358396,-1.478162,0.639107,0.246835,1.792385,-1.063392,-1.292852,0.722342,0.120397,0.613930,1.131753,0.990684,1.477463,-1.094651,0.246332
-0.351978,0.586777,0.312235,0.258048,0.595773,0.325560,-1.209194,0.343025,1.309021,0.475634,0.565284,0.570308,0.847780,1.471560,0.316968,0.428817,0.433042,0.928654,-1.302648,1.001662,1.046674,-1.142060,-1.366332,1.201936,-1.126198,-1.657986,0.837114,0.345787,0.305338,-0.872068,1.399778,0.343209,96.266843,1.232995,-1.455899,0.608494,0.385632,1.836239,-0.985356,-0.576840,0.380020,0.381859,0.541258,0.254412,1.452928,1.472905,-0.754839,0.675531
0.124613,0.706984,2.566900,0.058970,0.415825,0.432724,-1.196337,0.385218,0.678886,0.033694,0.311576,0.431167,0.508465,-0.023224,0.222090,0.135337,0.037902,0.653305,-1.255352,0.785314,0.049917,-1.116295,-2.037143,0.061699,-0.075455,0.186529,0.944400,0.254935,-0.600708,-0.872068,0.057138,0.409229,812.828152,1.177803,-1.269480,0.029077,0.092378,2.026040,-0.325449,0.347987,0.177298,0.009657,0.462496,0.383951,0.184741,0.851534,0.197724,-0.079903
-0.695071,0.709994,1.427830,0.317363,0.528684,0.349997,-1.222678,0.705973,0.071056,0.175705,0.464091,0.308532,0.816888,0.657458,0.316371,0.179605,0.192111,0.259509,-1.352865,0.977492,0.001624,-0.311209,-1.923562,0.175668,-0.924574,-0.310543,0.944400,0.237975,-0.865140,-0.784769,0.199609,0.603357,595.866267,1.097453,-1.356806,0.150881,0.204223,1.941384,-0.997293,-0.909894,0.619353,0.147247,0.315673,0.271567,0.768368,1.097765,-0.861212,0.246277
-0.695071,0.662041,0.164987,0.270609,0.559805,0.443672,-1.355521,0.570657,0.809080,0.259270,0.744842,0.215260,0.816888,0.657458,0.315483,0.271813,0.276053,0.489831,-1.536124,1.049723,0.846819,-0.789734,-1.790713,1.077258,-0.924574,-0.437032,0.861034,0.242291,-0.865140,-0.784769,0.199609,0.748592,63.428986,1.348858,-1.374678,0.610699,0.326722,1.075463,-0.997293,-1.090062,0.668901,0.203045,0.219320,0.606253,0.768368,1.032045,-0.861212,0.791617
-0.189884,0.672363,0.278264,0.265552,0.545280,0.301323,-1.300059,0.278987,0.809080,0.447076,0.518000,0.250245,0.826201,1.221661,0.326436,0.369233,0.387164,0.388373,-1.341830,1.026074,0.846819,-1.497878,-1.748798,1.077258,-0.445859,-0.619519,1.015599,0.327027,0.148221,-0.792944,1.247080,0.389202,73.118378,1.186007,-1.348578,0.552550,0.388191,1.761838,-0.946834,-0.465213,0.353969,0.350036,0.381764,0.175420,0.961183,1.102071,-0.740701,0.816517
0.126616,0.877414,1.850249,0.094744,0.382269,0.541599,-1.410726,0.336458,0.611138,0.017886,0.305707,0.371860,0.548563,-0.002459,0.343813,0.154928,0.027815,0.313815,-1.648766,0.748515,-0.004200,-1.497878,-1.992754,-0.038748,-0.036361,0.167091,1.033731,0.191049,-0.585582,-0.792944,0.057816,0.327827,531.762163,1.466213,-1.424254,0.071819,0.079424,2.077606,-0.319042,0.395938,0.221396,0.007082,0.415797,0.334882,0.243695,0.706626,0.129972,-0.095620
0.349787,0.612498,0.176114,0.200580,0.527103,0.385021,-1.464098,0.436044,0.681410,0.144627,0.594717,0.281772,0.815259,0.604217,0.346404,0.176588,0.144838,0.294066,-1.629308,1.019334,0.725940,-0.620227,-2.146161,0.935748,-0.945355,-0.268339,1.002962,0.293237,-0.705327,-0.820722,0.146765,0.709007,68.739996,1.379452,-1.393737,0.558120,0.197909,1.063976,-0.863093,-0.900121,0.604461,0.133430,0.257854,0.518694,0.518339,0.797386,-0.672148,0.125074
0.296441,0.948816,2.317093,0.009760,0.268889,0.539120,-0.855757,0.116306,0.394567,0.016414,0.049400,0.387675,0.341011,-0.036750,0.147796,0.029602,0.007465,0.464493,-0.904539,0.722878,0.005171,-0.427356,-0.954253,-0.071356,-0.025452,0.231856,0.677845,0.074541,-0.373391,-0.321581,0.050734,0.173690,921.943261,0.941914,-1.052751,0.031774,0.077874,1.413900,-0.310686,0.692903,0.152901,0.002705,0.226552,0.240833,0.115264,0.353467,0.204221,-0.145019
0.604224,1.258143,0.463409,0.002121,0.241792,0.077577,-0.683620,0.033005,-0.378013,0.002204,0.006971,0.088803,0.248347,-0.041862,0.012144,0.003615,0.001517,-0.073050,-0.845439,0.705929,0.000641,-0.011259,-0.937714,-0.209440,-0.007615,0.298326,0.479483,0.006067,-0.443260,-0.217621,0.049564,0.046124,136.033392,0.915529,-1.074212,0.003099,0.004922,1.554176,-0.304121,1.234997,0.007972,0.000616,0.025207,0.018286,0.108735,0.250688,0.082963,-0.343394
0.698012,1.239382,0.767962,0.001365,0.246201,0.117929,-0.582168,0.018283,-0.436227,0.003155,0.007720,0.053884,0.255438,-0.041427,0.006429,0.009903,0.001688,-0.102133,-0.722104,0.706284,-0.004102,0.066467,-0.889334,-0.243790,-0.008884,0.311759,0.472620,0.005518,-0.533362,-0.267634,0.049083,0.064645,220.325273,0.841149,-1.005351,0.003692,0.003772,1.718708,-0.303013,1.203409,0.015357,0.000607,0.017297,0.026207,0.107447,0.297402,0.086681,-0.360662
0.549927,0.700565,0.614535,0.238666,0.380499,0.229485,-1.200888,0.119270,0.583885,0.065564,0.388774,0.151993,0.540927,0.183342,0.035132,0.208545,0.149317,0.290097,-1.378297,0.811207,0.399128,-0.664997,-1.591535,-0.328450,-0.677818,-0.025672,0.487323,0.162144,-0.574038,-0.483888,0.065185,0.272353,215.277986,1.230147,-1.020096,0.092826,0.107932,1.257662,-0.374057,-0.804846,0.610999,0.049546,0.074563,0.329318,0.634020,0.281460,-0.668960,0.064099
0.549927,0.587574,0.388350,0.201139,0.359967,0.063899,-1.288380,0.174685,1.353893,0.086344,0.519423,0.155924,0.540927,0.183342,0.051110,0.202840,0.131431,0.329346,-1.463769,0.849608,0.894278,-0.700202,-1.678234,0.582042,-0.677818,-0.025672,0.522523,0.160889,-0.528866,-0.483888,0.065185,0.325591,129.193358,1.367068,-1.060174,0.353673,0.104157,1.224976,-0.586226,-0.951728,0.591630,0.073281,0.120405,0.716666,0.634020,0.461989,-0.668960,0.064099
-0.822073,0.680517,0.960898,0.266926,0.324971,0.153282,-1.329037,0.709387,1.353893,0.378191,0.398550,0.142630,0.718480,0.541999,0.208693,0.348288,0.455159,0.651254,-1.325707,0.849608,0.894278,-1.412158,-1.662002,0.582042,-0.744502,-1.819707,0.739009,0.153872,0.731955,-0.370793,0.492129,0.275874,299.824906,1.296153,-1.419590,0.364855,0.240949,1.840699,-0.867425,-0.951728,0.729476,0.213987,0.296528,0.206244,1.203221,0.594581,-1.155136,0.731156
-0.822073,0.645179,3.309417,0.290785,0.408451,0.513321,-1.323805,0.510723,1.309511,0.387621,0.526596,0.274292,0.718480,0.541999,0.289223,0.379537,0.422719,1.411218,-1.251880,1.184756,0.807030,-1.492105,-1.979598,0.526824,-0.744502,-1.819707,0.739009,0.435899,0.408823,-1.426934,0.492129,0.157207,879.255151,1.235102,-1.675760,0.290129,0.266195,1.395057,-0.867425,0.037873,0.174386,0.220651,0.353751,0.237920,1.203221,0.594581,-1.155136,0.731156
0.669185,0.583789,1.832888,0.027181,0.407950,0.240013,-0.934606,0.266052,0.136922,0.033373,0.150164,0.225715,0.489483,-0.034379,0.229185,0.066541,0.017528,0.257814,-0.964761,0.744576,-0.002456,-0.227734,-1.511246,-0.119809,-0.086289,0.028152,1.030782,0.117558,-0.447296,-0.303784,0.051796,0.299887,656.840121,0.927706,-1.225404,0.026941,0.048150,1.641225,-0.311389,0.384535,0.060243,0.003749,0.374989,0.204787,0.124845,0.805396,-0.013030,-0.062535
-0.035477,0.596364,0.439213,0.221342,0.419821,0.345419,-1.274468,0.532275,0.683026,0.107836,0.535458,0.254418,0.661101,0.528856,0.213892,0.136775,0.169290,0.573484,-1.357503,1.005958,0.725368,-0.623807,-2.044555,0.107673,-0.755448,0.019548,0.842871,0.204110,-0.447467,-0.855780,0.134799,0.639005,187.049391,1.191552,-1.203201,0.336294,0.195435,1.346578,-0.894198,-1.034784,0.629810,0.122333,0.271329,0.368249,0.627266,0.805396,-0.503025,0.109396
-0.031979,0.811032,1.401334,0.239201,0.311284,0.250274,-1.152728,0.204456,0.692279,0.250645,0.746194,0.335219,0.551723,0.496082,0.363833,0.180567,0.156586,1.004471,-1.296789,0.830066,1.254426,-1.374739,-1.441952,0.180288,-0.155037,-0.494209,4.394634,0.228277,0.102000,-1.042860,0.330904,0.109657,533.459003,1.180125,-1.340902,0.267641,0.204999,2.174144,-0.570650,0.039891,0.171449,0.193688,0.607093,0.130214,0.642572,0.340589,-0.348839,0.322940
0.468102,1.168632,0.227236,0.013010,0.260526,0.148142,-0.882366,0.050281,-0.101890,0.014631,0.056093,0.149596,0.284497,-0.039678,0.083184,0.026592,0.009570,0.079932,-0.982190,0.729389,-0.001712,-0.162723,-0.929505,-0.163954,-0.023067,0.165141,0.590735,0.030402,-0.227224,-0.331435,0.050750,0.041322,67.705812,1.028189,-1.139325,0.010708,0.039080,1.316655,-0.303075,1.131160,0.023985,0.001804,0.123899,0.033262,0.130027,0.185516,0.068432,-0.186731
0.847865,1.016487,3.283462,0.012172,0.324178,0.259716,-1.328661,0.175208,-0.263846,0.017420,0.062000,0.192626,0.376410,-0.038754,0.058427,0.041481,0.010565,0.228732,-1.341564,0.724798,0.013474,-0.120521,-1.012201,-0.090125,-0.010026,0.281605,0.629971,0.052829,-0.561462,-0.220622,0.052006,0.103429,912.994581,1.286968,-1.357385,0.026102,0.036935,2.052285,-0.307482,0.975653,0.029537,0.001782,0.186735,0.086829,0.131027,0.684192,0.046058,-0.267931
-0.778980,0.701967,2.618231,0.252392,0.482864,0.230272,-1.428991,0.880459,-0.040988,0.114294,0.260711,0.306578,0.767391,0.496427,0.204014,0.094500,0.155750,0.371864,-1.630402,0.830602,0.047109,-0.186703,-1.351420,-0.172006,-0.554383,-0.067264,0.824194,0.126807,-0.974467,-0.423670,0.118976,0.394345,908.140085,1.398339,-1.425858,0.108621,0.141451,2.049497,-0.757418,-0.743544,0.546094,0.112185,0.162658,0.221267,0.721995,0.942271,-0.700527,0.119180
-0.778980,0.596368,0.175022,0.221377,0.503080,0.292691,-1.292303,0.593870,1.095609,0.137693,0.569013,0.351346,0.767391,0.496427,0.204013,0.154250,0.174480,0.607403,-1.387578,0.915730,0.719920,-0.665599,-1.283191,0.957352,-0.554383,-0.067264,0.824194,0.147525,-0.974467,-0.405674,0.118976,0.374010,71.726268,1.294687,-1.158282,0.538565,0.176952,1.024030,-0.981378,-0.999154,0.560959,0.117950,0.204465,0.738582,0.721995,0.664981,-0.732190,0.151054
-0.430039,0.510070,0.618136,0.261519,0.549818,0.585166,-1.409511,0.387755,1.237802,0.330154,0.450326,0.495613,1.017898,0.883705,0.308823,0.413561,0.356470,0.661872,-1.654470,0.895126,0.655515,-0.702651,-1.743001,0.950458,-1.382547,-2.291677,0.727240,0.425748,0.687259,-0.574167,0.914797,0.368148,173.964041,1.336904,-1.456273,0.537106,0.409701,1.820865,-0.821601,-0.254942,0.338410,0.289562,0.356966,0.156116,1.114419,1.284603,-1.180046,0.895579
0.063227,0.645574,2.755291,0.071399,0.399981,0.463928,-1.109689,0.345013,1.035287,0.023114,0.158502,0.295867,0.501136,-0.022286,0.171241,0.093244,0.031446,0.102320,-0.980964,0.739189,0.031694,-0.702651,-1.804153,-0.065031,-0.055206,0.041189,0.839406,0.227313,-0.555445,-0.574167,0.058592,0.414294,846.195332,1.013911,-1.304696,0.038596,0.061673,1.963328,-0.324887,0.248176,0.282616,0.008112,0.256515,0.426589,0.139756,0.618247,0.298708,-0.127210
-0.624448,0.710382,1.796296,0.294340,0.531666,0.316369,-1.490905,0.668540,0.286603,0.147468,0.457789,0.331854,0.765665,0.600539,0.347292,0.150371,0.167698,0.469268,-1.583037,0.893704,-0.010420,-0.211913,-1.937432,0.154712,-0.704337,-0.214194,0.969649,0.254524,-0.783556,-0.642923,0.118911,0.534117,713.998695,1.346883,-1.237269,0.139763,0.170804,1.939331,-0.821005,-0.795198,0.583127,0.130620,0.417592,0.340242,0.696549,1.121492,-0.834354,0.203174
-0.624448,0.648385,0.156032,0.260049,0.568609,0.424378,-1.401668,0.549270,0.997491,0.211424,0.759812,0.307281,0.765665,0.600539,0.355361,0.212766,0.204066,0.469268,-1.470401,0.954828,0.805038,-0.676512,-1.793402,0.972212,-0.704337,-0.293255,0.969649,0.240603,-0.778787,-0.642923,0.131017,0.673976,62.665801,1.303579,-1.329856,0.617849,0.216185,1.042462,-0.943439,-1.090300,0.631012,0.166078,0.328317,0.660922,0.696549,1.121492,-0.834354,0.203174
-0.228166,0.627724,0.862854,0.224887,0.610746,0.406433,-1.170855,0.315849,0.997491,0.437666,0.514946,0.398490,0.859457,1.038033,0.372945,0.399945,0.397831,0.392709,-1.290204,0.980495,0.805038,-1.207734,-1.931297,0.972212,-1.193590,-2.000381,0.976503,0.404309,0.293291,-0.495682,1.208333,0.317608,243.996415,1.130411,-1.410825,0.631058,0.419030,2.105893,-0.943439,-0.875412,0.503897,0.370971,0.405734,0.214214,0.793348,1.059597,-0.865449,0.906700
0.052664,0.715324,2.777415,0.079459,0.426642,0.507251,-1.040242,0.341732,0.812254,0.029289,0.254025,0.308288,0.599001,-0.018830,0.221871,0.123785,0.040566,0.131358,-1.051302,0.771954,0.025751,-0.451820,-1.977214,-0.096995,-0.062249,-0.000285,0.976503,0.296348,-0.644436,-0.495682,0.055747,0.421813,892.255837,1.081665,-1.229657,0.050275,0.131277,2.008082,-0.324479,0.276658,0.217947,0.008203,0.340245,0.411985,0.330485,0.683205,0.118463,-0.021070
-0.830581,0.723257,1.441053,0.303164,0.528098,0.291360,-1.218797,0.683468,0.133280,0.174514,0.385369,0.392162,0.872598,0.635365,0.317034,0.181616,0.215579,0.462101,-0.883809,0.894362,0.011155,-0.371874,-1.812587,0.008028,-0.797732,-0.366400,0.834224,0.272717,-0.854847,-0.645651,0.137899,0.541578,636.507589,0.839926,-1.251687,0.161179,0.207148,1.686676,-0.941336,-0.960519,0.611970,0.143802,0.355567,0.303447,0.981792,1.126008,-0.856552,0.319622
-0.830581,0.723847,0.210748,0.283409,0.577667,0.443020,-1.337551,0.606214,1.161298,0.238031,0.735812,0.305676,0.872598,0.635365,0.327780,0.219318,0.231658,0.503472,-1.440227,1.010578,0.777718,-0.868254,-1.658927,0.919470,-0.797732,-0.366400,0.909425,0.264512,-0.854847,-0.645651,0.137899,0.754107,83.244974,1.376501,-1.287523,0.622391,0.236495,1.383261,-0.964130,-1.240019,0.677243,0.165265,0.277981,0.736798,0.981792,1.126008,-0.856552,0.319622
-0.241191,0.618130,0.578280,0.243450,0.584439,0.393627,-1.417084,0.343691,1.161298,0.515691,0.492931,0.264878,0.950708,1.546257,0.360260,0.471568,0.458621,0.359214,-1.569724,1.053398,0.777718,-0.948809,-1.973680,0.919470,-1.004116,-0.927515,0.789013,0.366545,0.373230,-0.700534,1.694293,0.402435,159.401625,1.429805,-1.479918,0.608514,0.393105,1.559558,-0.964130,-1.009259,0.509311,0.417641,0.437572,0.238806,1.547032,1.030344,-0.604973,0.675197
0.023185,0.689430,2.805946,0.095718,0.430220,0.494574,-1.004084,0.357463,0.839146,0.035489,0.295294,0.198059,0.620964,0.056593,0.223571,0.156529,0.083358,0.058047,-1.052200,0.741833,0.033167,-0.605228,-1.717432,-0.036151,-0.124264,0.161669,0.853099,0.301589,-0.520506,-0.700534,0.053884,0.373802,901.120534,1.031700,-1.316044,0.048290,0.193099,1.848552,-0.362005,0.259396,0.205259,0.022430,0.297833,0.368525,0.731228,0.590196,0.045512,-0.025676
-0.721867,0.710737,1.473216,0.361890,0.530816,0.349097,-1.386184,0.673869,0.191477,0.167063,0.512618,0.232115,0.831577,0.643983,0.314012,0.190728,0.182908,0.186692,-1.244811,0.964840,-0.014024,-0.422176,-2.133221,0.222419,-0.894891,-0.370765,0.901142,0.310644,-0.681081,-0.791793,0.161233,0.584989,607.498524,0.878151,-1.401369,0.155966,0.202309,1.800847,-0.988642,-0.921466,0.628758,0.166472,0.394186,0.277856,0.898506,0.974025,-0.843564,0.259745
-0.721867,0.703116,0.165863,0.346201,0.575427,0.514100,-1.387609,0.545346,0.999564,0.274761,0.905980,0.353414,0.831577,0.643983,0.340482,0.240039,0.271342,0.789033,-1.582866,1.029456,0.865258,-1.208012,-1.921807,0.908500,-0.894891,-0.763131,0.901142,0.324417,-0.666254,-0.791826,0.161233,0.785157,61.422775,1.365417,-1.302846,0.629189,0.341982,1.133999,-0.999258,-1.164496,0.688845,0.238828,0.335714,0.585305,0.898506,0.946080,-0.859568,0.941871
-0.491355,0.632294,0.709276,0.204368,0.551947,0.370266,-1.397290,0.355078,0.999564,0.403088,0.609585,0.457532,0.794002,0.942819,0.396726,0.380376,0.379210,0.602847,-1.602551,1.080330,0.865258,-1.505676,-2.270869,0.908500,-0.862677,-1.678671,1.024075,0.464319,0.056591,-0.764976,1.276912,0.345226,194.223080,1.397011,-1.418606,0.561549,0.490064,2.029129,-0.988831,-0.507793,0.362469,0.344187,0.419629,0.244047,1.326747,1.054544,-1.446250,0.960703
0.229791,0.795851,4.276243,0.030409,0.390088,0.436208,-1.269938,0.338061,0.569332,0.028876,0.238845,0.488549,0.498909,-0.018255,0.209136,0.083728,0.021560,0.560656,-1.402879,0.734753,0.035997,-0.698104,-2.192149,-0.059268,-0.035295,0.157791,1.020749,0.105417,-0.533672,-0.566408,0.066502,0.279999,1155.436552,1.299512,-1.413704,0.033319,0.061484,1.906420,-0.313561,0.554877,0.178818,0.006309,0.377878,0.311926,0.164345,0.619346,0.284661,-0.102254
-0.570860,0.794404,2.484200,0.168648,0.515234,0.316246,-1.126940,0.658452,0.224131,0.165732,0.206190,0.529132,0.782164,0.657859,0.337446,0.178489,0.216997,0.634541,-1.158723,0.935801,0.017627,-0.636972,-1.693002,-0.059268,-0.886580,-0.317917,0.957353,0.223107,-0.768481,-0.873335,0.144756,0.449228,903.678296,1.118463,-1.244407,0.158998,0.229065,1.369028,-0.798002,-1.118021,0.695362,0.137032,0.381139,0.268087,0.900633,1.094316,-0.927718,0.317395
-0.570860,0.742989,0.168826,0.217774,0.592019,0.477204,-1.190082,0.482222,1.115293,0.250213,0.673653,0.367507,0.782164,0.657859,0.350498,0.226509,0.247059,1.036933,-1.300170,1.062125,1.021395,-1.030655,-1.410180,1.010349,-0.886580,-0.384245,0.957353,0.282887,-0.768481,-0.873335,0.144756,0.557604,65.585642,1.183896,-1.123345,0.632426,0.312693,1.042391,-0.951599,-1.297759,0.728467,0.183944,0.250832,0.678866,0.900633,1.094316,-0.927718,0.714510
-0.275686,0.626594,0.806695,0.271809,0.595962,0.588363,-1.151448,0.278779,1.115293,0.468346,0.526146,0.426956,0.992310,1.284636,0.321758,0.380995,0.427235,1.036933,-1.229298,1.023980,1.021395,-1.123853,-2.187016,1.010349,-0.449225,-1.535349,0.849690,0.410975,0.372978,-0.907491,1.752977,0.349565,261.461968,1.170283,-1.374437,0.604443,0.427654,1.822600,-0.884942,-0.482179,0.382578,0.386603,0.345293,0.208148,1.132021,0.997497,-0.826264,0.942725
0.154154,0.736738,3.220227,0.063964,0.416794,0.635552,-1.326620,0.349487,0.923748,0.023760,0.233325,0.525856,0.508356,-0.000044,0.169797,0.146716,0.030581,0.817811,-1.298549,0.731267,0.008587,-0.703088,-2.168283,0.032163,-0.051001,0.091729,0.849690,0.308366,-0.665387,-0.907491,0.055759,0.325954,1080.433567,1.215406,-1.342022,0.036754,0.062293,1.763428,-0.319415,0.286879,0.196190,0.008567,0.343869,0.401113,0.159324,0.773577,-0.047884,-0.123615
-0.768825,0.724915,1.952293,0.214350,0.517079,0.442245,-1.349852,0.723039,0.050627,0.135183,0.256524,0.484520,0.764901,0.473057,0.304549,0.138384,0.198777,0.818309,-1.567823,0.901131,0.088696,-0.405902,-1.595563,-0.182969,-0.806778,-0.220403,0.897558,0.208695,-0.938677,-0.684164,0.147459,0.512724,836.892077,1.315329,-1.323808,0.130676,0.174939,1.791811,-0.729050,-0.898153,0.606982,0.113067,0.337943,0.319587,0.793391,1.114651,-0.758956,0.190679
-0.768825,0.666504,0.173107,0.230308,0.559089,0.471377,-1.318006,0.552557,0.994932,0.223579,0.735488,0.314392,0.764901,0.473057,0.318948,0.159318,0.235994,0.969214,-1.469813,0.984785,1.071421,-1.323454,-1.401236,0.890494,-0.806778,-0.286938,0.897558,0.240601,-0.938677,-0.823817,0.147459,0.614616,68.894843,1.230150,-1.325766,0.601464,0.237412,1.055313,-0.965460,-1.075319,0.653604,0.156753,0.242614,0.690426,0.793391,1.114651,-0.758956,0.452477
-0.316996,0.625890,0.750387,0.165904,0.551533,0.292992,-1.205973,0.327508,0.994932,0.395140,0.663642,0.401323,0.857205,1.029969,0.287019,0.239765,0.422683,1.019401,-1.147277,0.953773,1.071421,-1.592419,-1.822791,0.890494,-0.484169,-2.055459,0.756578,0.423244,0.324947,-0.823817,0.885210,0.240836,231.737683,0.978708,-1.363531,0.563401,0.402071,1.543510,-0.913653,-0.520718,0.362020,0.347914,0.324626,0.200440,1.368712,0.952074,-0.722712,0.759265
0.168075,0.722697,3.505883,0.028164,0.393167,0.483810,-1.282331,0.323016,0.676264,0.030669,0.146349,0.544780,0.434939,-0.018060,0.167690,0.073192,0.023770,1.128629,-1.454429,0.731771,0.017606,-0.707003,-2.214501,-0.072564,-0.033686,0.172419,0.878032,0.187607,-0.637075,-0.797236,0.059092,0.279659,1066.355236,1.308814,-1.144145,0.020425,0.072551,1.789130,-0.315880,0.485860,0.161633,0.007299,0.314481,0.338225,0.176660,0.725789,0.202475,-0.142961
-0.609151,0.735034,2.092268,0.125372,0.498750,0.341815,-1.297480,0.650773,0.118847,0.159950,0.265651,0.491222,0.741279,0.479279,0.358712,0.191432,0.186472,0.674377,-1.354421,0.934738,-0.009060,-0.614179,-1.371662,-0.222509,-0.907349,-0.279896,1.020562,0.192615,-0.821437,-0.790638,0.120329,0.441979,819.641416,1.201592,-1.198341,0.134795,0.203632,1.798010,-0.814115,-1.036944,0.631655,0.115942,0.376226,0.276375,0.798624,0.957415,-0.721782,0.198006
-0.609151,0.710806,0.170080,0.181007,0.555900,0.440584,-1.385791,0.518256,1.026106,0.231688,0.676089,0.344362,0.741279,0.479279,0.379153,0.250885,0.211716,0.865659,-1.578181,1.025163,0.949171,-1.430447,-1.513981,1.112911,-0.907349,-0.279896,1.020562,0.261485,-0.821437,-0.790638,0.120610,0.479958,68.130572,1.368186,-1.321463,0.598475,0.252381,1.090849,-0.920956,-1.210283,0.680192,0.157914,0.301106,0.669373,0.798624,0.893995,-0.721782,0.198006
-0.189476,0.601490,0.599842,0.240997,0.585407,0.388791,-1.475453,0.288768,1.026106,0.380928,0.610919,0.193076,0.808985,1.061592,0.274085,0.464286,0.424159,0.619220,-1.790321,0.966060,0.949171,-1.430447,-1.548365,1.112911,-0.396972,-1.079460,0.852389,0.385193,0.418947,-1.190416,0.921302,0.260333,180.283044,1.564376,-1.466851,0.600241,0.372824,1.634412,-0.920482,-0.725779,0.429037,0.331850,0.340739,0.189441,0.620895,0.980064,-0.756933,0.660654
0.248649,0.645717,3.131231,0.107866,0.418931,0.537472,-1.168792,0.314145,0.846058,0.021132,0.351124,0.400487,0.571300,-0.024344,0.242461,0.179880,0.051949,0.477780,-1.114091,0.735144,0.017032,-0.500403,-1.754063,-0.076558,-0.059982,-0.030800,0.915197,0.257287,-0.708088,-0.662116,0.052376,0.314773,954.993371,1.011339,-1.316081,0.053591,0.135922,1.795119,-0.321345,0.253452,0.198819,0.012074,0.381386,0.424368,0.455285,0.694173,0.166425,-0.095789
-0.639600,0.671687,1.610965,0.186805,0.509925,0.366903,-1.167227,0.638752,0.156553,0.141991,0.277412,0.315313,0.811894,0.509164,0.309391,0.168767,0.198164,0.330015,-1.178880,0.948666,0.128102,-0.402755,-1.583085,-0.125834,-0.826712,-0.269551,0.915197,0.181738,-0.926082,-0.508013,0.140568,0.536871,667.844688,0.998186,-1.341504,0.143517,0.178510,1.703071,-0.749166,-0.843998,0.569682,0.109289,0.368018,0.341248,0.930859,1.064778,-0.784474,0.205118
-0.639600,0.670600,0.163187,0.191584,0.546572,0.371301,-1.161879,0.549176,1.014861,0.171993,0.550981,0.251821,0.811894,0.509164,0.316720,0.202004,0.204259,0.454406,-1.302767,1.042774,0.838224,-0.807003,-1.457561,1.088716,-0.826712,-0.269551,0.873020,0.199368,-0.926082,-0.546592,0.143108,0.641395,64.883865,1.099347,-1.340924,0.589113,0.205235,0.973858,-0.927524,-1.125850,0.622953,0.126501,0.288713,0.718346,0.930859,1.064778,-0.784474,0.205118
-0.119479,0.637383,1.064179,0.231398,0.582671,0.257066,-1.337202,0.342538,1.014861,0.443130,0.455137,0.369596,0.862044,1.043585,0.375192,0.408718,0.448457,0.512884,-1.417506,0.980079,0.838224,-1.157018,-0.954756,1.088716,-1.175935,-1.937548,1.043362,0.407364,0.413186,-0.827258,1.492800,0.297434,278.665474,1.262201,-1.393949,0.599949,0.365852,2.284514,-0.925417,-0.908664,0.521200,0.352448,0.384725,0.189397,1.275673,1.080701,-0.816123,0.754536
0.035624,0.691593,3.104610,0.125628,0.429098,0.410854,-1.300791,0.302361,0.779058,0.043432,0.313697,0.340199,0.644322,0.150876,0.271516,0.199498,0.091039,0.413154,-1.587573,0.734838,0.118388,-0.486116,-1.823688,-0.025500,-0.114609,-0.011347,1.043362,0.300534,-0.550945,-0.827258,0.056051,0.397274,923.004233,1.505189,-1.208015,0.069099,0.170680,1.880897,-0.365840,0.243386,0.212778,0.040536,0.288646,0.404273,0.769185,0.615899,0.107296,-0.065182
-0.702806,0.708470,1.546018,0.334187,0.538676,0.337035,-1.164336,0.597185,0.176027,0.171446,0.467414,0.272162,0.883915,0.640184,0.353673,0.212281,0.198496,0.102325,-1.172895,0.991593,0.005040,-0.361040,-1.982120,0.196626,-0.834753,-0.449500,0.886192,0.248222,-0.747975,-0.645505,0.170330,0.561698,607.530460,0.928609,-1.285544,0.174660,0.206839,1.879385,-1.065825,-0.965058,0.630770,0.158600,0.350253,0.286608,0.946515,1.173424,-0.815936,0.292420
-0.702806,0.708094,0.177829,0.304583,0.585649,0.429678,-1.387859,0.576212,0.991843,0.208600,0.791458,0.228003,0.883915,0.640184,0.370377,0.264707,0.245880,0.285985,-1.479971,1.028948,0.828370,-0.839795,-2.020104,0.826619,-0.834753,-0.449500,0.977718,0.248977,-0.743951,-0.760662,0.170330,0.715974,76.445002,1.284448,-1.359742,0.632996,0.253952,1.085162,-1.065825,-1.201327,0.651465,0.171708,0.359039,0.656078,0.946515,1.173424,-0.815936,0.337219
-0.352189,0.601159,0.852574,0.259589,0.609579,0.307932,-1.507674,0.440781,0.991843,0.391707,0.483528,0.385695,0.980507,1.050100,0.327135,0.343935,0.344698,0.263159,-1.790002,0.985608,0.828370,-1.020056,-1.989528,0.826619,-1.276947,-1.972223,0.748141,0.384314,0.294220,-0.751438,1.579729,0.440886,260.185249,1.566748,-1.619710,0.620015,0.428549,2.024321,-0.982351,-0.768458,0.457550,0.295761,0.404928,0.207260,1.170535,1.200281,-0.789092,0.804973
-0.056993,0.655161,2.845337,0.068129,0.424922,0.376633,-1.208130,0.383685,0.819638,0.027642,0.216578,0.349235,0.634433,-0.010055,0.202796,0.091219,0.029749,0.748650,-1.205776,0.811889,0.015823,-0.468042,-1.609625,-0.029247,-0.069130,-0.122499,0.867849,0.263934,-0.689721,-1.757082,0.055033,0.348843,921.588655,1.075988,-1.319456,0.060266,0.108184,1.928176,-0.316548,0.271938,0.218815,0.006734,0.370222,0.416990,0.177120,0.941316,-0.059163,-0.100606
-0.466468,0.686691,1.441349,0.288507,0.521620,0.396026,-1.222297,0.621710,0.099874,0.153455,0.357565,0.548408,0.811953,0.581725,0.295026,0.183755,0.179492,0.992555,-1.193550,0.981511,-0.020574,-0.300379,-1.193406,0.366459,-0.926437,-0.303649,0.837472,0.280749,-1.079312,-0.552530,0.170128,0.616957,585.155369,1.166618,-1.270144,0.155431,0.182842,1.827407,-0.934230,-0.913766,0.602048,0.133964,0.377441,0.355905,0.922203,1.190467,-0.757596,0.163970
-0.466468,0.630246,0.165281,0.272297,0.514427,0.423320,-1.269805,0.484753,0.866387,0.188285,0.622457,0.482567,0.811953,0.581725,0.319208,0.291492,0.283220,0.992555,-1.440126,1.073907,0.777257,-0.636213,-1.179802,1.138097,-0.926437,-0.303649,0.921453,0.260778,-1.079312,-0.552530,0.170128,0.627359,67.495197,1.323834,-1.261200,0.556998,0.238282,0.952763,-0.934230,-1.028929,0.589000,0.155765,0.213492,0.684620,0.922203,0.912009,-0.757596,0.338834
-0.189647,0.619543,0.416466,0.207046,0.511217,0.341538,-1.559999,0.323094,0.807584,0.434385,0.496962,0.320213,0.837875,0.901829,0.382885,0.449406,0.403839,0.266415,-1.671479,0.981656,0.777257,-1.003695,-2.016340,1.132610,-1.274919,-1.520989,1.146881,0.410541,0.266537,-0.797265,1.270293,0.389989,136.727131,1.348206,-1.401882,0.480639,0.319525,1.092933,-0.804871,-0.236099,0.298628,0.299719,0.335940,0.139947,0.930051,1.300809,-0.641865,0.551856
0.186568,0.783803,2.903201,0.072460,0.400259,0.347369,-0.919681,0.349860,0.563970,0.020732,0.255211,0.340871,0.501323,-0.013940,0.320486,0.095222,0.021510,0.276963,-0.869237,0.771025,0.002489,-0.773618,-2.020543,-0.083298,-0.054810,0.186612,1.721701,0.145612,-0.587737,-0.797265,0.062250,0.363336,933.392231,0.885058,-1.439286,0.038289,0.049664,1.919450,-0.321871,0.521820,0.176355,0.005392,0.342654,0.335102,0.162366,0.662094,0.194381,-0.070204
-0.646665,0.739317,1.696925,0.289777,0.521940,0.253093,-0.932499,0.687813,0.083971,0.156150,0.300172,0.393095,0.799335,0.579349,0.335283,0.150464,0.202047,0.410083,-0.462430,0.921391,0.002489,-0.264343,-1.892853,-0.053907,-0.981486,-0.238106,1.721701,0.232960,-0.731882,-0.701100,0.171223,0.523423,702.271927,0.365716,-1.440920,0.148986,0.192492,1.827612,-0.867165,-0.967877,0.641400,0.132076,0.312220,0.232935,0.968446,1.093982,-0.872181,0.273685
-0.646665,0.678556,0.207286,0.290579,0.581740,0.433852,-1.318893,0.576043,0.925059,0.244308,0.770305,0.385892,0.799335,0.579349,0.315624,0.220008,0.265509,0.470026,-1.292971,1.032905,0.902714,-1.052701,-1.946531,0.976137,-0.981486,-0.501180,0.880951,0.249821,-0.731882,-0.701100,0.171223,0.686802,81.482464,1.117074,-1.456275,0.628905,0.285452,1.464120,-0.985467,-1.178578,0.679150,0.171812,0.261432,0.610620,0.968446,1.034702,-0.872181,0.687537
-0.077601,0.632006,0.432165,0.211779,0.598568,0.297263,-1.373067,0.283008,0.925059,0.471011,0.553717,0.318439,0.890265,1.053120,0.368405,0.307441,0.421661,0.571681,-1.627581,1.035155,0.902714,-1.206583,-1.891720,0.976137,-0.681916,-0.982019,1.042822,0.345587,0.267415,-0.600108,1.539643,0.385910,126.119760,1.456258,-1.508048,0.614898,0.403485,2.158590,-0.985467,-0.615132,0.404639,0.360701,0.451396,0.196879,1.049194,1.119115,-0.823567,0.870698
0.143908,0.700852,2.610861,0.086099,0.424949,0.486093,-1.118241,0.381936,0.648946,0.022587,0.261926,0.400376,0.532618,0.015463,0.338204,0.143025,0.056166,0.571681,-1.246560,0.739574,0.014162,-0.590099,-1.965871,-0.088730,-0.052763,0.179668,1.042822,0.235032,-0.655016,-0.600108,0.058627,0.322216,812.608064,1.176479,-1.372471,0.039321,0.095162,2.162895,-0.321317,0.369133,0.175654,0.015868,0.437300,0.356249,0.503029,0.742500,0.124885,-0.095368
-0.577686,0.706146,0.216545,0.287582,0.529209,0.420559,-1.359296,0.667689,0.871260,0.169146,0.489137,0.475487,0.806605,0.501372,0.292468,0.215260,0.188976,0.793025,-1.504081,1.044030,0.620797,-0.821538,-1.158373,0.999910,-0.798695,-0.258833,0.874082,0.251185,-0.836923,-0.849845,0.164439,0.866495,81.975287,1.325721,-1.291963,0.525339,0.216321,1.027988,-0.966961,-1.009621,0.704408,0.139860,0.296117,0.650098,0.659667,1.004732,-0.708800,0.167725
-0.195979,0.682864,3.348438,0.085219,0.323039,0.506761,-1.037694,0.192254,0.985603,0.052704,0.207172,0.445258,0.602643,0.019823,0.160509,0.110914,0.037375,0.521101,-0.971915,0.821535,0.003741,-0.597188,-1.240317,0.047718,-0.106674,-0.218008,0.758011,0.247962,-0.202549,-0.897663,0.063496,0.290958,1414.611663,0.931730,-1.132709,0.097554,0.153191,1.667882,-0.350274,0.309984,0.206891,0.009602,0.213241,0.313519,0.163574,0.395698,-0.326289,-0.145214
0.669910,1.269480,0.526297,0.010665,0.245552,0.250452,-0.690463,0.025469,-0.400307,0.004768,0.045722,0.099468,0.251153,-0.043926,0.018706,0.008122,0.002626,-0.103766,-0.818726,0.706177,0.002297,-0.002247,-1.047305,-0.215254,-0.006223,0.284908,0.501630,0.010502,-0.481151,-0.218994,0.049238,0.039726,163.297118,0.948190,-1.155451,0.003746,0.015149,1.781759,-0.303884,1.234808,0.017890,0.000865,0.028406,0.021303,0.123551,0.326647,0.077817,-0.276225
0.722272,1.286896,0.398978,0.006012,0.251407,0.016884,-0.738493,0.024427,-0.432111,0.002754,0.025509,0.030432,0.257562,-0.041751,0.007954,0.011756,0.002808,-0.117831,-0.840832,0.705321,-0.006036,0.026321,-1.122599,-0.253154,-0.015362,0.297327,0.456813,0.008209,-0.534884,-0.256033,0.049831,0.077535,116.772846,0.956119,-1.017855,0.002387,0.006739,1.701049,-0.304841,1.256108,0.013729,0.001035,0.049822,0.029221,0.115871,0.185619,0.079001,-0.357913
0.329906,0.814216,1.578666,0.189262,0.408771,0.249595,-1.172986,0.244866,0.563147,0.082737,0.420394,0.180104,0.614983,0.216255,0.078079,0.177331,0.118943,0.277369,-1.178083,0.783193,0.005994,-0.410620,-1.409824,-0.308323,-0.674694,-0.013068,0.606534,0.132879,-0.593712,-0.649654,0.090224,0.337286,536.370379,0.976166,-1.228495,0.119197,0.123921,2.028628,-0.566537,-0.818222,0.703488,0.050896,0.090782,0.317539,0.705316,0.412811,-0.861515,0.146997
0.329906,0.746382,0.601621,0.191459,0.377239,0.262108,-1.196834,0.264220,1.268710,0.082581,0.485058,0.119362,0.614983,0.216255,0.081764,0.209710,0.136680,0.464598,-1.266612,0.879215,0.590594,-0.816650,-1.670401,0.143638,-0.674694,-0.013068,0.606534,0.129416,-0.587547,-0.649654,0.099953,0.289531,211.700285,1.086095,-1.274109,0.272364,0.117414,1.612911,-0.659879,-1.020818,0.805915,0.070100,0.103382,0.616818,0.705316,0.412811,-0.861515,0.146997
0.329906,0.683874,0.155397,0.161339,0.349549,0.185576,-1.227917,0.189939,1.402701,0.064348,0.254877,0.164668,0.569349,0.216255,0.098171,0.130676,0.095662,0.550613,-1.317915,0.879215,0.748754,-0.816650,-1.490504,0.640979,-0.674694,-0.002811,0.628187,0.207148,-0.161004,-0.521451,0.099953,0.346901,47.467085,1.112156,-1.291257,0.380996,0.071679,0.969295,-0.661650,-1.020818,0.323018,0.078277,0.060280,0.505920,0.705316,0.427726,-0.500714,-0.112828
0.378838,0.755732,0.165444,0.125635,0.304835,0.255629,-1.269728,0.199033,1.402701,0.304363,0.169447,0.157369,0.588813,0.513399,0.071310,0.149327,0.213598,0.550613,-1.241586,0.879215,0.748754,-0.816650,-1.810062,0.640979,0.097819,0.136993,0.645135,0.173967,0.698850,-0.029998,0.714388,0.266962,54.854047,1.085142,-1.316171,0.294419,0.158632,1.096079,-0.661650,-1.020818,0.792479,0.145149,0.059667,0.185384,0.464613,0.831233,-0.440308,0.213564
0.515366,0.663509,2.291892,0.063900,0.407475,0.304618,-1.068923,0.200597,0.415241,0.021392,0.229057,0.352101,0.563810,-0.031246,0.238221,0.074658,0.019931,0.428630,-0.989608,0.731154,0.035877,-0.691631,-2.154747,-0.127457,-0.037381,-0.092701,1.059040,0.144336,-0.341513,-0.808819,0.053010,0.306845,749.788753,1.093989,-1.387800,0.057809,0.050043,1.450153,-0.310954,0.443404,0.110738,0.005683,0.413326,0.237171,0.146145,0.766322,-0.082627,0.014022
0.015776,0.693809,0.502212,0.209089,0.447335,0.437700,-1.325960,0.373349,0.811896,0.120954,0.536482,0.387675,0.735447,0.478347,0.291011,0.133180,0.153880,0.562697,-1.366952,1.035384,0.794003,-0.856612,-2.215612,-0.053552,-0.629629,-0.167055,0.852032,0.204809,-0.341513,-1.274936,0.149434,0.592043,212.723808,1.278746,-1.158252,0.382587,0.219141,1.591709,-0.863566,-1.020892,0.721999,0.125833,0.412796,0.381636,0.569302,0.766322,-0.575726,0.097325
0.211649,0.781236,1.802297,0.235104,0.278296,0.378216,-1.235581,0.125070,0.573739,0.250430,0.537676,0.415155,0.558725,0.973545,0.135248,0.130310,0.256476,1.110493,-1.371418,0.919030,0.994248,-1.383593,-1.350762,0.147101,-0.427716,-0.484878,0.647081,0.173773,0.114950,-1.041216,0.618678,0.123998,650.669566,1.208666,-1.344779,0.152931,0.254371,2.040160,-0.580396,0.502482,0.110726,0.251546,0.257211,0.092154,1.673030,0.194318,-0.605204,0.656941
0.461665,1.185068,0.256907,0.013460,0.254924,0.106078,-1.232894,0.056387,-0.067007,0.014353,0.043200,0.083289,0.281870,-0.037375,0.058989,0.017647,0.007208,-0.149138,-1.081537,0.719063,0.000863,-0.073016,-1.101056,-0.176335,-0.017219,0.219453,0.570903,0.030430,-0.133821,-0.181282,0.052007,0.023945,67.576765,0.991595,-1.307819,0.023611,0.040575,1.679918,-0.309876,1.091482,0.046938,0.002831,0.080618,0.017436,0.152776,0.247610,-0.067526,-0.227835
0.911774,0.972134,2.412594,0.043370,0.327866,0.219050,-1.205897,0.159524,-0.210299,0.018542,0.077114,0.194951,0.388028,-0.041543,0.051662,0.041414,0.015915,0.223585,-1.170928,0.731624,0.003930,-0.081958,-1.283592,-0.127580,-0.031034,0.284484,0.657293,0.057928,-0.488603,-0.225438,0.052847,0.121796,663.647018,1.097903,-1.538428,0.017848,0.029992,2.107015,-0.315308,0.925763,0.026005,0.003238,0.131043,0.068890,0.169188,0.654116,0.166799,-0.267655
-0.938297,0.732460,2.543051,0.319021,0.500248,0.296733,-0.899464,0.941850,-0.199661,0.134108,0.370873,0.307600,0.829401,0.591794,0.237869,0.154558,0.215345,0.291104,-0.440106,0.840838,0.092995,-0.105419,-1.279070,-0.022684,-0.606466,-0.182555,0.712746,0.124177,-1.120393,-0.442750,0.162213,0.500347,1000.095072,0.434879,-1.363095,0.111935,0.179517,1.868019,-0.861360,-0.681304,0.516686,0.125336,0.258547,0.232666,1.035486,1.113419,-0.819705,0.219704
-0.938297,0.623884,0.188176,0.288357,0.517056,0.445637,-1.319363,0.620917,1.017531,0.148946,0.654160,0.380100,0.829401,0.591794,0.260027,0.216423,0.216526,0.591350,-1.404303,0.936876,0.753367,-0.881553,-1.540044,0.978407,-0.606466,-0.182555,0.727674,0.156173,-1.120393,-0.442750,0.162213,0.474838,71.826114,1.288863,-1.266569,0.556786,0.204908,1.001511,-0.907080,-1.034645,0.603498,0.130709,0.326513,0.806939,1.035486,1.088252,-0.819705,0.219704
-0.597739,0.570787,0.528813,0.248917,0.581564,0.437278,-1.228747,0.441884,1.196274,0.324350,0.522753,0.402154,0.932629,1.086022,0.371844,0.408913,0.376850,0.573946,-1.432969,0.957873,0.753367,-0.959895,-1.745311,0.932757,-1.325919,-1.970468,0.756807,0.453391,0.586665,-0.827526,0.907718,0.257748,149.039536,1.285108,-1.585518,0.592593,0.407802,1.359446,-0.865479,-0.689004,0.442075,0.306602,0.299048,0.186046,1.317790,0.900652,-1.352733,0.743638
-0.048779,0.656741,2.626832,0.041731,0.414825,0.459138,-0.930152,0.339290,1.196274,0.026162,0.178981,0.271278,0.623221,-0.013434,0.189364,0.088155,0.024614,0.095828,-0.949392,0.747103,0.026787,-0.762364,-1.977301,-0.080045,-0.070041,-0.036369,0.756807,0.380411,-0.501085,-0.827526,0.053606,0.398691,848.619236,0.975585,-1.279370,0.053773,0.109922,1.816313,-0.310757,0.161288,0.268070,0.006051,0.231183,0.441677,0.188133,0.604965,-0.313641,-0.098512
-0.706622,0.726350,1.472866,0.287574,0.526959,0.366816,-1.264325,0.631258,0.322318,0.167705,0.411534,0.425212,0.817464,0.627893,0.336283,0.158815,0.174205,0.581993,-1.098312,0.967553,-0.019739,-0.505492,-1.407497,0.152507,-0.868130,-0.319938,0.984313,0.283267,-0.766802,-0.691991,0.156440,0.565233,625.496309,0.974166,-1.299041,0.161152,0.198042,1.914856,-0.944202,-0.847328,0.615761,0.138848,0.362482,0.337661,0.758893,1.026202,-0.755537,0.234889
-0.706622,0.642845,0.169912,0.256238,0.576572,0.502377,-1.359380,0.545676,1.048429,0.210526,0.716286,0.342809,0.817464,0.627893,0.362412,0.211625,0.215038,0.581993,-1.426433,1.049704,0.772850,-0.723742,-1.455376,1.107102,-0.868130,-0.372878,0.984313,0.262102,-0.766802,-0.691991,0.163872,0.675515,69.951158,1.252258,-1.340282,0.627363,0.246295,1.105996,-0.944202,-1.111987,0.618173,0.175010,0.293227,0.656916,0.758893,1.026202,-0.764721,0.481196
-0.116195,0.627255,0.404315,0.256760,0.606148,0.256030,-1.444917,0.268895,1.048429,0.517469,0.483957,0.332851,0.909557,1.289618,0.380021,0.415107,0.449815,0.284458,-1.600233,1.063482,0.772850,-1.111134,-1.377067,1.107102,-1.081000,-1.420571,1.029460,0.388272,0.269162,-0.659784,1.352066,0.289993,118.064310,1.311235,-1.409247,0.629051,0.429995,0.398879,-0.936647,-0.779254,0.475269,0.409281,0.362474,0.225354,1.208109,1.033965,-0.780004,1.075307
0.106392,0.755158,2.935359,0.099190,0.419984,0.430022,-1.159958,0.371654,0.795700,0.031457,0.333843,0.344001,0.549842,0.083447,0.247134,0.154732,0.068630,0.369595,-1.124723,0.761689,0.010977,-0.592616,-1.851036,-0.040693,-0.068435,0.007319,1.029460,0.254523,-0.543998,-0.647360,0.058900,0.399759,900.078585,1.074512,-1.403614,0.031402,0.153294,2.061509,-0.343708,0.266788,0.214517,0.017948,0.344201,0.373545,0.499219,0.686838,0.253741,-0.108403
-0.790087,0.773248,2.186345,0.290783,0.542290,0.370382,-1.459602,0.689560,0.192827,0.177520,0.345281,0.272057,0.894578,0.682828,0.340531,0.175783,0.206917,0.079374,-1.431684,0.967414,-0.007635,-0.432720,-1.530878,-0.116577,-0.943214,-0.399445,0.861731,0.261424,-0.821796,-0.614023,0.164462,0.525992,852.615321,1.355795,-1.344639,0.154802,0.219915,2.084122,-1.013020,-1.134799,0.660932,0.148330,0.393117,0.305175,1.041506,0.958134,-0.938144,0.406106
-0.790087,0.776043,0.243858,0.260979,0.600585,0.455768,-1.379287,0.597074,1.248477,0.240401,0.591670,0.269567,0.894578,0.682828,0.337800,0.235422,0.216151,0.452901,-1.499792,1.038601,0.856434,-0.716079,-1.578047,0.986453,-0.943214,-0.399445,0.855012,0.275393,-0.821796,-0.614023,0.174374,0.806784,90.142392,1.361341,-1.355251,0.649345,0.257118,1.764279,-1.013020,-1.337916,0.713631,0.168869,0.336530,0.761958,1.041506,0.958134,-0.938144,0.406106
-0.438837,0.613003,0.727982,0.297068,0.616155,0.331976,-1.349370,0.364900,1.248477,0.436762,0.459213,0.404073,1.038322,1.876625,0.356067,0.433167,0.390027,0.415888,-1.497795,0.991874,0.856434,-1.008879,-1.918565,0.986453,-1.235935,-1.098574,0.855555,0.418420,0.330195,-0.737322,1.745617,0.435732,202.769852,1.295313,-1.502919,0.652110,0.422909,1.202130,-0.966352,-1.123244,0.574638,0.430594,0.355795,0.274925,1.580511,1.091746,-0.731902,0.741431
-0.049733,0.706702,2.630800,0.076994,0.434939,0.487023,-1.218932,0.330091,0.935652,0.043291,0.260642,0.320150,0.718106,0.071833,0.251294,0.137784,0.053795,0.074283,-1.145820,0.758546,0.022051,-0.520856,-1.819553,-0.043133,-0.060534,0.103239,0.907507,0.385175,-0.652868,-0.737322,0.059182,0.472162,793.091073,1.094270,-1.497493,0.064868,0.208357,1.885183,-0.326200,0.166703,0.260026,0.015081,0.360828,0.429913,0.400524,0.710287,-0.049646,-0.029462
-0.727870,0.740539,1.251532,0.323769,0.535571,0.298717,-1.266438,0.642116,0.164767,0.179793,0.502436,0.341201,0.873587,0.680822,0.289227,0.181445,0.191917,0.282344,-1.320054,0.960947,-0.009522,-0.368489,-1.698702,0.127350,-0.865156,-0.403389,0.907507,0.293349,-0.799083,-0.662002,0.168676,0.600860,504.387390,1.276850,-1.407780,0.167182,0.213002,1.388931,-0.970931,-0.976005,0.660691,0.157617,0.426076,0.305463,0.898393,1.073015,-0.866386,0.293747
-0.727870,0.696111,0.172705,0.305327,0.593719,0.463782,-1.202504,0.521231,0.920995,0.254104,0.885135,0.223591,0.873587,0.680822,0.320514,0.245009,0.275407,0.517726,-1.266407,1.048348,0.845932,-1.116560,-1.896910,0.940181,-0.865156,-0.574951,0.993935,0.295725,-0.771029,-0.816148,0.168676,0.761189,66.014427,1.135416,-1.415551,0.641988,0.321274,1.129265,-0.986764,-1.165488,0.675521,0.208856,0.337357,0.600892,0.898393,1.010478,-0.866386,0.833937
-0.627187,0.579651,0.880476,0.229493,0.590052,0.292247,-1.273255,0.365164,0.898152,0.438655,0.652000,0.447605,0.937307,1.221775,0.343862,0.394944,0.426723,1.006590,-1.391066,1.104346,0.845932,-1.492759,-1.430343,0.940181,-0.812229,-1.222339,0.796308,0.499197,0.122835,-0.873843,1.193164,0.283649,245.250515,1.144229,-1.452323,0.594408,0.437928,1.746923,-0.975970,-0.485080,0.372159,0.363688,0.369503,0.211841,2.001440,1.112399,-1.350633,0.997174
0.093126,0.623202,3.503900,0.071464,0.392237,0.398634,-1.072575,0.337324,0.819896,0.036106,0.371415,0.629856,0.450972,-0.024739,0.172811,0.134090,0.034428,1.069404,-1.009572,0.765361,0.026311,-0.964261,-1.508743,0.018983,-0.067990,0.120062,0.835071,0.274753,-0.433334,-0.873843,0.062354,0.204047,1105.630989,1.005181,-1.241595,0.027267,0.074838,1.665269,-0.319328,0.424622,0.161603,0.007095,0.329053,0.314057,0.228145,0.544878,0.245484,-0.103582
-0.463640,0.713239,2.253314,0.128293,0.476785,0.375757,-1.147135,0.557348,0.227360,0.150366,0.321382,0.473755,0.768065,0.653024,0.343334,0.209335,0.202995,0.747648,-1.130917,0.930132,0.034397,-0.681138,-1.801653,-0.222956,-0.949123,-0.363776,1.021563,0.235592,-0.754180,-0.944675,0.145615,0.370946,893.149620,1.149994,-1.192895,0.164162,0.225494,1.996933,-0.785994,-1.037487,0.632599,0.136399,0.372248,0.315836,0.872263,0.991669,-0.855061,0.360103
-0.463640,0.721457,0.186954,0.122585,0.580312,0.465332,-1.224837,0.439711,1.005839,0.273607,0.696650,0.354403,0.768065,0.653024,0.347235,0.208768,0.244213,0.865743,-1.203245,0.978730,1.095904,-1.263990,-1.672623,0.942871,-0.949123,-0.548302,1.021563,0.288943,-0.754180,-0.944675,0.145615,0.474668,64.067678,1.230410,-1.248159,0.623657,0.312374,0.325333,-0.931051,-1.215797,0.734207,0.200269,0.328848,0.645142,0.872263,0.991669,-0.855061,0.744903
-0.354267,0.597193,1.181859,0.258789,0.615764,0.432099,-1.226678,0.331509,1.005839,0.510875,0.677972,0.409255,1.021150,1.670210,0.284272,0.384461,0.503119,0.865743,-1.381741,1.011388,1.095904,-1.263990,-1.834523,0.942871,-0.358793,-1.089306,0.721819,0.394941,0.285204,-0.728497,1.724350,0.393064,330.532647,1.227326,-1.377703,0.633451,0.425601,2.142683,-0.917660,-0.726887,0.432573,0.424742,0.409394,0.228339,1.760147,1.193364,-0.822243,0.844991
0.121666,0.656565,3.221344,0.054039,0.412954,0.643258,-1.045874,0.274276,0.826506,0.027464,0.172837,0.483423,0.571359,0.003990,0.250579,0.130700,0.057543,0.726966,-1.082477,0.724900,0.117139,-0.443285,-1.874634,0.135636,-0.052309,0.024817,1.000698,0.335270,-0.590994,-0.728497,0.075493,0.314372,977.958114,1.075149,-1.277003,0.060289,0.143485,1.579366,-0.311309,0.272530,0.219455,0.013070,0.492159,0.393163,0.644563,0.729306,-0.012429,-0.095937
-0.883385,0.687055,1.669834,0.221263,0.509886,0.317147,-1.317610,0.698126,0.137412,0.146772,0.224129,0.475564,0.817365,0.517846,0.331936,0.161895,0.224214,0.652392,-1.371489,0.830790,0.054806,-0.517601,-1.998141,-0.128713,-0.702454,-0.263763,1.000698,0.251929,-0.867267,-0.726675,0.188970,0.502203,670.822748,1.302905,-1.289359,0.145555,0.177276,2.027835,-0.779141,-0.872657,0.556513,0.115766,0.383775,0.310046,1.026774,1.055631,-0.790976,0.208945
-0.883385,0.665271,0.181686,0.263854,0.593087,0.571066,-1.274071,0.581712,0.954273,0.223317,0.800016,0.376635,0.817365,0.517846,0.321359,0.227095,0.255793,0.960769,-1.457527,0.985954,1.209988,-1.242689,-1.792205,1.028629,-0.702454,-0.263763,0.962344,0.271740,-0.867267,-0.812808,0.188970,0.732076,73.132126,1.375477,-1.404341,0.637877,0.229966,1.163934,-1.039862,-1.145469,0.674430,0.157977,0.271762,0.696060,1.026774,1.055631,-0.790976,0.208945
-0.195963,0.646143,0.874125,0.192476,0.629819,0.371029,-1.190971,0.273719,0.954273,0.464603,0.729712,0.337632,0.963333,1.210462,0.297276,0.365169,0.521153,0.905837,-1.247669,0.999500,1.209988,-1.777242,-1.074436,1.028629,-0.416177,-1.301996,0.832380,0.387003,0.296875,-0.903899,1.184194,0.288033,231.156400,1.126095,-1.450396,0.660897,0.452898,1.969441,-0.976728,-0.877009,0.508516,0.393707,0.332145,0.203973,1.204620,1.019036,-1.031518,0.952486
0.030609,0.663562,3.623383,0.069971,0.432838,0.550597,-1.094592,0.327519,0.756820,0.040696,0.180219,0.673226,0.714554,0.150629,0.251300,0.113049,0.090901,0.942968,-1.106786,0.738918,0.172027,-0.822687,-1.952919,0.199511,-0.064208,0.001641,0.886246,0.309601,-0.537050,-0.840424,0.063676,0.292989,1071.339347,1.062990,-1.303815,0.051651,0.214163,2.040232,-0.365594,0.367726,0.173963,0.034486,0.420182,0.372929,0.585086,0.752202,0.122710,-0.176525
-0.796489,0.710660,2.132046,0.177177,0.514158,0.443805,-1.246493,0.675960,0.244649,0.174829,0.244570,0.577923,0.844640,0.608989,0.406082,0.201674,0.221880,0.887416,-1.246555,0.954537,-0.008806,-0.448840,-1.492973,-0.195486,-0.943754,-0.385679,0.886246,0.174598,-0.830750,-0.952261,0.146386,0.460920,845.631706,1.128985,-1.218192,0.152157,0.211151,1.920484,-0.835001,-1.002773,0.611673,0.123583,0.449929,0.316195,0.891845,1.046164,-0.795591,0.242472
-0.796489,0.718295,0.235930,0.230790,0.600101,0.511849,-1.302367,0.567089,1.132415,0.238337,0.686588,0.341485,0.844640,0.608989,0.403684,0.252245,0.229688,0.859275,-1.386694,1.067956,1.002220,-1.394155,-1.403961,1.291376,-0.943754,-0.385679,0.850039,0.267698,-0.830750,-0.952261,0.146386,0.669617,83.773504,1.312517,-1.215389,0.646566,0.268264,1.093612,-1.003811,-1.210939,0.693192,0.165059,0.357366,0.738593,0.891845,1.046164,-0.802576,0.242472
-0.127584,0.604490,0.437267,0.256636,0.655572,0.385197,-1.262431,0.264774,1.132415,0.514679,0.548846,0.333307,1.030134,1.531858,0.311576,0.412288,0.488213,0.872594,-1.314242,1.031223,1.002220,-1.280196,-1.708933,1.291376,-0.408153,-1.164622,0.752385,0.415404,0.349371,-0.836073,1.360210,0.368209,140.664117,1.272928,-1.507333,0.684013,0.455344,2.052840,-0.934907,-0.904673,0.524840,0.418503,0.401710,0.240421,1.091451,1.162936,-0.861291,0.954468
-0.027703,0.593777,2.978702,0.115426,0.444424,0.567797,-0.986993,0.373823,0.791887,0.045466,0.283678,0.390824,0.824754,0.059426,0.334791,0.157075,0.072183,0.517551,-1.022211,0.760901,0.116117,-0.938262,-1.718517,0.279953,-0.076725,0.024260,1.713617,0.367233,-0.587604,-0.627740,0.058418,0.379046,901.336558,0.959762,-1.399973,0.089956,0.203486,2.203610,-0.335586,0.234104,0.217536,0.020703,0.421832,0.410448,0.433441,0.697500,-0.061446,-0.147635
-0.922927,0.670557,2.278403,0.254106,0.524783,0.366391,-1.227192,0.750463,0.299735,0.172831,0.228255,0.491895,0.913710,0.607426,0.407654,0.174298,0.237923,0.789617,-1.194720,0.893205,0.009168,-0.315574,-1.598828,-0.140097,-0.843671,-0.328056,1.713617,0.225050,-0.965984,-1.703305,0.171458,0.516579,849.219555,0.963327,-1.333692,0.157009,0.190057,1.794999,-0.781999,-0.841580,0.536946,0.134209,0.402717,0.360698,1.125076,1.007859,-0.856459,0.269381
-0.922927,0.696652,0.211793,0.250063,0.613718,0.442728,-1.237966,0.656517,1.014040,0.228835,0.582857,0.394336,0.913710,0.607426,0.375834,0.185554,0.235133,0.789617,-1.356046,1.036633,0.896684,-0.804078,-1.719425,1.189289,-0.843671,-0.328056,0.864529,0.241085,-0.965984,-0.611118,0.171458,0.815444,78.997982,1.154386,-1.391276,0.664207,0.247446,1.315890,-1.028462,-1.198707,0.698918,0.155423,0.368118,0.760847,1.125076,1.007859,-0.856459,0.269381
-0.205873,0.643214,0.743283,0.236038,0.671573,0.374021,-1.356353,0.316123,1.014040,0.590795,0.478225,0.361914,1.012122,1.922479,0.347771,0.430937,0.516796,0.823517,-1.585401,1.163267,0.896684,-1.089689,-2.055729,1.189289,-0.884550,-1.067095,0.771998,0.380156,0.264628,-0.779030,1.715469,0.393966,204.098455,1.454798,-1.516992,0.707856,0.482175,1.297607,-0.995613,-1.047477,0.604041,0.491426,0.425675,0.235984,1.562211,1.094652,-1.423990,1.188882
-0.205873,0.678096,2.765827,0.131062,0.453988,0.612148,-1.031283,0.377029,0.726459,0.114689,0.312909,0.369522,0.856599,0.096321,0.313266,0.185429,0.201148,0.135873,-1.094634,0.746715,0.089453,-0.865858,-1.943725,0.319027,-0.405770,0.171040,1.133405,0.321820,-0.758537,-0.779030,0.159782,0.494780,911.799745,1.018385,-1.340336,0.105136,0.206571,1.705396,-0.525657,0.207094,0.232463,0.069582,0.432469,0.438360,1.562211,0.707284,0.048235,-0.057751
-0.624662,0.715703,1.599688,0.345450,0.539492,0.452651,-1.203908,0.607252,0.256568,0.182608,0.439437,0.365303,0.889371,0.700855,0.361969,0.208438,0.200144,0.490748,-1.184599,0.970956,-0.019528,-0.354025,-1.787344,0.451284,-0.961978,-0.519893,1.133405,0.290694,-1.009463,-0.594931,0.236064,0.592255,690.374653,1.044816,-1.287192,0.180183,0.219217,1.705249,-1.083525,-0.933335,0.619950,0.169524,0.405546,0.354439,0.966832,1.176325,-0.877674,0.296549
-0.624662,0.700544,0.199739,0.300830,0.592302,0.594381,-1.226319,0.561656,1.025094,0.219976,0.649118,0.323301,0.889371,0.700855,0.353780,0.309361,0.257249,0.490748,-1.342289,1.063991,0.649377,-0.772724,-1.266828,1.057682,-0.961978,-0.519893,0.995459,0.276715,-1.009463,-0.811367,0.236064,0.735067,77.303296,1.242362,-1.399318,0.643029,0.263097,1.081409,-1.083525,-1.149072,0.639444,0.186408,0.398842,0.752720,0.966832,1.176325,-0.877674,0.322721
-0.483901,0.590831,0.643981,0.282987,0.594440,0.381896,-1.587279,0.428027,1.025094,0.420680,0.421954,0.416103,0.950137,1.053153,0.317789,0.497501,0.442995,0.221558,-1.969668,0.964416,0.649377,-0.912989,-1.040175,1.057682,-1.714466,-1.426626,0.795350,0.406093,0.292534,-0.811367,1.585485,0.346075,182.662112,1.760598,-1.504756,0.613952,0.381612,1.229984,-0.983824,-0.841434,0.465962,0.355378,0.422462,0.214432,1.169896,1.345623,-0.753519,0.611899
0.013653,0.722998,3.022592,0.058047,0.410176,0.404091,-1.095945,0.334719,0.825275,0.032046,0.259930,0.321462,0.605387,-0.007739,0.254444,0.117610,0.047936,-0.122062,-1.118727,0.768398,0.035359,-0.501406,-1.591757,-0.034895,-0.110177,0.140820,1.397414,0.281853,-0.622605,-0.478302,0.060009,0.446887,932.926880,1.057589,-1.211956,0.066377,0.125593,1.846396,-0.317604,0.295982,0.248166,0.010722,0.306464,0.415158,0.425610,0.702736,0.257185,-0.115363
-1.010535,0.741765,1.757337,0.349134,0.529548,0.371756,-1.328814,0.739301,0.152420,0.161280,0.372648,0.541254,0.821425,0.643881,0.334526,0.177756,0.228395,0.536313,-1.369385,0.887219,0.000815,-0.370528,-1.497285,-0.072387,-0.857140,-0.311927,1.397414,0.257926,-0.906608,-0.679300,0.228935,0.551249,711.064947,1.167507,-1.280071,0.157148,0.179521,1.814764,-1.080349,-0.838436,0.578927,0.151384,0.330097,0.322499,1.207978,1.166610,-0.857617,0.267092
-1.010535,0.663126,0.199753,0.334016,0.600061,0.446030,-1.341051,0.667017,1.043881,0.220232,0.814577,0.329875,0.821425,0.643881,0.319243,0.202404,0.232627,0.557022,-1.452808,1.034351,0.953690,-0.792111,-1.722026,1.003927,-0.857140,-0.364250,0.817816,0.236186,-0.906608,-0.679300,0.228935,0.853368,85.528013,1.281883,-1.388936,0.650514,0.228145,1.027728,-1.080349,-1.152556,0.666781,0.180113,0.268337,0.729327,1.207978,1.166610,-0.857617,0.267092
-0.301959,0.618916,1.039997,0.263477,0.667518,0.299951,-1.437732,0.330637,1.043881,0.532712,0.513362,0.289389,1.059728,1.423940,0.365857,0.368377,0.490645,0.602811,-1.700189,1.094880,0.953690,-1.454513,-1.834841,1.003927,-0.704682,-1.011098,1.586847,0.449432,0.251141,-0.813455,1.368147,0.384434,288.736253,1.498339,-1.558461,0.694838,0.472817,1.924677,-0.970753,-0.867026,0.510941,0.424677,0.409231,0.234840,1.560623,1.271175,-1.291678,1.159158
-0.054623,0.652895,3.278230,0.126607,0.449533,0.375884,-1.277486,0.337273,0.769988,0.038616,0.327123,0.278410,0.828059,0.249933,0.259317,0.153840,0.145084,0.300614,-1.406541,0.767383,0.184102,-0.642957,-1.771044,0.253853,-0.135188,0.133911,0.879803,0.373528,-0.684972,-0.813455,0.094695,0.419212,1007.847328,1.248610,-1.205367,0.084502,0.210075,1.975217,-0.368080,0.228461,0.222378,0.046308,0.330452,0.422332,0.738916,0.770066,0.035369,-0.056602
-0.890868,0.687932,1.701952,0.311828,0.525761,0.459923,-1.340634,0.674299,0.215897,0.170501,0.446115,0.301893,0.877677,0.592624,0.319781,0.157841,0.186960,0.612462,-1.309136,0.922245,-0.008882,-0.375334,-1.753815,0.173436,-0.755822,-0.308122,0.879803,0.294979,-0.917522,-0.710668,0.152485,0.534610,688.711264,1.220579,-1.193590,0.152209,0.195672,1.937514,-0.919224,-0.818638,0.571330,0.132884,0.372690,0.328378,0.854027,1.237102,-0.758077,0.226108
-0.890868,0.631725,0.168425,0.281008,0.597970,0.486552,-1.379439,0.575316,0.868654,0.241133,0.794026,0.268238,0.877677,0.592624,0.334417,0.225897,0.210729,0.612462,-1.578929,1.041821,0.852087,-0.759471,-1.539064,1.013931,-0.755822,-0.796017,0.909347,0.287160,-0.917522,-0.710668,0.152485,0.751109,63.431826,1.392771,-1.296826,0.649666,0.269386,1.042465,-0.990930,-0.984922,0.637018,0.171905,0.331132,0.667930,0.854027,1.237102,-0.782993,0.635868
-0.385772,0.650621,0.689634,0.247395,0.619201,0.252071,-1.302764,0.335659,0.868654,0.487881,0.503539,0.317740,0.871596,1.466515,0.300180,0.377755,0.455576,0.557313,-1.438178,1.110779,0.852087,-1.311771,-1.002738,1.013931,-0.862703,-0.893580,0.881441,0.365034,0.140876,-0.666079,1.586091,0.300281,195.512594,1.203011,-1.494927,0.652114,0.460739,2.168406,-0.990930,-0.789567,0.482913,0.428209,0.398143,0.203019,1.160594,1.169396,-1.001746,1.154417
-0.026310,0.749897,2.872699,0.097675,0.384001,0.443689,-1.085000,0.296220,0.656471,0.025902,0.243732,0.439976,0.607338,0.086171,0.272694,0.118039,0.072160,0.712979,-1.054762,0.730730,0.005889,-0.391620,-1.745491,-0.062891,-0.081193,0.172350,0.952173,0.193788,-0.432453,-0.580348,0.051821,0.255535,867.111399,0.945527,-1.292135,0.063990,0.145753,2.046491,-0.340410,0.373121,0.216215,0.017976,0.407989,0.299348,0.506727,0.590712,0.244560,-0.105229
0.198214,0.632515,0.173201,0.137782,0.525976,0.373960,-1.382081,0.311215,0.754243,0.146308,0.594555,0.374064,0.810627,0.552019,0.391170,0.156218,0.142117,0.441310,-1.478026,0.990172,0.750244,-0.528971,-1.809772,0.888129,-0.860211,-0.245838,1.146396,0.312570,-0.572792,-1.132394,0.162662,0.578545,62.795096,1.303755,-1.303123,0.558906,0.218537,1.232001,-0.827222,-0.924132,0.661413,0.123249,0.312495,0.499983,0.517905,1.020329,-0.800546,0.313447
0.308651,0.908192,1.729619,0.013604,0.262821,0.288465,-0.710952,0.109898,0.393091,0.014793,0.077137,0.255929,0.338314,-0.042395,0.165307,0.034210,0.006526,0.433492,-0.812571,0.729164,-0.002227,-0.053563,-1.254198,-0.177016,-0.023220,0.210286,0.744915,0.090513,-0.307111,-0.320741,0.051131,0.165811,761.507960,0.892375,-1.047920,0.029421,0.065523,1.876421,-0.307003,0.567481,0.169022,0.001683,0.145584,0.225586,0.136456,0.378418,0.179215,-0.130716
0.615054,1.201132,0.339266,0.003837,0.243945,0.128883,-0.603178,0.033512,-0.398911,0.002626,0.016764,0.112106,0.248518,-0.042654,0.008467,0.006789,0.002978,0.059705,-0.745378,0.706639,-0.002272,0.005731,-0.951535,-0.226828,-0.010778,0.292376,0.485969,0.009109,-0.487182,-0.265203,0.049705,0.060245,98.475457,0.911272,-1.233821,0.003350,0.008177,1.763499,-0.302716,1.176054,0.016393,0.000987,0.024123,0.020422,0.119909,0.335556,0.103202,-0.333783
0.709236,1.187765,0.565171,0.002866,0.249222,0.112321,-0.688915,0.043263,-0.526544,0.003375,0.015900,0.028996,0.268653,-0.041136,0.010391,0.012678,0.002472,-0.188773,-0.814236,0.706765,-0.004605,0.003420,-1.326005,-0.250764,-0.008833,0.310949,0.477553,0.006870,-0.617332,-0.280585,0.049494,0.067545,160.288390,0.871437,-1.056800,0.006220,0.009006,2.106283,-0.302704,1.128511,0.022405,0.000683,0.064127,0.027366,0.113923,0.298711,0.082495,-0.359154
0.627668,0.742618,0.706545,0.219063,0.398183,0.313022,-1.111579,0.170552,0.186768,0.077323,0.318993,0.193782,0.611602,0.167412,0.040886,0.155961,0.093042,0.364023,-1.266476,0.731761,0.002834,-0.409409,-1.600421,-0.321445,-0.555754,-0.120955,0.498219,0.173964,-0.643178,-0.584672,0.048421,0.397699,210.228443,1.042762,-1.177642,0.128447,0.141313,2.265061,-0.342998,-0.721144,0.573276,0.038010,0.099979,0.201504,0.580571,0.212602,-0.913944,0.190487
0.627668,0.720041,0.680112,0.219849,0.374663,0.214442,-1.146895,0.179119,0.940627,0.077651,0.402354,0.175337,0.611602,0.167412,0.045707,0.186914,0.121730,0.364023,-1.261052,0.857744,0.458703,-0.827971,-1.561485,-0.336355,-0.555754,-0.120955,0.498219,0.178841,-0.643178,-0.584672,0.079211,0.396883,203.363228,1.111137,-1.238046,0.191685,0.135552,2.262028,-0.600317,-1.104712,0.771679,0.045972,0.103051,0.494209,0.580571,0.218062,-0.913944,0.190487
0.627668,0.689928,0.162160,0.178059,0.400447,0.135017,-1.200664,0.191878,1.355115,0.079523,0.342016,0.171192,0.611602,0.167412,0.052866,0.146229,0.107362,0.364023,-1.346247,0.857744,0.842107,-0.827971,-1.577675,0.320961,-0.555754,-0.120955,0.514892,0.196674,-0.632760,-0.584672,0.079211,0.283220,51.477383,1.189357,-1.296505,0.405257,0.137447,1.090855,-0.693836,-1.118868,0.510168,0.059147,0.117267,0.691766,0.580571,0.248305,-0.913944,0.190487
0.627668,0.695837,0.161709,0.152620,0.361794,0.135408,-1.239272,0.150929,1.355115,0.126087,0.405340,0.203606,0.561607,0.167412,0.080783,0.098260,0.118860,0.471652,-1.374468,0.857744,1.036926,-0.919322,-1.556377,0.375528,-0.555754,0.047059,0.562209,0.191235,-0.276988,-0.239238,0.079211,0.364145,50.060184,1.214980,-1.297927,0.379458,0.080915,1.082261,-0.693836,-1.118868,0.452851,0.108312,0.147458,0.526030,0.580571,0.415199,-0.477770,-0.109076
0.561207,1.187377,0.252655,0.020205,0.249757,0.098732,-0.758641,0.019436,-0.269787,0.048757,0.060926,0.123190,0.254946,1.701056,0.050079,0.118217,0.003355,0.023173,-0.869771,1.255286,0.030919,-0.019258,-0.972649,-0.191544,-0.053770,1.645681,2.320203,0.021563,-0.309070,-0.260087,-1.429295,0.018163,91.903648,1.065271,-1.215944,0.002747,0.245482,1.492407,-0.319111,1.166475,0.009236,0.045784,0.127744,0.008686,0.227662,13.481698,0.058405,9.003407
0.538502,1.176452,0.166230,0.020515,0.247501,0.052924,-0.744387,0.020556,-0.237873,0.048757,0.061676,0.067639,0.254500,0.909800,0.050079,0.118217,0.003355,-0.081562,-0.829618,1.003968,0.044799,-0.001334,-1.039064,-0.191805,-0.038856,0.974605,1.454712,0.021563,-0.300596,-0.161105,-0.690243,0.018809,66.460739,0.996011,-1.241110,0.006556,0.245482,1.142156,-0.308178,1.160394,0.007461,0.045784,0.057140,0.017192,0.169681,7.384666,0.049042,4.760885
0.542386,1.164877,0.170795,0.031257,0.247375,0.035567,-0.755969,0.017622,-0.232632,0.039016,0.083800,0.050158,0.254938,0.086856,0.040071,0.094596,0.002685,-0.135491,-0.847808,0.742585,0.049790,-0.044949,-1.017368,-0.199464,-0.071885,0.303529,0.554559,0.017255,-0.317670,-0.188113,0.048801,0.014146,50.922442,0.992757,-1.262282,0.005103,0.196433,1.116639,-0.323297,1.144899,0.008830,0.036636,0.034668,0.022441,0.109378,1.043459,0.066770,0.348459
0.544131,1.168329,0.176268,0.000456,0.242169,0.015362,-0.762727,0.019542,-0.240081,0.000803,0.001218,0.015459,0.243399,-0.038074,0.005069,0.002310,0.000932,-0.210535,-0.942992,0.705037,-0.004797,0.031168,-0.930107,-0.215119,-0.007082,0.295526,0.438007,0.002083,-0.293047,-0.169680,0.050520,0.033866,52.957734,1.081187,-1.241341,0.000555,0.001549,1.132755,-0.301508,1.133354,0.013557,0.000641,0.015757,0.014364,0.102774,0.148134,0.083543,-0.323737
-0.243476,0.684032,1.412632,0.232343,0.453885,0.178929,-1.190648,0.727775,0.233027,0.091474,0.297103,0.150767,0.671732,0.544601,0.245948,0.104647,0.148790,-0.000935,-0.914746,0.968284,0.095507,-0.189330,-1.116864,0.343024,-0.609519,-0.024756,0.820600,0.101778,-0.812935,-0.450277,0.136925,0.504004,450.114247,0.783597,-1.256084,0.153103,0.142235,1.835727,-0.769064,-0.933989,0.661971,0.103045,0.215572,0.283911,0.570754,0.577320,-0.632054,-0.017081
-0.243476,0.686304,0.162369,0.208568,0.412228,0.256757,-1.474621,0.338498,0.740844,0.140275,0.602334,0.157106,0.671732,0.544601,0.197876,0.173030,0.282924,0.089852,-1.645136,0.968284,0.726462,-0.746384,-1.339136,0.885084,-0.609519,-0.024756,0.820600,0.123292,-0.656517,-0.450277,0.136925,0.144691,62.066696,1.382094,-1.332306,0.451309,0.250148,1.024632,-0.848375,-1.001079,0.717028,0.178123,0.142124,0.395459,0.570754,0.639557,-0.632054,0.408019
-0.027409,0.691538,0.198465,0.129091,0.420694,0.395343,-1.160509,0.224286,0.601696,0.326975,0.247258,0.267152,0.659678,0.718617,0.222127,0.268996,0.271022,0.498230,-1.025931,0.941312,0.405904,-0.746384,-1.918566,0.219826,-0.681982,-0.316169,0.725962,0.247944,0.255131,-0.550095,0.894920,0.269945,56.955017,0.892168,-1.304448,0.139284,0.210622,1.034831,-0.399883,0.453938,0.187542,0.227408,0.234253,0.089526,0.788971,0.946977,-0.540541,0.408019
0.640823,0.835658,3.545260,0.031368,0.373982,0.487653,-1.155084,0.272409,0.375417,0.034491,0.046358,0.452385,0.476248,-0.026380,0.173999,0.043537,0.016132,0.425711,-1.279416,0.723832,-0.004724,-0.054975,-2.090568,-0.152970,-0.085104,0.264122,0.806963,0.107719,-0.532367,-0.213488,0.065716,0.243641,951.481530,1.230561,-1.170151,0.062411,0.071760,2.043241,-0.315987,0.592862,0.115823,0.004930,0.156571,0.261002,0.177105,0.723166,0.259062,-0.185640
-0.545305,0.678196,1.540712,0.273173,0.498492,0.274879,-1.040632,0.724277,0.131278,0.115404,0.281007,0.333167,0.721827,0.579035,0.210950,0.122441,0.141839,0.244814,-0.533445,0.942579,-0.019167,-0.277365,-1.569134,-0.138239,-0.724129,-0.079172,0.849103,0.172166,-0.791451,-0.478198,0.104164,0.477535,560.467963,0.447096,-1.178156,0.108348,0.159991,1.648307,-0.876692,-1.026950,0.625690,0.126258,0.236669,0.225577,0.711453,0.847952,-0.615974,0.079110
-0.545305,0.721183,0.167461,0.233460,0.423282,0.369988,-1.265625,0.497595,0.801550,0.142847,0.568117,0.353008,0.721827,0.579035,0.168266,0.161362,0.246508,0.460180,-1.344774,0.996914,0.743974,-0.793712,-1.348103,0.849406,-0.724129,-0.099532,0.849103,0.167446,-0.709019,-0.478198,0.107437,0.239226,66.157965,1.244075,-1.260248,0.462930,0.244818,0.981802,-0.876692,-1.115981,0.727518,0.178010,0.176896,0.453821,0.711453,0.475324,-0.615974,0.417919
0.132217,0.753044,0.641583,0.120529,0.414142,0.313089,-1.270911,0.174570,0.624197,0.289571,0.274511,0.192678,0.646711,0.616219,0.251682,0.244112,0.264896,0.297810,-1.330960,0.901878,0.444382,-0.793712,-1.476862,0.422453,-0.670941,-0.396267,0.846309,0.233700,0.218875,-0.575242,0.812767,0.263671,204.110536,1.239717,-1.328793,0.195737,0.232350,2.233847,-0.500714,0.490507,0.183527,0.214448,0.284289,0.120506,0.615252,0.958841,-0.583886,0.417919
0.491755,0.876423,2.885088,0.028638,0.379458,0.408116,-1.177197,0.275372,0.310828,0.032257,0.097275,0.326956,0.439144,-0.031084,0.235393,0.043209,0.018666,0.297558,-1.043076,0.736288,0.004104,-0.132833,-1.472575,-0.127423,-0.061562,0.245623,0.947943,0.113394,-0.544475,-0.198175,0.056324,0.234920,877.609427,0.841135,-1.180713,0.039357,0.041093,1.936323,-0.314863,0.673415,0.082371,0.005611,0.275488,0.241386,0.166328,0.526506,0.251789,-0.197883
-0.609904,0.678694,0.921437,0.263400,0.479751,0.162851,-1.053701,0.713667,0.295064,0.109687,0.356548,0.147985,0.673957,0.569229,0.226360,0.126889,0.137246,0.012659,-0.927158,0.960035,-0.019077,-0.270055,-1.647697,0.046549,-0.651598,-0.047636,0.786358,0.194987,-0.619473,-0.635247,0.137804,0.606016,362.828659,0.858854,-1.072454,0.130826,0.160013,1.808876,-1.037824,-1.004028,0.652512,0.128205,0.253292,0.234308,0.541190,0.755497,-0.564980,0.093349
-0.609904,0.734574,0.166971,0.219038,0.413858,0.370244,-1.266269,0.476317,0.809879,0.129172,0.555117,0.233685,0.673957,0.569229,0.181890,0.151862,0.228377,0.439034,-1.268425,0.987476,0.700982,-0.577336,-1.386350,0.884168,-0.651598,-0.084444,0.826940,0.167959,-0.451112,-0.632871,0.137804,0.260293,65.668573,1.195096,-1.100339,0.448663,0.243458,1.129009,-1.037824,-1.130083,0.737809,0.185451,0.216583,0.371831,0.541190,0.526351,-0.564980,0.422307
0.068515,0.757901,0.696703,0.221285,0.431405,0.374473,-1.461154,0.165896,0.626602,0.302028,0.463000,0.168535,0.645960,0.710857,0.242644,0.273033,0.255232,0.409435,-1.704493,0.899654,0.415140,-1.262738,-1.691635,0.518609,-0.246732,-0.835624,0.807150,0.278396,0.264261,-0.592019,0.848007,0.313780,195.454597,1.439312,-1.355873,0.204961,0.256686,1.888909,-0.517503,0.431120,0.211137,0.225286,0.300180,0.097858,0.706793,1.036973,-0.599873,0.422307
0.535230,0.834916,2.707035,0.031763,0.366759,0.502583,-0.947373,0.270013,0.378498,0.021161,0.166306,0.346086,0.432763,-0.021831,0.199179,0.070185,0.011415,0.226473,-0.983906,0.726953,0.003203,-0.063734,-1.724682,-0.106572,-0.073630,0.217770,0.806406,0.090314,-0.492466,-0.182202,0.074947,0.245580,842.964112,0.968249,-1.274092,0.023355,0.033528,1.963143,-0.313971,0.623214,0.103560,0.003490,0.200396,0.258128,0.159214,0.496012,0.233683,-0.169825
-0.259090,0.716463,0.961782,0.282402,0.468234,0.161033,-1.197215,0.594870,0.497191,0.110400,0.321254,0.172102,0.686538,0.661171,0.220536,0.171025,0.157350,-0.001412,-1.116317,0.934064,0.022175,-0.242721,-2.017320,0.076189,-0.805623,-0.082657,0.804548,0.194531,-0.584111,-0.634301,0.202425,0.567211,382.225038,1.102338,-1.173203,0.148764,0.148479,2.083934,-1.016541,-1.196597,0.709244,0.135685,0.200813,0.276959,0.736707,0.721349,-0.660464,0.055154
-0.259090,0.795557,0.166329,0.276870,0.348106,0.402197,-1.258848,0.447413,1.133266,0.106368,0.530684,0.316148,0.669457,0.661171,0.188226,0.194705,0.217034,0.375990,-1.386152,0.986318,0.555128,-0.503954,-1.950670,0.678793,-0.805623,-0.082657,0.857672,0.118430,-0.294134,-0.357594,0.202425,0.188237,65.523712,1.219237,-1.210357,0.383754,0.199356,0.944176,-1.016541,-1.281778,0.720852,0.150262,0.202530,0.409124,0.736707,0.704941,-0.660464,0.175196
-0.075483,0.630680,1.111274,0.136060,0.407506,0.369373,-1.291294,0.202113,0.751090,0.258789,0.285747,0.343063,0.605740,0.454804,0.234184,0.175731,0.176939,0.376851,-1.419647,0.792264,0.303077,-0.342981,-1.766099,0.073187,-0.477303,-0.760400,0.756764,0.200990,0.299380,-0.318242,0.689906,0.237757,287.925104,1.331092,-1.458140,0.115475,0.217549,1.883142,-0.314312,0.383458,0.128862,0.142197,0.279658,0.129705,0.751593,0.704941,-0.207169,0.346871
0.592981,0.892001,3.002106,0.029667,0.355602,0.295144,-1.044182,0.238344,0.339490,0.020900,0.093524,0.229658,0.453370,-0.033127,0.193551,0.041727,0.017805,0.177049,-1.020451,0.738533,-0.003787,-0.030033,-2.088065,-0.148236,-0.054140,0.257793,0.788978,0.080218,-0.522790,-0.205354,0.052356,0.249580,919.571070,0.823568,-1.229838,0.039151,0.031573,1.892425,-0.319508,0.634793,0.104576,0.005247,0.235947,0.244975,0.159581,0.504298,0.243072,-0.175982
-0.172705,0.717053,0.797298,0.287065,0.461754,0.167279,-1.177714,0.565201,0.377789,0.107636,0.376665,0.160992,0.670814,0.705178,0.213215,0.131561,0.185935,0.104193,-1.232796,0.999577,0.199564,-0.150145,-1.972966,0.257179,-0.778826,-0.019042,0.758258,0.149208,-0.605346,-0.567100,0.173657,0.565252,320.076291,1.038488,-1.215121,0.157084,0.153594,1.459440,-0.944748,-1.077360,0.718228,0.136201,0.268802,0.269556,0.794233,0.803495,-0.560928,0.080110
-0.172705,0.783878,0.162065,0.274213,0.386609,0.280564,-1.250933,0.369689,0.760034,0.111291,0.613427,0.211139,0.648449,0.705178,0.182692,0.157755,0.258796,0.134582,-1.419078,0.999577,0.677148,-0.664235,-1.930768,0.848583,-0.778826,-0.004316,0.829788,0.145319,-0.283563,-0.397471,0.173657,0.154754,64.079533,1.234179,-1.284447,0.421853,0.239594,0.929679,-0.944748,-1.086167,0.807903,0.168480,0.203477,0.282220,0.794233,0.654911,-0.560928,0.308854
0.043304,0.633078,1.384007,0.147895,0.457591,0.244462,-1.451359,0.211314,0.754497,0.231664,0.299346,0.303082,0.619660,0.572180,0.228555,0.225629,0.147440,0.283343,-1.556984,0.812430,0.046018,-0.636741,-1.731121,0.034248,-0.455918,-0.845508,0.779225,0.225097,0.204404,-0.397471,0.685902,0.323218,419.405401,1.330961,-1.448824,0.085776,0.166846,1.951164,-0.317724,0.398752,0.148935,0.149164,0.322480,0.154664,0.577716,0.787265,-0.259305,0.251899
0.721884,0.877971,3.395371,0.025710,0.362854,0.236088,-1.061258,0.266638,0.362392,0.027458,0.136142,0.337990,0.442078,-0.022125,0.114617,0.047339,0.011470,0.329600,-0.954826,0.728723,-0.001138,-0.097472,-1.611689,-0.175650,-0.055718,0.243100,0.786972,0.080883,-0.643956,-0.272295,0.066354,0.241412,1037.684602,0.881201,-1.316721,0.038652,0.039141,1.616207,-0.307476,0.634156,0.088462,0.003351,0.178434,0.247768,0.149347,0.766716,0.226368,-0.205352
-0.589479,0.690708,1.447903,0.160696,0.464089,0.294738,-1.127373,0.780319,0.188802,0.105857,0.117411,0.410093,0.750696,0.470885,0.136465,0.150929,0.162905,0.841595,-1.025622,0.956255,0.109053,-0.393811,-1.507727,-0.189470,-0.612822,-0.070097,0.690136,0.159270,-0.846645,-0.636790,0.110853,0.597558,553.587108,0.926366,-1.064576,0.136770,0.136454,1.685365,-0.823072,-1.207101,0.705311,0.107611,0.240981,0.269607,0.753132,0.901554,-0.707632,0.004056
-0.589479,0.784811,0.167856,0.183837,0.371919,0.606999,-1.247207,0.545490,0.835809,0.087000,0.553942,0.544670,0.721977,0.470885,0.128192,0.112901,0.145750,1.148501,-1.340678,0.997554,0.721305,-0.739573,-1.297628,0.430898,-0.612822,-0.070097,0.676247,0.105947,-0.644597,-0.450356,0.110853,0.244245,66.310764,1.288601,-1.117648,0.382229,0.183690,0.943658,-0.930703,-1.235966,0.729886,0.122331,0.204272,0.432609,0.753132,0.758596,-0.707632,0.110370
0.130794,0.550976,1.651021,0.142939,0.446629,0.359524,-1.401647,0.209917,0.917110,0.127572,0.451315,0.530518,0.744578,0.806715,0.124375,0.318140,0.268597,1.068726,-1.373596,0.924326,0.564144,-0.733570,-1.525124,0.240923,-0.298527,-0.890932,0.578721,0.353793,0.507509,-0.429211,0.378166,0.409996,483.443457,1.292391,-1.440548,0.158670,0.233022,0.917989,-0.328098,0.241324,0.195431,0.205523,0.298893,0.107504,1.408929,1.216367,-0.406463,0.537883
0.690604,0.767932,4.472845,0.050869,0.348098,0.442418,-1.201642,0.131959,0.584823,0.007460,0.246883,0.580805,0.431618,-0.030505,0.095916,0.076928,0.016828,0.637403,-1.146157,0.713674,0.005342,-0.278738,-1.603732,-0.082858,-0.062092,0.223602,0.690242,0.104310,-0.534698,-0.208406,0.052829,0.278025,1473.117741,1.007959,-1.470874,0.036747,0.011337,1.834370,-0.327652,0.372582,0.216440,0.004479,0.213289,0.311316,0.113313,0.466261,0.326456,-0.248553
-0.735338,0.723534,1.652128,0.190857,0.465443,0.280353,-1.505028,0.693607,-0.032732,0.106525,0.183125,0.552523,0.700166,0.504746,0.166703,0.107100,0.135724,0.852884,-1.362546,0.947202,0.127408,-0.410098,-1.399511,-0.144226,-0.450371,-0.046114,0.652878,0.147729,-0.958352,-0.566082,0.133262,0.487641,700.528181,1.209668,-1.246657,0.127595,0.120060,1.706298,-0.808187,-0.967038,0.653894,0.107783,0.263530,0.260000,0.575550,1.078606,-0.602710,0.012031
-0.735338,0.643851,0.161392,0.178571,0.372014,0.383118,-1.476782,0.605661,0.710860,0.106672,0.672172,0.395346,0.700166,0.504746,0.092113,0.117117,0.165396,0.836533,-1.615715,0.958698,0.776625,-0.745948,-1.568326,0.657382,-0.450371,0.059995,0.652878,0.103026,-0.799032,-0.423247,0.133262,0.212380,60.449786,1.465003,-1.364705,0.387254,0.157148,1.085716,-0.984719,-1.038385,0.643509,0.129160,0.134408,0.491248,0.575550,0.613999,-0.602710,0.149807
0.123467,0.676118,0.804333,0.113540,0.435600,0.318999,-0.961435,0.197217,0.828416,0.234430,0.389420,0.365440,0.653616,0.592526,0.213925,0.245103,0.213008,0.711632,-0.725371,0.844989,0.597091,-0.745948,-1.973507,0.480196,-0.346535,-0.939343,0.888983,0.238167,0.347481,-0.467865,0.559743,0.239784,240.957947,0.658202,-1.459174,0.215456,0.209705,1.913447,-0.412247,0.372279,0.221244,0.187117,0.245408,0.106976,0.698765,0.886982,-0.446679,0.270361
0.611127,0.749408,3.238654,0.045363,0.374837,0.464681,-0.854656,0.253336,0.521024,0.020998,0.182924,0.396078,0.424709,-0.005903,0.175359,0.023823,0.015309,0.629209,-0.628632,0.716575,0.001674,-0.289508,-1.846667,-0.145329,-0.046595,0.242827,0.859389,0.093946,-0.536551,-0.245010,0.073616,0.261064,1066.463413,0.624115,-1.248108,0.018554,0.034418,1.886065,-0.326768,0.500168,0.133826,0.007601,0.182756,0.277525,0.140613,0.597573,0.301232,-0.179282
-0.442363,0.687689,1.193646,0.146266,0.468019,0.281964,-1.059888,0.684036,0.152578,0.116070,0.143989,0.333885,0.702189,0.385827,0.219149,0.122957,0.149192,0.666027,-0.865088,0.964030,0.077631,-0.410557,-1.962055,-0.210971,-0.620103,-0.050268,0.814220,0.156339,-0.779543,-0.685871,0.159273,0.513302,515.856655,0.735960,-1.187561,0.130555,0.142337,1.690145,-0.748923,-1.148803,0.672596,0.095087,0.211290,0.234979,0.712222,0.928511,-0.609235,0.058069
-0.442363,0.761154,0.160329,0.218917,0.418121,0.518971,-1.252611,0.473874,0.825882,0.134806,0.660926,0.389682,0.702189,0.385827,0.133291,0.155622,0.216329,1.173808,-1.385843,0.984221,0.953385,-0.969418,-1.420000,0.696873,-0.620103,-0.036559,0.814220,0.170195,-0.626412,-0.670755,0.159273,0.234175,59.247211,1.257383,-1.347940,0.442119,0.170348,1.055506,-0.938967,-1.246191,0.707281,0.134511,0.176552,0.461405,0.712222,0.616840,-0.609235,0.191233
0.051974,0.723375,1.181108,0.145881,0.424669,0.408611,-1.291037,0.215008,0.698608,0.324865,0.442151,0.317400,0.634416,0.775045,0.237307,0.177580,0.220183,0.836284,-1.438328,0.944655,0.819895,-0.969418,-1.787665,0.405504,-0.269966,-0.838998,1.317011,0.216648,0.335964,-0.543481,1.115534,0.233309,303.970148,1.316933,-1.520186,0.220670,0.219977,1.845917,-0.376449,0.483797,0.177921,0.222059,0.275493,0.111052,0.633872,0.689735,-0.365759,0.360681
0.609026,0.720562,3.385481,0.022290,0.383708,0.544430,-1.137766,0.243506,0.387215,0.024521,0.098017,0.326222,0.434054,-0.030028,0.191169,0.047313,0.020934,0.673841,-1.091304,0.724285,0.006261,-0.245023,-1.700310,-0.077964,-0.050093,0.228602,0.830664,0.088057,-0.601742,-0.296752,0.055203,0.212549,1043.431809,1.124235,-1.429108,0.018914,0.031352,1.649545,-0.322058,0.586472,0.082170,0.004825,0.186975,0.298040,0.162759,0.607845,0.292744,-0.167838
-0.507500,0.636047,1.158953,0.186955,0.457149,0.168242,-1.121440,0.670181,0.176695,0.111244,0.263758,0.342230,0.690709,0.490680,0.207091,0.115109,0.154753,0.287972,-1.168786,0.929476,0.125770,-0.367240,-1.427269,0.006145,-0.684002,-0.023374,0.770393,0.143025,-0.790556,-0.554999,0.149734,0.471806,450.825188,1.122432,-1.355166,0.131582,0.141933,1.774985,-0.838053,-1.035674,0.621166,0.115230,0.243170,0.250068,0.754897,0.765194,-0.632387,0.055307
-0.507500,0.757886,0.166724,0.160658,0.417525,0.221936,-1.186915,0.472942,0.854619,0.136875,0.467254,0.296632,0.690709,0.490680,0.150956,0.154291,0.260687,0.274826,-1.125565,0.957568,0.787617,-0.656513,-1.473498,0.905291,-0.684002,-0.072569,0.770393,0.136190,-0.647723,-0.472850,0.149734,0.180886,63.808373,1.028592,-1.365135,0.447203,0.252720,1.068486,-0.870324,-1.091219,0.765250,0.173508,0.142910,0.450147,0.754897,0.560314,-0.632387,0.460823
-0.132578,0.667073,0.530275,0.174422,0.445432,0.302360,-1.380029,0.219020,0.785591,0.339053,0.507953,0.272316,0.697629,0.716129,0.226138,0.301810,0.275029,0.450893,-1.483074,0.919269,0.463798,-0.783595,-1.970409,0.236599,-0.593001,-0.887805,0.640058,0.276049,0.233636,-0.745229,1.235139,0.313593,146.558241,1.293601,-1.506370,0.164805,0.263688,1.481973,-0.327767,0.369514,0.237111,0.224824,0.358699,0.134729,0.687841,1.038947,-0.460288,0.460823
0.544744,0.795005,2.731083,0.044578,0.368205,0.370201,-1.267004,0.276021,0.381363,0.028973,0.237916,0.293057,0.444616,-0.037767,0.154351,0.087974,0.023056,0.279582,-1.349392,0.730274,-0.001087,-0.173091,-1.310062,-0.158504,-0.057500,0.230157,0.813481,0.090206,-0.530795,-0.240244,0.050379,0.292673,852.168177,1.217123,-1.231126,0.036156,0.044681,2.012595,-0.324871,0.508003,0.112471,0.006991,0.191287,0.269545,0.169314,0.625946,0.132983,-0.184336
-0.188293,0.671882,1.196283,0.270340,0.473511,0.229846,-1.298813,0.616195,0.266966,0.107253,0.365348,0.237159,0.673892,0.537528,0.226381,0.126720,0.165027,0.112837,-1.103544,0.981021,-0.008947,-0.083484,-1.808230,0.087978,-0.882018,-0.036226,0.773483,0.167022,-0.685732,-0.575314,0.185616,0.562123,475.962493,0.998681,-1.236556,0.137392,0.160038,1.803087,-0.925692,-0.976530,0.644777,0.126922,0.233930,0.235430,0.770562,0.786714,-0.565882,0.067942
-0.188293,0.693766,0.156506,0.231839,0.420370,0.285061,-1.350947,0.373475,0.677676,0.140784,0.573546,0.254339,0.673892,0.537528,0.182467,0.176148,0.276319,0.296717,-1.452593,1.012294,0.648699,-0.517433,-1.836023,0.967172,-0.882018,-0.076133,0.825204,0.160582,-0.536912,-0.575314,0.185616,0.260979,56.906127,1.324756,-1.170118,0.462449,0.264783,0.837400,-0.925692,-1.009034,0.721576,0.178661,0.204366,0.359838,0.770562,0.533410,-0.565882,0.432861
0.075660,0.741557,1.137064,0.179058,0.428176,0.228773,-1.247109,0.197335,0.570455,0.328593,0.379089,0.231342,0.664897,0.767801,0.230070,0.291318,0.290175,0.332159,-1.430450,0.905651,0.489450,-1.034005,-1.568646,0.503051,-0.413484,-0.524105,0.867206,0.259370,0.108372,-0.428235,0.976453,0.297473,377.404974,1.345002,-1.532547,0.202424,0.255535,2.140398,-0.450404,0.406208,0.209843,0.232406,0.251899,0.123531,0.928655,0.957468,-0.446930,0.432861
0.608520,0.838549,2.864891,0.038529,0.380193,0.401193,-0.978473,0.227617,0.285406,0.028022,0.126880,0.290436,0.465806,-0.045058,0.212653,0.049781,0.016511,0.113354,-1.153940,0.736976,0.011475,-0.049151,-1.297264,-0.181167,-0.084510,0.209674,0.870547,0.116736,-0.591456,-0.387494,0.050639,0.277526,1000.093670,1.176996,-1.308714,0.043428,0.036450,2.010915,-0.310455,0.635396,0.098013,0.004404,0.226033,0.272658,0.191277,0.644944,0.208234,-0.188726
-0.361734,0.668627,1.068086,0.295026,0.487669,0.244195,-1.255914,0.644776,0.209567,0.118521,0.413479,0.215162,0.721776,0.557963,0.216535,0.112706,0.173301,0.027035,-1.071258,0.927090,0.044236,-0.167828,-1.935916,0.109313,-0.772232,-0.058121,0.805947,0.175831,-0.800024,-0.484097,0.204325,0.574145,473.876957,0.928187,-1.194519,0.124949,0.146893,1.818478,-0.919729,-1.045412,0.650938,0.118145,0.183868,0.230258,0.898945,0.914221,-0.644249,0.062682
-0.361734,0.741750,0.163536,0.250099,0.429837,0.457727,-1.406935,0.483589,0.824328,0.136222,0.579211,0.350023,0.721776,0.557963,0.174355,0.178828,0.255067,0.309592,-1.555109,0.977494,0.675961,-0.563183,-1.174140,0.880473,-0.772232,-0.058121,0.805947,0.125427,-0.631622,-0.441509,0.204325,0.252914,61.316538,1.347030,-1.327189,0.470200,0.243723,0.999467,-0.919729,-1.137500,0.731401,0.163756,0.252565,0.441548,0.898945,0.878461,-0.644249,0.376444
-0.122864,0.615062,0.866009,0.132933,0.445633,0.327590,-1.386139,0.281657,0.693851,0.126699,0.200105,0.260716,0.701428,0.599218,0.240900,0.159717,0.214430,0.245546,-1.545329,0.869512,0.439365,-0.563183,-1.855146,0.267293,-0.803739,-0.998169,0.701196,0.205130,0.245876,-0.445561,0.479513,0.379415,232.871707,1.323657,-1.413278,0.184986,0.275685,1.613283,-0.390689,0.410493,0.211690,0.200416,0.365847,0.128306,0.830738,1.162316,-0.580007,0.398416
0.590606,0.727514,2.766319,0.013094,0.373795,0.316789,-1.162304,0.296103,0.346856,0.029801,0.093024,0.340627,0.426559,-0.024510,0.172694,0.021855,0.008959,0.233044,-1.114301,0.719359,-0.012280,-0.066667,-1.618417,-0.151531,-0.061406,0.235517,0.834181,0.061947,-0.673260,-0.199595,0.056785,0.276500,865.968544,1.006709,-1.261677,0.018043,0.051690,1.563052,-0.316443,0.469779,0.094831,0.004543,0.235103,0.293681,0.094922,0.808558,0.272066,-0.156880
-0.301008,0.629962,0.958343,0.254633,0.452417,0.197481,-1.200201,0.683737,0.034364,0.105106,0.260761,0.339969,0.680995,0.523580,0.236123,0.115095,0.135951,0.276208,-1.192124,0.948162,0.162289,-0.315948,-1.448683,0.197302,-0.625287,-0.036802,0.838104,0.170751,-0.958518,-0.425379,0.271647,0.627701,410.186164,0.976352,-1.244042,0.132037,0.134498,1.548473,-0.771484,-0.988453,0.614382,0.103956,0.243705,0.253043,0.664291,0.969042,-0.566842,0.021550
-0.301008,0.673132,0.168162,0.142549,0.322829,0.283210,-1.319635,0.485149,0.657993,0.089923,0.463459,0.347413,0.680995,0.523580,0.163273,0.167290,0.194601,0.327749,-1.536719,0.948162,0.588137,-0.372324,-1.415705,0.947417,-0.625287,0.058257,0.838104,0.129874,-0.712691,-0.196568,0.271647,0.139498,63.408317,1.383163,-1.407213,0.352868,0.162752,1.076521,-0.784536,-1.008067,0.640757,0.121171,0.179486,0.420805,0.664291,0.667676,-0.566842,0.086450
0.078757,0.691034,0.818936,0.230631,0.397333,0.282431,-1.236702,0.218177,0.663062,0.266092,0.536727,0.413797,0.620114,0.718360,0.260967,0.313293,0.183166,0.381200,-1.144202,0.804510,0.076769,-0.938130,-2.041707,0.251706,-0.677749,-0.978961,0.822759,0.217847,0.225634,-0.630855,0.851559,0.370287,238.651408,0.926082,-1.429687,0.154913,0.234557,2.131407,-0.413511,0.399932,0.140629,0.189341,0.411509,0.110180,0.529476,1.031697,-0.205966,0.532064
0.506745,0.923074,2.874820,0.030802,0.363265,0.303109,-1.296626,0.284069,0.300224,0.034959,0.172474,0.172390,0.425658,-0.019634,0.155972,0.061692,0.012107,-0.295894,-1.307929,0.740677,0.004730,0.047952,-1.060845,-0.126542,-0.072728,0.235814,0.761454,0.087499,-0.527683,-0.156834,0.073519,0.261553,888.193791,1.198978,-1.309679,0.041848,0.049876,1.110327,-0.319654,0.675361,0.100724,0.003917,0.171095,0.234313,0.124580,0.674042,0.214894,-0.172390
-0.501822,0.694309,1.055937,0.320984,0.478637,0.214159,-1.156814,0.651856,0.190855,0.106884,0.419389,0.210667,0.671641,0.637265,0.196126,0.148634,0.156959,-0.160751,-1.008941,0.949533,-0.016836,-0.172711,-2.050985,0.159129,-0.711487,-0.054580,0.845595,0.226684,-0.642330,-0.610892,0.126831,0.577497,405.108117,0.952698,-1.251778,0.121957,0.160715,1.839868,-0.941619,-1.041305,0.663016,0.122242,0.177459,0.205680,0.787189,0.878829,-0.627957,0.091947
-0.501822,0.762001,0.168495,0.316124,0.429608,0.462578,-1.303538,0.459339,0.784378,0.141095,0.771263,0.271462,0.671641,0.637265,0.185931,0.162109,0.240593,0.237357,-1.443336,0.971324,0.778244,-0.817360,-1.883248,0.661116,-0.711487,-0.016126,0.845595,0.174729,-0.426361,-0.610892,0.126831,0.325047,62.545302,1.311065,-1.266697,0.464723,0.251184,1.132015,-0.941619,-1.181723,0.755802,0.181864,0.213574,0.369728,0.787189,0.606684,-0.627957,0.435981
0.092144,0.725590,1.038835,0.169323,0.431294,0.300054,-1.422028,0.201816,0.670472,0.317361,0.471241,0.183282,0.663587,0.648836,0.263601,0.294245,0.237081,0.460072,-1.540149,0.907939,0.554366,-0.817360,-1.945818,0.338108,-0.407862,-0.679929,1.600848,0.267480,0.136058,-0.651235,0.968442,0.333631,295.572720,1.318843,-1.400705,0.179502,0.265401,1.395280,-0.407739,0.448873,0.189579,0.221369,0.264575,0.148520,0.557795,1.085871,-1.319443,0.435981
0.556149,0.871452,2.907669,0.041085,0.394259,0.426726,-1.200494,0.292601,0.286537,0.039384,0.175533,0.323193,0.445832,-0.035234,0.210249,0.072375,0.023877,0.409821,-1.313003,0.744235,0.005235,-0.119325,-1.008122,-0.098173,-0.061579,0.241275,0.933244,0.095796,-0.641385,-0.290091,0.052565,0.260973,944.505224,1.074106,-1.312995,0.039637,0.054138,1.813304,-0.318266,0.672807,0.083211,0.006778,0.222792,0.265945,0.163678,0.738712,0.211566,-0.209990
-0.326531,0.688684,0.333068,0.265934,0.445879,0.267600,-1.247597,0.614951,0.702303,0.121932,0.473577,0.296095,0.713712,0.693795,0.211892,0.143009,0.166119,0.323053,-1.276880,0.948612,0.524968,-0.524797,-1.579687,0.595249,-0.670245,-0.035076,0.780985,0.156339,-0.761094,-0.495799,0.155583,0.736877,141.732319,1.147653,-1.273344,0.377807,0.158927,1.608795,-0.942868,-1.089053,0.727831,0.131066,0.219514,0.491658,0.689184,0.921590,-0.590375,0.054101
-0.220667,0.698308,0.715139,0.135123,0.354888,0.292703,-1.241952,0.280145,0.748798,0.240247,0.423662,0.224918,0.567860,0.553354,0.201905,0.238961,0.198271,0.753727,-1.328251,0.836690,0.709191,-0.705682,-1.481899,0.474944,-0.646650,-0.941186,0.625931,0.248663,0.384475,-0.598766,1.021626,0.194674,263.647871,1.256508,-1.382386,0.230338,0.190180,1.719804,-0.544586,0.430674,0.167963,0.158459,0.223056,0.082325,0.772090,0.975004,-0.299059,0.278413
0.526808,1.165781,1.511696,0.041233,0.261743,0.183273,-1.072691,0.046127,0.134555,0.012971,0.080117,0.267499,0.289707,-0.045712,0.111931,0.031814,0.017243,-0.213711,-1.029341,0.734027,-0.006885,0.011445,-1.119471,-0.184827,-0.026300,0.240425,0.611363,0.035275,-0.253404,-0.271692,0.055895,0.101428,475.024097,1.040299,-1.125185,0.013634,0.054585,1.801916,-0.302057,0.973880,0.089595,0.005652,0.080280,0.126484,0.189749,0.304229,0.141490,-0.213257
0.715494,1.257526,1.385991,0.008773,0.263649,0.133580,-0.820540,0.064689,-0.307142,0.007368,0.031741,0.066750,0.270138,-0.045240,0.008961,0.024340,0.007038,-0.058521,-0.888182,0.712405,-0.004764,-0.005481,-1.068259,-0.290332,-0.017096,0.293883,0.477208,0.012008,-0.434723,-0.328733,0.050052,0.085221,358.683906,1.088059,-1.210815,0.003474,0.016465,1.564566,-0.305179,1.207018,0.027270,0.001629,0.023435,0.036371,0.146696,0.270886,0.104162,-0.320054
0.450812,0.799860,1.244500,0.242487,0.391717,0.082098,-1.258258,0.216026,0.763840,0.087718,0.433286,0.097736,0.626349,0.199487,0.072768,0.183587,0.138928,0.291617,-1.297636,0.938406,0.447095,-0.564992,-1.333759,-0.329208,-0.663489,-0.066893,0.619236,0.119190,-0.523853,-0.552686,0.124332,0.327323,486.825050,1.115882,-1.260981,0.137078,0.155390,1.943096,-0.506960,-0.946881,0.752498,0.057411,0.096592,0.373778,0.717257,0.443116,-1.002397,0.207484
0.262709,0.583863,0.530537,0.200551,0.390267,0.134827,-1.252353,0.233906,1.241730,0.111480,0.460052,0.107033,0.626349,0.199487,0.087956,0.167046,0.130635,0.565101,-1.393591,0.946795,0.895572,-0.844188,-1.606410,0.599755,-0.663489,-0.066893,0.620618,0.186590,-0.500364,-0.552686,0.124332,0.291759,195.901258,1.240445,-1.240531,0.418674,0.179527,1.493875,-0.678466,-1.016166,0.551135,0.104076,0.115410,0.625536,0.717257,0.492632,-1.002397,0.207484
-0.700218,0.588601,1.540382,0.225454,0.401565,0.176703,-1.150741,0.572214,1.241730,0.337659,0.542910,0.135727,0.710728,0.462155,0.155915,0.266145,0.349082,0.666358,-1.175531,1.015574,0.895572,-0.960400,-1.489112,0.599755,-0.699042,-1.101173,0.620618,0.329417,0.853760,-0.611722,0.413305,0.122780,465.550925,1.116989,-1.374245,0.423943,0.226445,2.199918,-0.753830,-0.895257,0.543927,0.189891,0.249630,0.124496,0.725784,0.575787,-0.833607,0.387739
-0.459993,0.664765,2.143296,0.151010,0.394650,0.507812,-1.471504,0.332787,1.041315,0.226520,0.215561,0.205682,0.710728,0.462155,0.120335,0.197982,0.168877,0.984373,-1.200777,1.015574,0.078826,-0.960400,-1.107413,0.365566,-0.320000,-1.101173,0.531881,0.313863,0.366221,-0.999782,0.413305,0.139897,719.620854,1.180705,-1.311009,0.086209,0.154598,1.610345,-0.662044,0.426536,0.092161,0.095978,0.280567,0.211864,0.725784,0.483196,-0.833607,0.387739
-0.444382,0.670067,0.311246,0.311186,0.417478,0.427961,-1.271373,0.482406,0.737612,0.101554,0.518695,0.376393,0.595431,0.421399,0.168661,0.147998,0.178569,0.595200,-1.387409,0.975494,0.643480,-0.716836,-1.877396,0.000029,-0.309710,-0.093864,0.735543,0.142940,-0.501036,-0.572389,0.185178,0.642221,122.841344,1.258093,-1.203514,0.401293,0.140956,1.646744,-0.925433,-1.154396,0.638070,0.097018,0.226364,0.439985,0.611142,0.815162,-0.551291,0.002146
0.252570,0.734776,1.122998,0.059880,0.298464,0.295005,-1.154828,0.122815,0.433540,0.040765,0.172306,0.243986,0.445969,0.228746,0.072706,0.086817,0.060632,0.775624,-0.973937,0.742345,0.033411,-0.255822,-1.330978,0.030224,-0.180109,-0.231546,0.533496,0.083953,0.232565,-0.214323,0.090752,0.087689,426.230059,0.890468,-1.436383,0.061991,0.058401,1.930012,-0.323573,0.656233,0.057765,0.031548,0.125729,0.053630,0.309542,0.398314,0.045641,-0.154503
0.482732,1.229928,0.217731,0.007764,0.251187,0.125848,-0.992792,0.032224,-0.081398,0.004571,0.028699,0.149748,0.259772,-0.041290,0.027907,0.008961,0.002851,-0.168458,-0.765075,0.723613,-0.006091,0.027981,-1.188090,-0.185894,-0.019736,0.180193,0.463247,0.022794,-0.239557,-0.203316,0.049466,0.080879,69.614963,0.735210,-1.298547,0.004862,0.020174,0.931078,-0.302116,1.175453,0.022629,0.000769,0.055829,0.038488,0.112220,0.117199,-0.198156,-0.214388
0.957865,0.884453,1.719066,0.023117,0.282700,0.124821,-1.163653,0.097936,-0.193989,0.014277,0.039687,0.186320,0.305879,-0.034420,0.062968,0.040884,0.010878,0.278331,-1.105388,0.725526,0.006028,-0.056227,-1.300455,-0.111853,-0.025722,0.280113,0.612313,0.034988,-0.357208,-0.182445,0.051735,0.111566,408.349870,1.024919,-1.209036,0.018134,0.029853,0.950014,-0.312062,0.859598,0.017452,0.002388,0.145854,0.047688,0.112703,0.648957,0.130533,-0.253724
-0.268510,0.644765,1.251605,0.264739,0.451185,0.132288,-1.304934,0.684290,0.253107,0.102336,0.319144,0.142747,0.645990,0.653817,0.187000,0.108330,0.123030,-0.059024,-1.472687,0.955054,-0.001210,-0.178105,-1.244701,0.166703,-0.597907,-0.030505,0.659693,0.126081,-0.754166,-0.415548,0.149718,0.456067,395.952429,1.230627,-1.251979,0.134249,0.130366,2.403924,-0.798859,-0.865831,0.617925,0.112624,0.222082,0.279881,0.538646,0.621648,-0.559978,-0.019694
-0.268510,0.632413,0.159085,0.237714,0.415900,0.177704,-1.327709,0.376740,0.817665,0.184129,0.632502,0.237537,0.645990,0.653817,0.174330,0.138926,0.245195,0.201971,-1.500355,0.955054,0.776300,-0.476152,-1.482330,0.866610,-0.597907,-0.030505,0.860915,0.153726,-0.644998,-0.415548,0.149718,0.174108,62.190760,1.309141,-1.351441,0.458441,0.228941,0.992026,-0.821844,-0.996693,0.642169,0.188465,0.131298,0.456489,0.538646,0.650275,-0.559978,0.411680
0.009581,0.711967,0.866403,0.154442,0.431564,0.230424,-1.240262,0.191349,0.690208,0.387157,0.354882,0.133268,0.700390,0.927656,0.273508,0.272928,0.325587,0.244063,-1.355816,0.961474,0.751579,-0.687592,-2.053194,0.373069,-0.712673,-0.271094,0.930339,0.223562,0.264046,-0.545315,1.038469,0.207266,236.016444,1.229122,-1.323235,0.270566,0.234929,1.920637,-0.567240,0.447188,0.185082,0.289415,0.261112,0.110027,0.857259,0.866602,-0.454901,0.411680
0.489931,0.836345,3.734503,0.036811,0.388962,0.429478,-1.135513,0.258960,0.443717,0.020649,0.151427,0.428766,0.498059,-0.027662,0.186713,0.058693,0.015414,0.309195,-1.113975,0.717212,-0.000010,-0.128080,-1.969841,-0.156270,-0.078564,0.240076,0.788448,0.066983,-0.640696,-0.332413,0.059789,0.278221,1120.778196,1.118097,-1.262373,0.047709,0.048880,1.891237,-0.314773,0.567737,0.147567,0.005307,0.248906,0.334553,0.174550,0.812181,0.175809,-0.125934
-0.537245,0.690272,1.483483,0.258462,0.477972,0.239080,-1.370527,0.664437,0.233427,0.105201,0.309723,0.310889,0.677995,0.561614,0.190853,0.123624,0.144781,0.237156,-1.300505,0.930143,0.010123,-0.294392,-1.390649,-0.011783,-0.742283,-0.004243,0.783770,0.150193,-0.733431,-0.472585,0.114192,0.492526,565.471108,1.270032,-1.170036,0.123791,0.139560,1.608694,-0.904987,-1.015492,0.661298,0.129844,0.308985,0.254102,0.699054,0.971808,-0.639477,0.085245
-0.537245,0.695996,0.162820,0.231702,0.417053,0.376894,-1.316163,0.488832,0.814043,0.159903,0.560718,0.309782,0.677995,0.561614,0.143056,0.169937,0.266587,0.416257,-1.201085,0.977020,0.689532,-0.763582,-1.339804,0.856860,-0.742283,0.015742,0.783770,0.149563,-0.641261,-0.472585,0.114192,0.205378,62.884833,1.101936,-1.340903,0.459044,0.227187,1.095101,-0.904987,-1.048709,0.709862,0.181721,0.177485,0.447870,0.699054,0.453553,-0.639477,0.337842
0.039103,0.716553,0.825461,0.129335,0.424762,0.309153,-1.237871,0.214859,0.676581,0.288305,0.276893,0.252424,0.640459,0.675644,0.262265,0.245983,0.290853,0.290599,-1.363973,0.880297,0.574325,-0.763582,-1.571812,0.437814,-0.751998,-0.822950,0.782190,0.240482,0.294265,-0.577676,0.826934,0.251303,237.739595,1.252975,-1.276842,0.217247,0.222131,1.671480,-0.501694,0.454128,0.184308,0.225251,0.263980,0.115193,0.654456,0.876824,-0.371411,0.337842
0.450786,0.776047,2.725581,0.032532,0.384162,0.419760,-1.096611,0.293410,0.391711,0.034007,0.105312,0.428713,0.420796,-0.026010,0.228422,0.037211,0.017648,0.323058,-1.150180,0.728807,0.005760,-0.007318,-1.570766,-0.111541,-0.038241,0.252465,0.862661,0.095751,-0.555710,-0.184084,0.056949,0.267807,933.644110,1.129157,-1.226916,0.023215,0.063997,1.875714,-0.314818,0.620281,0.078603,0.004324,0.288870,0.274617,0.148699,0.563652,0.301397,-0.140750
-0.393752,0.666587,1.009461,0.226927,0.467487,0.158760,-1.293665,0.659853,0.179954,0.099391,0.293507,0.230416,0.710541,0.601291,0.213704,0.106477,0.146254,0.044527,-1.415374,0.889282,-0.006897,-0.162270,-1.508728,-0.016379,-0.753674,-0.040284,0.761442,0.144196,-0.705788,-0.412428,0.117648,0.477894,414.391625,1.278681,-1.314025,0.129336,0.146087,1.323210,-0.772979,-0.895770,0.587947,0.115292,0.284401,0.237909,0.666832,0.871783,-0.627766,0.103878
-0.393752,0.660220,0.162489,0.196471,0.459665,0.305356,-1.407129,0.435451,0.768301,0.178537,0.587928,0.216463,0.710541,0.601291,0.152037,0.161218,0.267472,0.165878,-1.531721,0.976555,0.654706,-0.791916,-1.191056,0.924437,-0.753674,-0.158550,0.791887,0.144643,-0.651278,-0.412428,0.117648,0.321995,61.840336,1.354505,-1.413568,0.502734,0.270694,1.100322,-0.902364,-1.047581,0.692067,0.187135,0.185544,0.458303,0.666832,0.648188,-0.627766,0.577594
0.044445,0.732506,0.910469,0.194789,0.470421,0.270830,-1.271071,0.187021,0.585312,0.388524,0.388050,0.222886,0.747620,0.889262,0.249531,0.293940,0.328865,0.338235,-1.272064,0.976555,0.635413,-0.846689,-1.863983,0.722253,-0.389530,-0.915023,0.828121,0.259581,0.218779,-0.456216,1.137572,0.344565,244.575984,1.125865,-1.480240,0.326821,0.298680,1.937411,-0.613251,0.440859,0.203338,0.289279,0.356268,0.104961,0.933191,1.273103,-0.622092,0.577594
0.484378,0.765258,3.418760,0.029904,0.380626,0.514478,-1.182261,0.255115,0.290621,0.023675,0.150946,0.359471,0.447590,-0.034290,0.218422,0.071106,0.015361,0.338235,-1.189360,0.729738,0.006637,-0.188520,-1.702076,-0.060629,-0.053981,0.215190,0.847181,0.109541,-0.600172,-0.230418,0.051473,0.235441,991.112475,1.162030,-1.331482,0.023757,0.038504,1.939211,-0.324075,0.574870,0.099397,0.004039,0.327327,0.275175,0.137015,0.613816,0.205608,-0.144164
-0.266740,0.679266,0.990306,0.333621,0.461587,0.238207,-1.339599,0.592925,0.431619,0.115338,0.438913,0.216482,0.684686,0.659838,0.218860,0.148004,0.176922,0.046524,-1.425713,0.967724,0.242013,-0.109655,-2.051183,0.186646,-0.822400,-0.081368,0.841462,0.209754,-0.677536,-0.676894,0.125945,0.588718,376.247908,1.259318,-1.228288,0.153860,0.161562,1.807899,-0.975331,-1.141544,0.682101,0.135939,0.242260,0.286974,0.769338,0.892507,-0.648624,0.126809
-0.266740,0.825513,0.162742,0.307559,0.391665,0.435140,-1.375944,0.455181,1.015712,0.118423,0.669810,0.346555,0.684686,0.659838,0.191545,0.188255,0.260622,0.344008,-1.558340,0.996873,0.665839,-0.592982,-1.748047,0.738071,-0.822400,-0.081368,0.841462,0.146960,-0.337789,-0.415666,0.125945,0.204944,60.394931,1.346465,-1.293842,0.423663,0.244715,1.065438,-0.975331,-1.207887,0.814150,0.171837,0.237163,0.380443,0.769338,0.690336,-0.648624,0.322903
-0.125588,0.712685,1.016680,0.150356,0.433488,0.271084,-1.252198,0.224872,0.768922,0.318967,0.275161,0.293944,0.641071,0.724058,0.211246,0.226952,0.218978,0.434604,-1.317907,1.014273,0.164262,-0.543697,-2.151682,0.264154,-0.726251,-0.549864,0.750061,0.230203,0.254743,-0.442252,1.177355,0.270052,282.826372,1.184638,-1.470944,0.104769,0.223357,1.906143,-0.312197,0.450353,0.152551,0.210159,0.301200,0.128192,0.842061,0.966086,-0.406543,0.369202
0.577659,0.871933,2.600523,0.036267,0.362552,0.233847,-1.323864,0.267139,0.336350,0.030032,0.112376,0.267445,0.401726,-0.036262,0.136149,0.041688,0.023490,0.212939,-1.542317,0.728677,-0.001014,-0.085819,-2.127998,-0.174980,-0.033661,0.266515,0.813660,0.078276,-0.497630,-0.198451,0.058956,0.283164,797.140592,1.479497,-1.303463,0.023911,0.051147,1.766987,-0.311906,0.711269,0.057061,0.007107,0.248430,0.249422,0.173343,0.594062,0.242076,-0.163252
-0.011879,0.715264,1.016598,0.277275,0.459200,0.162589,-1.216532,0.534603,0.472933,0.103924,0.396538,0.159863,0.700454,0.631551,0.218997,0.153609,0.181297,-0.233317,-1.315185,0.993345,0.210307,-0.135206,-2.063134,0.249381,-0.742805,-0.046793,0.805383,0.199195,-0.618042,-0.696286,0.211064,0.537413,383.390922,1.093782,-1.315348,0.161104,0.174148,1.746520,-0.870194,-1.063906,0.690848,0.129625,0.258643,0.286054,0.773942,0.719665,-0.695688,0.122377
-0.011879,0.736412,0.163469,0.283703,0.441144,0.385566,-1.239502,0.329158,0.813897,0.172938,0.660418,0.272417,0.664896,0.631551,0.201497,0.192767,0.283244,0.221428,-1.302037,1.000248,0.706142,-0.738369,-2.063144,0.850555,-0.742805,-0.046793,0.868396,0.191047,-0.403282,-0.696286,0.211064,0.234114,62.946563,1.130146,-1.315821,0.488664,0.266175,1.060939,-0.873439,-1.100627,0.768708,0.196177,0.221743,0.339846,0.773942,0.712500,-0.695688,0.418692
0.037523,0.721042,0.985673,0.125320,0.433149,0.339363,-1.439869,0.191384,0.626807,0.326994,0.299819,0.184006,0.653174,0.769821,0.292981,0.244429,0.207834,0.319188,-1.578380,0.916329,0.190313,-0.738369,-1.550185,0.103475,-0.468595,-0.502984,0.857542,0.222932,0.085901,-0.446649,1.012251,0.303006,286.866435,1.438903,-1.469239,0.101320,0.191519,2.248589,-0.315532,0.449148,0.156292,0.217700,0.324121,0.146991,0.774120,0.971333,-0.418682,0.364199
0.606176,0.828097,3.434063,0.022076,0.396890,0.225119,-1.142154,0.319681,0.230779,0.042665,0.105655,0.292930,0.430774,-0.029351,0.178553,0.040667,0.013049,0.238651,-0.884290,0.730047,-0.013453,-0.079607,-2.121388,-0.205600,-0.048072,0.256436,0.910419,0.068702,-0.598916,-0.277753,0.057335,0.215582,1132.321642,0.936771,-1.136067,0.030700,0.059976,1.652674,-0.320527,0.698100,0.053567,0.004438,0.134306,0.231214,0.138443,0.888617,0.223397,-0.180024
-0.719454,0.668775,1.823603,0.149576,0.480418,0.324714,-1.214835,0.839235,0.006441,0.110236,0.226469,0.493079,0.773223,0.437988,0.191921,0.162599,0.167121,0.945011,-1.141911,0.908462,-0.016993,-0.390412,-1.662657,-0.276281,-0.711745,-0.065580,0.785084,0.177173,-0.945075,-0.794425,0.086708,0.645147,699.855566,1.042468,-1.186890,0.111560,0.146847,2.194274,-0.861320,-1.214771,0.642985,0.091540,0.283559,0.255544,0.857479,1.003801,-0.738164,0.048701
-0.719454,0.777783,0.174542,0.191187,0.473472,0.455407,-1.301303,0.601484,0.859181,0.118353,0.616562,0.501798,0.773223,0.437988,0.142266,0.136640,0.187975,1.191272,-1.469341,1.004590,0.828878,-0.757143,-1.357165,0.619835,-0.711745,-0.065580,0.785084,0.156082,-0.889025,-0.680303,0.149064,0.302841,67.600544,1.247246,-1.397931,0.492115,0.206173,1.079340,-0.884741,-1.340287,0.729153,0.122476,0.216255,0.552071,0.857479,0.680129,-0.738164,0.259151
-0.056402,0.608623,1.146358,0.189738,0.467377,0.561015,-1.415900,0.210879,0.881176,0.310332,0.434130,0.598235,0.797789,0.620890,0.184394,0.282505,0.306392,1.191272,-1.599060,0.860812,0.716357,-0.778411,-1.519049,0.462423,-0.318723,-1.413802,0.670885,0.391224,0.426089,-0.888950,0.952367,0.470912,381.596314,1.392261,-1.496272,0.245183,0.268465,1.819601,-0.415281,0.282306,0.249609,0.202459,0.305088,0.114781,1.736124,1.189387,-0.548537,0.352231
0.591974,0.773111,4.293313,0.048695,0.364699,0.570549,-1.269437,0.232971,0.570471,0.022005,0.183084,0.651011,0.420772,-0.025245,0.123711,0.054529,0.024575,0.738469,-1.247322,0.721695,-0.005327,-0.331029,-1.659596,-0.124718,-0.073036,0.240920,0.741552,0.107282,-0.560762,-0.224102,0.054945,0.308416,1305.219247,1.216656,-1.388240,0.023074,0.045500,1.591630,-0.335428,0.420919,0.183515,0.006028,0.232305,0.329795,0.149160,0.808678,0.295258,-0.167121
-0.537348,0.707751,1.975337,0.235783,0.463563,0.316507,-1.378893,0.701351,0.050980,0.117267,0.202376,0.578260,0.721071,0.466717,0.195240,0.139815,0.184145,0.857106,-1.506450,0.947954,0.215847,-0.375386,-1.246028,-0.124031,-0.770591,-0.082694,0.872741,0.130496,-0.923821,-0.624276,0.090347,0.545079,752.493765,1.225226,-1.288166,0.135079,0.170630,1.450418,-0.730201,-0.853779,0.621033,0.103556,0.314051,0.247414,0.778836,0.969266,-0.648598,0.151103
-0.537348,0.647249,0.167623,0.236978,0.416992,0.294709,-1.271352,0.532724,0.756567,0.137408,0.674478,0.362320,0.721071,0.466717,0.164339,0.159654,0.229150,0.970467,-1.367811,0.964726,0.945146,-1.156613,-1.416036,0.763147,-0.770591,-0.057734,0.872741,0.146285,-0.820085,-0.624276,0.090347,0.225116,67.248481,1.206556,-1.368045,0.449867,0.206506,1.090963,-0.854159,-1.004759,0.651154,0.146006,0.183966,0.502497,0.778836,0.590449,-0.648598,0.296292
0.073369,0.712398,1.041540,0.120295,0.420944,0.295949,-1.268454,0.220074,0.689430,0.251795,0.478384,0.258080,0.666325,0.660622,0.210413,0.240481,0.240932,0.674519,-1.319394,0.840309,0.767075,-1.156613,-1.750856,0.560221,-0.343843,-0.893946,0.743146,0.331030,0.260369,-0.782456,0.556415,0.271400,282.188685,1.285200,-1.471251,0.246281,0.231400,1.903232,-0.476117,0.447708,0.190345,0.210918,0.310019,0.104198,0.789459,1.004862,-0.675769,0.296292
0.467448,0.851598,3.006883,0.040549,0.378941,0.389429,-1.270425,0.285784,0.411211,0.029386,0.152673,0.420907,0.444493,0.000514,0.196628,0.047222,0.026638,0.674519,-1.396267,0.724440,0.000398,-0.238453,-1.952839,-0.102161,-0.046544,0.241593,0.898356,0.074542,-0.578812,-0.303417,0.060288,0.200316,1000.786208,1.364882,-1.375782,0.034456,0.054144,1.873544,-0.319643,0.605308,0.110754,0.009459,0.241640,0.273879,0.176867,0.554268,0.104950,-0.145235
-0.397877,0.730478,1.196381,0.130491,0.483046,0.153202,-1.369566,0.648049,0.180293,0.123101,0.214440,0.310356,0.708626,0.486077,0.233451,0.139077,0.165198,0.512442,-1.475982,0.941800,0.138029,-0.508077,-1.608845,-0.283040,-0.691918,-0.088226,0.870805,0.164940,-0.689978,-0.793438,0.124790,0.496174,502.683779,1.385689,-1.346386,0.139983,0.168381,1.656120,-0.703114,-1.037703,0.670919,0.103524,0.217525,0.243063,0.688401,0.845507,-0.572537,0.114091
-0.397877,0.689891,0.172609,0.177785,0.461181,0.366184,-1.243361,0.444522,0.859742,0.179637,0.592934,0.245733,0.708626,0.486077,0.167226,0.172948,0.249456,0.776936,-1.419728,0.965757,0.966734,-0.936097,-1.529050,0.805116,-0.691918,-0.062045,0.870805,0.220280,-0.663244,-0.793438,0.124790,0.279830,66.500175,1.288021,-1.332253,0.498580,0.220141,1.037510,-0.906536,-1.144237,0.657376,0.151077,0.135534,0.495364,0.688401,0.572312,-0.572537,0.348915
0.091673,0.715751,0.889374,0.156324,0.441999,0.377350,-1.257094,0.210505,0.708915,0.362008,0.433016,0.165411,0.692952,0.890992,0.220300,0.234797,0.237538,0.700320,-1.425416,0.921591,0.966734,-1.078315,-1.641670,0.801875,-0.286664,-0.621981,0.756315,0.232661,0.322832,-0.469885,0.995067,0.248031,238.863089,1.335121,-1.556317,0.338014,0.230094,1.936996,-0.615916,0.345447,0.186143,0.251567,0.324765,0.106474,0.615356,0.939644,-0.346255,0.348915
0.366659,0.777551,3.451206,0.045003,0.381072,0.591175,-0.942654,0.299700,0.370393,0.033806,0.190306,0.412541,0.424213,-0.039653,0.188586,0.071070,0.018895,0.700320,-0.405161,0.724371,0.020198,-0.484458,-1.569159,0.010995,-0.045919,0.247770,0.828554,0.085048,-0.595500,-0.230340,0.050474,0.168209,969.509711,0.295051,-1.306745,0.018583,0.063350,1.544149,-0.311286,0.636010,0.094009,0.004403,0.278393,0.282428,0.173244,0.526507,0.323453,-0.149477
-0.287647,0.728952,1.355166,0.135379,0.477894,0.345198,-1.296733,0.577626,0.146901,0.101166,0.209374,0.308560,0.759707,0.426727,0.248588,0.151328,0.148376,0.290639,-1.373491,0.941555,-0.009776,-0.565476,-1.399867,-0.228505,-0.846537,-0.085655,0.816895,0.158107,-0.840262,-0.422544,0.134915,0.421687,485.943294,1.201772,-1.382418,0.137154,0.153444,1.741093,-0.729171,-1.172664,0.669571,0.088014,0.263148,0.281751,0.726973,1.000802,-0.750687,0.128392
-0.287647,0.753663,0.168322,0.167661,0.472659,0.408718,-1.435570,0.484047,0.920709,0.206394,0.543498,0.263058,0.759707,0.426727,0.155438,0.193656,0.259492,0.458669,-1.669504,0.985926,0.895356,-1.054225,-1.517677,0.925732,-0.846537,-0.205245,0.816895,0.172496,-0.786140,-0.640070,0.134915,0.236551,65.452180,1.488899,-1.368272,0.520951,0.230381,1.032233,-0.898584,-1.325872,0.722703,0.166498,0.149640,0.564552,0.726973,0.715599,-0.750687,0.487099
-0.151179,0.698435,0.720736,0.159406,0.454846,0.177447,-1.273615,0.316508,0.769435,0.440658,0.513834,0.298350,0.711183,0.901252,0.269858,0.317031,0.341480,0.466810,-1.209452,1.120523,0.892228,-1.054225,-2.338607,0.659567,-0.826820,-0.366417,0.849828,0.285099,0.173168,-0.640070,1.322235,0.301357,200.799125,1.219516,-1.437252,0.334886,0.267126,1.464680,-0.615342,0.334518,0.172524,0.280902,0.305994,0.127592,0.981731,1.123847,-0.385307,0.487099
0.392901,0.827272,2.681624,0.038270,0.374782,0.331233,-0.991180,0.268503,0.297609,0.020964,0.150759,0.356990,0.444005,-0.035928,0.201948,0.065877,0.021166,0.524587,-0.983004,0.726373,0.002953,-0.152716,-2.198654,-0.131818,-0.041823,0.253847,0.853243,0.091237,-0.556654,-0.209916,0.050653,0.276313,854.964874,0.979805,-1.332686,0.037034,0.044251,1.810781,-0.327620,0.566328,0.150421,0.004990,0.209620,0.281850,0.171407,0.648142,0.152670,-0.149253
0.008890,0.727439,1.159579,0.276055,0.479463,0.314428,-1.317102,0.483893,0.323838,0.112634,0.442628,0.201178,0.737454,0.623868,0.203117,0.134408,0.170496,0.135077,-1.265520,1.016553,0.048378,-0.152716,-2.045692,0.340094,-0.860450,-0.070386,0.775077,0.156529,-0.653119,-0.562428,0.228261,0.527252,478.684247,1.072609,-1.133433,0.153242,0.177021,2.068337,-0.845466,-0.920867,0.667977,0.129189,0.185503,0.244760,0.753909,0.806368,-0.597370,0.093048
0.008890,0.626109,0.167609,0.270580,0.464228,0.387290,-1.352084,0.336840,0.747040,0.203814,0.718706,0.242433,0.737454,0.623868,0.187807,0.204081,0.304691,0.135077,-1.297440,1.046653,0.641389,-0.652365,-1.997633,1.012789,-0.860450,-0.044464,0.830920,0.163304,-0.628435,-0.562428,0.228261,0.381840,70.077352,1.185208,-1.230666,0.516572,0.312343,1.035550,-0.871260,-0.969207,0.674663,0.198599,0.240899,0.403314,0.753909,0.498019,-0.597370,0.514527
0.269458,0.748777,1.339465,0.081349,0.424444,0.239158,-1.328906,0.159159,0.478059,0.278229,0.358867,0.142420,0.622552,0.668954,0.302747,0.283867,0.288808,0.117984,-1.338436,0.898470,0.640271,-0.652365,-1.657465,0.678452,-0.740845,-0.135151,0.963628,0.196186,0.107508,-0.382102,0.593743,0.220644,384.601075,1.274508,-1.466707,0.288606,0.272486,1.771720,-0.665789,0.420294,0.162427,0.220916,0.316437,0.098859,0.627036,0.754817,-0.570070,0.514527
0.546660,0.792057,3.039211,0.058098,0.394251,0.416957,-1.109761,0.255616,0.214590,0.028749,0.179705,0.370294,0.494546,-0.036167,0.235811,0.067130,0.027491,0.149341,-1.054075,0.730474,0.002171,-0.294383,-1.826553,-0.136275,-0.054061,0.243213,0.919795,0.072453,-0.743962,-0.283897,0.052925,0.262704,978.303806,1.063574,-1.438189,0.034852,0.076316,1.696755,-0.332496,0.665628,0.083600,0.005618,0.279735,0.281451,0.159052,0.646934,0.122128,-0.106377
-0.510140,0.665753,1.291973,0.239509,0.474638,0.272727,-1.165369,0.655096,0.115665,0.129594,0.290695,0.343306,0.750648,0.530776,0.195133,0.120232,0.160740,0.390137,-1.222268,0.952118,0.046972,-0.205027,-1.308387,0.094764,-0.808103,-0.127210,0.782584,0.149016,-0.931799,-0.502186,0.184275,0.509912,509.026897,1.080515,-1.308873,0.132165,0.160626,1.574967,-0.920069,-0.906705,0.611063,0.125112,0.235275,0.264303,0.890954,1.012842,-0.677337,0.114793
-0.510140,0.676031,0.166348,0.236042,0.460050,0.267201,-1.278133,0.478104,0.827235,0.165607,0.588767,0.300229,0.750648,0.530776,0.135246,0.209616,0.269503,0.327931,-1.388619,0.998653,0.732159,-0.925903,-1.347044,1.045752,-0.808103,-0.087304,0.782584,0.197946,-0.875176,-0.502186,0.201269,0.341089,60.439793,1.218627,-1.209940,0.502572,0.276946,1.077617,-0.920069,-1.082816,0.692193,0.172836,0.165104,0.548575,0.890954,0.644042,-0.677337,0.500142
-0.127190,0.627168,1.002498,0.110395,0.471309,0.217386,-1.430170,0.256223,0.699967,0.264982,0.302831,0.276924,0.729700,0.586001,0.282039,0.257969,0.282240,0.327931,-1.577578,0.957398,0.727362,-0.925903,-1.562845,0.724975,-0.872853,-0.682778,0.871282,0.360924,0.281781,-0.597928,0.910959,0.307417,269.427713,1.512167,-1.443203,0.288603,0.289596,1.869829,-0.556663,0.317413,0.259127,0.201999,0.305944,0.120749,0.904443,1.135341,-0.639993,0.500142
0.513283,0.675212,2.903028,0.038330,0.383535,0.428250,-1.111084,0.257436,0.428841,0.023888,0.121422,0.355862,0.458907,-0.025418,0.173631,0.060062,0.026983,0.294160,-1.009237,0.735853,-0.006778,-0.427860,-1.577851,-0.117614,-0.045482,0.193442,0.780324,0.087813,-0.601937,-0.317133,0.059635,0.335470,891.389200,1.012955,-1.337013,0.035341,0.051167,2.061531,-0.321024,0.394411,0.170541,0.005634,0.219672,0.316889,0.146907,0.596744,0.277797,-0.136777
-0.376100,0.661802,1.153582,0.309338,0.476582,0.312545,-1.291575,0.631697,0.227879,0.131702,0.426495,0.231655,0.730965,0.582440,0.248792,0.148246,0.166914,-0.123082,-1.560227,0.956796,0.101919,-0.179282,-1.578290,0.337857,-0.850522,-0.137037,0.882932,0.182524,-0.773178,-0.547970,0.202851,0.566480,475.305299,1.289297,-1.204596,0.147805,0.168299,1.769486,-0.929320,-0.986617,0.650405,0.127818,0.300319,0.256186,0.856141,1.040756,-0.667597,0.114157
-0.376100,0.713066,0.159718,0.287716,0.427898,0.435808,-1.279972,0.414209,0.869685,0.157114,0.676738,0.355836,0.730965,0.582440,0.205477,0.231628,0.273238,0.190272,-1.524673,1.013464,0.753135,-0.783865,-1.138307,1.029062,-0.850522,-0.137037,0.882932,0.192156,-0.695847,-0.547970,0.202851,0.312759,59.792318,1.303484,-1.480858,0.466671,0.241848,1.047269,-0.929320,-1.081465,0.681093,0.165330,0.278542,0.500301,0.856141,0.786190,-0.667597,0.397733
-0.092705,0.749443,0.588643,0.101784,0.413142,0.204197,-1.372036,0.258825,0.643113,0.287574,0.358243,0.214791,0.649054,0.667122,0.264662,0.359640,0.348806,0.336456,-1.430510,0.921282,0.660833,-0.783865,-1.677980,0.456296,-1.058847,-0.426410,0.866059,0.291984,0.170719,-0.610345,0.728615,0.347373,173.575913,1.247746,-1.528208,0.261686,0.259400,2.068345,-0.573885,0.477097,0.174514,0.227618,0.353565,0.133208,0.926993,1.111922,-0.705931,0.397733
0.375528,0.929504,2.720017,0.050146,0.376706,0.331618,-1.345838,0.280832,0.273906,0.027969,0.088953,0.321925,0.512624,-0.036294,0.241330,0.036159,0.015331,0.336456,-1.561547,0.725833,0.019992,-0.240140,-1.761513,-0.128480,-0.074833,0.179730,1.672694,0.074948,-0.569726,-0.135014,0.052439,0.202520,844.302838,1.403005,-1.357411,0.052434,0.042733,1.849710,-0.316654,0.698652,0.105016,0.005804,0.254090,0.248674,0.195192,0.586312,0.250470,-0.133818
-0.322475,0.723515,1.232569,0.253373,0.503599,0.173291,-1.294793,0.603138,0.163193,0.114803,0.339923,0.321181,0.706443,0.655298,0.280374,0.165484,0.171965,0.256112,-1.284200,0.944411,-0.000908,-0.279372,-2.189999,-0.244376,-0.745087,-0.154475,1.209137,0.209067,-0.627541,-0.805475,0.122964,0.520259,507.035057,1.163956,-1.312391,0.135711,0.159472,1.050282,-0.789850,-1.001969,0.668300,0.121527,0.217976,0.201528,0.838050,0.938792,-0.625376,0.094327
-0.322475,0.689966,0.162819,0.235204,0.465262,0.380734,-1.331379,0.400724,0.734110,0.165810,0.624750,0.300812,0.706443,0.655298,0.226265,0.196476,0.281392,0.345749,-1.436356,0.997561,0.781596,-0.756110,-1.959613,0.836184,-0.745087,-0.103683,0.970438,0.241985,-0.598688,-0.805475,0.122964,0.406487,63.565269,1.211633,-1.206793,0.509259,0.270183,1.090576,-0.898405,-1.122365,0.704436,0.173169,0.154989,0.439582,0.838050,0.473705,-0.625376,0.465483
0.106842,0.750819,0.486627,0.168127,0.441248,0.239631,-1.477397,0.187621,0.611942,0.323242,0.362115,0.173642,0.674872,0.743976,0.264610,0.305373,0.273010,0.625084,-1.657451,0.918539,0.776852,-0.756110,-1.876553,0.791505,-0.459245,-0.588149,0.907632,0.254736,0.277540,-0.720716,1.015797,0.294964,128.760459,1.434951,-1.424796,0.314935,0.262179,1.393933,-0.668667,0.432305,0.188776,0.240818,0.343361,0.105933,0.764499,1.019839,-0.573803,0.465483
0.335805,0.830447,2.990179,0.063575,0.401264,0.467449,-1.133787,0.328349,0.348080,0.027104,0.179774,0.330252,0.500414,-0.012999,0.212417,0.081595,0.041836,0.281915,-0.891075,0.723187,-0.014840,-0.545392,-1.899179,-0.083794,-0.087716,0.204588,0.888106,0.118613,-0.605870,-0.361645,0.066602,0.234273,774.751298,0.724977,-1.313023,0.035488,0.042980,2.023132,-0.328228,0.638555,0.104458,0.009191,0.298708,0.291729,0.190594,0.541309,0.158957,-0.154367
-0.200886,0.701825,0.195510,0.258603,0.458525,0.200334,-1.206611,0.582976,0.703259,0.124748,0.328280,0.272532,0.676506,0.606505,0.290149,0.202977,0.153277,0.374594,-1.352301,0.990887,0.492524,-0.433649,-1.345239,0.826996,-0.578124,-0.166594,0.868350,0.160515,-0.730781,-0.530483,0.164489,0.663489,74.343821,1.289530,-1.328287,0.418558,0.159399,0.996843,-0.837821,-1.086628,0.716551,0.118970,0.261588,0.506677,0.640641,1.100861,-0.617758,0.098943
-0.092102,0.673748,2.342663,0.127765,0.392724,0.203236,-1.351925,0.176338,0.768732,0.196678,0.247580,0.227854,0.601756,0.419886,0.223320,0.163029,0.146811,0.506318,-1.359123,0.821062,-0.005922,-0.498679,-1.326773,0.028461,-0.407749,-0.764736,0.760173,0.181861,0.188569,-0.297795,0.761135,0.229104,967.736492,1.199223,-1.237966,0.116696,0.132941,1.713876,-0.341859,0.436542,0.132572,0.121009,0.266656,0.137420,0.912148,0.943963,-0.296019,0.117212
0.516297,1.218455,0.458655,0.009781,0.251214,0.296226,-0.766384,0.052934,-0.333841,0.010896,0.050854,0.217081,0.295827,-0.039680,0.126907,0.015971,0.005699,0.083521,-0.833622,0.716685,0.002736,0.012983,-1.017012,-0.222299,-0.015305,0.242017,0.701978,0.013626,-0.392015,-0.226867,0.049087,0.048040,113.704609,1.063637,-1.056882,0.012642,0.029404,1.659374,-0.304614,1.203864,0.010340,0.001310,0.114637,0.014285,0.108911,0.320809,0.071559,-0.283519
0.659541,1.224906,0.189136,0.009848,0.260350,0.097337,-0.755130,0.055232,-0.352410,0.008003,0.046126,0.140038,0.269040,-0.040355,0.009929,0.027653,0.006961,-0.001645,-0.822919,0.709401,-0.008935,-0.003993,-1.204444,-0.271901,-0.024360,0.298074,0.462099,0.020594,-0.457411,-0.300312,0.050608,0.123324,57.414322,1.029541,-1.064476,0.005381,0.015764,1.237760,-0.304801,1.155176,0.039068,0.001239,0.053777,0.029190,0.113541,0.225997,0.101800,-0.340757
0.404549,0.720703,0.935850,0.190068,0.402976,0.355675,-1.097017,0.246216,0.629099,0.083317,0.362003,0.264299,0.591094,0.112982,0.066738,0.207828,0.158200,0.304123,-1.193731,0.834090,0.261536,-0.656300,-1.481750,-0.336149,-0.570451,-0.001636,0.579302,0.183880,-0.487474,-0.678880,0.114103,0.359826,302.076470,1.046833,-1.323541,0.120608,0.100698,1.988764,-0.505841,-0.897834,0.691074,0.043409,0.144245,0.303825,0.704848,0.265140,-0.667823,0.005946
0.404549,0.653955,0.432374,0.178942,0.391610,0.129514,-1.226511,0.269923,1.311668,0.083373,0.452803,0.278676,0.591094,0.112982,0.072463,0.233551,0.165879,0.534091,-1.493514,0.850748,0.820282,-0.813439,-1.639962,0.789799,-0.570451,-0.001636,0.579302,0.200207,-0.487449,-0.678880,0.114103,0.321461,151.523529,1.311380,-1.423865,0.377589,0.091598,0.974353,-0.704625,-1.035897,0.614848,0.056916,0.149157,0.643626,0.704848,0.374678,-0.667823,0.005946
-0.921395,0.682092,1.371313,0.305863,0.327611,0.147802,-1.274412,0.693019,1.320886,0.324645,0.348474,0.256245,0.816139,0.512704,0.059111,0.303757,0.347364,0.623516,-1.625247,0.874894,0.829407,-0.813439,-1.675998,0.803177,-0.584285,-0.035164,0.593197,0.138721,0.583325,-0.145396,0.445746,0.301679,374.297005,1.447246,-1.455128,0.363156,0.184554,2.421133,-0.858817,-1.035897,0.697062,0.216116,0.100374,0.184314,0.881665,0.707110,-0.338918,0.191803
-0.921395,0.477010,3.022846,0.319755,0.439224,0.426584,-0.960807,0.585869,1.320886,0.339870,0.532040,0.287123,0.816139,0.512704,0.251197,0.401749,0.291113,1.318666,-0.869878,1.054183,0.829407,-0.790915,-1.741249,0.803177,-0.584285,-0.844414,0.696587,0.347265,0.652896,-0.948813,0.445746,0.208277,805.223903,0.947922,-1.500535,0.400575,0.182849,1.889057,-0.858817,-0.443875,0.277351,0.227937,0.376031,0.185574,0.881665,0.707110,-0.295837,0.205083
-0.317162,0.711165,0.288200,0.264107,0.441867,0.460479,-1.237545,0.549720,0.752985,0.114753,0.507550,0.474035,0.653570,0.557203,0.207166,0.135113,0.179091,0.676000,-1.419432,1.011035,0.615996,-0.734949,-2.044565,0.167388,-0.710774,-0.080832,0.740398,0.202033,-0.527772,-0.731897,0.139610,0.751179,121.433026,1.262305,-1.142170,0.395087,0.164695,0.923286,-1.012062,-1.148912,0.725820,0.126813,0.212559,0.446653,0.652552,0.873421,-0.595579,0.050037
0.081294,0.792190,0.988049,0.067228,0.316765,0.239063,-1.493156,0.133823,0.421973,0.111536,0.152124,0.213176,0.498821,0.429316,0.090687,0.084999,0.088338,0.720153,-1.557166,0.783724,0.119337,-0.441699,-1.434941,0.042695,-0.162951,-0.070826,0.599315,0.146509,0.151829,-0.344801,0.238525,0.172447,357.749628,1.297951,-1.431811,0.089710,0.096372,1.662357,-0.340747,0.664593,0.100727,0.109463,0.162363,0.063245,0.360247,0.433248,-0.447226,0.168223
0.552606,1.279252,0.486828,0.013039,0.264456,0.076694,-0.836620,0.029481,-0.134073,0.007747,0.023609,0.098734,0.282791,-0.041400,0.046590,0.026204,0.011573,-0.217315,-0.936311,0.714675,-0.005704,0.001003,-1.145579,-0.269858,-0.034143,0.273114,0.513128,0.028806,-0.267269,-0.248846,0.052280,0.021936,140.741662,1.074294,-1.297609,0.007916,0.017413,1.787380,-0.309148,1.229986,0.023920,0.001997,0.052892,0.036442,0.148089,0.168481,0.062357,-0.305697
0.971218,0.884939,1.232194,0.022898,0.269667,0.209896,-1.308992,0.091985,-0.210419,0.016856,0.072660,0.261883,0.332740,-0.031953,0.039797,0.049998,0.015277,0.385421,-1.431604,0.728804,0.007111,-0.088717,-1.203912,-0.072077,-0.016513,0.278961,0.627867,0.049340,-0.367722,-0.200019,0.053236,0.091858,347.272650,1.225838,-1.446734,0.042204,0.038138,1.892567,-0.315399,0.841268,0.043120,0.002628,0.142134,0.033713,0.113256,0.608369,0.055090,-0.256172
-0.360042,0.690143,1.737761,0.223133,0.477396,0.214203,-1.137811,0.735308,0.235425,0.096332,0.269668,0.301352,0.677360,0.621524,0.234060,0.092749,0.113972,0.350800,-1.077378,0.892646,0.006254,-0.226569,-1.084692,0.096113,-0.489687,-0.019840,0.736675,0.117547,-0.753270,-0.340788,0.129861,0.402196,583.961846,0.981907,-1.189063,0.121413,0.126917,2.250256,-0.742207,-0.830632,0.606911,0.120156,0.267721,0.243140,0.480046,0.592347,-0.706321,0.026212
-0.360042,0.622717,0.164232,0.224441,0.460476,0.188261,-1.132782,0.394838,0.957711,0.203507,0.563118,0.231712,0.677360,0.621524,0.153442,0.145340,0.239068,0.176261,-0.985773,0.956996,0.815656,-0.707771,-1.412612,0.988707,-0.489687,-0.028342,0.771022,0.145757,-0.698857,-0.340788,0.129861,0.223322,62.533116,0.818126,-1.278026,0.507413,0.244406,1.110241,-0.898614,-1.011222,0.651618,0.194742,0.171022,0.551375,0.480046,0.614917,-0.706321,0.484644
-0.046927,0.688361,1.288394,0.146591,0.451609,0.271215,-1.333104,0.228795,0.805810,0.349628,0.370511,0.217970,0.671497,0.719898,0.262661,0.229969,0.297402,0.400911,-1.452664,0.867229,0.789059,-0.707771,-2.112867,0.603420,-0.685498,-0.775916,0.887256,0.209615,0.229447,-0.405008,0.768763,0.242411,371.671451,1.250698,-1.418085,0.320552,0.256463,1.881485,-0.629908,0.421862,0.190118,0.256588,0.341604,0.131099,0.940531,0.887856,-0.418924,0.484644
0.533001,0.805951,3.547869,0.040192,0.384521,0.447547,-1.184939,0.232156,0.434978,0.019624,0.169534,0.466377,0.490926,-0.023942,0.195673,0.068872,0.019648,0.400911,-1.135954,0.722367,0.002611,-0.182317,-1.848334,-0.156372,-0.074231,0.222021,0.889967,0.079574,-0.691463,-0.302531,0.059710,0.280274,1101.244775,1.009361,-1.415172,0.038455,0.030925,2.005540,-0.320828,0.540757,0.147730,0.004687,0.273671,0.337936,0.165389,0.734478,0.205060,-0.191082
-0.433626,0.723446,1.307493,0.232885,0.485855,0.259392,-1.249609,0.642942,0.191726,0.123239,0.340371,0.404265,0.763850,0.484188,0.238888,0.156022,0.152994,0.247496,-1.215727,0.949703,-0.026947,-0.213203,-1.336212,-0.165926,-0.848078,-0.111534,0.873860,0.154778,-0.863758,-0.485323,0.107701,0.500541,525.846297,1.156674,-1.251435,0.117515,0.164766,1.836387,-0.757992,-1.157383,0.673691,0.110071,0.302775,0.271968,0.693173,1.026510,-0.679281,0.158671
-0.433626,0.729927,0.175514,0.188673,0.455351,0.367913,-1.283808,0.483979,0.809729,0.136320,0.557471,0.349508,0.763850,0.484188,0.172326,0.184263,0.209402,0.528314,-1.419662,1.043098,0.785112,-0.707124,-1.357514,1.073680,-0.848078,-0.078786,0.873860,0.167832,-0.763514,-0.485323,0.111525,0.308826,71.292974,1.265333,-1.239959,0.492978,0.204969,1.120955,-0.826937,-1.217101,0.685980,0.139777,0.164645,0.506966,0.693173,0.566012,-0.679281,0.457379
0.031017,0.692185,0.732524,0.187999,0.480258,0.292547,-1.315302,0.251692,0.779576,0.299333,0.353169,0.158351,0.710622,0.557796,0.234800,0.295691,0.268803,0.309241,-1.441459,0.947918,0.780486,-0.790463,-1.748932,0.770522,-0.665906,-1.275461,0.842087,0.312912,0.424409,-0.911963,0.743692,0.266618,237.321482,1.244647,-1.513995,0.366107,0.309738,2.136101,-0.686879,0.369715,0.235504,0.217738,0.198013,0.109393,0.651468,0.994544,-0.911648,0.557601
0.444768,0.747657,3.118331,0.049776,0.389551,0.484613,-1.069777,0.250753,0.529232,0.026835,0.189900,0.405632,0.458675,-0.032922,0.166146,0.097359,0.024174,0.168975,-1.071972,0.718404,0.003596,-0.369899,-1.817625,-0.109498,-0.059800,0.221421,0.770026,0.088504,-0.571909,-0.294314,0.052906,0.294363,1000.665625,1.040257,-1.332201,0.026751,0.045689,1.881962,-0.322829,0.467700,0.140762,0.004301,0.265669,0.332407,0.154948,0.541405,0.195890,-0.182357
-0.561465,0.662972,1.109759,0.292631,0.478063,0.183214,-1.071444,0.672675,0.193887,0.121787,0.357589,0.235009,0.735544,0.611016,0.231359,0.122705,0.153694,0.161819,-0.970114,0.956533,-0.003422,-0.197129,-1.932520,0.110779,-0.706888,-0.083234,0.883738,0.190698,-0.767322,-0.534870,0.139685,0.521630,448.496692,0.881821,-1.323545,0.136666,0.163459,1.561342,-0.880359,-0.970798,0.612228,0.125354,0.283901,0.252767,0.690367,0.971378,-0.710603,0.156122
-0.561465,0.695221,0.161585,0.255540,0.433144,0.400250,-1.392137,0.483210,0.804201,0.173004,0.671568,0.300073,0.735544,0.611016,0.161665,0.170483,0.274893,0.426956,-1.633920,0.995915,0.752707,-0.649597,-1.520994,0.843147,-0.706888,-0.120122,0.883738,0.168262,-0.640289,-0.534870,0.139685,0.266903,61.080197,1.464600,-1.434877,0.473952,0.249289,1.058071,-0.880359,-1.051609,0.706140,0.185029,0.196029,0.430259,0.690367,0.750487,-0.710603,0.469210
0.015942,0.711874,1.192489,0.141473,0.439197,0.304699,-1.275605,0.240551,0.634564,0.294337,0.367437,0.275230,0.711195,0.806701,0.257902,0.286132,0.253374,0.292061,-1.373649,0.903823,0.462756,-0.720812,-1.989861,0.461028,-0.623955,-0.615913,0.895922,0.216249,0.112744,-0.506311,0.772455,0.348334,341.373171,1.299709,-1.472248,0.195271,0.265628,1.963419,-0.421969,0.436833,0.182040,0.245794,0.343040,0.125407,0.570043,1.052265,-0.536806,0.469210
0.700528,0.816066,2.752703,0.037614,0.368979,0.371899,-0.978580,0.245844,0.316566,0.031356,0.152720,0.381635,0.412368,-0.029674,0.150233,0.060869,0.017558,0.159147,-1.088266,0.729600,-0.006003,-0.000904,-1.505977,-0.145953,-0.065517,0.238169,0.859379,0.068750,-0.541556,-0.208521,0.062095,0.244184,854.258582,0.998234,-1.328024,0.018996,0.039797,1.813564,-0.313376,0.628465,0.063423,0.004257,0.259212,0.239646,0.141564,0.687156,0.221980,-0.212165
-0.218535,0.700566,0.860205,0.297980,0.468538,0.327339,-1.346301,0.572286,0.369501,0.107781,0.335318,0.356846,0.717164,0.510447,0.212890,0.158169,0.157257,0.229466,-1.625354,1.025377,0.177778,-0.297087,-2.210290,-0.011599,-0.766154,-0.100153,0.982916,0.245758,-0.668934,-0.597084,0.126858,0.612278,346.381728,1.432137,-1.289635,0.138281,0.165186,1.713741,-0.892539,-1.279668,0.723151,0.127143,0.270762,0.263875,0.767131,0.812008,-0.696790,0.112155
-0.218535,0.877108,0.160310,0.264697,0.393731,0.446515,-1.299784,0.426126,0.907419,0.112959,0.588056,0.300364,0.717164,0.510447,0.193827,0.185180,0.235494,0.462926,-1.452917,1.038410,0.693487,-0.780177,-1.671392,0.756004,-0.766154,-0.100153,0.982916,0.154541,-0.405299,-0.437842,0.144276,0.184487,62.226676,1.311811,-1.400341,0.425574,0.233647,0.978331,-0.892539,-1.312975,0.818724,0.164460,0.276560,0.372624,0.767131,0.597094,-0.696790,0.266599
-0.076153,0.706687,0.636056,0.128028,0.416201,0.271317,-1.516689,0.219009,0.746313,0.250178,0.270854,0.248678,0.601206,0.446781,0.268282,0.233573,0.213416,0.423199,-1.796812,0.927070,0.281069,-0.780177,-1.866997,0.063234,-0.661845,-0.884588,0.803913,0.267319,0.296476,-0.643979,0.738097,0.308319,175.884700,1.527381,-1.440070,0.128380,0.218053,0.761980,-0.322856,0.471212,0.174713,0.176406,0.279205,0.122749,0.678351,0.858367,-0.550379,0.303904
0.516332,0.877988,4.052543,0.060729,0.372455,0.242693,-1.134648,0.247288,0.346646,0.034801,0.177214,0.276439,0.413755,-0.033935,0.232340,0.048037,0.027462,0.215634,-1.103732,0.745253,0.006948,-0.110470,-1.794862,-0.122741,-0.070613,0.232631,0.892768,0.094960,-0.453224,-0.203611,0.061480,0.213134,1117.582703,1.153562,-1.338297,0.027624,0.050685,1.928746,-0.329558,0.666731,0.077358,0.006289,0.214454,0.237264,0.170512,0.667757,0.237251,-0.167954
-0.168208,0.693885,0.899771,0.246197,0.452833,0.146981,-1.264192,0.524893,0.402095,0.105495,0.289180,0.174490,0.660922,0.549853,0.173526,0.142228,0.175977,-0.109407,-1.390807,0.980657,0.236368,-0.171689,-2.140995,0.190340,-0.780636,-0.048658,0.727995,0.209631,-0.570003,-0.683719,0.138328,0.528270,408.006140,1.265095,-1.276206,0.155581,0.154095,1.445081,-0.878095,-1.041702,0.684968,0.124761,0.212358,0.256526,0.791435,0.743751,-0.629822,0.055748
-0.168208,0.741192,0.171040,0.297417,0.422702,0.363858,-1.104451,0.333697,0.778021,0.216692,0.717802,0.250870,0.657998,0.549853,0.161360,0.210145,0.273821,0.220379,-1.003986,0.985404,0.858049,-0.946364,-2.046666,0.755773,-0.780636,-0.054340,0.804206,0.197862,-0.342824,-0.588476,0.542784,0.257037,65.585160,0.875816,-1.255992,0.462253,0.246610,1.261570,-0.888773,-1.053710,0.764075,0.198978,0.192616,0.307495,0.791435,0.757308,-0.629822,0.307574
0.123298,0.676873,0.888412,0.116306,0.418080,0.401039,-1.129291,0.191477,0.594177,0.222674,0.294099,0.245850,0.627854,0.589726,0.259980,0.253147,0.171917,0.800949,-1.169743,0.854838,0.133682,-0.861788,-1.374763,-0.003308,-0.363181,-0.594781,0.807932,0.244519,0.132773,-0.613538,0.551718,0.230128,233.677784,1.028861,-1.427404,0.093818,0.160734,2.379328,-0.315161,0.512702,0.115858,0.170008,0.295363,0.124596,0.617595,0.876330,-0.773608,0.241494
0.660088,0.816946,3.721760,0.049445,0.378805,0.335587,-1.144280,0.264001,0.230153,0.034962,0.140054,0.420484,0.401293,-0.020956,0.175964,0.054340,0.028961,0.658776,-1.256388,0.719360,-0.006013,-0.175582,-1.743193,-0.201666,-0.046854,0.256845,0.880416,0.052343,-0.545436,-0.348781,0.062051,0.192644,1094.166475,1.151260,-1.293613,0.018643,0.054928,1.976666,-0.317386,0.702858,0.041645,0.007785,0.186021,0.209258,0.177828,0.798210,0.253743,-0.161507
-0.393563,0.693340,1.375526,0.126541,0.443278,0.471685,-1.345927,0.690807,0.240632,0.120147,0.171476,0.471463,0.693154,0.440853,0.231951,0.153852,0.166338,0.907666,-1.425677,0.936867,0.240755,-0.571341,-1.665417,-0.180221,-0.722448,-0.059547,0.905552,0.134478,-0.805043,-0.722218,0.112818,0.476148,553.703935,1.308334,-1.225467,0.152941,0.169707,1.826155,-0.789411,-1.115132,0.679007,0.095610,0.248412,0.265027,0.757431,0.935730,-0.719115,0.077093
-0.393563,0.760232,0.161322,0.118567,0.405642,0.454572,-1.267383,0.453907,0.854796,0.123625,0.442434,0.370119,0.693154,0.440853,0.183920,0.157072,0.216389,1.018483,-1.350510,0.960756,0.838660,-0.802581,-1.335530,0.639296,-0.722448,-0.055528,0.905552,0.162524,-0.625197,-0.555213,0.112818,0.119606,66.388629,1.188322,-1.274831,0.420338,0.223123,1.071940,-0.859908,-1.162129,0.749252,0.144599,0.170787,0.429157,0.757431,0.771106,-0.719115,0.254190
-0.043427,0.790245,2.258637,0.212577,0.444288,0.298761,-1.508124,0.178830,0.634606,0.376732,0.372444,0.391196,0.682476,0.695649,0.219169,0.220551,0.290359,0.672703,-1.705259,0.857716,0.470313,-0.643779,-2.241314,0.197769,-0.262398,-1.027111,0.850453,0.238761,0.147633,-0.344054,1.178195,0.430342,647.043956,1.462213,-1.410011,0.164572,0.256600,1.913097,-0.323211,0.447040,0.160828,0.230044,0.298573,0.139734,1.057032,1.181396,-0.461960,0.428396
0.484847,0.890675,3.325448,0.018915,0.387786,0.505543,-1.159857,0.315269,0.183901,0.033806,0.100979,0.375422,0.442674,-0.026921,0.168956,0.021963,0.011565,0.483702,-1.113290,0.720138,0.007920,-0.217965,-1.060262,-0.064897,-0.040783,0.220454,0.810663,0.079995,-0.603478,-0.296357,0.053431,0.200300,1118.705043,0.947980,-1.253683,0.019836,0.052699,1.819938,-0.319573,0.809981,0.030875,0.004523,0.221419,0.218595,0.107813,0.765368,0.249235,-0.147139
-0.526585,0.647800,1.199089,0.235901,0.465507,0.329910,-1.268778,0.737657,0.091667,0.090344,0.238446,0.350925,0.685288,0.564544,0.151895,0.097490,0.150241,0.524391,-1.456367,0.903485,0.021587,-0.299273,-1.456011,-0.163421,-0.655709,0.014296,0.726233,0.156452,-0.798540,-0.507675,0.068324,0.518463,496.129097,1.363907,-1.265853,0.116020,0.122847,1.861403,-0.824242,-0.954908,0.602835,0.109534,0.255157,0.220260,0.610016,0.945124,-0.592322,-0.002198
-0.526585,0.671128,0.170437,0.226095,0.396765,0.370160,-1.284952,0.507313,0.799776,0.128471,0.683431,0.330073,0.685288,0.564544,0.116506,0.124396,0.213475,0.756657,-1.444546,0.939919,0.844983,-0.950015,-1.366683,0.604858,-0.655709,0.016483,0.726233,0.117390,-0.610505,-0.592969,0.111119,0.258351,66.676839,1.324842,-1.264176,0.425222,0.187766,1.103395,-0.846593,-1.049598,0.674032,0.154285,0.144344,0.447820,0.610016,0.560138,-0.592322,0.243447
0.155591,0.689140,0.595647,0.134480,0.414739,0.270568,-1.385812,0.175950,0.674487,0.245090,0.397452,0.221814,0.633697,0.740829,0.213122,0.248575,0.235934,0.474984,-1.626339,0.836331,0.575307,-0.950015,-1.589745,0.286472,-0.372649,-0.805644,0.720387,0.280327,0.273868,-0.640783,0.661093,0.285498,168.387438,1.334921,-1.496728,0.178391,0.209209,0.586254,-0.403481,0.514092,0.179040,0.217328,0.261103,0.101558,0.745752,0.911743,-0.592243,0.243447
0.609009,0.774665,3.452249,0.042961,0.375077,0.298856,-1.153128,0.255978,0.386391,0.027577,0.182838,0.347747,0.424181,-0.027775,0.177340,0.041035,0.024710,0.546170,-1.185469,0.715126,-0.001637,-0.156678,-1.566527,-0.165468,-0.038600,0.251061,0.881774,0.067787,-0.422942,-0.253631,0.054968,0.249330,1122.170123,1.173901,-1.390323,0.023005,0.043981,1.895490,-0.323965,0.526934,0.114813,0.006958,0.185276,0.254632,0.173367,0.566270,0.270539,-0.165414
-0.400514,0.681015,1.122613,0.133358,0.460066,0.199636,-1.096232,0.677259,0.228793,0.107550,0.150456,0.364054,0.689490,0.500685,0.207759,0.115230,0.149687,0.693025,-0.844677,0.925684,0.099221,-0.443045,-1.824358,-0.249871,-0.595379,-0.010648,0.794884,0.140306,-0.671370,-0.682932,0.112083,0.471209,476.673307,0.653161,-1.295675,0.137593,0.147909,1.688452,-0.740515,-1.054032,0.654484,0.108299,0.201421,0.217444,0.667939,0.782891,-0.604473,0.013015
-0.400514,0.683975,0.154905,0.160733,0.412073,0.300263,-1.390038,0.411713,0.809915,0.138695,0.538899,0.286751,0.689490,0.500685,0.150056,0.145672,0.239710,0.843462,-1.577736,0.949537,0.875215,-0.791365,-1.471368,0.822015,-0.595379,0.018998,0.794884,0.165960,-0.536058,-0.682932,0.112083,0.227834,61.139900,1.386476,-1.275265,0.442491,0.191065,1.099279,-0.894270,-1.135106,0.665822,0.148265,0.147434,0.434002,0.667939,0.538574,-0.604473,0.247485
-0.044348,0.672403,1.030748,0.168330,0.441257,0.442122,-1.211806,0.211433,0.774341,0.276974,0.442039,0.251634,0.684611,0.686530,0.239876,0.241188,0.260598,0.820338,-1.289084,0.841914,0.758999,-1.102505,-2.149829,0.787216,-0.181145,-0.934962,0.742892,0.318477,0.331795,-0.527235,0.614382,0.282199,308.843701,1.198997,-1.539872,0.253527,0.255262,1.589093,-0.417864,0.306735,0.216408,0.241615,0.313541,0.104913,0.695906,0.945756,-0.574262,0.447148
0.631343,0.733651,3.324942,0.050182,0.359741,0.598008,-1.077819,0.239982,0.491177,0.019527,0.224132,0.428340,0.437800,-0.032161,0.206684,0.082449,0.016871,0.525878,-1.170385,0.719653,0.007704,-0.264389,-1.390588,-0.118272,-0.047832,0.244295,0.865339,0.081161,-0.523917,-0.264257,0.053029,0.191818,1040.268219,1.166210,-1.387081,0.025569,0.042075,1.872577,-0.319228,0.528263,0.127220,0.003369,0.214788,0.285974,0.153772,0.575646,0.318616,-0.181047
-0.279577,0.702761,1.241608,0.134136,0.465889,0.228627,-1.210374,0.604884,0.139988,0.103504,0.196581,0.346918,0.765536,0.483248,0.220077,0.130811,0.152192,0.452495,-1.162851,0.915360,-0.004930,-0.336709,-1.694042,-0.196924,-0.735903,-0.109016,0.848870,0.148747,-0.776738,-0.554324,0.134052,0.438602,504.483333,0.914166,-1.361233,0.137925,0.156858,1.707958,-0.817230,-0.954719,0.605391,0.106045,0.281565,0.247484,0.726288,0.793104,-0.592538,0.135434
-0.279577,0.673606,0.159155,0.139751,0.443483,0.295804,-1.471382,0.420306,0.815239,0.149414,0.551220,0.301088,0.765536,0.483248,0.149526,0.167546,0.239216,0.748291,-1.725401,0.980902,0.791168,-1.264337,-1.390652,0.791631,-0.735903,0.004236,0.848870,0.155009,-0.720752,-0.554324,0.134052,0.281760,58.732118,1.494087,-1.374758,0.483484,0.212029,1.002987,-0.843655,-1.092227,0.673938,0.145556,0.157075,0.472436,0.726288,0.650185,-0.592538,0.325457
-0.076580,0.725493,0.627700,0.171329,0.440850,0.223125,-1.333476,0.217085,0.655477,0.364953,0.364392,0.238577,0.674821,0.820368,0.238672,0.238901,0.278113,0.506483,-1.358087,0.891035,0.704083,-1.264337,-1.788434,0.633298,-0.454281,-0.452867,0.787718,0.188629,0.248287,-0.498859,1.058035,0.284092,172.026725,1.254878,-1.549478,0.264872,0.239846,1.788529,-0.435874,0.462704,0.183595,0.261188,0.262406,0.108621,0.762248,1.028146,-0.368909,0.325457
0.526438,0.754694,2.486418,0.035652,0.377758,0.461663,-1.051538,0.307498,0.400149,0.027913,0.183611,0.335322,0.412382,-0.023904,0.208452,0.062417,0.013931,0.465587,-1.131096,0.721881,0.001888,-0.030153,-1.229273,-0.115472,-0.042981,0.256054,0.868534,0.092577,-0.556647,-0.190389,0.059185,0.271412,820.224438,1.089907,-1.263401,0.018541,0.044524,1.945054,-0.316713,0.574325,0.088789,0.003195,0.180051,0.255641,0.130342,0.664830,0.292963,-0.161057
-0.273862,0.645204,1.090385,0.265061,0.471973,0.207758,-1.195655,0.662376,0.278858,0.109703,0.341651,0.242847,0.687726,0.613388,0.229595,0.122718,0.151711,0.228731,-1.251171,0.939055,-0.005918,-0.132124,-2.355021,0.108393,-0.826923,-0.084211,0.832971,0.176111,-0.704492,-0.532145,0.193024,0.520269,418.629237,1.075192,-1.165382,0.139819,0.157211,1.895556,-0.925591,-0.954337,0.604285,0.128856,0.224252,0.236762,0.684655,0.839382,-0.603213,0.057134
-0.273862,0.680901,0.156160,0.225841,0.429070,0.336165,-1.175696,0.413873,0.747081,0.162098,0.625186,0.249597,0.687726,0.613388,0.173501,0.157135,0.267609,0.417751,-1.347337,0.990993,0.712397,-0.587336,-2.050051,0.886121,-0.826923,-0.086830,0.832971,0.165482,-0.567135,-0.532145,0.193024,0.314063,58.982505,1.226722,-1.244671,0.473615,0.247020,1.112024,-0.925591,-1.072509,0.694652,0.177206,0.198977,0.402489,0.684655,0.605025,-0.603213,0.436118
-0.087046,0.708787,1.196697,0.171238,0.449947,0.187139,-1.436945,0.263380,0.611305,0.311393,0.401178,0.159753,0.655741,0.655790,0.265167,0.300062,0.252727,0.249911,-1.504204,0.888132,0.575000,-0.870794,-1.954028,0.660298,-0.671567,-0.612904,0.854708,0.208140,0.190292,-0.513980,0.921252,0.285984,356.537520,1.333361,-1.358946,0.249851,0.251020,2.164553,-0.542364,0.426104,0.207688,0.223611,0.333128,0.111991,0.552368,1.067638,-0.486870,0.436118
0.647988,0.713946,3.277302,0.049395,0.378401,0.424057,-1.099290,0.223536,0.349011,0.024687,0.175340,0.394711,0.440424,-0.043591,0.213088,0.057199,0.012024,0.254938,-1.137190,0.728685,0.003397,-0.011906,-1.762075,-0.184131,-0.043837,0.248374,0.847909,0.105911,-0.634534,-0.271740,0.048551,0.291574,1072.658134,1.115002,-1.250581,0.032722,0.038595,1.805085,-0.322362,0.517374,0.099628,0.005947,0.223159,0.297451,0.151740,0.648290,0.276274,-0.174002
-0.305089,0.646216,1.264422,0.278889,0.470668,0.162192,-1.358195,0.602410,0.081083,0.124334,0.237065,0.282218,0.783263,0.492492,0.212970,0.173889,0.151778,-0.003575,-1.437116,0.981765,0.139635,-0.143633,-1.179631,0.277187,-0.832768,-0.115183,0.775319,0.161958,-0.971618,-0.375140,0.155681,0.599484,509.381082,1.285564,-1.341534,0.137799,0.164712,1.623496,-0.799172,-1.065241,0.628397,0.117875,0.270865,0.263030,0.931585,1.021618,-0.671263,0.083565
-0.305089,0.709120,0.166462,0.260535,0.400746,0.462807,-1.395371,0.449907,0.770999,0.126002,0.596051,0.370837,0.783263,0.492492,0.191141,0.251461,0.248618,0.270475,-1.614393,0.991960,0.667618,-0.620354,-1.095629,0.877775,-0.832768,-0.097053,1.769413,0.125771,-0.887015,-0.389399,0.155681,0.154686,61.678053,1.381384,-1.470488,0.434215,0.199992,1.144263,-0.844178,-1.104132,0.682157,0.135772,0.207623,0.488464,0.931585,0.841002,-0.671263,0.209369
-0.277812,0.672911,0.883374,0.143325,0.435723,0.411447,-1.528088,0.257899,0.664473,0.226271,0.261912,0.457257,0.676677,0.653895,0.237674,0.290463,0.267401,0.427511,-1.779900,0.851721,0.471175,-0.620354,-2.220524,0.258540,-0.848245,-0.743054,0.833930,0.286855,0.223050,-0.637735,0.717092,0.408228,231.696476,1.465493,-1.544851,0.219552,0.254171,1.844341,-0.450006,0.403900,0.207580,0.207681,0.236307,0.115603,0.910323,1.215465,-0.450073,0.340256
0.398632,0.831199,3.063459,0.041659,0.381190,0.510974,-1.069635,0.273801,0.334475,0.031781,0.170940,0.322291,0.442751,-0.027419,0.251912,0.040329,0.013001,0.391603,-0.971030,0.735179,-0.015221,-0.032647,-2.089497,-0.101835,-0.071918,0.211036,1.760478,0.100130,-0.590342,-0.153825,0.062748,0.250644,1007.333279,0.983030,-1.223126,0.027841,0.048235,1.741033,-0.318244,0.538519,0.117272,0.003005,0.185221,0.259055,0.136560,0.670716,0.262544,-0.186380
-0.674385,0.675146,1.106234,0.305362,0.476253,0.252219,-1.388215,0.708806,0.113992,0.112070,0.314031,0.400884,0.709330,0.489103,0.255483,0.123386,0.122808,0.502254,-1.409849,0.947192,-0.020221,-0.307932,-1.978797,0.023626,-0.713947,-0.104212,1.572013,0.192072,-0.776193,-0.429051,0.103115,0.557263,468.265264,1.271237,-1.292036,0.117468,0.139571,1.694056,-0.918488,-1.028314,0.644457,0.114572,0.261183,0.206619,0.546391,1.031821,-0.650087,0.094205
-0.674385,0.731535,0.162599,0.236516,0.405298,0.369393,-1.354293,0.525940,0.780024,0.126616,0.689544,0.297096,0.709330,0.489103,0.136187,0.167358,0.206324,0.502254,-1.530591,0.953545,0.735531,-0.861291,-1.458046,0.834209,-0.713947,-0.028411,0.789760,0.162464,-0.685883,-0.426163,0.103115,0.222737,62.515139,1.344402,-1.443361,0.432514,0.225676,1.107569,-0.918488,-1.112214,0.719650,0.157612,0.202554,0.449304,0.546391,0.618378,-0.650087,0.429870
-0.060675,0.706650,0.635552,0.213820,0.445083,0.254333,-1.373922,0.225875,0.823050,0.400891,0.525174,0.275521,0.693765,0.855159,0.271173,0.356613,0.298193,0.560318,-1.473914,0.941639,0.678626,-0.861291,-2.108441,0.364386,-0.547317,-0.920319,0.886211,0.305590,0.334992,-0.803526,1.338877,0.283039,183.096165,1.270094,-1.540149,0.232301,0.284095,2.148456,-0.473443,0.394189,0.226324,0.263105,0.295613,0.128148,0.821094,1.056207,-0.689536,0.524414
0.521364,0.824757,2.878119,0.043011,0.373620,0.363716,-1.302559,0.273793,0.461376,0.024952,0.206178,0.264770,0.439727,-0.032645,0.199590,0.083026,0.013887,0.197590,-1.306322,0.727670,0.015771,-0.058252,-1.711023,-0.122125,-0.087795,0.248326,0.814855,0.081844,-0.545046,-0.255866,0.056128,0.338474,896.861611,1.241503,-1.277287,0.030541,0.037299,1.899126,-0.311791,0.522916,0.137471,0.004779,0.173340,0.309350,0.183742,0.643691,0.273158,-0.192808
-0.446866,0.690671,1.104991,0.324923,0.489974,0.224517,-1.436659,0.664006,0.131901,0.113416,0.424869,0.314047,0.705430,0.659470,0.238692,0.152337,0.152306,0.291092,-1.563222,0.959194,-0.014291,-0.204715,-1.827331,-0.007351,-0.773622,-0.054991,0.898048,0.212957,-0.699500,-0.599980,0.122471,0.572368,472.609757,1.350093,-1.154785,0.130877,0.147352,1.328959,-0.923634,-0.976830,0.635053,0.134149,0.211076,0.205915,0.661023,0.933540,-0.634234,0.045916
-0.446866,0.660745,0.164291,0.296938,0.443226,0.396401,-1.390601,0.425133,0.650754,0.185089,0.786315,0.354253,0.705430,0.659470,0.180403,0.175106,0.258825,0.561636,-1.568335,1.009271,0.805250,-0.621269,-2.040088,0.800625,-0.773622,-0.037308,0.898048,0.208036,-0.642228,-0.599980,0.128192,0.391256,64.151381,1.439676,-1.115619,0.486989,0.252847,1.017048,-0.923634,-1.047170,0.677739,0.191930,0.220493,0.429778,0.661023,0.523656,-0.634234,0.433750
0.097217,0.768064,0.981525,0.156637,0.419129,0.257260,-1.350714,0.175000,0.479215,0.295039,0.290127,0.228252,0.647331,0.722532,0.274073,0.204966,0.229993,0.368462,-1.427678,0.930960,0.731047,-0.950241,-1.738190,0.559634,-0.332629,-0.320120,0.898822,0.188006,0.069093,-0.437370,0.770523,0.311853,270.138880,1.282986,-1.311006,0.255895,0.247137,1.252077,-0.507462,0.467967,0.151795,0.243988,0.327213,0.106899,0.515895,0.965784,-0.417040,0.433750
0.469178,0.873280,3.013833,0.052317,0.374183,0.483459,-1.333639,0.241541,0.249454,0.022043,0.150773,0.269618,0.453743,-0.029972,0.232782,0.049830,0.019984,0.244694,-1.477344,0.724791,0.012269,-0.113861,-1.584260,-0.136783,-0.057960,0.241532,0.925415,0.090659,-0.643006,-0.278024,0.054613,0.167688,959.004022,1.257310,-1.273951,0.031988,0.052968,1.917812,-0.324281,0.703780,0.088479,0.004372,0.229680,0.268083,0.153335,0.692837,0.206742,-0.167067
-0.190827,0.683135,0.178441,0.194275,0.452477,0.230658,-1.352483,0.520099,0.688837,0.109139,0.312991,0.208513,0.701488,0.509461,0.230641,0.162638,0.149272,0.292903,-1.510065,0.984852,0.546687,-0.505123,-1.189810,0.848274,-0.716141,-0.053613,0.835681,0.163620,-0.778424,-0.574777,0.129768,0.644553,69.448956,1.410777,-1.261320,0.438187,0.158766,1.048278,-0.852361,-0.977372,0.668564,0.109598,0.239664,0.543685,0.582775,0.878199,-0.565196,0.055065
-0.030315,0.658644,3.185463,0.055694,0.344203,0.314772,-1.013740,0.210107,0.715126,0.036629,0.091498,0.312580,0.603060,0.156248,0.140928,0.080720,0.058883,0.455470,-1.052052,0.811868,0.028851,-0.267516,-1.203350,0.027556,-0.172835,0.168801,0.670059,0.183539,0.112262,-0.356193,0.076711,0.225148,1215.179730,0.947967,-1.278101,0.093307,0.080853,1.826676,-0.333769,0.458615,0.124243,0.033370,0.183485,0.167452,0.416439,0.524858,-0.014518,-0.167831
0.699945,1.225447,0.691721,0.007027,0.245902,0.205851,-0.590315,0.019888,-0.330133,0.008521,0.050012,0.066167,0.257362,-0.044106,0.038510,0.012257,0.002734,-0.128547,-0.764636,0.714993,-0.003157,-0.009003,-1.019445,-0.245218,-0.012840,0.273663,0.535257,0.018802,-0.445650,-0.261915,0.050020,0.066512,191.383661,0.912706,-1.075913,0.010672,0.028280,1.884591,-0.303210,1.162782,0.027694,0.000853,0.056241,0.031249,0.124757,0.259188,0.073023,-0.280835
0.687047,1.248709,0.565004,0.003063,0.246342,0.032904,-0.690915,0.032383,-0.410614,0.001483,0.010935,0.018317,0.254667,-0.040607,0.007689,0.011548,0.002902,-0.167423,-0.841522,0.705866,-0.005859,0.035141,-0.998737,-0.251848,-0.011925,0.307720,0.463500,0.007152,-0.454428,-0.256398,0.049926,0.067170,169.046135,0.931594,-1.153232,0.002881,0.004214,1.758334,-0.303533,1.231655,0.007985,0.000862,0.020769,0.011763,0.113146,0.255625,0.099689,-0.356448
0.736554,0.744493,0.572693,0.211228,0.391407,0.284296,-1.272119,0.199630,0.586352,0.062256,0.400553,0.166629,0.562884,0.153253,0.031129,0.115706,0.099489,0.278577,-1.275429,0.840574,0.247528,-0.519873,-1.500961,-0.322804,-0.463045,0.062560,0.492397,0.111737,-0.501611,-0.436272,0.102456,0.144433,220.232137,1.242636,-1.143551,0.111686,0.087303,2.086258,-0.372050,-0.781121,0.685241,0.042395,0.085714,0.335284,0.549746,0.371028,-0.574769,0.003899
0.736554,0.565701,0.208720,0.194049,0.358986,0.221273,-1.377577,0.187939,1.143691,0.059508,0.362865,0.084443,0.562884,0.153253,0.048315,0.160774,0.104969,0.278577,-1.573677,0.845862,0.641364,-0.664095,-1.646231,0.676986,-0.463045,0.062560,0.586408,0.134375,-0.474909,-0.436272,0.102456,0.187503,82.851532,1.425600,-1.185548,0.354379,0.078784,0.740633,-0.621778,-0.852725,0.554374,0.052958,0.089477,0.570140,0.549746,0.389508,-0.574769,0.003899
-1.327040,0.654635,1.575493,0.356391,0.311774,0.249491,-1.279031,0.877210,1.195361,0.205544,0.238071,0.036613,0.825940,0.861476,0.054526,0.232515,0.314510,0.299720,-1.384468,0.868411,0.641364,-0.664095,-1.421185,0.786459,-0.471643,0.248457,0.630108,0.143642,0.656484,-0.226569,0.438490,0.156145,467.280260,1.293052,-1.180032,0.344134,0.149678,1.856380,-0.950410,-0.852725,0.707949,0.257597,0.111246,0.135688,0.698368,0.850959,-0.244100,0.182674
-1.327040,0.619232,2.684569,0.355475,0.426117,0.425898,-1.121138,0.656610,1.195361,0.275338,0.467127,0.342303,0.825940,0.861476,0.234199,0.243052,0.335103,1.276183,-1.139961,0.868411,0.584396,-1.071972,-1.656815,0.786459,-0.471643,-1.248675,0.672018,0.297578,0.654898,-0.548777,0.438490,0.203469,777.150096,1.091432,-1.369701,0.359817,0.195654,1.764956,-0.950410,0.047260,0.215024,0.269727,0.322331,0.140542,1.179650,0.850959,-1.232032,0.529367
-1.351405,0.643001,2.149510,0.442619,0.341728,0.435823,-1.284109,0.689192,0.864315,0.339038,1.000311,0.515437,0.885000,1.047422,0.198134,0.457358,0.236986,2.111537,-1.196660,1.118675,1.051627,-1.878163,-1.640099,0.882643,-0.120990,-0.983091,0.637580,0.432593,0.270488,-1.252947,0.317598,0.104907,614.124827,1.234866,-1.269602,0.291453,0.306748,1.185832,-1.337496,0.383078,0.136250,0.358984,0.445070,0.159442,0.805998,0.300239,-1.133685,0.386437
0.416029,0.796722,2.124993,0.019922,0.221224,0.505422,-1.191950,0.079069,0.540636,0.027505,0.091585,0.813438,0.303423,-0.035760,0.090166,0.079509,0.010370,1.522977,-1.223280,0.747778,0.029695,-0.684674,-1.439693,0.173771,-0.031676,-0.011262,0.637580,0.112648,0.002389,-0.301273,0.054042,0.182927,640.341219,1.263180,-1.279204,0.024262,0.063032,1.719598,-0.299540,0.533940,0.188937,0.002529,0.322108,0.121411,0.142239,0.176622,0.071871,-0.098820
0.417941,0.488021,0.727791,0.238377,0.261344,0.413947,-1.438297,0.160115,1.036633,0.124782,0.673626,0.702412,0.499586,0.212688,0.124391,0.132530,0.231166,0.917550,-1.662488,0.910819,0.740992,-1.347626,-1.563782,-0.113685,-0.181271,-0.011262,0.547226,0.250208,0.002389,-0.863465,0.114722,0.243482,258.069938,1.403859,-1.128079,0.161102,0.193444,2.044983,-0.508355,-0.144571,0.415822,0.097919,0.236417,0.348813,0.896672,0.092012,-0.754303,0.087834
0.296604,1.283566,0.819314,0.020237,0.238560,0.480391,-0.801867,0.048683,0.265661,0.017341,0.105842,0.579855,0.272783,-0.036370,0.123568,0.035647,0.010821,1.299446,-0.930499,0.723481,0.008289,-0.430843,-1.216500,-0.081084,-0.022420,0.124547,0.673059,0.070222,-0.017557,-0.479125,0.052785,0.111035,310.367109,0.997270,-1.311731,0.031473,0.078564,1.653391,-0.313808,1.224844,0.036592,0.002003,0.295685,0.080307,0.126283,0.095325,-0.021864,-0.106424
0.616576,1.096226,1.025942,0.014521,0.250350,0.076375,-0.791623,0.026490,-0.078129,0.012105,0.039425,0.095620,0.306463,-0.035715,0.016951,0.030227,0.012606,0.040969,-0.929357,0.710314,0.024551,-0.082401,-1.085523,-0.163256,-0.026317,0.269297,0.481718,0.029294,-0.210620,-0.263398,0.055886,0.050288,265.302105,1.044276,-1.228976,0.018934,0.020481,2.337964,-0.309076,1.018302,0.056615,0.002145,0.077374,0.044806,0.149073,0.228845,0.028021,-0.289066
0.740869,1.213118,1.902660,0.021402,0.275611,0.186403,-0.988519,0.064549,-0.215889,0.013233,0.100580,0.355547,0.313477,-0.033169,0.051054,0.044862,0.012103,0.600574,-1.045834,0.723353,0.002675,-0.114691,-1.261300,-0.066553,-0.017792,0.267737,0.551475,0.048444,-0.388232,-0.278078,0.053886,0.124478,424.737072,1.009055,-1.393394,0.019056,0.048228,1.832408,-0.314298,1.152976,0.037179,0.002426,0.105091,0.054454,0.118765,0.464923,0.098987,-0.246433
0.132479,0.838749,1.763208,0.180103,0.459621,0.228478,-1.276099,0.480862,0.443814,0.082242,0.277484,0.317819,0.689049,0.590591,0.241205,0.122266,0.150849,0.153017,-1.219181,0.878093,0.012235,-0.221576,-1.457259,0.168210,-0.695873,0.007024,0.812468,0.109608,-0.710620,-0.231043,0.143936,0.284100,591.041322,1.093598,-1.234392,0.152638,0.137312,2.125762,-0.690826,-0.914379,0.708827,0.111320,0.194989,0.300246,0.575146,0.427164,-0.703697,0.185179
0.132479,0.595190,0.164288,0.207219,0.449383,0.309827,-1.254656,0.261170,0.939197,0.216390,0.597304,0.434346,0.689049,0.590591,0.167568,0.159392,0.269875,0.354195,-1.336228,0.883495,0.777826,-0.599258,-1.354157,0.988670,-0.695873,0.013642,0.812468,0.114914,-0.633814,-0.284623,0.143936,0.176970,62.742639,1.156620,-1.345191,0.499491,0.242502,1.145309,-0.817630,-0.961926,0.649429,0.200575,0.181442,0.506435,0.575146,0.716354,-0.703697,0.431907
0.056895,0.684615,0.720806,0.109086,0.433008,0.240587,-1.246426,0.218750,0.840960,0.300839,0.392551,0.173388,0.645174,0.915035,0.280552,0.271530,0.274809,0.354195,-1.231199,0.834904,0.688337,-0.599258,-2.068798,0.676158,-0.692361,-0.650944,0.966856,0.225286,0.253655,-0.316939,0.621532,0.246706,189.385088,1.076328,-1.352428,0.318753,0.238809,1.611060,-0.697584,0.350215,0.166125,0.271090,0.390834,0.140170,0.671962,0.836468,-0.637514,0.431907
0.464349,0.819829,3.221082,0.035302,0.384994,0.371134,-0.941672,0.250985,0.418301,0.020807,0.136288,0.385737,0.492177,-0.023367,0.211929,0.051945,0.013675,0.281903,-0.920349,0.731579,0.012305,-0.328179,-2.113311,-0.087101,-0.050481,0.229445,0.818826,0.068333,-0.694362,-0.297541,0.076484,0.248321,966.878895,0.926470,-1.256354,0.034650,0.042502,1.737556,-0.307255,0.585399,0.142040,0.004763,0.252666,0.332984,0.172091,0.868121,0.245842,-0.148801
-0.606394,0.715989,1.401200,0.246781,0.490061,0.226038,-1.407874,0.683883,0.163404,0.120921,0.289707,0.320001,0.699972,0.551330,0.232093,0.101444,0.142675,0.235624,-1.272741,0.919822,-0.016037,-0.243051,-1.817569,-0.079788,-0.761901,-0.099220,0.856378,0.154730,-0.808752,-0.556748,0.141297,0.491303,576.208900,1.258325,-1.195378,0.121889,0.151449,1.561881,-0.951100,-0.968553,0.640254,0.126680,0.272372,0.279803,0.664251,0.973879,-0.697457,0.140574
-0.606394,0.688158,0.162486,0.215561,0.463958,0.355893,-1.353417,0.503334,0.907170,0.180456,0.532060,0.276480,0.699972,0.551330,0.192368,0.168828,0.243529,0.351739,-1.430347,0.990986,0.723270,-0.752923,-1.368020,1.022091,-0.761901,-0.099220,0.856378,0.193259,-0.797788,-0.556748,0.141297,0.362170,63.879102,1.252517,-1.277535,0.508835,0.227563,0.926027,-0.951100,-1.103447,0.662986,0.167817,0.171125,0.538311,0.664251,0.510719,-0.697457,0.485969
0.026387,0.706559,0.789683,0.166210,0.462529,0.350232,-1.459136,0.250773,0.788276,0.334665,0.384487,0.161380,0.689135,0.864428,0.277477,0.324317,0.323555,0.320808,-1.725615,0.925985,0.723270,-0.754073,-1.789769,0.932694,-0.813659,-1.183634,0.841366,0.255097,0.359804,-0.594212,1.018185,0.247330,244.210134,1.382598,-1.434874,0.378736,0.258469,1.682818,-0.778494,0.232026,0.201816,0.271645,0.294506,0.135306,0.760809,0.918786,-0.451062,0.486632
0.321690,0.806837,2.855858,0.040830,0.398591,0.456985,-1.019627,0.308815,0.425077,0.031437,0.182858,0.371192,0.479674,-0.026416,0.189480,0.085839,0.019337,0.271612,-1.071849,0.734412,0.010651,-0.378297,-1.905022,-0.075826,-0.039067,0.239029,0.859395,0.095340,-0.627699,-0.334135,0.056475,0.308905,904.476468,1.114160,-1.300427,0.022299,0.053781,1.721020,-0.311770,0.575747,0.114207,0.005250,0.273807,0.317201,0.151336,0.579273,0.270610,-0.160207
-0.538818,0.672363,0.921837,0.260062,0.479161,0.199673,-1.200676,0.700983,0.271513,0.119291,0.358666,0.270937,0.705358,0.559359,0.232375,0.117860,0.148888,0.258316,-1.212749,0.947130,0.115329,-0.225342,-1.974828,0.130947,-0.748042,-0.058680,0.845164,0.187741,-0.687259,-0.610854,0.152597,0.566040,402.370844,1.135022,-1.268465,0.145662,0.155795,1.718068,-0.908173,-1.044615,0.661097,0.127040,0.285005,0.259476,0.597721,0.866114,-0.636462,0.092282
-0.538818,0.758735,0.164075,0.234155,0.445177,0.344248,-1.335067,0.453659,0.738663,0.179853,0.542963,0.273288,0.705358,0.559359,0.174500,0.162291,0.290493,0.323597,-1.298805,0.977332,0.717674,-0.596992,-1.915457,0.939006,-0.748042,-0.064318,0.845164,0.164862,-0.527452,-0.570955,0.152597,0.204048,65.577036,1.101074,-1.337063,0.486661,0.270275,1.049219,-0.908173,-1.072929,0.777727,0.211208,0.174832,0.363601,0.597721,0.900107,-0.636462,0.490110
0.020628,0.641164,1.083860,0.154481,0.458754,0.354585,-1.370022,0.247798,0.591177,0.336140,0.354121,0.242689,0.715547,0.879027,0.316598,0.294537,0.264784,0.165496,-1.609897,0.917043,0.114721,-0.929459,-2.057486,0.164802,-0.524566,-0.445082,0.969115,0.244260,0.087874,-0.585677,0.846488,0.329731,261.475749,1.391628,-1.376405,0.111674,0.193463,2.442912,-0.321615,0.401513,0.165908,0.250046,0.330750,0.129766,0.939776,1.122779,-0.801046,0.402855
0.737566,0.718848,1.873854,0.023861,0.355295,0.244372,-1.281540,0.295571,0.248183,0.029903,0.126254,0.158505,0.405724,-0.034221,0.082278,0.035228,0.012712,-0.026404,-1.508452,0.731158,-0.006342,-0.143584,-1.522307,-0.171650,-0.037933,0.261973,0.809561,0.080195,-0.607063,-0.115866,0.055126,0.297205,518.080495,1.304804,-1.363134,0.032053,0.051937,2.328639,-0.311881,0.563281,0.069631,0.004358,0.198021,0.242420,0.152145,0.721193,0.093919,-0.201981
-0.236593,0.648803,1.418124,0.259739,0.469957,0.299754,-1.202453,0.662477,0.365508,0.113610,0.294954,0.285459,0.675649,0.651665,0.227637,0.159869,0.148906,0.228479,-1.242486,0.950453,-0.006342,-0.338840,-1.795477,0.053107,-0.752741,-0.082381,0.849134,0.182178,-0.734686,-0.615099,0.220229,0.655427,490.290813,1.076720,-1.347950,0.139478,0.164217,2.292251,-1.068863,-1.196487,0.653559,0.137313,0.239017,0.279259,0.808398,0.721193,-0.718768,0.032864
-0.236593,0.772397,0.198314,0.254031,0.417213,0.295757,-1.281508,0.436385,1.019249,0.159440,0.608182,0.224018,0.675649,0.651665,0.205090,0.186517,0.240803,0.244336,-1.348485,1.022332,0.672873,-0.452550,-1.439148,0.759381,-0.752741,-0.082381,0.849134,0.168640,-0.584587,-0.615099,0.220229,0.337179,71.755019,1.189030,-1.366467,0.464300,0.222588,1.276925,-1.068863,-1.343743,0.708770,0.173764,0.245065,0.499708,0.808398,0.597879,-0.718768,0.260045
0.034244,0.662992,0.850073,0.151306,0.382981,0.210750,-1.298224,0.207746,0.746542,0.323630,0.302959,0.223103,0.596535,0.746855,0.310825,0.252376,0.254507,0.262767,-1.465815,0.888420,0.518823,-0.481294,-1.809256,0.303162,-0.584516,-0.336166,0.826906,0.146242,0.286747,-0.296559,0.987312,0.259191,204.810099,1.222303,-1.465751,0.216063,0.212941,2.398682,-0.447204,0.442450,0.126277,0.229040,0.357476,0.128556,0.647252,0.757137,-0.470707,0.260045
0.437489,0.940512,2.897612,0.034809,0.354273,0.308315,-1.341145,0.234778,0.415544,0.017101,0.161203,0.328251,0.460819,-0.034512,0.228962,0.062651,0.015815,0.262767,-1.263914,0.733518,0.007979,-0.039937,-1.559175,-0.093278,-0.032192,0.241470,0.854700,0.067394,-0.492615,-0.223541,0.051972,0.275782,920.552041,1.235085,-1.420664,0.043959,0.034187,1.987525,-0.322025,0.608398,0.156216,0.004636,0.239937,0.272341,0.164431,0.517573,0.238335,-0.166096
-0.057429,0.789696,1.303302,0.219075,0.485183,0.166402,-1.302997,0.499793,0.510067,0.107084,0.329666,0.169083,0.734971,0.593768,0.258761,0.148958,0.168506,-0.045821,-1.355918,0.968057,0.007979,-0.146621,-2.046427,0.008300,-0.861206,-0.139304,0.909079,0.204114,-0.529407,-0.883113,0.167653,0.541255,513.801415,1.240703,-1.264088,0.151708,0.177784,1.969809,-0.928831,-1.050183,0.737145,0.123200,0.213521,0.273035,0.665461,0.844060,-0.636545,0.132032
-0.057429,0.704157,0.159280,0.208334,0.447504,0.365257,-1.371183,0.323163,0.920833,0.185653,0.572450,0.221290,0.734971,0.593768,0.220207,0.179734,0.289848,0.141234,-1.501768,1.009176,0.699993,-0.649738,-1.940124,0.947724,-0.861206,-0.027754,0.909079,0.246179,-0.412799,-0.883113,0.167653,0.341359,58.975974,1.280359,-1.160527,0.496857,0.283336,0.977805,-0.928831,-1.100773,0.722704,0.203318,0.216672,0.395959,0.665461,0.478377,-0.636545,0.493146
-0.007802,0.720773,1.291026,0.146141,0.439970,0.263502,-1.380220,0.222844,0.691498,0.316193,0.305953,0.129601,0.677555,0.728245,0.296738,0.238243,0.241095,0.228588,-1.490489,0.917161,0.565657,-0.649738,-1.976939,0.363660,-0.529138,-0.924232,0.923694,0.293527,0.232182,-0.665416,0.877693,0.238874,342.794784,1.240550,-1.360765,0.231094,0.285404,1.760040,-0.535167,0.419457,0.195340,0.245794,0.258851,0.119014,0.597940,0.783523,-0.634015,0.493146
0.608847,0.756522,3.996434,0.048761,0.390772,0.398220,-1.200436,0.280188,0.489914,0.027323,0.151413,0.362890,0.445785,-0.026093,0.219097,0.026422,0.014460,0.292764,-1.114167,0.716522,0.005026,-0.143099,-1.578132,-0.231461,-0.064566,0.252532,0.890995,0.074353,-0.629539,-0.312252,0.057579,0.243967,1193.171222,1.101244,-1.564069,0.021848,0.058125,2.161034,-0.327990,0.551821,0.082304,0.003219,0.208782,0.309454,0.130767,0.732231,0.282133,-0.122342
-0.808838,0.680667,1.680980,0.157012,0.472753,0.313642,-1.328825,0.859976,0.007930,0.142020,0.154775,0.423311,0.810882,0.442259,0.202522,0.172584,0.177918,0.589452,-1.272435,0.930930,0.158418,-0.456776,-1.292065,-0.250068,-0.821734,-0.165117,0.741451,0.136797,-1.039301,-0.625665,0.093051,0.555712,682.254172,1.149685,-1.372606,0.124272,0.162179,1.661455,-0.811022,-1.165253,0.654148,0.095610,0.275739,0.288553,0.761627,1.137458,-0.714567,0.098648
-0.808838,0.759017,0.166945,0.187109,0.483562,0.476711,-1.282950,0.594777,0.898863,0.163693,0.574604,0.444770,0.810882,0.442259,0.142166,0.183417,0.238521,1.101501,-1.354185,1.011764,0.885558,-0.862608,-1.479381,0.681748,-0.821734,-0.165117,0.741451,0.168420,-0.933568,-0.835845,0.120194,0.278317,64.428772,1.246841,-1.249221,0.507814,0.242552,1.161265,-0.910265,-1.222656,0.726023,0.143522,0.201801,0.579916,0.761627,0.642598,-0.714567,0.373372
-0.112186,0.665247,1.450725,0.201382,0.476125,0.428408,-1.333076,0.234142,0.824559,0.409861,0.430018,0.499837,0.725470,0.736070,0.214114,0.276918,0.281489,1.082315,-1.430452,0.904771,0.818881,-0.862608,-1.572317,0.515377,-0.230419,-1.245505,0.763804,0.296253,0.375372,-0.823963,1.321883,0.378752,423.772936,1.259853,-1.400081,0.272409,0.270604,1.715270,-0.451896,0.361120,0.222221,0.258435,0.287841,0.109621,1.291540,1.208729,-0.421099,0.373372
0.570675,0.728477,3.317710,0.038490,0.379400,0.648432,-1.227184,0.240650,0.519610,0.023217,0.155780,0.513015,0.434492,-0.025245,0.170704,0.035008,0.021668,0.583866,-1.252313,0.714785,-0.009956,-0.319336,-1.532775,-0.077358,-0.056714,0.226986,0.814995,0.101991,-0.573512,-0.274124,0.053015,0.295914,1118.113858,1.125810,-1.277416,0.022560,0.033481,1.598758,-0.328677,0.507843,0.131565,0.004961,0.260061,0.310739,0.157458,0.695236,0.328694,-0.172273
-0.589392,0.661669,1.247910,0.201934,0.459193,0.315193,-1.231597,0.709234,0.121284,0.112694,0.198088,0.462098,0.701716,0.355854,0.213552,0.107934,0.160229,0.651004,-1.208320,0.899039,0.060603,-0.331554,-1.406983,-0.192744,-0.668453,-0.080510,0.870750,0.123769,-0.830005,-0.608955,0.113329,0.517476,555.885771,1.091796,-1.211240,0.121843,0.151751,1.566138,-0.856474,-0.884130,0.590885,0.092425,0.315621,0.262205,0.719821,0.900505,-0.578341,0.074866
-0.589392,0.646918,0.162658,0.203810,0.413626,0.350960,-1.301826,0.516760,0.854604,0.131110,0.637656,0.294541,0.701716,0.355854,0.173642,0.129575,0.212367,0.878940,-1.405088,0.941168,0.865337,-0.951227,-1.570145,0.658519,-0.668453,-0.038814,0.870750,0.145534,-0.764637,-0.608955,0.113329,0.260323,62.478513,1.242702,-1.210368,0.445928,0.176973,1.093925,-0.856474,-1.003777,0.627648,0.126088,0.151631,0.513804,0.719821,0.560302,-0.578341,0.224743
-0.030843,0.691531,0.953543,0.074135,0.431035,0.256539,-1.214050,0.231960,0.783970,0.235849,0.362149,0.265089,0.669006,0.800468,0.235396,0.189958,0.219926,0.582568,-1.209252,0.852748,0.767205,-0.951227,-1.823723,0.539106,-0.447137,-1.013378,0.783906,0.239423,0.337241,-0.549718,0.557982,0.252280,278.572244,1.048121,-1.391687,0.277757,0.226411,1.947092,-0.553883,0.428149,0.192215,0.228883,0.285142,0.109645,0.653269,0.909270,-0.692773,0.224743
0.486196,0.771305,3.257724,0.037382,0.375049,0.366600,-1.009899,0.271473,0.474161,0.026724,0.142792,0.408531,0.430904,0.017589,0.170698,0.039443,0.023582,0.590116,-1.043778,0.721370,-0.008625,-0.164040,-1.878668,-0.084326,-0.034666,0.243097,0.820722,0.090517,-0.522628,-0.265729,0.073494,0.217543,1029.575012,0.944487,-1.353948,0.019299,0.046038,1.819524,-0.322477,0.555085,0.109577,0.011981,0.156415,0.267072,0.209037,0.573815,0.361950,-0.160865
-0.485420,0.706645,1.374337,0.136891,0.463814,0.187673,-1.196719,0.662100,0.233210,0.129870,0.254223,0.357579,0.707429,0.447937,0.231110,0.111358,0.144358,0.540946,-0.985103,0.928040,-0.009689,-0.517603,-1.715078,-0.242489,-0.765935,-0.075275,0.893605,0.166763,-0.698845,-0.750413,0.115789,0.476912,551.716007,0.891820,-1.382657,0.144663,0.169674,1.734584,-0.878064,-1.073058,0.655884,0.111920,0.215333,0.252778,0.627648,0.763670,-0.620734,0.116721
-0.485420,0.703473,0.165279,0.165451,0.456276,0.416491,-1.350254,0.440625,0.881631,0.167265,0.694073,0.306886,0.707429,0.447937,0.175006,0.153610,0.237936,0.824620,-1.399526,0.979184,1.023966,-1.053007,-1.417008,0.819617,-0.765935,-0.066007,0.893605,0.193712,-0.664337,-0.750413,0.115789,0.274231,61.234954,1.226150,-1.295664,0.489137,0.202746,1.044661,-0.878064,-1.190860,0.679411,0.148908,0.163926,0.488206,0.627648,0.529571,-0.620734,0.306761
0.085598,0.705501,0.760596,0.151049,0.454648,0.521364,-1.243967,0.198117,0.769928,0.343262,0.516959,0.215076,0.698806,0.760140,0.217433,0.233002,0.263454,0.696556,-1.110284,0.878310,1.023966,-1.053007,-1.676641,0.819617,-0.198839,-0.789739,0.764156,0.238785,0.377389,-0.549568,1.006718,0.200593,198.685823,0.981770,-1.443688,0.334313,0.248699,2.052705,-0.587454,0.375138,0.219314,0.246434,0.286393,0.105404,0.730084,1.005446,-0.640239,0.332136
0.411074,0.724662,2.912453,0.040598,0.386105,0.608680,-1.119443,0.295693,0.446243,0.030253,0.201693,0.441927,0.445006,-0.032651,0.174065,0.071964,0.020157,0.625742,-1.062824,0.726154,0.020244,-0.390451,-1.871093,-0.046404,-0.045451,0.250336,0.844373,0.055744,-0.590227,-0.245917,0.056273,0.234702,956.407395,1.051469,-1.363926,0.019961,0.055946,1.793192,-0.324529,0.507646,0.122643,0.005205,0.266335,0.289367,0.163786,0.635806,0.298111,-0.149838
-0.505939,0.687405,1.411124,0.166241,0.478465,0.297631,-1.099260,0.672885,0.115780,0.113814,0.197925,0.312842,0.733947,0.491129,0.268386,0.116385,0.142198,0.362334,-0.880288,0.915091,0.000464,-0.433349,-1.395431,-0.229125,-0.657602,-0.131846,0.909273,0.163315,-0.794341,-0.608284,0.131622,0.464971,604.062012,0.881962,-1.328488,0.129586,0.167946,1.861459,-0.824162,-0.952350,0.598632,0.102999,0.303052,0.270800,0.720076,0.881533,-0.643152,0.153625
-0.505939,0.667735,0.163705,0.169839,0.474986,0.438470,-1.374347,0.462635,0.819999,0.167094,0.537337,0.298324,0.733947,0.491129,0.192054,0.154483,0.254954,0.542592,-1.515949,0.983009,0.837132,-0.748394,-1.614622,0.874913,-0.657602,-0.041573,0.909273,0.185837,-0.785097,-0.608284,0.131622,0.295616,62.655119,1.346922,-1.298725,0.513702,0.234534,1.021182,-0.857101,-1.092435,0.663377,0.137456,0.168383,0.524076,0.720076,0.567950,-0.643152,0.434916
-0.064642,0.718903,0.415658,0.160554,0.455734,0.168900,-1.354515,0.230868,0.695023,0.335959,0.404480,0.201183,0.742610,0.825772,0.262579,0.264048,0.290930,0.542592,-1.364855,0.926589,0.823013,-0.947019,-2.026822,0.874913,-0.573629,-0.809036,0.873213,0.254710,0.311783,-0.647330,1.032875,0.244288,119.074808,1.226412,-1.550958,0.363756,0.287093,1.529210,-0.651909,0.395040,0.205621,0.269634,0.278203,0.108801,0.581843,1.044308,-0.531190,0.434916
0.337210,0.848201,3.077541,0.052115,0.377707,0.363333,-0.973921,0.285376,0.416799,0.023240,0.213802,0.265829,0.471146,-0.031851,0.213817,0.094875,0.026735,0.199799,-0.786887,0.726654,0.015155,-0.432240,-1.936345,-0.103257,-0.054974,0.227071,0.861418,0.105237,-0.588839,-0.235172,0.051601,0.326965,888.932759,0.727941,-1.438158,0.038691,0.038093,2.124548,-0.321014,0.552885,0.161786,0.006729,0.219393,0.329687,0.161794,0.536901,0.129667,-0.176893
-0.317624,0.732625,1.571546,0.253906,0.498024,0.287060,-1.303162,0.609225,0.242333,0.117960,0.388768,0.174636,0.727399,0.577026,0.254656,0.118901,0.146892,0.041935,-1.458193,0.965839,0.006949,-0.183795,-1.778154,0.071755,-0.846303,-0.155805,0.924530,0.192247,-0.705332,-0.656283,0.192807,0.534652,552.571272,1.220768,-1.222602,0.135422,0.175981,1.548930,-0.968587,-0.941283,0.652853,0.125220,0.212663,0.238911,0.728725,0.901528,-0.694971,0.127918
-0.317624,0.658838,0.166650,0.219516,0.484072,0.375282,-1.343514,0.439944,0.896717,0.188075,0.592329,0.216848,0.727399,0.577026,0.237715,0.170510,0.253183,0.253827,-1.472805,0.998037,0.704893,-0.560625,-1.592370,1.150744,-0.846303,-0.155805,0.924530,0.225236,-0.700349,-0.656283,0.192807,0.444893,63.729218,1.340230,-1.238548,0.535317,0.271393,1.063864,-0.968587,-1.062668,0.655847,0.180497,0.203368,0.518943,0.728725,0.496493,-0.694971,0.653283
0.031656,0.695796,1.104324,0.237916,0.493086,0.239816,-1.299984,0.263672,0.844108,0.387946,0.384678,0.201638,0.730575,0.936705,0.289575,0.370162,0.389584,0.416200,-1.456185,0.998896,0.704893,-0.650629,-1.930887,1.150744,-0.806788,-0.707942,0.933897,0.261342,0.269402,-0.470969,1.239556,0.279412,323.428741,1.279622,-1.455980,0.439409,0.293697,1.245276,-0.819143,-0.035433,0.247774,0.289230,0.326486,0.143287,1.072485,0.917723,-0.508968,0.653283
0.286909,0.773998,2.991757,0.055660,0.403580,0.409689,-1.095743,0.265605,0.442837,0.030747,0.230122,0.290048,0.473085,-0.032444,0.214901,0.113324,0.026687,0.062917,-1.100587,0.728296,0.008736,-0.259041,-1.812256,-0.017886,-0.068772,0.231832,0.933897,0.088293,-0.646643,-0.470969,0.047283,0.290849,943.069654,1.083049,-1.313694,0.021074,0.047531,1.832345,-0.320223,0.574602,0.106907,0.005172,0.325682,0.310137,0.166258,0.510333,0.299354,-0.170586
-0.515211,0.702200,1.024971,0.363292,0.497582,0.266914,-1.365887,0.595661,0.229019,0.136156,0.500824,0.251672,0.760734,0.596133,0.248482,0.187851,0.158234,-0.069527,-1.587589,0.975657,0.120179,-0.074181,-1.345479,0.257011,-0.855928,-0.204415,0.728583,0.202135,-0.806234,-0.528555,0.167762,0.552919,420.676288,1.346398,-1.366429,0.141841,0.182756,1.500175,-0.981735,-1.101265,0.667954,0.138418,0.260360,0.267869,0.768636,0.969608,-0.779840,0.188124
-0.515211,0.756674,0.167154,0.304756,0.457738,0.430070,-1.393621,0.500914,0.909877,0.160509,0.646352,0.356558,0.760734,0.596133,0.172866,0.235226,0.262022,0.383688,-1.636374,1.036504,0.726441,-0.778946,-1.304722,1.058689,-0.855928,-0.204415,0.741447,0.216190,-0.767981,-0.528555,0.167762,0.384341,65.257608,1.419199,-1.504907,0.497693,0.274083,1.047510,-0.981735,-1.159111,0.729680,0.177198,0.148864,0.515339,0.768636,0.713813,-0.779840,0.582669
-0.135594,0.672255,1.102310,0.151246,0.448039,0.214693,-1.349751,0.255373,0.629856,0.309140,0.279993,0.384133,0.690219,0.782410,0.293058,0.362182,0.304607,0.383688,-1.363264,0.950316,0.547854,-0.822919,-1.944460,0.476738,-1.209033,-0.604019,0.941517,0.359623,0.310646,-0.758110,0.935780,0.374534,287.155945,1.135627,-1.509259,0.273075,0.299938,1.815236,-0.568749,0.371994,0.232616,0.239948,0.258051,0.105559,1.034920,1.097239,-0.677955,0.582669
0.524748,0.856329,3.162133,0.029813,0.366604,0.403683,-1.194399,0.261941,0.463910,0.023022,0.102838,0.271444,0.486876,-0.040401,0.214733,0.052366,0.018032,0.053143,-1.205386,0.738017,0.010302,-0.414331,-2.165760,-0.118396,-0.093765,0.184094,0.801591,0.126253,-0.524984,-0.200351,0.057852,0.352650,1049.012117,1.146503,-1.181498,0.056366,0.045892,1.956405,-0.307739,0.513260,0.182815,0.004591,0.208461,0.325889,0.253924,0.745622,0.257194,-0.171689
-0.705387,0.716139,1.328138,0.251785,0.502545,0.343550,-1.306278,0.733344,0.075824,0.110790,0.268866,0.389166,0.705645,0.536132,0.228256,0.130094,0.149915,0.374942,-1.394110,0.937861,-0.028207,-0.339906,-2.273054,-0.156390,-0.725720,-0.090622,0.779428,0.210284,-0.736403,-0.616706,0.146061,0.553131,581.036007,1.200942,-1.281273,0.111095,0.143210,1.856869,-0.999972,-0.988614,0.630214,0.129008,0.214274,0.193392,0.807618,0.955363,-0.705952,0.092552
-0.705387,0.693206,0.163672,0.244548,0.465793,0.402601,-1.352501,0.530915,0.858507,0.148365,0.606096,0.338041,0.705645,0.536132,0.149213,0.144140,0.207559,0.544062,-1.488138,0.962709,0.762196,-0.702635,-1.419681,0.748201,-0.725720,-0.051988,0.779428,0.196933,-0.711158,-0.616706,0.146061,0.374986,62.124151,1.338058,-1.401313,0.499705,0.194060,1.119762,-0.999972,-1.244784,0.666123,0.154671,0.157742,0.520029,0.807618,0.642149,-0.705952,0.386235
-0.242416,0.732658,0.674960,0.156578,0.451432,0.205893,-1.432749,0.292340,0.714667,0.284209,0.388735,0.189552,0.733373,0.777187,0.297717,0.237767,0.245468,0.474356,-1.754149,0.907427,0.744091,-0.704248,-2.185722,0.746812,-0.622604,-1.127893,0.904490,0.225476,0.252008,-0.503312,0.779372,0.289893,216.858257,1.632318,-1.496887,0.353583,0.297293,1.842396,-0.696628,0.387662,0.211198,0.259816,0.363220,0.118909,0.750769,1.059151,-0.365354,0.391871
0.368360,0.813032,2.621592,0.044566,0.392099,0.363054,-1.353732,0.336129,0.423634,0.033412,0.160278,0.286738,0.450398,-0.022344,0.208022,0.071976,0.033566,0.269724,-1.411874,0.731814,0.014255,-0.228091,-2.019079,-0.157257,-0.063382,0.215411,0.833889,0.088348,-0.522683,-0.211873,0.053047,0.303168,768.381356,1.253810,-1.293134,0.017828,0.057752,1.588702,-0.321897,0.587568,0.118902,0.008187,0.218043,0.295886,0.183070,0.574974,0.293341,-0.143722
-0.433050,0.700210,1.348894,0.247225,0.491692,0.172378,-1.314118,0.692552,0.201953,0.124832,0.341356,0.297420,0.720880,0.494889,0.245019,0.127459,0.156948,0.398817,-1.360619,0.972320,0.036094,-0.198204,-1.802749,0.034493,-0.647632,-0.140173,0.923175,0.194228,-0.782997,-0.626074,0.123444,0.547269,499.596556,1.164998,-1.292934,0.146451,0.163634,1.603407,-0.784937,-0.978611,0.650177,0.116025,0.232872,0.235786,0.630755,1.007184,-0.685282,0.051481
-0.433050,0.699915,0.160889,0.219814,0.450342,0.355460,-1.317507,0.427688,0.783171,0.175497,0.597124,0.290612,0.720880,0.494889,0.182803,0.168894,0.265450,0.429597,-1.446211,0.992152,0.777630,-0.695667,-1.707322,0.915581,-0.647632,-0.092752,0.923175,0.210824,-0.694418,-0.626074,0.123444,0.356448,61.906700,1.267384,-1.160183,0.493037,0.270246,1.129675,-0.879631,-1.079178,0.710794,0.180806,0.171810,0.456801,0.630755,0.638652,-0.685282,0.485267
0.030961,0.768218,0.803401,0.194113,0.415434,0.270671,-1.247464,0.198369,0.570019,0.350245,0.472474,0.227569,0.676461,0.817688,0.287072,0.311316,0.279448,0.658480,-1.246535,0.919797,0.621903,-0.948649,-1.597101,0.701139,-0.509030,-0.307489,0.903072,0.225924,0.192513,-0.621047,0.917617,0.289256,243.615322,1.090545,-1.403113,0.252007,0.263938,1.987931,-0.562608,0.467159,0.175364,0.253753,0.323825,0.099291,0.659413,1.189157,-0.607407,0.485267
0.488107,0.965952,2.206165,0.105011,0.364859,0.428943,-1.351485,0.250985,0.328841,0.026552,0.242521,0.202548,0.513416,-0.030645,0.241820,0.102045,0.039424,0.065568,-1.413288,0.748881,0.020615,-0.270682,-1.498588,-0.141161,-0.082130,0.209178,0.980542,0.121904,-0.560434,-0.254815,0.056201,0.288281,729.446942,1.384611,-1.338140,0.067624,0.043341,1.884337,-0.332303,0.677489,0.135329,0.013102,0.233811,0.281637,0.224916,0.568374,0.198876,-0.179179
-0.177948,0.728598,0.296660,0.212671,0.463179,0.307638,-1.269584,0.576556,0.689564,0.108319,0.294455,0.251284,0.685180,0.647139,0.267271,0.179490,0.158135,0.133460,-1.304566,0.966948,0.403580,-0.389765,-2.204665,0.764478,-0.839086,-0.166094,0.871401,0.161797,-0.685604,-0.562200,0.134779,0.657697,114.213722,1.225675,-1.205055,0.371293,0.157267,1.825486,-0.861948,-1.049035,0.771948,0.126292,0.251271,0.462626,0.605719,0.951882,-0.595030,0.071717
-0.168711,0.742467,1.771954,0.123348,0.381420,0.231297,-1.346726,0.219638,0.672337,0.252441,0.263352,0.217638,0.603051,0.559907,0.171204,0.213218,0.232296,0.557841,-1.593578,0.884405,0.560020,-0.716569,-1.419179,0.519018,-0.576067,-0.498821,0.650911,0.230130,0.300425,-0.644686,0.849822,0.285070,679.399298,1.499404,-1.300437,0.207055,0.205557,1.765381,-0.454269,0.476607,0.168974,0.199055,0.208519,0.100606,0.801026,0.989031,-0.333376,0.302294
0.537113,1.166324,0.809533,0.010429,0.232701,0.184205,-0.677329,0.062291,-0.109560,0.019465,0.044736,0.224828,0.276119,-0.040257,0.184107,0.031139,0.008566,-0.077000,-0.826539,0.719185,-0.000533,0.024328,-0.932707,-0.281833,-0.021474,0.244137,0.758728,0.059880,-0.346063,-0.277490,0.050488,0.080520,261.887894,0.912619,-1.004092,0.025317,0.044044,1.995669,-0.304762,1.061441,0.071983,0.001801,0.204531,0.084492,0.120702,0.289663,0.079202,-0.264427
0.626338,1.147891,0.166281,0.006544,0.269727,0.087897,-0.654927,0.094736,-0.410995,0.013950,0.017696,0.096606,0.281221,-0.042309,0.014525,0.030833,0.009270,-0.070851,-0.793591,0.719173,-0.009091,-0.021235,-1.201060,-0.291911,-0.026430,0.248622,0.461685,0.047293,-0.495463,-0.340305,0.050049,0.076952,50.027992,0.928518,-1.116924,0.010706,0.026450,0.932092,-0.303774,0.994065,0.083583,0.001624,0.025014,0.020607,0.122688,0.178701,-0.239972,-0.280136
0.900658,0.731174,0.553784,0.161742,0.380991,0.298552,-1.233481,0.112923,0.411878,0.046845,0.222937,0.217652,0.596313,0.258228,0.030405,0.125977,0.110569,0.248184,-1.245818,0.728918,0.045982,-0.506904,-1.686216,-0.291911,-0.411620,0.030424,0.484646,0.146021,-0.532836,-0.358382,0.140027,0.124314,178.797800,1.195727,-1.273247,0.127356,0.117784,2.279290,-0.322669,-0.546848,0.510382,0.054257,0.067874,0.243247,0.565022,0.292299,-0.437008,-0.012238
0.999210,0.616110,0.555730,0.148944,0.379598,0.255229,-1.284162,0.089070,1.069943,0.061141,0.394354,0.204605,0.596313,0.258228,0.041629,0.175837,0.162066,0.595447,-1.325183,0.816625,0.792983,-0.731422,-1.694000,0.222614,-0.411620,0.030424,0.513982,0.145122,-0.528640,-0.358382,0.142439,0.114271,178.422856,1.198356,-1.266893,0.324746,0.123208,2.278364,-0.650695,-0.768299,0.665485,0.055422,0.060369,0.568300,0.565022,0.313040,-0.541850,-0.012238
0.609805,0.477584,0.157493,0.099279,0.353621,0.074006,-1.294322,0.155847,1.184717,0.149072,0.509511,0.215066,0.596313,0.258228,0.048204,0.076409,0.145218,0.824027,-1.299179,0.816625,1.109430,-0.837790,-1.576572,0.378596,-0.411620,0.030424,0.548394,0.184519,-0.164411,-0.417439,0.142439,0.177556,44.026941,1.218733,-1.255032,0.379090,0.119604,0.997800,-0.650695,-0.768299,0.489545,0.127448,0.094684,0.406216,0.565022,0.587734,-0.541850,0.080271
-0.048418,0.641638,0.329507,0.160475,0.367569,0.142989,-1.373819,0.363265,1.184717,0.339276,0.499496,0.177120,0.598740,0.880515,0.098169,0.287572,0.300394,0.824027,-1.555618,0.963600,1.109430,-0.941318,-1.500725,0.378596,-0.210455,-1.444370,0.760522,0.116798,0.755848,-0.471280,1.054495,0.088501,87.662131,1.303565,-1.312941,0.391789,0.208646,1.525169,-0.650695,-0.768299,0.633823,0.233698,0.277315,0.120952,0.436858,0.750986,-0.421650,0.531107
-0.211935,0.654461,0.530686,0.217200,0.434355,0.382350,-1.289486,0.652213,0.684110,0.103305,0.424111,0.407435,0.648550,0.583704,0.280704,0.110189,0.148409,0.774329,-1.301458,0.957897,0.555696,-0.698036,-1.597852,0.196352,-0.606116,-0.089013,0.859019,0.187286,-0.581383,-0.638884,0.148373,0.677837,172.417355,1.168381,-1.345603,0.334437,0.159914,2.372707,-0.878719,-1.040292,0.703420,0.128212,0.293232,0.391399,0.625569,0.773666,-0.500594,0.012520
0.201932,0.687411,1.078342,0.194886,0.349843,0.176146,-1.142068,0.172753,0.708085,0.206066,0.744733,0.161210,0.501951,0.431932,0.097179,0.141548,0.170598,0.884014,-1.123828,0.794411,1.007894,-1.313366,-1.480046,0.350544,-0.164379,-0.134667,0.595917,0.173887,0.348765,-0.557262,0.267752,0.088241,379.372665,1.031696,-1.348193,0.333442,0.165773,2.291128,-0.626040,-0.281124,0.269960,0.167983,0.222210,0.096842,0.445088,0.441879,-0.367120,0.236857
0.422340,1.237158,0.235596,0.012316,0.253264,0.157169,-1.236114,0.069908,0.133439,0.011856,0.051358,0.241695,0.274703,-0.042149,0.084455,0.020706,0.005055,-0.007436,-1.309432,0.733379,0.008600,-0.027880,-1.145103,-0.079520,-0.009672,0.140409,0.556623,0.045518,-0.184849,-0.196905,0.050726,0.092879,62.932936,1.358056,-1.293604,0.020519,0.042697,1.062630,-0.301277,1.042431,0.054323,0.001309,0.069911,0.084792,0.131888,0.210597,0.133981,-0.210614
0.775880,1.233939,2.410781,0.011464,0.297706,0.206009,-0.903294,0.152357,-0.262378,0.015339,0.086535,0.232719,0.350073,-0.040876,0.042405,0.023805,0.006084,0.201804,-0.863898,0.724689,0.004314,-0.046224,-1.333710,-0.107343,-0.009164,0.277234,0.561210,0.028092,-0.500548,-0.216493,0.051587,0.072388,666.616320,1.008311,-1.281063,0.029628,0.031559,1.337507,-0.308382,1.180011,0.034617,0.001047,0.079856,0.076352,0.127940,0.528231,0.114115,-0.273795
-0.340054,0.783108,1.214233,0.201533,0.466681,0.183121,-1.311235,0.663221,0.338490,0.088323,0.236012,0.169394,0.664748,0.591501,0.207544,0.120128,0.112036,0.073009,-1.380741,0.931664,-0.002881,-0.410944,-1.254991,0.032609,-0.721604,-0.037066,0.697698,0.122635,-0.705946,-0.398042,0.135015,0.423162,457.675769,1.216334,-1.233184,0.140322,0.115559,2.109827,-0.901150,-0.975403,0.710806,0.120461,0.211149,0.289107,0.544461,0.528231,-0.725829,-0.040018
-0.340054,0.638083,0.156243,0.183087,0.448061,0.184392,-1.276570,0.379372,0.875343,0.190457,0.557565,0.213903,0.664748,0.591501,0.162617,0.136280,0.259172,0.115249,-1.192742,0.950427,0.788475,-0.658066,-1.505336,0.869092,-0.721604,-0.037066,0.731626,0.127024,-0.633707,-0.398042,0.135015,0.247013,59.308138,1.087919,-1.229796,0.494810,0.249566,1.095547,-0.901150,-1.086484,0.678770,0.200938,0.181887,0.472684,0.544461,0.604405,-0.725829,0.488129
-0.149695,0.692431,0.769551,0.125690,0.442858,0.204124,-1.312410,0.232259,0.729912,0.280319,0.293536,0.143249,0.656863,0.611381,0.287266,0.189846,0.246920,0.121043,-1.500405,0.900006,0.680782,-0.658066,-1.759206,0.558022,-0.620986,-0.856673,0.859562,0.213244,0.332339,-0.326102,0.753158,0.261305,219.766297,1.317236,-1.271364,0.302344,0.278390,1.877518,-0.639138,0.399163,0.200668,0.238159,0.329512,0.115323,0.641121,0.892568,-0.468741,0.488129
0.455717,0.779830,3.265976,0.043199,0.383423,0.344457,-1.017206,0.259693,0.462601,0.023417,0.142326,0.434869,0.459466,-0.023529,0.207792,0.047609,0.020337,0.314673,-0.976428,0.724498,-0.001965,-0.204485,-1.436610,-0.127349,-0.054543,0.237664,0.867322,0.066564,-0.687516,-0.239067,0.072979,0.244730,999.784473,0.958595,-1.379538,0.031665,0.054639,1.979275,-0.324016,0.567380,0.139640,0.005087,0.251746,0.346493,0.144063,0.743111,0.205203,-0.125909
-0.467463,0.707127,1.346635,0.250057,0.475783,0.258038,-1.244437,0.625884,0.181302,0.112831,0.325523,0.368269,0.715611,0.606409,0.221006,0.114149,0.130330,0.266491,-1.263993,0.910368,-0.001965,-0.183096,-1.394390,-0.021473,-0.678170,-0.141926,0.902880,0.165415,-0.801653,-0.473388,0.144674,0.434658,500.195165,1.134198,-1.309475,0.125844,0.155875,2.042242,-0.801746,-0.975754,0.636373,0.114918,0.250187,0.279932,0.609665,0.789176,-0.677147,0.156558
-0.467463,0.662060,0.155294,0.236276,0.446997,0.285260,-1.255179,0.458134,0.840785,0.182937,0.664919,0.254097,0.715611,0.606409,0.188481,0.173115,0.239843,0.231299,-1.397888,0.940305,0.766249,-0.772754,-1.455698,0.905607,-0.678170,-0.064431,0.902880,0.180665,-0.744866,-0.473388,0.144674,0.318488,61.131716,1.284920,-1.353265,0.492592,0.224769,1.080880,-0.821165,-1.058228,0.654586,0.165452,0.138013,0.511845,0.609665,0.574778,-0.677147,0.435368
-0.071999,0.699549,0.381394,0.148787,0.447441,0.374745,-1.297595,0.224422,0.711989,0.375483,0.428304,0.203933,0.680824,0.819922,0.244520,0.320987,0.348327,0.276164,-1.338937,0.910994,0.766249,-0.778173,-1.956156,0.634923,-0.846443,-0.514740,0.848857,0.267091,0.328411,-0.554882,0.927127,0.240017,105.759142,1.217836,-1.402810,0.355943,0.237907,0.965789,-0.673533,0.328226,0.188980,0.269726,0.262037,0.100722,0.825926,0.908582,-0.673256,0.435368
0.416362,0.791983,2.750160,0.032982,0.387928,0.495816,-1.116315,0.312017,0.398828,0.026004,0.111524,0.336966,0.485378,-0.041832,0.199458,0.036317,0.008771,0.276164,-1.173920,0.729685,0.019742,-0.386630,-1.769913,-0.066347,-0.042443,0.222156,0.861482,0.103799,-0.474667,-0.284100,0.060204,0.272047,812.375158,1.225915,-1.291031,0.030646,0.039306,2.005453,-0.307582,0.565054,0.137365,0.002926,0.203948,0.278240,0.161977,0.463497,0.285371,-0.148682
-0.457785,0.681704,1.081734,0.253856,0.492111,0.217378,-1.214511,0.665607,0.228584,0.116959,0.318443,0.257823,0.685861,0.616422,0.225008,0.143865,0.182640,0.162125,-0.912069,0.960023,-0.013254,-0.190669,-1.922332,-0.020822,-0.868700,-0.096291,0.802922,0.166673,-0.629869,-0.636898,0.113545,0.514689,421.157688,0.639488,-1.237035,0.127394,0.133957,1.491933,-0.955323,-1.080481,0.652688,0.128375,0.217289,0.228286,0.843874,0.850582,-0.651225,0.053088
-0.457785,0.705861,0.170630,0.250543,0.442887,0.398848,-1.443949,0.429208,0.839745,0.208670,0.691190,0.243258,0.685861,0.616422,0.151934,0.210391,0.305113,0.402804,-1.552672,0.989062,0.794010,-0.680502,-1.497267,0.913410,-0.868700,-0.047365,0.802922,0.171504,-0.575080,-0.636898,0.113545,0.342463,68.330493,1.385325,-1.283892,0.485216,0.243169,1.024990,-0.955323,-1.171359,0.693985,0.192068,0.169322,0.441588,0.843874,0.489677,-0.651225,0.435594
-0.023126,0.738243,0.865060,0.204336,0.416142,0.217414,-1.302301,0.195031,0.634217,0.345426,0.465776,0.225088,0.671027,0.842372,0.271160,0.270806,0.280411,0.285405,-1.491980,0.908233,0.778153,-1.276390,-1.795539,0.562349,-0.336248,-0.391680,0.881650,0.238363,0.135578,-0.507987,0.901440,0.377516,180.392050,1.313830,-1.443443,0.260890,0.260867,1.762576,-0.514956,0.434065,0.149024,0.267941,0.359681,0.133907,0.703506,0.670782,-0.381303,0.435594
0.461134,0.830346,2.761158,0.022781,0.365091,0.315126,-1.210294,0.285662,0.315746,0.029283,0.156201,0.227339,0.423506,-0.031304,0.223463,0.059801,0.017333,0.045293,-1.275938,0.731857,-0.001259,-0.155169,-1.355324,-0.136987,-0.048321,0.187437,0.880445,0.112277,-0.544606,-0.708486,0.055871,0.241980,717.545856,1.255146,-1.177826,0.027931,0.049425,2.261523,-0.320723,0.663996,0.070383,0.005521,0.197209,0.258657,0.159241,0.627527,0.066558,-0.132057
-0.255555,0.737286,1.230700,0.286721,0.471399,0.168438,-1.274966,0.605155,0.481858,0.120006,0.389311,0.236092,0.731050,0.586839,0.233866,0.170244,0.159244,0.225909,-1.354301,1.000062,0.038695,-0.191171,-2.187467,0.155380,-0.827253,-0.157013,0.871364,0.228805,-0.651082,-0.846348,0.181208,0.669088,428.305684,1.199789,-1.175765,0.163200,0.186497,1.549268,-1.049973,-1.249782,0.747588,0.140074,0.257271,0.308202,0.741240,0.661049,-0.688295,0.083630
-0.255555,0.843974,0.169458,0.265142,0.375205,0.267181,-1.276800,0.390181,0.911119,0.118094,0.605656,0.209540,0.686138,0.586839,0.226388,0.187452,0.239605,0.169212,-1.482778,1.026641,0.682446,-0.603914,-2.176708,0.795251,-0.827253,-0.157013,0.891313,0.210358,-0.387259,-0.842953,0.181208,0.338439,64.039873,1.334868,-1.309087,0.411474,0.224175,1.145440,-1.049973,-1.332636,0.766745,0.170042,0.222561,0.366338,0.741240,0.646212,-0.688295,0.260605
-0.081386,0.732853,0.303311,0.129573,0.381968,0.350985,-1.252654,0.226338,0.681107,0.283265,0.277720,0.136932,0.606211,0.676654,0.279333,0.255760,0.190956,0.171750,-1.390938,0.863794,0.285051,-0.573744,-1.718460,0.147580,-0.596805,-0.796430,0.780273,0.308623,0.218053,-0.669924,0.806075,0.338043,92.110167,1.202761,-1.322238,0.155399,0.260024,1.654767,-0.379196,0.407032,0.156070,0.201752,0.277072,0.122494,0.508127,0.954788,-0.602494,0.457795
0.620436,1.004212,2.159528,0.079631,0.372329,0.337992,-1.157133,0.248332,0.380932,0.034350,0.146716,0.253603,0.495964,-0.038778,0.250441,0.025622,0.035646,0.106850,-1.102360,0.747484,-0.004526,-0.069623,-1.501619,-0.095294,-0.065323,0.204478,0.980134,0.069231,-0.563186,-0.216385,0.055412,0.288967,636.852783,1.036033,-1.328160,0.076151,0.050994,1.699656,-0.328554,0.698639,0.125628,0.012070,0.206021,0.271420,0.212002,0.673827,0.101746,-0.173096
-0.153849,0.772683,1.258194,0.279455,0.514681,0.148723,-1.466674,0.575130,0.376664,0.117074,0.391421,0.164995,0.743010,0.637043,0.274587,0.141932,0.197391,-0.087118,-1.556478,0.970981,0.182505,-0.238860,-1.993624,-0.059613,-0.686147,-0.105507,0.904320,0.206849,-0.615651,-0.604453,0.176797,0.573904,463.842940,1.288318,-1.250564,0.130956,0.166497,1.684226,-0.796987,-1.200899,0.757976,0.116729,0.290388,0.255148,1.047011,0.795767,-0.687298,0.098207
-0.153849,0.802026,0.167953,0.277171,0.458321,0.386684,-1.479357,0.353462,0.924449,0.199436,0.648951,0.232072,0.743010,0.637043,0.214603,0.168123,0.320405,0.297270,-1.780817,1.035683,0.823735,-0.743195,-2.009585,0.828647,-0.686147,-0.070271,0.904320,0.196490,-0.440149,-0.604453,0.176797,0.285874,69.528984,1.467078,-1.403908,0.503495,0.265841,1.098220,-0.915746,-1.266073,0.782703,0.205923,0.219346,0.389880,1.047011,0.796595,-0.687298,0.489782
-0.132758,0.700834,1.854662,0.111523,0.428946,0.336424,-1.359264,0.246101,0.670209,0.263894,0.235690,0.213836,0.674372,0.822783,0.276010,0.220064,0.279350,0.305622,-1.592197,0.897941,0.524759,-0.743195,-2.043220,0.115499,-0.772878,-1.287368,0.900860,0.219239,0.162352,-0.524507,0.654333,0.272373,494.338875,1.399885,-1.507858,0.171552,0.284760,1.801244,-0.330302,0.470709,0.178792,0.260533,0.224816,0.133690,0.959057,0.933984,-0.694445,0.489782
0.657438,0.771948,3.006035,0.017528,0.403878,0.259760,-1.164594,0.292603,0.270153,0.039603,0.084218,0.263382,0.449868,-0.035706,0.156790,0.037125,0.019411,0.173001,-1.046011,0.728885,-0.010418,-0.201410,-1.549855,-0.202010,-0.060376,0.252423,0.879274,0.067250,-0.562380,-0.222042,0.051837,0.261951,974.798334,1.077332,-1.346286,0.025407,0.051059,1.815604,-0.324454,0.631352,0.056965,0.004683,0.165581,0.241073,0.167541,0.946248,0.249505,-0.206247
-0.739915,0.647066,1.189197,0.164054,0.467207,0.382515,-1.282116,0.858132,0.112894,0.132809,0.237961,0.549440,0.785390,0.318275,0.187426,0.141790,0.154811,1.097808,-1.227092,0.962717,0.089786,-0.495068,-1.600978,-0.271179,-0.735603,-0.114980,0.811996,0.137926,-0.922587,-0.654422,0.113048,0.571053,504.455966,1.096615,-1.285020,0.113383,0.170835,2.143523,-0.761534,-1.340983,0.680839,0.083037,0.291827,0.262763,0.682745,1.109082,-0.720502,0.129223
-0.739915,0.856895,0.191308,0.200617,0.443885,0.417021,-1.329927,0.567297,0.889945,0.115292,0.446592,0.368063,0.785390,0.318275,0.150351,0.138874,0.166750,1.238644,-1.502138,1.041856,0.788281,-0.750332,-1.380268,0.481947,-0.735603,-0.114980,0.811996,0.151087,-0.760581,-0.425773,0.124760,0.297207,73.974541,1.407949,-1.379501,0.452053,0.181554,1.409344,-0.921455,-1.418052,0.770841,0.112561,0.187099,0.489142,0.682745,0.769874,-0.720502,0.258267
-0.340918,0.593341,0.363013,0.158383,0.451011,0.272795,-1.420046,0.259771,0.917717,0.291458,0.443903,0.289853,0.759622,0.615234,0.225193,0.233805,0.222529,0.646334,-1.703554,0.839278,0.389251,-0.864925,-2.181980,0.286785,-0.283810,-1.081242,0.768247,0.356023,0.435776,-0.444107,0.977268,0.440773,92.648854,1.608479,-1.511036,0.222138,0.286392,1.923288,-0.472710,0.257593,0.260602,0.225486,0.373942,0.120656,0.975831,1.056263,-0.529004,0.592207
0.601289,0.712222,3.189239,0.036274,0.374869,0.397722,-1.258802,0.308751,0.537749,0.031531,0.161603,0.455501,0.442492,-0.025318,0.120865,0.065544,0.018119,0.322986,-1.307472,0.722604,-0.000222,-0.033106,-1.341593,-0.067099,-0.045172,0.237935,0.809667,0.077806,-0.454040,-0.138325,0.062316,0.289357,899.098748,1.237994,-1.319028,0.041108,0.053104,1.726843,-0.318586,0.394179,0.151059,0.005477,0.177927,0.280788,0.128977,0.627204,0.271547,-0.181376
-0.429480,0.632896,1.472228,0.180776,0.476450,0.320727,-1.229740,0.728190,0.198476,0.102993,0.137060,0.448902,0.691933,0.502461,0.189700,0.108849,0.137102,0.679097,-1.082850,0.862236,-0.007764,-0.269970,-2.007461,-0.138088,-0.694254,-0.028819,0.732545,0.143837,-0.762812,-0.560980,0.136866,0.456969,520.751482,1.060651,-1.251178,0.106218,0.133756,2.067082,-0.797894,-0.915498,0.573882,0.105687,0.232148,0.235806,0.682672,0.910105,-0.583037,0.034074
-0.429480,0.642384,0.166751,0.178981,0.448319,0.301433,-1.341988,0.444915,0.866519,0.167422,0.602592,0.388388,0.691933,0.502461,0.134782,0.136530,0.219303,0.935529,-1.432333,0.944680,0.943433,-0.969510,-1.476071,0.769943,-0.694254,0.012672,0.732545,0.153740,-0.703731,-0.588144,0.136866,0.334306,67.540253,1.274171,-1.363144,0.486253,0.187074,1.130116,-0.849712,-1.001814,0.639958,0.149219,0.227757,0.514577,0.682672,0.547963,-0.583037,0.327508
0.053295,0.678543,1.045813,0.141092,0.460551,0.265509,-1.306824,0.205448,0.773446,0.361663,0.385743,0.255238,0.707038,0.643023,0.215373,0.185722,0.258689,0.679576,-1.385907,0.876261,0.943433,-0.969510,-1.688274,0.590557,-0.316569,-1.309217,0.777987,0.248866,0.371341,-0.686005,0.985002,0.233495,308.799231,1.275475,-1.383822,0.338051,0.238841,1.278371,-0.533556,0.378111,0.217157,0.247961,0.275751,0.101429,1.006265,0.902577,-0.530227,0.329521
0.598581,0.680520,3.238313,0.047108,0.382641,0.393143,-1.141493,0.260540,0.506198,0.028247,0.163394,0.392907,0.467883,-0.002488,0.179309,0.066947,0.025202,0.593742,-1.146668,0.721722,-0.001982,-0.441750,-1.832882,-0.062504,-0.059366,0.222454,0.866818,0.090992,-0.495895,-0.248409,0.070577,0.241044,1042.610722,1.086436,-1.216923,0.032777,0.049654,1.979410,-0.329312,0.489303,0.120127,0.008962,0.220949,0.285875,0.155737,0.530607,0.288597,-0.141434
-0.446786,0.662335,1.342875,0.119422,0.457504,0.227034,-1.180566,0.677944,0.254155,0.125270,0.217240,0.374213,0.689360,0.464055,0.245524,0.138951,0.145452,0.549039,-1.512677,0.928193,-0.001982,-0.528199,-1.526651,-0.232366,-0.768601,-0.098694,0.924057,0.195246,-0.685949,-0.806516,0.131087,0.476697,533.404981,1.271605,-1.293684,0.142535,0.175834,1.602248,-0.900217,-1.041002,0.619008,0.115521,0.201140,0.246064,0.633586,0.806698,-0.616517,0.108944
-0.446786,0.668978,0.158177,0.160545,0.459958,0.425575,-1.290571,0.430364,0.930249,0.152363,0.672366,0.289598,0.689360,0.464055,0.195713,0.152041,0.207647,0.873488,-1.535538,0.958824,0.945039,-0.962898,-1.395469,0.685453,-0.768601,-0.087210,0.924057,0.224848,-0.653938,-0.806516,0.131087,0.349346,57.769532,1.401254,-1.132564,0.488510,0.192470,1.016005,-0.900217,-1.150011,0.632671,0.144065,0.143187,0.522917,0.633586,0.443545,-0.616517,0.262570
-0.126545,0.677473,0.901664,0.148271,0.481683,0.380956,-1.370364,0.245677,0.809870,0.311806,0.469031,0.219191,0.740955,1.028441,0.252611,0.232499,0.259286,0.573828,-1.532491,0.903256,0.945039,-1.036098,-1.735882,0.685453,-0.430218,-1.191880,0.826876,0.327646,0.414028,-0.731603,0.957108,0.251353,263.674128,1.271206,-1.491009,0.398968,0.320361,2.318818,-0.640299,0.261778,0.253768,0.247262,0.318384,0.111576,0.579026,0.929376,-1.116169,0.653439
0.463797,0.691472,3.108901,0.044059,0.381549,0.531960,-1.249015,0.241020,0.499018,0.023949,0.151614,0.370952,0.492897,-0.029386,0.218006,0.055236,0.021472,0.534337,-1.302358,0.724639,0.002799,-0.617568,-2.201898,-0.046219,-0.056915,0.178300,0.896778,0.134990,-0.649670,-0.731603,0.053987,0.223271,1010.587842,1.211278,-1.315015,0.046148,0.048502,1.784150,-0.326786,0.430617,0.163233,0.004461,0.291367,0.322581,0.144796,0.566258,0.241524,-0.137039
-0.546841,0.682195,1.196163,0.168364,0.466131,0.335255,-1.052505,0.671494,0.220342,0.144420,0.176513,0.287741,0.735377,0.475539,0.241029,0.132489,0.166269,0.483146,-0.859619,0.953647,0.075666,-0.495972,-1.493217,-0.177849,-0.762057,-0.142782,0.863629,0.187836,-0.821306,-0.728870,0.134322,0.501003,504.955979,0.635140,-1.331649,0.144026,0.173034,1.679651,-0.801512,-0.996576,0.638826,0.103471,0.302847,0.285602,0.719950,0.850496,-0.621274,0.106221
-0.546841,0.709054,0.162808,0.179171,0.452709,0.313445,-1.329423,0.464545,0.815506,0.196033,0.497957,0.178850,0.735377,0.475539,0.195376,0.154752,0.265374,0.619577,-1.536512,1.001435,0.870525,-0.847686,-1.395615,0.882755,-0.762057,-0.142782,0.863629,0.214335,-0.745249,-0.728870,0.134322,0.261032,61.641290,1.310600,-1.398103,0.493533,0.261983,1.045371,-0.849218,-1.113169,0.694311,0.172084,0.186991,0.485628,0.719950,0.605716,-0.621274,0.453975
0.023929,0.696120,0.834580,0.206837,0.465035,0.165439,-1.250757,0.230539,0.606242,0.411466,0.454869,0.211285,0.736185,0.988804,0.244299,0.272292,0.345344,0.254493,-1.218294,0.912105,0.845481,-1.056131,-1.935661,0.612892,-0.314251,-0.404960,0.861627,0.253321,0.180297,-0.452340,1.242255,0.328991,230.001591,1.284642,-1.335736,0.323306,0.268609,1.564999,-0.607041,0.364947,0.213562,0.303962,0.279010,0.097735,1.078721,1.139822,-0.519494,0.453975
0.519355,0.759796,2.586952,0.045861,0.382528,0.324423,-1.044225,0.288957,0.364224,0.023332,0.197530,0.246359,0.463361,-0.034277,0.202647,0.088177,0.019887,0.228226,-1.198491,0.725724,0.014950,-0.144188,-1.802748,-0.112026,-0.048444,0.224416,0.898101,0.110844,-0.644469,-0.252665,0.060256,0.287532,817.587731,1.090858,-1.318564,0.031406,0.036577,1.686208,-0.321435,0.520390,0.117164,0.005476,0.257683,0.304063,0.169027,0.683017,0.244282,-0.169113
-0.588067,0.679209,1.199530,0.195352,0.488119,0.267650,-1.229263,0.722488,0.203655,0.126482,0.273179,0.309701,0.719447,0.552910,0.209483,0.104624,0.157798,0.510095,-1.265499,0.973744,-0.001015,-0.394381,-1.921286,-0.111808,-0.782790,-0.117247,0.836837,0.166852,-0.698883,-0.642440,0.130475,0.559788,501.785678,1.115258,-1.154886,0.135733,0.169056,1.567392,-0.885735,-1.025583,0.640508,0.122046,0.221183,0.233828,0.785208,0.891591,-0.651104,0.122767
-0.588067,0.707154,0.161342,0.188164,0.491012,0.372967,-1.276998,0.507168,0.823240,0.170182,0.477776,0.267333,0.719447,0.552910,0.197419,0.155578,0.246051,0.511100,-1.444998,1.013759,0.666657,-0.661597,-1.264613,1.026843,-0.782790,-0.151370,0.836837,0.203332,-0.698115,-0.642440,0.130475,0.416776,61.511658,1.305161,-1.263672,0.532738,0.233650,1.194917,-0.885735,-1.131589,0.660481,0.149845,0.158716,0.505151,0.785208,0.510408,-0.681135,0.502183
-0.062488,0.700473,0.915766,0.200929,0.484185,0.249076,-1.213336,0.275254,0.766987,0.441154,0.390101,0.262909,0.698736,0.985713,0.281072,0.367900,0.357814,0.634056,-1.406871,1.017009,0.666657,-0.746193,-1.592373,1.026843,-1.006964,-0.417283,0.907812,0.281855,0.269174,-0.747446,1.118324,0.241241,238.200968,1.192409,-1.390296,0.436529,0.284550,1.365830,-0.818014,-0.052797,0.248012,0.300719,0.325742,0.132462,0.818111,0.944991,-0.681135,0.507993
0.251622,0.797212,3.049175,0.058592,0.402296,0.425355,-1.013524,0.291927,0.483130,0.028992,0.158668,0.270929,0.480657,-0.029632,0.210541,0.097436,0.027059,0.067576,-0.948601,0.738657,0.017888,-0.531311,-1.698158,-0.101385,-0.053875,0.222022,0.907812,0.089754,-0.604517,-0.747446,0.051748,0.319174,921.896615,1.045211,-1.320561,0.031935,0.050878,2.084645,-0.317744,0.598523,0.121021,0.005879,0.261947,0.304297,0.180536,0.538367,0.226924,-0.147654
-0.431303,0.708446,1.156519,0.311225,0.493896,0.345526,-1.342798,0.592887,0.353983,0.159701,0.383752,0.232357,0.754817,0.649744,0.264671,0.188606,0.150875,-0.070956,-1.451119,1.017435,0.234249,-0.176188,-1.558589,0.401498,-0.906538,-0.300033,0.754705,0.181953,-0.773193,-0.617891,0.185882,0.597742,445.539563,1.335124,-1.331237,0.165318,0.202795,1.745001,-1.038660,-1.053807,0.688625,0.147007,0.230483,0.286950,0.770575,0.976971,-0.716167,0.216406
-0.431303,0.768213,0.162576,0.283971,0.430028,0.501301,-1.322754,0.417135,0.954665,0.173568,0.622463,0.292509,0.751264,0.649744,0.215672,0.272826,0.296444,0.152162,-1.500917,1.055055,0.690992,-0.830323,-1.080445,0.914168,-0.906538,-0.300033,0.924633,0.197520,-0.679874,-0.617891,0.185882,0.306190,61.513507,1.348591,-1.333189,0.470635,0.274786,1.199984,-1.038660,-1.134876,0.735330,0.183374,0.161710,0.481165,0.770575,0.754685,-0.716167,0.405410
-0.107293,0.637628,0.776845,0.143999,0.463158,0.335907,-1.356501,0.264556,0.676299,0.310036,0.319550,0.319123,0.676390,0.602101,0.295467,0.329694,0.290772,0.330493,-1.358870,0.886704,0.508868,-0.830323,-1.979915,0.266799,-0.929378,-0.395115,1.296933,0.340246,0.318363,-0.645128,0.822770,0.376000,250.047529,1.299054,-1.440999,0.224854,0.257263,2.267708,-0.532502,0.432859,0.228205,0.224362,0.306468,0.109491,0.876565,1.140662,-0.638878,0.405410
0.514753,0.709779,3.201198,0.038139,0.384452,0.459697,-1.053074,0.277460,0.418565,0.023847,0.157962,0.437298,0.464651,-0.036564,0.204387,0.036353,0.014745,0.330493,-1.053858,0.723352,0.000081,-0.066596,-2.181916,-0.105983,-0.076663,0.233162,1.207093,0.121598,-0.607131,-0.132451,0.063071,0.358704,1045.798983,1.012847,-1.410235,0.038211,0.042278,1.958439,-0.314297,0.432859,0.143156,0.002405,0.175346,0.324256,0.163702,0.689358,0.145320,-0.112217
-0.887903,0.626961,1.361196,0.239344,0.481408,0.282837,-1.369385,0.833203,-0.065996,0.133828,0.220613,0.440213,0.745292,0.514135,0.201334,0.126582,0.138214,0.424478,-1.349961,0.934957,-0.007893,-0.417053,-1.995790,-0.032205,-0.661082,-0.088545,0.748564,0.161824,-0.936689,-0.482230,0.135151,0.595320,543.364567,1.129924,-1.384073,0.117683,0.143064,1.731297,-1.026200,-1.011524,0.588851,0.123433,0.260433,0.234455,0.737055,1.145405,-0.678686,0.077307
-0.887903,0.678474,0.159266,0.207385,0.452083,0.449157,-1.442287,0.594948,0.691809,0.162710,0.618679,0.322761,0.745292,0.514135,0.184802,0.162637,0.202050,0.424478,-1.634821,0.971437,0.739071,-0.681772,-1.579938,0.839471,-0.661082,-0.088545,0.771064,0.157399,-0.936689,-0.482230,0.135151,0.358714,60.769728,1.412693,-1.429220,0.483993,0.198620,0.963216,-1.026200,-1.163928,0.648992,0.152103,0.199935,0.535165,0.737055,0.686633,-0.678686,0.327491
-0.190708,0.728093,0.640482,0.141509,0.444381,0.185740,-1.454229,0.254633,0.631886,0.319201,0.335295,0.214600,0.690204,0.737183,0.294938,0.257952,0.240617,0.300701,-1.483165,0.888167,0.729802,-0.681772,-1.768585,0.739170,-0.681091,-0.888757,0.968339,0.250443,0.219481,-0.711433,0.905519,0.306910,173.001961,1.308044,-1.516900,0.354155,0.265942,2.138412,-0.662081,0.379970,0.182033,0.240902,0.296978,0.112934,0.554545,1.217509,-0.548649,0.339369
0.333564,0.880036,3.023358,0.034581,0.394603,0.343326,-1.191217,0.329606,0.289178,0.030924,0.121605,0.332606,0.468994,-0.019009,0.212076,0.051409,0.027414,0.306419,-1.078604,0.729973,-0.000230,-0.509605,-1.870644,-0.080767,-0.058354,0.217597,0.882162,0.117631,-0.613259,-0.271982,0.062694,0.247883,872.302162,1.097360,-1.326665,0.032437,0.046036,2.109179,-0.324623,0.656427,0.103765,0.007190,0.269265,0.271866,0.166228,0.669953,0.329828,-0.160807
-0.475131,0.711415,1.122728,0.244861,0.496804,0.244362,-1.283847,0.660505,0.237966,0.123969,0.361389,0.208211,0.725301,0.606885,0.280639,0.135862,0.152243,0.095795,-1.213021,0.950315,-0.010423,-0.293499,-1.920767,-0.001450,-0.674308,-0.093753,0.920449,0.229760,-0.781957,-0.660648,0.234458,0.552044,426.075754,1.094809,-1.381029,0.140787,0.164568,1.158823,-0.862294,-0.948507,0.651798,0.127596,0.272748,0.258639,0.720871,0.946811,-0.624811,0.100560
-0.475131,0.667315,0.161109,0.218506,0.474818,0.348397,-1.265996,0.427307,0.765278,0.199338,0.636212,0.303985,0.725301,0.606885,0.216478,0.176494,0.296862,0.512547,-1.210518,0.990345,0.747561,-0.654619,-1.861869,0.988376,-0.674308,-0.136924,0.920449,0.259983,-0.697793,-0.660648,0.234458,0.368048,62.024628,1.072864,-1.331358,0.522376,0.306275,1.079265,-0.887871,-1.048207,0.700601,0.213559,0.223285,0.470842,0.720871,0.493407,-0.624811,0.650161
-0.107947,0.688224,1.067037,0.178348,0.487660,0.397774,-1.110403,0.252325,0.665895,0.357188,0.365293,0.226428,0.743059,0.762057,0.359544,0.297322,0.309502,0.438868,-1.379590,0.978282,0.744802,-0.654619,-1.898039,0.770981,-0.692674,-1.071309,1.067497,0.287398,0.252205,-0.630927,1.037506,0.215374,304.740992,1.197647,-1.362261,0.348617,0.300186,2.276120,-0.711210,0.366813,0.244849,0.275947,0.278561,0.120825,0.682904,1.054458,-0.460096,0.650161
0.602857,0.710873,2.542680,0.048994,0.384727,0.550638,-1.047522,0.264745,0.402734,0.018222,0.152578,0.311534,0.500999,-0.028467,0.227024,0.060649,0.029802,0.256889,-1.037900,0.744602,0.002606,-0.415379,-2.031472,-0.191640,-0.080414,0.241854,0.892465,0.104086,-0.630426,-0.273685,0.053656,0.325155,862.392034,1.055036,-1.329133,0.048818,0.042327,1.894352,-0.336646,0.466854,0.156067,0.006993,0.243786,0.326189,0.182463,0.688164,0.225877,-0.144697
-0.324710,0.686675,0.188806,0.280702,0.448036,0.279195,-1.211234,0.570298,0.791944,0.125047,0.547550,0.224987,0.691717,0.600162,0.284078,0.185062,0.170625,0.115502,-1.254218,0.980416,0.569886,-0.588165,-1.888206,0.752578,-0.744925,-0.061420,1.269495,0.197128,-0.685158,-0.641706,0.230503,0.760270,70.275305,1.196352,-1.349308,0.429001,0.177091,1.157799,-0.883391,-1.037203,0.672973,0.128854,0.284195,0.530256,0.592037,1.043322,-0.603316,0.101296
-0.173334,0.661435,2.159343,0.091804,0.355860,0.285747,-1.206335,0.225375,0.783459,0.049934,0.166617,0.342921,0.590016,0.274076,0.182143,0.114289,0.074334,0.535687,-1.224512,0.799185,0.024634,-0.257884,-1.270221,0.001027,-0.253889,-0.620004,0.681681,0.132549,0.124012,-0.422950,0.049710,0.211782,913.404023,0.959746,-1.291798,0.115247,0.081537,1.819390,-0.324449,0.503413,0.130502,0.080703,0.156763,0.169761,0.634177,0.881524,-0.155211,0.011893
0.593264,1.287939,0.764400,0.007475,0.251218,0.212424,-0.823062,0.020703,-0.219995,0.005469,0.038757,0.113310,0.257092,-0.045262,0.040328,0.013846,0.003143,-0.138345,-0.882627,0.714140,-0.006036,-0.009975,-1.005882,-0.251132,-0.011314,0.270909,0.531426,0.012657,-0.319296,-0.238596,0.050352,0.040924,246.254561,1.097029,-1.204119,0.002695,0.014588,1.739018,-0.303231,1.266982,0.010785,0.000809,0.043034,0.025740,0.132253,0.194072,0.089468,-0.283872
0.643123,1.260177,0.369367,0.004539,0.255500,0.072538,-0.853398,0.044665,-0.338936,0.005224,0.011152,0.017274,0.263769,-0.041905,0.011646,0.019037,0.004623,-0.117486,-0.962531,0.708082,-0.004611,0.046721,-1.056446,-0.256025,-0.017776,0.307871,0.476611,0.015648,-0.442840,-0.268420,0.049448,0.042534,110.474901,1.118659,-1.176218,0.004792,0.010363,1.704325,-0.304954,1.212001,0.021139,0.000825,0.028208,0.028859,0.119281,0.219298,0.083024,-0.348189
0.391749,0.746334,0.918825,0.258478,0.369852,0.141982,-1.325879,0.239097,1.228671,0.082026,0.563257,0.120404,0.596696,0.142754,0.093255,0.215858,0.144803,0.281128,-1.354962,0.899561,0.530181,-0.739180,-1.500830,0.023080,-0.615178,-0.024921,0.677709,0.141922,-0.520645,-0.499734,0.109345,0.358696,313.716149,1.222763,-1.319890,0.244339,0.117921,1.530889,-0.679209,-1.033017,0.816989,0.051234,0.170716,0.586434,0.749750,0.443784,-0.805081,0.078696
-0.219328,0.662628,0.619691,0.167729,0.377570,0.327316,-1.261071,0.342096,1.350447,0.372827,0.417728,0.155935,0.618960,1.324223,0.153749,0.251095,0.309421,0.638217,-1.258641,1.029075,0.893146,-1.087507,-1.495270,0.835323,-0.377235,-0.892083,0.596922,0.276173,0.945256,-0.283310,1.163508,0.179056,222.563047,1.169709,-1.403310,0.401602,0.259774,2.226928,-0.682913,-1.030846,0.684928,0.271641,0.209172,0.139971,1.225552,0.612218,-0.701683,0.676250
0.345501,0.736875,3.866982,0.087238,0.323578,0.482361,-1.481528,0.080853,0.823975,0.036209,0.181238,0.314749,0.432531,-0.027277,0.093081,0.081099,0.044459,1.033636,-1.704679,0.754599,0.017387,-0.582487,-1.563166,-0.144734,-0.073151,0.205294,0.596325,0.050883,0.227779,-0.526049,0.062073,0.094119,1193.781542,1.469837,-1.341383,0.072313,0.095870,1.440130,-0.322932,0.579853,0.110855,0.008844,0.133877,0.181417,0.206520,0.116665,0.100984,-0.098339
0.679227,1.059174,0.178679,0.019169,0.264674,0.269197,-1.221058,0.169608,0.125646,0.056047,0.058267,0.182389,0.354306,-0.041965,0.224191,0.065597,0.029063,-0.046094,-1.154477,0.742131,0.022843,-0.461452,-1.632896,-0.190586,-0.068125,-0.119757,0.674679,0.158108,-0.278892,-0.400428,0.050684,0.102595,50.449356,1.147609,-1.112730,0.045981,0.156861,1.189316,-0.335587,0.951686,0.098966,0.027635,0.221144,0.087759,0.129024,0.210513,-0.095065,-0.034739
0.501615,1.195350,0.227534,0.003924,0.546561,0.035942,-0.636411,0.021848,-0.270684,0.008181,0.022823,0.058350,0.563510,-0.443435,0.077157,0.050197,0.005416,-1.848565,-0.743553,-1.375415,0.096520,0.530273,-0.931196,-1.374294,0.085458,0.613655,2.904388,0.070702,-0.334240,0.930393,0.400962,0.033013,82.127654,1.002102,-1.105545,0.009815,0.015106,1.383371,-0.614248,1.173905,0.010921,0.014186,0.065295,0.016787,-0.056703,4.009715,-0.070432,0.174584
1.001073,0.377288,0.155958,0.003924,0.395683,0.035942,-0.520814,0.062489,-0.093433,0.008181,0.022823,0.058350,0.412632,-0.225362,0.077157,0.050197,0.005416,-0.951601,-0.604132,-0.259105,0.047284,0.252043,-1.004824,-0.738545,0.036223,0.440495,1.718318,0.070702,-0.221572,0.337651,0.233222,0.091007,61.913405,0.933749,-0.960657,0.009815,0.015106,0.914044,-0.463698,0.324653,0.047172,0.014186,0.065295,0.028855,0.026546,2.150610,0.012264,-0.057622
0.488728,1.164752,0.218528,0.002020,0.248203,0.026087,-0.545478,0.019694,-0.337262,0.002323,0.007164,0.016501,0.254893,-0.035927,0.011623,0.010853,0.001744,-0.143906,-0.466155,0.705801,-0.004173,0.011001,-1.016652,-0.189020,-0.007095,0.285864,0.478311,0.013194,-0.404546,-0.175415,0.057854,0.041728,64.058190,0.915476,-1.188691,0.002590,0.005835,1.163069,-0.306301,1.140898,0.013147,0.002325,0.021073,0.018515,0.101463,0.209589,0.095097,-0.300387
0.605510,1.218884,0.413458,0.001878,0.245387,0.025872,-0.573951,0.020193,-0.410949,0.002670,0.003563,0.021737,0.249786,-0.034331,0.005544,0.009265,0.001762,-0.238477,-0.573367,0.704887,-0.005779,0.064452,-1.003455,-0.237622,-0.011615,0.296621,0.438081,0.007002,-0.481985,-0.197175,0.052853,0.025879,121.773256,0.949754,-1.162895,0.003726,0.006695,1.642128,-0.302881,1.193521,0.018148,0.000583,0.031650,0.019002,0.094422,0.235317,0.081398,-0.327964
0.507701,0.825479,0.400080,0.056085,0.380806,0.311467,-1.455143,0.315674,0.871900,0.105262,0.153399,0.206160,0.662860,0.260526,0.053453,0.059769,0.139447,-0.034681,-1.501137,0.819555,0.156608,-0.138965,-1.344875,0.381216,-0.391749,-0.204531,0.552673,0.050755,-0.323203,-0.333137,0.287255,0.074307,155.165083,1.334037,-1.185164,0.144412,0.141308,1.764458,-0.438303,-0.597729,0.627700,0.063910,0.102421,0.359711,0.521673,0.410016,-0.939292,0.266058
0.502398,0.416572,0.207264,0.141125,0.368165,0.327220,-1.389118,0.273283,1.202337,0.225426,0.449058,0.285515,0.662860,0.260526,0.091387,0.097457,0.185268,0.236402,-1.379324,0.819555,0.590677,-0.466316,-1.610797,0.547974,-0.391749,-0.204531,0.623751,0.102734,-0.267047,-0.525016,0.287255,0.086473,81.515040,1.227459,-1.389070,0.391974,0.178775,1.297080,-0.574969,-0.597756,0.475601,0.168770,0.187557,0.531799,0.521673,0.968493,-0.939292,0.266058
0.071034,0.330538,0.247121,0.174515,0.410429,0.477263,-1.356003,0.216600,1.202337,0.288264,0.403267,0.286359,0.696918,0.887256,0.312011,0.285628,0.227520,0.396061,-1.554325,1.048360,0.590677,-0.829689,-1.995697,0.428568,-0.237566,-0.546710,1.003762,0.298594,0.515724,-0.663765,0.784155,0.341647,73.715870,1.465649,-1.500771,0.335015,0.266229,1.434348,-0.525807,-0.081165,0.167267,0.251249,0.311490,0.200326,1.043060,1.059469,-0.895710,0.541341
0.268184,0.693788,2.791873,0.081363,0.398618,0.609506,-1.048724,0.331498,1.071064,0.034094,0.159791,0.437028,0.586393,0.017717,0.255120,0.104688,0.044101,0.396061,-0.936443,0.745839,0.085217,-0.207328,-2.040146,0.087636,-0.189791,-0.180630,1.003762,0.172944,-0.825518,-0.296148,0.138654,0.439418,786.588676,1.008697,-1.334984,0.069204,0.088557,2.057233,-0.305761,0.080606,0.344570,0.015962,0.287616,0.557770,0.352628,0.700278,0.319655,-0.149176
-0.872104,0.788821,2.689086,0.401530,0.552380,0.830385,-1.207716,0.728229,0.435263,0.222135,0.475784,0.575479,1.046777,0.982313,0.449455,0.245689,0.309814,1.189088,-1.294099,0.815315,0.085540,-0.452969,-1.686023,0.216734,-0.822027,-0.534324,1.047915,0.348264,-1.219084,-0.692285,0.345831,0.509276,977.243008,1.007054,-1.364916,0.195175,0.261092,2.187234,-0.972589,-0.821163,0.567761,0.217100,0.445409,0.462352,1.697964,1.231485,-1.164056,0.630506
-0.872104,0.703228,0.849933,0.373294,0.672996,0.879741,-1.299729,0.711047,1.076567,0.311867,0.741451,0.553895,1.046777,0.982313,0.472396,0.262200,0.339209,1.189088,-1.500569,0.981554,1.054575,-0.662730,-1.210143,1.233497,-0.822027,-0.534324,1.133135,0.348789,-1.219084,-0.692285,0.345831,0.905385,325.207800,1.239092,-1.485181,0.717847,0.326747,1.186489,-1.126019,-1.121249,0.768458,0.221431,0.476497,0.864638,1.697964,1.231485,-1.164056,0.630506
-0.153741,0.595900,0.844965,0.297751,0.694849,0.536145,-1.316044,0.290337,1.076567,0.591167,0.596537,0.476508,1.147262,2.074659,0.453605,0.447795,0.554834,0.563222,-1.479855,0.939021,1.054575,-1.139997,-1.596201,1.233497,-1.068533,-1.172250,1.133135,0.414209,0.325548,-0.683530,1.315281,0.388632,238.973029,1.275382,-1.653508,0.740145,0.513685,1.782112,-1.126019,-1.103368,0.636741,0.492078,0.527730,0.207020,1.935723,1.147565,-1.417002,0.781450
-0.153741,0.728362,2.724361,0.262294,0.527609,0.695069,-1.006727,0.380940,0.789546,0.438239,0.488789,0.438384,1.147262,2.074659,0.547875,0.450014,0.376840,0.233520,-0.633604,0.939021,0.156371,-0.850195,-2.018793,0.724957,-1.068533,-1.172250,1.546397,0.405117,-0.733473,-0.612258,1.315281,0.567628,844.840704,0.471348,-1.576778,0.198039,0.327753,1.957523,-0.577610,0.217335,0.299115,0.374888,0.593200,0.490554,1.935723,1.147565,-1.017398,0.548925
-0.926524,0.759718,2.311464,0.409652,0.589076,0.693100,-1.357227,0.662300,0.522046,0.236551,0.475963,0.702194,1.171114,1.111712,0.488842,0.323317,0.353173,1.770838,-1.456673,0.822901,0.051898,-0.601975,-1.964752,-0.089173,-1.278290,-0.772630,1.546397,0.286540,-1.177512,-0.791407,0.196849,0.567224,891.163971,1.253881,-1.495142,0.222902,0.287152,1.845751,-1.100289,-0.996968,0.605993,0.234715,0.555504,0.481075,2.054696,1.548353,-1.190112,0.491584
-0.926524,0.706488,0.741013,0.391612,0.723741,0.798920,-1.296541,0.668273,1.031404,0.295247,0.722165,0.567120,1.171114,1.111712,0.450640,0.356375,0.380860,1.770838,-1.411755,1.070939,1.026309,-0.781093,-1.565069,1.146134,-1.278290,-0.772630,1.247620,0.258286,-1.177512,-1.277455,0.196849,0.889861,275.657490,1.216171,-1.501141,0.777141,0.347881,1.073294,-1.100289,-1.180148,0.757920,0.241768,0.591315,0.849590,2.054696,1.548353,-1.190112,0.491584
-0.329435,0.560305,0.799530,0.360764,0.757956,0.613469,-1.234701,0.343628,1.031404,0.596002,0.666169,0.483253,1.245719,2.110767,0.479040,0.638502,0.583561,0.469460,-1.236161,1.165854,1.026309,-0.897954,-1.516445,1.146134,-1.586526,-1.621607,1.247620,0.482497,0.192291,-1.277455,1.745182,0.304853,210.082746,1.216197,-1.584700,0.806447,0.564349,1.609486,-1.096683,-0.987512,0.611343,0.554798,0.468304,0.238605,1.334026,1.465177,-1.460313,1.126657
-0.329435,0.636474,2.923991,0.285705,0.533562,0.643274,-0.984994,0.420471,0.773532,0.380071,0.622789,0.567287,1.245719,2.110767,0.534255,0.559023,0.426882,0.454174,-0.535219,1.165854,0.093761,-0.897954,-1.922994,0.815064,-1.586526,-0.974114,1.542026,0.476645,-0.629018,-1.004638,1.745182,0.615054,870.666575,0.616568,-1.486271,0.203565,0.304924,2.040071,-0.848114,0.076966,0.316557,0.385601,0.594089,0.453178,1.334026,1.452007,-1.191575,0.479845
-1.015433,0.723451,2.643606,0.395400,0.580685,0.901131,-1.323392,0.691257,0.470479,0.237716,0.438800,0.904858,1.139604,0.981733,0.511350,0.251737,0.351800,1.664562,-1.432268,0.796799,0.040318,-0.814828,-1.908970,-0.079562,-1.107670,-0.691513,1.542026,0.282844,-1.295794,-1.004638,0.173388,0.553117,1006.721834,1.239262,-1.508438,0.202573,0.266900,1.684270,-0.975381,-0.924805,0.574443,0.202848,0.649233,0.518258,1.828761,1.818497,-1.078486,0.537189
-1.015433,0.671949,0.849488,0.372849,0.715208,0.919945,-1.256198,0.686939,1.244937,0.317169,0.738374,0.759262,1.139604,0.981733,0.446210,0.317976,0.375576,1.664562,-1.346586,1.019332,1.129595,-1.168493,-1.772322,1.055565,-1.107670,-0.691513,1.191887,0.256397,-1.295794,-1.129594,0.173388,0.859353,324.668076,1.247790,-1.485667,0.769295,0.338973,1.398477,-1.164300,-1.132422,0.727274,0.205229,0.584671,0.937417,1.828761,1.818497,-1.078486,0.537189
-0.133829,0.540622,0.598428,0.286183,0.743452,0.628756,-1.196570,0.312551,1.244937,0.577761,0.673670,0.775303,1.214677,1.556499,0.452727,0.524019,0.623331,0.769737,-1.337497,0.951720,1.129595,-1.304820,-1.453023,1.055565,-2.042808,-1.701239,1.191887,0.409788,0.275990,-1.129594,1.589318,0.366149,170.538275,1.258621,-1.591435,0.792941,0.553810,0.834279,-1.164300,-0.893640,0.550097,0.477921,0.553159,0.268974,1.848220,1.425232,-1.578882,1.165600
-0.133829,0.681222,2.730001,0.249133,0.530601,0.514997,-1.018076,0.424247,0.820969,0.235830,0.482176,0.631740,1.214677,1.556499,0.533823,0.377256,0.471863,0.648300,-0.863479,0.912535,0.103250,-0.859375,-1.815997,0.488847,-2.042808,-1.237521,1.522871,0.353148,-0.615594,-0.814393,1.171660,0.648854,816.336312,0.870605,-1.495718,0.199828,0.288230,1.990344,-0.520053,0.250331,0.306651,0.334914,0.684349,0.472581,1.848220,1.425232,-1.578882,0.575383
-0.691808,0.736498,2.097794,0.423239,0.580309,0.778837,-1.230975,0.636024,0.317336,0.227048,0.649434,0.934855,1.033341,0.902150,0.513535,0.285183,0.306819,2.560871,-1.309123,0.911181,0.028416,-0.799784,-1.806532,0.211295,-1.237388,-0.544880,1.522871,0.317647,-1.178948,-0.954441,0.185753,0.577499,799.530271,1.060449,-1.553868,0.210610,0.267398,1.747224,-1.015666,-0.937275,0.612856,0.195644,0.643089,0.433742,1.584853,1.780955,-1.076625,0.297251
-0.691808,0.673227,0.384033,0.396464,0.689130,0.818532,-1.222954,0.645666,1.039946,0.277944,0.850554,0.847146,1.033341,0.902150,0.430874,0.368877,0.369456,2.560871,-1.343665,1.096373,0.886638,-0.747834,-1.321113,1.196713,-1.237388,-0.544880,1.161976,0.312093,-1.178948,-1.246034,0.191680,0.821884,136.131084,1.142803,-1.605058,0.747861,0.318284,1.826199,-1.062685,-1.063949,0.710108,0.206827,0.574552,0.832843,1.584853,1.780955,-1.076625,0.297251
-0.091820,0.599354,0.928844,0.485972,0.713808,0.506804,-1.271006,0.296617,1.039946,0.576761,0.852670,0.725989,1.145487,2.067979,0.490644,0.723152,0.711486,0.612202,-1.311909,1.187966,0.886638,-0.747834,-1.445032,1.561748,-2.216510,-2.169084,1.161976,0.387280,0.187234,-1.246034,1.744064,0.285993,263.931090,1.156743,-1.727023,0.761166,0.566048,1.537683,-1.062685,-0.894190,0.614660,0.518145,0.495164,0.238025,2.352864,1.404360,-1.849966,1.309655
-0.091820,0.685869,2.540600,0.364875,0.500724,0.750074,-1.317284,0.313572,0.787159,0.272630,0.603243,0.400282,1.145487,2.067979,0.496755,0.585993,0.544434,-0.162707,-1.247654,1.152362,0.063649,-0.716888,-1.946474,1.367206,-2.216510,-1.010087,1.288762,0.334121,-0.688618,-0.570993,1.565891,0.604186,767.142622,1.076168,-1.513529,0.178696,0.268887,2.162509,-0.749414,0.232487,0.252940,0.373220,0.656480,0.449812,2.352864,1.395445,-0.870715,0.279155
-0.922332,0.692382,1.941653,0.560484,0.557986,0.707520,-1.436814,0.595935,0.501312,0.208033,0.763117,0.509252,0.975654,1.045569,0.437683,0.314336,0.269926,0.061875,-1.816965,0.819216,0.035650,-0.695775,-1.942301,0.980088,-1.016615,-0.774018,1.288762,0.348664,-1.067442,-0.589071,0.243329,0.519433,732.504652,1.504131,-1.385738,0.180883,0.240616,2.120076,-1.279848,-0.771410,0.532101,0.234191,0.610293,0.464033,1.345035,1.407738,-1.080538,0.391164
-0.922332,0.667476,0.512482,0.484385,0.672781,0.745303,-1.426113,0.627602,1.262109,0.286159,0.843524,0.516255,0.975654,1.045569,0.430066,0.426892,0.354521,0.734839,-1.633646,1.025086,0.752926,-0.588662,-1.639191,1.248999,-1.016615,-0.774018,1.168574,0.327986,-1.067442,-1.110934,0.270534,0.822773,204.512814,1.417143,-1.556742,0.727532,0.312035,1.354334,-1.279848,-1.072558,0.704486,0.243529,0.456393,0.878267,1.345035,1.407738,-1.080538,0.391164
-0.141490,0.627183,0.855718,0.465731,0.682513,0.715476,-1.321786,0.336121,1.262109,0.561228,0.561461,0.788711,0.957706,1.969195,0.495217,0.725524,0.595160,0.906465,-1.376092,0.983650,0.752926,-0.588662,-1.634866,1.248999,-1.672627,-1.884739,1.168574,0.370396,0.275306,-1.110934,1.017311,0.318455,264.948286,1.261647,-1.807425,0.726825,0.540203,2.053125,-1.147891,-1.030499,0.664163,0.454179,0.508120,0.301738,1.772544,1.167247,-1.913481,1.119395
-0.141490,0.690473,1.957073,0.304106,0.511939,0.759747,-1.081627,0.433034,0.768854,0.146123,0.465725,0.415851,0.957706,1.969195,0.521021,0.549074,0.407970,-0.280769,-0.920956,0.979962,0.088465,-0.507539,-2.083849,0.688509,-1.645989,-0.957518,1.278113,0.325839,-0.769795,-1.012123,0.732148,0.579582,633.106878,0.908950,-1.597041,0.140892,0.253634,2.011455,-0.697068,0.331331,0.183278,0.312718,0.654274,0.482960,1.772544,1.055118,-0.947358,0.678279
-0.434060,0.676584,1.396544,0.566007,0.572842,0.584024,-1.407697,0.575582,0.408232,0.225298,0.898533,0.551965,0.962720,0.789290,0.424803,0.297232,0.270415,0.684156,-1.354630,1.138388,-0.000882,-0.467509,-2.046342,1.629540,-1.069281,-0.786161,1.278113,0.370956,-0.930443,-0.992050,0.308938,0.539204,566.398696,1.135177,-1.647403,0.189994,0.260895,1.820436,-1.044747,-0.805824,0.593157,0.195252,0.572719,0.388688,1.473591,1.075282,-1.113830,0.295760
-0.434060,0.680346,0.364513,0.495405,0.648532,0.632394,-1.336843,0.595499,1.131308,0.291912,0.896045,0.620703,0.962720,0.789290,0.385083,0.484808,0.447351,0.684156,-1.478247,1.138388,0.924299,-0.901000,-1.374134,1.711171,-1.069281,-0.786161,1.093992,0.358680,-0.930443,-1.097842,0.308938,0.820913,124.985351,1.283544,-1.577174,0.695483,0.307444,1.803075,-1.089199,-1.140414,0.669905,0.207962,0.429891,0.809633,1.473591,1.075282,-1.113830,0.354655
0.431970,0.603622,0.453380,0.577691,0.629723,0.536381,-1.216428,0.179111,1.131308,0.555945,0.573149,0.584954,0.964140,1.852585,0.385094,0.864489,0.602809,0.308878,-1.429961,0.893534,0.530872,-0.901000,-1.410045,1.607227,-2.090896,-1.259274,1.093992,0.476591,0.464009,-1.097842,1.293127,0.254586,116.152028,1.329370,-1.631369,0.667080,0.487864,1.206783,-1.089199,-1.140414,0.675306,0.459893,0.410625,0.197681,2.159138,0.947477,-1.140994,0.853720
0.431970,0.653422,2.611679,0.319616,0.464012,0.577272,-1.046553,0.284703,0.884431,0.263612,0.468121,0.447206,0.964140,1.852585,0.464490,0.633638,0.382098,0.308878,-1.095226,0.881367,0.037515,-0.838287,-1.935223,0.926924,-2.090896,-1.259274,1.414241,0.479711,-0.737712,-0.942565,1.293127,0.520756,772.789333,0.970546,-1.517210,0.149729,0.256846,2.069838,-0.555348,0.142298,0.263138,0.362235,0.515252,0.468255,2.159138,0.564275,-1.098973,0.479275
-1.072001,0.691964,2.391975,0.453440,0.544746,0.629000,-1.312092,0.782388,0.572868,0.201807,0.576222,0.353906,1.053988,0.924798,0.450620,0.361229,0.339410,0.035386,-1.399317,0.777088,0.037515,-0.265615,-1.933174,0.198087,-1.149934,-0.789236,1.414241,0.279491,-1.053382,-0.942565,0.126118,0.514146,948.432626,1.107812,-1.502097,0.188993,0.245149,1.935762,-1.075818,-1.016216,0.552556,0.207857,0.585452,0.504236,1.841186,1.586278,-1.217886,0.363477
-1.072001,0.757034,0.835023,0.411471,0.668438,0.444332,-1.383904,0.741655,1.327474,0.244642,0.718929,0.318418,1.053988,0.924798,0.412767,0.418085,0.368611,0.411725,-1.482546,1.057959,1.051700,-0.673528,-1.595454,1.183301,-1.149934,-0.789236,1.163969,0.255768,-1.053382,-1.012802,0.197949,0.849695,362.396475,1.235633,-1.534842,0.717676,0.316809,1.418015,-1.149092,-1.358450,0.803151,0.205208,0.489408,0.906670,1.841186,1.586278,-1.217886,0.363477
0.042133,0.605467,0.789572,0.383794,0.723573,0.529573,-1.346526,0.282486,1.327474,0.565856,0.575672,0.790921,1.124199,1.942886,0.459696,0.620482,0.577291,1.163190,-1.457153,1.040491,1.051700,-0.924980,-1.760385,1.183301,-1.904018,-2.004563,1.163969,0.471825,0.407408,-1.012802,1.641045,0.262800,238.920518,1.253624,-1.513634,0.763607,0.550909,1.532446,-1.149092,-1.294870,0.685590,0.527879,0.527951,0.269079,1.665508,1.270997,-1.664847,0.969000
0.042133,0.604993,2.396872,0.270413,0.543359,0.536185,-1.089373,0.369483,0.829252,0.384122,0.499250,0.537579,1.124199,1.942886,0.483572,0.585630,0.436075,0.384490,-0.932074,1.003472,0.149106,-0.924980,-1.946467,0.807074,-1.904018,-1.435228,1.328734,0.467107,-0.698922,-0.785938,1.641045,0.609564,783.852354,0.688861,-1.530682,0.189115,0.327141,1.841331,-0.527697,0.159131,0.269265,0.422203,0.606922,0.489683,1.665508,1.270997,-1.124634,0.773068
-0.927642,0.669842,1.963929,0.434843,0.571765,0.480409,-1.325296,0.647548,0.695096,0.227286,0.578812,0.577781,1.059102,1.007994,0.470025,0.233514,0.296233,1.085995,-1.187578,0.791029,0.024060,-0.533965,-1.957074,0.248060,-1.035408,-0.573911,1.328734,0.287158,-1.141092,-0.764779,0.141672,0.563051,797.974724,1.013963,-1.679387,0.192206,0.266489,2.047105,-1.156994,-0.870782,0.537184,0.218082,0.617066,0.543897,1.637623,1.629976,-1.133282,0.439737
-0.927642,0.721313,0.628778,0.381627,0.671783,0.583042,-1.294960,0.680599,1.331768,0.306212,0.861955,0.545904,1.059102,1.007994,0.433123,0.286736,0.328363,1.085995,-1.432453,1.040102,1.009210,-0.878474,-1.524729,1.010951,-1.035408,-0.573911,1.117882,0.280985,-1.141092,-1.103852,0.161240,0.915962,246.428190,1.218019,-1.691956,0.721574,0.341992,2.039353,-1.156994,-1.131641,0.766309,0.226428,0.531370,0.926918,1.637623,1.629976,-1.133282,0.439737
-0.258391,0.584198,1.092223,0.340960,0.697785,0.457419,-1.301521,0.425655,1.331768,0.547299,0.618906,0.737770,1.089494,2.123800,0.466783,0.709863,0.538036,1.011822,-1.499325,1.289632,1.009210,-0.976962,-1.501039,1.010951,-1.529017,-1.643505,1.117882,0.422170,0.340849,-1.103852,1.748858,0.316910,343.934467,1.334021,-1.559337,0.741572,0.539366,1.742685,-1.062586,-1.080601,0.636954,0.516831,0.347131,0.309338,1.705105,1.367498,-1.219534,0.727100
-0.258391,0.616886,2.477622,0.283200,0.520752,0.507623,-1.326815,0.364273,0.794403,0.403345,0.481705,0.582883,1.089494,2.123800,0.484270,0.687932,0.398923,0.361398,-1.599950,1.289632,0.154229,-0.744052,-2.041937,0.962599,-1.529017,-1.643505,1.127331,0.397723,-0.737794,-0.713905,1.748858,0.625529,811.525252,1.359703,-1.441098,0.170203,0.303929,1.625996,-1.040064,0.182090,0.247645,0.427358,0.466941,0.452530,1.705105,1.367498,-0.894492,0.419842
-1.178496,0.668205,1.799300,0.402600,0.560462,0.547810,-1.294010,0.681439,0.514815,0.223037,0.509083,0.600637,1.034301,0.974408,0.443968,0.210540,0.329391,0.995754,-1.115885,0.896046,0.022145,-0.744052,-2.034317,0.225979,-0.990543,-0.485783,1.127331,0.286079,-1.089771,-0.767944,0.213556,0.552766,731.249169,0.968938,-1.450277,0.176752,0.249083,1.798717,-1.048926,-0.763617,0.519593,0.197703,0.524165,0.446617,1.813515,1.569878,-1.081442,0.325393
-1.178496,0.640585,0.502755,0.363994,0.663050,0.598945,-1.412827,0.695449,0.869463,0.287314,0.709498,0.525987,1.034301,0.974408,0.450129,0.226189,0.332043,0.995754,-1.415383,1.099701,1.113237,-0.960967,-1.619018,1.348057,-0.990543,-0.485783,1.212929,0.255723,-1.089771,-0.952362,0.249304,0.917941,208.175083,1.251292,-1.590895,0.712408,0.326691,1.548513,-1.153957,-1.039078,0.703439,0.200274,0.423619,0.730963,1.813515,1.569878,-1.081442,0.325393
-0.161211,0.606274,0.710398,0.337202,0.718214,0.534694,-1.567634,0.278868,0.869463,0.620753,0.509752,0.341178,1.107562,2.106614,0.443524,0.491285,0.601351,0.457887,-1.674390,1.155582,1.113237,-1.173128,-1.410607,1.348057,-0.886242,-1.976197,1.212929,0.452084,0.111282,-0.952362,1.694342,0.330278,197.371894,1.408825,-1.662437,0.758765,0.579343,2.064405,-1.144904,-0.998342,0.626665,0.596515,0.467866,0.199866,1.934895,1.092765,-2.088389,1.385666
-0.161211,0.722954,2.157647,0.234361,0.551834,0.590925,-1.227450,0.341612,0.708933,0.480821,0.532200,0.312048,1.107562,2.106614,0.525812,0.483255,0.424738,0.457887,-0.624801,1.155582,0.114567,-0.875602,-2.016572,0.553711,-0.886242,-0.735195,1.466485,0.462718,-0.712594,-0.901675,1.694342,0.575937,656.751109,0.546971,-1.409651,0.185848,0.285765,1.939427,-0.899129,0.238473,0.254376,0.471880,0.624213,0.445472,1.934895,1.092765,-1.036223,0.279219
-0.791822,0.722715,1.586519,0.462932,0.580024,0.496007,-1.320851,0.597397,0.584728,0.222781,0.774562,0.424639,0.978913,0.875810,0.490993,0.253561,0.254537,1.079451,-0.802768,1.102075,0.022938,-0.875602,-2.076176,0.550022,-0.857557,-0.480146,1.466485,0.418494,-1.010697,-1.071315,0.195279,0.572282,615.632204,0.911309,-1.419275,0.198194,0.254772,1.863641,-0.985759,-0.841530,0.615420,0.191860,0.537162,0.414789,1.235406,1.200295,-1.085355,0.334588
-0.791822,0.642073,0.243081,0.401438,0.680019,0.542583,-1.325601,0.585981,0.948939,0.295191,0.970473,0.556809,0.978913,0.875810,0.439631,0.303739,0.300042,1.079451,-1.230295,1.102075,0.842749,-1.084628,-1.819310,1.076271,-0.857557,-1.993042,1.247519,0.369719,-1.010697,-1.482806,0.195279,0.908128,99.571328,1.148401,-1.409962,0.734387,0.372619,1.170800,-1.083551,-1.065453,0.674818,0.212626,0.325105,0.738910,1.235406,1.200295,-1.706452,1.369506
-0.424961,0.518433,1.400520,0.360487,0.727871,0.516080,-1.424715,0.320680,0.948939,0.623298,0.811210,0.430110,1.310534,2.049701,0.436520,0.777517,0.486438,0.467879,-1.685824,1.344219,0.842749,-1.211908,-1.013747,1.076271,-1.241092,-1.993042,1.247519,0.535029,0.126186,-1.482806,1.725139,0.352899,429.628619,1.499758,-1.688998,0.772075,0.601047,1.545759,-1.083551,-0.808918,0.507612,0.535691,0.364322,0.242596,1.650635,1.232660,-1.706452,1.381207
-0.424961,0.491886,2.559248,0.205279,0.488181,0.729118,-1.355578,0.424510,0.812236,0.112306,0.603606,0.524815,1.209923,2.049701,0.470450,0.496912,0.198876,0.382909,-1.504650,0.967231,0.026864,-1.211908,-1.919373,0.320696,-0.420390,-1.344395,1.292960,0.484750,-0.686624,-1.028373,0.586311,0.563384,842.364185,1.324555,-1.347773,0.158686,0.271427,1.748265,-0.854419,0.086337,0.182479,0.225680,0.491617,0.416170,1.650635,0.938292,-1.011100,0.054573
-0.011245,0.734658,0.905759,0.371197,0.436393,0.661435,-1.373309,0.335624,0.717665,0.365112,0.741521,0.562818,0.753921,0.950791,0.259758,0.354922,0.403129,1.156136,-1.572798,1.237568,0.842037,-0.641052,-1.571988,1.080436,-0.928247,-0.595809,0.760466,0.276719,-0.950867,-0.996486,0.323017,0.201169,338.459938,1.475059,-1.414909,0.500365,0.303919,1.983021,-1.094520,-1.028384,0.787400,0.273015,0.326591,0.469581,1.107834,0.518554,-0.725820,0.265436
0.499510,1.303252,0.576840,0.002429,0.238531,0.027110,-0.746383,0.019571,-0.275825,0.002815,0.011349,0.015204,0.241159,-0.042990,0.007065,0.005683,0.003625,-0.158146,-0.756811,0.709163,-0.000858,0.047700,-1.055502,-0.201512,-0.007551,0.299050,0.453333,0.008499,-0.328387,-0.174612,0.049368,0.025917,220.768173,0.943187,-1.152331,0.001202,0.004906,1.825571,-0.306840,1.271907,0.010654,0.000703,0.019017,0.012511,0.114759,0.255500,0.076999,-0.335564
0.513596,1.292007,0.879339,0.012284,0.239827,0.041647,-0.687909,0.030152,-0.313097,0.002320,0.017110,0.044138,0.246691,-0.041722,0.008101,0.010523,0.004959,-0.140123,-0.681648,0.711178,0.012566,0.047936,-1.005190,-0.173803,-0.008033,0.302978,0.469344,0.010084,-0.355326,-0.150920,0.048856,0.025228,255.519232,0.916244,-1.329895,0.003166,0.006139,2.041033,-0.301757,1.266454,0.014103,0.000907,0.045648,0.010717,0.117129,0.288992,0.078300,-0.331439
0.558231,1.299906,1.055515,0.032587,0.270057,0.088864,-0.753999,0.060747,-0.157012,0.012582,0.081051,0.205138,0.326131,-0.038687,0.040855,0.041729,0.018259,0.122899,-0.396286,0.728917,0.048079,-0.050873,-1.472019,-0.076119,-0.037169,0.237495,0.499191,0.040821,-0.272152,-0.137524,0.050024,0.061853,304.094128,0.485573,-1.186266,0.025614,0.036460,0.980322,-0.308045,1.137995,0.064423,0.003396,0.119262,0.035596,0.146200,0.138964,0.004062,-0.222844
0.167193,0.683314,1.036848,0.109761,0.334593,0.744733,-0.931975,0.223143,0.571376,0.032141,0.273565,0.620756,0.476130,0.018609,0.282593,0.119167,0.042519,0.070924,-0.978911,0.728982,-0.001972,-0.621463,-1.838216,-0.243304,-0.128745,0.161133,1.039212,0.172929,-0.065977,-0.397755,0.050956,0.292860,343.512378,1.026957,-1.484906,0.038849,0.107917,2.031061,-0.384268,0.478622,0.071888,0.015109,0.247321,0.167945,0.367366,0.282177,-0.007612,0.056131
0.607088,0.758706,1.027790,0.133480,0.174618,0.248285,-0.828916,0.230789,0.300652,0.042854,0.349191,0.224386,0.247328,0.094408,0.069123,0.108565,0.142524,0.111576,-0.713840,0.793267,0.058643,-0.138798,-1.116632,0.224503,-0.411642,0.084775,0.615556,0.106875,-0.325529,-0.325917,0.062107,0.042128,285.909493,0.966958,-1.418619,0.043693,0.045047,2.078338,-0.493259,0.196256,0.313425,0.050765,0.183082,0.218096,0.659019,0.311594,0.058092,-0.202615
0.585709,1.259891,0.180736,0.032646,0.239545,0.049187,-1.434426,0.030512,-0.273126,0.008555,0.038569,0.098222,0.255110,-0.023721,0.026099,0.024614,0.012888,0.154060,-1.643303,0.719279,0.002095,-0.072450,-1.174883,-0.104145,-0.009838,0.208771,0.500131,0.039930,-0.404673,-0.238807,0.057684,0.154670,50.119714,1.366866,-1.360452,0.011057,0.030112,0.994980,-0.322638,1.162089,0.038325,0.004241,0.097109,0.035792,0.194832,0.310861,-0.129086,-0.221845
0.707546,0.798066,0.198692,0.061394,0.365250,0.305523,-1.140459,0.338874,0.917709,0.132148,0.184346,0.195265,0.688073,0.231028,0.110154,0.068503,0.167522,-0.254059,-1.175137,0.827731,0.174900,-0.143547,-1.716859,0.227836,-0.465281,-0.363953,0.609285,0.065725,-0.337906,-0.318395,0.340188,0.107813,74.636528,1.198244,-1.335947,0.158261,0.185397,1.397561,-0.395078,-0.461476,0.487069,0.078302,0.138656,0.354233,0.646171,0.490496,-0.587065,0.281740
0.485572,0.472561,0.219035,0.086179,0.399553,0.390940,-1.072786,0.404899,1.230308,0.278405,0.464431,0.438874,0.688073,0.231028,0.136775,0.132198,0.286075,0.526330,-1.077953,0.834837,0.557201,-0.648516,-1.805803,0.481573,-0.495318,-0.363953,0.726831,0.151474,-0.305848,-0.695510,0.340188,0.186566,78.293045,1.194031,-1.394939,0.415213,0.243005,1.476242,-0.601419,-0.476499,0.500200,0.187790,0.243380,0.573664,0.646171,1.018607,-0.587065,0.380994
0.142511,0.343189,0.212185,0.164442,0.429841,0.400209,-1.339824,0.277595,1.226557,0.242708,0.435863,0.338958,0.749896,0.888429,0.332026,0.196833,0.316424,0.526330,-1.434056,0.976016,0.557201,-0.648516,-1.546018,0.476033,-0.903938,-0.556760,0.967591,0.258378,0.546642,-0.783719,0.661371,0.296892,65.549717,1.317355,-1.434217,0.362400,0.285698,0.712242,-0.577799,-0.022087,0.192764,0.241594,0.402568,0.172767,1.314604,1.018607,-0.815262,0.407517
0.390076,0.630963,2.563678,0.059375,0.402903,0.445943,-1.215585,0.303641,1.175930,0.031353,0.133429,0.330620,0.604911,0.031756,0.246952,0.082295,0.025326,0.247696,-1.120894,0.750362,0.022780,-0.263375,-2.176507,-0.070299,-0.089610,-0.413970,0.980722,0.103031,-0.669331,-0.315796,0.103499,0.386435,745.056166,1.082326,-1.403886,0.068092,0.087920,1.492665,-0.315546,0.081918,0.322753,0.011715,0.376434,0.510278,0.173856,0.730780,0.153912,-0.016657
-0.902621,0.726504,2.432225,0.328348,0.553858,0.560712,-1.361254,0.759228,0.528577,0.201970,0.382993,0.461528,1.050694,0.797278,0.347299,0.257306,0.310652,0.873237,-1.082319,0.730058,-0.004715,-0.363725,-1.136273,0.131240,-1.002941,-0.465602,0.980722,0.213503,-1.070962,-0.563734,0.171448,0.469391,910.898170,0.872586,-1.414745,0.180171,0.227252,1.852534,-0.887649,-0.843153,0.539723,0.178973,0.434514,0.442203,1.478795,1.361571,-1.070639,0.410963
-0.902621,0.658452,0.652728,0.307055,0.673586,0.594461,-1.040106,0.703625,1.117683,0.269428,0.714243,0.534690,1.050694,0.797278,0.368599,0.290841,0.326684,0.873237,-0.714998,0.931383,1.190839,-0.833964,-1.612723,1.278323,-1.002941,-0.465602,1.037633,0.231217,-1.070962,-0.997842,0.171448,0.778206,263.507459,0.591093,-1.465768,0.721622,0.303574,2.276106,-1.104389,-1.071202,0.717551,0.181679,0.409431,0.827095,1.478795,1.361571,-1.070639,0.410963
-0.224492,0.589470,0.630410,0.306016,0.734556,0.429794,-1.299667,0.335171,1.117683,0.616316,0.638986,0.510910,1.177651,1.949600,0.418020,0.589044,0.562663,0.717012,-1.551122,1.041194,1.190839,-1.133754,-1.483260,1.278323,-1.404690,-1.621631,1.037633,0.414334,0.395622,-0.997842,1.646280,0.303193,198.072316,1.409455,-1.434577,0.777515,0.549223,1.824305,-1.104389,-1.012063,0.626089,0.531820,0.495476,0.193676,1.649015,1.124092,-1.372194,1.136169
-0.224492,0.619774,2.754042,0.243938,0.542330,0.517546,-1.505672,0.454977,0.879102,0.469641,0.431976,0.377217,1.177651,1.949600,0.502333,0.560912,0.377956,0.341144,-1.791551,0.963318,0.142072,-0.748278,-1.895528,0.509241,-1.404690,-0.698300,1.333814,0.383132,-0.603542,-0.687288,1.646280,0.570102,911.576888,1.491995,-1.422782,0.196645,0.293201,2.014837,-0.699518,0.166228,0.255478,0.395660,0.596936,0.471641,1.649015,1.124092,-1.263256,0.591006
-0.874986,0.695307,2.388740,0.333973,0.575997,0.595142,-1.281402,0.664659,0.714446,0.227826,0.464478,0.713188,1.149778,0.949860,0.464127,0.285407,0.320008,1.831525,-1.232228,0.804571,0.026304,-0.748278,-1.900524,0.084349,-1.178814,-0.615182,1.333814,0.228967,-1.231175,-0.687288,0.152201,0.593969,964.697672,1.161300,-1.537624,0.196561,0.284691,2.005882,-0.943981,-0.897857,0.554658,0.200294,0.559951,0.554279,1.749979,1.692678,-1.175194,0.478398
-0.874986,0.689699,0.630780,0.314613,0.687475,0.660774,-1.298298,0.649289,1.138486,0.288785,0.754139,0.695833,1.149778,0.949860,0.423454,0.337228,0.338639,1.831525,-1.372657,1.060110,1.030687,-0.836118,-1.621660,1.207617,-1.178814,-0.615182,1.223737,0.220472,-1.231175,-1.277173,0.163327,0.878906,225.190607,1.331011,-1.545069,0.741030,0.348264,1.719546,-1.017697,-1.058373,0.737085,0.211853,0.488750,0.879883,1.749979,1.692678,-1.175194,0.478398
-0.244605,0.529352,0.595320,0.357238,0.740943,0.384260,-1.270574,0.370827,1.138486,0.580855,0.683434,0.443459,1.302221,1.903993,0.450576,0.655216,0.603742,0.487030,-1.358123,1.021546,1.030687,-1.147478,-1.489852,1.207617,-1.779564,-1.062909,1.223737,0.464496,0.350016,-1.277173,1.745316,0.298578,179.329895,1.221779,-1.586428,0.787604,0.514159,1.404797,-1.017697,-0.911393,0.572852,0.575711,0.373421,0.220518,1.843114,1.515602,-1.023423,1.068666
-0.244605,0.566816,3.026637,0.278350,0.530939,0.533293,-1.253541,0.430943,0.927471,0.318344,0.537463,0.436174,1.302221,1.903993,0.489348,0.595227,0.460429,0.048681,-1.330100,0.989778,0.164939,-0.911195,-1.931233,0.740684,-1.779564,-0.938595,1.358824,0.417679,-0.584455,-0.951016,1.745316,0.598891,929.576961,1.070707,-1.442261,0.199534,0.251396,1.795558,-0.899482,0.107102,0.295368,0.432923,0.506800,0.458724,1.843114,1.515602,-0.939115,0.347274
-0.982864,0.672342,2.772169,0.396490,0.576275,0.623130,-1.504345,0.695924,0.623599,0.219195,0.403640,0.845167,1.140993,0.852398,0.432790,0.260678,0.359448,1.589739,-1.698533,0.730634,0.056869,-0.909109,-1.903447,-0.086542,-1.084616,-0.733045,1.358824,0.260766,-1.222945,-0.951016,0.159641,0.572650,1066.382970,1.467649,-1.592273,0.189894,0.255456,1.732160,-0.963782,-0.926333,0.533931,0.175677,0.577531,0.564480,1.699265,1.479325,-1.073245,0.531598
-0.982864,0.702068,1.161074,0.383286,0.688841,0.823422,-1.390524,0.672178,1.197367,0.272849,0.678317,0.729947,1.140993,0.852398,0.387397,0.310345,0.376720,1.589739,-1.604637,1.041383,1.041957,-0.873864,-1.776078,1.172582,-1.084616,-0.733045,1.140286,0.269618,-1.222945,-1.082645,0.193795,0.899021,445.953034,1.409824,-1.500666,0.740617,0.345345,2.165625,-1.082029,-1.164858,0.756787,0.176145,0.584191,0.910482,1.699265,1.479325,-1.138835,0.531598
-0.295408,0.582075,0.781649,0.347262,0.731617,0.569718,-1.231869,0.352287,1.197367,0.495762,0.567159,0.679057,1.156100,1.696755,0.506073,0.550741,0.486072,0.859680,-1.243796,0.999133,1.041957,-1.469865,-1.654148,1.172582,-1.674990,-1.820282,1.140286,0.593824,0.332679,-1.127517,1.401527,0.301573,258.713386,1.164182,-1.510402,0.774925,0.580859,2.310254,-1.082029,-1.017007,0.623881,0.473448,0.625882,0.260602,1.326240,1.320571,-1.202570,0.923978
-0.295408,0.631238,2.457722,0.232355,0.545047,0.690147,-0.705405,0.431227,0.911551,0.262516,0.475424,0.406905,1.156100,1.696755,0.527294,0.522753,0.283231,-0.137149,-0.434262,0.934668,0.036314,-1.033340,-1.891716,0.634999,-1.674990,-1.619522,1.188855,0.569574,-0.607726,-1.127517,1.401527,0.611017,748.729179,0.492558,-1.544798,0.194398,0.378516,2.049872,-0.559711,0.157262,0.246813,0.316245,0.594354,0.463074,1.326240,1.295983,-1.033053,0.882645
-0.815040,0.668860,1.761614,0.391619,0.575919,0.549997,-1.416148,0.631540,0.454204,0.207751,0.522752,0.683366,1.031730,0.732848,0.421283,0.237688,0.258691,1.335569,-1.435271,0.880925,0.036314,-0.978283,-1.882295,0.309321,-1.039176,-0.540706,1.188855,0.325733,-1.148948,-1.127517,0.179624,0.597414,650.311808,1.287374,-1.581911,0.185176,0.244835,1.896933,-1.011342,-0.876264,0.545496,0.184643,0.483366,0.486798,1.176260,1.437252,-1.059149,0.328705
-0.815040,0.668680,0.242228,0.352307,0.666591,0.688737,-1.367958,0.598478,1.060643,0.250615,0.817780,0.613381,1.031730,0.732848,0.421182,0.324931,0.285828,1.335569,-1.438348,1.070468,0.871124,-1.006553,-1.618666,0.919535,-1.039176,-0.540706,1.169621,0.312406,-1.148948,-1.417406,0.185519,0.872641,92.473549,1.277685,-1.569132,0.720131,0.292460,1.460897,-1.030883,-1.076958,0.684669,0.191171,0.490627,0.835959,1.176260,1.437252,-1.059149,0.328705
-0.467733,0.531415,0.732476,0.358348,0.720927,0.566298,-1.354371,0.378081,1.060643,0.530753,0.684278,0.559320,1.148334,2.066910,0.404431,0.681124,0.571571,0.409161,-1.537642,1.099584,0.871124,-1.006553,-1.635330,1.173913,-1.803908,-1.556861,1.169621,0.363554,0.290644,-1.417406,1.723300,0.318773,223.764364,1.373060,-1.741738,0.762453,0.537333,1.488906,-1.030883,-0.895869,0.590770,0.477346,0.370231,0.224981,1.548411,1.382955,-1.588134,0.998257
-0.467733,0.484644,2.275337,0.307911,0.518003,0.693543,-1.211683,0.473053,0.927312,0.161301,0.540526,0.386844,1.148334,2.066910,0.458997,0.494572,0.421490,-0.102019,-1.381853,1.035168,0.122287,-0.825005,-2.025369,0.251280,-0.512158,-0.392075,1.251761,0.334243,-0.511202,-0.395214,0.375192,0.621646,674.265551,1.204837,-1.204934,0.194714,0.257655,1.569059,-0.859671,0.112554,0.243624,0.291522,0.530872,0.422779,1.265530,1.188944,-1.013756,0.115077
-0.671849,0.580012,1.762416,0.527596,0.560849,0.441257,-1.440429,0.564500,0.470841,0.182294,0.802580,0.793534,0.962377,0.688666,0.405904,0.245230,0.258500,1.170753,-1.646718,0.975552,-0.001680,-0.197441,-2.018352,0.927287,-1.025172,-0.659668,1.251761,0.396345,-1.043648,-0.745920,0.245860,0.553933,652.847611,1.326434,-1.640557,0.187480,0.260987,1.836376,-0.943348,-0.685061,0.500705,0.171954,0.547106,0.470983,1.293146,1.153787,-1.055244,0.333479
-0.671849,0.636515,0.406253,0.453331,0.671268,0.572658,-1.283312,0.574801,1.178632,0.263373,0.916533,0.821824,0.962377,0.688666,0.364499,0.399318,0.347630,1.170753,-1.506855,1.041497,0.685843,-0.519711,-1.591443,1.449758,-1.025172,-0.779744,1.030641,0.379645,-1.043648,-1.078068,0.245860,0.812223,154.984313,1.316739,-1.678571,0.725402,0.322887,0.791092,-1.116061,-1.041574,0.656513,0.177109,0.441250,0.811757,1.293146,1.153787,-1.055244,0.423240
0.016013,0.614665,0.856673,0.468186,0.678771,0.480149,-1.262082,0.254167,1.178632,0.577405,0.563513,0.535504,1.097163,1.909211,0.424012,0.754718,0.627123,0.232753,-1.423739,1.029995,0.646320,-0.857939,-0.985663,1.449758,-1.730550,-1.456103,1.030641,0.441835,0.251492,-1.078068,1.628425,0.275226,251.097254,1.385611,-1.687430,0.725173,0.533365,1.153333,-1.116061,-1.028669,0.640571,0.523413,0.485040,0.268970,2.339695,1.138417,-1.588194,1.036288
0.016013,0.627424,2.672638,0.261779,0.496445,0.503871,-1.430754,0.352114,0.749768,0.165684,0.361618,0.249975,1.097163,1.809265,0.472457,0.460451,0.362411,-0.321063,-1.398783,1.029995,0.035134,-0.857939,-1.881752,0.039096,-0.365481,-1.110648,1.226637,0.421444,-0.504074,-0.729385,0.062678,0.517890,744.654762,1.144666,-1.565208,0.151218,0.245180,2.194549,-0.653309,0.151839,0.195657,0.331975,0.560591,0.375539,1.492960,1.121078,-0.168872,0.029502
-0.358155,0.624527,1.837762,0.538201,0.547925,0.484365,-1.391037,0.514261,0.320803,0.198382,0.766385,0.386086,0.844719,1.126253,0.409813,0.260269,0.234351,0.094098,-1.463962,1.024553,0.035134,-0.237752,-1.506165,1.254146,-1.011206,-0.610774,1.226637,0.338675,-0.805371,-0.729385,0.216134,0.535178,618.098165,1.162041,-1.590140,0.163087,0.229751,1.522655,-1.121257,-0.738235,0.545185,0.198784,0.421532,0.341865,1.314096,0.986282,-0.945129,0.276858
-0.358155,0.636639,0.333662,0.469978,0.608198,0.613059,-1.457840,0.545321,1.179575,0.263736,0.769311,0.567722,0.844719,1.126253,0.364698,0.428802,0.370898,0.094098,-1.591578,1.024553,0.656710,-0.580972,-1.319687,1.494323,-1.011206,-0.610774,0.970729,0.314594,-0.805371,-0.873434,0.257441,0.762408,120.173909,1.378989,-1.589941,0.651625,0.269852,2.068841,-1.121257,-1.011332,0.619700,0.213618,0.370447,0.743417,1.314096,0.986282,-0.945129,0.276858
0.522340,0.569174,1.173075,0.549684,0.598633,0.519764,-1.301209,0.176162,1.179575,0.496112,0.533586,0.345493,0.931397,1.567780,0.360931,0.618774,0.506228,-0.152267,-1.409659,0.975813,0.429379,-1.302681,-1.567728,1.468462,-1.384949,-1.683926,0.970729,0.436255,0.385614,-1.604582,1.162732,0.216583,341.293744,1.468969,-1.586347,0.635299,0.446814,1.918221,-1.032249,-1.007961,0.623829,0.383985,0.456851,0.216915,1.643920,1.040181,-1.125176,0.752347
0.522340,0.651207,2.924297,0.287023,0.450344,0.387658,-1.119925,0.203992,0.843650,0.134246,0.453931,0.358480,0.931397,1.412971,0.435734,0.389596,0.236365,-0.152267,-1.192537,0.975813,0.026088,-1.302681,-2.097088,-0.001285,-1.384949,-1.683926,1.242409,0.410991,-0.709715,-1.604582,0.405520,0.473258,917.529576,1.375806,-1.441088,0.138040,0.196794,1.909125,-0.480876,0.171621,0.258373,0.215189,0.524587,0.467860,1.643920,0.611787,-0.571485,0.073867
-1.079119,0.698889,2.224929,0.410447,0.530752,0.538368,-1.302019,0.743251,0.420455,0.185769,0.509512,0.482936,1.032288,0.752562,0.459799,0.277144,0.340809,0.578681,-1.344846,0.760359,0.026088,-0.341277,-1.578769,0.282766,-1.086124,-0.623838,1.242409,0.263293,-1.086181,-0.661567,0.159087,0.532121,876.155192,1.113643,-1.547863,0.181108,0.240037,1.917559,-1.014469,-0.729813,0.511400,0.178741,0.461740,0.481943,1.872902,1.598282,-1.150451,0.420509
-1.079119,0.684868,0.764315,0.368288,0.650584,0.612985,-1.268494,0.704188,1.239329,0.235657,0.702605,0.411644,1.032288,0.752562,0.428055,0.352833,0.360749,0.578681,-1.373723,1.007785,0.926232,-0.678534,-1.547058,1.310244,-1.086124,-0.623838,1.075187,0.254816,-1.086181,-0.975659,0.165616,0.850698,261.533395,1.241670,-1.506693,0.699943,0.303393,1.846721,-1.082679,-1.080700,0.727830,0.185817,0.433341,0.877651,1.872902,1.598282,-1.150451,0.420509
-0.138423,0.607538,0.545395,0.350845,0.712146,0.336626,-1.305655,0.334623,1.239329,0.571636,0.449394,0.681464,1.134022,1.792640,0.397750,0.718390,0.528241,0.722727,-1.356984,1.129762,0.926232,-0.779206,-1.491773,1.310244,-1.764573,-1.156747,1.075187,0.410970,0.385411,-0.975659,1.631422,0.273092,154.027578,1.276752,-1.695166,0.752726,0.501332,1.842893,-1.082679,-1.027564,0.654679,0.508320,0.476651,0.246601,1.417293,1.233999,-1.063132,1.011403
-0.138423,0.666983,2.836135,0.237102,0.521456,0.539186,-1.034711,0.348593,0.833591,0.422634,0.454884,0.424108,1.134022,1.792640,0.464864,0.689784,0.367341,0.388740,-0.797211,1.129762,0.043745,-0.723937,-1.954856,1.091687,-1.764573,-0.926125,1.348820,0.398215,-0.656884,-0.560884,1.631422,0.604834,869.060393,0.765564,-1.493773,0.178081,0.271609,2.004684,-0.501962,0.194078,0.265057,0.392283,0.575088,0.466425,1.417293,1.221742,-1.063132,0.401628
-1.094012,0.713821,2.477228,0.461291,0.565382,0.308574,-1.160986,0.679717,0.572533,0.210232,0.595530,0.492788,1.022334,0.890404,0.434472,0.235376,0.339261,0.490502,-0.912400,0.803536,0.018006,-0.719217,-1.894426,0.108327,-1.166487,-0.548183,1.348820,0.316564,-1.044761,-0.688528,0.198937,0.533851,979.607440,0.704045,-1.455331,0.183484,0.260804,2.081315,-1.152266,-0.964900,0.566131,0.189241,0.490012,0.472325,2.014540,1.387220,-1.129382,0.439129
-1.094012,0.740325,0.765589,0.410690,0.666422,0.391371,-1.267426,0.712722,1.157823,0.297218,0.829206,0.456128,1.022334,0.890404,0.386283,0.268157,0.350639,0.562194,-1.195537,1.078827,0.968574,-0.583986,-1.661384,1.007051,-1.166487,-0.548183,1.111037,0.306922,-1.044761,-0.814973,0.198937,0.922538,319.642284,0.977038,-1.493143,0.715887,0.325361,1.385001,-1.152266,-1.256501,0.786601,0.199201,0.415081,0.839901,2.014540,1.387220,-1.129382,0.439129
-0.240622,0.640867,1.270775,0.327047,0.689102,0.572908,-1.352093,0.420190,1.157823,0.620983,0.513904,0.545685,1.183682,2.102540,0.411286,0.747593,0.598137,0.676819,-1.341945,1.165599,0.968574,-1.130263,-1.353995,1.314155,-1.445200,-1.610900,1.111037,0.395085,0.165184,-0.814973,1.723619,0.433100,364.852004,1.279156,-1.721702,0.734104,0.515511,2.053933,-1.094423,-1.114209,0.662770,0.548457,0.553117,0.301035,1.766271,1.450783,-1.170760,0.848169
-0.240622,0.741705,2.868522,0.252157,0.510351,0.614102,-1.335439,0.388641,0.647666,0.225138,0.418856,0.364300,1.183682,1.817682,0.479603,0.480031,0.429381,-0.105887,-1.215035,1.165599,0.118036,-0.736818,-1.923738,0.412981,-0.543691,-1.610900,1.310915,0.364262,-0.763570,-0.631899,0.114113,0.544594,930.407523,1.127167,-1.561140,0.174483,0.273473,2.149356,-0.696676,0.249075,0.233301,0.339237,0.650068,0.419715,1.657091,1.202499,-0.017333,0.141604
-1.004616,0.728083,1.998223,0.395174,0.562311,0.432361,-1.330385,0.665688,0.177973,0.205796,0.535234,0.514846,0.967553,0.941649,0.402076,0.209221,0.277382,0.723578,-0.933827,0.862956,0.027343,-0.353055,-1.791640,0.279227,-0.984087,-0.417727,1.310915,0.322794,-1.028448,-0.746436,0.156441,0.573520,834.598844,0.865265,-1.512639,0.179719,0.234528,2.125862,-1.070296,-0.816084,0.561797,0.191101,0.539872,0.365983,1.602310,1.527094,-0.968059,0.283583
-1.004616,0.647726,0.486559,0.356053,0.660297,0.503184,-1.226909,0.675037,0.903423,0.259686,0.796013,0.346873,0.967553,0.941649,0.338791,0.237901,0.288311,0.723578,-0.933677,1.031669,1.065772,-0.722055,-1.480160,1.120653,-0.984087,-0.417727,1.007844,0.297027,-1.028448,-1.027993,0.156441,0.923773,198.105940,0.839045,-1.504186,0.710704,0.301989,2.075522,-1.070296,-1.070731,0.699084,0.199218,0.431488,0.752511,1.602310,1.527094,-0.968059,0.283583
-0.028380,0.629262,0.972943,0.300958,0.712299,0.376296,-1.279199,0.261746,0.903423,0.594193,0.488220,0.384025,1.052371,2.120824,0.413145,0.558197,0.546123,0.424129,-1.214049,1.158425,1.065772,-1.223873,-1.313237,1.120653,-1.234239,-1.707334,1.007844,0.438559,0.146592,-1.027993,1.481424,0.299865,292.434899,1.004479,-1.493572,0.751054,0.549533,1.721356,-1.069260,-0.958788,0.629569,0.530488,0.494002,0.202372,1.772914,0.974641,-1.796709,1.306232
-0.028380,0.662746,2.510811,0.217684,0.531688,0.463654,-1.279884,0.357119,0.760909,0.294777,0.369652,0.342670,1.052371,2.120824,0.469072,0.477972,0.358860,0.512129,-1.411097,0.935604,0.074935,-0.879341,-1.972198,0.789552,-1.234239,-0.642282,1.244671,0.392550,-0.671900,-0.813775,1.481424,0.542015,795.940269,1.220141,-1.422389,0.159914,0.235906,1.939253,-0.739363,0.308115,0.206556,0.388394,0.610859,0.441482,1.772914,0.932270,-0.985162,0.193472
-0.696119,0.669753,1.575731,0.400576,0.558552,0.351893,-1.362122,0.595063,0.388918,0.191072,0.680221,0.323478,0.933819,0.757377,0.439038,0.249201,0.232208,0.512129,-1.346426,0.999453,0.018682,-0.791494,-2.024159,0.346420,-0.866375,-0.419327,1.244671,0.336329,-0.897212,-1.014005,0.153850,0.582393,633.922551,1.166113,-1.352420,0.179639,0.232284,1.597358,-1.028098,-0.917545,0.590002,0.184020,0.481861,0.375447,1.139100,1.310363,-1.055403,0.260522
-0.696119,0.669656,0.189360,0.349098,0.633490,0.526176,-1.474362,0.559538,0.875073,0.265743,0.941602,0.377086,0.933819,0.757377,0.415391,0.258513,0.252385,0.508383,-1.507627,1.067831,0.852448,-1.155083,-1.627951,0.802763,-0.866375,-0.784333,1.185570,0.321906,-0.897212,-1.100393,0.160423,0.922224,71.599735,1.351154,-1.490979,0.686122,0.318557,1.025613,-1.028098,-1.136417,0.667904,0.220894,0.371873,0.669786,1.139100,1.310363,-1.055403,0.740462
-0.374950,0.571765,1.315755,0.281874,0.668507,0.497314,-1.439731,0.363542,0.875073,0.580033,0.594476,0.381797,1.162728,1.922149,0.323653,0.573839,0.441619,0.476871,-1.416205,1.184180,0.852448,-1.155083,-1.239753,0.704457,-1.200305,-2.094648,0.889475,0.466056,0.000955,-1.100393,1.747853,0.458240,390.121623,1.353611,-1.436071,0.702133,0.500151,2.009536,-0.975944,-0.842051,0.521398,0.497745,0.299444,0.255470,1.280736,1.328032,-1.078653,1.007899
-0.215996,0.542974,2.716663,0.098565,0.444941,0.643461,-1.122386,0.373605,0.647031,0.067927,0.312370,0.364784,0.862860,0.168561,0.313034,0.333193,0.134079,0.177542,-1.007252,0.828508,0.044719,-0.789674,-1.636217,0.431846,-0.083821,-0.108526,1.226360,0.369686,-0.494952,-0.997516,0.063819,0.432938,823.211422,1.001971,-1.296448,0.109257,0.215319,1.775454,-0.377540,0.212981,0.183465,0.029919,0.432281,0.312090,0.866272,0.651490,-0.082623,-0.134725
0.059269,0.631375,1.003174,0.273977,0.448650,0.243552,-1.170946,0.428817,0.445957,0.123294,0.399054,0.284200,0.742931,0.664923,0.279633,0.160388,0.136814,0.083815,-1.270438,1.179528,0.562460,-0.224938,-1.717839,0.773618,-0.783927,-0.234934,1.194517,0.228739,-0.697777,-0.574151,0.202146,0.561097,397.551345,1.202393,-1.429080,0.242328,0.227014,1.248112,-1.033707,-0.970557,0.660918,0.144326,0.466183,0.323649,0.566177,0.992259,-0.578208,0.155456
0.173011,0.775317,0.692354,0.208613,0.299996,0.283818,-1.173613,0.292380,0.452080,0.239076,0.531176,0.244667,0.416953,0.898109,0.220729,0.226062,0.290927,0.225972,-1.273771,1.179528,0.706697,-0.496402,-1.293484,0.843377,-0.783927,-0.559722,0.886776,0.136876,-0.280706,-0.628228,0.482259,0.099898,232.692657,1.181184,-1.283336,0.336637,0.229779,2.570508,-1.033707,-0.970557,0.778617,0.203392,0.272776,0.255596,1.164682,0.722335,-0.549352,0.176075
0.281357,1.243390,0.658868,0.017923,0.259887,0.089627,-0.718352,0.043851,-0.255103,0.012968,0.062472,0.265010,0.282273,-0.043357,0.109795,0.016850,0.004181,0.107877,-0.787405,0.722925,-0.002845,-0.310557,-1.062009,-0.111081,-0.011112,0.184439,0.652852,0.066857,-0.317905,-0.547185,0.049203,0.052160,211.332495,0.921975,-1.351809,0.010250,0.051502,1.695050,-0.308428,1.136100,0.034331,0.000887,0.195506,0.016486,0.120927,0.263197,0.094571,-0.185211
0.414505,1.181506,0.160395,0.010699,0.276399,0.198490,-0.647251,0.079944,-0.208518,0.003692,0.013234,0.123561,0.375339,-0.039755,0.013615,0.008994,0.006877,-0.169428,-0.699838,0.724377,-0.007276,0.046038,-1.196333,-0.223611,-0.022468,0.252140,0.494691,0.013188,-0.319047,-0.176281,0.049134,0.079691,47.768973,0.948540,-1.208074,0.032672,0.038185,0.817099,-0.305333,1.001870,0.059713,0.001378,0.028931,0.024731,0.109656,0.308416,-0.080152,-0.183704
0.552674,0.712656,0.340012,0.204761,0.383963,0.211011,-1.341589,0.252987,0.975974,0.081778,0.359474,0.113651,0.530174,0.217234,0.040049,0.127320,0.061528,-0.422150,-1.572315,0.795319,-0.003318,-0.107383,-1.480648,0.319131,-0.483830,-0.034237,0.567204,0.133139,-0.283285,-0.502110,0.190598,0.083344,117.749713,1.358362,-1.258186,0.075311,0.106642,2.262464,-0.553337,-0.769899,0.627345,0.056081,0.098320,0.360893,0.298988,0.482572,-0.519481,0.023479
0.839439,0.465840,0.417697,0.182550,0.367983,0.261529,-1.330196,0.124555,1.225763,0.139005,0.330544,0.201119,0.530174,0.217234,0.041420,0.123057,0.092150,0.149203,-1.530355,0.838892,-0.003318,-0.107383,-1.708391,0.589005,-0.483830,-0.034237,0.567204,0.158570,-0.183908,-0.502110,0.232194,0.235711,145.950681,1.331730,-1.346742,0.346295,0.118137,2.152000,-0.761034,-0.814753,0.527571,0.071093,0.128431,0.494463,0.314455,0.519372,-0.519481,0.189217
0.213127,0.507377,0.298589,0.295502,0.312428,0.265809,-1.220725,0.341953,1.225763,0.462322,0.512881,0.286690,0.686614,1.077040,0.218601,0.438270,0.295351,0.265979,-1.263919,0.900332,0.034709,-1.582415,-1.686128,0.589005,-0.904335,-1.840328,0.526255,0.245665,0.748674,-0.903799,1.169502,0.291499,88.709632,1.195695,-1.514605,0.355043,0.207700,1.555197,-0.761034,-0.814753,0.556736,0.295560,0.155012,0.155819,1.442132,0.854201,-0.334342,0.340880
0.213127,0.500132,1.001691,0.276523,0.375294,0.443407,-1.261133,0.209290,1.195845,0.435398,0.472936,0.433170,0.686614,1.077040,0.263250,0.435070,0.293423,0.265979,-1.364776,0.900332,0.034709,-1.582415,-2.087730,0.571707,-0.904335,-1.840328,0.708954,0.337228,0.252159,-0.903799,1.169502,0.329817,332.664726,1.269142,-1.430770,0.262273,0.276038,2.110211,-0.644904,0.089396,0.154384,0.278697,0.269116,0.232124,1.442132,0.854201,-0.322861,0.340880
0.748106,0.714456,2.024210,0.065537,0.393999,0.362314,-1.306607,0.292342,0.240627,0.026414,0.293180,0.501528,0.492547,-0.020047,0.118135,0.063336,0.022383,-0.719663,-1.264555,0.760907,-0.019640,0.142820,-2.026212,-0.253869,-0.286863,0.130706,0.922225,0.131790,-0.692274,-0.323843,0.074632,0.225138,542.446367,1.138260,-1.359142,0.039527,0.045880,2.083622,-0.326726,0.526879,0.069392,0.005961,0.222291,0.273292,0.137075,0.613842,0.101697,-0.171610
0.752905,0.560636,1.269224,0.456826,0.433939,0.400041,-1.343641,0.285039,0.334916,0.060155,0.818046,0.668882,0.596012,0.180315,0.318980,0.171221,0.152245,-0.054979,-1.552657,1.007516,-0.027810,0.148896,-1.334663,1.250715,-1.269526,-0.184919,0.737833,0.224423,-0.699333,-0.305826,0.106130,0.554896,423.783461,1.363116,-1.528808,0.081993,0.118182,1.937925,-0.604082,-0.519179,0.448071,0.099869,0.386467,0.267765,0.515869,0.613842,-0.472418,-0.171610
0.567393,0.331132,0.635595,0.539040,0.190036,0.476979,-1.249619,0.148386,0.722630,0.085056,1.014332,0.655899,0.576117,0.443268,0.117532,0.328588,0.293522,0.608732,-1.423303,1.007516,0.217750,-0.176298,-1.335509,1.500931,-1.269526,0.039023,0.737833,0.243778,-0.589923,-0.618706,0.146459,0.105555,214.153765,1.268813,-1.597181,0.185226,0.158594,2.125973,-0.604082,-0.542520,0.362232,0.145840,0.289549,0.359027,0.940455,0.481782,-0.472418,0.026048
0.567343,0.774946,1.037772,0.223980,0.227298,0.211297,-1.236257,0.065528,0.314690,0.063672,0.337976,0.370611,0.306196,0.443268,0.124202,0.197382,0.246058,0.700288,-1.342504,0.811051,0.163478,-0.450076,-1.482841,-0.121763,-0.218982,-0.203376,0.607595,0.162476,-0.004056,-0.618706,0.146459,0.128725,295.253574,1.185699,-1.394995,0.038170,0.101536,1.754480,-0.516389,0.523042,0.060274,0.093359,0.298214,0.070366,0.940455,0.553319,-0.284877,0.069346
0.589945,1.028569,0.528297,0.022895,0.239934,0.234394,-1.267381,0.086702,0.118837,0.012478,0.048494,0.224124,0.275948,-0.026477,0.123297,0.036486,0.024440,-0.098709,-1.342209,0.736497,0.016151,0.003678,-1.397291,-0.181818,-0.017716,0.185753,0.601001,0.050741,-0.124057,-0.275722,0.061625,0.099935,134.380707,1.299039,-1.335003,0.029547,0.032615,2.636668,-0.328616,0.790627,0.106259,0.007636,0.274521,0.076703,0.261602,0.303748,0.072031,-0.184501
0.655034,0.841194,0.184367,0.056787,0.377055,0.281427,-1.229234,0.396738,0.937589,0.123228,0.210772,0.265727,0.725590,0.193320,0.109751,0.076435,0.181341,0.111594,-1.290455,0.813202,0.223505,-0.005065,-1.604575,0.314804,-0.553710,-0.241435,0.654556,0.048868,-0.180630,-0.318272,0.320821,0.049150,73.028517,1.356190,-1.269888,0.173335,0.211015,1.035184,-0.410733,-0.551786,0.543537,0.075789,0.119554,0.308130,0.721746,0.429361,-0.606558,0.385360
0.578059,0.495862,0.165178,0.113121,0.392581,0.353807,-1.129448,0.399148,1.280093,0.254637,0.533695,0.405607,0.725590,0.193320,0.110120,0.124180,0.260836,0.515472,-1.080941,0.813202,0.581413,-0.590154,-1.708740,0.469633,-0.553710,-0.241435,0.654556,0.101677,-0.180630,-0.571581,0.320821,0.100076,69.722872,1.179273,-1.376770,0.418605,0.237030,1.152938,-0.611081,-0.561566,0.547953,0.164259,0.168781,0.540510,0.721746,0.777807,-0.606558,0.385360
-0.130191,0.344646,0.308688,0.173997,0.443461,0.360813,-1.277676,0.344115,1.280093,0.224240,0.447768,0.364198,0.760484,0.847348,0.376933,0.282549,0.271881,0.515472,-1.425956,0.915529,0.581413,-0.590154,-1.377384,0.448926,-0.793274,-1.207823,1.079485,0.174188,0.680074,-0.571581,0.700541,0.303417,91.992650,1.222007,-1.631789,0.393511,0.303919,0.476974,-0.503332,-0.180315,0.230382,0.248401,0.383455,0.179901,1.441965,0.811068,-0.973439,0.602581
0.122453,0.586887,2.891090,0.087306,0.427777,0.392163,-1.264407,0.330744,1.228887,0.050995,0.256810,0.314782,0.615100,0.013565,0.359939,0.117666,0.040519,0.251688,-1.451757,0.744048,0.036783,-0.327258,-2.228942,-0.059746,-0.093521,0.034661,1.079485,0.174108,-0.675480,-0.429242,0.081689,0.428533,878.704504,1.101081,-1.464245,0.063212,0.111681,2.072610,-0.317635,0.072683,0.322024,0.012641,0.394424,0.539572,0.290003,0.703481,0.037395,-0.002987
-0.836675,0.702825,2.537037,0.332540,0.549808,0.504423,-1.454820,0.690858,0.684033,0.201385,0.458567,0.538960,1.021755,0.806129,0.412886,0.199411,0.259605,0.968072,-1.601078,0.826915,-0.007684,-0.444088,-1.396269,0.214286,-0.951678,-0.450984,0.992783,0.299825,-1.095133,-0.549023,0.174827,0.497035,969.177024,1.398888,-1.343270,0.184773,0.234004,1.993751,-0.889510,-0.816655,0.542441,0.182501,0.401570,0.510759,1.214506,1.263023,-1.043676,0.396648
-0.836675,0.668254,0.547563,0.314525,0.663513,0.476204,-1.380533,0.639983,1.049340,0.264256,0.649037,0.565211,1.021755,0.806129,0.411202,0.256994,0.271513,0.968072,-1.537548,1.004615,1.063605,-0.726539,-1.594894,1.318419,-0.951678,-0.450984,1.090503,0.292375,-1.095133,-1.023254,0.174827,0.777209,204.868667,1.393581,-1.392582,0.714791,0.304716,1.294319,-1.048600,-1.064370,0.721535,0.192376,0.369214,0.811361,1.214506,1.263023,-1.043676,0.396648
-0.196905,0.624192,0.447360,0.408286,0.723491,0.395712,-1.344475,0.317183,1.049340,0.550733,0.661594,0.513132,1.098153,2.052718,0.413998,0.510305,0.614749,0.548250,-1.451839,1.123138,1.063605,-1.074181,-1.177942,1.318419,-1.306640,-1.589627,1.090503,0.472599,0.257665,-1.023254,1.572813,0.340300,128.434369,1.354888,-1.538736,0.765464,0.549322,1.518563,-1.048600,-0.982141,0.642576,0.567073,0.518619,0.225554,1.731746,1.153219,-1.363925,1.324967
-0.196905,0.679456,2.754157,0.319667,0.532928,0.521483,-1.405057,0.445921,0.738741,0.270071,0.664560,0.321201,1.098153,1.981043,0.484209,0.411011,0.450896,0.041311,-1.542310,1.123138,0.195385,-1.074181,-1.692549,0.655434,-1.306640,-0.624267,1.367313,0.455801,-0.667162,-0.721531,1.487913,0.541303,908.374216,1.453489,-1.395474,0.168868,0.258447,1.423246,-0.753832,0.192720,0.243891,0.385155,0.567745,0.446794,1.731746,1.132239,-0.976816,0.184578
-0.893940,0.698269,2.557568,0.394326,0.585209,0.592609,-1.438182,0.659860,0.504513,0.215359,0.637139,0.513467,1.123836,0.963174,0.434008,0.275546,0.306368,1.230857,-1.546370,0.791602,-0.006847,-0.754113,-1.673583,0.136229,-1.049467,-0.625054,1.367313,0.317232,-1.162129,-0.730560,0.170323,0.550807,1081.625980,1.222492,-1.341833,0.186472,0.272874,1.934497,-0.969701,-0.824397,0.539785,0.193322,0.541135,0.478360,1.638251,1.629971,-1.106869,0.443332
-0.893940,0.674534,0.959942,0.342575,0.684878,0.634667,-1.356449,0.649986,1.123798,0.307694,0.786294,0.481330,1.123836,0.963174,0.398605,0.327855,0.323483,1.230857,-1.506255,1.030579,0.910421,-0.861121,-1.658177,0.951070,-1.049467,-0.625054,1.132664,0.302485,-1.162129,-1.202005,0.193502,0.853144,391.588173,1.320593,-1.503208,0.734267,0.344722,1.278861,-1.077873,-1.074875,0.721895,0.203707,0.520890,0.854121,1.638251,1.629971,-1.106869,0.443332
-0.296181,0.629319,1.411664,0.277316,0.674079,0.410372,-1.450474,0.379735,1.123798,0.557436,0.526940,0.586124,1.047251,1.968501,0.509939,0.532881,0.455008,0.675871,-1.734443,0.967133,0.910421,-0.861121,-1.318076,0.951070,-1.311798,-1.621466,1.132664,0.382926,0.129789,-1.202005,1.320537,0.353554,377.194121,1.457359,-1.562464,0.719373,0.520470,2.017114,-1.077873,-1.039476,0.644678,0.469590,0.517420,0.287964,1.760773,1.047057,-1.297101,0.869589
-0.296181,0.778786,3.110800,0.197815,0.504141,0.568593,-1.377341,0.451446,0.673157,0.146038,0.275898,0.505013,1.047251,1.968501,0.551759,0.424823,0.265530,0.471963,-1.564699,0.967133,0.050429,-0.650932,-1.976271,0.123166,-0.770852,-1.256352,1.410931,0.347679,-0.783992,-0.606566,0.136819,0.470681,915.841666,1.347107,-1.136770,0.163834,0.241622,1.729039,-0.652029,0.378080,0.215805,0.266257,0.601469,0.439340,1.760773,0.861836,-0.617784,-0.000047
-0.954455,0.766163,2.356964,0.353586,0.571043,0.642921,-1.178233,0.695437,0.206352,0.200470,0.342526,0.706839,1.073031,0.766617,0.455367,0.259303,0.306439,1.736168,-0.970537,0.848869,0.025166,-0.411335,-1.686796,-0.015708,-1.533081,-0.519746,1.410931,0.222892,-1.257653,-0.580181,0.166028,0.555309,922.258278,0.942467,-1.437128,0.190236,0.249749,1.895526,-0.938399,-0.930880,0.593691,0.172181,0.611655,0.442670,1.473846,1.719384,-1.121394,0.393832
-0.954455,0.666649,0.878604,0.341248,0.685209,0.720590,-1.388330,0.682758,1.060757,0.279408,0.710048,0.635009,1.073031,0.766617,0.401893,0.336623,0.358837,1.736168,-1.409643,1.044675,0.982444,-0.805315,-1.705744,1.169515,-1.533081,-0.836695,1.114388,0.220655,-1.257653,-1.246987,0.175554,0.783779,355.389258,1.254901,-1.451801,0.739113,0.317151,1.712976,-1.060381,-1.036913,0.709574,0.192335,0.552384,0.874857,1.473846,1.719384,-1.121394,0.440802
-0.162360,0.575874,0.378122,0.386404,0.701511,0.395437,-1.370874,0.327944,1.060757,0.521048,0.620523,0.855598,1.222155,2.113590,0.522056,0.674625,0.632648,1.140450,-1.225019,1.204236,0.982444,-0.955533,-1.822873,1.169515,-1.815824,-1.652014,1.114388,0.406455,0.261166,-1.246987,1.394541,0.345122,113.894437,1.062109,-1.711024,0.757479,0.597463,1.952220,-1.060381,-0.860900,0.584123,0.543506,0.527184,0.240230,1.694720,1.005025,-1.564197,1.229955
-0.162360,0.753466,3.359073,0.282520,0.472852,0.570604,-1.420963,0.424955,0.796935,0.178050,0.377198,0.323207,1.187468,2.113590,0.530137,0.368528,0.453755,-0.316606,-1.251778,0.885223,0.091871,-0.718476,-1.805458,0.194713,-0.435653,-0.507312,1.143498,0.371334,-0.629723,-0.721429,0.072924,0.537964,946.782710,1.134998,-1.286660,0.182092,0.311279,1.878470,-0.662614,0.206317,0.316487,0.270216,0.538534,0.450081,1.678364,0.869823,-0.140148,-0.002692
-0.783844,0.780741,2.890431,0.451030,0.568820,0.494884,-1.314655,0.656222,0.340586,0.192666,0.532716,0.449884,0.996520,0.807860,0.423577,0.244599,0.270428,0.722692,-1.392960,0.896087,0.056311,-0.462083,-1.432994,0.154192,-1.253404,-0.372951,1.143498,0.295977,-1.031082,-0.650281,0.167183,0.544551,1015.652793,1.255083,-1.341075,0.202041,0.221125,2.101130,-1.021376,-0.789853,0.584315,0.194255,0.424325,0.412657,1.367156,1.134059,-0.953713,0.322075
-0.783844,0.671890,0.568671,0.402235,0.661310,0.530230,-1.372773,0.660046,0.995999,0.279661,0.826900,0.381611,0.996520,0.807860,0.392138,0.287422,0.307041,0.722692,-1.565524,1.035762,0.934611,-0.739102,-1.387751,1.215554,-1.253404,-0.372951,0.962649,0.274006,-1.031082,-0.778056,0.182936,0.858194,212.437268,1.399714,-1.474538,0.705580,0.297027,1.192515,-1.021376,-0.973748,0.723710,0.203719,0.406033,0.765671,1.367156,1.134059,-0.953713,0.322075
0.075554,0.623672,0.773214,0.356679,0.667959,0.331680,-1.221236,0.267275,0.995999,0.478333,0.551178,0.577476,1.061758,1.546132,0.383206,0.558769,0.472396,0.632740,-1.306821,0.974593,0.934611,-0.872417,-1.701971,1.215554,-1.239269,-1.267070,0.962649,0.394092,0.236225,-0.778056,1.449040,0.354020,235.422736,1.249830,-1.680605,0.711412,0.508443,1.093584,-1.014809,-0.965170,0.651220,0.449083,0.547320,0.221938,1.049289,0.884896,-1.533625,0.937710
0.075554,0.659691,2.703055,0.256896,0.519245,0.619322,-1.131511,0.323943,0.703932,0.202350,0.556398,0.281870,1.061758,1.546132,0.458693,0.527531,0.285551,0.124525,-1.223752,0.911686,0.039097,-0.872417,-1.687557,0.605398,-1.239269,-0.864091,1.255858,0.378884,-0.733488,-0.763539,1.449040,0.523103,826.681036,1.201780,-1.531917,0.160538,0.254460,1.923762,-0.450701,0.245154,0.204176,0.331681,0.633094,0.435803,1.049289,0.884117,-1.103467,0.495120
-0.823817,0.665096,1.878888,0.444499,0.565472,0.442091,-1.474166,0.611948,0.317356,0.186565,0.601611,0.409160,1.026689,0.867102,0.433637,0.203965,0.260577,0.387159,-1.734348,0.893097,0.029425,-0.371604,-1.332359,0.419038,-0.961486,-0.705716,1.255858,0.247731,-1.103587,-0.495358,0.129826,0.537278,731.094512,1.466577,-1.429963,0.175734,0.231648,1.535451,-1.025105,-0.929419,0.551411,0.186719,0.473629,0.429515,1.313124,1.036401,-0.909978,0.314202
-0.823817,0.696789,0.286487,0.380082,0.657917,0.522144,-1.375775,0.588586,1.152678,0.236476,0.619038,0.376082,1.026689,0.867102,0.406712,0.343799,0.330362,0.387159,-1.585567,1.117126,0.679011,-0.414376,-2.312906,1.138951,-0.961486,-0.705716,1.067632,0.245225,-1.103587,-0.987421,0.239666,0.760723,107.711074,1.385128,-1.515763,0.712180,0.276547,1.402899,-1.070162,-1.135327,0.695191,0.202356,0.452119,0.853377,1.313124,1.036401,-0.924806,0.314202
-0.215317,0.622001,0.736589,0.409178,0.682916,0.436805,-1.397813,0.377935,1.152678,0.397620,0.564001,0.533003,0.934637,1.390940,0.425937,0.675054,0.558449,0.238359,-1.537161,0.985703,0.679011,-0.792200,-1.552569,1.137390,-1.943691,-2.998322,1.053303,0.397251,0.331763,-0.987421,0.842463,0.282307,216.056201,1.381552,-1.753243,0.722704,0.489878,0.676163,-1.070162,-1.073033,0.647524,0.413211,0.447196,0.246886,1.498004,1.130276,-0.888564,0.925317
-0.215317,0.657923,2.353699,0.243889,0.483453,0.451007,-0.855685,0.448940,0.843295,0.092229,0.422034,0.198167,0.882246,1.390940,0.388560,0.328219,0.283217,-0.604858,-0.370586,0.818993,0.146191,-0.792200,-2.072125,-0.102031,-0.356841,0.048376,1.250520,0.363563,-0.602210,-0.727506,0.068940,0.605494,722.318265,0.425939,-1.151887,0.133792,0.238088,2.037700,-0.479694,0.265963,0.232283,0.168123,0.484312,0.445548,1.385451,0.878882,0.180985,-0.045132
0.020293,0.710281,1.385206,0.422047,0.559574,0.423528,-1.250324,0.473070,0.406716,0.211593,0.687683,0.633707,0.977520,0.709483,0.369167,0.286059,0.280634,1.021092,-1.211642,1.132892,0.289894,-0.122987,-1.731253,1.061885,-1.364271,-0.690457,1.250520,0.325539,-0.973314,-0.764495,0.244907,0.570830,555.836011,1.080184,-1.562435,0.206040,0.276376,1.820407,-0.804514,-0.888105,0.643396,0.176296,0.384391,0.409663,1.527260,0.878882,-0.985905,0.362261
0.020293,0.724156,0.212299,0.385850,0.643321,0.628129,-1.337884,0.477437,1.202558,0.257290,0.792732,0.609329,0.977520,0.709483,0.389867,0.536237,0.441722,1.021092,-1.377179,1.184865,0.790521,-0.651362,-1.230846,1.682808,-1.364271,-0.690457,1.121906,0.336997,-0.973314,-1.116170,0.244907,0.753990,82.571891,1.258512,-1.535483,0.701295,0.309345,1.442823,-1.053497,-1.268870,0.662688,0.202210,0.320190,0.826548,1.527260,0.856506,-0.985905,0.362261
0.288360,0.626696,0.564830,0.524614,0.658268,0.328531,-1.353548,0.247271,1.202558,0.511853,0.747049,0.398262,0.968389,1.918722,0.288942,0.857222,0.667356,-0.109328,-1.479004,1.062262,0.607888,-1.571490,-1.249295,1.150437,-1.854372,-1.298875,0.851065,0.422538,0.372942,-1.116170,1.529499,0.318725,185.113675,1.384602,-1.494769,0.696204,0.474232,1.051150,-1.053497,-1.214789,0.643075,0.512111,0.434641,0.235984,2.929308,1.020640,-0.960642,0.996140
0.288360,0.714185,2.707786,0.267792,0.454170,0.422927,-0.770457,0.213684,0.749500,0.112520,0.592870,0.250433,0.860913,1.264339,0.348754,0.293477,0.231427,-0.622011,-0.373603,0.814423,0.119103,-1.571490,-2.003025,0.197383,-0.411964,-1.112026,1.060018,0.427150,-0.682101,-0.688115,0.126251,0.524784,848.562248,0.356182,-1.629035,0.112326,0.201845,1.925227,-0.362536,0.167225,0.270035,0.175189,0.495316,0.449360,1.021889,0.441361,-0.960642,0.179080
-1.176554,0.747608,2.272316,0.540525,0.533295,0.624615,-1.573106,0.698757,0.359704,0.160200,0.666477,0.597394,0.945088,0.783673,0.378645,0.357584,0.254838,0.504786,-1.527558,0.757871,0.133734,-0.260340,-1.816995,0.239598,-1.039625,-0.803293,1.060018,0.300084,-1.171821,-0.540733,0.108170,0.500653,887.176391,1.407320,-1.721719,0.159991,0.234377,1.942922,-1.085495,-0.912132,0.524205,0.193964,0.490182,0.450636,1.379110,1.377397,-1.160541,0.426450
-1.176554,0.715723,0.752082,0.461608,0.637487,0.684514,-1.437057,0.696703,1.294809,0.218231,0.929956,0.484240,0.945088,0.783673,0.408253,0.419817,0.286501,0.690972,-1.606417,1.083042,0.908093,-0.511755,-1.532227,1.282996,-1.039625,-0.803293,1.152892,0.276497,-1.171821,-0.839133,0.164580,0.841729,308.805506,1.368966,-1.543932,0.693357,0.289705,1.204058,-1.085495,-1.246226,0.744521,0.203795,0.470995,0.936071,1.379110,1.377397,-1.160541,0.426450
-0.272797,0.617266,0.649227,0.373655,0.709550,0.502051,-1.314979,0.376939,1.294809,0.571725,0.629066,0.724227,1.120176,2.065853,0.408315,0.789388,0.608275,0.782770,-1.550801,0.951281,0.908093,-0.786627,-1.545763,1.568206,-2.136196,-1.126882,1.152892,0.396823,0.458380,-0.839133,1.632685,0.293000,220.888826,1.357647,-1.591613,0.754260,0.507642,1.564430,-1.059824,-0.976301,0.636754,0.479568,0.538946,0.263522,2.018724,1.483691,-0.903966,0.968972
-0.272797,0.665825,2.527417,0.268782,0.507818,0.437370,-1.222718,0.457381,0.890283,0.169585,0.332625,0.337654,1.120176,2.065853,0.445332,0.480495,0.419315,-0.006382,-1.223809,0.932042,0.066872,-0.786627,-1.741030,0.026254,-0.439509,-0.648737,1.107869,0.374815,-0.576017,-0.572947,0.054679,0.587211,851.817749,1.068717,-1.138073,0.179081,0.247803,1.861419,-0.691869,0.233051,0.258090,0.305699,0.570462,0.433165,1.569864,1.483691,-0.481180,-0.028836
-0.962380,0.724035,2.098602,0.400209,0.566539,0.392951,-1.013687,0.669011,0.449318,0.202986,0.450986,0.487797,1.000286,0.980684,0.365386,0.265472,0.284773,0.712303,-0.502641,0.909922,0.026777,-0.397074,-1.498801,0.226444,-1.164498,-0.592443,1.107869,0.278147,-1.009498,-0.551258,0.196891,0.552454,863.249705,0.374404,-1.551464,0.195633,0.250618,1.733412,-1.222068,-1.133537,0.615495,0.220296,0.482647,0.452784,1.460546,1.452450,-1.218879,0.364078
-0.962380,0.754776,0.525638,0.368213,0.685282,0.564719,-1.300630,0.674837,1.390884,0.292525,0.668394,0.462281,1.000286,0.980684,0.362679,0.383042,0.342478,0.769540,-1.290935,1.071041,0.817681,-0.533320,-1.717681,0.967459,-1.164498,-0.613693,1.106447,0.267464,-1.009498,-1.032011,0.198970,0.832933,213.624850,1.140187,-1.620929,0.735476,0.317100,1.350934,-1.222068,-1.334981,0.776742,0.234213,0.434577,0.922108,1.460546,1.452450,-1.218879,0.364078
-0.221211,0.579869,0.909703,0.379031,0.698716,0.429235,-1.455247,0.397546,1.390884,0.548527,0.616875,0.804681,1.181504,1.943693,0.395815,0.795601,0.712449,1.024273,-1.455724,1.153263,0.817681,-0.676079,-0.953967,1.006800,-1.983132,-1.720800,1.106447,0.405252,0.248960,-1.032011,1.740202,0.327278,267.206427,1.332879,-1.684686,0.746677,0.506009,1.767948,-1.135350,-1.085500,0.613477,0.541657,0.522063,0.367868,2.397564,1.157879,-1.030331,0.900435
-0.221211,0.642897,2.630686,0.237186,0.500498,0.519752,-1.197221,0.411454,0.804961,0.189061,0.399756,0.504705,1.181504,1.883001,0.485450,0.429073,0.515053,0.124144,-0.902373,1.153263,0.220978,-0.676079,-1.794669,0.347403,-0.681871,-1.282657,1.316073,0.369377,-0.638339,-0.468058,0.123985,0.546290,835.739497,0.800221,-1.465830,0.162193,0.253859,1.675648,-0.650138,0.178692,0.246804,0.295527,0.616887,0.423416,2.397564,0.824961,-0.232476,0.302639
-0.943245,0.689916,1.965099,0.358814,0.553888,0.476209,-1.477865,0.665198,0.251763,0.202320,0.496461,0.466591,0.991996,0.856313,0.440307,0.210209,0.254524,0.699896,-1.428310,0.897382,-0.003177,-0.316205,-1.521833,0.201471,-0.990566,-0.411468,1.316073,0.263181,-1.015251,-0.650369,0.178113,0.544343,789.254175,1.192620,-1.389852,0.178420,0.239699,1.571887,-1.071080,-0.842861,0.543189,0.188051,0.591965,0.401832,1.275470,1.486007,-0.983603,1.157265
-0.943245,0.660234,0.513779,0.316712,0.658275,0.584011,-1.394776,0.641506,1.003937,0.262669,0.782079,0.390965,0.991996,0.856313,0.372886,0.243999,0.255170,0.699896,-1.456558,1.045825,1.060212,-0.692498,-1.501696,1.020003,-0.990566,-0.411468,1.002095,0.263350,-1.015251,-1.001134,0.181187,0.889119,197.766072,1.293223,-1.396511,0.712613,0.313077,1.086623,-1.071080,-1.100560,0.706217,0.198498,0.526507,0.775775,1.275470,1.486007,-0.983603,1.157265
-0.216423,0.628599,0.420856,0.293794,0.724019,0.440113,-1.282078,0.274817,1.003937,0.598064,0.562696,0.356141,1.101858,1.873648,0.387699,0.514260,0.613788,0.396224,-1.380044,1.218179,1.060212,-3.957874,-1.274138,1.020003,-1.112601,-1.822811,1.002095,0.451680,0.223223,-1.001134,1.623051,0.343440,127.937975,1.202844,-1.590613,0.764444,0.568312,1.190996,-1.043807,-0.943728,0.629939,0.569183,0.480551,0.210420,1.357378,0.981376,-1.780652,1.398674
-0.216423,0.616107,2.392567,0.235741,0.530930,0.522577,-1.373014,0.440027,0.736735,0.204578,0.430625,0.251762,1.101858,1.865758,0.443330,0.409443,0.394743,0.294145,-1.492695,1.145597,0.088006,-3.957874,-1.953891,0.611157,-1.103464,-0.625444,1.195359,0.367907,-0.611998,-0.822101,0.678097,0.515538,736.894447,1.155905,-1.462506,0.154028,0.236393,2.106751,-0.673813,0.231741,0.205465,0.356665,0.501546,0.421682,1.357378,0.958910,-0.863102,0.006003
-0.746318,0.648986,1.883450,0.359292,0.573587,0.332718,-1.491307,0.652142,0.401039,0.198359,0.643846,0.364405,0.963105,0.827751,0.417241,0.264893,0.254959,0.817464,-1.556763,0.979584,0.143631,-0.761362,-1.857560,0.319299,-0.904220,-0.467149,1.195359,0.357450,-0.964458,-1.032189,0.184595,0.559393,727.907552,1.308407,-1.396115,0.187434,0.254806,1.995989,-0.890805,-0.871481,0.563474,0.199132,0.390033,0.428484,1.054766,1.257571,-1.117201,0.305260
-0.746318,0.679053,0.455080,0.322722,0.672711,0.473608,-1.389296,0.599447,1.101890,0.293823,0.804234,0.451267,0.963105,0.827751,0.402947,0.300783,0.279491,0.817464,-1.559276,1.059672,0.826729,-0.933206,-1.948476,1.039226,-0.904220,-1.596915,1.054023,0.341324,-0.964458,-1.193360,0.184595,0.894417,172.742647,1.392962,-1.361249,0.727119,0.348157,0.880230,-1.092856,-1.135195,0.699599,0.227606,0.384807,0.792945,1.054766,1.257571,-1.332188,0.849161
-0.268289,0.560867,1.976842,0.383659,0.703797,0.412685,-1.372699,0.343949,1.101890,0.560908,0.624260,0.519754,1.220853,2.118008,0.405793,0.775738,0.594930,0.597002,-1.609700,1.085119,0.826729,-1.067956,-1.615529,1.039226,-1.548373,-1.768187,1.020734,0.532487,0.057953,-1.193360,1.650499,0.379743,613.708043,1.456752,-1.562732,0.748255,0.539912,1.859715,-1.092856,-0.942581,0.548783,0.520679,0.464468,0.317186,1.815346,1.073441,-1.332188,1.074706
-0.268289,0.487980,2.742709,0.146202,0.471136,0.654735,-1.118441,0.379329,0.786107,0.101845,0.379509,0.477358,0.944457,0.336951,0.337410,0.422104,0.248583,0.196027,-1.012034,0.889629,0.088521,-0.958204,-1.963592,0.457880,-0.520629,-0.233181,1.153669,0.427276,-0.582608,-1.133049,0.163169,0.492492,956.704400,0.879800,-1.382637,0.133456,0.257012,1.703014,-0.621455,0.161824,0.168576,0.082371,0.453589,0.365213,1.441757,0.814871,-0.330974,-0.030622
-0.064051,0.625679,0.909220,0.258026,0.465432,0.314585,-1.287332,0.445979,0.464956,0.146137,0.524197,0.533296,0.726284,0.661608,0.306970,0.166022,0.165006,0.732894,-1.565666,1.226416,0.609011,-0.427969,-1.785211,0.710301,-0.728596,-0.321819,0.860703,0.236584,-0.761860,-0.791944,0.233144,0.600427,392.707502,1.479418,-1.331280,0.341562,0.273320,1.741515,-1.034829,-1.052194,0.672038,0.146229,0.471105,0.389227,0.679714,1.150652,-0.600290,0.241845
0.242346,0.879468,0.909910,0.210234,0.319317,0.240083,-1.065607,0.244788,0.505349,0.292848,0.525023,0.289774,0.484266,0.682487,0.129931,0.230756,0.298698,0.653986,-0.909457,0.904633,0.654598,-0.576079,-1.214094,0.705183,-0.151349,-0.333768,0.753461,0.155179,-0.350678,-0.852158,0.285442,0.071671,328.276966,0.947488,-1.281442,0.355123,0.260410,2.311052,-0.901347,-0.675453,0.504774,0.186535,0.322659,0.265724,1.365559,0.453347,-0.178601,0.412512
0.413528,1.280569,0.518603,0.007438,0.259845,0.113716,-0.736223,0.059798,-0.276409,0.006813,0.020088,0.085922,0.268794,-0.043846,0.014322,0.010150,0.007963,-0.084056,-0.811968,0.708743,-0.008535,-0.143628,-1.033521,-0.206112,-0.019401,0.285493,0.466029,0.021648,-0.321423,-0.286195,0.048271,0.017703,155.504274,1.087555,-1.263936,0.006692,0.019180,1.497292,-0.305195,1.254130,0.017363,0.001315,0.037944,0.011515,0.126938,0.216370,0.088132,-0.279708
0.534014,1.280826,1.891349,0.009430,0.245747,0.117468,-1.028167,0.018689,-0.181566,0.004940,0.039317,0.062664,0.254018,-0.040637,0.016183,0.011110,0.004955,-0.442067,-0.961068,0.716998,-0.006914,0.025356,-0.923890,-0.203778,-0.019495,0.289481,0.477990,0.016784,-0.312822,-0.143840,0.048484,0.056255,511.806579,0.982298,-1.149149,0.005229,0.014398,1.963789,-0.304651,1.233504,0.024638,0.001050,0.025935,0.036185,0.102352,0.214878,0.059130,-0.313833
0.564137,1.048513,1.076026,0.246436,0.338555,0.224637,-1.265686,0.193814,0.802575,0.056704,0.407196,0.346671,0.590799,0.329950,0.018864,0.104930,0.086513,-0.378579,-0.958329,0.721868,0.035780,0.071881,-1.317668,0.022018,-0.252379,-0.220390,0.454739,0.133371,-0.255497,-0.637721,0.320860,0.142982,383.314382,1.005030,-1.541621,0.111415,0.173820,0.909559,-0.461992,-0.258042,0.428635,0.075477,0.051934,0.281243,0.516307,0.684669,-1.007670,0.154693
0.572691,0.669711,0.755027,0.226322,0.359064,0.286873,-1.157452,0.269063,1.123130,0.133188,0.442748,0.438623,0.590799,0.329950,0.130121,0.123141,0.103685,0.011426,-0.861699,0.908311,0.035780,0.026543,-1.498394,0.447593,-0.371417,-0.220390,0.807092,0.170535,-0.207034,-0.637721,0.320860,0.194332,280.350463,0.872572,-1.268301,0.343113,0.204161,1.898835,-0.909461,-0.374183,0.617132,0.103030,0.216925,0.519298,0.516307,0.702783,-1.007670,0.227733
0.232243,0.461288,0.186271,0.281594,0.368280,0.272855,-1.228474,0.377776,1.123130,0.375864,0.618925,0.465812,0.804826,0.994679,0.406923,0.342442,0.245087,0.748661,-1.355958,0.941269,0.039545,-1.507760,-1.706177,0.447593,-0.864091,-1.749643,0.807092,0.213708,0.599517,-0.637721,1.239930,0.351604,61.553156,1.253905,-1.764130,0.405345,0.306103,1.195242,-0.909461,-0.374183,0.444284,0.295491,0.452995,0.193637,1.183324,1.086501,-0.682361,0.333006
0.232243,0.555042,0.492543,0.257767,0.399289,0.220399,-1.265593,0.199050,1.024110,0.330194,0.585139,0.471105,0.804826,0.994679,0.450784,0.344523,0.224740,0.748661,-1.439856,0.941269,0.039545,-1.507760,-2.281673,0.376114,-0.864091,-1.749643,0.854872,0.279843,0.276669,-0.437288,1.239930,0.299788,130.844635,1.323165,-1.657325,0.301334,0.319865,1.392870,-0.739982,0.202703,0.172279,0.260464,0.529252,0.176640,1.183324,1.086501,-0.331159,0.333006
0.334595,0.494859,0.761809,0.423661,0.344647,0.646259,-0.866278,0.206654,0.927286,0.187620,0.814807,0.668674,0.554972,0.279963,0.270427,0.524423,0.382657,0.638988,-0.717018,1.110956,0.048372,-1.226381,-1.539391,1.487894,-0.636471,-1.425494,0.680307,0.310008,0.281138,-0.681641,0.128031,0.190109,216.157130,0.671086,-1.472296,0.285240,0.238842,1.084313,-0.714049,-0.219685,0.197886,0.136514,0.331006,0.124987,0.890222,0.589942,-0.618955,0.333641
0.877724,0.600198,1.028403,0.043470,0.293111,0.196234,-0.883781,0.121341,0.460379,0.011831,0.184856,0.286670,0.343064,-0.036164,0.240092,0.054471,0.012957,-1.016560,-0.992837,0.731301,-0.003343,0.160655,-1.304561,-0.317255,-0.032364,0.170072,0.916657,0.075169,-0.203896,-0.493034,0.051430,0.219615,277.418764,0.998806,-1.221454,0.026186,0.030364,2.238038,-0.318233,0.446312,0.086091,0.002692,0.240057,0.202260,0.121971,0.463895,0.125302,-0.143980
0.348713,1.220140,1.063296,0.022090,0.231970,0.372597,-0.893457,0.060735,0.187868,0.020826,0.085240,0.577071,0.266630,-0.037637,0.153215,0.053172,0.011433,1.007959,-0.955813,0.732015,0.014855,-0.260373,-1.111652,-0.042251,-0.012494,0.165800,0.737725,0.093986,-0.085662,-0.446124,0.051238,0.067787,395.925589,1.027762,-1.286627,0.028487,0.074659,1.918945,-0.313324,0.974047,0.088465,0.002608,0.287064,0.057784,0.131705,0.222428,0.013722,-0.177617
0.411547,1.178056,0.518192,0.014795,0.245307,0.336989,-0.758778,0.021500,-0.132007,0.008565,0.065857,0.362529,0.271100,-0.041144,0.014507,0.016570,0.005608,0.527488,-0.857537,0.711904,0.000394,-0.135020,-1.019965,-0.192919,-0.012679,0.268261,0.493140,0.034599,-0.250395,-0.302400,0.050055,0.029289,176.299329,1.145382,-1.388256,0.015317,0.025588,1.579433,-0.307686,1.121030,0.026823,0.001608,0.062551,0.033577,0.128541,0.307899,0.034097,-0.263401
0.451908,1.221823,0.437604,0.008499,0.236495,0.249300,-0.821897,0.029995,-0.137531,0.002809,0.029919,0.127614,0.243702,-0.040265,0.014913,0.005786,0.003272,-0.127719,-0.922635,0.706228,0.002931,0.031790,-1.067250,-0.195195,-0.006989,0.284490,0.454780,0.007848,-0.264257,-0.174838,0.049420,0.051283,139.699459,1.015911,-1.422569,0.006310,0.008901,2.015582,-0.310698,1.182283,0.021884,0.000850,0.035304,0.028561,0.108570,0.139023,0.026900,-0.294093
0.439677,1.177151,0.424791,0.001556,0.244841,0.046129,-0.701184,0.048707,-0.117534,0.001738,0.004856,0.090229,0.251332,-0.039487,0.013458,0.003463,0.003021,0.075114,-0.734854,0.705532,-0.005075,0.030740,-1.060862,-0.214304,-0.008491,0.292262,0.468423,0.005128,-0.192774,-0.291899,0.050062,0.015462,127.925239,0.970499,-1.068106,0.003621,0.011498,1.732811,-0.302560,1.163521,0.009425,0.000647,0.041631,0.020824,0.101134,0.238507,0.081287,-0.318590
0.439491,0.825260,0.539500,0.073415,0.367955,0.235819,-1.415786,0.266643,1.300651,0.134846,0.190119,0.221254,0.707078,0.261184,0.079077,0.091884,0.146192,0.099429,-1.496875,0.857128,0.149544,-0.226066,-1.434518,0.489535,-0.389337,-0.178323,0.609562,0.098481,-0.152381,-0.311151,0.337105,0.090293,161.572937,1.447802,-1.231457,0.192050,0.180840,2.486177,-0.519969,-0.691488,0.658364,0.088247,0.240147,0.436330,0.570864,0.528232,-0.866038,0.257727
0.346933,0.460016,0.464294,0.120530,0.402925,0.327559,-1.272998,0.255127,1.436804,0.252861,0.428458,0.431224,0.707078,0.261184,0.107829,0.109318,0.219090,0.692233,-1.262115,0.857128,0.576507,-0.597814,-1.608990,0.579759,-0.389337,-0.178323,0.681412,0.153017,0.112282,-0.523003,0.337105,0.129835,143.459359,1.140003,-1.398463,0.426596,0.201489,2.461278,-0.706676,-0.691488,0.514515,0.228293,0.247855,0.443557,0.570864,1.036751,-0.866038,0.410317
-0.102972,0.351563,0.289551,0.130409,0.422943,0.331754,-1.407837,0.258923,1.410199,0.165126,0.321748,0.387228,0.788680,1.065140,0.344258,0.202785,0.261495,0.692233,-1.505982,1.067624,0.576507,-0.597814,-2.255954,0.482469,-0.644609,-1.159139,1.037968,0.225410,0.547255,-0.523003,0.435417,0.288539,89.754998,1.254310,-1.500115,0.341709,0.343869,0.511370,-0.603488,0.014675,0.162020,0.297786,0.420834,0.201702,1.107151,1.036751,-1.272688,0.812583
0.192855,0.653175,2.973706,0.060212,0.404226,0.394557,-1.234508,0.314373,1.227226,0.020465,0.207163,0.459633,0.563689,-0.005815,0.239794,0.081201,0.030571,0.335408,-1.170939,0.725290,0.048865,-0.163801,-2.237523,-0.009127,-0.110214,-0.015834,1.037968,0.111885,-0.670017,-0.368346,0.083280,0.430503,834.334738,1.020980,-1.437003,0.047125,0.080048,1.832342,-0.318727,0.123847,0.330769,0.007729,0.328148,0.539603,0.206758,0.624961,0.109763,-0.010317
-0.896643,0.752824,2.868352,0.311960,0.551140,0.611330,-1.224587,0.721588,0.536165,0.190393,0.342871,0.583833,1.004952,0.724689,0.318559,0.204751,0.268575,1.033601,-1.049600,0.818089,0.004656,-0.404893,-1.354174,0.091331,-0.936697,-0.505175,0.928386,0.220874,-1.027278,-0.599848,0.161632,0.483301,992.672361,0.706716,-1.341407,0.186842,0.217426,1.729264,-0.820552,-0.891191,0.581471,0.175710,0.429800,0.446278,1.218203,1.408785,-1.052960,0.371232
-0.896643,0.689132,0.762134,0.291320,0.682405,0.612358,-1.445038,0.692996,1.220512,0.265900,0.568807,0.517432,1.004952,0.724689,0.351137,0.225480,0.284748,1.033601,-1.637940,0.976072,1.096561,-0.659325,-1.532822,1.223592,-0.936697,-0.505175,1.034333,0.252893,-1.027278,-1.037918,0.161632,0.760834,254.645312,1.288742,-1.285839,0.731722,0.292752,2.153417,-1.145631,-1.131552,0.745182,0.174970,0.396639,0.856411,1.218203,1.408785,-1.052960,0.371232
-0.335456,0.599935,0.552142,0.335585,0.745470,0.559742,-1.152003,0.292048,1.220512,0.632790,0.587602,0.429302,1.157139,2.064445,0.408684,0.503779,0.637500,0.662666,-1.285804,1.197438,1.096561,-1.384005,-0.928825,1.223592,-0.961392,-1.588065,1.034333,0.430469,0.334089,-1.037918,1.682801,0.319402,161.130767,1.184731,-1.598424,0.788964,0.591058,1.585480,-1.145631,-1.056694,0.644897,0.605208,0.421047,0.255346,2.155376,1.196009,-1.465852,1.229916
-0.335456,0.645826,3.227272,0.255566,0.533034,0.604795,-1.157435,0.438014,0.812164,0.493852,0.606242,0.270717,1.157139,2.064445,0.489681,0.506459,0.475999,0.012374,-1.277809,1.197438,0.201092,-1.384005,-1.625427,0.708259,-0.961392,-1.455939,1.299271,0.410644,-0.638050,-0.833447,1.682801,0.544270,968.248878,1.185574,-1.550785,0.179553,0.316798,1.921759,-0.830058,0.044578,0.277851,0.472347,0.457473,0.467722,2.155376,1.196009,-1.022846,0.458492
-0.956921,0.696068,2.590698,0.381693,0.582890,0.505887,-1.500534,0.682744,0.565058,0.216656,0.612224,0.605899,1.117737,0.885428,0.393667,0.278645,0.320755,1.496323,-1.599695,0.781223,0.110544,-0.788243,-1.627969,0.081816,-1.029774,-0.750706,1.299271,0.331636,-1.102291,-0.833447,0.167160,0.547385,988.656152,1.396520,-1.494309,0.191298,0.276974,1.774462,-0.930414,-0.884688,0.556994,0.207178,0.440575,0.468274,1.505283,1.464062,-1.158735,0.435136
-0.956921,0.687466,0.602676,0.338760,0.706405,0.539786,-1.505841,0.673849,1.239949,0.287282,0.731487,0.620138,1.117737,0.885428,0.377383,0.312298,0.334504,1.496323,-1.672417,1.020884,0.903701,-0.810661,-1.738669,0.989584,-1.029774,-0.750706,1.129309,0.314961,-1.102291,-1.333132,0.167160,0.890229,231.390055,1.455666,-1.514201,0.757347,0.340288,1.788538,-1.151017,-1.162603,0.738856,0.210833,0.497521,0.881036,1.505283,1.464062,-1.158735,0.435136
-0.311181,0.564347,0.740802,0.335047,0.753643,0.556924,-1.242687,0.351817,1.239949,0.587628,0.618654,0.685461,1.350978,1.891469,0.440854,0.566240,0.637093,0.738114,-1.082073,0.964866,0.903701,-0.904661,-1.702900,0.989584,-1.472947,-1.632907,1.129309,0.411071,0.289421,-1.333132,1.745431,0.338514,207.371777,0.842304,-1.541558,0.798439,0.520396,1.680262,-1.151017,-1.069648,0.615298,0.562893,0.453279,0.271045,2.337500,1.232371,-1.194143,1.040221
-0.311181,0.585562,2.867367,0.274790,0.541345,0.607502,-1.417827,0.416020,0.893637,0.427369,0.623189,0.604638,1.350978,1.891469,0.522279,0.534922,0.524979,0.449248,-1.445369,0.820649,0.247453,-0.902962,-1.935608,0.779319,-1.472947,-1.632907,1.396143,0.399954,-0.615865,-0.658349,1.745431,0.602722,767.041136,1.302088,-1.436429,0.203265,0.264061,1.841206,-0.626930,0.098896,0.277515,0.448358,0.565220,0.452957,2.337500,1.216143,-0.620163,0.415717
-0.953273,0.658380,2.661636,0.371519,0.571883,0.693207,-1.589541,0.672910,0.495774,0.212721,0.606390,0.795967,1.039038,0.832729,0.464309,0.265915,0.328168,1.687870,-1.539127,0.820171,0.195606,-0.794303,-1.935345,0.130415,-1.057302,-0.526200,1.396143,0.302316,-1.188687,-0.798944,0.187481,0.574323,897.608078,1.405305,-1.487561,0.184534,0.263296,1.827888,-0.905812,-0.838021,0.544150,0.173181,0.567160,0.507756,1.588431,1.822783,-1.099510,0.434882
-0.953273,0.674824,0.770708,0.326857,0.682549,0.749382,-1.424446,0.661653,1.186965,0.279779,0.671540,0.736437,1.039038,0.832729,0.380776,0.298098,0.333175,1.687870,-1.355722,1.056284,0.963244,-0.766080,-1.666868,1.153174,-1.057302,-0.526200,1.128666,0.276220,-1.188687,-1.134812,0.187481,0.866959,280.309166,1.223113,-1.577234,0.735879,0.328825,1.910056,-1.092906,-1.087638,0.709333,0.181773,0.469415,0.904275,1.588431,1.822783,-1.099510,0.434882
-0.314936,0.579247,0.788421,0.346726,0.730098,0.463152,-1.382398,0.354162,1.186965,0.550002,0.579337,0.562398,1.146289,2.100275,0.446163,0.627921,0.585888,0.595093,-1.611902,1.080789,0.963244,-0.952120,-0.864607,1.153174,-1.650025,-1.565144,1.128666,0.446139,0.340819,-1.134812,1.617140,0.367990,245.339426,1.269686,-1.620328,0.774840,0.551593,1.408288,-1.092906,-0.968705,0.614471,0.524960,0.444325,0.242339,1.811699,1.158359,-1.315738,1.159736
-0.314936,0.631041,2.628121,0.276528,0.524215,0.537074,-1.540419,0.438294,0.877371,0.181230,0.450623,0.266706,1.146289,2.100275,0.462906,0.479996,0.391355,-0.014622,-1.869264,0.914407,0.163380,-0.952120,-1.876560,0.351601,-0.574148,-1.022463,1.167134,0.429474,-0.639752,-0.692520,0.123412,0.566504,793.137442,1.474135,-1.182006,0.193846,0.275521,1.877585,-0.813600,0.117606,0.277731,0.311554,0.516869,0.450810,1.811699,1.110299,-1.049022,0.100186
-0.772352,0.697445,1.783793,0.417576,0.574234,0.537028,-1.253335,0.642388,0.437478,0.199917,0.580971,0.619163,1.017716,0.649309,0.408062,0.240348,0.251685,1.515980,-1.333643,0.972854,0.041146,-0.609841,-1.692996,0.493547,-1.012854,-0.558594,1.167134,0.403247,-1.033208,-0.751041,0.187164,0.589256,664.747335,1.213821,-1.427053,0.195621,0.249385,1.720759,-0.944966,-0.826198,0.584929,0.159763,0.488609,0.455096,1.151301,1.333075,-0.980904,0.344572
-0.772352,0.674549,0.272372,0.383450,0.667678,0.660971,-1.364598,0.617410,1.150855,0.232543,0.755115,0.670203,1.017716,0.649309,0.412280,0.328017,0.311016,1.515980,-1.562488,1.056259,0.758915,-0.960889,-1.544551,1.094791,-1.012854,-0.558594,1.127631,0.383646,-1.033208,-1.329152,0.187164,0.827723,104.163111,1.369289,-1.497748,0.720044,0.286451,1.436427,-1.020316,-1.070143,0.681843,0.169544,0.426328,0.838747,1.151301,1.333075,-0.980904,0.344572
-0.269447,0.577138,0.569276,0.441189,0.713405,0.413594,-1.427928,0.287075,1.150855,0.476646,0.580514,0.628236,1.175569,1.902820,0.411288,0.668188,0.479622,0.581661,-1.409658,1.115551,0.758915,-0.960889,-1.841914,1.086448,-2.221588,-1.030105,1.127631,0.384622,0.223598,-1.329152,1.490022,0.244633,156.204262,1.135370,-1.716096,0.752765,0.532374,2.354914,-1.020316,-0.955966,0.620046,0.496934,0.360644,0.269857,1.682627,1.155205,-1.252114,1.008189
-0.269447,0.593029,2.562813,0.322046,0.506651,0.612221,-1.030832,0.402211,0.855483,0.172561,0.493409,0.310991,1.175569,1.902820,0.431766,0.515445,0.241198,-0.193829,-0.569536,0.937732,0.029982,-0.873455,-1.861399,0.018049,-0.420705,-0.825547,1.200780,0.384740,-0.635455,-0.442913,0.262619,0.621661,764.898458,0.478475,-1.084841,0.190445,0.257790,2.117112,-0.716479,0.083231,0.281714,0.303447,0.448575,0.433960,1.354448,1.054915,-1.252114,0.114184
-0.757118,0.652642,1.870981,0.493610,0.556370,0.626862,-1.436609,0.610448,0.422233,0.196303,0.616180,0.588579,0.979403,0.789070,0.410602,0.273696,0.241811,0.686749,-1.514805,0.934061,0.015962,-0.230607,-1.857834,0.776716,-1.009890,-0.624340,1.200780,0.364515,-1.078122,-0.607556,0.186239,0.555054,705.025359,1.173603,-1.567080,0.190312,0.231760,2.067639,-1.028929,-0.736047,0.530032,0.207797,0.524996,0.467060,1.214383,1.281825,-0.978840,0.328519
-0.757118,0.660960,0.342653,0.433554,0.658857,0.721016,-1.425159,0.616951,1.196589,0.243234,0.770779,0.592620,0.979403,0.789070,0.391180,0.402017,0.310582,0.686749,-1.575662,1.044960,0.726482,-0.750407,-1.745713,1.254068,-1.009890,-0.624340,1.064933,0.340140,-1.078122,-1.089916,0.199277,0.817028,126.357122,1.390740,-1.588779,0.711826,0.277862,1.649722,-1.079523,-1.028441,0.676730,0.214203,0.463080,0.877619,1.214383,1.281825,-0.980342,0.328519
-0.137695,0.619983,0.629814,0.427681,0.702920,0.509904,-1.431006,0.348933,1.196589,0.497480,0.579211,0.635212,1.087015,1.522546,0.382787,0.715084,0.588246,0.567027,-1.504789,1.016832,0.726482,-0.750407,-1.683552,1.239408,-2.022393,-1.337009,1.064933,0.334910,0.417865,-1.089916,1.215566,0.289247,171.440557,1.464553,-1.647059,0.741857,0.515285,2.026702,-1.079523,-0.986518,0.666101,0.441827,0.472826,0.243079,2.064755,1.081848,-0.942043,1.085950
-0.137695,0.564969,2.118937,0.273987,0.526929,0.566357,-1.034774,0.414900,0.907335,0.137716,0.445611,0.363817,1.087015,1.522546,0.410894,0.506529,0.363593,-0.172110,-0.877583,0.753162,0.083569,-0.620670,-1.872883,-0.009476,-0.952462,-1.337009,1.111871,0.346201,-0.442241,-0.614103,0.128649,0.547363,690.591159,0.952616,-1.389960,0.167100,0.237527,1.782789,-0.574236,0.257617,0.178790,0.256279,0.532957,0.415366,1.234064,0.945232,-0.904432,0.347979
-0.220023,0.602729,1.452628,0.450901,0.551592,0.484049,-1.319917,0.480049,0.407150,0.198690,0.749644,0.606436,0.949101,0.743179,0.421722,0.271462,0.275529,0.786894,-1.312459,1.026696,-0.013954,-0.289242,-1.383077,1.155864,-1.303114,-0.650672,1.111871,0.357043,-0.874030,-0.900677,0.307544,0.510692,619.099306,1.183940,-1.596032,0.170210,0.257516,1.595407,-1.003696,-0.915352,0.559658,0.164949,0.496454,0.383405,1.451971,1.039543,-0.889774,0.379520
-0.220023,0.689265,0.307134,0.374718,0.615281,0.723218,-1.422214,0.484392,1.246396,0.244963,0.711789,0.590789,0.949101,0.743179,0.411548,0.466035,0.420347,0.786894,-1.524361,1.130576,0.689499,-0.581844,-1.457406,1.604654,-1.303114,-0.650672,1.021445,0.341718,-0.874030,-0.968321,0.319230,0.791462,120.601368,1.287518,-1.624197,0.668854,0.310547,1.765309,-1.012619,-1.190034,0.634749,0.187697,0.487044,0.794854,1.451971,1.039543,-0.938393,0.397003
0.046579,0.608002,0.620977,0.552082,0.627411,0.391812,-1.246981,0.269883,1.246396,0.509011,0.604057,0.532587,0.896640,1.649082,0.280979,0.796797,0.691365,0.284612,-1.284683,1.337310,0.446109,-0.581844,-1.758878,1.351062,-2.273593,-1.079357,0.818372,0.424250,0.429494,-0.968321,1.462614,0.253432,171.278087,1.144981,-1.614354,0.664963,0.466692,0.816956,-1.012619,-1.168853,0.624359,0.470284,0.362345,0.255285,3.078242,1.047786,-1.015919,0.814637
0.046579,0.692780,2.571570,0.324503,0.456019,0.458348,-0.615675,0.333611,0.749111,0.126632,0.451002,0.338328,0.890390,1.446442,0.357990,0.321120,0.402573,-0.144604,-0.255783,0.974052,0.178632,-0.546932,-1.999281,0.048571,-0.420346,-1.079357,1.167021,0.395464,-0.597575,-0.369777,0.200311,0.591851,756.399537,0.341191,-1.399625,0.115445,0.207533,2.178324,-0.587990,0.205877,0.234235,0.190713,0.486388,0.413506,1.480450,0.787936,-1.015919,0.091998
-1.077451,0.717236,2.154035,0.500387,0.542871,0.572059,-1.352902,0.724589,0.439871,0.172554,0.631560,0.560351,0.917668,0.781090,0.372537,0.304311,0.304454,0.334535,-1.328113,0.749540,0.001551,-0.127566,-1.798730,0.446078,-0.999881,-0.697265,1.167021,0.341334,-0.932656,-0.776757,0.172703,0.545697,808.475417,1.104491,-1.463212,0.167075,0.236688,2.135320,-1.189753,-0.871208,0.547503,0.198932,0.504904,0.428990,1.569046,1.306859,-1.105569,0.420118
-1.077451,0.704293,0.584115,0.426966,0.650034,0.611787,-1.389388,0.709495,1.278203,0.228830,0.810757,0.532143,0.917668,0.781090,0.373475,0.374774,0.343390,0.467313,-1.409878,1.033512,0.868729,-0.697205,-1.532777,1.190524,-0.999881,-0.697265,1.064674,0.321046,-0.932656,-0.881524,0.202504,0.923160,214.691241,1.289788,-1.387971,0.701000,0.290134,2.198411,-1.189753,-1.190892,0.718937,0.210380,0.406311,0.858265,1.569046,1.306859,-1.115978,0.420118
-0.375434,0.627826,0.648659,0.390710,0.704771,0.432944,-1.148599,0.391035,1.278203,0.571464,0.531684,0.631305,1.136357,2.024683,0.412399,0.735467,0.519056,0.529115,-1.082282,0.991536,0.868729,-0.785970,-1.543796,1.445171,-1.956490,-0.897810,1.064674,0.392315,0.404454,-0.881524,1.642292,0.374805,181.534762,0.929781,-1.612210,0.748609,0.509794,1.238535,-1.073655,-1.048411,0.657707,0.525503,0.412293,0.259895,1.411256,1.240532,-0.872920,1.027222
-0.375434,0.683720,3.418139,0.261244,0.499131,0.511350,-1.087195,0.449729,0.914138,0.158200,0.367586,0.364051,1.136357,2.024683,0.439153,0.434114,0.324510,-0.057065,-0.754993,0.977338,0.049236,-0.744457,-1.647350,0.150729,-0.411210,-0.652305,1.076590,0.376376,-0.611480,-0.539262,0.092312,0.528165,969.735931,0.671045,-1.522803,0.166362,0.250526,2.334901,-0.665661,0.212102,0.260110,0.294987,0.474795,0.471061,1.411256,0.911086,0.105655,0.135084
-1.011519,0.731086,2.783154,0.412919,0.573441,0.309849,-1.454089,0.689021,0.418551,0.216971,0.480879,0.393634,1.149683,0.776390,0.358476,0.240258,0.377586,0.554768,-1.504246,0.787999,0.284751,-0.462389,-1.078902,0.088112,-1.152928,-0.563536,1.076590,0.290782,-1.127299,-0.539262,0.169040,0.567921,1019.882547,1.246131,-1.560135,0.190226,0.241834,2.153259,-0.887320,-1.000519,0.573040,0.184700,0.374038,0.477339,1.963429,1.298871,-1.090569,0.451632
-1.011519,0.770692,0.792240,0.388804,0.673573,0.540034,-1.376869,0.720537,1.382011,0.261248,0.633933,0.383031,1.149683,0.776390,0.356126,0.325826,0.394893,0.615390,-1.437446,1.050971,0.838708,-0.526917,-1.752566,1.122639,-1.152928,-0.563536,1.029294,0.278741,-1.127299,-0.868247,0.169040,0.841816,313.139941,1.275555,-1.538342,0.718596,0.303473,1.448097,-1.134824,-1.295579,0.802867,0.184752,0.354564,0.934612,1.963429,1.298871,-1.090569,0.451632
-0.375834,0.633213,1.689862,0.350014,0.705943,0.566812,-1.321616,0.447222,1.382011,0.517288,0.543080,0.840172,1.079066,2.096296,0.485944,0.739065,0.558897,0.982669,-1.445252,1.204299,0.838708,-0.837387,-1.713353,1.122639,-2.045557,-1.873051,1.029294,0.480784,0.421655,-0.951520,1.358016,0.288281,503.679595,1.439436,-1.564813,0.743488,0.515533,1.799148,-1.134824,-1.210275,0.706746,0.440140,0.519895,0.284123,1.991572,1.287998,-0.935656,0.857139
-0.375834,0.683322,3.280872,0.266714,0.535580,0.593730,-1.264323,0.375593,0.925881,0.342171,0.484351,0.613804,1.079066,2.096296,0.518189,0.698418,0.414763,0.416885,-1.355656,1.204299,0.162944,-0.800163,-1.804575,0.724448,-2.045557,-1.873051,1.273852,0.479785,-0.554256,-0.951520,1.358016,0.617448,1005.810190,1.437340,-1.359940,0.181381,0.324359,2.047666,-0.696127,0.160737,0.282415,0.318060,0.611398,0.470308,1.991572,1.283868,-0.803612,0.704578
-1.130396,0.730357,2.127133,0.399678,0.575478,0.577881,-1.444708,0.647606,0.591869,0.218079,0.597822,0.625270,1.086786,0.863007,0.387492,0.269487,0.306339,1.362314,-1.655961,0.918819,-0.012711,-0.800163,-1.807223,0.284250,-1.080704,-0.634805,1.273852,0.300755,-1.079785,-0.852521,0.171250,0.591438,835.547121,1.204639,-1.435809,0.192519,0.265282,1.509268,-1.044585,-0.822719,0.567753,0.180540,0.584543,0.462637,1.534440,1.303617,-1.138591,0.334329
-1.130396,0.662467,0.510730,0.356137,0.681245,0.627756,-1.404018,0.658357,1.088834,0.276250,0.749716,0.563422,1.086786,0.863007,0.374245,0.323531,0.314123,1.362314,-1.575446,1.057414,0.996318,-0.897596,-1.520574,1.121850,-1.080704,-0.634805,1.065412,0.272655,-1.079785,-1.317719,0.179009,0.874343,207.354675,1.262709,-1.487263,0.735849,0.335168,2.121932,-1.058283,-0.954868,0.718929,0.184755,0.519915,0.804241,1.534440,1.303617,-1.138591,0.334329
-0.299667,0.601858,0.872462,0.411449,0.746160,0.498508,-1.417357,0.330027,1.088834,0.626262,0.665432,0.578048,1.328561,2.108504,0.441060,0.599659,0.721672,0.727726,-1.582405,1.248660,0.996318,-1.101760,-1.726577,1.121850,-1.400402,-2.228806,1.065412,0.566282,0.262579,-1.317719,1.735236,0.278731,302.015905,1.466482,-1.683662,0.793381,0.635996,1.630261,-1.058283,-0.932860,0.652566,0.631047,0.383135,0.227667,2.241440,1.049346,-1.947812,1.586124
-0.299667,0.680379,2.490410,0.324165,0.547502,0.540290,-1.187468,0.380861,0.856089,0.487667,0.689951,0.360208,1.328561,2.108504,0.485989,0.582387,0.587902,0.404744,-1.076032,0.973270,0.201364,-1.101760,-1.740485,0.981241,-1.400402,-1.306380,1.252108,0.569494,-0.521901,-1.123824,1.735236,0.521874,801.384897,1.062786,-1.631211,0.229543,0.326666,1.917402,-1.030495,0.062081,0.293898,0.492626,0.547469,0.427582,2.241440,1.049346,-0.823472,0.240314
-0.889995,0.710390,1.746544,0.406627,0.560733,0.458091,-1.412810,0.550845,0.727251,0.207360,0.676055,0.416790,0.967521,0.904624,0.454041,0.246039,0.239647,0.777950,-1.346644,0.993239,-0.001147,-0.954319,-1.824729,0.383191,-0.844429,-0.473028,1.252108,0.437507,-0.822860,-1.123824,0.184251,0.560042,689.321185,1.215839,-1.584949,0.204120,0.261568,1.937260,-1.062473,-0.911003,0.610349,0.201422,0.494591,0.391984,1.245507,0.988054,-1.032916,0.288414
-0.889995,0.667964,0.357682,0.372748,0.646512,0.587260,-1.503728,0.535180,1.022458,0.289039,0.927945,0.562751,0.967521,0.904624,0.399592,0.261674,0.265212,0.779975,-1.644039,1.045164,1.009888,-1.191322,-2.132676,0.906509,-0.844429,-0.744082,1.027022,0.379487,-0.822860,-1.346081,0.184251,0.964195,128.144708,1.409283,-1.628248,0.695800,0.336252,1.283545,-1.064245,-1.128462,0.695190,0.224209,0.356183,0.706500,1.245507,0.988054,-1.032916,0.635854
-0.568462,0.536616,1.715625,0.364271,0.656939,0.472045,-1.413297,0.334927,1.022458,0.406179,0.690396,0.582458,1.309207,1.942280,0.416424,0.589229,0.426810,0.779975,-1.339008,1.008084,1.009888,-1.191322,-0.741950,0.906509,-1.319736,-1.387887,1.022438,0.654517,0.216811,-1.584339,1.586487,0.416183,536.828795,1.161258,-1.540059,0.699394,0.511565,1.864044,-1.064245,-0.832955,0.503240,0.381144,0.468059,0.273045,1.770641,1.149069,-0.929304,0.644766
-0.568462,0.597810,2.821515,0.199980,0.461654,0.748164,-1.287380,0.370847,0.874945,0.100418,0.530879,0.475792,1.018155,1.471457,0.482648,0.495878,0.187819,0.419382,-1.281969,0.823759,0.074854,-1.188487,-1.984279,0.406418,-0.334542,-0.707945,1.344988,0.604780,-0.469309,-1.584339,0.282579,0.513763,921.600279,1.123376,-1.197240,0.153658,0.328553,1.898467,-0.907984,0.154424,0.219250,0.132627,0.652058,0.360941,0.905030,0.698489,-0.401921,0.128696
0.259892,0.691561,1.041973,0.187440,0.474396,0.322892,-1.323963,0.285524,0.733924,0.115209,0.429168,0.505642,0.777419,0.852728,0.368606,0.201011,0.165908,0.783545,-1.441613,1.193887,0.479695,-0.374028,-1.630908,0.620344,-0.746414,-0.282172,0.983634,0.226539,-0.723087,-0.631589,0.219427,0.567555,423.109969,1.208070,-1.331142,0.337233,0.248034,1.806520,-0.918344,-0.939245,0.716437,0.137828,0.485157,0.403168,0.766195,0.716733,-0.632042,0.120899
0.037506,0.902548,0.723642,0.200654,0.359090,0.389711,-1.291803,0.344656,0.792655,0.319940,0.492674,0.282467,0.450262,0.731444,0.202357,0.296003,0.296244,0.615679,-1.469240,1.070245,0.650301,-0.692403,-1.299952,0.683562,-0.216761,-0.743741,0.874214,0.208185,-0.331163,-1.283970,0.508687,0.088672,249.974325,1.260432,-1.337806,0.397597,0.258828,1.969666,-0.947475,-0.849408,0.700532,0.211198,0.396066,0.417303,1.491318,0.501038,-0.226457,0.312606
0.350631,1.284986,0.641146,0.008823,0.258276,0.059184,-0.781397,0.047555,-0.298670,0.010236,0.017481,0.221564,0.275315,-0.042686,0.028921,0.011721,0.005580,-0.093847,-0.775089,0.717467,-0.001872,-0.020654,-1.011665,-0.175643,-0.011457,0.253125,0.512774,0.033177,-0.384960,-0.195567,0.049193,0.072647,202.182814,1.004137,-1.346668,0.007838,0.033507,1.939901,-0.304369,1.249748,0.020729,0.001102,0.050724,0.022073,0.115847,0.208451,0.073140,-0.284794
0.474345,1.266837,0.235110,0.003161,0.240234,0.100424,-0.860982,0.021606,-0.272424,0.003611,0.009758,0.053693,0.247431,-0.041576,0.008551,0.007331,0.003347,-0.285619,-0.966663,0.708658,-0.005876,0.063676,-1.138973,-0.214821,-0.010562,0.294591,0.465948,0.008115,-0.378375,-0.160646,0.048415,0.047525,78.055599,1.163528,-1.319670,0.003440,0.011870,1.371602,-0.302775,1.236385,0.012828,0.000764,0.025958,0.027556,0.107990,0.248299,0.063980,-0.325505
0.480073,1.034087,0.276363,0.236115,0.320846,0.262755,-1.227452,0.261836,0.569512,0.042133,0.423551,0.248100,0.521774,0.301241,0.015406,0.079770,0.051962,-0.382354,-1.511990,0.715088,0.002394,-0.095215,-1.250954,-0.096129,-0.343952,-0.062485,0.515810,0.105746,-0.310345,-0.595715,0.175328,0.149193,98.429639,1.256632,-1.425706,0.095553,0.136551,1.560000,-0.383398,-0.075902,0.367256,0.058222,0.089670,0.239112,0.328953,0.527863,-0.856095,0.118043
0.492491,0.600270,0.252670,0.223683,0.309132,0.508165,-1.248234,0.342515,0.919746,0.126981,0.405499,0.454656,0.521774,0.301241,0.050116,0.098218,0.096055,0.212932,-1.503616,0.811392,0.002394,-0.162277,-1.362416,0.181465,-0.443909,-0.062485,0.612130,0.128354,-0.254783,-0.807541,0.296620,0.184771,84.048057,1.285517,-1.494033,0.269247,0.156355,1.606575,-0.651102,-0.263256,0.567517,0.078889,0.124731,0.446217,0.328953,0.557141,-0.856095,0.139346
0.281735,0.304789,0.213622,0.206927,0.273882,0.288186,-1.309074,0.376619,0.922594,0.241680,0.495911,0.230032,0.654893,0.903040,0.156032,0.177001,0.188953,0.349451,-1.368209,1.039400,-0.013229,-0.987922,-1.409270,0.181465,-0.443909,-0.476715,0.612130,0.294756,0.534014,-0.909843,0.296620,0.518080,61.252875,1.292189,-1.543592,0.311467,0.234426,1.447538,-0.651102,-0.263256,0.303045,0.261776,0.163094,0.104447,0.487204,0.848662,-0.789339,0.504048
0.281735,0.429786,0.552062,0.225959,0.359784,0.487957,-1.308067,0.182540,0.922594,0.170671,0.572720,0.359882,0.654893,0.903040,0.214752,0.244100,0.200628,0.349451,-1.295920,1.039400,0.070595,-0.987922,-1.864601,0.130298,-0.431427,-0.476715,0.830223,0.312257,0.340544,-0.909843,0.174203,0.354213,159.632227,1.226206,-1.413019,0.235500,0.225538,1.962776,-0.633381,0.198422,0.131217,0.236664,0.284367,0.149705,0.770101,0.848662,-0.789339,0.504048
-0.060608,0.473729,2.119101,0.346828,0.474544,0.907476,-1.193805,0.343325,0.865632,0.167983,0.535307,0.502421,1.098767,1.766162,0.346672,0.416961,0.303140,0.218930,-1.229508,1.006520,0.042010,-1.262847,-2.041848,0.106791,-0.440558,-1.115722,0.952190,0.334299,-0.070537,-1.027586,0.142626,0.483730,635.302301,1.181167,-1.473236,0.159545,0.206181,1.969376,-0.529652,0.131328,0.155234,0.297209,0.361867,0.291677,1.328891,0.941193,-0.035851,0.209986
0.680908,0.504726,1.732586,0.045394,0.402521,0.268596,-1.244101,0.195137,0.493121,0.046700,0.206787,0.272774,0.448392,-0.031112,0.184578,0.072641,0.014997,-0.834858,-1.203173,0.773145,0.035644,0.096155,-1.413720,-0.176437,-0.117478,0.199799,0.952190,0.142206,-0.445995,-1.027586,0.052223,0.303076,516.557454,1.134701,-1.406644,0.032514,0.052172,1.866700,-0.299758,0.251299,0.106600,0.014685,0.294333,0.273269,0.183894,0.628053,-0.035851,-0.126090
0.482591,0.410152,0.528176,0.426470,0.419411,0.326553,-1.216977,0.296379,0.324064,0.095157,0.576266,0.334582,0.564262,0.140775,0.218389,0.159758,0.134209,-0.695113,-1.107194,1.088601,-0.031520,0.192916,-1.321981,1.005381,-0.857746,-0.043911,0.841663,0.181095,-0.469690,-0.402768,0.158423,0.434879,192.270944,0.905429,-1.397802,0.095896,0.123945,1.856070,-0.838531,-0.740733,0.424018,0.075609,0.380170,0.217255,0.683685,0.628053,-0.351506,-0.104163
0.482591,0.497237,0.287818,0.486631,0.162309,0.444708,-1.361569,0.251965,0.545276,0.123618,0.838490,0.704531,0.510782,0.140775,0.137965,0.255920,0.211040,0.490306,-1.542831,1.091405,0.114826,-0.313002,-1.163352,1.311568,-0.857746,-0.011552,0.695899,0.225232,-0.173511,-0.470513,0.158423,0.054264,106.251311,1.360172,-1.341368,0.178528,0.160551,1.114901,-0.838531,-0.746093,0.548429,0.098853,0.222322,0.209349,0.683685,0.137114,-0.351506,-0.013408
0.485197,1.143310,1.303466,0.048768,0.220947,0.156605,-1.197552,0.073426,-0.083988,0.022157,0.077057,0.317126,0.274195,-0.023406,0.074372,0.069306,0.029562,0.519584,-1.401002,0.779562,0.043705,-0.125001,-1.155628,-0.039808,-0.013280,0.080384,0.592050,0.114514,-0.195962,-0.344859,0.059619,0.076117,344.510101,1.360291,-1.355479,0.025300,0.063054,2.017431,-0.365173,0.989212,0.083152,0.006329,0.191398,0.026795,0.205221,0.260141,-0.023058,-0.114208
0.461395,1.275037,0.564631,0.066371,0.254627,0.086434,-1.218681,0.049002,-0.118703,0.012835,0.156249,0.105647,0.288195,-0.035306,0.073459,0.044996,0.014779,-0.167590,-1.099075,0.724008,-0.002406,-0.055887,-0.985624,-0.230562,-0.025540,0.205481,0.538009,0.073134,-0.210026,-0.311521,0.058707,0.109404,160.606990,1.046253,-1.120888,0.018954,0.031002,1.887624,-0.312158,1.175021,0.033168,0.002478,0.074666,0.022453,0.152736,0.251157,0.044900,-0.257884
0.552325,0.918793,0.935750,0.077653,0.384262,0.243982,-1.255818,0.405906,0.978677,0.120621,0.173825,0.243286,0.772604,0.353606,0.091588,0.093785,0.201532,0.205191,-1.337592,0.857921,0.166112,-0.355556,-1.545581,0.604716,-0.615750,-0.466577,0.658576,0.151609,-0.200405,-0.782520,0.346568,0.064962,333.029400,1.249196,-1.312267,0.195554,0.236296,2.063055,-0.470930,-0.617322,0.675969,0.082362,0.108634,0.358925,0.800234,0.665897,-1.122642,0.462734
0.313910,0.512552,0.884963,0.143426,0.421360,0.494648,-1.219834,0.408557,1.283145,0.245255,0.550048,0.409935,0.772604,0.353606,0.129503,0.122767,0.288108,0.378656,-1.429213,0.907568,0.666015,-0.971654,-1.524598,0.678714,-0.615750,-0.466577,0.685707,0.237855,-0.199282,-0.830311,0.346568,0.136637,314.142140,1.345637,-1.406818,0.453035,0.278057,2.040908,-0.662441,-0.618557,0.578860,0.190930,0.165918,0.538748,0.800234,0.810930,-1.122642,0.462734
-0.531707,0.399867,0.245415,0.177963,0.454858,0.385813,-1.430207,0.415488,1.308690,0.217297,0.466540,0.327628,0.814079,1.303930,0.380081,0.190641,0.306607,0.378656,-1.628283,0.907568,0.666015,-0.971654,-1.310288,0.606966,-1.027111,-1.262293,1.075348,0.290776,0.689585,-0.830311,0.744585,0.312554,70.693863,1.414913,-1.534008,0.406639,0.358017,1.490579,-0.585321,-0.121346,0.227579,0.325576,0.416891,0.168542,0.922208,0.811195,-0.843645,0.655924
-0.003157,0.608651,2.542573,0.119567,0.429932,0.281703,-1.378707,0.402088,1.308690,0.030092,0.148609,0.308032,0.610209,0.049018,0.285648,0.102316,0.045862,0.305348,-1.532267,0.730267,0.062197,-0.194037,-2.244467,-0.077439,-0.105877,0.021314,1.075348,0.216636,-0.569231,-0.537537,0.115135,0.423714,706.660323,1.347236,-1.471276,0.051386,0.113129,2.031691,-0.316862,0.150660,0.275787,0.018025,0.398048,0.533471,0.220907,0.749236,-0.227651,-0.051509
-0.800821,0.703772,2.185539,0.311056,0.564136,0.505579,-1.321663,0.720699,0.683134,0.183005,0.487107,0.647990,0.948200,0.842254,0.390372,0.243170,0.291652,1.335045,-1.147875,0.789453,0.037050,-0.460983,-1.144322,0.155849,-0.996789,-0.468586,0.931610,0.257399,-1.118990,-0.482392,0.169733,0.485309,773.084350,0.940116,-1.461592,0.176984,0.235252,1.920662,-0.799058,-0.761226,0.520366,0.181449,0.359733,0.518699,1.286893,1.061470,-1.083444,0.370758
-0.800821,0.675535,0.483519,0.291313,0.660055,0.475188,-1.389679,0.688218,1.147414,0.243272,0.580277,0.694441,0.948200,0.842254,0.399089,0.281176,0.309507,1.335045,-1.596406,0.990863,1.006336,-0.699127,-1.450013,1.315011,-0.996789,-0.468586,0.971145,0.256574,-1.118990,-0.962118,0.169733,0.821263,199.132716,1.383199,-1.484342,0.704708,0.297865,1.208406,-1.079326,-1.044264,0.734030,0.180805,0.362660,0.832634,1.286893,1.061470,-1.083444,0.370758
-0.302544,0.592812,0.420173,0.342209,0.703309,0.392027,-1.155417,0.340153,1.147414,0.525195,0.421938,0.700098,1.113706,1.989190,0.399170,0.570118,0.466952,0.843536,-1.280328,1.011218,1.006336,-0.853109,-1.429230,1.315011,-1.503950,-1.189597,0.971145,0.444828,0.397669,-0.962118,1.534422,0.324064,131.971998,1.314541,-1.598573,0.743162,0.491381,2.006934,-1.079326,-1.017330,0.636781,0.474117,0.408092,0.209451,1.204947,1.057076,-1.224498,0.922985
-0.302544,0.682306,2.809319,0.229386,0.540150,0.607412,-1.102286,0.433851,0.872471,0.365183,0.434517,0.575081,1.113706,1.989190,0.511237,0.561900,0.268453,0.706356,-1.159543,1.011218,0.042042,-0.853109,-1.656097,0.752889,-1.503950,-1.189597,1.408989,0.457584,-0.672005,-0.899928,1.534422,0.603595,892.169536,1.224420,-1.517206,0.189022,0.298172,2.131319,-0.625390,0.179776,0.289159,0.341492,0.499424,0.475252,1.204947,1.057076,-1.224498,0.729177
-1.008380,0.729377,2.560539,0.353648,0.588049,0.646058,-1.432887,0.694540,0.661229,0.242404,0.504787,0.707402,1.120506,0.959861,0.458488,0.291766,0.333825,1.461588,-1.637675,0.787104,0.164703,-0.853109,-1.660764,0.054010,-1.088705,-0.682353,1.408989,0.310311,-1.127084,-0.730116,0.195889,0.554461,1002.693032,1.432907,-1.472284,0.205257,0.285881,2.122138,-0.970461,-0.910460,0.580823,0.194792,0.514391,0.511181,1.567304,1.427905,-1.229287,0.529553
-1.008380,0.707269,0.679786,0.327002,0.727325,0.667778,-1.461892,0.678184,1.225545,0.312507,0.714748,0.593972,1.120506,0.959861,0.413946,0.330954,0.348211,1.461588,-1.699462,0.997215,0.983129,-0.897961,-1.822655,1.025252,-1.088705,-0.682353,1.231498,0.291779,-1.127084,-1.488084,0.195889,0.906850,246.365590,1.531051,-1.476058,0.780990,0.357096,1.450763,-1.126971,-1.148897,0.758756,0.200560,0.475762,0.893016,1.567304,1.427905,-1.229287,0.529553
-0.660716,0.550774,0.802303,0.379088,0.774495,0.544546,-1.385351,0.475931,1.225545,0.572815,0.645023,0.734597,1.345016,2.138309,0.489624,0.777539,0.672986,0.887239,-1.695745,1.079989,0.983129,-1.213415,-1.682085,1.025252,-1.683161,-1.563395,1.231498,0.594012,0.426097,-1.488084,1.729962,0.372182,247.560497,1.537332,-1.601769,0.824245,0.579710,1.989839,-1.126971,-1.030318,0.598653,0.504849,0.514827,0.248841,2.157812,1.151561,-1.631783,1.155968
-0.660716,0.625311,2.687423,0.272566,0.546432,0.613009,-1.302724,0.522175,1.068647,0.200238,0.454873,0.572203,1.345016,2.138309,0.566262,0.534758,0.480547,0.450254,-1.626972,1.070257,0.142354,-1.045357,-1.946730,0.264835,-0.725685,-1.052475,1.548762,0.513389,-0.786668,-0.915657,0.362520,0.735643,847.317824,1.585036,-1.590056,0.226266,0.292355,1.501252,-0.958579,0.135396,0.332136,0.315901,0.753557,0.574104,2.157812,1.034378,-0.810561,0.010108
-1.114545,0.722349,2.429591,0.343017,0.580231,0.622249,-1.395865,0.720693,0.517891,0.209195,0.468484,0.826636,1.105261,0.834097,0.484478,0.291020,0.362974,1.656174,-1.529516,0.766724,0.227794,-0.690722,-1.950991,-0.094207,-1.063474,-0.677303,1.548762,0.344467,-1.305084,-0.909382,0.185237,0.603373,937.776570,1.247140,-1.427237,0.193389,0.277591,1.611095,-0.813685,-0.780973,0.542117,0.174856,0.726120,0.544030,1.599731,1.608753,-1.230072,0.525444
-1.114545,0.680851,0.771222,0.323088,0.710970,0.748546,-1.446745,0.719581,1.297902,0.274116,0.694714,0.729242,1.105261,0.834097,0.384024,0.322888,0.369564,1.656174,-1.615899,1.046173,1.119028,-0.768037,-2.101921,1.385109,-1.063474,-0.677303,1.023741,0.302935,-1.305084,-1.267701,0.185237,0.956182,297.656441,1.400035,-1.620505,0.766540,0.349870,1.371448,-1.164914,-1.039686,0.733974,0.183509,0.547909,0.989008,1.599731,1.608753,-1.230072,0.525444
-0.470602,0.570305,0.775972,0.358825,0.777758,0.474251,-1.404317,0.381738,1.297902,0.628303,0.785610,0.621985,1.370965,2.118332,0.446884,0.853626,0.657045,0.957734,-1.523209,1.201067,1.119028,-1.107454,-1.728920,1.617710,-1.910490,-2.431204,1.023741,0.511216,0.387016,-1.267701,1.607220,0.348667,205.337780,1.307797,-1.673224,0.828887,0.605504,1.367940,-1.142819,-0.940196,0.623873,0.623045,0.539378,0.247011,1.799049,1.049313,-1.684836,1.213979
-0.470602,0.605230,2.581820,0.294716,0.525222,0.561028,-1.374062,0.444315,0.978525,0.297006,0.678050,0.381170,1.370965,2.118332,0.471315,0.664378,0.459023,0.113504,-1.389163,1.201067,0.140692,-1.107454,-1.825290,0.811280,-1.910490,-1.560490,1.239044,0.469308,-0.583660,-0.915174,1.447308,0.641019,777.710510,1.280612,-1.346346,0.215244,0.297011,1.680217,-0.920288,0.051567,0.304511,0.431387,0.626206,0.503306,1.799049,0.970438,-0.804460,0.100062
-0.744944,0.697274,1.769107,0.418588,0.577087,0.765354,-1.460926,0.590446,0.555904,0.211555,0.471364,0.832697,1.072454,0.818663,0.426859,0.253226,0.278841,1.956796,-1.330629,0.943671,0.042819,-0.993617,-1.847694,0.457326,-1.125143,-0.505531,1.239044,0.376166,-1.149017,-0.915174,0.218835,0.575259,700.787598,1.209050,-1.397715,0.209630,0.251215,1.697138,-0.962028,-0.822305,0.568281,0.180560,0.578420,0.506249,1.370762,1.198247,-1.076652,0.315450
-0.744944,0.687291,0.411994,0.403978,0.697931,0.801601,-1.475525,0.610014,1.164345,0.252265,0.707539,0.791844,1.072454,0.818663,0.403854,0.373682,0.344627,1.956796,-1.624339,1.051177,0.696232,-0.701235,-1.527977,1.167273,-1.125143,-0.505531,1.049153,0.343657,-1.149017,-1.275917,0.218835,0.820649,151.361552,1.347800,-1.578787,0.752556,0.301667,0.194911,-1.082885,-1.035679,0.726247,0.186944,0.503184,0.858067,1.370762,1.198247,-1.076652,0.315450
-0.271679,0.574241,0.831445,0.463983,0.738410,0.494997,-1.310754,0.386148,1.164345,0.587319,0.898658,0.768671,1.237470,1.512763,0.466539,0.912739,0.629801,0.705440,-1.478415,1.166170,0.696232,-0.978389,-1.756275,1.893129,-2.727198,-1.890582,1.049153,0.524431,0.339004,-1.275917,1.643940,0.267433,250.338998,1.308871,-1.801378,0.781400,0.585379,2.103251,-1.082885,-0.988111,0.632389,0.427987,0.500294,0.249395,2.400864,0.906655,-1.393184,1.102840
-0.271679,0.560665,2.435689,0.345657,0.506865,0.820799,-1.108719,0.436440,1.043641,0.164523,0.564978,0.309186,1.237470,1.512763,0.494799,0.642492,0.420691,-0.212858,-0.946989,0.914691,0.070892,-0.978389,-1.711221,0.127003,-2.727198,-1.890582,1.161737,0.500034,-0.618924,-0.892764,0.276515,0.660632,783.942516,0.836894,-1.634079,0.215397,0.328390,1.690412,-0.674839,0.111571,0.274227,0.249963,0.676469,0.479550,2.400864,0.906655,-1.212920,0.592716
-0.941238,0.657078,1.844394,0.518986,0.543556,0.477718,-1.414142,0.651749,0.569629,0.217381,0.568087,0.469648,1.038176,1.116226,0.435509,0.261734,0.303863,0.516066,-1.316698,0.797606,0.028756,-0.688154,-1.716076,0.458729,-1.011387,-0.724202,1.161737,0.275618,-1.123422,-0.799925,0.204637,0.556868,735.843343,1.096714,-1.658369,0.195444,0.239918,1.656497,-1.224415,-0.952621,0.538157,0.231891,0.684995,0.542852,1.683815,1.422947,-1.052126,0.495575
-0.941238,0.752440,0.483594,0.474986,0.671955,0.549007,-1.432977,0.656378,1.188391,0.287265,0.700111,0.468084,1.038176,1.116226,0.409618,0.342152,0.347351,0.516066,-1.500032,1.051003,0.822394,-0.449507,-1.383644,1.388781,-1.011387,-0.724202,1.125690,0.219930,-1.123422,-0.674252,0.226867,0.875397,180.555766,1.361963,-1.621472,0.724051,0.322285,0.570112,-1.224415,-1.257953,0.796229,0.234638,0.510352,0.875432,1.683815,1.422947,-1.052126,0.495575
-0.153825,0.625659,1.244228,0.496530,0.704226,0.440806,-1.489240,0.363536,1.188391,0.575977,0.510372,0.692091,1.281421,2.001932,0.456416,0.797656,0.614015,0.534531,-1.710043,1.002200,0.822394,-0.708426,-1.507784,1.388781,-1.794922,-1.565156,1.125690,0.455289,0.333540,-1.071146,1.564571,0.365191,359.059026,1.457938,-1.672170,0.749958,0.554216,1.940384,-1.127959,-1.186246,0.691170,0.486887,0.511959,0.264152,1.768641,0.995004,-1.923721,0.979467
-0.153825,0.587293,2.910368,0.354147,0.514916,0.727508,-1.475505,0.358814,0.871838,0.305626,0.480056,0.419298,1.281421,2.001932,0.467051,0.673609,0.424471,0.082640,-1.613983,0.800743,0.081402,-0.655624,-1.642314,0.894357,-1.794922,-1.565156,1.242595,0.433039,-0.416494,-1.071146,1.564571,0.540712,876.240208,1.268446,-1.654234,0.179916,0.279935,2.223718,-0.678765,0.157596,0.203823,0.367584,0.635492,0.379436,1.768641,0.910146,-0.838476,0.474011
-0.492131,0.606047,1.934382,0.562867,0.547118,0.765587,-1.204187,0.484538,0.518168,0.195723,0.835601,0.573832,0.896721,0.889540,0.408349,0.231996,0.256936,0.409510,-1.400121,1.048171,0.015535,-0.655624,-1.644636,1.307818,-1.187471,-0.693412,1.242595,0.385602,-0.767208,-0.963417,0.213392,0.521038,751.820957,1.191739,-1.619110,0.172622,0.294631,2.074315,-1.154539,-0.734825,0.524025,0.205723,0.538098,0.349751,1.575788,1.035851,-1.033081,0.482135
-0.492131,0.639244,0.558871,0.491995,0.634860,0.874481,-1.368369,0.511208,1.360423,0.278306,0.886964,0.577500,0.896721,0.889540,0.372098,0.421579,0.409909,0.409510,-1.566474,1.048171,0.774898,-0.814418,-1.431063,1.605123,-1.187471,-0.693412,0.915729,0.357096,-0.767208,-1.037939,0.324027,0.859022,223.461997,1.322693,-1.648377,0.684310,0.355366,1.833379,-1.154539,-1.104562,0.652444,0.221692,0.426704,0.791995,1.575788,1.035851,-1.375563,0.709753
0.199265,0.601019,1.143253,0.592789,0.628827,0.710011,-1.352659,0.229627,1.360423,0.502249,0.594260,0.475121,0.943412,1.555273,0.442442,0.657794,0.501639,0.210896,-1.533420,0.997331,0.539797,-0.929072,-1.697183,1.605123,-1.568588,-1.163678,0.915729,0.409049,0.363217,-1.077644,1.201088,0.319178,357.665146,1.186432,-1.773008,0.670036,0.529258,1.190787,-1.070321,-1.104562,0.648741,0.401363,0.512312,0.284783,1.701842,0.923842,-1.886646,1.017147
0.199265,0.725565,2.612444,0.356307,0.459614,0.439360,-1.117969,0.222621,0.966528,0.126689,0.483700,0.297750,0.943412,1.121687,0.459560,0.371899,0.200205,-0.256759,-1.009981,0.997331,0.027157,-0.929072,-1.770922,0.055005,-0.512279,-1.113999,1.001322,0.402871,-0.648758,-1.077644,0.108852,0.500438,871.466267,0.879063,-1.585826,0.142317,0.206538,1.644334,-0.479760,0.254987,0.241585,0.168858,0.572983,0.490455,0.702654,0.729021,-0.782733,0.030405
-1.126061,0.739503,2.077380,0.498212,0.537855,0.535417,-1.470365,0.666204,0.411507,0.158194,0.663180,0.643940,0.940377,0.802694,0.365612,0.325475,0.277584,0.752793,-1.644400,0.768076,0.018462,-0.278802,-1.597244,0.220678,-0.941824,-0.709796,1.001322,0.391771,-1.111373,-0.710125,0.133665,0.481314,909.743017,1.253029,-1.621983,0.172470,0.222165,1.797647,-1.036946,-0.723144,0.511203,0.172259,0.538910,0.479056,1.298033,1.448704,-0.966872,0.383935
-1.126061,0.695651,0.666912,0.447177,0.645062,0.587865,-1.457382,0.684823,1.261448,0.213996,0.834900,0.603999,0.940377,0.802694,0.363147,0.386069,0.303307,0.752793,-1.689457,1.017685,0.879513,-0.613540,-1.556910,1.230973,-0.941824,-0.709796,1.000262,0.361768,-1.111373,-0.873352,0.159126,0.827532,292.408102,1.403129,-1.535545,0.695194,0.278982,1.067127,-1.050756,-1.066432,0.732379,0.179286,0.498351,0.886815,1.298033,1.448704,-1.126565,0.383935
-0.250272,0.610162,0.525029,0.406623,0.705685,0.386068,-1.229226,0.358925,1.261448,0.516968,0.579484,0.729781,1.075699,1.951680,0.365419,0.637740,0.486285,0.634178,-1.247585,0.979863,0.879513,-0.844961,-1.511352,1.230973,-1.771559,-0.896394,1.000262,0.376433,0.451848,-0.873352,1.602139,0.320045,177.378471,1.280065,-1.690439,0.747950,0.506146,1.662814,-1.050756,-0.995253,0.655141,0.507850,0.428910,0.251586,1.369194,1.332407,-1.096562,0.972739
-0.250272,0.644706,2.436560,0.296331,0.509519,0.471676,-1.032094,0.419015,0.858909,0.167324,0.427904,0.462496,1.075699,1.951680,0.423478,0.472853,0.307536,0.180363,-0.893810,0.979863,0.110817,-0.844961,-1.758731,0.376664,-1.247958,-0.529845,1.148496,0.363320,-0.485293,-0.673653,0.267867,0.517902,810.777870,0.961874,-1.405201,0.175005,0.242472,1.756386,-0.811863,0.161325,0.261561,0.321341,0.461821,0.406737,1.369194,1.110157,-0.902956,0.156818
-0.940051,0.722339,2.038502,0.377582,0.568928,0.530527,-1.292107,0.668818,0.419141,0.211507,0.409824,0.460851,1.057280,0.874260,0.433625,0.235000,0.360030,0.866869,-1.172722,0.904539,0.448497,-0.401188,-1.679385,0.114615,-1.085722,-0.496708,1.148496,0.300079,-1.016393,-0.644905,0.181968,0.540442,835.248601,0.963619,-1.483471,0.194997,0.252875,1.895510,-0.823968,-1.086916,0.606896,0.176970,0.553319,0.455877,1.756799,1.526389,-1.137104,0.472370
-0.940051,0.779400,0.611015,0.362095,0.679841,0.588077,-1.434545,0.700110,1.326354,0.286715,0.556832,0.434913,1.057280,0.874260,0.415918,0.287197,0.372649,0.866869,-1.588283,1.046287,0.832781,-0.539103,-1.721389,1.191753,-1.085722,-0.496708,1.110007,0.280942,-1.016393,-0.776364,0.181968,0.887153,237.324613,1.380032,-1.622308,0.726403,0.323506,1.851268,-1.142772,-1.311163,0.809323,0.178935,0.510818,0.883646,1.756799,1.526389,-1.137104,0.472370
-0.167588,0.591895,0.986162,0.373593,0.705233,0.435415,-1.385911,0.430062,1.326354,0.549543,0.653362,0.622780,1.273253,1.983719,0.458684,0.741464,0.719791,0.861761,-1.564462,1.097098,0.832781,-0.807931,-1.261137,1.313917,-1.874151,-2.201345,1.110007,0.423704,0.391109,-0.776364,1.561963,0.352511,307.228763,1.356127,-1.620584,0.751141,0.548040,1.727984,-1.142772,-1.229575,0.667361,0.540928,0.513239,0.287890,2.185233,1.233996,-1.268571,0.831946
-0.167588,0.635025,2.786449,0.292805,0.513591,0.597475,-0.954397,0.346169,0.879227,0.352949,0.677047,0.409663,1.273253,1.983719,0.495638,0.652810,0.616549,0.152567,-0.686125,1.097098,0.185667,-0.738110,-1.796335,1.313917,-1.874151,-2.201345,1.225208,0.414042,-0.650819,-0.744604,1.561963,0.581118,874.484061,0.461486,-1.317903,0.191745,0.329473,1.919612,-0.703283,0.005989,0.302359,0.432162,0.597176,0.456696,2.185233,1.233996,-0.680280,0.518848
-0.969793,0.689537,1.958599,0.374221,0.561240,0.372756,-1.351410,0.614772,0.510950,0.191153,0.574965,0.663569,1.005080,0.763050,0.405972,0.206829,0.252998,1.466573,-1.240009,0.859149,-0.015477,-0.660010,-1.791887,0.288887,-0.975492,-0.500899,1.225208,0.310795,-1.053127,-0.744604,0.168974,0.531717,771.825404,1.125950,-1.397854,0.184971,0.249169,1.900552,-1.049087,-0.726716,0.539269,0.171291,0.509436,0.459159,1.308780,1.352008,-0.959729,0.267640
-0.969793,0.644818,0.335643,0.321925,0.660249,0.450140,-1.353325,0.615282,1.117752,0.240227,0.739707,0.666390,1.005080,0.763050,0.370203,0.274899,0.261231,1.466573,-1.374256,1.044874,1.006805,-0.688080,-1.630106,1.084405,-0.975492,-0.500899,1.055890,0.295859,-1.053127,-1.163716,0.195163,0.824413,141.898832,1.234127,-1.581102,0.713525,0.306360,1.509454,-1.049087,-1.044937,0.692547,0.181259,0.447369,0.818265,1.308780,1.352008,-0.959729,0.267640
-0.306760,0.616749,0.701084,0.389329,0.727682,0.432643,-1.386588,0.322166,1.117752,0.582112,0.563582,0.489313,1.102706,2.039768,0.400290,0.629307,0.618473,0.496941,-1.418034,1.263545,1.006805,-1.076675,-1.090905,1.084405,-1.337777,-2.278222,1.055890,0.506227,0.159009,-1.163716,1.740022,0.281830,180.848548,1.283649,-1.617819,0.768537,0.615607,1.752910,-1.043571,-0.964915,0.647765,0.618885,0.459600,0.250696,1.780070,1.108013,-1.764492,1.623906
-0.306760,0.635755,2.820722,0.308631,0.524438,0.446449,-1.324350,0.431609,0.830708,0.326340,0.453198,0.333553,1.102706,2.039768,0.445108,0.529670,0.421822,0.141818,-1.347789,1.073499,0.034563,-0.855323,-1.829710,0.844712,-1.337777,-0.683458,1.152757,0.459352,-0.549594,-0.931161,1.740022,0.513914,758.357071,1.331547,-1.502759,0.171866,0.240554,1.894370,-0.748329,0.187592,0.244026,0.454859,0.529516,0.423980,1.780070,1.104263,-0.840463,0.075814
-0.849564,0.674378,2.157242,0.368242,0.558327,1.330596,-1.218078,0.637207,0.491549,0.196950,0.607386,0.353951,0.922664,0.822706,0.421215,0.234868,0.249364,0.249266,-1.088928,0.918976,0.011362,-0.804577,-1.867490,0.309357,-0.839134,-0.453079,1.152757,0.363655,-0.849445,-0.907823,0.149062,0.549500,749.402597,0.914584,-1.314338,0.185495,0.250186,1.693223,-1.076020,-0.926534,0.581234,0.195096,0.522903,0.389207,1.225030,1.245252,-1.084556,0.318340
-0.849564,0.697856,0.325306,0.309426,0.664657,1.322340,-1.393159,0.608812,1.021618,0.298625,0.812441,0.368922,0.922664,0.822706,0.374991,0.264320,0.275102,0.449682,-1.556678,1.018071,0.926392,-0.768997,-2.194411,0.960293,-0.839134,-1.652942,1.038931,0.348010,-0.849445,-0.969690,0.175774,0.931677,129.072574,1.397866,-1.403012,0.717504,0.351747,1.589007,-1.076020,-1.210412,0.735955,0.223514,0.482143,0.709499,1.225030,1.245252,-1.303643,1.072872
-0.137616,0.544999,1.383624,0.334593,0.713867,0.489984,-1.280578,0.323508,1.021618,0.592875,0.547920,0.415077,1.230322,2.099019,0.380946,0.745085,0.596935,0.497247,-1.497233,1.184049,0.926392,-1.394805,-1.802997,0.960293,-1.230008,-1.906380,0.993740,0.546771,0.022497,-1.088919,1.742694,0.395468,458.150177,1.257394,-1.638682,0.754613,0.567005,1.858422,-1.061809,-0.889039,0.530729,0.554645,0.402006,0.295096,1.859618,1.101463,-1.584586,1.235952
-0.137616,0.463207,2.578011,0.122881,0.464538,0.755073,-1.032878,0.316744,0.763721,0.106419,0.376269,0.538751,0.926977,0.416585,0.320041,0.362196,0.238414,0.475060,-0.760547,0.893311,0.103922,-0.963053,-1.887266,0.475010,-0.530598,-0.224213,1.031253,0.390797,-0.507562,-1.088919,0.214680,0.432893,895.513264,0.622416,-1.358461,0.132796,0.236283,1.384688,-0.593702,0.130075,0.185956,0.089103,0.475195,0.355478,1.859618,0.751947,-0.110587,-0.002939
-0.059279,0.618612,0.566317,0.197408,0.494769,0.303902,-1.311138,0.406498,0.691204,0.158164,0.514195,0.451796,0.756804,0.810293,0.347176,0.225099,0.170523,0.626668,-1.393254,1.216708,0.617899,-0.553767,-1.326117,0.574798,-0.779184,-0.324608,0.921976,0.175268,-0.694403,-0.937637,0.234633,0.554596,238.529758,1.259734,-1.431992,0.472274,0.272207,1.790688,-1.000117,-1.036902,0.652192,0.159409,0.424292,0.486864,0.710043,1.012798,-0.571196,0.493483
0.094094,1.201595,1.119297,0.100973,0.272972,0.221163,-0.824273,0.092911,0.020140,0.094155,0.242267,0.258105,0.391468,0.095143,0.158611,0.139603,0.107583,0.138626,-0.887591,0.924724,0.086051,-0.361660,-1.108985,0.086543,-0.133765,-0.327989,0.778735,0.146380,-0.369959,-0.470724,0.312388,0.127827,411.866577,1.081794,-1.355803,0.033348,0.065736,2.192111,-0.581900,0.947020,0.106659,0.027340,0.191726,0.116426,0.655181,0.578737,0.040777,-0.078905
0.392865,1.309030,0.438320,0.004133,0.243012,0.036020,-0.791127,0.029222,-0.309103,0.001982,0.022182,0.055406,0.246158,-0.043528,0.008093,0.005585,0.002189,-0.118978,-0.866305,0.707598,-0.004102,0.015979,-1.077594,-0.222002,-0.009327,0.296828,0.457583,0.007404,-0.390724,-0.174235,0.048562,0.029574,138.776057,1.047025,-1.163914,0.001537,0.008450,2.156375,-0.303038,1.283740,0.012814,0.000696,0.040845,0.018758,0.111966,0.224163,0.077766,-0.328612
0.418456,1.301215,1.323341,0.004486,0.247380,0.092793,-0.760676,0.042042,-0.213368,0.007224,0.034128,0.028211,0.261316,-0.040251,0.007383,0.011821,0.002988,-0.382883,-0.851947,0.709573,-0.005364,0.049297,-1.004396,-0.217655,-0.017143,0.285113,0.465553,0.006147,-0.382264,-0.164884,0.051421,0.021519,395.797615,1.016145,-1.220662,0.007699,0.014759,1.908744,-0.303104,1.250312,0.024456,0.001077,0.060741,0.044048,0.108923,0.193374,0.033849,-0.314854
0.451498,0.788273,0.864049,0.168446,0.326354,0.243396,-1.220140,0.160129,0.955242,0.053926,0.302334,0.252769,0.505780,0.161637,0.067934,0.092471,0.051566,-0.001955,-1.234580,0.907830,-0.000870,-0.045082,-1.176708,0.392708,-0.363898,0.001234,0.590671,0.115147,-0.214246,-0.404468,0.208190,0.075921,312.096226,1.214180,-1.538151,0.115838,0.114112,1.961895,-0.587429,-0.404640,0.602743,0.044443,0.260083,0.380546,0.297524,0.608071,-0.535285,-0.055093
0.074723,0.388514,0.203807,0.296666,0.259219,0.382960,-1.310217,0.263786,0.980312,0.142018,0.553494,0.348016,0.505780,0.807514,0.143553,0.196562,0.187071,0.454311,-1.325637,0.907830,0.057536,-0.768785,-1.332637,0.557672,-0.363898,-0.606296,0.590671,0.177324,0.083515,-0.408705,0.208190,0.388853,74.301317,1.244893,-1.605230,0.256163,0.184269,1.233981,-0.639434,-0.404640,0.414976,0.172281,0.304836,0.261652,1.244248,0.608071,-0.535285,0.281539
0.074723,0.793274,1.598622,0.179807,0.329954,0.264978,-1.477220,0.184451,0.565396,0.123733,0.329505,0.297942,0.453803,0.807514,0.236056,0.195959,0.188126,0.513194,-1.552632,0.864375,0.057536,-0.768785,-1.386448,0.065708,-0.358810,-0.606296,0.729668,0.148210,0.026174,-0.305300,0.142021,0.336104,391.361172,1.280531,-1.478362,0.060049,0.178600,1.794668,-0.395196,0.580006,0.111471,0.170831,0.267645,0.175380,1.244248,0.352016,-0.367222,0.281539
0.581867,1.003418,2.042491,0.018694,0.293573,0.303851,-1.400142,0.134613,0.105666,0.013609,0.059786,0.368831,0.405059,-0.044127,0.096422,0.021998,0.011515,-0.142274,-1.491892,0.739354,0.005392,0.123163,-1.864593,-0.139577,-0.010757,0.201249,0.584832,0.058258,-0.304583,-0.127100,0.050252,0.148092,554.925288,1.290731,-1.397698,0.034386,0.044342,1.972353,-0.311692,0.902717,0.068785,0.002938,0.172008,0.111927,0.159114,0.490902,0.127783,-0.146859
0.603686,0.863564,1.288820,0.251754,0.412665,0.500597,-1.051682,0.243968,0.429644,0.047567,0.390317,0.495346,0.718540,0.040612,0.214617,0.124396,0.077212,-0.281246,-0.595067,0.739354,0.005552,0.110045,-1.371669,0.017441,-0.320169,-0.179955,0.874967,0.218710,-0.335771,-0.919810,0.096481,0.249002,455.275071,0.520234,-1.369285,0.157741,0.100868,2.187245,-0.301989,-0.782139,0.504482,0.027245,0.306468,0.182606,0.712108,0.491874,-0.970863,0.189066
0.341438,0.842741,1.077754,0.334985,0.429907,0.499403,-1.239173,0.319069,0.937697,0.107373,0.462603,0.375401,0.718540,0.466602,0.245346,0.225472,0.129909,-0.501668,-1.138715,0.907675,0.005552,0.110045,-2.098847,0.593415,-0.939801,-0.179955,0.874967,0.211044,-0.335771,-0.919810,0.168392,0.305581,386.214866,1.107050,-1.325059,0.163717,0.150588,2.133757,-0.974072,-1.027146,0.770504,0.110133,0.320278,0.348952,0.712108,0.491874,-0.970863,0.189066
0.341438,0.785052,0.208429,0.306101,0.438595,0.501377,-1.114634,0.366501,1.213669,0.125330,0.385034,0.375729,0.718540,0.466602,0.292669,0.270518,0.156470,-0.816982,-1.161383,1.004542,0.104853,0.110045,-2.128499,0.973275,-0.939801,-0.179955,0.874967,0.237737,-0.335771,-0.919810,0.168392,0.416188,62.035984,1.058997,-1.238640,0.311148,0.167897,1.101818,-0.974072,-1.082068,0.824089,0.123255,0.294314,0.555701,0.712108,0.491874,-0.970863,0.189066
0.341438,0.710788,0.323224,0.246733,0.452259,0.619023,-0.931704,0.328507,1.240545,0.130831,0.475198,0.439074,0.718540,0.466602,0.308764,0.279496,0.166563,-0.095809,-0.698428,1.004542,0.536063,-0.149149,-2.152229,0.973275,-0.939801,-0.179955,0.874967,0.248562,-0.332553,-0.919810,0.168392,0.376300,103.638406,0.643533,-1.192641,0.470739,0.163607,1.718351,-0.974072,-1.082068,0.576661,0.122537,0.263822,0.546891,0.712108,0.429567,-0.970863,0.189066
1.165762,0.372151,0.668576,0.067799,0.221436,0.072472,-0.942733,0.147753,0.348021,0.664743,0.073455,0.104673,0.558882,1.816848,4.412625,1.531834,0.254519,-0.134057,-0.971636,2.834244,0.231639,-0.044983,-1.190406,0.018325,0.039664,0.274638,11.299761,1.510865,-0.455144,-1.095416,0.195524,0.137489,266.435946,0.881039,-1.258655,0.105947,1.519608,1.645932,-0.378229,-0.420401,0.380356,0.759511,0.051214,0.263809,0.654643,13.326428,0.058309,3.621130
1.152348,0.733989,2.044298,0.019871,0.243836,0.125766,-0.966241,0.029912,0.059759,0.032216,0.086760,0.152954,0.259419,1.741253,0.211062,0.072393,0.010843,0.151018,-0.890780,2.747362,0.047287,-0.017984,-1.134116,-0.088653,-0.008558,13.403769,10.856147,0.068775,-0.303092,-0.117860,0.189652,0.061230,587.391574,0.957548,-1.291635,0.019025,0.076558,1.279805,-0.314185,0.657304,0.054283,0.035967,0.013585,0.120060,0.631854,12.785603,0.071064,3.460218
0.889700,0.707631,0.971468,0.007312,0.237344,0.093608,-0.765663,0.071485,0.077460,0.032216,0.035700,0.150955,0.258566,1.574196,0.211062,0.072393,0.010843,-0.089271,-0.760613,2.555364,-0.002751,0.011365,-1.300727,-0.218101,-0.059384,12.080616,9.875815,0.068775,-0.041982,-0.164699,0.176675,0.049617,283.948660,0.906994,-1.211785,0.014207,0.076558,2.475830,-0.314620,0.671366,0.021137,0.035967,0.037212,0.031572,0.581492,11.590447,0.030476,3.104623
0.692960,0.739188,0.805797,0.064113,0.191630,0.112429,-0.756975,0.188551,0.160057,0.040259,0.137461,0.206501,0.295576,1.264037,0.263762,0.090469,0.013550,0.033071,-0.721706,2.198898,0.169752,0.060638,-1.031681,0.017589,0.014894,9.377638,8.055720,0.085948,-0.523382,-0.864209,0.152582,0.037522,310.001432,0.941026,-1.151844,0.052393,0.095674,2.099963,-0.377335,-0.015841,0.398771,0.044947,0.055313,0.215222,0.487991,9.371507,0.025133,2.444422
0.511597,1.202449,0.373095,0.016325,0.248984,0.142448,-0.660403,0.047950,-0.250030,0.040259,0.053426,0.065885,0.255078,0.662385,0.263762,0.090469,0.013550,-0.206565,-0.720033,1.507418,-0.001773,-0.032512,-1.030540,-0.188373,-0.051503,4.612314,4.525064,0.085948,-0.316299,-0.159062,0.105846,0.014720,132.148978,0.988810,-1.210134,0.003167,0.095674,1.772722,-0.308844,1.187859,0.010021,0.044947,0.107257,0.015839,0.306616,5.067163,0.073785,1.163750
0.542718,1.149291,0.212043,0.009788,0.249743,0.008748,-0.624627,0.015465,-0.294504,0.020740,0.020678,0.018474,0.252805,0.029624,0.127781,0.043873,0.006033,-0.218474,-0.730859,0.780184,0.019404,0.055201,-0.975279,-0.206783,-0.005222,0.290950,0.811851,0.042437,-0.341761,-0.165075,0.056693,0.026206,65.608977,0.997388,-1.208066,0.001478,0.045404,1.344335,-0.304044,1.127715,0.013808,0.022203,0.008891,0.013297,0.115862,0.540257,0.078735,-0.183141
0.555003,1.171470,0.246765,0.000914,0.241010,0.025047,-0.636923,0.013690,-0.256728,0.002804,0.004375,0.026383,0.247643,-0.036049,0.009575,0.003302,0.001251,-0.149962,-0.668239,0.705708,0.001439,0.009678,-1.035971,-0.206602,-0.006831,0.286727,0.439827,0.008004,-0.373222,-0.195262,0.052340,0.057275,78.383558,0.974038,-1.157047,0.002760,0.009406,1.263369,-0.301292,1.120158,0.022107,0.000518,0.048411,0.033726,0.098207,0.131253,0.080699,-0.312078
0.526843,0.756504,0.592025,0.083649,0.346066,0.226988,-1.282312,0.246740,0.731355,0.067050,0.158564,0.268684,0.590693,0.158680,0.071087,0.042261,0.095900,0.159201,-1.400394,0.848056,0.220424,-0.156878,-1.323724,0.414446,-0.400649,-0.259104,0.556132,0.067558,-0.323367,-0.291643,0.211743,0.064876,208.622701,1.298986,-1.170902,0.164325,0.141769,1.918964,-0.476742,-0.471033,0.644286,0.047309,0.105901,0.362683,0.407122,0.508041,-0.981278,0.215819
0.452247,0.401640,0.164896,0.097730,0.279838,0.273739,-0.989160,0.241918,0.853601,0.100536,0.354291,0.280908,0.590693,0.158680,0.085936,0.062544,0.143132,0.159201,-0.770477,0.848056,0.506367,-0.572101,-1.390938,0.486024,-0.400649,-0.039081,0.593415,0.107940,-0.013519,-0.534616,0.211743,0.059951,68.477333,0.651537,-1.365074,0.314632,0.170826,0.938735,-0.565914,-0.471033,0.459574,0.106961,0.147975,0.204571,0.407122,0.777812,-0.555979,0.165150
0.031192,0.524556,0.187274,0.107305,0.436146,0.217831,-1.262207,0.198089,0.774795,0.174375,0.201327,0.302697,0.623943,0.406628,0.226325,0.109377,0.140717,0.287995,-1.400531,0.811929,0.011914,-0.455213,-1.750829,-0.053546,-0.377417,-0.685474,0.854065,0.187778,0.342435,-0.213186,0.628074,0.375134,59.499631,1.180957,-1.407892,0.101903,0.184882,1.138125,-0.327414,0.315909,0.142583,0.134962,0.288809,0.118792,0.909932,0.831145,-0.294559,0.230183
0.442037,0.714868,2.109384,0.049884,0.373144,0.382537,-1.174108,0.295822,0.463301,0.024234,0.121345,0.354040,0.500067,-0.020613,0.197998,0.050995,0.016356,0.287995,-1.316506,0.738226,0.001550,-0.256201,-2.118831,-0.093777,-0.047105,0.247432,0.761232,0.080966,-0.661331,-0.167032,0.059537,0.265125,595.008773,1.084365,-1.298535,0.059942,0.058526,2.260581,-0.317683,0.444155,0.177703,0.003835,0.284263,0.340493,0.091092,0.623879,0.319881,-0.141367
-0.186958,0.717663,1.501557,0.262158,0.516097,0.295121,-1.231835,0.612710,0.262082,0.129034,0.340498,0.264251,0.783282,0.724616,0.345463,0.139985,0.173440,0.197314,-1.159554,1.002919,0.073296,-0.093361,-1.379163,0.233250,-0.636577,-0.246367,1.024233,0.230513,-0.891737,-0.571149,0.223336,0.559409,541.212385,1.035462,-1.370596,0.163328,0.202633,2.083750,-0.717154,-1.039009,0.661256,0.136383,0.421469,0.305039,0.645524,0.987100,-0.822355,0.276014
-0.186958,0.713340,0.164744,0.245774,0.542356,0.428228,-1.296040,0.377087,0.863226,0.199038,0.574648,0.332989,0.783282,0.724616,0.291781,0.202262,0.289148,0.659740,-1.388829,1.039324,0.825829,-0.915829,-1.455033,0.912698,-0.636577,-0.246367,1.024233,0.239113,-0.886327,-0.571149,0.223336,0.470084,64.841664,1.277018,-1.280877,0.595417,0.370979,0.993158,-0.932335,-1.118769,0.723170,0.229136,0.281488,0.580388,0.645524,0.407225,-0.822355,0.939141
-0.079665,0.620963,0.474067,0.282626,0.523404,0.363193,-1.275966,0.210312,0.875301,0.431629,0.454846,0.341309,0.799035,1.365726,0.282944,0.396343,0.387498,0.807668,-1.374050,1.054146,0.806003,-1.073262,-1.819807,0.843063,-0.806201,-1.433304,0.864319,0.384445,0.405496,-0.867021,1.742092,0.305751,145.066580,1.101555,-1.462748,0.454961,0.408040,1.947418,-0.896757,0.200060,0.262096,0.373195,0.277598,0.147127,1.175974,1.069690,-0.852878,0.939141
0.303798,0.744513,2.878780,0.095579,0.403790,0.434559,-1.166987,0.317754,0.748836,0.023658,0.227479,0.365276,0.535462,-0.032218,0.235111,0.128791,0.036542,0.375048,-1.177814,0.750992,0.025736,-0.517793,-2.123188,-0.093764,-0.094897,0.188349,0.881343,0.220809,-0.682886,-0.867021,0.058358,0.379782,849.309502,1.118539,-1.314890,0.056159,0.047035,1.829952,-0.331809,0.415142,0.200765,0.010644,0.338608,0.392215,0.210095,0.749751,0.225125,-0.121068
-0.725552,0.743271,1.679527,0.299727,0.540624,0.269889,-1.243736,0.753381,0.116703,0.175016,0.319123,0.289044,0.891053,0.671873,0.266096,0.194669,0.222895,0.348822,-1.229950,1.017757,0.147807,-0.466501,-1.546399,-0.031360,-0.870395,-0.418838,0.795847,0.190599,-0.945385,-0.650674,0.183371,0.619813,684.539528,1.131330,-1.332907,0.162731,0.204343,1.691425,-0.850438,-1.083672,0.693048,0.157069,0.279598,0.295782,1.211925,1.119583,-1.008199,0.250474
-0.725552,0.735021,0.174679,0.281502,0.563203,0.413680,-1.271267,0.550106,0.970866,0.232689,0.526884,0.289725,0.891053,0.671873,0.295657,0.261292,0.326456,0.642928,-1.382659,1.115431,0.699602,-1.037801,-1.241249,1.061119,-0.870395,-0.418838,1.002804,0.237823,-0.945385,-0.803775,0.183371,0.611210,68.935513,1.272996,-1.400218,0.610537,0.352762,1.049856,-1.040772,-1.151757,0.709849,0.208963,0.279533,0.672058,1.211925,0.864253,-1.008199,0.744054
-0.195664,0.603378,0.950520,0.230772,0.517736,0.374302,-1.267154,0.283241,0.868905,0.485186,0.504417,0.354504,0.838865,0.920554,0.289824,0.359361,0.404017,0.479194,-1.421443,1.017650,0.699602,-1.083058,-2.035056,1.036515,-1.183841,-1.220235,0.716809,0.365495,0.258792,-0.937289,1.559450,0.403909,243.749037,1.271925,-1.412920,0.452648,0.365400,2.373691,-0.917341,-0.003546,0.277578,0.317545,0.345734,0.167432,1.102640,1.223575,-0.615501,0.744054
0.300667,0.763756,2.437922,0.118106,0.381249,0.391801,-1.204252,0.342040,0.606264,0.022252,0.164383,0.410657,0.553027,-0.028444,0.212090,0.096590,0.033760,0.479194,-1.325866,0.745583,0.042255,-0.708739,-2.329862,-0.049629,-0.076455,0.223529,0.844891,0.141799,-0.698103,-0.937289,0.064473,0.419353,739.430159,1.269968,-1.282788,0.060897,0.060089,2.083267,-0.333112,0.423103,0.200769,0.012107,0.402023,0.397225,0.232940,0.836780,0.149460,-0.117600
-0.598981,0.724381,1.756476,0.277604,0.536790,0.299141,-1.161225,0.703902,-0.003516,0.142756,0.287618,0.288660,0.852595,0.652615,0.308768,0.168600,0.172703,0.168505,-1.193112,0.926303,-0.020659,-0.342646,-1.794732,-0.084082,-0.879715,-0.207108,0.906438,0.201747,-0.992743,-0.553719,0.181028,0.590624,673.036233,1.147252,-1.336723,0.156199,0.205739,2.002721,-0.856078,-0.965566,0.618226,0.144432,0.348159,0.273832,0.907141,1.175405,-0.867678,0.285074
-0.598981,0.685448,0.160271,0.229731,0.572205,0.469445,-1.329543,0.543077,0.917104,0.217690,0.487756,0.379493,0.852595,0.652615,0.312336,0.226386,0.238806,0.837578,-1.392574,1.003535,0.780842,-0.679263,-1.479070,1.003292,-0.879715,-0.417258,0.906438,0.212542,-0.992743,-0.585940,0.181028,0.616104,61.729925,1.260113,-1.244563,0.621100,0.278468,1.090926,-0.941708,-1.133533,0.670037,0.179465,0.283084,0.693455,0.907141,1.011792,-0.867678,0.726303
-0.221012,0.617131,0.478851,0.259969,0.572947,0.234637,-1.343637,0.352918,0.917104,0.405481,0.266059,0.315547,0.859742,1.210365,0.377039,0.368116,0.337229,0.282054,-1.402845,0.999158,0.780842,-0.754949,-2.132301,0.991570,-1.286373,-1.522347,1.017816,0.287006,0.270414,-0.545294,1.313394,0.378290,142.713108,1.323076,-1.434678,0.588352,0.415900,1.685962,-0.922007,-0.665955,0.408953,0.336106,0.459788,0.214843,0.874772,1.103823,-0.825917,0.863181
0.198241,0.800818,2.335958,0.056851,0.408825,0.385504,-1.209747,0.363870,0.733681,0.018620,0.190160,0.226486,0.557520,-0.008596,0.201865,0.102878,0.024569,0.110851,-1.142562,0.739350,-0.006345,-0.430536,-2.211445,-0.066686,-0.043193,0.098766,1.017816,0.191188,-0.757665,-0.383074,0.078147,0.315364,723.892077,1.164917,-1.241349,0.048498,0.054811,1.783194,-0.319048,0.349182,0.190706,0.007421,0.344542,0.381737,0.158821,0.707418,0.288396,-0.139515
-0.624471,0.737072,1.478701,0.327789,0.541769,0.411601,-0.877594,0.718339,0.081724,0.178755,0.425719,0.391938,0.855886,0.658992,0.307483,0.172356,0.178780,0.608720,-0.427134,1.006610,-0.007975,-0.314847,-1.767233,0.239798,-0.769313,-0.345919,0.966946,0.306449,-0.984703,-0.761280,0.183085,0.632136,581.668239,0.504896,-1.439183,0.160898,0.204354,1.193131,-0.911155,-0.923107,0.654726,0.145962,0.369411,0.309099,0.838102,1.035298,-0.839583,0.269039
-0.624471,0.656794,0.181022,0.295998,0.564962,0.394771,-1.398209,0.564527,0.946608,0.234850,0.650932,0.419371,0.855886,0.658992,0.325861,0.260260,0.307756,0.608720,-1.543748,1.043717,0.650388,-0.754539,-1.203956,1.098740,-0.769313,-0.345919,0.966946,0.313438,-0.984703,-0.761280,0.201639,0.648981,75.239502,1.329628,-1.397091,0.612574,0.313386,0.711967,-0.953150,-1.038175,0.633354,0.188402,0.348251,0.688889,0.838102,1.022509,-0.839583,0.716066
-0.136342,0.580143,0.320756,0.299865,0.557162,0.310986,-1.298175,0.285948,0.940055,0.496264,0.584963,0.377859,0.832027,1.148780,0.305452,0.463273,0.456113,0.250080,-1.346647,1.065310,0.649941,-0.687375,-1.464978,1.098740,-1.333305,-0.566416,0.845838,0.345067,0.230119,-0.623729,1.449733,0.394519,95.527738,1.246027,-1.607378,0.544271,0.352250,1.503411,-0.938477,-0.413464,0.341411,0.352940,0.351891,0.180212,1.120650,1.144616,-0.870500,0.784364
0.206375,0.685481,2.262150,0.079710,0.410057,0.439388,-0.799500,0.355576,0.668119,0.016156,0.276077,0.322538,0.525105,-0.006574,0.259987,0.119510,0.025846,0.052938,-0.466079,0.752085,-0.000184,-0.350125,-2.213146,-0.112484,-0.040648,-0.023388,0.893906,0.137453,-0.670707,-0.342715,0.072959,0.406707,697.461905,0.516779,-1.372557,0.039828,0.065165,1.895043,-0.317775,0.288254,0.198289,0.006892,0.313153,0.373055,0.145042,0.622698,0.253989,-0.129062
-0.458630,0.697174,1.503793,0.343702,0.527459,0.388566,-1.231652,0.663594,0.120092,0.176207,0.431538,0.418578,0.830426,0.652837,0.306330,0.173626,0.164578,0.371579,-1.221570,0.998990,-0.000184,-0.166332,-1.954635,0.405038,-0.886989,-0.289328,0.893906,0.233158,-0.916688,-0.590655,0.208827,0.596332,574.583131,1.117934,-1.460375,0.160677,0.200261,2.034804,-0.930568,-0.960871,0.631572,0.153746,0.226592,0.311409,0.778262,1.028220,-0.902043,0.211061
-0.458630,0.674757,0.289838,0.328853,0.571241,0.469808,-1.240735,0.541293,1.017954,0.250449,0.624836,0.338331,0.830426,0.652837,0.297641,0.297833,0.306428,0.371579,-1.382073,1.078194,0.592093,-0.506773,-1.201830,1.233723,-0.886989,-0.289328,0.874434,0.243905,-0.916688,-0.781910,0.208827,0.656620,110.742363,1.263905,-1.451550,0.622762,0.312199,2.027484,-0.991584,-1.060900,0.642129,0.190739,0.262489,0.700542,0.778262,1.028220,-0.902043,0.691751
-0.289617,0.630083,0.350040,0.352981,0.562255,0.262740,-1.247368,0.326767,1.016765,0.489866,0.478706,0.357375,0.803893,1.312103,0.275357,0.512015,0.495110,0.123833,-1.367235,1.128690,0.592093,-0.651690,-2.036603,1.233723,-1.333720,-0.204436,0.788612,0.363093,0.160980,-0.775000,1.612547,0.395734,103.405602,1.096785,-1.567172,0.574843,0.378428,1.360604,-0.990016,-0.644617,0.388451,0.400212,0.391410,0.225239,1.222425,1.041598,-0.629124,0.760878
0.201400,0.764295,2.209090,0.066731,0.411364,0.360480,-1.254969,0.356889,0.537452,0.020644,0.248751,0.263356,0.540831,0.000752,0.257434,0.087107,0.027869,0.053412,-1.225922,0.758998,-0.004673,-0.383506,-2.168110,-0.115734,-0.049804,0.183261,0.948912,0.148101,-0.732496,-0.206692,0.057171,0.379259,630.785450,1.078468,-1.293682,0.047026,0.084942,1.910739,-0.323044,0.434472,0.148570,0.006646,0.371964,0.371909,0.131621,0.745265,0.257899,-0.134041
-0.415230,0.695246,1.450337,0.374929,0.536659,0.317179,-1.253154,0.612324,0.108681,0.168661,0.593159,0.288703,0.789843,0.672958,0.323770,0.148154,0.145635,-0.003351,-1.318026,1.016922,-0.004673,-0.059794,-2.098675,0.602440,-0.800546,-0.285150,0.948912,0.272757,-0.838978,-0.659815,0.232769,0.555778,512.499924,1.227930,-1.332210,0.145400,0.226898,1.776853,-0.903606,-0.806816,0.602609,0.136768,0.325332,0.275191,0.665843,1.134941,-0.844531,0.295926
-0.415230,0.637706,0.164872,0.326099,0.564640,0.331524,-1.379610,0.558411,0.955957,0.191922,0.752409,0.298502,0.789843,0.672958,0.330231,0.247325,0.219223,0.030923,-1.611367,1.080461,0.590338,-0.556424,-1.569001,1.183494,-0.800546,-0.285150,0.910782,0.240466,-0.838978,-0.659815,0.232769,0.710410,65.764549,1.384702,-1.375906,0.613360,0.266033,1.180013,-0.955193,-1.067766,0.591350,0.161458,0.223014,0.673831,0.665843,1.134941,-0.844531,0.423886
-0.049628,0.639696,0.600905,0.418359,0.597080,0.407023,-1.284626,0.285358,0.955957,0.457890,0.457667,0.285334,0.831188,1.164369,0.346679,0.445971,0.429266,0.115174,-1.383542,1.209471,0.590338,-1.144847,-1.032893,1.183494,-1.129825,-0.402024,0.994595,0.393554,0.275727,-0.750453,1.338390,0.253175,180.713892,1.267236,-1.522006,0.621729,0.417949,1.529071,-0.955193,-0.942395,0.564188,0.384351,0.352241,0.204177,1.200113,0.943350,-0.600794,1.005281
-0.046539,0.630508,2.170847,0.121014,0.435319,0.535955,-1.084074,0.370390,0.676753,0.066870,0.334451,0.315541,0.677056,0.053018,0.304840,0.189881,0.107604,0.115174,-1.053377,0.740481,0.056453,-1.144847,-2.121954,-0.056447,-0.345957,-0.016010,0.994595,0.288402,-0.349147,-0.429632,0.159218,0.367958,685.915840,1.012751,-1.394291,0.070300,0.160163,1.872502,-0.362499,0.289787,0.149617,0.028989,0.349793,0.299751,0.607746,0.390272,-0.267993,-0.152637
0.660297,0.644038,1.269388,0.362573,0.505458,0.451658,-1.261500,0.326958,0.327613,0.158315,0.669514,0.350354,0.815401,0.493658,0.302872,0.237985,0.285567,-0.277610,-1.278946,1.082558,0.129805,-0.047762,-1.664976,0.999638,-1.494909,-0.399762,0.921285,0.279785,-0.597604,-0.758263,0.161419,0.418907,507.385111,1.147002,-1.519186,0.144685,0.260050,1.813281,-0.548619,-0.909110,0.596316,0.117744,0.355447,0.285051,1.405284,1.144731,-0.768576,0.298060
0.782015,0.635969,0.171528,0.275444,0.467297,0.542915,-1.358507,0.282721,0.920324,0.177440,0.522035,0.367286,0.815401,0.493658,0.293479,0.316422,0.353640,-0.277610,-1.476632,1.167134,0.349514,-0.373083,-1.408026,1.287543,-1.494909,-0.399762,0.842686,0.284134,-0.597604,-0.758263,0.168031,0.611239,68.873887,1.329778,-1.578882,0.512489,0.298539,1.139719,-0.848514,-1.028845,0.552287,0.131680,0.301888,0.511879,1.405284,1.144731,-0.768576,0.298060
0.309769,0.640899,0.428362,0.398466,0.428533,0.273125,-1.358096,0.191482,0.878025,0.444630,0.530780,0.413002,0.643906,1.215530,0.323812,0.494650,0.402943,0.050786,-1.514929,1.133334,0.349514,-0.622215,-0.932553,1.286795,-1.272837,-0.602330,1.074079,0.373024,0.224875,-0.501637,1.157855,0.309340,120.951265,1.297275,-1.660392,0.419763,0.287169,1.026494,-0.843698,-0.455731,0.339741,0.311616,0.333095,0.151715,1.773636,0.900785,-0.619462,0.395368
0.505754,0.839264,2.850952,0.079511,0.402335,0.260720,-1.214180,0.339936,0.516617,0.029323,0.181774,0.303574,0.515774,-0.014074,0.323684,0.086105,0.023686,-0.308945,-1.110559,0.743908,-0.019118,-0.025317,-2.345757,-0.181553,-0.066179,0.113758,1.074079,0.167501,-0.686066,-0.412852,0.086745,0.364789,883.440695,0.999904,-1.385045,0.049893,0.071444,1.919472,-0.321999,0.469059,0.120135,0.008134,0.229547,0.349093,0.158998,0.761695,0.001458,-0.156936
-0.685849,0.715254,1.965782,0.356642,0.537209,0.391280,-1.254669,0.750988,-0.049627,0.171745,0.401954,0.385113,0.868398,0.649015,0.285826,0.182575,0.203988,0.182663,-1.195599,0.977279,-0.031694,-0.302236,-1.886687,0.166180,-0.915495,-0.384469,1.002375,0.211910,-1.050458,-0.529547,0.195547,0.559588,754.731739,1.013958,-1.391322,0.134262,0.194694,1.824266,-1.046423,-0.973626,0.610797,0.150257,0.305223,0.314742,1.020210,1.293721,-0.894491,0.263323
-0.685849,0.660224,0.174232,0.319489,0.567244,0.516756,-1.324156,0.610105,1.008523,0.208831,0.610208,0.283458,0.868398,0.649015,0.283378,0.301108,0.263096,0.324711,-1.449454,1.061103,0.667579,-0.745570,-1.442128,1.301761,-0.915495,-0.384469,0.803823,0.229742,-1.050458,-0.718706,0.213765,0.674999,66.162454,1.280757,-1.299416,0.612910,0.259518,1.073801,-1.046423,-1.096959,0.615959,0.173051,0.291352,0.770145,1.020210,1.293721,-0.894491,0.371940
-0.086061,0.594306,0.641785,0.355382,0.583962,0.321532,-1.224608,0.317229,1.008523,0.525596,0.477742,0.286363,0.922845,1.586202,0.307470,0.573512,0.471311,0.227358,-1.399648,1.471671,0.667579,-0.806037,-0.839714,1.301761,-1.480856,-0.601724,0.865790,0.383011,0.258927,-0.917287,1.731740,0.301370,213.557155,1.278711,-1.569379,0.601077,0.380557,1.779200,-0.934761,-0.773429,0.455557,0.411804,0.361650,0.208928,1.156476,1.055053,-0.942246,0.829531
0.132757,0.753787,3.029439,0.064100,0.410133,0.427954,-1.290959,0.328877,0.671449,0.030079,0.251405,0.202122,0.556086,0.129366,0.224384,0.124782,0.083269,-0.125745,-1.479102,0.754950,0.034310,-0.546079,-2.200463,-0.082254,-0.077061,0.021718,0.865790,0.220153,-0.674404,-0.796898,0.067492,0.455792,954.325806,1.299600,-1.330941,0.046329,0.157675,1.883863,-0.317240,0.247952,0.236435,0.020820,0.344003,0.406298,0.409407,0.786795,0.297982,-0.064218
-0.814301,0.755663,1.826612,0.313251,0.532943,0.324591,-1.314870,0.695352,0.109827,0.168790,0.336705,0.324344,0.879769,0.791457,0.293053,0.192326,0.253554,0.321203,-1.214460,0.916471,-0.025762,-0.426029,-1.993193,0.105984,-1.000824,-0.409296,0.836594,0.211649,-0.921661,-0.627026,0.199809,0.572651,725.542284,1.060257,-1.512212,0.168526,0.201530,1.916724,-1.096774,-0.990813,0.641168,0.171559,0.309217,0.321495,1.295231,1.015847,-0.965166,0.260999
-0.814301,0.672750,0.182284,0.282914,0.604446,0.500688,-1.317175,0.617790,1.118767,0.246734,0.652395,0.248211,0.879769,0.791457,0.306446,0.253861,0.301881,0.321203,-1.338451,1.033267,0.809490,-0.785949,-1.425129,1.000098,-1.000824,-0.409296,0.988999,0.206961,-0.921661,-0.717679,0.207167,0.791942,69.810429,1.184823,-1.584248,0.650570,0.281890,0.935430,-1.096774,-1.165205,0.666469,0.204542,0.304225,0.768921,1.295231,1.015847,-0.965166,0.638080
-0.288555,0.565621,0.601400,0.300720,0.632148,0.286008,-1.249380,0.383346,1.118767,0.548932,0.528457,0.381767,0.941185,1.588332,0.287072,0.422492,0.443544,0.384095,-1.424931,1.256773,0.809490,-0.982399,-1.816420,1.000098,-0.693522,-1.445348,0.604192,0.252360,0.307292,-0.717679,1.675364,0.415573,156.743829,1.266487,-1.561102,0.649146,0.449076,1.335017,-0.980987,-0.772235,0.444079,0.445294,0.413970,0.234568,1.490683,1.189363,-0.466171,0.763596
-0.211158,0.632864,2.641352,0.143108,0.450576,0.517601,-1.205840,0.408443,0.661132,0.048520,0.321826,0.357762,0.714186,0.295312,0.268693,0.219844,0.148406,0.364271,-1.126696,0.941275,0.120755,-0.437299,-2.029022,0.485740,-0.147885,-0.199083,1.004815,0.208893,-0.754932,-0.528622,0.075144,0.479160,815.303184,1.192108,-1.317899,0.071555,0.192238,1.802726,-0.404671,0.229318,0.210783,0.046198,0.380702,0.416879,0.649989,0.810370,0.151401,-0.103947
-0.686233,0.658233,1.530658,0.367816,0.530629,0.437017,-1.362874,0.650937,0.047828,0.166878,0.503514,0.459654,0.891247,0.681809,0.322191,0.173990,0.198933,0.870149,-1.373916,0.983785,0.005754,-0.347045,-1.760974,0.180692,-0.901554,-0.386837,1.004815,0.269024,-1.019998,-0.673985,0.141254,0.601313,633.376416,1.254642,-1.354329,0.157344,0.188382,1.791542,-0.869625,-0.856441,0.570205,0.153120,0.396286,0.334486,0.888006,1.079316,-0.791707,0.255948
-0.686233,0.623481,0.170522,0.309750,0.557461,0.445021,-1.318070,0.539633,0.840650,0.231082,0.802399,0.351182,0.891247,0.681809,0.306461,0.244814,0.297908,0.870149,-1.398604,1.048983,0.805272,-0.952466,-1.226112,1.101933,-0.901554,-0.404597,0.942512,0.257406,-1.019998,-0.732146,0.141642,0.739746,65.519611,1.254257,-1.556870,0.604623,0.292809,1.195187,-0.938388,-0.984105,0.614992,0.186676,0.367593,0.671981,0.888006,1.079316,-0.791707,0.802582
-0.150672,0.581729,0.393509,0.247652,0.591037,0.390725,-1.216430,0.299588,0.833470,0.447660,0.436974,0.273334,0.942613,1.269222,0.315358,0.360125,0.416786,0.096399,-1.174472,1.102783,0.805272,-1.261490,-1.810919,1.101933,-1.043567,-0.679110,0.703032,0.367319,0.193233,-0.604002,1.368776,0.482194,103.438202,1.007226,-1.517653,0.575793,0.395078,1.852393,-0.910497,-0.465340,0.376178,0.356571,0.411796,0.171040,1.076413,0.969046,-0.863939,1.038669
0.274149,0.613686,3.151416,0.046884,0.423366,0.384753,-1.120730,0.376182,0.653996,0.024164,0.221807,0.156160,0.544218,-0.028708,0.313336,0.087693,0.015656,-0.301471,-0.964350,0.753696,0.002304,-0.362842,-2.051193,-0.106321,-0.105459,0.129998,1.135081,0.182137,-0.667815,-0.511067,0.062489,0.318479,944.215879,0.888371,-1.358011,0.031303,0.064178,2.097662,-0.314009,0.326321,0.157763,0.004051,0.329191,0.358021,0.143774,0.723844,0.176682,-0.148037
-0.781339,0.641357,2.188275,0.309750,0.518516,0.269067,-1.409770,0.786278,-0.046540,0.177718,0.339957,0.409408,0.941272,0.678909,0.289032,0.157704,0.222188,0.487579,-1.448596,1.001412,0.171033,-0.502087,-2.073696,0.048106,-0.735172,-0.401716,0.860610,0.221323,-1.099312,-0.587866,0.166338,0.600094,855.010782,1.432950,-1.431479,0.156109,0.203606,1.923192,-0.852678,-1.017317,0.575596,0.151674,0.303978,0.319398,1.032136,1.367443,-0.879860,0.267343
-0.781339,0.705365,0.186691,0.294687,0.543789,0.454356,-1.292625,0.598955,0.875537,0.201006,0.739255,0.301335,0.941272,0.678909,0.347019,0.227858,0.275219,0.629152,-1.456169,1.025506,0.880760,-0.867727,-1.806266,1.034524,-0.735172,-0.401716,1.001269,0.251768,-1.099312,-0.682312,0.166338,0.672150,71.093111,1.359451,-1.564224,0.575329,0.271510,1.438574,-1.072854,-1.117761,0.668436,0.166657,0.387085,0.687012,1.032136,0.915720,-0.879860,0.310124
-0.403875,0.555441,1.284257,0.313688,0.536662,0.406318,-1.302636,0.361258,0.923505,0.443887,0.617900,0.626793,1.133619,1.966087,0.308392,0.526195,0.417533,0.629152,-1.537406,0.976656,0.880760,-1.092009,-1.739172,0.775464,-1.138285,-2.587038,0.957442,0.506175,0.266702,-1.186105,1.747492,0.419421,385.852090,1.309401,-1.586174,0.485927,0.397458,1.529268,-0.786667,0.051685,0.315065,0.409570,0.328531,0.171608,1.991019,1.281317,-0.882412,0.758061
0.113437,0.541190,2.706590,0.055024,0.392773,0.520794,-1.196869,0.328254,0.921982,0.028559,0.193663,0.407580,0.542634,-0.030371,0.286571,0.067745,0.026704,0.164395,-1.079409,0.766845,0.018918,-1.092009,-2.073982,-0.054742,-0.052046,-0.076990,1.031777,0.408657,-0.505385,-1.186105,0.061380,0.417462,865.396946,1.035872,-1.380695,0.050379,0.118517,2.019756,-0.309699,0.102507,0.202000,0.005252,0.401713,0.335775,0.306661,0.899805,-0.095483,-0.083678
-0.021907,0.538755,0.250872,0.281582,0.417913,0.399031,-1.181074,0.343009,0.573149,0.230812,0.678236,0.284750,0.735153,0.787675,0.224213,0.219305,0.260730,0.207072,-1.369586,1.095967,0.661619,-0.465526,-1.339637,0.841471,-0.799050,-0.188036,0.667600,0.151197,-0.749061,-0.663581,0.158450,0.403758,95.363708,1.252612,-1.401092,0.460739,0.287847,1.470231,-0.938247,-0.829164,0.604718,0.199916,0.302608,0.457574,0.710681,1.048345,-0.565409,0.173508
0.429241,1.291138,0.494397,0.003294,0.241398,0.120516,-0.653841,0.024218,-0.274078,0.003464,0.012076,0.062284,0.256383,-0.044802,0.011456,0.005665,0.001934,-0.083550,-0.646777,0.710947,-0.004584,-0.024971,-1.020414,-0.188122,-0.010560,0.279525,0.487334,0.011683,-0.321869,-0.175237,0.049246,0.026297,190.196947,0.961361,-1.240775,0.005873,0.013756,1.916314,-0.303133,1.270339,0.011362,0.000621,0.041495,0.013607,0.118686,0.282397,0.068731,-0.296747
0.398406,1.297484,0.637244,0.001780,0.242320,0.028002,-0.638366,0.024182,-0.250239,0.001524,0.005036,0.017728,0.245871,-0.044536,0.003675,0.003383,0.001421,-0.176818,-0.627396,0.707882,-0.004516,0.034127,-1.005594,-0.210630,-0.007423,0.298595,0.441234,0.004974,-0.306541,-0.188418,0.049445,0.027570,179.663151,0.942915,-1.178391,0.001283,0.004812,1.894554,-0.301621,1.282367,0.009104,0.000493,0.026485,0.014905,0.115928,0.220025,0.082177,-0.332667
0.452801,0.961560,0.170340,0.032622,0.282811,0.253147,-0.700291,0.129588,-0.072723,0.027444,0.056624,0.097736,0.330228,-0.040222,0.036095,0.047774,0.023645,-0.178692,-0.638488,0.728859,0.088291,0.018690,-1.475091,0.032936,-0.035883,0.122718,0.489155,0.056711,-0.297737,-0.133466,0.053583,0.187872,54.581266,0.818883,-1.439677,0.024347,0.053309,0.949249,-0.301727,0.858086,0.118263,0.005425,0.085722,0.069935,0.157817,0.373766,-0.485041,-0.130373
0.754290,0.642953,1.295538,0.034912,0.289521,0.324304,-1.038803,0.168453,0.419533,0.022555,0.102618,0.283309,0.343377,-0.034593,0.163683,0.068782,0.012021,-0.614179,-1.011043,0.732297,-0.010812,-0.006269,-1.405007,-0.310651,-0.034191,0.046811,0.705816,0.093464,-0.109093,-0.460701,0.051881,0.190157,456.105252,1.012012,-1.299559,0.024871,0.053125,1.666173,-0.313347,0.565283,0.039007,0.002596,0.199842,0.155419,0.127036,0.234228,-0.150090,-0.115536
0.718617,0.837827,1.217514,0.029271,0.251061,0.236024,-1.292507,0.053965,0.122349,0.026275,0.105057,0.252126,0.307396,-0.021794,0.133844,0.056119,0.015845,0.505746,-1.287967,0.777296,0.014234,-0.152577,-1.229689,-0.111568,-0.013896,-0.131474,0.679253,0.102156,-0.205356,-0.243720,0.063253,0.060464,305.018854,1.281567,-1.351479,0.036712,0.059517,1.693252,-0.341753,0.722372,0.067854,0.004572,0.317913,0.104460,0.174287,0.375054,-0.040081,-0.087924
0.633422,1.114151,0.551706,0.008183,0.251553,0.184359,-0.756072,0.026386,-0.121167,0.007222,0.027610,0.166683,0.265813,-0.037459,0.055909,0.018144,0.005101,0.051747,-0.705660,0.714439,-0.007009,0.011475,-1.041073,-0.255774,-0.018041,0.245608,0.601508,0.023613,-0.249171,-0.270553,0.050524,0.092091,173.404091,1.055317,-1.408975,0.010371,0.024774,1.546322,-0.309152,1.084782,0.009277,0.001360,0.138077,0.032569,0.106899,0.169491,0.047161,-0.283040
0.752758,0.686612,0.794154,0.047303,0.351778,0.116631,-1.311753,0.122392,1.019574,0.092905,0.140467,0.149728,0.558653,0.235081,0.037965,0.059180,0.090776,-0.023235,-1.477905,0.824576,0.123474,-0.208589,-1.356344,0.268263,-0.368790,0.020586,0.541284,0.055333,-0.276576,-0.381855,0.226120,0.047556,289.035581,1.230721,-1.299106,0.136988,0.101989,2.115105,-0.510270,-0.631228,0.627762,0.057964,0.076114,0.401084,0.421716,0.384008,-0.454662,-0.004326
0.375035,0.391813,0.166307,0.057586,0.300176,0.211012,-1.248564,0.240105,1.131548,0.135108,0.323016,0.142388,0.558653,0.235081,0.088806,0.055403,0.131675,0.214607,-1.321283,0.824576,0.424103,-0.466830,-1.397178,0.397527,-0.368790,0.020586,0.644675,0.096701,0.074662,-0.538281,0.226120,0.081909,62.270226,1.092441,-1.427629,0.332950,0.148843,1.053630,-0.628249,-0.631228,0.445770,0.118700,0.245166,0.285898,0.421716,0.757283,-0.451074,0.125897
-0.100549,0.465622,0.610085,0.139110,0.407065,0.274471,-1.194335,0.236723,0.976826,0.165248,0.253017,0.311447,0.696373,0.544985,0.263831,0.157522,0.172745,0.236307,-1.368719,0.896465,0.338185,-0.294045,-0.865109,0.189854,-0.430674,-1.023903,0.887007,0.193527,0.409836,-0.248784,0.570640,0.369538,164.517104,1.244614,-1.503410,0.224810,0.265168,0.387573,-0.446393,0.168350,0.166751,0.172508,0.369721,0.152680,0.891938,0.885179,-0.657169,0.534953
0.396796,0.651245,3.327475,0.042280,0.396738,0.258946,-1.190798,0.287059,0.653012,0.022523,0.157350,0.320094,0.505364,-0.010633,0.234090,0.043027,0.026541,0.397914,-1.100294,0.719464,-0.004424,-0.178303,-2.082205,-0.030902,-0.055394,0.153258,0.887007,0.106404,-0.728311,-0.251628,0.066252,0.282419,960.168753,0.940483,-1.191074,0.026968,0.047832,2.150657,-0.327050,0.347136,0.194493,0.007718,0.357690,0.389482,0.128108,0.759181,0.396882,-0.124153
-0.728970,0.665102,1.611669,0.320331,0.511010,0.466436,-1.474276,0.712946,0.120936,0.151932,0.411283,0.453203,0.836050,0.539011,0.278057,0.119450,0.172684,0.456602,-1.604267,0.936396,-0.000406,-0.271443,-1.261362,0.211919,-0.684186,-0.241430,0.908597,0.248520,-0.971271,-0.592540,0.165892,0.564409,578.345580,1.472423,-1.348122,0.147904,0.178655,2.004405,-0.950033,-0.882309,0.579540,0.127907,0.344383,0.347031,0.855578,1.161470,-0.774305,0.183971
-0.728970,0.628972,0.171467,0.293271,0.542060,0.485517,-1.315367,0.545642,0.857386,0.209894,0.759244,0.477326,0.836050,0.539011,0.312374,0.181054,0.247574,0.790840,-1.263577,1.024814,0.838281,-0.896960,-1.484355,1.032419,-0.684186,-0.241430,0.908597,0.252610,-0.952204,-0.592540,0.165982,0.604352,63.893067,1.221560,-1.448231,0.587647,0.262951,1.141513,-0.950033,-1.000553,0.615057,0.171199,0.249471,0.645527,0.855578,1.098594,-0.774305,0.576848
-0.108850,0.612699,1.023669,0.198776,0.558849,0.297224,-1.330362,0.286597,0.857386,0.520277,0.559018,0.230400,0.864607,0.971828,0.354892,0.365033,0.385103,0.410122,-1.472237,1.052525,0.838281,-1.046962,-1.903685,0.976885,-1.021450,-0.861964,0.877506,0.323617,0.311068,-0.724478,1.633421,0.305278,267.721270,1.366721,-1.561921,0.559753,0.369436,2.459664,-0.922527,-0.535936,0.370391,0.336698,0.343465,0.154241,1.142903,1.204479,-1.153181,0.781999
0.212747,0.757604,3.328821,0.112363,0.413213,0.537525,-1.099020,0.337878,0.718819,0.024801,0.244379,0.354218,0.580892,0.004236,0.229388,0.127523,0.046034,0.128496,-0.997942,0.775881,0.040752,-0.583583,-2.116936,-0.074233,-0.132437,-0.019930,0.877506,0.216021,-0.695775,-0.724478,0.057835,0.365409,1017.025645,1.008569,-1.369169,0.057733,0.070042,2.060721,-0.318597,0.343647,0.189306,0.014382,0.322292,0.378455,0.306464,0.777037,0.315162,-0.139149
-0.879124,0.715941,2.112006,0.341742,0.555597,0.337850,-1.164048,0.765715,0.044645,0.175910,0.383986,0.343543,0.948569,0.653672,0.250037,0.181932,0.260269,0.240038,-1.132837,0.931679,0.013765,-0.398854,-1.662651,-0.047011,-0.875115,-0.451340,0.856341,0.184721,-0.937118,-0.553237,0.164199,0.565238,877.125416,1.095154,-1.396645,0.152925,0.196831,1.834349,-0.932396,-0.970841,0.604758,0.146829,0.352900,0.318960,1.405469,1.228173,-0.935955,0.268142
-0.879124,0.655397,0.336356,0.314296,0.590124,0.316574,-1.287673,0.653723,0.912370,0.250614,0.725093,0.200622,0.948569,0.653672,0.298688,0.242687,0.298393,0.338603,-1.335365,1.054324,0.806227,-0.735104,-1.394760,1.054044,-0.875115,-0.451340,0.925552,0.192077,-0.937118,-0.749023,0.164199,0.684297,138.910243,1.256571,-1.516084,0.636535,0.297182,1.786973,-1.061925,-1.134925,0.642399,0.169100,0.332646,0.719318,1.405469,1.228173,-0.935955,0.363465
-0.089827,0.583507,1.018848,0.212408,0.563618,0.287529,-1.284456,0.339056,0.910848,0.319928,0.542101,0.350294,0.846010,1.099652,0.339516,0.345696,0.428598,0.338603,-1.484261,0.887668,0.806227,-0.904571,-1.898009,1.054044,-1.264424,-1.022137,0.925438,0.316481,0.304236,-0.749023,0.871826,0.342211,289.722936,1.282980,-1.599218,0.592205,0.384193,1.249928,-0.993749,-0.783994,0.425061,0.315541,0.403024,0.187351,1.089412,1.206954,-1.075750,0.579673
0.131848,0.764557,3.514618,0.066027,0.418189,0.510718,-1.313789,0.360928,0.756851,0.035499,0.235741,0.306759,0.551066,0.013960,0.254878,0.120413,0.046036,0.220390,-1.480898,0.777373,0.045401,-0.702110,-2.055804,0.038900,-0.083312,-0.065124,0.925438,0.244761,-0.670028,-0.509535,0.062839,0.377660,1065.373608,1.309051,-1.307970,0.046941,0.119497,1.698647,-0.319768,0.384784,0.200191,0.011520,0.484547,0.385811,0.353489,0.763762,0.264684,-0.071107
-0.747539,0.730243,2.264057,0.312405,0.547121,0.397204,-1.264918,0.699245,0.046014,0.168806,0.384012,0.336231,0.875275,0.616949,0.305547,0.175325,0.202978,0.593667,-1.004047,0.930701,-0.010449,-0.418821,-1.572716,0.024220,-0.935085,-0.348305,0.922092,0.241160,-0.897167,-0.625170,0.173869,0.571362,854.523757,0.924825,-1.393033,0.146644,0.201190,1.886117,-1.014044,-0.918851,0.616282,0.146521,0.390946,0.290905,0.948550,1.056168,-0.821335,0.297675
-0.747539,0.648287,0.173170,0.270964,0.580474,0.489705,-1.361903,0.603174,0.972104,0.234363,0.673656,0.310580,0.875275,0.616949,0.310587,0.234777,0.241467,0.593667,-1.423608,1.036807,0.823559,-0.789522,-1.356959,1.078162,-0.935085,-0.348305,0.943256,0.231663,-0.897167,-0.634158,0.173869,0.699634,66.098140,1.342677,-1.435263,0.628807,0.256871,1.071970,-1.014044,-1.068623,0.628106,0.185533,0.325528,0.697243,0.948550,1.056168,-0.821335,0.365476
-0.214182,0.624797,0.802804,0.265091,0.592555,0.321985,-1.476767,0.350356,0.972104,0.385164,0.417890,0.289348,0.841028,1.106761,0.345748,0.403634,0.333115,0.359295,-1.641973,0.950144,0.823559,-1.059394,-2.094293,1.057127,-1.153268,-1.701923,0.907757,0.334514,0.263228,-0.634158,1.037637,0.352773,246.348844,1.433968,-1.507710,0.617572,0.409355,1.929800,-0.932334,-0.829098,0.477266,0.364627,0.397150,0.234563,0.649410,0.994989,-0.570740,0.821662
0.141363,0.798902,3.011788,0.077670,0.417935,0.436839,-1.385447,0.347118,0.792011,0.028060,0.262300,0.197782,0.559547,-0.017084,0.207761,0.141287,0.035530,-0.027526,-1.366125,0.751775,0.005823,-0.458639,-2.164146,-0.057877,-0.108826,0.115924,0.907757,0.244534,-0.737986,-0.413289,0.064902,0.393802,908.972177,1.274325,-1.336317,0.039981,0.110360,1.739163,-0.315018,0.317508,0.228795,0.007092,0.303254,0.418736,0.252731,0.663517,0.278659,-0.072829
-0.801925,0.765309,1.678144,0.322847,0.538035,0.326411,-1.351102,0.704907,0.057825,0.166447,0.422082,0.376757,0.884166,0.617482,0.286922,0.176959,0.181344,0.648226,-1.489345,0.942032,0.005823,-0.355198,-1.740606,0.146725,-0.856989,-0.363261,0.899636,0.272049,-0.968542,-0.592756,0.149296,0.617951,633.583884,1.316968,-1.441363,0.159681,0.197999,1.164681,-0.921429,-0.918141,0.651724,0.155818,0.323623,0.313687,0.840695,1.037468,-0.809510,0.260413
-0.801925,0.666658,0.192500,0.294867,0.567858,0.455056,-1.231104,0.585206,0.947255,0.233339,0.702583,0.370621,0.884166,0.617482,0.323399,0.245440,0.292338,0.648226,-1.342680,1.049078,0.691450,-0.811668,-1.388044,1.187332,-0.856989,-0.363261,0.987858,0.266387,-0.968542,-0.711734,0.149296,0.706235,78.010877,1.222498,-1.491120,0.617104,0.295960,1.479992,-0.971272,-1.069338,0.638981,0.184027,0.292925,0.695113,0.840695,1.015298,-0.809510,0.734930
-0.129306,0.652794,1.153908,0.237056,0.540323,0.294348,-1.458147,0.310168,0.947255,0.483056,0.499513,0.325699,0.835012,1.305425,0.370123,0.496119,0.474744,0.373584,-1.654596,1.237803,0.691450,-0.794328,-1.498698,1.187332,-1.414397,-0.513491,0.957354,0.354304,0.195153,-0.763414,1.644109,0.334777,334.271348,1.506110,-1.590071,0.552572,0.398264,2.068804,-0.944615,-0.581854,0.383920,0.391877,0.527201,0.204740,1.351453,0.918078,-1.032029,0.856221
0.224732,0.894799,2.954200,0.053883,0.382683,0.417908,-1.271547,0.324369,0.599247,0.022496,0.254018,0.423678,0.506257,-0.027205,0.194871,0.127831,0.027089,0.373584,-1.328612,0.809448,0.044799,-0.794328,-2.221945,-0.069405,-0.072651,0.152939,0.957354,0.177563,-0.543272,-0.763414,0.058677,0.362415,890.672985,1.225258,-1.257140,0.036751,0.057614,1.401363,-0.315163,0.461461,0.154459,0.009846,0.298649,0.312513,0.233991,0.538525,0.236906,-0.152944
-0.102924,0.763982,1.619828,0.260997,0.528474,0.401989,-1.120755,0.519391,0.068716,0.127814,0.114335,0.603064,0.804474,0.537628,0.274084,0.185935,0.208904,0.796960,-1.200913,0.933217,0.008776,-0.433504,-1.474966,-0.225863,-0.722618,-0.263652,0.758266,0.166504,-0.742912,-0.693980,0.227286,0.499997,616.746526,1.203130,-1.364402,0.158077,0.146361,1.765615,-0.749452,-1.034683,0.662108,0.116766,0.319290,0.220800,1.162544,0.884538,-0.823706,0.115593
-0.102924,0.683536,0.227150,0.277324,0.546687,0.267880,-1.285071,0.432832,1.027680,0.194375,0.268814,0.362871,0.804474,0.537628,0.280067,0.264382,0.333927,0.796960,-1.454700,0.996034,0.599516,-0.534012,-1.851972,1.223715,-0.722618,-0.263652,0.721517,0.230551,-0.742912,-0.693980,0.227286,0.598516,83.814338,1.315799,-1.514584,0.589265,0.263351,1.607817,-1.053000,-1.229273,0.677884,0.141277,0.329387,0.630853,1.162544,0.733866,-0.823706,0.592638
0.173672,0.636896,0.715693,0.336887,0.498088,0.336552,-1.301647,0.246803,0.955049,0.382398,0.810577,0.379321,0.793654,0.851672,0.348501,0.468435,0.507824,-0.007498,-1.469567,0.966525,0.590491,-1.278130,-1.843679,1.188175,-1.223915,-0.593544,0.882646,0.364884,0.350460,-0.406663,0.957240,0.422029,205.231129,1.302259,-1.567061,0.455473,0.318165,1.490137,-0.773622,-0.072078,0.258509,0.292756,0.545778,0.145748,1.652204,0.964141,-0.693698,0.613622
0.346869,0.723134,2.613415,0.089918,0.399403,0.453246,-1.107229,0.267272,0.546785,0.032075,0.380685,0.380605,0.451263,-0.013042,0.220500,0.172237,0.031549,-0.007498,-1.045653,0.743165,-0.000070,-0.203752,-2.033101,0.019871,-0.114226,0.226779,0.872165,0.150546,-0.552536,-0.241139,0.063771,0.375900,795.041609,1.071039,-1.497900,0.015616,0.040268,2.135767,-0.315760,0.490351,0.113991,0.006637,0.364434,0.312293,0.160537,0.679178,0.127618,-0.150325
-0.759185,0.631625,1.097752,0.474238,0.499498,0.310548,-1.321824,0.674210,0.119968,0.152067,0.600548,0.274524,0.745622,0.669633,0.239165,0.143834,0.178920,-0.265596,-1.510935,0.908261,-0.007546,-0.008571,-2.009219,0.663408,-0.819587,-0.300055,0.817863,0.256369,-0.706136,-0.587923,0.154480,0.537395,411.021550,1.252904,-1.440423,0.113201,0.185737,2.079347,-1.081105,-0.876349,0.557494,0.143461,0.333835,0.244977,0.731707,1.110609,-0.783562,0.205491
-0.759185,0.647825,0.173081,0.382281,0.534717,0.447760,-1.260433,0.575037,1.008978,0.209156,0.775334,0.341019,0.745622,0.669633,0.271085,0.240629,0.278834,0.188819,-1.386125,1.029610,0.544390,-0.451839,-1.637575,1.141305,-0.819587,-0.300055,0.817863,0.267525,-0.694792,-0.650921,0.248601,0.665273,63.919480,1.254830,-1.267918,0.579051,0.270642,1.221326,-1.081105,-1.045813,0.607185,0.178837,0.282129,0.613437,0.731707,0.941446,-0.784528,0.660641
0.094023,0.633475,0.693026,0.343862,0.538920,0.323622,-1.069497,0.277412,1.006262,0.404440,0.458761,0.264123,0.761827,1.037999,0.308552,0.439053,0.470424,0.194780,-1.182926,1.047952,0.542538,-0.538585,-2.293423,1.141305,-1.178814,-0.751386,0.955083,0.338196,0.315465,-0.815686,1.348001,0.340365,183.837473,1.220128,-1.583559,0.537879,0.354019,1.438284,-0.957005,-0.489187,0.358149,0.346750,0.318530,0.179763,1.293039,0.932916,-0.702725,0.816820
0.192392,0.719161,2.675845,0.083644,0.415428,0.465880,-1.196332,0.380516,0.635381,0.030848,0.280246,0.261971,0.485380,-0.015454,0.227379,0.121386,0.025422,-0.228145,-1.246771,0.735434,-0.009484,-0.288418,-2.166937,-0.080121,-0.060268,0.180822,0.955083,0.117097,-0.569320,-0.237959,0.070593,0.373077,744.317438,1.161977,-1.497843,0.024313,0.044003,1.803980,-0.315298,0.529449,0.097168,0.006470,0.265608,0.330025,0.138610,0.577508,0.292845,-0.126042
-0.391574,0.632073,1.249517,0.433915,0.509205,0.510149,-1.264271,0.650643,0.429740,0.170802,0.610995,0.364868,0.783558,0.708544,0.277210,0.192976,0.178352,0.200184,-1.159243,1.050587,0.045975,-0.206792,-1.965104,0.915155,-0.940427,-0.299897,0.766441,0.263406,-0.696513,-0.664609,0.285651,0.594408,434.956634,0.991258,-1.462278,0.161695,0.218192,1.048807,-1.079586,-0.923285,0.613436,0.162538,0.323663,0.285884,0.808056,1.043424,-0.783445,0.238147
-0.391574,0.650854,0.191193,0.352400,0.494603,0.556127,-1.367721,0.504047,0.982977,0.220619,0.743724,0.281591,0.783558,0.708544,0.261920,0.299106,0.345707,0.200184,-1.566268,1.050587,0.647006,-0.365652,-1.484931,1.270203,-0.940427,-0.299897,0.830200,0.255608,-0.673297,-0.664609,0.285651,0.567188,75.675071,1.352255,-1.382644,0.546347,0.314065,1.268660,-1.079586,-1.031355,0.620390,0.210064,0.253587,0.541119,0.808056,0.580752,-0.783445,0.566720
0.026511,0.653397,0.732260,0.358178,0.476323,0.271974,-1.244519,0.264452,0.858542,0.442852,0.706102,0.249893,0.676077,0.871870,0.332661,0.440061,0.405282,-0.321522,-1.158410,1.087744,0.647006,-0.910109,-2.247492,1.070262,-1.344159,-0.180839,1.001340,0.379790,0.313355,-0.333448,1.346957,0.376678,219.023750,1.095028,-1.622486,0.429957,0.307163,1.799030,-0.827380,-0.113252,0.253145,0.279454,0.422477,0.135469,1.167472,1.045695,-0.456822,0.566720
0.271434,0.731174,3.156132,0.094014,0.400012,0.366682,-1.218365,0.337048,0.585143,0.034325,0.335446,0.288553,0.462238,-0.024181,0.280268,0.131658,0.033637,-0.431255,-1.181324,0.747792,0.017398,-0.172112,-2.276432,0.006422,-0.150644,0.257242,1.001340,0.116267,-0.594166,-0.321420,0.069381,0.352950,979.244784,1.092034,-1.439283,0.020404,0.054689,1.981325,-0.315668,0.511583,0.102766,0.005399,0.287101,0.317048,0.231464,0.760614,0.149404,-0.113459
-1.104064,0.656707,1.740757,0.440452,0.508026,0.269305,-1.275452,0.809271,0.003784,0.150900,0.407305,0.391373,0.848086,0.500732,0.262519,0.191978,0.254374,-0.036700,-1.411518,0.907355,0.100951,-0.277290,-1.644881,0.136830,-0.735960,-0.450117,0.723991,0.200837,-0.909211,-0.469858,0.243013,0.536317,701.662610,1.303164,-1.450083,0.122619,0.195741,1.559205,-1.046342,-1.077987,0.568403,0.146964,0.241461,0.270873,1.246747,1.318716,-0.882275,0.288502
-1.104064,0.752555,0.295394,0.398658,0.566848,0.501157,-1.286225,0.691128,1.050145,0.206250,0.707949,0.321207,0.848086,0.500732,0.296859,0.235421,0.288331,0.282334,-1.440686,1.055910,0.772320,-0.547106,-1.284934,1.030420,-0.735960,-0.450117,0.829737,0.210281,-0.909211,-0.478704,0.243013,0.767545,112.474306,1.275652,-1.429658,0.611003,0.251873,2.024445,-1.046342,-1.433473,0.706044,0.166113,0.280809,0.735879,1.246747,1.318716,-0.928087,0.297264
-0.090985,0.602448,0.879708,0.254335,0.570890,0.336738,-1.330671,0.350245,1.050145,0.496922,0.524760,0.409402,0.814383,1.122805,0.320164,0.468125,0.440080,0.376561,-1.356895,1.039763,0.772320,-0.985318,-1.343123,1.030420,-1.062856,-0.588719,0.909252,0.335679,0.340909,-0.518837,1.422420,0.310495,251.643335,1.289103,-1.574241,0.589572,0.320845,1.874046,-0.990791,-0.723884,0.411411,0.345463,0.421988,0.199844,1.143921,1.245036,-0.538648,0.615824
0.115315,0.728743,2.922867,0.086380,0.412653,0.461587,-1.244126,0.341707,0.642716,0.021595,0.299748,0.381992,0.554546,-0.006864,0.285215,0.143773,0.040698,0.266427,-1.341815,0.774359,0.017029,-0.458948,-2.222916,-0.060511,-0.082156,0.089785,1.706664,0.162211,-0.641190,-0.518837,0.051185,0.483256,849.943596,1.224382,-1.385318,0.056489,0.113393,1.714815,-0.330292,0.394219,0.204099,0.010709,0.311498,0.394651,0.375226,0.716660,0.190303,-0.133889
-0.767347,0.751514,1.695406,0.342673,0.524500,0.327925,-1.402855,0.705398,0.138662,0.162144,0.350031,0.302978,0.847098,0.802909,0.320701,0.221247,0.259397,-0.023914,-1.570400,0.982713,-0.002585,-0.482314,-1.990051,0.029774,-1.110424,-0.386856,1.706664,0.214392,-0.853815,-0.617559,0.192368,0.591890,658.587950,1.327540,-1.443313,0.163023,0.200597,1.950585,-1.117087,-1.192856,0.676216,0.166589,0.269669,0.291010,1.223249,1.063685,-0.993418,0.309031
-0.767347,0.738525,0.214020,0.317096,0.582796,0.570091,-1.341174,0.617340,1.000595,0.248193,0.702593,0.283473,0.847098,0.802909,0.316259,0.286907,0.325602,0.420081,-1.469322,1.058942,0.869764,-1.062417,-1.808831,1.001305,-1.110424,-0.386856,0.957698,0.227405,-0.853815,-0.617559,0.192368,0.741943,80.901760,1.301107,-1.372965,0.631157,0.320472,1.286049,-1.117087,-1.337308,0.738780,0.203799,0.305264,0.672377,1.223249,1.063685,-0.993418,0.695995
-0.065956,0.566718,0.786766,0.248916,0.592390,0.339592,-1.356781,0.319830,1.000595,0.537785,0.565866,0.389585,0.916932,1.294335,0.315906,0.443775,0.401162,0.612861,-1.486183,1.022129,0.869764,-1.283425,-1.409672,1.001305,-0.865487,-1.377933,0.841154,0.359767,0.229017,-0.768325,1.710954,0.349222,216.871542,1.407125,-1.536444,0.581985,0.355688,0.537339,-0.960621,-0.431862,0.348268,0.354458,0.448257,0.196389,1.264680,1.257318,-0.522594,0.709435
0.156213,0.664232,2.965486,0.111816,0.416859,0.501546,-1.070388,0.289288,0.626667,0.021726,0.371550,0.436074,0.552971,0.024445,0.301606,0.165189,0.057787,0.612861,-0.973847,0.757563,0.029707,-0.504905,-2.270092,0.030711,-0.067908,-0.128847,0.962432,0.234625,-0.718348,-0.768325,0.051032,0.450309,971.173886,0.946301,-1.496785,0.056331,0.097879,1.742119,-0.336175,0.295544,0.240623,0.015307,0.425866,0.403783,0.443454,0.863543,-0.062352,-0.141573
-0.731020,0.717403,1.670140,0.305796,0.519755,0.335926,-1.209487,0.671463,0.101141,0.157852,0.363995,0.350986,0.875857,0.612759,0.338896,0.135828,0.204980,0.292008,-1.225469,0.960046,-0.025005,-0.218830,-2.008468,-0.113719,-0.830674,-0.320337,0.962432,0.199448,-0.929331,-0.558104,0.170555,0.544177,748.094933,1.074110,-1.463284,0.156878,0.190120,1.685086,-0.869310,-0.958888,0.607574,0.143103,0.371982,0.307636,0.944862,1.199491,-0.808029,0.249659
-0.731020,0.661681,0.165742,0.258135,0.578886,0.434523,-1.193463,0.592330,0.825352,0.222205,0.607566,0.194652,0.875857,0.612759,0.321314,0.205560,0.221136,0.437222,-1.276255,1.040677,0.812965,-0.697391,-1.505473,1.135665,-0.830674,-0.498619,0.823906,0.195302,-0.929331,-0.558104,0.170555,0.756496,66.451148,1.175337,-1.339653,0.627057,0.257352,1.078576,-0.960544,-1.080901,0.655053,0.169424,0.325159,0.666522,0.944862,1.199491,-0.808029,0.529311
-0.068955,0.601582,0.827598,0.284827,0.615181,0.419727,-1.357322,0.302498,0.825352,0.474475,0.373301,0.356811,0.995871,1.381278,0.320997,0.397734,0.448362,0.446939,-1.355543,1.085062,0.812965,-1.108856,-2.043936,1.135665,-0.847043,-0.617911,0.666203,0.330197,0.122773,-0.579672,1.751800,0.420905,235.057649,1.223976,-1.518717,0.635678,0.421392,1.741698,-0.950660,-0.735909,0.452240,0.402198,0.389568,0.199477,1.209050,1.082527,-0.998418,0.920938
0.183721,0.665614,2.697992,0.092805,0.401416,0.552079,-0.912366,0.319220,0.646871,0.029957,0.270656,0.141286,0.587092,0.035129,0.258613,0.146927,0.051697,0.050065,-0.810087,0.743522,0.021433,-0.391450,-2.048668,-0.045506,-0.061689,-0.070030,1.054537,0.235541,-0.609426,-0.579672,0.059369,0.385043,855.942243,0.812645,-1.155894,0.057831,0.131181,1.900295,-0.316859,0.325505,0.201301,0.012593,0.375273,0.353084,0.582192,0.538581,0.204048,-0.071255
-0.333303,0.666732,1.507272,0.295799,0.501002,0.187356,-1.226914,0.477988,0.197251,0.117118,0.373517,0.174376,0.731709,0.758651,0.271348,0.153357,0.135241,0.022510,-1.100624,0.892872,-0.006096,-0.150500,-1.972984,-0.099898,-0.971401,-0.141986,1.054537,0.257740,-0.693632,-0.711790,0.059369,0.468980,638.248788,1.011313,-1.256366,0.140736,0.184659,1.661166,-0.944561,-0.689831,0.505260,0.140124,0.369336,0.258863,0.807972,1.027982,-0.778120,0.171611
-0.333303,0.667195,0.382432,0.265904,0.518080,0.263646,-1.345496,0.517007,0.906680,0.137938,0.650246,0.236347,0.731709,0.758651,0.255266,0.199396,0.201162,0.107688,-1.427356,1.070473,0.911030,-0.427117,-2.102313,1.033896,-0.971401,-0.141986,0.875080,0.236559,-0.693632,-0.711790,0.187090,0.816703,157.843683,1.212039,-1.340334,0.517156,0.232832,1.814705,-1.024321,-1.048128,0.698088,0.156804,0.339081,0.587138,0.823455,1.027982,-0.778120,0.171611
0.110556,0.737376,0.396208,0.235303,0.467477,0.420277,-1.310922,0.256118,0.906680,0.519941,0.706729,0.483692,0.737558,1.693512,0.299694,0.494703,0.489301,0.948379,-1.407615,1.387463,0.911030,-1.207177,-1.839997,1.033896,-1.172401,-0.477467,0.815267,0.388802,0.210762,-0.878112,1.373754,0.063858,104.520209,1.257759,-1.583226,0.502339,0.439400,1.543188,-0.970186,-1.048128,0.786272,0.421848,0.453273,0.202943,1.104120,0.425506,-0.687396,0.801090
0.121678,0.742995,0.589141,0.236474,0.374494,0.523496,-1.325588,0.199268,0.784641,0.530981,0.645490,0.511693,0.737558,1.693512,0.281841,0.511209,0.473433,0.990147,-1.425642,1.387463,0.764116,-1.207177,-2.231403,0.709352,-1.172401,-0.477467,0.708212,0.465905,0.135399,-0.878112,1.373754,0.130867,172.948614,1.318970,-1.460910,0.317755,0.407374,0.740606,-0.760607,0.313953,0.153850,0.416839,0.488721,0.150909,1.104120,0.425506,-0.657769,0.801090
0.121678,0.644774,0.917085,0.147684,0.438085,0.778147,-1.179466,0.582311,1.033879,0.212045,0.404891,0.631906,0.908548,0.490818,0.260793,0.235215,0.258034,0.990147,-1.165788,0.925790,0.074465,-0.730099,-2.417694,0.232394,-0.550137,-0.489464,0.708212,0.354837,0.030427,-1.256034,0.453858,0.170941,333.844695,1.113374,-1.428709,0.238801,0.414667,1.954438,-0.604732,-0.559559,0.481214,0.137745,0.519152,0.262670,1.534670,0.713143,-0.929229,0.879507
0.254735,0.558232,1.109614,0.153008,0.499327,0.787005,-1.079056,0.530267,1.187080,0.452109,0.612973,0.600694,0.908548,0.656806,0.214376,0.189321,0.342753,0.580364,-1.080914,0.971614,0.753711,-1.821425,-2.001759,0.675234,-0.550137,-0.888601,0.933272,0.287535,0.030427,-1.338256,1.143779,0.275048,402.476859,1.104092,-1.418367,0.520949,0.441851,1.912565,-0.819104,-0.566693,0.561873,0.237945,0.354218,0.397488,1.534670,0.934112,-1.036175,0.879507
-0.220678,0.632648,1.495066,0.214813,0.432903,0.515353,-1.223327,0.251719,1.086320,0.477576,0.617496,0.464597,0.763062,1.102335,0.347685,0.325498,0.326457,0.580364,-1.223015,0.895223,0.753711,-1.821425,-2.137451,0.539553,-0.402418,-1.822103,0.972010,0.404623,0.060961,-1.338256,1.198692,0.422116,411.986197,1.208002,-1.428542,0.320736,0.403620,2.116555,-0.485868,0.199750,0.150972,0.286752,0.393423,0.214937,1.038891,0.957751,-1.036175,0.565515
0.086016,0.802702,3.167426,0.095766,0.427420,0.330676,-0.978055,0.388567,0.662387,0.034789,0.283212,0.349090,0.547387,-0.014772,0.233688,0.118328,0.027772,0.250008,-0.684633,0.891279,-0.012545,-0.536604,-2.175431,0.019788,-0.056446,0.084372,0.992958,0.201702,-0.602327,-0.630603,0.061955,0.383334,931.242393,0.660808,-1.291218,0.041504,0.078226,2.208558,-0.323450,0.405627,0.110952,0.007436,0.357858,0.340279,0.188718,0.594877,0.090201,-0.049076
-0.148883,0.797451,1.522900,0.228180,0.292997,0.441048,-1.393313,0.329988,0.665621,0.191703,0.518696,0.235667,0.516097,0.984220,0.162035,0.141167,0.237793,0.354894,-1.655694,1.157421,0.717842,-0.624232,-1.577586,0.695140,-0.752584,0.033688,0.734753,0.142316,-0.105944,-0.767707,0.242264,0.086207,547.131651,1.394207,-1.462411,0.321976,0.206022,1.613009,-0.880416,-1.047871,0.841335,0.181368,0.163251,0.209169,0.717138,0.154395,-0.562226,-0.003690
0.405045,1.259422,0.926836,0.006485,0.240897,0.048268,-0.814666,0.041235,-0.068471,0.003194,0.011600,0.074706,0.248280,-0.039248,0.019433,0.011238,0.008046,0.007731,-0.799654,0.712069,0.005937,0.020091,-1.123225,-0.186796,-0.006250,0.285558,0.469915,0.011050,-0.142231,-0.187879,0.047483,0.037374,388.115947,1.083594,-1.447123,0.003821,0.010517,1.660862,-0.304764,1.229594,0.014768,0.001259,0.094415,0.020660,0.100851,0.143685,0.067995,-0.310623
0.478082,1.252170,0.814523,0.002047,0.246529,0.064251,-0.819687,0.033702,-0.106969,0.002591,0.005922,0.036584,0.250887,-0.041219,0.010202,0.004911,0.002058,-0.155434,-0.833773,0.708959,-0.005645,0.032753,-1.106200,-0.214801,-0.008294,0.296400,0.449694,0.004682,-0.149250,-0.189313,0.049019,0.031164,264.861070,1.075694,-1.155007,0.002063,0.007094,1.875520,-0.302314,1.223381,0.012062,0.000626,0.036212,0.010627,0.100781,0.188509,0.078795,-0.327403
0.398665,1.220461,0.305823,0.007069,0.260571,0.223813,-0.726545,0.052716,0.185650,0.011624,0.012447,0.140404,0.325547,-0.041042,0.033984,0.012926,0.008875,-0.004313,-0.609637,0.735572,-0.001796,0.017482,-1.370636,-0.150615,-0.026947,0.138746,0.484828,0.023085,-0.151231,-0.183212,0.048752,0.043258,90.754246,0.909165,-1.198629,0.031471,0.050175,1.059825,-0.302164,0.961173,0.098026,0.001855,0.160052,0.101059,0.113320,0.306447,-0.392455,-0.177026
-0.106284,0.686981,0.180246,0.321296,0.318768,0.445143,-1.349319,0.322135,0.997755,0.109962,0.411100,0.323317,0.685324,0.527015,0.184309,0.240040,0.278815,0.204801,-1.445785,1.096156,0.381872,-0.456123,-1.192153,1.418195,-0.934913,-0.169888,0.821995,0.190561,-0.064362,-0.551692,0.185622,0.156402,73.171308,1.329954,-1.311844,0.361684,0.244076,1.142020,-0.884940,-0.951104,0.660446,0.143987,0.182048,0.273489,0.727279,0.598032,-0.633627,0.182823
0.823933,0.403101,0.309448,0.237147,0.228237,0.590786,-1.180619,0.154488,0.473978,0.041480,0.486575,0.459746,0.331284,0.211414,0.067394,0.144791,0.195769,0.218157,-1.335964,0.809321,0.066546,-0.130749,-1.166352,0.326921,-0.461312,-0.066005,0.535655,0.092184,-0.124955,-0.478486,0.077400,0.160291,122.225938,1.276473,-1.372948,0.079853,0.068093,1.420033,-0.589015,0.084477,0.240467,0.073521,0.095135,0.194185,0.929596,0.213908,-0.246766,-0.181047
0.517919,1.133336,0.600638,0.009062,0.249195,0.400234,-0.706054,0.015768,-0.251710,0.003189,0.044292,0.177169,0.255223,-0.034544,0.016975,0.013509,0.003116,-0.013324,-0.641771,0.709324,-0.006399,-0.014535,-1.089815,-0.237681,-0.011943,0.295103,0.462823,0.014111,-0.333623,-0.266122,0.052357,0.047018,169.011944,0.958651,-1.168111,0.002946,0.010096,1.710011,-0.302740,1.086187,0.026707,0.001161,0.046580,0.021453,0.105066,0.230192,0.058872,-0.323260
0.826755,0.607587,0.320843,0.008958,0.236303,0.166147,-0.635085,0.021935,-0.201457,0.003474,0.029036,0.179491,0.259490,-0.039352,0.012432,0.012520,0.008076,0.182445,-0.536229,0.720775,0.002671,-0.163187,-1.024149,-0.177869,-0.010920,0.264200,0.510327,0.046613,-0.274344,-0.327777,0.047045,0.027303,93.738000,0.865353,-1.233624,0.015894,0.018612,1.590541,-0.316110,0.566445,0.031452,0.001962,0.043582,0.018434,0.133596,0.425671,0.035528,-0.256323
0.671752,0.673455,1.069314,0.133240,0.367304,0.079683,-1.337633,0.139173,1.068362,0.089975,0.216618,0.094934,0.568048,0.195864,0.029082,0.105072,0.099094,-0.105136,-1.315508,0.880093,0.232027,-0.284021,-1.289454,0.506324,-0.445866,-0.004430,0.554468,0.077390,-0.400174,-0.248856,0.197123,0.080682,368.334010,1.233145,-1.210894,0.150031,0.103149,1.667861,-0.538189,-0.822781,0.681714,0.044126,0.047630,0.476062,0.419079,0.550605,-0.608149,0.033083
0.343176,0.476518,0.167435,0.140617,0.310064,0.184876,-1.369670,0.199716,1.191804,0.135605,0.361804,0.227373,0.568048,0.195864,0.061294,0.102790,0.152719,0.236105,-1.430089,0.880093,0.517507,-0.437294,-1.481161,0.545527,-0.445866,-0.004430,0.611395,0.114691,0.045762,-0.497128,0.197123,0.044954,68.364809,1.281182,-1.306650,0.343668,0.166234,1.009905,-0.641398,-0.822781,0.510838,0.134298,0.091035,0.311619,0.419079,0.835656,-0.396867,0.224156
-0.003329,0.441216,0.476363,0.081395,0.395449,0.341366,-1.562673,0.212607,1.167906,0.122480,0.196234,0.156172,0.640116,0.655884,0.223020,0.095828,0.171756,0.346718,-1.841840,0.877366,0.295598,-0.213668,-1.573556,0.073802,-0.413253,-0.534810,0.816339,0.225551,0.419481,-0.269134,0.343675,0.261661,133.645076,1.632214,-1.373926,0.159446,0.237883,1.272145,-0.402726,0.228403,0.123956,0.183910,0.213403,0.182131,0.574849,0.835656,-0.628242,0.428137
0.463865,0.775735,3.244325,0.035088,0.372777,0.415835,-1.481142,0.238928,0.762525,0.018274,0.104154,0.365626,0.517332,-0.021719,0.170234,0.031304,0.012175,0.346718,-1.687994,0.717873,0.034583,-0.204918,-1.287246,-0.060579,-0.065663,0.220775,0.836993,0.062419,-0.645498,-0.248420,0.069681,0.345407,964.183241,1.626286,-1.301381,0.051503,0.038277,1.924870,-0.310509,0.417153,0.217296,0.004592,0.229595,0.411671,0.177557,0.707089,0.342824,-0.145958
-0.685626,0.722968,1.513510,0.259868,0.514910,0.284319,-1.266485,0.702404,0.089420,0.134004,0.297398,0.291100,0.777796,0.511529,0.281402,0.107534,0.147116,-0.051549,-1.211001,0.933345,-0.015305,-0.375393,-1.315846,-0.001735,-0.784412,-0.144630,0.981439,0.182434,-0.848829,-0.553580,0.140866,0.460715,640.190752,1.002293,-1.368648,0.137298,0.157024,1.184944,-0.926529,-0.916435,0.633608,0.121783,0.316227,0.276219,0.725299,0.962187,-0.681850,0.117238
-0.685626,0.655219,0.162164,0.237917,0.521970,0.339413,-1.356988,0.544343,0.856788,0.214186,0.600692,0.233996,0.777796,0.511529,0.315232,0.190189,0.270651,0.291030,-1.444993,0.987048,0.792269,-0.777886,-1.304790,1.071198,-0.784412,-0.294497,0.981439,0.228371,-0.848829,-0.553580,0.140866,0.422724,64.564893,1.280320,-1.323533,0.570808,0.270290,1.085646,-0.926529,-1.054478,0.650511,0.188048,0.224653,0.587574,0.725299,0.806588,-0.681850,0.800292
-0.195073,0.657633,0.839718,0.206411,0.534640,0.214914,-1.401674,0.280086,0.816020,0.444970,0.388972,0.282938,0.789466,1.113943,0.352110,0.386228,0.435943,0.398689,-1.427222,1.083485,0.792269,-0.928677,-1.654455,1.071198,-1.070405,-0.722021,0.979359,0.297463,0.256912,-0.604554,1.433023,0.286653,244.560191,1.297751,-1.531274,0.516538,0.351081,1.886401,-0.875523,-0.253160,0.297404,0.361575,0.356101,0.160399,1.258151,1.087263,-0.942869,0.852151
0.228993,0.820237,3.302380,0.045468,0.413857,0.332009,-1.039493,0.358293,0.526549,0.026522,0.138734,0.310004,0.547218,-0.024719,0.238093,0.085025,0.024475,0.398689,-0.965829,0.743271,0.011371,-0.631612,-2.183739,-0.095032,-0.049554,0.213535,0.979359,0.115522,-0.727962,-0.604554,0.060175,0.342544,949.168006,1.034209,-1.354211,0.037816,0.055738,2.023300,-0.315195,0.572842,0.146711,0.007636,0.265316,0.351334,0.164839,0.769633,0.274843,-0.124321
-0.635563,0.709652,1.865198,0.294061,0.516546,0.368300,-1.394053,0.714621,0.038603,0.143269,0.372161,0.250230,0.808737,0.621308,0.254034,0.103255,0.183926,0.320770,-1.475280,0.908246,0.072014,-0.214840,-1.529343,0.112034,-0.691046,-0.143550,0.897828,0.205631,-0.961835,-0.572741,0.133255,0.570493,676.640961,1.217846,-1.299235,0.132410,0.178229,1.998825,-0.831153,-0.897495,0.626864,0.130301,0.262979,0.271409,0.854103,1.083638,-0.787522,0.193772
-0.635563,0.634413,0.167741,0.263141,0.525312,0.449133,-1.288629,0.533386,0.835545,0.192135,0.643699,0.307225,0.808737,0.621308,0.224871,0.181149,0.254100,0.526473,-1.448355,0.946918,0.762161,-0.720835,-1.505342,0.994672,-0.691046,-0.143550,0.897828,0.212294,-0.961835,-0.572741,0.133255,0.570716,65.226433,1.302084,-1.437675,0.562424,0.241135,1.114189,-0.923986,-1.063225,0.611930,0.150455,0.214178,0.613806,0.854103,0.768498,-0.787522,0.407713
-0.253586,0.568179,0.239083,0.218476,0.529632,0.275510,-1.219882,0.325908,0.797636,0.401053,0.464641,0.251779,0.871446,1.018181,0.264827,0.369801,0.322457,0.267815,-1.305756,0.948032,0.762161,-0.655323,-1.556959,0.979857,-1.038171,-0.748774,0.706858,0.323905,0.370389,-0.705103,1.316505,0.349422,70.751043,1.254643,-1.559888,0.496066,0.320217,0.995184,-0.832480,-0.198873,0.308274,0.298292,0.342306,0.124375,0.890016,1.256128,-0.926332,0.486187
0.199887,0.688668,2.739507,0.063377,0.408502,0.442490,-1.186142,0.350976,0.707206,0.019243,0.189561,0.324211,0.526869,-0.015469,0.211024,0.102472,0.029787,0.107372,-1.088265,0.735415,0.031586,-0.577297,-2.247056,-0.087717,-0.072741,0.164188,0.859130,0.217230,-0.690102,-0.705103,0.069857,0.375081,796.809562,1.036757,-1.309075,0.040024,0.052903,2.139035,-0.326546,0.349429,0.226945,0.009080,0.323824,0.387543,0.165335,0.877850,0.217404,-0.156405
-0.698315,0.706186,1.807240,0.309360,0.527971,0.264359,-1.285061,0.720891,0.025753,0.153464,0.407857,0.383712,0.839979,0.538077,0.267340,0.140975,0.198245,0.394468,-1.314827,0.962982,0.020230,-0.313700,-1.693862,0.005497,-0.770504,-0.261584,0.859130,0.213586,-0.987931,-0.597763,0.143926,0.584460,671.109224,1.157281,-1.423734,0.140307,0.184880,1.378733,-0.851631,-0.863728,0.600057,0.131473,0.264767,0.320476,0.919395,1.277967,-0.822843,0.258104
-0.698315,0.652667,0.169383,0.277910,0.549640,0.386556,-1.343153,0.580911,0.883878,0.197020,0.683019,0.307485,0.839979,0.538077,0.286639,0.217627,0.229538,0.426026,-1.469805,1.029006,0.797716,-0.800951,-1.287361,1.039796,-0.770504,-0.261584,0.828022,0.201965,-0.987931,-0.609893,0.143926,0.652645,68.899068,1.299835,-1.564660,0.595207,0.234612,1.061488,-0.918111,-1.061661,0.611943,0.162704,0.247913,0.690154,0.919395,1.277967,-0.822843,0.270608
-0.171067,0.608604,0.353038,0.224055,0.561159,0.302777,-1.263135,0.338409,0.883878,0.375021,0.448436,0.358682,0.878542,1.008777,0.364370,0.392932,0.423962,0.444754,-1.287318,0.919074,0.797716,-1.208020,-1.724132,1.026608,-1.363701,-1.506360,0.951729,0.355084,0.269884,-0.614091,1.180000,0.320097,104.190717,1.186414,-1.628727,0.574838,0.361048,1.481308,-0.918111,-0.685450,0.413791,0.337527,0.423974,0.181380,1.049611,1.158287,-0.957897,0.699906
0.186786,0.765898,3.092777,0.051496,0.414612,0.420476,-0.983884,0.350592,0.729012,0.022657,0.212220,0.303114,0.544250,0.010608,0.242318,0.089151,0.022163,0.363616,-0.920418,0.778340,0.006574,-0.829029,-2.146420,-0.102754,-0.059405,0.095062,0.951729,0.232961,-0.636938,-0.614091,0.065063,0.368522,839.373781,0.814634,-1.337820,0.042815,0.090771,1.962366,-0.310269,0.354912,0.208732,0.007845,0.286950,0.375389,0.158285,0.678460,0.308344,-0.058112
-0.676363,0.730439,1.632707,0.293852,0.535461,0.357433,-1.311329,0.723805,0.064693,0.165500,0.378703,0.324144,0.839016,0.592817,0.284396,0.140810,0.172528,0.404389,-1.205122,0.934298,-0.015895,-0.320570,-1.770553,0.106754,-0.771984,-0.276414,0.886599,0.239582,-0.880159,-0.603744,0.168050,0.579060,596.031265,1.135854,-1.386556,0.143051,0.183688,1.874380,-0.933509,-0.913178,0.637299,0.135762,0.295121,0.291165,0.834515,0.918402,-0.773534,0.187802
-0.676363,0.640683,0.180758,0.266635,0.564565,0.388341,-1.228576,0.571812,0.956057,0.242652,0.707947,0.256531,0.839016,0.592817,0.294808,0.219081,0.269166,0.404389,-1.267278,1.005633,0.811666,-0.768498,-1.438661,0.921576,-0.771984,-0.397352,0.877016,0.245627,-0.880159,-0.725012,0.168050,0.650583,65.663904,1.169877,-1.313615,0.612678,0.285976,1.270248,-0.965105,-1.030027,0.629930,0.188373,0.268790,0.665342,0.834515,0.885631,-0.773534,0.764616
-0.413653,0.613924,0.662012,0.247450,0.570238,0.336120,-1.124619,0.369215,0.956057,0.352474,0.454799,0.405887,0.795278,0.651808,0.356472,0.309303,0.380266,0.303652,-0.983104,1.016592,0.811666,-1.164048,-1.760571,0.921576,-1.201413,-1.404352,0.968626,0.374474,0.184678,-1.118836,1.033645,0.390212,197.419497,1.066259,-1.514679,0.577502,0.402101,1.679680,-0.960032,-0.500387,0.380845,0.291998,0.434068,0.215773,1.529144,1.067772,-1.062670,0.830157
0.146219,0.750185,2.871389,0.045618,0.413811,0.458005,-1.060689,0.366858,0.633308,0.026853,0.178726,0.314619,0.520434,-0.022464,0.220054,0.064340,0.023433,0.303652,-1.012838,0.752030,0.042114,-0.370795,-2.280967,-0.065296,-0.061307,0.127120,0.968626,0.156111,-0.686893,-1.118836,0.061995,0.337884,929.298137,1.082844,-1.388868,0.027851,0.052477,2.033890,-0.309404,0.406276,0.179614,0.006761,0.345594,0.352349,0.152883,0.726858,0.058489,-0.145419
-0.477974,0.694277,1.474322,0.332189,0.529880,0.487549,-1.148556,0.652886,0.063913,0.161232,0.473311,0.453689,0.812998,0.523528,0.283656,0.120030,0.159057,0.834760,-1.077367,0.961300,-0.010276,-0.366970,-1.719324,0.496804,-0.748631,-0.248957,0.919499,0.267757,-0.942579,-0.607032,0.193908,0.558319,610.131314,1.010445,-1.400470,0.136259,0.186614,1.944370,-0.945851,-0.771465,0.597952,0.123491,0.320831,0.293855,0.808090,0.969993,-0.729983,0.185939
-0.477974,0.603807,0.174476,0.308503,0.536833,0.483104,-1.226670,0.548979,0.906157,0.194866,0.573355,0.424546,0.812998,0.523528,0.288171,0.256116,0.262827,0.834760,-1.309614,0.997891,0.526644,-0.606846,-1.305353,1.224672,-0.748631,-0.248957,0.919499,0.250183,-0.942579,-0.705820,0.194786,0.607886,65.523997,1.253944,-1.431482,0.579628,0.227404,1.304437,-0.945851,-0.994167,0.551322,0.143513,0.271756,0.666171,0.808090,0.891443,-0.729983,0.258359
-0.105410,0.602655,0.503808,0.373886,0.539683,0.396939,-1.226147,0.321807,0.906157,0.255320,0.482904,0.363194,0.788421,1.005973,0.329758,0.432847,0.370130,0.192459,-1.347175,0.953213,0.526644,-0.568168,-2.244447,1.224672,-1.409713,-1.654268,0.931561,0.280915,0.265935,-0.676848,0.570426,0.307155,145.995565,1.141629,-1.728804,0.547804,0.360528,2.312496,-0.920825,-0.672568,0.431963,0.289554,0.420742,0.192974,1.062303,0.957677,-0.598587,0.644612
0.225635,0.694386,2.222763,0.069802,0.402632,0.504370,-1.045253,0.337610,0.691072,0.025058,0.255460,0.258064,0.502935,0.007545,0.275649,0.112452,0.025028,-0.418230,-0.956330,0.741192,0.000410,-0.122843,-2.327292,-0.051968,-0.047625,0.041192,0.980437,0.189084,-0.675085,-0.101429,0.116174,0.393164,655.660692,0.915706,-1.449605,0.034561,0.053911,2.029825,-0.314198,0.416762,0.158634,0.008006,0.350591,0.366555,0.135261,0.569417,0.082665,-0.157851
-0.549220,0.670700,1.271837,0.446066,0.525356,0.388907,-1.168222,0.660578,0.195777,0.184984,0.594482,0.306448,0.858394,0.638928,0.280809,0.183722,0.189242,-0.162639,-1.206704,0.996006,0.000410,-0.073001,-2.026331,0.820580,-0.796516,-0.452911,0.936213,0.280395,-0.830753,-0.609940,0.246589,0.561050,512.152189,1.171677,-1.420346,0.160902,0.224192,1.957362,-0.990886,-0.791683,0.588918,0.152364,0.335668,0.299478,0.902499,1.026963,-0.893062,0.281609
-0.549220,0.671718,0.233476,0.385449,0.582274,0.496061,-1.264422,0.562495,1.139399,0.238848,0.778118,0.240176,0.858394,0.638928,0.309928,0.315696,0.295709,0.117688,-1.346886,1.093474,0.646848,-0.586827,-1.311814,1.048067,-0.796516,-0.452911,0.878126,0.245460,-0.821113,-0.870789,0.249289,0.678721,92.925949,1.244797,-1.525265,0.630711,0.287265,1.455876,-1.016594,-1.131848,0.608327,0.176394,0.328793,0.712859,0.902499,1.026963,-0.893062,0.591078
-0.001642,0.599229,0.379985,0.345923,0.570858,0.288380,-1.351958,0.315094,1.139210,0.438116,0.597082,0.485579,0.825367,0.918255,0.341408,0.479126,0.512325,0.396126,-1.480722,1.018873,0.646848,-0.519952,-2.090593,1.048067,-1.361395,-0.752565,0.941642,0.284848,0.331347,-0.805138,1.221321,0.342240,103.875646,1.253392,-1.638253,0.587514,0.359882,1.223112,-1.016594,-0.793585,0.446591,0.318257,0.376389,0.225659,1.325219,0.936575,-0.910833,0.770797
0.142951,0.666837,2.399845,0.131677,0.417173,0.432449,-1.203791,0.399292,0.760917,0.026152,0.425771,0.359433,0.531270,-0.006318,0.239264,0.154477,0.043244,0.105887,-1.115799,0.743181,0.004693,-0.087130,-2.211196,-0.065901,-0.092061,0.070492,0.941642,0.158837,-0.620980,-0.254502,0.061762,0.412938,825.692750,0.992271,-1.497950,0.034467,0.071687,1.849087,-0.310199,0.328653,0.165495,0.007052,0.266751,0.377370,0.372811,0.933563,0.225313,-0.169776
-0.450321,0.652589,1.246750,0.369076,0.528401,0.401460,-1.343057,0.633124,0.086659,0.157058,0.420332,0.550686,0.845824,0.730687,0.276840,0.217313,0.206087,0.670393,-1.509032,1.013623,0.004693,-0.063979,-1.976824,0.710140,-1.160086,-0.427113,0.850068,0.247550,-1.025466,-0.517324,0.249126,0.580093,561.467813,1.305230,-1.545145,0.162599,0.202802,1.793253,-1.055225,-0.900810,0.584345,0.157627,0.438506,0.361372,0.981440,1.225392,-0.815451,0.219921
-0.450321,0.623802,0.162428,0.310802,0.515827,0.489989,-1.241105,0.514401,0.887177,0.194537,0.584407,0.395485,0.845824,0.730687,0.304803,0.382454,0.353305,0.670393,-1.284947,1.139039,0.657546,-0.533195,-1.421110,1.417596,-1.160086,-0.427113,0.983826,0.226299,-1.021892,-0.517324,0.249126,0.644479,62.970736,1.157049,-1.418720,0.564856,0.253600,1.043414,-1.055225,-1.045619,0.547798,0.182129,0.291970,0.680034,0.981440,1.176415,-0.815451,0.219921
-0.012200,0.567189,0.653469,0.318814,0.480383,0.393660,-1.340357,0.307028,0.806933,0.437684,0.531111,0.371584,0.751456,1.015147,0.281996,0.550845,0.415388,0.099426,-1.524262,0.852713,0.657546,-0.464252,-1.573924,1.192903,-1.444097,-0.416289,0.674865,0.306979,0.351521,-0.364570,1.289395,0.432374,200.338602,1.358263,-1.508808,0.458201,0.274112,0.972764,-0.822893,-0.352872,0.275049,0.306922,0.369338,0.118428,1.518698,1.223563,-0.537222,0.403890
0.271073,0.741611,2.892462,0.102335,0.400592,0.377508,-1.089941,0.299960,0.657836,0.032547,0.337859,0.389042,0.452491,-0.025904,0.259881,0.156330,0.032720,-0.202957,-1.071155,0.741202,0.028045,-0.325281,-2.069177,0.042364,-0.156818,0.184893,0.983594,0.156773,-0.577113,-0.270192,0.061732,0.408937,963.824870,1.019380,-1.387234,0.021077,0.050912,2.062295,-0.309395,0.483923,0.136636,0.008073,0.242150,0.321074,0.203190,0.610186,0.298978,-0.168392
-1.059652,0.701760,1.546798,0.451624,0.512636,0.362719,-1.382150,0.788901,-0.005308,0.139842,0.405091,0.517639,0.828196,0.541843,0.245574,0.164927,0.222952,0.177480,-1.389294,0.941347,-0.007968,-0.321142,-1.421334,0.084303,-0.768562,-0.443594,0.710870,0.211734,-0.934955,-0.471022,0.157435,0.543942,653.235360,1.228713,-1.458341,0.125628,0.187377,1.697764,-1.034623,-1.040519,0.580146,0.138286,0.327615,0.289629,1.056812,1.396558,-0.826716,0.203874
-1.059652,0.753677,0.261765,0.390921,0.549309,0.441341,-1.375728,0.673380,1.076353,0.184583,0.736269,0.332484,0.828196,0.541843,0.281749,0.229259,0.252989,0.337937,-1.468332,1.032259,0.722951,-0.474303,-1.538116,1.033749,-0.768562,-0.443594,0.802182,0.203388,-0.934955,-0.471022,0.211593,0.767685,98.348696,1.323154,-1.503160,0.591958,0.220594,1.846436,-1.034623,-1.396663,0.686399,0.150252,0.383882,0.745135,1.056812,1.396558,-0.837852,0.203874
-0.091642,0.611689,0.902685,0.276036,0.556084,0.318390,-1.228919,0.339465,1.076353,0.392730,0.485211,0.594083,0.823759,1.002815,0.326764,0.449502,0.414172,0.586765,-1.366408,0.926033,0.722951,-0.751222,-1.471164,1.033749,-1.272463,-1.193728,0.909524,0.282182,0.389021,-0.582242,1.026049,0.352174,272.071962,1.273810,-1.585423,0.574345,0.319146,1.677331,-0.955465,-0.778175,0.432331,0.309963,0.348523,0.213301,1.260784,1.147725,-0.561488,0.513522
0.096022,0.766589,3.163202,0.119465,0.412413,0.380208,-1.056164,0.313164,0.717935,0.024686,0.345770,0.336622,0.556842,0.006186,0.221053,0.173792,0.046791,0.189068,-1.046417,0.739574,0.023037,-0.417919,-2.100174,-0.036302,-0.090621,0.152506,0.909524,0.197551,-0.580566,-0.413521,0.061333,0.417588,1008.385209,0.982679,-1.296378,0.042873,0.077295,1.873330,-0.314371,0.389652,0.202438,0.011200,0.209493,0.374376,0.413490,0.761666,0.219426,-0.153799
-0.693552,0.758543,1.805446,0.317042,0.528749,0.432753,-1.251708,0.652219,0.042435,0.156053,0.359323,0.294318,0.827425,0.743561,0.252578,0.161034,0.207918,0.069505,-1.193883,0.948425,-0.007591,-0.278137,-2.158542,0.117284,-0.942358,-0.380852,0.794267,0.254856,-0.810313,-0.631672,0.150788,0.574192,715.607615,1.061936,-1.285902,0.150340,0.185024,1.791591,-0.924184,-1.033694,0.668443,0.147380,0.299784,0.265710,1.204833,0.975642,-0.787445,0.236699
-0.693552,0.718444,0.196197,0.280471,0.572913,0.493040,-1.421808,0.586153,1.006026,0.204513,0.669461,0.125317,0.827425,0.743561,0.282718,0.207036,0.231043,0.215696,-1.612918,1.013338,0.737667,-0.797508,-2.137431,0.949514,-0.942358,-0.380852,0.844290,0.260603,-0.810313,-0.631672,0.150788,0.763745,78.780859,1.416961,-1.454021,0.617549,0.226741,0.713148,-1.006891,-1.203467,0.643609,0.157533,0.273937,0.659345,1.204833,0.975642,-0.794669,0.236699
-0.196903,0.590627,0.519813,0.258576,0.588968,0.390851,-1.246682,0.385810,1.006026,0.459243,0.495042,0.419661,0.881311,1.068750,0.291783,0.384065,0.408795,0.281151,-1.381373,1.005753,0.737667,-0.870609,-1.581255,0.949514,-0.943570,-0.982368,0.798515,0.316041,0.302771,-0.609141,1.518438,0.410960,165.982090,1.316260,-1.652186,0.603918,0.365927,1.559630,-0.971895,-0.800178,0.453027,0.332661,0.368270,0.213663,1.322841,1.110018,-0.585071,0.658787
0.005185,0.677904,2.957575,0.112576,0.423078,0.482212,-1.137716,0.346633,0.781490,0.024414,0.379642,0.307058,0.570245,0.017538,0.245178,0.171666,0.064349,0.255648,-0.884986,0.731298,0.010997,-0.388556,-2.063237,-0.034236,-0.083276,0.051934,0.874922,0.237542,-0.577540,-0.380779,0.050481,0.381943,936.915884,0.767584,-1.346839,0.042657,0.087241,1.697691,-0.321167,0.301469,0.212554,0.013384,0.330028,0.368185,0.606083,0.715279,0.123433,-0.170560
-0.840262,0.696362,1.631704,0.329456,0.527083,0.326915,-1.294261,0.686167,0.109002,0.155448,0.437562,0.359290,0.814691,0.634365,0.298525,0.133121,0.205788,0.415034,-1.233687,0.968382,0.009971,-0.286196,-2.232287,0.167207,-0.842917,-0.292654,0.874922,0.260537,-0.811238,-0.657225,0.161191,0.548403,644.376236,1.125520,-1.384255,0.148016,0.186942,1.226319,-0.983280,-0.895684,0.596508,0.147261,0.329918,0.291120,0.938239,1.058518,-0.752154,0.251819
-0.840262,0.658574,0.170990,0.274326,0.552798,0.401498,-1.268318,0.591862,0.839283,0.197468,0.748229,0.228861,0.814691,0.634365,0.312743,0.184912,0.275719,0.415034,-1.410517,1.061089,0.721293,-0.759421,-1.879815,1.033316,-0.842917,-0.292654,0.822143,0.260483,-0.807104,-0.657225,0.164067,0.688976,68.153994,1.288942,-1.430716,0.596596,0.284055,1.057565,-0.983280,-1.072754,0.652921,0.177246,0.250316,0.593062,0.938239,0.954080,-0.779581,0.779444
0.063348,0.578767,0.532127,0.255305,0.571543,0.269890,-1.349164,0.252016,0.874349,0.353932,0.497516,0.321133,0.877811,0.751976,0.237485,0.345953,0.358097,0.282475,-1.483390,0.996368,0.721293,-1.093114,-1.330363,1.033316,-0.896332,-1.065713,0.732190,0.392592,0.292684,-0.843141,1.044327,0.386044,148.602549,1.327800,-1.531083,0.536772,0.382796,1.636638,-0.929525,-0.188648,0.328688,0.270985,0.290564,0.168453,0.922877,1.298181,-1.419526,1.006095
0.300671,0.623463,3.208106,0.071941,0.422572,0.449075,-0.954640,0.321572,0.836164,0.025313,0.212677,0.286884,0.515663,-0.025677,0.183178,0.119215,0.033862,0.013766,-0.768818,0.770670,0.035182,-0.480532,-1.986250,-0.070281,-0.116585,0.175358,0.834283,0.191944,-0.655753,-0.843141,0.062648,0.386387,1088.758411,0.776970,-1.295710,0.029113,0.049588,1.976424,-0.315086,0.319117,0.195819,0.006830,0.302628,0.400159,0.170330,0.871512,0.123529,-0.164151
-1.090324,0.674096,2.248222,0.321504,0.514543,0.413817,-1.333598,0.858508,0.013053,0.177122,0.388142,0.417361,0.985918,0.709857,0.299706,0.225575,0.221806,0.689368,-1.288296,0.958848,0.103329,-0.434310,-1.771738,0.151070,-0.847137,-0.414155,0.834283,0.228598,-1.213856,-0.679060,0.158077,0.640083,944.216404,1.037349,-1.369508,0.160070,0.217470,1.764039,-0.992971,-0.915550,0.573909,0.151863,0.340689,0.379563,1.166016,1.373521,-0.928439,0.319877
-1.090324,0.644319,0.180811,0.273012,0.552252,0.575352,-1.393516,0.680536,0.927616,0.222286,0.769777,0.352281,0.985918,0.709857,0.356932,0.298788,0.301955,0.810705,-1.557955,1.031516,0.891783,-1.049121,-1.382575,1.061653,-0.847137,-0.414155,1.002538,0.262123,-1.213856,-0.825551,0.158077,0.634669,68.830723,1.404889,-1.383184,0.584273,0.332227,1.189806,-1.053884,-0.989976,0.650357,0.179724,0.387645,0.737613,1.166016,1.293448,-0.928439,0.615957
-0.628618,0.539052,1.258417,0.316082,0.535561,0.446309,-1.373591,0.386608,1.056331,0.494036,0.618116,0.632646,1.184762,1.956938,0.344002,0.574557,0.484227,0.810705,-1.353201,1.015887,0.891783,-0.923425,-1.845458,0.789807,-1.627532,-2.543300,0.975439,0.546599,0.411301,-1.208321,1.757709,0.399269,382.400546,1.240973,-1.637804,0.455893,0.463019,1.690272,-0.741673,0.082555,0.323672,0.387003,0.418601,0.179884,2.342421,1.329880,-1.116055,0.902608
0.176656,0.618498,2.526218,0.051261,0.370141,0.552146,-1.295514,0.288652,0.992614,0.028780,0.148470,0.520300,0.499829,-0.033618,0.290979,0.061123,0.023871,0.198280,-1.435090,0.767538,0.030246,-0.923425,-2.150949,-0.129977,-0.063447,0.061325,1.142022,0.386082,-0.556379,-1.208321,0.058607,0.470160,808.655763,1.297123,-1.249870,0.058591,0.100233,1.635439,-0.311762,0.150266,0.230448,0.006805,0.258052,0.393750,0.241427,0.644455,0.019339,-0.053229
0.275469,0.560247,0.280069,0.238706,0.453387,0.364142,-1.327117,0.353343,0.638944,0.201624,0.657026,0.400028,0.705558,0.523313,0.211912,0.232975,0.240356,0.390526,-1.376791,1.131334,0.663643,-0.543931,-1.346373,0.736500,-0.877119,-0.135682,0.723077,0.129709,-0.756504,-0.494239,0.184158,0.462742,91.154730,1.313435,-1.328556,0.490183,0.247603,1.839948,-0.873852,-0.948813,0.596008,0.168342,0.246707,0.536948,0.779155,1.008226,-0.541949,0.133064
0.305505,1.298816,0.243142,0.014649,0.256720,0.117106,-0.614069,0.041678,-0.214855,0.006518,0.046542,0.129382,0.273684,-0.044842,0.026328,0.011820,0.006823,-0.009652,-0.648586,0.714062,-0.005388,-0.055107,-1.140237,-0.182954,-0.019355,0.273761,0.485574,0.031830,-0.320551,-0.217001,0.048690,0.044466,98.015207,0.960781,-1.160660,0.010606,0.016867,1.419078,-0.306992,1.274883,0.012625,0.001394,0.036878,0.026698,0.137971,0.203318,0.077519,-0.289313
0.405859,1.277170,0.174633,0.002533,0.243336,0.022297,-0.626573,0.024019,-0.271488,0.001239,0.008545,0.008627,0.247702,-0.044214,0.007757,0.004159,0.001586,-0.271587,-0.680007,0.708035,-0.004894,0.051490,-1.026921,-0.222973,-0.008103,0.294882,0.482550,0.003857,-0.317002,-0.174308,0.048673,0.029757,61.088408,0.999094,-1.231689,0.001902,0.003444,1.111052,-0.302529,1.261013,0.007993,0.000519,0.015160,0.010913,0.112924,0.298503,0.080537,-0.327730
0.620314,0.916772,0.297674,0.042409,0.278004,0.152965,-0.884635,0.111727,-0.093183,0.021351,0.142614,0.073370,0.314531,-0.019458,0.058940,0.080603,0.037676,-0.168999,-0.904743,0.753748,0.063978,-0.045241,-1.541009,0.033209,-0.058753,0.168731,0.632202,0.054882,-0.186740,-0.034076,0.060946,0.185679,89.294594,1.022687,-1.353349,0.024523,0.036580,1.546423,-0.327456,0.833060,0.037580,0.007817,0.085391,0.031151,0.256789,0.377812,0.003288,-0.214896
0.302286,0.682648,0.808019,0.424273,0.353746,0.292763,-1.366406,0.230202,0.892591,0.288612,0.428352,0.378360,0.538349,0.715027,0.225857,0.405464,0.273072,0.393027,-1.472266,0.816414,0.226785,-0.601385,-1.315903,1.530318,-0.877806,-0.252479,0.864602,0.266969,0.258953,-0.746536,0.800991,0.273147,208.720913,1.417812,-1.472589,0.341864,0.227466,2.005336,-0.695472,-0.536128,0.398208,0.208545,0.230870,0.156346,1.026153,0.806391,-0.431291,0.358263
0.356578,0.864171,1.194508,0.060864,0.305164,0.505590,-1.432473,0.155768,0.404980,0.021100,0.177166,0.282988,0.406705,-0.020797,0.239243,0.053746,0.016462,-0.527898,-1.697240,0.734755,-0.007667,-0.076995,-1.898071,-0.258411,-0.043347,0.183922,0.864602,0.119672,0.026186,-0.340276,0.049835,0.174424,323.368298,1.536504,-1.252875,0.028633,0.083551,1.977824,-0.315732,0.623856,0.079192,0.005300,0.211780,0.115056,0.141222,0.239463,0.028248,-0.127626
0.569409,0.803743,0.534745,0.196199,0.321244,0.239743,-1.136422,0.282279,0.157190,0.031206,0.407067,0.190437,0.376185,0.013954,0.151195,0.076868,0.039773,-0.680151,-1.218890,0.738514,0.008176,0.244643,-1.530887,-0.055141,-0.534447,0.054456,0.827409,0.132110,-0.184405,-0.395738,0.062760,0.148901,203.306228,1.168970,-1.326464,0.023730,0.052109,1.978164,-0.383596,0.422486,0.145529,0.011722,0.325272,0.102989,0.381425,0.576702,-0.261094,-0.127626
0.869299,0.603699,0.445133,0.255693,0.245891,0.304336,-1.106111,0.214965,0.191063,0.058868,0.597011,0.307446,0.376185,0.061864,0.113810,0.202496,0.139186,-0.383841,-1.224196,0.808322,0.029336,0.154941,-1.203480,0.360497,-0.575587,0.054456,0.616878,0.141934,-0.184405,-0.395738,0.130385,0.290596,177.300143,1.155460,-1.247055,0.107808,0.119023,2.009465,-0.583370,0.282524,0.188040,0.048722,0.266801,0.120605,0.435422,0.576702,-0.261094,-0.161194
0.819066,0.749660,0.749058,0.158343,0.177302,0.301732,-0.972993,0.230984,0.174387,0.064092,0.512968,0.361471,0.243422,0.061864,0.051015,0.175251,0.132369,-0.213101,-1.016596,0.803788,0.072513,-0.220830,-1.113949,0.360497,-0.490579,0.214215,0.547318,0.109943,-0.256129,-0.457266,0.130385,0.134135,229.082307,0.987699,-1.253794,0.065173,0.071997,2.055855,-0.580858,0.288454,0.222666,0.049782,0.069433,0.133825,0.420954,0.193285,0.008813,-0.214138
0.819066,1.001339,1.414141,0.017919,0.272905,0.279293,-0.758640,0.065790,-0.087131,0.008094,0.053520,0.124527,0.441696,-0.033451,0.017174,0.041988,0.014113,-0.043067,-0.772520,0.721787,0.017296,-0.078573,-1.076651,-0.228429,-0.023220,0.193207,0.482753,0.055657,-0.307864,-0.378467,0.053727,0.026149,404.140241,0.985074,-1.208767,0.064341,0.043477,1.790654,-0.349469,0.823580,0.074215,0.003573,0.044549,0.072632,0.175677,0.238236,-0.158755,-0.141525
0.834352,0.748820,0.962871,0.090901,0.365926,0.219380,-1.373659,0.132391,0.925950,0.088375,0.227677,0.200747,0.633258,0.377169,0.037342,0.115718,0.114601,0.162823,-1.567263,0.878386,0.168163,-0.316732,-1.437519,0.534116,-0.567469,-0.108829,0.543507,0.091552,-0.307864,-0.378467,0.233235,0.031859,345.018764,1.434070,-1.268494,0.165877,0.133483,1.765058,-0.587194,-0.687709,0.669552,0.076995,0.041492,0.402042,0.518256,0.672796,-0.759989,0.112923
0.389862,0.448194,0.156790,0.124931,0.360718,0.358791,-1.381911,0.214359,1.101957,0.211169,0.466628,0.311793,0.633258,0.377169,0.088193,0.138104,0.197804,0.317024,-1.574773,0.878386,0.553449,-0.557898,-1.567624,0.624515,-0.567469,-0.377952,0.637410,0.119620,-0.193246,-0.660600,0.482047,0.103957,62.575976,1.402749,-1.396417,0.394243,0.207345,1.014294,-0.703295,-0.687709,0.499183,0.181893,0.143187,0.371044,0.518256,0.895388,-0.759989,0.483291
0.046527,0.495945,0.560535,0.140950,0.406202,0.333285,-1.093520,0.209182,0.918563,0.196594,0.383874,0.311590,0.672307,0.667346,0.260948,0.193915,0.284410,0.317024,-0.844340,0.939095,0.475417,-0.402464,-1.908123,0.131235,-0.462793,-0.671334,0.847224,0.161624,0.270548,-0.281558,0.482047,0.320112,152.109745,0.720486,-1.418955,0.216894,0.267036,1.829539,-0.464435,0.261279,0.137636,0.227353,0.293829,0.161844,1.119335,0.895388,-0.920340,0.483291
0.402240,0.803773,3.224274,0.033495,0.387272,0.429275,-1.397066,0.323108,0.575431,0.023796,0.163464,0.375733,0.544054,-0.000755,0.196571,0.064520,0.017490,0.395681,-1.325565,0.727250,0.018848,-0.195370,-2.181641,-0.065481,-0.053937,0.218915,0.877374,0.071311,-0.666057,-0.215617,0.092820,0.333925,950.053478,1.193322,-1.387337,0.062817,0.041708,2.027308,-0.316385,0.440687,0.216674,0.007584,0.283365,0.385238,0.154038,0.676120,0.300454,-0.164417
-0.608909,0.737625,2.085002,0.248334,0.525430,0.345608,-1.061911,0.730744,0.030981,0.137351,0.310635,0.281560,0.796070,0.604491,0.272725,0.118921,0.165273,0.329721,-1.039122,0.892753,-0.002748,-0.280093,-1.586377,0.078879,-0.730096,-0.149935,0.889248,0.194486,-0.899730,-0.530319,0.175350,0.510669,786.778143,0.949278,-1.273220,0.135966,0.168430,1.818135,-0.815379,-0.845297,0.614010,0.133703,0.261625,0.281129,0.877410,0.955415,-0.809351,0.172701
-0.608909,0.630719,0.174286,0.218378,0.555136,0.363847,-1.409660,0.570443,0.943735,0.217586,0.610585,0.259766,0.796070,0.604491,0.293315,0.184935,0.241845,0.332041,-1.595892,0.968166,0.811914,-0.800415,-1.375614,1.083384,-0.730096,-0.389665,0.889248,0.218303,-0.899730,-0.530319,0.175350,0.597224,66.764805,1.446038,-1.249269,0.599402,0.246700,1.295874,-0.961372,-1.027507,0.634794,0.164784,0.245668,0.663858,0.877410,0.952613,-0.809351,0.641882
-0.109751,0.610428,0.788119,0.248855,0.592727,0.294283,-1.367791,0.292001,0.943735,0.498739,0.503848,0.254356,0.889799,1.233827,0.265524,0.370150,0.441432,0.292066,-1.547476,1.045936,0.811914,-1.121717,-2.062678,1.083384,-0.811244,-0.495599,0.771608,0.321877,0.294703,-0.576860,1.652935,0.391261,235.326960,1.287287,-1.573525,0.594688,0.367439,1.739996,-0.938041,-0.549492,0.379923,0.385697,0.286813,0.181844,1.299704,1.093610,-0.776398,0.791713
0.176402,0.710849,3.216780,0.102700,0.419845,0.534949,-1.128544,0.342104,0.675053,0.020297,0.326629,0.340004,0.564209,0.018276,0.214428,0.149065,0.031596,0.292066,-1.161570,0.745683,0.014455,-0.403000,-2.138937,-0.071196,-0.076659,0.206314,0.845833,0.219010,-0.692773,-0.576860,0.052289,0.346918,961.135395,1.112398,-1.226998,0.049146,0.072515,1.738509,-0.319918,0.370798,0.190687,0.008113,0.329924,0.376627,0.185537,0.685193,0.081920,-0.149022
-0.803200,0.703696,1.737095,0.304857,0.518954,0.291909,-1.396121,0.742152,-0.008569,0.161481,0.370728,0.320029,0.879245,0.668243,0.281266,0.152842,0.186697,0.346108,-1.552162,0.958056,0.013616,-0.395440,-2.098109,0.030715,-0.788239,-0.325064,0.844782,0.223862,-0.978113,-0.560791,0.191254,0.551958,652.696789,1.346369,-1.401791,0.150048,0.184386,1.981655,-0.956152,-0.906418,0.587372,0.149943,0.319686,0.304522,0.854252,1.160094,-0.824905,0.227753
-0.803200,0.661572,0.182879,0.257840,0.563527,0.458037,-1.372810,0.603349,0.915454,0.219312,0.703379,0.304066,0.879245,0.668243,0.294128,0.212156,0.251949,0.464599,-1.640774,1.029576,0.805865,-0.689510,-1.366074,1.019242,-0.788239,-0.423574,0.870592,0.223964,-0.978113,-0.560791,0.191254,0.703092,69.537039,1.429084,-1.415372,0.611747,0.266189,1.279319,-0.956152,-1.072287,0.649046,0.183451,0.264796,0.699263,0.854252,1.160094,-0.824905,0.590975
-0.203373,0.605760,0.433589,0.186493,0.576616,0.271752,-1.359693,0.354379,0.915454,0.375326,0.447634,0.318620,0.878085,0.752924,0.326304,0.395278,0.374820,0.469080,-1.483801,0.989370,0.805865,-1.262868,-2.025559,0.993583,-1.379503,-1.842266,0.913984,0.412532,0.230612,-0.758269,1.228708,0.335980,135.742684,1.350846,-1.587120,0.585404,0.385464,1.714835,-0.932954,-0.576905,0.382589,0.310342,0.396308,0.190518,0.930249,1.099096,-0.831862,0.797156
0.124949,0.759636,2.838940,0.049229,0.408759,0.444318,-1.075727,0.363554,0.668180,0.020114,0.236640,0.297624,0.553035,-0.015427,0.235803,0.074985,0.028173,0.273371,-1.018035,0.766289,0.042657,-0.760695,-2.099959,-0.141838,-0.070183,0.164554,0.971635,0.240132,-0.670831,-0.758269,0.069401,0.397325,870.544773,0.959360,-1.220603,0.048668,0.077173,1.951439,-0.323713,0.420449,0.200978,0.008885,0.308208,0.376280,0.170850,0.722306,0.285656,-0.083332
-0.786297,0.729255,1.941347,0.302191,0.536650,0.469338,-1.254782,0.752557,0.042367,0.159008,0.426480,0.344152,0.829217,0.550270,0.304386,0.175622,0.214233,0.489987,-1.219297,0.916977,-0.025824,-0.361284,-1.566052,0.132021,-0.858211,-0.271737,0.971635,0.248679,-0.923630,-0.615066,0.170259,0.574254,748.858892,1.089793,-1.323536,0.148262,0.194137,1.901491,-1.004441,-0.882415,0.624066,0.137032,0.309925,0.293003,1.009241,1.051267,-0.808641,0.210891
-0.786297,0.642423,0.184044,0.263612,0.580329,0.506627,-1.365280,0.629383,0.985986,0.244038,0.690976,0.297760,0.829217,0.550270,0.310970,0.248675,0.266137,0.489987,-1.528390,0.990885,0.766953,-1.342904,-1.421923,0.974510,-0.858211,-0.610906,0.903268,0.250925,-0.923630,-0.814403,0.172086,0.686639,69.938254,1.318023,-1.486725,0.629319,0.285664,1.093957,-1.004441,-1.054749,0.630483,0.186699,0.311613,0.710449,1.009241,1.043389,-0.808641,0.815490
-0.402608,0.606120,0.557624,0.277154,0.598941,0.434725,-1.452154,0.382993,0.985986,0.355977,0.443302,0.410069,0.863738,0.851570,0.375940,0.328663,0.347589,0.336987,-1.680259,1.008811,0.766953,-1.342904,-2.087622,0.974510,-1.245754,-1.873878,0.998540,0.360966,0.257937,-0.814403,0.994780,0.384156,187.280690,1.477059,-1.538281,0.621778,0.459630,1.276608,-0.963552,-0.725873,0.456936,0.335506,0.494699,0.235172,1.127560,1.114184,-0.770965,0.881412
0.152827,0.756524,2.678361,0.069511,0.423528,0.490650,-1.284013,0.348842,0.808423,0.026872,0.244447,0.281626,0.543960,0.000884,0.229603,0.111948,0.028238,0.171179,-1.199198,0.769039,-0.007959,-0.264085,-2.076953,-0.088503,-0.050497,-0.093006,0.998540,0.219561,-0.769397,-0.443056,0.076908,0.352014,860.936363,1.099548,-1.408113,0.035271,0.076475,1.898147,-0.315678,0.255359,0.216721,0.008151,0.392733,0.407480,0.174069,0.815181,-0.067059,-0.098094
-0.758071,0.722020,1.724489,0.332513,0.535008,0.423300,-1.389780,0.708830,0.036445,0.157769,0.453612,0.319039,0.856048,0.580219,0.298837,0.136464,0.185032,0.349419,-1.486784,0.884555,-0.008482,-0.238520,-1.608628,0.228330,-0.743941,-0.274206,0.876014,0.268741,-1.001871,-0.509362,0.164035,0.592504,703.241032,1.334719,-1.461052,0.135748,0.179110,1.996527,-0.943661,-0.820472,0.590473,0.139081,0.367850,0.324251,0.864338,0.982103,-0.820038,0.192738
-0.758071,0.639835,0.188522,0.297984,0.563540,0.463378,-1.326388,0.575290,1.077892,0.236720,0.721070,0.318108,0.856048,0.580219,0.298835,0.218425,0.259165,0.485605,-1.429920,1.002235,0.689706,-0.797881,-1.574486,1.052879,-0.743941,-0.387476,0.833262,0.253481,-1.001871,-0.703046,0.164035,0.678183,78.442903,1.338137,-1.455666,0.611388,0.266907,1.384522,-0.980065,-1.033869,0.627902,0.175686,0.262596,0.767257,0.864338,0.982103,-0.820038,0.679645
-0.280308,0.614956,0.698213,0.270905,0.573873,0.333360,-1.373284,0.350878,1.077892,0.451726,0.489820,0.398928,0.890161,1.349927,0.346333,0.432125,0.383584,0.495292,-1.552563,0.995638,0.689706,-1.061490,-2.167132,1.052879,-1.216162,-0.462917,0.884942,0.278091,0.272077,-0.689770,1.727648,0.377243,210.883735,1.357896,-1.528103,0.584045,0.381815,1.015893,-0.976848,-0.671662,0.409114,0.384050,0.407144,0.247083,0.873549,0.972672,-0.723197,0.813034
0.206623,0.749708,2.831306,0.081055,0.406909,0.565375,-1.117154,0.320824,0.746516,0.020217,0.273839,0.284765,0.503004,-0.013749,0.196147,0.136304,0.026252,-0.030966,-1.086545,0.745545,-0.002291,-0.320061,-2.083718,-0.064356,-0.067287,0.152938,0.884942,0.183317,-0.569717,-0.429797,0.064410,0.366027,817.143638,1.075310,-1.232203,0.035787,0.060213,1.843429,-0.317992,0.371924,0.178705,0.007163,0.309331,0.340430,0.164895,0.688327,0.181172,-0.135304
-0.627959,0.721961,1.521772,0.346231,0.521177,0.445268,-1.423019,0.653387,0.178686,0.162552,0.433490,0.426707,0.810408,0.630926,0.289138,0.146304,0.151278,0.645374,-1.355044,0.983634,-0.009490,-0.247673,-1.868700,0.445132,-0.800967,-0.276354,0.806367,0.258356,-0.852418,-0.538694,0.198404,0.563861,554.689984,1.257208,-1.333891,0.153673,0.193115,1.924516,-1.005500,-0.910187,0.631358,0.143172,0.320960,0.310717,0.688376,0.996349,-0.762700,0.197031
-0.627959,0.682650,0.183356,0.320873,0.545715,0.480161,-1.489196,0.545776,1.077152,0.200957,0.600125,0.350002,0.810408,0.630926,0.310517,0.263202,0.267906,0.645374,-1.668326,1.040123,0.589414,-0.564418,-1.409088,1.317314,-0.800967,-0.276354,0.806367,0.256429,-0.852418,-0.643395,0.198404,0.646644,75.305690,1.456570,-1.519976,0.590343,0.241492,1.100547,-1.005500,-1.133638,0.609858,0.163962,0.286529,0.680146,0.688376,0.857094,-0.762700,0.304257
0.024185,0.648170,0.758139,0.340916,0.519522,0.222161,-1.236041,0.274919,1.074133,0.512584,0.544295,0.401656,0.776772,1.182903,0.326707,0.547829,0.557094,0.295323,-1.479037,1.211740,0.589414,-0.557480,-1.696545,1.317314,-1.456052,-0.455856,0.970838,0.371063,0.354463,-0.624387,1.162621,0.312675,237.969167,1.304872,-1.629389,0.522748,0.325341,1.299543,-0.929371,-0.638216,0.404262,0.370482,0.440497,0.197264,1.442806,1.017980,-0.842625,0.609101
0.304865,0.861594,3.261682,0.077903,0.402490,0.332920,-0.981001,0.278300,0.587687,0.020913,0.271857,0.308587,0.521389,-0.009164,0.225636,0.129411,0.034171,0.021106,-0.869220,0.796427,0.005643,-0.557480,-2.199834,-0.158787,-0.074548,0.131872,0.970838,0.188041,-0.611818,-0.432299,0.072620,0.428919,942.464098,0.895975,-1.496439,0.037057,0.070813,1.519042,-0.321978,0.468120,0.152889,0.007846,0.284004,0.342567,0.233208,0.726522,0.204401,-0.124293
-0.737341,0.739449,1.744473,0.390195,0.525966,0.251048,-1.205500,0.680874,0.144072,0.156525,0.498127,0.233530,0.796368,0.650911,0.242422,0.154711,0.182753,-0.142935,-1.126870,0.965045,-0.006513,-0.154180,-2.056367,0.346211,-0.892554,-0.336995,0.804312,0.219041,-0.772243,-0.614502,0.154223,0.549219,613.247930,1.021962,-1.419415,0.139299,0.183226,1.713091,-1.064359,-0.898397,0.647208,0.156300,0.288917,0.262821,0.797842,0.980269,-0.767818,0.231937
-0.737341,0.651271,0.171686,0.328443,0.557277,0.315885,-1.253048,0.580033,0.997347,0.221415,0.724880,0.281309,0.796368,0.650911,0.276312,0.241364,0.297376,0.170522,-1.360744,1.054584,0.655417,-0.558344,-1.967421,1.239714,-0.892554,-0.557298,0.833288,0.225413,-0.772243,-0.614502,0.176340,0.686892,64.186734,1.246571,-1.362290,0.605515,0.282690,1.254936,-1.064359,-1.087768,0.625891,0.189585,0.274692,0.624855,0.797842,0.980269,-0.816337,0.894801
-0.185259,0.653002,0.798561,0.356025,0.574436,0.364006,-1.300625,0.324894,0.997347,0.474445,0.470614,0.307128,0.803567,1.288106,0.296474,0.437914,0.428159,0.282961,-1.372918,1.124019,0.655417,-0.804289,-1.998928,1.239714,-0.998314,-0.557298,0.874307,0.373808,0.221767,-0.660032,1.539756,0.348640,230.314602,1.237263,-1.664058,0.586537,0.420479,1.969432,-0.961570,-0.648282,0.428855,0.386497,0.399893,0.220996,1.052912,0.933648,-0.841134,1.053302
0.150267,0.726797,2.212999,0.079455,0.405866,0.515020,-1.095828,0.342207,0.654510,0.020533,0.299486,0.214880,0.504782,-0.016282,0.235470,0.155406,0.024054,-0.207330,-0.974967,0.736897,-0.006095,-0.184947,-2.198931,-0.082257,-0.045589,0.153985,0.905955,0.143001,-0.499087,-0.418651,0.051827,0.340848,695.173210,1.042450,-1.432546,0.037794,0.067256,2.094119,-0.316023,0.414509,0.124831,0.006905,0.259861,0.324831,0.136344,0.489595,0.160394,-0.165289
-0.038675,0.674016,0.913743,0.427582,0.501601,0.450782,-1.311639,0.521456,0.597080,0.152037,0.659433,0.229035,0.792050,0.586085,0.280413,0.183179,0.157500,-0.274071,-1.416462,1.091389,0.050600,-0.163389,-2.011455,0.948741,-0.909154,-0.239033,0.899068,0.300844,-0.577519,-0.900476,0.231471,0.500265,353.019209,1.242073,-1.514218,0.157314,0.244267,1.875653,-0.875667,-0.862818,0.637611,0.126108,0.318632,0.305719,0.682868,0.919287,-0.822094,0.257770
-0.038675,0.642154,0.160464,0.332954,0.481745,0.478751,-1.332318,0.422770,1.145180,0.189925,0.627960,0.213197,0.792050,0.586085,0.282538,0.273684,0.287933,-0.265979,-1.527833,1.091389,0.449708,-0.572923,-1.518720,1.275817,-0.909154,-0.239033,0.814916,0.307167,-0.536809,-0.900476,0.231471,0.619859,58.950684,1.343673,-1.451397,0.530410,0.301702,1.060717,-0.875667,-1.025796,0.577334,0.164218,0.275984,0.518919,0.682868,0.792711,-0.822094,0.417787
0.121964,0.626404,1.185274,0.383043,0.469715,0.259874,-1.336035,0.225786,1.091318,0.279247,0.497773,0.251972,0.675801,0.719291,0.383357,0.366375,0.302091,-0.158825,-1.534274,0.937378,0.449708,-0.594480,-2.395347,1.150490,-0.914226,-1.217582,1.181250,0.313591,0.400604,-0.487282,0.710106,0.365132,348.445866,1.247743,-1.585350,0.448068,0.306742,2.358127,-0.805787,-0.477623,0.352510,0.246889,0.394177,0.162824,1.001544,0.927709,-0.362374,0.471788
0.372179,0.751126,2.990261,0.100596,0.399677,0.371270,-1.153706,0.268580,0.648952,0.028231,0.293823,0.280979,0.477110,-0.023106,0.310728,0.087673,0.033311,-0.592495,-1.158815,0.743941,0.037546,-0.156272,-2.247204,-0.023814,-0.128224,0.158935,1.181250,0.185779,-0.547080,-0.425700,0.072783,0.398141,960.095005,1.180592,-1.435720,0.028209,0.056159,2.033727,-0.321531,0.523291,0.100925,0.008209,0.317676,0.333033,0.165299,0.729638,0.122793,-0.099207
-1.218167,0.684609,1.526725,0.466519,0.505634,0.398808,-1.352265,0.822050,0.074318,0.139062,0.443104,0.437790,0.813249,0.549782,0.297529,0.181507,0.206297,-0.010118,-1.576509,0.938601,-0.001123,-0.212449,-2.164770,0.202912,-0.798259,-0.470748,0.856282,0.252564,-0.846357,-0.499772,0.166064,0.539108,608.504023,1.375421,-1.375007,0.118063,0.179839,1.983149,-1.094713,-1.102417,0.601994,0.138178,0.417005,0.284033,1.015479,1.222963,-0.852428,0.216570
-1.218167,0.794953,0.178754,0.409754,0.547895,0.564419,-1.432456,0.722496,1.114441,0.177043,0.754617,1.054109,0.813249,0.549782,0.385132,0.210381,0.228442,0.447888,-1.622497,1.047486,0.694956,-0.530426,-1.912624,0.993544,-0.798259,-0.470748,2.484215,0.247077,-0.846357,-0.499772,0.187915,0.786922,67.141918,1.478329,-1.331848,0.588352,0.215372,1.333019,-1.094713,-1.476197,0.699485,0.156601,0.614891,0.711820,1.015479,1.180710,-0.910340,0.216570
-0.153473,0.571885,0.685680,0.241834,0.561022,0.285128,-1.495289,0.351422,1.114441,0.503146,0.414283,0.416438,0.814524,1.045351,0.298611,0.427736,0.424388,0.591802,-1.689925,1.096088,0.694956,-0.737984,-1.678014,0.993544,-1.270293,-0.434996,0.857177,0.324765,0.438575,-0.632170,1.548903,0.333773,203.492521,1.436135,-1.455932,0.565140,0.323680,1.225520,-0.954529,-0.695625,0.382157,0.336182,0.329313,0.190307,1.172133,1.040463,-0.745974,0.581024
0.176612,0.690609,3.139876,0.063942,0.409473,0.415480,-1.104046,0.296412,0.758072,0.020588,0.232652,0.242392,0.532611,-0.012150,0.205788,0.113063,0.024705,-0.142722,-0.879169,0.773769,0.006665,-0.531431,-1.901322,-0.116900,-0.066489,0.188178,0.857177,0.195143,-0.518542,-0.523131,0.051400,0.436556,970.631834,0.878177,-1.388930,0.045037,0.050491,1.811725,-0.315328,0.359840,0.185269,0.005627,0.264402,0.352037,0.201758,0.622687,0.271758,-0.176085
-0.720277,0.716122,1.619199,0.326786,0.517508,0.242916,-1.190918,0.687489,0.159744,0.161845,0.301439,0.315034,0.849974,0.672865,0.304106,0.196809,0.202497,0.079861,-0.972040,0.990716,0.125894,-0.275885,-1.976668,0.022703,-0.838411,-0.357205,0.814323,0.215797,-0.754900,-0.652981,0.162669,0.555701,668.995987,0.807251,-1.311215,0.154337,0.195818,1.659749,-0.882335,-1.109310,0.654611,0.146372,0.331525,0.280899,1.080384,1.141412,-0.906351,0.283323
-0.720277,0.737770,0.171266,0.303394,0.559052,0.508466,-1.355026,0.612281,1.060517,0.216912,0.605871,0.273486,0.849974,0.672865,0.331923,0.234419,0.251189,0.525885,-1.516154,1.043299,0.728032,-0.781214,-1.316696,0.949451,-0.838411,-0.357205,0.853048,0.225659,-0.754900,-0.652981,0.162669,0.666865,62.578243,1.372833,-1.459529,0.603201,0.273599,1.207890,-1.001868,-1.216952,0.690481,0.166159,0.303932,0.655782,1.080384,1.141412,-0.906351,0.601275
-0.012105,0.600257,0.519615,0.207146,0.545485,0.266148,-1.378390,0.345882,1.048694,0.430170,0.405713,0.413468,0.821464,0.830021,0.336047,0.391743,0.335518,0.546399,-1.653285,1.085928,0.716113,-0.898307,-2.084851,0.949451,-1.041305,-1.161509,0.964347,0.310413,0.337653,-0.637385,1.360554,0.347749,158.837262,1.459869,-1.543597,0.534840,0.337704,1.215867,-0.932267,-0.501141,0.342735,0.275261,0.407585,0.196681,1.071261,1.072177,-0.731207,0.629298
0.195779,0.727774,2.584079,0.108661,0.416227,0.474903,-1.187630,0.333606,0.685457,0.023252,0.299812,0.332206,0.503360,0.008753,0.281910,0.150951,0.029506,0.357983,-1.233915,0.730107,-0.003317,-0.559943,-2.105418,-0.068167,-0.055681,0.131456,0.964347,0.208658,-0.618920,-0.637385,0.051834,0.382961,869.664684,1.177947,-1.262269,0.029462,0.045160,1.844024,-0.319460,0.408356,0.182579,0.008254,0.300885,0.356329,0.158317,0.763055,0.297210,-0.159213
-0.654847,0.707912,1.427316,0.316327,0.521609,0.402595,-1.372512,0.666292,0.134319,0.152258,0.424405,0.316189,0.801771,0.583182,0.316517,0.142003,0.156759,0.360189,-1.389413,0.973903,-0.009610,-0.242189,-1.927971,0.111950,-0.798353,-0.241702,0.961756,0.242033,-0.876791,-0.580561,0.188373,0.573331,600.358738,1.227786,-1.293291,0.145673,0.187842,1.730750,-0.869665,-0.939910,0.632360,0.137991,0.342747,0.292960,0.743830,1.065169,-0.756903,0.219706
-0.654847,0.680183,0.163322,0.263105,0.522509,0.471118,-1.379565,0.537957,0.877583,0.192267,0.704128,0.240692,0.801771,0.583182,0.291524,0.198486,0.248646,0.360189,-1.534917,1.043874,0.757352,-0.733342,-1.550344,1.010556,-0.798353,-0.241702,0.846210,0.247433,-0.876791,-0.580561,0.188373,0.602683,60.651030,1.330533,-1.282380,0.566679,0.281369,1.200165,-0.911076,-1.061395,0.657074,0.165553,0.268270,0.591311,0.743830,0.844478,-0.756903,0.641907
0.036135,0.614025,0.659158,0.231373,0.536905,0.317604,-1.198889,0.281818,0.858490,0.310603,0.441525,0.314270,0.851542,0.799477,0.297080,0.355937,0.347327,0.280597,-1.294028,0.955233,0.757352,-0.871409,-2.070789,1.006367,-1.189921,-1.488812,0.812167,0.354362,0.352074,-0.798120,0.916509,0.370366,207.544031,1.151827,-1.435624,0.493092,0.355080,2.070474,-0.881943,-0.097374,0.292403,0.260956,0.366047,0.138623,0.796379,1.151802,-0.977674,0.727329
0.371194,0.685370,3.252636,0.052638,0.419034,0.404918,-1.198111,0.323840,0.636507,0.024986,0.170834,0.239040,0.536187,-0.024474,0.241133,0.115047,0.027718,-0.186686,-1.293266,0.738071,0.029826,-0.527116,-2.065492,-0.093971,-0.111643,0.200746,0.844070,0.113766,-0.679036,-0.798120,0.056990,0.356337,1074.485035,1.158179,-1.401031,0.041129,0.035030,1.970729,-0.308406,0.383696,0.165612,0.007045,0.364449,0.378952,0.153889,0.668449,0.195905,-0.183368
-0.878723,0.674539,1.823739,0.330872,0.534578,0.344237,-1.288619,0.844480,0.003473,0.180520,0.331596,0.552169,0.990841,0.671837,0.245235,0.225032,0.267922,0.912892,-1.166182,0.956215,0.132434,-0.357029,-1.942976,-0.079416,-0.848261,-0.473101,0.712150,0.174386,-1.196734,-0.771301,0.138718,0.637209,760.182693,1.037848,-1.495099,0.149769,0.203675,1.940327,-0.847543,-1.149512,0.622894,0.155497,0.299000,0.345654,1.291697,1.369396,-0.912876,0.260586
-0.878723,0.718156,0.175322,0.309404,0.544836,0.483889,-1.361358,0.615745,1.093579,0.216685,0.655067,0.368961,0.990841,0.671837,0.315160,0.284668,0.293085,0.912892,-1.537993,1.025213,0.734617,-0.896961,-2.327087,0.967781,-0.848261,-0.473101,0.906069,0.195937,-1.196734,-0.771301,0.138718,0.674987,67.573959,1.340049,-1.357045,0.585871,0.294002,1.154833,-1.065130,-1.228467,0.671306,0.179288,0.330944,0.804098,1.291697,1.088071,-0.912876,0.260586
-0.683759,0.505759,1.400803,0.288794,0.479304,0.522551,-1.423929,0.393229,1.061087,0.352967,0.565157,0.790377,0.973338,1.835657,0.286316,0.376099,0.391924,0.861855,-1.596899,0.868532,0.734617,-0.855090,-1.788480,0.646736,-1.074036,-1.989619,0.809427,0.425799,0.515582,-0.800914,1.720812,0.473856,435.694408,1.337648,-1.450791,0.407917,0.352923,1.753672,-0.704794,0.110455,0.245336,0.332882,0.332415,0.158760,1.585830,1.502557,-0.580119,0.716735
0.064559,0.495067,3.185550,0.072861,0.402941,0.550161,-1.157743,0.318428,1.010389,0.023811,0.284154,0.558818,0.524890,-0.026758,0.211115,0.120099,0.031277,0.589811,-1.075559,0.723427,-0.006406,-0.855090,-2.222706,-0.023947,-0.069478,0.120722,1.007748,0.311613,-0.313186,-0.800914,0.056109,0.416506,1036.331671,1.016651,-1.181177,0.041584,0.052371,1.468123,-0.319874,0.206823,0.182287,0.005918,0.449280,0.319167,0.165395,0.706100,0.109192,-0.136955
0.068003,0.579142,0.306648,0.229230,0.455948,0.277550,-1.319968,0.436697,0.667587,0.138989,0.554098,0.309592,0.712633,0.638561,0.226780,0.214737,0.158415,0.086821,-1.508475,1.076884,0.555137,-0.363789,-1.370392,0.604858,-0.679985,-0.125299,0.704420,0.166276,-0.549438,-0.565699,0.160473,0.560265,123.070470,1.413715,-1.328279,0.444059,0.224066,1.839421,-0.889260,-0.974079,0.608205,0.120294,0.321933,0.455347,0.486341,0.936240,-0.535076,0.094009
0.213334,1.277465,0.983964,0.066075,0.263230,0.171456,-0.763897,0.069273,-0.084224,0.011414,0.142247,0.136363,0.285350,-0.041257,0.135228,0.066100,0.014786,0.297830,-0.858589,0.837694,0.035837,-0.291297,-0.977306,-0.034167,-0.012562,0.191337,0.817190,0.085939,-0.281651,-0.460336,0.048811,0.057239,365.856290,1.013965,-1.251223,0.009383,0.042657,2.307884,-0.310383,1.131921,0.054948,0.003325,0.154561,0.051158,0.161016,0.296999,0.088502,-0.220219
0.417724,1.295552,0.653730,0.026091,0.241276,0.065081,-1.297652,0.027638,-0.128353,0.007659,0.066344,0.032436,0.258297,-0.040871,0.012929,0.018425,0.013965,-0.257029,-1.153231,0.721441,0.008956,0.043956,-1.054514,-0.169671,-0.009080,0.269987,0.455023,0.018996,-0.254790,-0.142224,0.049549,0.037990,166.952983,1.067385,-1.082038,0.012092,0.014040,2.061633,-0.303905,1.252986,0.017988,0.002661,0.036532,0.037702,0.152045,0.183030,0.063832,-0.302652
0.549910,0.931806,2.159741,0.034092,0.322382,0.147396,-1.158708,0.185760,-0.029158,0.033154,0.092202,0.141195,0.340434,-0.048177,0.116284,0.037414,0.011217,-0.149226,-1.102642,0.728378,0.061014,0.057584,-1.980791,0.018521,0.003892,0.236353,0.668647,0.070289,-0.141047,0.035776,0.049963,0.107740,558.760504,1.059433,-1.447493,0.012067,0.033949,2.038011,-0.304602,0.654573,0.186385,0.003054,0.165500,0.040098,0.158879,0.376238,-0.099164,-0.215976
0.502477,0.631150,0.562062,0.556218,0.303530,0.543063,-1.163254,0.147836,1.081272,0.173934,0.739558,0.634146,0.497057,0.383373,0.265918,0.556701,0.286538,0.965462,-1.185904,0.969348,0.313310,-0.663139,-1.379375,1.792107,-0.491494,-0.895463,0.956450,0.298085,0.422742,-0.839985,0.267489,0.134108,194.035491,1.020915,-1.502808,0.324242,0.197470,2.286029,-0.704210,-0.893988,0.663257,0.129268,0.206696,0.195567,0.961025,0.649031,-0.421628,0.316000
0.795034,0.657099,1.942841,0.046594,0.283812,0.232176,-1.093782,0.109159,0.420304,0.017906,0.149400,0.163147,0.311919,-0.037714,0.173137,0.044965,0.010646,-0.622261,-1.108902,0.730161,-0.005089,0.006533,-1.217442,-0.328233,-0.030575,0.215276,0.729313,0.073736,-0.003016,-0.420842,0.050628,0.091191,547.966682,1.026339,-1.232501,0.013129,0.033888,1.926930,-0.314077,0.590397,0.030848,0.002407,0.114657,0.107141,0.129068,0.342036,-0.007411,-0.163076
1.122925,0.719712,0.182244,0.081810,0.237741,0.277077,-1.131669,0.049871,-0.075258,0.013033,0.205827,0.228099,0.266696,-0.038320,0.164295,0.060306,0.022205,-0.346496,-1.153471,0.741577,-0.009289,0.108847,-1.169878,-0.137081,-0.209889,0.228508,0.779213,0.071257,-0.193776,-0.519183,0.054694,0.275480,50.160911,1.210526,-1.176604,0.014702,0.034505,1.284082,-0.326281,0.653264,0.028357,0.008797,0.143664,0.030307,0.226168,0.335955,-0.049589,-0.198514
1.086092,0.481734,0.162873,0.140485,0.311506,0.211427,-1.383221,0.056901,0.756290,0.102065,0.327188,0.188476,0.520764,0.130738,0.026088,0.056459,0.074973,-0.245436,-1.531906,0.746468,0.105937,-0.434133,-1.396422,0.411283,-0.452018,0.065646,0.532073,0.129050,-0.160520,-0.284443,0.203576,0.257323,63.506809,1.431760,-1.255487,0.114702,0.107838,1.073774,-0.447030,-0.368657,0.376425,0.061917,0.061412,0.279189,0.362768,0.483738,-0.378163,0.181376
0.285446,0.323392,0.158623,0.111090,0.264308,0.357074,-1.214793,0.333333,0.981093,0.131185,0.310619,0.373103,0.520764,0.130973,0.049650,0.070920,0.125576,0.515796,-1.183564,0.806060,0.403237,-0.426748,-1.327340,0.494082,-0.452018,0.065646,0.640974,0.116950,-0.061802,-0.485186,0.203576,0.181347,64.338943,1.049938,-1.294399,0.297343,0.125381,1.033015,-0.566092,-0.369203,0.372918,0.116151,0.110063,0.293853,0.362768,0.685021,-0.378163,0.123835
-0.204768,0.521146,0.173109,0.134607,0.402713,0.470203,-1.356666,0.238542,1.024045,0.166430,0.192246,0.322830,0.662272,0.825437,0.282226,0.154630,0.173800,0.444389,-1.336983,0.854975,0.187146,-0.581614,-2.055931,-0.047195,-0.510349,-0.817789,0.866947,0.241043,0.456567,-0.324788,0.595901,0.309211,52.281901,1.129914,-1.371781,0.177877,0.225502,1.244079,-0.394863,0.221281,0.167441,0.204499,0.328363,0.136754,0.926583,0.994468,-0.627976,0.362891
0.434912,0.690973,2.889910,0.032231,0.395037,0.420126,-1.159542,0.359725,0.569766,0.031677,0.115986,0.280673,0.494246,0.003593,0.208248,0.033013,0.025652,0.183764,-1.103431,0.730157,0.007848,-0.329586,-2.293604,-0.077972,-0.044398,0.197191,0.863871,0.085276,-0.582756,-0.193237,0.079069,0.296620,787.131820,0.940933,-1.328868,0.050683,0.053221,2.180892,-0.321927,0.428554,0.161591,0.008084,0.287873,0.347154,0.150647,0.742565,0.352349,-0.150836
-0.630935,0.642962,1.944339,0.304984,0.517950,0.329308,-1.418802,0.753658,0.103424,0.156107,0.409336,0.227125,0.766716,0.566868,0.301799,0.098385,0.153566,0.178787,-1.329456,0.932099,-0.012928,-0.240313,-1.341904,0.141480,-0.730250,-0.152834,0.965012,0.210392,-0.837247,-0.594703,0.215845,0.517749,652.743392,1.116474,-1.343399,0.121324,0.176131,1.373723,-0.924270,-0.837790,0.568572,0.128916,0.331040,0.283660,0.718511,1.098716,-0.733890,0.192979
-0.630935,0.617243,0.173858,0.272321,0.518653,0.402351,-1.479622,0.554593,0.905602,0.190193,0.672290,0.260996,0.766716,0.566868,0.314791,0.159846,0.229935,0.389435,-1.640549,1.009844,0.763198,-0.747315,-1.303311,1.023698,-0.730250,-0.174206,0.965012,0.226432,-0.837247,-0.594703,0.215845,0.542982,72.643800,1.394014,-1.424684,0.561031,0.234644,1.043728,-0.924270,-1.009710,0.587730,0.151298,0.271999,0.617144,0.718511,1.033518,-0.733890,0.399712
-0.078249,0.600872,0.674880,0.297707,0.571293,0.248551,-1.253495,0.263146,0.905159,0.482194,0.564217,0.368187,0.926425,1.096300,0.298690,0.373068,0.374716,0.318188,-1.326735,0.960961,0.763198,-1.350888,-1.589633,1.023698,-0.900911,-0.850514,0.819148,0.372338,0.333596,-0.725004,1.318993,0.336937,192.737037,1.169133,-1.488739,0.561175,0.346401,1.291083,-0.884287,-0.495429,0.387431,0.333792,0.269967,0.152411,1.141347,1.119556,-0.907855,0.735159
0.257180,0.666959,3.043158,0.101733,0.424930,0.453112,-1.134118,0.310829,0.795038,0.020666,0.361748,0.410744,0.570728,0.002697,0.215585,0.179462,0.039184,0.318188,-1.185384,0.736261,-0.001041,-0.275785,-2.024701,-0.049467,-0.093781,0.011863,0.858231,0.196569,-0.655641,-0.725004,0.065289,0.341969,927.180352,0.985165,-1.434783,0.045833,0.080514,2.106437,-0.318983,0.249526,0.213198,0.008691,0.292820,0.389376,0.352928,0.926528,0.100034,-0.121315
-0.821163,0.682143,1.650347,0.328553,0.520135,0.408505,-1.401438,0.738162,0.082473,0.160847,0.448295,0.417630,0.888744,0.662306,0.301795,0.170625,0.192994,0.491173,-1.353300,0.979658,-0.004026,-0.291406,-1.847290,0.137563,-0.827693,-0.389141,0.858231,0.223339,-0.976028,-0.737998,0.234129,0.556753,657.213880,1.312464,-1.459005,0.152177,0.195917,1.544611,-0.942472,-0.911271,0.587279,0.149153,0.428948,0.337329,1.019551,1.311844,-0.836426,0.282583
-0.821163,0.659334,0.176416,0.297572,0.572315,0.473461,-1.310551,0.578803,0.976656,0.239459,0.872119,0.284729,0.888744,0.662306,0.325884,0.224579,0.279872,0.491173,-1.353085,1.068462,0.899088,-1.028909,-1.545315,1.021656,-0.827693,-0.389141,0.926559,0.241492,-0.976028,-0.737998,0.234129,0.683419,71.238455,1.274810,-1.461819,0.620404,0.304987,1.198790,-0.971295,-1.056733,0.644590,0.194997,0.323625,0.714297,1.019551,1.311844,-0.836426,0.595672
-0.439871,0.588713,0.633716,0.252656,0.585573,0.317632,-1.212821,0.343216,0.976656,0.474035,0.651824,0.332684,0.880241,1.485667,0.308804,0.422162,0.445338,0.439891,-1.193155,1.107299,0.899088,-1.213838,-2.008163,1.021656,-1.373190,-0.957681,0.782055,0.375562,0.320817,-0.769126,1.665551,0.351477,192.407024,1.130681,-1.423976,0.594772,0.379432,1.351673,-0.968576,-0.573547,0.373448,0.413885,0.263695,0.188264,1.238041,0.954355,-1.069363,0.795580
0.125228,0.734712,2.968545,0.049185,0.414084,0.452849,-1.185637,0.352453,0.844909,0.026490,0.214836,0.303215,0.513381,-0.028120,0.174701,0.106765,0.022790,0.439891,-0.990301,0.747736,0.031583,-0.928831,-2.136369,-0.023471,-0.078936,0.154463,0.782055,0.204104,-0.590444,-0.769126,0.054325,0.340166,999.388662,0.918024,-1.282885,0.036693,0.065670,1.732852,-0.309345,0.362638,0.192669,0.005970,0.305413,0.353917,0.170767,0.566473,0.261959,-0.115006
-0.853012,0.702756,1.599806,0.291424,0.536330,0.427775,-1.416068,0.722365,0.132679,0.140391,0.358556,0.347067,0.832331,0.535512,0.283733,0.142635,0.181704,0.656878,-1.563319,0.915867,-0.004853,-0.332108,-1.739659,0.023402,-0.850217,-0.286788,0.794547,0.242988,-0.913370,-0.558269,0.146597,0.538281,692.855965,1.363480,-1.380503,0.133591,0.177069,1.814193,-0.947743,-0.841998,0.582895,0.127942,0.353831,0.327633,0.855994,0.971809,-0.855289,0.190525
-0.853012,0.650376,0.187871,0.251926,0.559005,0.464799,-1.351219,0.589217,1.092341,0.212940,0.649968,0.309851,0.832331,0.535512,0.292323,0.203088,0.227016,0.656878,-1.624165,0.992057,0.727063,-0.841510,-1.563782,1.009269,-0.850217,-0.298037,0.824757,0.247779,-0.913370,-0.596983,0.151507,0.687222,73.066303,1.428630,-1.495143,0.605938,0.239342,1.423387,-0.947743,-1.043075,0.625252,0.160965,0.282446,0.727441,0.855994,0.938804,-0.855289,0.522150
-0.204118,0.615011,0.857481,0.307926,0.582762,0.324603,-1.428447,0.306907,1.092341,0.514672,0.519382,0.363204,0.914814,1.528730,0.338509,0.401829,0.393358,0.319535,-1.623829,1.030022,0.727063,-1.349932,-1.938110,1.009269,-0.952599,-1.395043,0.738560,0.403882,0.325572,-0.715860,1.599513,0.407574,273.364275,1.497569,-1.678810,0.597386,0.420224,1.879329,-0.919742,-0.759477,0.435744,0.387623,0.336244,0.228011,1.041895,0.809959,-0.646961,0.781050
0.210709,0.796902,3.108063,0.099010,0.413467,0.474037,-1.136074,0.300005,0.852201,0.022564,0.345102,0.315929,0.540635,-0.008444,0.199357,0.179344,0.034293,0.124887,-1.187559,0.741277,0.012506,-0.261831,-2.073680,-0.017719,-0.096112,0.110338,0.895439,0.271852,-0.664768,-0.715860,0.074784,0.343992,982.555175,1.092467,-1.410679,0.044170,0.056274,1.966182,-0.323300,0.272323,0.217422,0.008296,0.336739,0.393233,0.139889,0.517633,-0.014074,-0.145383
-0.889222,0.726521,1.731746,0.292001,0.532724,0.427248,-1.356575,0.731562,0.000026,0.145861,0.391690,0.360156,0.847480,0.525403,0.292898,0.133540,0.173920,0.639450,-1.476385,0.908946,-0.005289,-0.215186,-1.763928,0.128257,-0.663346,-0.267509,0.844422,0.268955,-0.924722,-0.614223,0.190707,0.577051,683.382864,1.324795,-1.225120,0.129839,0.177807,2.133818,-0.799440,-0.814931,0.594376,0.124292,0.360149,0.284840,0.793981,0.930691,-0.787209,0.212093
-0.889222,0.637940,0.191250,0.277794,0.575714,0.447306,-1.355523,0.586086,1.029192,0.226774,0.764927,0.365705,0.847480,0.525403,0.318997,0.221989,0.243068,0.698937,-1.542211,0.974734,0.828813,-1.391500,-1.438676,0.915727,-0.663346,-0.724020,0.844422,0.275054,-0.924722,-0.771244,0.190707,0.685268,76.431583,1.361613,-1.356908,0.620632,0.271019,1.424447,-0.995944,-1.059683,0.637741,0.163646,0.324268,0.693138,0.793981,0.817764,-0.787209,0.804149
-0.475638,0.636524,0.753418,0.261275,0.591929,0.442267,-1.331946,0.344172,1.029192,0.455519,0.597130,0.408609,0.894738,1.193919,0.382985,0.318398,0.407369,0.321913,-1.408402,1.054447,0.828813,-1.212292,-1.792095,0.915727,-1.017706,-1.282414,0.935037,0.427929,0.221804,-0.757947,1.679781,0.376422,207.727645,1.200377,-1.541912,0.603351,0.420768,0.591060,-0.955984,-0.629857,0.421283,0.338199,0.404388,0.241330,1.282284,1.073330,-0.812653,0.923268
0.131977,0.728190,3.420851,0.052937,0.415148,0.472977,-1.015940,0.327187,0.728058,0.026932,0.239398,0.288452,0.499528,0.019508,0.203908,0.106399,0.017598,0.216695,-1.062913,0.766833,0.010276,-0.332528,-2.114270,-0.038900,-0.074093,0.100410,0.935037,0.184271,-0.667375,-0.583951,0.057506,0.324763,1028.608846,1.085840,-1.341466,0.028586,0.068013,2.085364,-0.311027,0.332599,0.162698,0.007995,0.290368,0.340416,0.169142,0.607938,0.060499,-0.110733
-0.647812,0.674696,1.459593,0.353905,0.519251,0.497279,-1.184351,0.646287,0.123100,0.152817,0.472279,0.384585,0.830063,0.516566,0.298187,0.136451,0.162770,0.558931,-1.062673,1.009034,0.002374,-0.229723,-1.796448,0.552837,-0.817093,-0.285278,0.798601,0.246654,-0.927227,-0.391591,0.205564,0.552804,565.669207,1.041637,-1.382009,0.146615,0.185793,1.215393,-0.998006,-0.841427,0.593714,0.138815,0.318163,0.300363,0.731470,1.099861,-0.728971,0.170677
-0.647812,0.634431,0.167199,0.286163,0.525051,0.466950,-1.271789,0.519443,0.919643,0.210407,0.607149,0.401064,0.830063,0.516566,0.304221,0.256432,0.354596,0.558931,-1.271394,1.031150,0.614369,-0.540794,-1.229863,1.235204,-0.817093,-0.285278,0.836004,0.265361,-0.927227,-0.601499,0.205564,0.524840,64.529928,1.228004,-1.571079,0.571763,0.320326,1.098497,-0.998006,-0.991401,0.628108,0.191243,0.211288,0.619791,0.731470,0.742218,-0.728971,0.916557
-0.122264,0.622039,0.625386,0.356872,0.515295,0.297503,-1.414109,0.268621,0.834334,0.353385,0.593696,0.452798,0.771015,0.538619,0.390570,0.457611,0.422806,0.155618,-1.489728,1.116240,0.614369,-0.459506,-2.074888,1.229471,-1.439978,-0.823219,1.083135,0.377756,0.248236,-0.798524,0.869372,0.325528,199.751093,1.342444,-1.644686,0.473916,0.377872,2.141420,-0.863915,-0.059409,0.288482,0.243562,0.400675,0.147444,1.249353,1.008036,-0.766548,0.919074
0.538525,0.779548,3.061797,0.047965,0.374132,0.249687,-1.085328,0.220981,0.466368,0.022768,0.167140,0.181168,0.499086,-0.027900,0.238325,0.089939,0.027078,-0.555618,-1.187201,0.748339,0.011380,-0.045855,-2.099913,-0.032452,-0.145190,0.234962,0.943243,0.108137,-0.711034,-0.369722,0.081043,0.389611,899.478138,1.046227,-1.529822,0.049322,0.040815,1.932601,-0.310502,0.432400,0.201628,0.004157,0.268523,0.359767,0.225844,0.795649,0.194214,-0.137806
-0.813585,0.734962,1.470872,0.441050,0.511657,0.374219,-1.395294,0.736733,0.026559,0.142655,0.498968,0.261110,0.830192,0.514705,0.243075,0.173487,0.184296,-0.103269,-1.444636,0.986092,-0.021229,0.146666,-1.238915,0.362706,-0.735069,-0.297502,0.734437,0.225975,-0.904402,-0.406467,0.146857,0.555543,540.654677,1.231283,-1.337099,0.127728,0.178421,1.748725,-0.862513,-1.061906,0.638562,0.125174,0.308809,0.279803,0.858838,1.122412,-0.789829,0.224053
-0.813585,0.737429,0.175279,0.367710,0.546083,0.474883,-1.288612,0.601046,0.980062,0.190230,0.750622,0.282584,0.830192,0.514705,0.274333,0.219679,0.217336,0.104617,-1.427097,1.038622,0.705040,-0.434931,-1.580865,1.056471,-0.735069,-0.297502,0.757686,0.227509,-0.904402,-0.406467,0.156731,0.630251,73.360679,1.233177,-1.413669,0.590833,0.216096,1.031891,-0.945870,-1.241562,0.671561,0.143445,0.280446,0.701234,0.858838,0.935562,-0.789829,0.224053
-0.047443,0.619654,0.527962,0.296739,0.579747,0.290265,-1.428254,0.299269,0.980062,0.441863,0.405479,0.300686,0.864328,1.519364,0.312612,0.439763,0.401119,0.265497,-1.646640,1.114274,0.705040,-0.810223,-1.824875,1.056471,-1.155876,-0.751146,0.754314,0.360783,0.319775,-0.530721,1.400876,0.335816,152.302597,1.423268,-1.725213,0.586953,0.376124,1.842984,-0.922279,-0.706529,0.428993,0.390369,0.359239,0.203151,1.030255,1.009581,-0.785324,0.773578
0.265525,0.667524,2.681913,0.077609,0.400082,0.487190,-1.120014,0.301750,0.695390,0.018829,0.265830,0.242513,0.508882,-0.004334,0.246136,0.118676,0.026596,-0.292300,-1.229834,0.755657,0.001368,-0.265262,-2.030965,-0.025651,-0.064619,0.166285,0.936190,0.218047,-0.659091,-0.530721,0.053968,0.340843,793.759545,1.121043,-1.435035,0.043368,0.039815,2.211885,-0.314067,0.369032,0.164623,0.006991,0.247104,0.353516,0.163861,0.661949,0.075876,-0.183614
-0.764322,0.660013,1.270625,0.450994,0.501719,0.355678,-1.439569,0.702542,0.192220,0.153462,0.602121,0.235020,0.790618,0.554780,0.282216,0.133615,0.157944,-0.342657,-1.636637,1.018591,0.001368,-0.038052,-2.090475,0.911960,-0.967081,-0.362701,0.821375,0.269319,-0.827574,-0.575914,0.169117,0.557574,518.168573,1.440456,-1.396374,0.142961,0.215215,1.413269,-1.093751,-0.783756,0.577550,0.139207,0.331520,0.303493,0.710103,1.073549,-0.752514,0.237261
-0.764322,0.646922,0.169021,0.359067,0.536107,0.498377,-1.360983,0.581280,0.959818,0.187354,0.765308,0.293900,0.790618,0.554780,0.322934,0.278230,0.297277,0.071748,-1.443344,1.067191,0.633625,-0.639461,-1.339064,1.160798,-0.967081,-0.362701,0.919405,0.255665,-0.827574,-0.716365,0.237263,0.622848,63.437019,1.287763,-1.439052,0.580012,0.283448,1.124963,-1.093751,-1.052721,0.586901,0.171148,0.314886,0.635893,0.710103,0.908249,-0.762238,0.460747
0.006095,0.640991,0.955139,0.371261,0.521271,0.351085,-1.442876,0.251875,0.946118,0.432627,0.543013,0.366902,0.768713,1.029370,0.380114,0.510711,0.413384,0.109970,-1.612596,1.071617,0.633625,-0.502922,-2.251966,1.144280,-1.429876,-0.365269,1.087410,0.358562,0.314847,-0.667528,1.082985,0.337761,281.739560,1.350741,-1.566693,0.518218,0.361361,1.933886,-0.918285,-0.473302,0.356614,0.314781,0.352141,0.159998,1.253588,1.084322,-0.869705,0.817874
0.363878,0.853827,3.689076,0.060626,0.384441,0.430526,-1.155664,0.207826,0.650083,0.030192,0.240502,0.265136,0.476126,-0.029341,0.264636,0.116021,0.031322,-0.717781,-1.122985,0.767919,0.022456,-0.298872,-2.196276,-0.015042,-0.181766,0.056799,1.087410,0.140842,-0.660510,-0.318835,0.060410,0.368599,1093.612188,1.149048,-1.295011,0.032888,0.045136,1.674509,-0.313000,0.551650,0.151735,0.006065,0.272603,0.352602,0.298482,0.488186,0.175409,-0.175426
-1.038717,0.758420,1.753365,0.438465,0.517555,0.456780,-1.330742,0.733161,-0.030692,0.135722,0.464888,0.417109,0.844662,0.537658,0.240674,0.198726,0.216147,-0.116040,-1.359271,0.902372,-0.016310,-0.197464,-1.904247,0.120352,-0.827108,-0.387593,0.744624,0.206059,-0.991072,-0.440223,0.146350,0.514793,678.127609,1.246007,-1.360895,0.124642,0.180079,1.887678,-0.969762,-1.042504,0.612776,0.147644,0.231687,0.304194,1.021361,1.362631,-0.819142,0.239616
-1.038717,0.761392,0.258088,0.383716,0.560182,0.383916,-1.313554,0.645967,1.130239,0.203868,0.815709,0.225819,0.844662,0.537658,0.277927,0.248635,0.233867,0.188346,-1.389955,1.041904,0.691573,-0.547597,-2.252060,0.968990,-0.827108,-0.387593,0.816408,0.206043,-0.991072,-0.440223,0.146350,0.721189,98.358002,1.301575,-1.470239,0.608478,0.222794,1.811604,-0.987717,-1.353424,0.715127,0.169299,0.253100,0.779701,1.021361,1.362631,-0.829289,0.239616
-0.295841,0.639294,0.950067,0.266005,0.556826,0.274862,-1.258275,0.328803,1.130239,0.455310,0.489567,0.347112,0.891911,1.661964,0.305852,0.429140,0.422164,0.446360,-1.209476,1.036021,0.691573,-0.901976,-1.989638,0.968990,-1.213595,-0.413828,0.799091,0.321491,0.271219,-0.647289,1.737501,0.354674,321.398888,1.133061,-1.505625,0.588302,0.356784,1.927396,-0.985753,-0.857775,0.445411,0.408399,0.285676,0.238403,1.021986,1.170382,-0.755594,0.684063
0.147580,0.880397,3.129304,0.057317,0.396365,0.546781,-1.246816,0.299417,0.699767,0.019793,0.228335,0.240814,0.536254,-0.031688,0.198008,0.119233,0.022915,-0.080619,-1.295014,0.755040,0.022051,-0.424314,-2.087279,-0.033544,-0.097582,0.176390,0.830465,0.249007,-0.636188,-0.647289,0.066742,0.419117,1049.219616,1.274502,-1.518530,0.056918,0.099698,1.990399,-0.306098,0.381232,0.228701,0.005081,0.239874,0.377768,0.212219,0.677944,0.210618,-0.171285
-0.892877,0.814654,1.531513,0.371857,0.534060,0.339339,-1.328960,0.689622,0.163024,0.153542,0.389897,0.288988,0.821340,0.611958,0.294131,0.166940,0.217710,0.068448,-1.639612,0.937768,0.009139,-0.292066,-2.032316,0.094980,-0.903943,-0.351720,0.814549,0.289509,-0.778425,-0.685767,0.191605,0.587198,640.437074,1.393865,-1.445993,0.152238,0.180545,1.888111,-1.068788,-1.044006,0.702397,0.148328,0.336356,0.257146,1.051567,1.076767,-0.823258,0.287732
-0.892877,0.700601,0.169963,0.344502,0.565794,0.506735,-1.294358,0.600802,1.023326,0.201118,0.700132,0.297054,0.821340,0.611958,0.327223,0.203422,0.257631,0.555884,-1.628068,1.025726,0.712307,-0.790153,-2.180705,0.783252,-0.903943,-0.351720,0.883524,0.293995,-0.778425,-0.685767,0.191605,0.761959,66.810346,1.431884,-1.353674,0.609876,0.242712,1.091339,-1.068788,-1.225195,0.649795,0.174030,0.303217,0.655083,1.051567,1.005940,-0.840362,0.377422
-0.288027,0.561217,0.316383,0.268844,0.564482,0.384335,-1.473608,0.352056,1.018287,0.514342,0.488614,0.216521,0.840876,1.265700,0.299593,0.424146,0.371829,0.234563,-1.658873,1.020498,0.711901,-1.111129,-1.622887,0.783252,-1.003488,-0.776788,0.824523,0.270319,0.362924,-0.453373,1.506650,0.389324,91.152066,1.487404,-1.517958,0.566190,0.308665,1.515249,-0.927460,-0.577021,0.355197,0.374369,0.272790,0.175897,1.268315,1.080028,-0.605972,0.523386
0.039958,0.621258,2.425369,0.107270,0.435817,0.463110,-1.074426,0.378412,0.749145,0.028921,0.322796,0.320105,0.571905,0.026899,0.251848,0.155261,0.049708,0.099481,-1.126800,0.748126,0.002816,-0.269617,-2.267010,-0.071766,-0.055837,0.118802,0.914645,0.184762,-0.666090,-0.303419,0.052641,0.448838,790.000590,1.079131,-1.348194,0.037116,0.074923,1.788405,-0.326458,0.294100,0.170426,0.011181,0.280532,0.380211,0.433257,0.766849,0.212413,-0.163688
-0.541444,0.640470,1.303650,0.327243,0.520086,0.365074,-1.365352,0.637532,0.084465,0.149827,0.486941,0.329589,0.785588,0.585210,0.339091,0.157704,0.165724,0.508242,-1.237805,0.964124,-0.002941,-0.360783,-1.895916,0.195640,-0.789074,-0.254171,0.914645,0.285426,-0.957211,-0.589908,0.141149,0.554721,536.394938,1.210539,-1.371818,0.132842,0.178080,1.593733,-0.798540,-0.846534,0.552671,0.124167,0.329942,0.323219,0.751248,1.027053,-0.712463,0.164894
-0.541444,0.640737,0.163043,0.294295,0.533586,0.493575,-1.300050,0.508298,0.763066,0.184893,0.757522,0.342983,0.785588,0.585210,0.340593,0.205983,0.216285,0.533430,-1.309152,1.035090,0.790340,-0.732919,-1.459904,1.131272,-0.789074,-0.254171,0.885608,0.278636,-0.957211,-0.589908,0.141841,0.668699,64.904612,1.243780,-1.294672,0.579530,0.217712,1.045206,-0.902719,-1.019839,0.605156,0.150239,0.293587,0.619713,0.751248,0.998305,-0.712463,0.248967
-0.146327,0.681900,0.469150,0.243466,0.545223,0.213150,-1.524941,0.311339,0.763066,0.373761,0.371405,0.283623,0.801571,0.944533,0.351246,0.392243,0.357175,0.223157,-1.649106,0.998877,0.790340,-0.928378,-1.765886,1.131272,-1.080476,-1.406637,1.035066,0.334150,0.172211,-0.567016,1.062005,0.345068,142.021880,1.442779,-1.462627,0.559788,0.358720,2.154974,-0.902719,-0.693413,0.440963,0.341337,0.390676,0.180589,0.853609,1.067268,-0.696696,0.835257
0.180829,0.833467,2.301851,0.085705,0.402572,0.375302,-1.279400,0.350032,0.582440,0.024258,0.223767,0.255077,0.509566,-0.014281,0.281113,0.115459,0.029033,0.233735,-1.253463,0.738037,0.011589,-0.449720,-2.099365,-0.085852,-0.031452,0.200688,1.035066,0.186107,-0.630788,-0.567016,0.051860,0.357672,722.905866,1.172125,-1.353400,0.028154,0.084319,1.892535,-0.308069,0.458292,0.139533,0.007826,0.362687,0.331238,0.206839,0.688129,0.278342,-0.093488
-0.096431,0.728332,1.489402,0.261087,0.514420,0.294688,-1.159132,0.460466,0.105603,0.117269,0.338646,0.155925,0.733285,0.555232,0.331050,0.131244,0.096537,-0.195838,-1.025424,0.940131,-0.001711,-0.135628,-2.034209,-0.213893,-1.016313,-0.166472,0.966546,0.215032,-0.741571,-0.677254,0.054056,0.443786,588.823179,0.790182,-1.276105,0.123787,0.149337,1.784270,-0.883030,-0.700760,0.544826,0.115442,0.373501,0.244302,0.610103,1.014353,-0.631901,0.041595
-0.096431,0.655349,0.293006,0.238718,0.504824,0.383192,-1.332988,0.511036,0.766143,0.176009,0.561321,0.341933,0.733285,0.555232,0.321003,0.185336,0.184055,0.533676,-1.516244,1.029079,0.897487,-0.628254,-1.920552,0.894609,-1.019408,-0.166472,0.966546,0.211172,-0.741571,-0.677254,0.137724,0.807269,106.270686,1.311997,-1.153266,0.495950,0.210485,1.546115,-0.901091,-0.980289,0.690102,0.140377,0.313609,0.561352,0.753814,1.014353,-0.631901,0.041595
0.194901,0.623761,0.324293,0.214911,0.364765,0.612194,-0.970941,0.195516,0.766143,0.355443,0.458950,0.361668,0.464401,1.119874,0.188360,0.260608,0.333351,0.701728,-0.813069,1.029079,0.897487,-1.008141,-1.742372,0.911779,-0.433259,-1.120199,0.696594,0.183966,0.188914,-0.880174,0.445940,0.218225,94.185724,0.837346,-1.283395,0.403146,0.251467,1.690392,-0.901091,-0.980289,0.668264,0.265661,0.202386,0.196053,0.829508,0.587131,-0.623200,0.347610
0.774020,0.701182,1.256314,0.140275,0.329861,0.644630,-1.186374,0.157396,0.581848,0.316051,0.419663,0.424724,0.464401,1.119874,0.186287,0.274363,0.288141,0.701728,-1.269463,0.875625,0.633935,-1.008141,-1.577890,0.527259,-0.433259,-1.120199,0.882512,0.193327,-0.328406,-0.880174,0.445940,0.296748,305.394488,1.313459,-1.389142,0.128486,0.167127,1.933525,-0.421638,0.273529,0.140821,0.255372,0.221759,0.214872,0.829508,0.659621,-0.623200,0.347610
0.797003,0.682577,1.182105,0.105406,0.460674,0.681412,-1.078226,0.335394,0.566228,0.088411,0.328416,0.356129,0.927507,0.672720,0.200837,0.108702,0.161704,0.126906,-1.037659,0.934690,0.054174,-0.137081,-2.135562,0.419693,-0.690109,-0.392693,0.882512,0.159012,-0.484048,-0.382196,0.309648,0.320280,362.195649,1.115943,-1.384484,0.232537,0.222381,2.002940,-0.540376,-0.798347,0.590270,0.138074,0.233862,0.278073,0.861516,0.659621,-0.786946,0.279248
0.351722,0.588233,0.172066,0.096194,0.498777,0.593158,-1.198273,0.413032,0.993712,0.220370,0.563369,0.349098,0.927507,0.672720,0.199606,0.140263,0.270367,0.419760,-1.190453,0.944297,0.696275,-0.519733,-1.632873,0.679162,-0.690109,-0.392693,0.786424,0.141331,-0.484048,-0.661665,0.309648,0.477202,66.656198,1.189134,-1.412793,0.557119,0.306633,1.257079,-0.798962,-0.867450,0.642925,0.222721,0.189603,0.475692,0.861516,0.898866,-0.786946,0.467796
-0.270672,0.608400,2.251224,0.284892,0.499565,0.324647,-1.279370,0.309379,0.898772,0.421380,0.475488,0.425417,0.903997,1.519398,0.288929,0.335709,0.355573,0.419760,-1.397216,0.987900,0.696275,-0.979560,-2.101858,0.583323,-0.792277,-1.434051,0.728838,0.377424,0.324732,-0.701765,1.697401,0.428378,681.388238,1.228335,-1.390317,0.386008,0.342350,1.878151,-0.588098,0.217712,0.210491,0.348716,0.283954,0.136691,1.196613,1.371725,-0.395504,0.467796
0.360512,0.675543,3.143178,0.048650,0.396117,0.481694,-1.214649,0.226327,0.558226,0.023973,0.181263,0.413732,0.472529,-0.035910,0.135184,0.050432,0.018984,0.325363,-1.243080,0.725686,0.001077,-0.673258,-2.301539,-0.083704,-0.055695,0.170134,0.752286,0.115452,-0.454312,-0.701765,0.054018,0.351094,1104.407030,1.130212,-1.233551,0.039134,0.036820,1.702989,-0.319272,0.452027,0.132052,0.004056,0.352465,0.263251,0.158745,0.734467,0.084228,-0.143673
-0.155994,0.670189,0.783768,0.215216,0.440754,0.277798,-1.262965,0.468535,0.668360,0.120852,0.401857,0.329047,0.715500,0.556830,0.206833,0.132549,0.153616,0.287791,-1.292161,1.087906,0.413993,-0.237660,-1.593314,0.554620,-0.644107,-0.108196,0.708498,0.183894,-0.572248,-0.513566,0.183938,0.551672,329.081474,1.215086,-1.235210,0.282921,0.202923,1.817897,-0.914848,-1.000791,0.714263,0.119921,0.421751,0.373380,0.686631,0.893365,-0.584607,0.120226
0.018011,0.884343,0.548764,0.198037,0.324537,0.265478,-1.146299,0.324540,0.784476,0.252859,0.479805,0.216122,0.400159,0.834841,0.142049,0.243288,0.269115,0.322932,-1.234057,0.935835,0.567432,-0.554807,-1.211892,0.653278,-0.167611,-0.648151,0.692510,0.163913,-0.209783,-0.578771,0.373293,0.111281,197.666779,1.286027,-1.297960,0.353276,0.178242,1.934213,-0.934167,-0.826348,0.665538,0.178865,0.242805,0.346615,1.277750,0.443999,-0.020227,0.074866
0.298394,1.276781,0.267690,0.004926,0.252024,0.109568,-0.770917,0.029534,-0.215114,0.005653,0.027186,0.056874,0.263487,-0.043025,0.015129,0.009269,0.004065,-0.147105,-0.943722,0.709834,0.051014,-0.034014,-1.200631,-0.180621,-0.009991,0.262709,0.467027,0.031895,-0.287307,-0.228285,0.048652,0.044990,85.238128,1.113667,-1.210195,0.005996,0.021742,1.444130,-0.303106,1.237329,0.021653,0.000793,0.044326,0.018164,0.119491,0.238792,0.052448,-0.266111
0.383569,1.108908,0.582867,0.025659,0.298558,0.232408,-0.868682,0.128275,0.098321,0.018307,0.070373,0.182377,0.390881,-0.034405,0.020493,0.019607,0.009335,-0.307045,-1.005643,0.721393,0.009542,0.064652,-1.082255,-0.233579,-0.022905,0.232688,0.527501,0.012024,-0.273912,-0.165645,0.057418,0.071711,170.632309,1.108649,-1.334232,0.052431,0.046576,2.133046,-0.302088,0.683147,0.159178,0.002646,0.034946,0.099759,0.123461,0.298144,-0.167325,-0.180304
0.586360,0.498445,0.747028,0.250417,0.314594,0.126422,-1.270981,0.083390,0.976163,0.067277,0.353303,0.252826,0.439164,0.118267,0.057087,0.078225,0.070568,-0.565098,-1.262756,0.768878,0.015540,-0.003070,-1.553891,0.092668,-0.194104,-0.077735,0.534818,0.127460,-0.144534,-0.464322,0.194076,0.098549,273.276046,1.362806,-1.304375,0.073851,0.181530,1.856271,-0.436814,-0.229900,0.294323,0.042571,0.113994,0.261237,0.439360,0.490273,-0.590779,0.160713
0.705078,0.295510,0.336923,0.248962,0.254242,0.298836,-1.253893,0.138476,1.190062,0.129727,0.362498,0.505666,0.439164,0.120076,0.060076,0.077213,0.076319,0.481734,-1.210214,0.849802,0.015540,-0.351095,-1.699586,0.207816,-0.325853,-0.077735,0.582770,0.149367,0.374911,-0.639631,0.228879,0.114392,123.472873,1.286844,-1.510979,0.246308,0.184441,1.744921,-0.792721,-0.311686,0.278796,0.080671,0.124377,0.339438,0.439360,0.525495,-0.435658,0.234179
0.217152,0.402219,0.181465,0.141451,0.291848,0.331749,-1.473303,0.321395,1.190062,0.196959,0.392943,0.314798,0.636912,0.933200,0.217567,0.222982,0.289344,0.534482,-1.731243,0.935972,0.108592,-0.351095,-1.735406,0.207816,-0.966859,-0.754252,0.582770,0.200053,0.817227,-0.639631,0.247209,0.307172,54.339981,1.439766,-1.593566,0.324838,0.263392,1.205114,-0.792721,-0.311686,0.329284,0.239511,0.257554,0.126638,0.921614,0.741541,-1.105416,0.533025
0.217152,0.553493,1.399926,0.130438,0.387488,0.399244,-1.438771,0.221467,0.983291,0.139937,0.454587,0.393284,0.636912,0.933200,0.243253,0.210120,0.288001,0.517219,-1.753572,0.935972,0.108592,-0.251384,-2.350477,-0.031294,-0.966859,-0.754252,0.787666,0.188490,0.224466,-0.424471,0.247209,0.290792,368.953536,1.482839,-1.518456,0.118817,0.236435,1.116009,-0.474882,0.334177,0.109527,0.221171,0.360991,0.234866,0.921614,0.741541,-1.105416,0.533025
0.502078,1.198175,0.614712,0.017284,0.245640,0.328696,-0.630425,0.034147,-0.188307,0.012083,0.055157,0.122554,0.249850,0.093616,0.161639,0.118005,0.025209,0.187093,-0.567795,-0.343888,0.052183,0.025114,-0.988430,-0.200042,-0.017069,4.070070,-5.772417,0.079712,-0.241892,-0.167879,-0.009978,0.021856,224.109664,0.978199,-1.286556,0.003477,0.071690,1.978270,-0.297291,1.171929,0.013439,0.003118,0.127337,0.013568,-0.873255,8.905625,0.017231,2.667605
0.380716,1.202239,0.161355,0.012880,0.249386,0.123207,-0.619150,0.020779,-0.152491,0.012083,0.038370,0.065444,0.258415,0.045680,0.161639,0.118005,0.025209,-0.152390,-0.573563,0.075275,0.019824,0.030736,-1.102605,-0.196511,-0.016946,2.558396,-3.287677,0.079712,-0.213703,-0.205918,0.014673,0.025429,64.447029,0.926557,-1.239396,0.005363,0.071690,0.749487,-0.309930,1.178572,0.011098,0.003118,0.106538,0.015167,-0.485740,5.681870,0.058778,1.565575
0.540620,1.253042,0.851324,0.008568,0.252467,0.017876,-0.618730,0.028312,-0.256681,0.009669,0.021004,0.010173,0.254256,-0.004414,0.129343,0.094427,0.020172,-0.228066,-0.566536,0.494438,0.018240,0.037378,-0.972394,-0.206521,-0.014893,1.046722,-0.802938,0.063786,-0.291181,-0.183239,0.039324,0.022809,256.330808,0.916037,-1.221162,0.001205,0.057366,1.772525,-0.304048,1.234961,0.007341,0.002495,0.007496,0.007875,-0.098225,2.312966,0.078375,0.413927
0.489189,1.240645,0.390828,0.000505,0.244257,0.016256,-0.636984,0.014141,-0.202529,0.001281,0.001954,0.009562,0.294037,-0.035543,0.004957,0.002610,0.001102,-0.210994,-0.598758,0.705475,-0.003881,0.044673,-1.044269,-0.207228,-0.006404,0.295599,0.440756,0.001948,-0.230604,-0.171551,0.052188,0.009276,117.657801,0.940851,-1.168803,0.004779,0.002254,1.743385,-0.302516,1.227738,0.006748,0.000568,0.022008,0.006768,0.096672,0.167558,0.086283,-0.323487
0.463165,0.796186,1.264719,0.166809,0.382706,0.151689,-1.316802,0.242584,0.866736,0.086177,0.219766,0.119526,0.656066,0.387948,0.074249,0.100182,0.099744,-0.149533,-1.326295,0.900868,0.302676,-0.095344,-1.207604,0.529876,-0.503121,-0.188877,0.612930,0.105108,-0.263534,-0.402999,0.281211,0.112914,369.762025,1.195784,-1.344764,0.220305,0.143943,1.783712,-0.589491,-0.644245,0.758158,0.069001,0.107616,0.417065,0.454037,0.657041,-0.974415,0.167096
-0.001403,0.501436,0.252454,0.179383,0.344044,0.236046,-1.310238,0.353444,0.974583,0.153105,0.445952,0.268269,0.641019,0.468453,0.109483,0.120191,0.195966,0.336577,-1.204226,0.900868,0.539800,-0.404638,-1.362134,0.568228,-0.503121,-0.434806,0.612930,0.119889,0.143688,-0.475026,0.284028,0.081553,89.396247,1.027222,-1.434514,0.379189,0.208771,1.530987,-0.600761,-0.644245,0.547715,0.164002,0.196589,0.204780,0.725471,0.948952,-0.464109,0.285139
-0.001403,0.487758,1.471371,0.077454,0.435630,0.366212,-1.458996,0.300654,0.861510,0.084203,0.172584,0.336434,0.641019,0.468453,0.203790,0.098700,0.107195,0.432015,-1.584569,0.848685,0.007513,-0.203934,-2.071356,0.028637,-0.309190,-0.434806,0.786473,0.160900,0.190543,-0.101403,0.284028,0.332982,423.787030,1.365464,-1.284371,0.101892,0.118104,1.480589,-0.329721,0.354035,0.106245,0.097744,0.249807,0.172580,0.725471,0.948952,-0.176616,0.110070
0.779657,0.762629,2.559252,0.058489,0.357512,0.292718,-1.097624,0.292043,0.357110,0.034091,0.144259,0.317584,0.428372,-0.004166,0.101291,0.064666,0.029756,0.162205,-1.019811,0.724180,0.037823,-0.131424,-1.169459,-0.118497,-0.048871,0.214215,0.787881,0.078396,-0.522527,-0.150681,0.081066,0.263806,792.203435,0.970106,-1.348641,0.050069,0.057058,2.022936,-0.312832,0.551662,0.075252,0.007128,0.259189,0.252810,0.127592,0.951269,0.269206,-0.165602
-0.375156,0.636796,0.987668,0.216605,0.462359,0.282763,-1.345048,0.727792,0.241086,0.090497,0.237752,0.258893,0.690494,0.559850,0.219332,0.098728,0.139710,0.420107,-1.373111,0.922772,0.063348,-0.220817,-1.603897,0.086427,-0.653416,-0.044981,0.843345,0.172931,-0.742994,-0.395167,0.110401,0.542521,369.110614,1.118745,-1.309656,0.131707,0.134590,2.035385,-0.752913,-1.023135,0.629136,0.103574,0.281051,0.253879,0.669118,0.982230,-0.582397,0.054387
-0.375156,0.739915,0.162350,0.187926,0.404715,0.378183,-1.431835,0.406637,0.807369,0.132118,0.471669,0.348652,0.690494,0.559850,0.158272,0.127922,0.232222,0.521325,-1.738880,0.947322,0.667814,-0.522326,-1.371029,0.815866,-0.653416,0.022861,0.843345,0.115987,-0.506844,-0.404677,0.110401,0.126336,60.727687,1.450472,-1.267625,0.442327,0.232467,1.159977,-0.853262,-1.045685,0.762271,0.166961,0.204104,0.387291,0.669118,0.619334,-0.582397,0.375532
0.046154,0.682111,1.257329,0.127884,0.452901,0.307573,-1.355162,0.214279,0.728455,0.281281,0.222010,0.218674,0.638593,0.633946,0.219814,0.234353,0.225002,0.254676,-1.418985,0.878783,0.245256,-0.522326,-1.437951,0.093632,-0.584383,-0.620510,0.762995,0.215420,0.272631,-0.458129,0.872651,0.285567,355.949987,1.207344,-1.252195,0.106227,0.203460,2.036928,-0.349487,0.444266,0.180670,0.205559,0.302557,0.119415,0.666174,0.943132,-0.414707,0.328131
0.721979,0.798445,2.950331,0.029103,0.358627,0.282193,-1.391729,0.235757,0.362834,0.023598,0.096310,0.224655,0.430833,-0.036248,0.187431,0.045523,0.016353,0.148722,-1.489185,0.730982,0.005108,-0.097591,-1.134487,-0.137091,-0.075357,0.249724,0.845067,0.096657,-0.444998,-0.182976,0.056505,0.216542,901.042990,1.393100,-1.336115,0.039328,0.036071,1.872177,-0.318959,0.587752,0.093094,0.003538,0.236980,0.239062,0.170110,0.681735,0.250432,-0.221754
-0.486118,0.653960,0.892314,0.273987,0.462186,0.194239,-0.985141,0.713039,0.303886,0.102372,0.338701,0.245869,0.686258,0.599625,0.199342,0.120459,0.159173,0.283775,-0.768653,0.967187,0.003997,-0.211766,-2.146219,0.131355,-0.783783,-0.057080,0.745355,0.182331,-0.640840,-0.508100,0.166013,0.602668,364.046387,0.719683,-1.301094,0.142113,0.133986,1.987606,-0.987580,-1.097014,0.648923,0.124681,0.191135,0.233051,0.690207,0.867868,-0.623559,0.002537
-0.486118,0.734683,0.163302,0.244789,0.358402,0.323548,-1.251208,0.455377,0.767992,0.097445,0.613635,0.271146,0.686258,0.599625,0.172864,0.157914,0.232722,0.287604,-1.385795,0.984878,0.686658,-0.689006,-1.266239,0.826014,-0.783783,-0.057080,0.772524,0.105381,-0.441859,-0.316228,0.166013,0.189864,58.678498,1.300593,-1.203494,0.384347,0.200960,1.044173,-0.987580,-1.155076,0.742333,0.150533,0.189510,0.348253,0.690207,0.534704,-0.623559,0.197407
0.047314,0.710681,1.144660,0.123050,0.440183,0.321491,-1.379826,0.198447,0.809448,0.230198,0.206553,0.207740,0.589664,0.509334,0.201435,0.187974,0.169002,0.252231,-1.472753,0.836822,0.210938,-0.689006,-1.413737,0.133337,-0.461110,-0.620699,0.692363,0.215485,0.437037,-0.496196,0.693295,0.276418,289.393361,1.345232,-1.309308,0.115457,0.197654,1.915661,-0.404612,0.528073,0.186793,0.171217,0.264388,0.109302,0.474099,0.973569,-0.334186,0.326247
0.618973,0.837761,3.099606,0.019990,0.354046,0.469472,-1.167491,0.215924,0.460663,0.018954,0.111466,0.336195,0.420783,-0.001806,0.193047,0.038960,0.011278,0.204924,-1.046970,0.729022,-0.008624,-0.050088,-1.152250,-0.108944,-0.060576,0.268766,0.827883,0.106741,-0.402071,-0.186256,0.095582,0.264578,955.002264,0.970985,-1.309110,0.036731,0.033488,1.912451,-0.311706,0.613298,0.132127,0.003627,0.188122,0.278452,0.122106,0.537985,0.242868,-0.217146
-0.199142,0.752183,0.838254,0.276027,0.465656,0.142081,-1.365157,0.595561,0.509979,0.115440,0.349231,0.248499,0.707686,0.549036,0.234519,0.138966,0.146932,0.170221,-1.359375,0.975529,0.337826,-0.140099,-2.070109,0.288485,-0.649043,-0.088588,0.856012,0.174698,-0.580695,-0.409804,0.193581,0.574490,323.252806,1.163318,-1.264704,0.167607,0.164621,1.263375,-0.827319,-1.202731,0.767125,0.121435,0.210227,0.283547,0.722503,0.884779,-0.616549,0.140416
-0.199142,0.841443,0.163132,0.238966,0.350179,0.345289,-1.396091,0.348616,0.935008,0.087468,0.590488,0.350177,0.632133,0.549036,0.160481,0.144662,0.208652,0.388644,-1.493384,0.975529,0.691732,-0.580613,-1.303482,0.689774,-0.649043,-0.007701,0.787348,0.134338,-0.170418,-0.362918,0.193581,0.140851,62.753154,1.341127,-1.251905,0.366426,0.223823,1.006916,-0.827319,-1.232323,0.845270,0.152322,0.130072,0.292212,0.722503,0.615093,-0.616549,0.241093
-0.025029,0.637617,0.425274,0.120589,0.437939,0.349563,-1.284592,0.211792,0.834334,0.229652,0.244670,0.326874,0.635354,0.447704,0.269536,0.209454,0.164707,0.307267,-1.261630,0.837276,0.014208,-0.399847,-1.952078,0.051798,-0.705390,-1.214655,0.726797,0.241755,0.342651,-0.485646,0.792108,0.365101,117.502160,1.120583,-1.386343,0.097289,0.199925,0.801339,-0.314699,0.427948,0.141308,0.135427,0.335574,0.130142,1.023111,0.827886,-0.612572,0.468657
0.540402,0.773199,3.118697,0.035110,0.387743,0.219304,-1.019002,0.339614,0.393677,0.042020,0.119279,0.231643,0.423473,-0.027219,0.110332,0.031916,0.018813,0.051562,-1.264107,0.726842,-0.001604,-0.062051,-1.769753,-0.174654,-0.061200,0.229959,0.860301,0.060117,-0.427576,-0.141494,0.062174,0.250710,862.154663,1.162386,-1.188633,0.030394,0.058578,2.192011,-0.319766,0.694862,0.031250,0.005755,0.155264,0.214706,0.142305,0.733487,0.265330,-0.186895
-0.565221,0.593113,0.680949,0.268284,0.445339,0.351803,-1.263875,0.825190,0.202135,0.091379,0.254050,0.308788,0.666747,0.434270,0.193393,0.123839,0.132545,0.445591,-1.211040,0.932576,0.116286,-0.185338,-1.591649,0.183758,-0.720085,-0.011960,0.788845,0.168312,-0.752956,-0.420945,0.127904,0.672919,252.299042,1.165248,-1.134931,0.133880,0.121333,1.934135,-0.953653,-1.031703,0.608962,0.111041,0.189109,0.250049,0.657440,0.867696,-0.609372,-0.031327
-0.565221,0.756850,0.169031,0.226109,0.303622,0.337892,-1.234272,0.471201,0.808643,0.073327,0.539292,0.264461,0.590640,0.434270,0.132531,0.113830,0.195615,0.445591,-1.229546,0.940874,0.601557,-0.517126,-1.530474,0.826364,-0.720085,0.057835,0.658259,0.094300,-0.325239,-0.311895,0.127904,0.065411,65.499093,1.149475,-1.220914,0.309207,0.185538,0.965391,-0.953653,-1.070031,0.778242,0.125096,0.143785,0.300239,0.657440,0.566316,-0.609372,0.137873
0.144629,0.673740,0.795534,0.088919,0.413346,0.302885,-1.374688,0.184683,0.751843,0.206034,0.203393,0.229344,0.553918,0.496682,0.200694,0.180127,0.106070,0.271287,-1.540488,0.794621,0.015956,-0.330991,-1.649496,0.023047,-0.451248,-0.625095,0.708379,0.162787,0.312776,-0.329912,0.624419,0.274253,190.061008,1.385998,-1.403499,0.070871,0.132410,2.142896,-0.310054,0.501879,0.090860,0.125054,0.263768,0.123827,0.488472,0.788094,-0.254111,0.278701
0.813688,0.903609,2.928486,0.026819,0.364191,0.182796,-1.181710,0.255789,0.306787,0.037433,0.072361,0.224444,0.392571,-0.025397,0.090227,0.037000,0.018684,0.060683,-1.291890,0.732921,-0.003209,-0.007882,-1.623859,-0.192510,-0.042476,0.264416,0.794280,0.070203,-0.421840,-0.169338,0.054464,0.245778,900.537640,1.258648,-1.331293,0.024923,0.061673,1.900259,-0.310335,0.789057,0.030314,0.006018,0.201654,0.210668,0.157986,0.650859,0.250189,-0.190267
-0.463504,0.673506,0.864711,0.287972,0.449100,0.207248,-1.291567,0.716045,0.441919,0.091619,0.345537,0.262783,0.675772,0.519423,0.200740,0.109772,0.140302,0.128383,-1.294262,0.991449,0.114766,-0.085127,-1.827624,0.356820,-0.780591,-0.012771,0.740719,0.144189,-0.597891,-0.440253,0.169358,0.614042,351.786436,1.211836,-1.190023,0.151384,0.136878,0.956432,-0.928289,-0.977279,0.659061,0.120572,0.214253,0.276755,0.678675,0.748945,-0.599854,-0.014815
-0.463504,0.733584,0.163278,0.237699,0.329326,0.334296,-1.274868,0.462447,0.888650,0.082785,0.565178,0.253081,0.675772,0.519423,0.168409,0.147773,0.221362,0.147739,-1.368014,0.992412,0.577612,-0.580570,-1.282255,0.953022,-0.780591,-0.012771,0.755993,0.089895,-0.268018,-0.331577,0.169358,0.163762,58.414392,1.239463,-1.296398,0.354874,0.203178,1.075317,-0.928289,-1.075660,0.747228,0.149019,0.203457,0.320177,0.678675,0.545079,-0.599854,0.204314
0.027771,0.703016,0.771466,0.129406,0.438589,0.365946,-1.397435,0.192659,0.805418,0.246254,0.286132,0.331031,0.598885,0.518432,0.208585,0.209212,0.178013,0.209411,-1.430538,0.830572,0.040197,-0.572195,-2.005223,0.039218,-0.484689,-0.603519,0.664631,0.232045,0.352695,-0.355854,0.701788,0.317730,207.497694,1.262394,-1.340312,0.084486,0.178706,1.778901,-0.314684,0.509946,0.142979,0.164034,0.253389,0.094236,0.664460,0.859285,-0.305086,0.320847
0.602018,0.775872,2.797836,0.036027,0.369037,0.181470,-1.151862,0.285636,0.477254,0.033434,0.142547,0.194161,0.398893,-0.027441,0.144676,0.044496,0.014060,-0.333638,-1.013280,0.724113,0.000929,-0.028779,-1.619092,-0.145644,-0.082080,0.261284,0.824576,0.072189,-0.407961,-0.147458,0.072042,0.225100,866.342818,0.975466,-1.313685,0.012276,0.043039,1.624194,-0.314401,0.676036,0.037075,0.002575,0.213928,0.231745,0.111865,0.671964,0.217172,-0.185858
-0.497360,0.592353,0.647125,0.346107,0.456112,0.197280,-1.274593,0.712516,0.421101,0.107078,0.404926,0.255901,0.692202,0.500318,0.155250,0.140296,0.149078,0.010493,-1.206359,0.985662,0.000929,-0.062972,-1.515580,0.480842,-0.693828,-0.045601,0.603611,0.151341,-0.537262,-0.372401,0.179186,0.534150,263.127981,1.047489,-1.276612,0.122675,0.129260,1.018028,-0.927133,-1.082275,0.610148,0.108256,0.197847,0.252267,0.616785,0.766900,-0.615716,-0.028238
-0.497360,0.805015,0.170130,0.289535,0.362415,0.392282,-1.297091,0.496507,0.987710,0.111678,0.642418,0.353457,0.692202,0.500318,0.140004,0.190569,0.235374,0.175474,-1.372464,0.985662,0.635568,-0.712144,-1.188179,0.932955,-0.693828,-0.045601,0.772117,0.139243,-0.257259,-0.512496,0.194232,0.134874,65.477326,1.263258,-1.348779,0.393702,0.239687,1.066279,-0.927133,-1.189981,0.802975,0.153284,0.156109,0.337596,0.616785,0.660436,-0.615716,0.327682
0.103366,0.654129,0.895465,0.096952,0.428792,0.262946,-1.284256,0.222769,0.788186,0.245809,0.166780,0.310559,0.589001,0.453399,0.237139,0.272895,0.186759,0.085794,-1.376179,0.921427,0.037123,-0.596709,-1.704362,0.102557,-0.855901,-0.605723,0.666771,0.263028,0.252616,-0.518685,0.777306,0.339657,248.044372,1.323085,-1.314510,0.087214,0.153264,2.017115,-0.302967,0.474725,0.127186,0.148182,0.292547,0.126901,0.774086,0.902143,-0.374413,0.230937
0.673430,0.963602,3.239279,0.026399,0.361566,0.227628,-1.040583,0.229412,0.327820,0.037080,0.122016,0.252643,0.423846,-0.039254,0.119940,0.057950,0.013433,-0.149351,-0.898800,0.735718,0.002073,-0.064981,-1.223314,-0.140816,-0.087289,0.253600,0.794878,0.070172,-0.435786,-0.122288,0.067690,0.245931,1043.916514,0.950282,-1.092531,0.045925,0.048641,1.850913,-0.306215,0.723588,0.097882,0.003177,0.175308,0.208445,0.153414,0.678629,0.182708,-0.198511
-0.377788,0.658349,0.963923,0.309729,0.462459,0.212410,-0.789151,0.653509,0.276398,0.093586,0.319772,0.301600,0.666960,0.519331,0.179124,0.137596,0.149750,0.151766,-0.447588,0.945363,-0.018632,0.055671,-2.090746,0.275576,-0.709823,-0.028768,0.739389,0.169803,-0.663635,-0.293085,0.120877,0.553572,350.306419,0.392540,-1.265060,0.114083,0.118221,1.581749,-0.926806,-1.032778,0.644579,0.109209,0.199910,0.225595,0.777143,0.831988,-0.561301,-0.040641
-0.377788,0.688272,0.161878,0.249143,0.289704,0.376144,-1.297507,0.465238,0.798570,0.077292,0.584924,0.328564,0.602396,0.519331,0.114054,0.128285,0.194874,0.250678,-1.506244,0.945363,0.525831,-0.299164,-1.271360,0.756575,-0.709823,0.076678,0.656363,0.079072,-0.315318,-0.239907,0.120877,0.184707,63.854177,1.354488,-1.323934,0.307838,0.164027,0.989766,-0.926806,-1.051480,0.673008,0.115177,0.174393,0.315676,0.777143,0.646535,-0.561301,0.068883
0.066203,0.720912,1.069347,0.140470,0.409201,0.195358,-1.367524,0.171472,0.737154,0.234794,0.334091,0.246456,0.563511,0.517619,0.215338,0.233400,0.138811,0.143420,-1.525821,0.796251,0.020337,-0.737714,-1.983257,0.112689,-0.467924,-0.757583,0.767931,0.207201,0.284674,-0.281006,0.713575,0.365719,299.698792,1.348820,-1.476955,0.095204,0.185646,2.040786,-0.310856,0.487375,0.117512,0.154581,0.317937,0.118744,0.487431,0.946638,-0.240296,0.394829
0.620566,0.919686,2.589284,0.072266,0.356313,0.257735,-1.266373,0.237399,0.304147,0.031680,0.179223,0.249041,0.398750,-0.031020,0.130165,0.056888,0.025980,-0.130703,-1.370451,0.746614,0.014228,-0.014655,-1.720341,-0.160536,-0.056592,0.240406,0.837389,0.078975,-0.480816,-0.152347,0.061186,0.234418,836.948909,1.206659,-1.273911,0.032827,0.040337,1.920215,-0.325932,0.728839,0.071671,0.007809,0.195415,0.220652,0.181697,0.604830,0.098391,-0.194933
0.031506,0.664303,0.650408,0.373095,0.457965,0.377982,-1.113396,0.510393,0.443728,0.104901,0.463415,0.266920,0.655675,0.675688,0.182494,0.197246,0.211401,-0.270363,-0.900095,1.012515,0.005082,0.167203,-1.493951,0.990062,-1.096919,-0.041477,0.718370,0.193590,-0.710008,-0.233291,0.162675,0.630960,272.084217,0.770891,-1.243787,0.137856,0.139520,1.753639,-0.950406,-0.947190,0.646544,0.120858,0.221657,0.313051,0.964778,0.829924,-0.593571,-0.016474
0.031506,0.684671,0.174546,0.333867,0.291505,0.549138,-1.301017,0.322730,0.859435,0.092129,0.681824,0.452798,0.629735,0.675688,0.160882,0.260875,0.269713,0.125577,-1.372813,1.012515,0.525965,-0.521227,-1.180534,1.377891,-1.096919,-0.041477,0.778358,0.180143,-0.185161,-0.448274,0.162675,0.207916,70.640017,1.199605,-1.252515,0.326385,0.228359,1.063798,-0.950406,-0.953434,0.701451,0.150027,0.228620,0.263728,0.964778,0.568928,-0.593571,0.144855
0.015726,0.609712,2.004321,0.181813,0.419061,0.348217,-1.388712,0.246818,0.819475,0.123734,0.319999,0.402899,0.543867,0.234410,0.171810,0.135937,0.112670,0.147388,-1.525012,0.780224,0.063044,-0.343683,-1.786447,0.039387,-0.457598,-0.553694,0.612558,0.168407,0.297114,-0.221967,0.375478,0.357783,605.389684,1.164005,-1.513537,0.066935,0.164237,1.714271,-0.309682,0.487674,0.080023,0.084841,0.267324,0.122163,0.560969,0.713533,-0.134431,0.273120
0.805297,0.815285,2.851643,0.049639,0.349703,0.129897,-1.144238,0.194340,0.334129,0.034964,0.149913,0.220409,0.407127,-0.046615,0.093073,0.054765,0.023637,-0.765924,-1.025413,0.760285,0.010132,0.077100,-1.465792,0.013342,-0.129589,0.242903,0.762901,0.063014,-0.606084,-0.048810,0.056988,0.358012,898.789118,1.011722,-1.505464,0.036702,0.053665,1.384588,-0.299146,0.658616,0.065608,0.006960,0.161904,0.249613,0.252845,0.854445,0.171673,-0.177551
-1.176083,0.606617,1.132787,0.444205,0.465167,0.342324,-1.233646,0.922495,0.025160,0.086898,0.447237,0.454355,0.733252,0.275927,0.182411,0.176896,0.164382,0.011939,-1.072364,0.891337,0.127377,0.081876,-1.537848,0.164422,-0.583589,-0.102496,0.720743,0.165882,-0.883884,-0.408903,0.123046,0.606619,477.996784,0.809508,-1.555154,0.089813,0.098929,1.564815,-0.864948,-1.198339,0.573947,0.097586,0.372259,0.244577,0.910379,1.027464,-0.780671,-0.078529
-1.176083,0.825771,0.182382,0.360262,0.422307,0.308829,-1.391929,0.770233,1.008412,0.102738,0.682568,0.330377,0.733252,0.275927,0.143351,0.208051,0.234079,0.330432,-1.614392,0.997370,0.668959,-0.440790,-1.421629,1.053126,-0.583589,-0.102496,0.720743,0.115619,-0.727967,-0.408903,0.123046,0.350724,71.046003,1.375140,-1.237293,0.450417,0.182819,1.100168,-1.041170,-1.441789,0.729725,0.090510,0.249186,0.506880,0.910379,0.714143,-0.780671,0.214566
0.022316,0.694335,1.118654,0.165334,0.412887,0.285419,-1.480019,0.212937,0.818726,0.320930,0.329160,0.317627,0.628036,0.708934,0.225190,0.342117,0.232083,0.331525,-1.730452,0.859945,0.230951,-0.501836,-1.863060,0.219772,-0.751685,-0.949290,0.743071,0.279688,0.398528,-0.790225,0.976549,0.378930,318.460238,1.560406,-1.368043,0.161504,0.238203,1.890357,-0.390689,0.437402,0.155007,0.207764,0.351699,0.106292,0.831141,1.102171,-0.169642,0.286090
0.519682,0.905865,3.047021,0.035097,0.361219,0.210495,-1.051343,0.224044,0.437690,0.027924,0.075529,0.248751,0.414593,-0.042615,0.106925,0.044403,0.014635,-0.294615,-1.065218,0.735879,0.000908,0.037302,-1.250790,-0.160272,-0.086166,0.263143,0.690818,0.072752,-0.364240,-0.178418,0.070698,0.317781,915.748069,0.999697,-1.352958,0.021783,0.041075,1.799101,-0.306230,0.729691,0.069526,0.004310,0.143369,0.241067,0.244770,0.623293,0.235574,-0.182130
-0.332686,0.695553,0.973706,0.272094,0.473973,0.234032,-1.165469,0.590843,0.277957,0.079111,0.212458,0.219461,0.656216,0.433384,0.193664,0.158952,0.135953,0.192246,-1.059440,0.956273,-0.006419,-0.183224,-1.885876,-0.141501,-0.584278,0.020762,0.716119,0.194999,-0.548752,-0.404315,0.157149,0.572194,386.087858,0.889848,-1.458053,0.107234,0.088926,1.346731,-0.775470,-1.168067,0.677783,0.090338,0.252435,0.192749,0.909889,0.868286,-0.650722,-0.100974
-0.332686,0.770471,0.165465,0.284979,0.353124,0.375249,-1.245425,0.451937,0.894241,0.076831,0.600167,0.247662,0.656216,0.433384,0.112574,0.147615,0.197663,0.317668,-1.368963,0.990145,0.646869,-0.470287,-1.866435,0.684255,-0.584278,0.020762,0.697122,0.102062,-0.316117,-0.404315,0.157149,0.187577,67.021687,1.212725,-1.304946,0.371518,0.153498,1.003187,-0.900768,-1.278279,0.715138,0.104538,0.154036,0.368890,0.909889,0.555483,-0.650722,0.185787
-0.086057,0.722914,0.459187,0.111761,0.412856,0.247817,-1.340258,0.216744,0.905334,0.214550,0.242825,0.181422,0.583504,0.425822,0.221081,0.217534,0.198892,0.242971,-1.507417,0.843608,0.257732,-0.470287,-1.555010,0.156284,-0.753345,-0.869111,0.787124,0.188071,0.502375,-0.435990,0.692860,0.189291,150.449153,1.335162,-1.565647,0.147863,0.202430,1.946541,-0.402935,0.497759,0.192071,0.157701,0.272701,0.099163,0.628855,0.863072,-0.480643,0.297414
0.615796,0.758469,2.695364,0.031122,0.386143,0.315642,-1.105264,0.286703,0.549055,0.035317,0.128173,0.247483,0.437733,-0.025993,0.184092,0.033815,0.021853,0.230263,-0.957077,0.725702,-0.009654,-0.034808,-1.444199,-0.215437,-0.037391,0.256613,0.833330,0.056807,-0.444186,-0.221610,0.061269,0.293815,914.707888,1.012236,-1.354809,0.027801,0.045374,1.934623,-0.316055,0.583944,0.073401,0.006436,0.232984,0.283043,0.167685,0.685806,0.236243,-0.193228
-0.047151,0.672651,0.641035,0.264786,0.483274,0.287213,-1.236161,0.578783,0.319183,0.102163,0.319653,0.255758,0.734751,0.426763,0.210729,0.194536,0.166942,0.402838,-1.271706,1.022168,0.277280,-0.093753,-2.095899,-0.037183,-1.011683,-0.039058,0.783847,0.167020,-0.675124,-0.497401,0.125666,0.608748,301.610695,1.161917,-1.284698,0.107289,0.134443,1.695577,-0.762275,-1.437234,0.730089,0.117413,0.312913,0.262132,0.757329,0.817758,-0.619346,0.045388
-0.047151,0.986049,0.167104,0.229886,0.390141,0.430452,-1.238344,0.368103,0.868058,0.081698,0.612251,0.350054,0.734751,0.426763,0.155785,0.216737,0.235575,0.557983,-1.273127,1.093486,0.776339,-0.419145,-1.291127,0.721817,-1.011683,-0.050377,0.783847,0.090764,-0.383142,-0.260199,0.132183,0.167729,70.813177,1.162743,-1.324296,0.418199,0.191352,1.032229,-0.762275,-1.541610,0.825992,0.141651,0.176711,0.353666,0.757329,0.577479,-0.619346,0.340348
0.030868,0.791621,0.878870,0.139842,0.407066,0.207489,-1.495860,0.191802,0.709359,0.282667,0.319982,0.193524,0.616489,0.634476,0.193867,0.286840,0.225092,0.215022,-1.720910,0.858519,0.173032,-0.583299,-1.855367,0.203165,-0.643725,-0.484711,0.676098,0.206677,0.263852,-0.452481,0.816932,0.308270,265.005355,1.460204,-1.380751,0.157765,0.233045,1.312088,-0.421224,0.531047,0.154596,0.212843,0.290655,0.122521,0.707971,0.904079,-0.258251,0.340456
0.579038,0.964041,3.080814,0.031087,0.370538,0.197110,-1.132331,0.269285,0.332253,0.039484,0.150414,0.170695,0.398179,-0.021867,0.125050,0.066593,0.014980,-0.123008,-1.118576,0.732851,-0.006571,-0.022642,-1.629135,-0.120966,-0.056555,0.246501,0.767015,0.079953,-0.458474,-0.185202,0.058013,0.235352,898.649111,0.985527,-1.389964,0.027230,0.066962,1.740641,-0.315136,0.812695,0.052782,0.005057,0.253972,0.228388,0.132991,0.647283,0.235164,-0.172666
-0.241052,0.688594,0.763354,0.269561,0.460490,0.159283,-0.944276,0.589114,0.202163,0.078012,0.348789,0.242290,0.685212,0.538790,0.196828,0.120300,0.147615,0.066766,-0.679891,0.909851,-0.006571,-0.157492,-1.900585,0.132947,-0.705987,0.060524,0.735761,0.166970,-0.684273,-0.376730,0.125872,0.563673,315.072052,0.619406,-1.309425,0.128941,0.119996,1.536780,-0.800970,-0.949975,0.642219,0.107979,0.198645,0.226385,0.602982,0.847204,-0.553839,-0.024886
-0.241052,0.684419,0.166397,0.211501,0.370344,0.366808,-1.293066,0.430094,0.775900,0.102072,0.649700,0.229189,0.685212,0.538790,0.153748,0.149386,0.226584,0.121915,-1.343316,0.953979,0.692157,-0.549700,-1.174530,0.796802,-0.705987,0.060524,0.746938,0.099456,-0.473591,-0.300087,0.125872,0.203262,65.664947,1.205305,-1.215514,0.407765,0.211316,1.088233,-0.806251,-1.002840,0.715498,0.148709,0.217309,0.358534,0.602982,0.548715,-0.553839,0.257830
0.064943,0.710479,0.880553,0.157409,0.429899,0.313447,-1.306904,0.189846,0.720727,0.256143,0.370802,0.253217,0.597679,0.522046,0.221614,0.269552,0.189533,0.408387,-1.410375,0.849402,0.145952,-0.838640,-1.856589,0.158281,-0.430047,-0.606191,0.780746,0.235269,0.335692,-0.318368,0.723181,0.268443,256.001028,1.299837,-1.401449,0.125104,0.191810,2.347607,-0.377485,0.463711,0.186005,0.188267,0.271083,0.090473,0.545144,0.969779,-0.283305,0.257830
0.616294,0.849775,3.134292,0.032738,0.354596,0.310530,-1.255003,0.253222,0.462770,0.030430,0.118828,0.238969,0.386104,-0.026652,0.176397,0.066568,0.016687,0.115283,-1.083513,0.731227,-0.005149,-0.095160,-1.337761,-0.156802,-0.033476,0.233756,0.839050,0.087607,-0.433470,-0.317604,0.054263,0.249042,970.107685,1.019620,-1.292718,0.018636,0.049962,2.157258,-0.318760,0.638561,0.091474,0.004103,0.205917,0.252411,0.127034,0.681047,0.243968,-0.201009
-0.011676,0.720698,0.657350,0.271879,0.440691,0.196107,-1.322149,0.509520,0.480178,0.086426,0.350854,0.200412,0.685755,0.604201,0.197626,0.144739,0.162035,0.090695,-1.406706,0.912032,0.284404,-0.172389,-1.928654,0.354137,-0.844420,0.023443,0.708665,0.183800,-0.612144,-0.431942,0.142184,0.570469,269.222130,1.151980,-1.256086,0.183426,0.134428,0.569005,-0.805561,-1.107635,0.735557,0.113023,0.260623,0.306840,0.681868,0.791683,-0.649399,-0.012456
0.224648,0.741285,0.166171,0.120944,0.281744,0.343704,-1.160093,0.232762,0.923483,0.078273,0.445453,0.340409,0.360974,-0.012830,0.134885,0.114068,0.161754,0.434401,-1.098966,0.912032,0.664867,-0.570353,-1.300519,0.641086,-0.786865,0.027755,0.753115,0.169165,0.151010,-0.527461,0.142184,0.236848,62.508739,1.029883,-1.518588,0.279853,0.189106,1.088797,-0.828164,-1.128728,0.777678,0.050380,0.166941,0.184399,0.607422,0.982605,-0.649399,0.190717
-0.341712,0.423520,3.097158,0.136564,0.455233,0.346599,-1.206357,0.325563,1.186449,0.182076,0.297864,0.322955,0.753690,0.904652,0.235572,0.162797,0.151366,0.282223,-1.208176,0.859643,0.029082,-0.806550,-1.481440,0.006735,-0.911074,-1.090664,0.766601,0.321515,0.542204,-0.171390,0.880744,0.411495,866.325727,0.940051,-1.373848,0.139426,0.262646,2.124511,-0.332907,0.191271,0.164569,0.220231,0.443228,0.181308,0.749454,1.194030,-0.321834,0.567759
0.658797,0.816787,2.242931,0.049756,0.319383,0.159071,-1.425444,0.260846,0.508511,0.020617,0.102894,0.235094,0.394659,-0.028237,0.089336,0.061076,0.027416,-0.098253,-1.421465,0.740904,0.028414,-0.058422,-1.732496,-0.128474,-0.050616,0.217523,0.699665,0.093215,-0.591362,-0.216970,0.057486,0.389809,599.702233,1.210155,-1.324331,0.028453,0.053714,1.918298,-0.316775,0.654138,0.109273,0.003545,0.168242,0.342331,0.115094,0.862425,0.208348,-0.150578
0.047139,0.759265,1.989501,0.073577,0.319386,0.171877,-1.610615,0.124146,0.571558,0.117684,0.212353,0.157677,0.394580,0.178772,0.078401,0.125720,0.072637,0.141237,-1.711265,0.781240,0.133929,-0.289137,-1.493100,-0.066049,-0.223216,-0.354845,0.530805,0.109685,0.425058,-0.337376,0.371078,0.096597,718.382860,1.592387,-1.221673,0.049693,0.096524,1.942237,-0.308060,0.672020,0.047961,0.072322,0.131177,0.031644,0.273886,0.572926,-0.060857,0.157921
0.386730,0.857814,1.658096,0.007552,0.247038,0.032037,-1.089464,0.040511,0.421475,0.003530,0.015279,0.033650,0.253022,-0.046700,0.008457,0.017855,0.005710,-0.198860,-0.980272,0.713288,0.001323,0.001114,-1.190731,-0.199066,-0.011480,0.258465,0.442623,0.015493,0.372517,-0.192565,0.047918,0.011060,717.078458,0.983692,-1.324778,0.003652,0.008297,1.985609,-0.306419,0.836394,0.008047,0.000731,0.095798,0.011220,0.132025,0.124481,0.078128,-0.177823
0.526330,0.927643,2.162148,0.012294,0.256642,0.338014,-0.820299,0.046075,0.387041,0.006354,0.045231,0.150670,0.263280,-0.039503,0.018194,0.009972,0.004741,0.297574,-0.804710,0.713062,0.000477,-0.027464,-1.085662,-0.187795,-0.012287,0.264237,0.462659,0.013386,0.239636,-0.198539,0.050623,0.070838,725.952101,0.921678,-1.102952,0.005638,0.012153,1.813008,-0.306586,0.910452,0.008850,0.001330,0.083541,0.038249,0.113347,0.142135,0.084035,-0.199192
-0.233689,0.850889,0.619815,0.010997,0.242516,0.122346,-0.567297,0.011378,0.308067,0.009184,0.026354,0.247574,0.260437,-0.041305,0.030869,0.020670,0.007964,0.200795,-0.594672,0.728297,0.003403,-0.094508,-1.161725,-0.199461,-0.022233,0.211795,0.551414,0.058060,0.204497,-0.224712,0.049759,0.028310,189.799328,0.921089,-1.296368,0.011361,0.022752,1.633003,-0.309840,0.794863,0.030032,0.001535,0.051007,0.028671,0.124633,0.387795,0.031206,-0.060793
-0.475808,0.748408,0.227682,0.082742,0.249408,0.063031,-1.195202,0.091273,0.751944,0.032091,0.122401,0.196101,0.386160,-0.007667,0.057507,0.034833,0.042453,-0.015299,-1.214057,0.724337,0.022802,-0.025117,-1.082706,-0.079277,-0.211410,0.175441,0.708903,0.030372,0.140407,-0.271273,0.049577,0.106161,83.213251,1.039621,-1.355129,0.045442,0.040451,1.402604,-0.384271,0.395879,0.104920,0.020483,0.173057,0.173783,0.157138,0.675991,-0.231753,0.003269
-0.475808,0.348176,0.534459,0.185671,0.276720,0.246106,-1.333796,0.239387,1.122443,0.103006,0.394887,0.351549,0.408046,0.221206,0.116256,0.206049,0.235885,0.287637,-1.371112,0.811370,0.253791,-0.325424,-1.268524,0.102592,-0.353864,0.108300,0.711041,0.096173,0.494257,-0.491998,0.142243,0.280063,181.998268,1.156571,-1.658899,0.097875,0.064080,2.179311,-0.483433,0.060439,0.206609,0.083362,0.330385,0.203616,1.453354,0.757920,-0.270000,0.128131
-0.010402,0.574498,2.236646,0.118342,0.339468,0.179576,-0.932273,0.211733,0.817046,0.068710,0.359613,0.204113,0.403043,0.221206,0.123491,0.224046,0.203861,0.532524,-0.949131,0.846657,0.253791,-1.391433,-1.473130,0.102592,-0.086612,-0.344418,0.597243,0.328407,0.488092,-0.607377,0.135098,0.225598,692.235690,0.936105,-1.423134,0.026251,0.090267,1.769066,-0.483433,0.398258,0.094051,0.056044,0.242134,0.094856,1.453354,0.208457,-0.060861,0.128131
0.703406,0.843933,1.954250,0.019082,0.275221,0.239548,-1.255556,0.123109,0.514207,0.009376,0.061192,0.367609,0.354273,-0.035987,0.076063,0.025822,0.006934,0.019588,-1.402065,0.727667,0.019778,-0.042304,-1.360284,-0.140686,-0.030746,0.199683,0.511750,0.051145,-0.103767,-0.259233,0.053338,0.271384,590.867487,1.142525,-1.648697,0.035055,0.022890,1.632785,-0.311831,0.657770,0.123022,0.001877,0.080696,0.182443,0.114523,0.461689,0.208944,-0.193332
0.644636,0.740093,1.223714,0.175805,0.417145,0.305457,-1.312095,0.232661,0.509110,0.059794,0.347063,0.244860,0.648447,0.347441,0.112773,0.130760,0.075078,-0.237774,-1.251552,0.770412,0.029422,-0.042304,-1.653024,-0.085446,-0.784508,0.003294,0.555670,0.127048,-0.223371,-0.259233,0.111852,0.215552,439.440142,1.157306,-1.612708,0.149427,0.083329,2.139562,-0.307285,-0.516714,0.454083,0.050566,0.136034,0.193339,0.549822,0.473707,-0.528463,0.070455
0.640820,0.745595,0.853087,0.194392,0.410976,0.286550,-1.370961,0.304790,1.166309,0.074998,0.376309,0.157685,0.648447,0.368464,0.127748,0.179809,0.138338,-0.525828,-1.385126,0.899680,0.155653,-0.090444,-1.669366,0.792836,-0.972497,0.003294,0.572915,0.131143,-0.223371,-0.303529,0.130391,0.224868,297.055611,1.219193,-1.367845,0.189975,0.095406,1.971282,-0.630388,-1.044072,0.798148,0.070739,0.153987,0.426454,0.605677,0.473707,-0.624256,0.070455
0.610637,0.678505,0.158381,0.131814,0.381257,0.560086,-1.446321,0.207993,1.374768,0.083697,0.526775,0.304817,0.648447,0.368464,0.096552,0.234000,0.168419,0.132643,-1.546149,0.899680,0.410905,-0.097171,-1.376203,0.833368,-0.972497,0.050027,0.572915,0.129483,-0.082453,-0.324868,0.130391,0.098710,47.742320,1.329672,-1.262158,0.406908,0.088945,1.056504,-0.631562,-1.044072,0.417863,0.084120,0.130140,0.467802,0.605677,0.283880,-0.624256,-0.019101
-1.539967,0.708880,1.099231,0.284968,0.296291,0.597669,-1.381990,0.703725,1.374768,0.081620,0.676283,0.458618,0.408302,0.070652,0.089469,0.186947,0.155766,0.383270,-1.488842,0.899680,0.410905,-0.314257,-1.183511,0.833368,-0.930237,0.112682,0.572915,0.069582,0.634317,-0.324868,0.130391,0.167898,321.045898,1.232879,-1.367570,0.259095,0.126935,1.822711,-0.631562,-1.044072,0.612282,0.119102,0.088782,0.206510,0.567562,0.498674,-0.624256,0.245368
0.416863,0.676534,0.212230,0.089631,0.429760,0.283312,-1.261950,0.334368,1.078717,0.106878,0.337124,0.239021,0.699148,0.361467,0.234553,0.167178,0.101815,-0.118783,-1.431049,1.060194,0.674653,-0.371499,-1.318392,0.766311,-0.637085,0.009837,0.692622,0.126403,-0.586626,-0.435683,0.152496,0.522337,76.461796,1.296745,-1.567755,0.398297,0.162200,0.419185,-0.770289,-0.983773,0.720260,0.082206,0.306469,0.638493,0.494544,0.570371,-0.528108,0.054663
0.221814,1.224108,1.690347,0.043942,0.257391,0.174878,-0.930329,0.092891,0.247236,0.017057,0.103414,0.208783,0.314142,-0.035089,0.068647,0.044729,0.016752,0.883980,-1.028011,0.786553,0.015088,-0.606670,-1.160330,-0.037979,-0.017188,0.189096,0.536947,0.097902,-0.103712,-0.490656,0.052230,0.123202,646.403087,1.212576,-1.225801,0.031197,0.063927,1.590110,-0.312010,1.047252,0.071891,0.004018,0.220076,0.106523,0.154259,0.047149,0.068232,-0.198107
0.481072,1.273841,0.560917,0.006235,0.248336,0.059570,-0.784690,0.021995,-0.109500,0.004128,0.016529,0.106302,0.256585,-0.038439,0.028837,0.024186,0.002853,-0.352164,-0.839155,0.712131,-0.006441,0.069274,-1.097892,-0.277660,-0.014812,0.286863,0.488656,0.030883,-0.265645,-0.214630,0.051609,0.020766,165.835823,1.110086,-1.156066,0.005539,0.009369,2.103109,-0.302541,1.218528,0.033491,0.000703,0.080752,0.044180,0.103040,0.185759,0.064022,-0.323891
0.463494,1.191570,0.359070,0.003785,0.245002,0.122828,-0.791826,0.022014,-0.229107,0.004320,0.014897,0.188878,0.256232,-0.039558,0.024462,0.007647,0.001991,-0.107977,-0.823378,0.710820,-0.006158,0.000842,-1.012457,-0.237024,-0.010728,0.283186,0.470418,0.020704,-0.282849,-0.251170,0.052275,0.041718,94.209146,1.059388,-1.016277,0.004901,0.016222,1.999716,-0.302879,1.164606,0.015236,0.000726,0.049167,0.012582,0.107453,0.249665,0.085321,-0.300861
0.493254,0.800534,1.346309,0.106399,0.359493,0.202160,-1.236972,0.216579,1.009556,0.091319,0.187798,0.203355,0.643698,0.244413,0.036613,0.074538,0.092827,0.108119,-1.355373,0.881722,0.183236,-0.133659,-1.438641,0.442762,-0.379088,-0.246435,0.531315,0.053504,-0.270644,-0.297183,0.245155,0.064523,432.913071,1.220159,-1.304920,0.182019,0.169335,2.139173,-0.538094,-0.570065,0.676109,0.064115,0.093754,0.435046,0.399262,0.710461,-0.977577,0.249724
0.015929,0.431643,0.169172,0.143570,0.355431,0.320414,-1.274198,0.291697,1.143189,0.219126,0.377816,0.274515,0.643698,0.426684,0.061992,0.109619,0.200086,0.293922,-1.411721,0.881722,0.560973,-0.427328,-1.514690,0.585218,-0.379088,-0.631004,0.597914,0.182378,0.026602,-0.500856,0.597905,0.138949,64.103470,1.241227,-1.278041,0.383172,0.199621,1.032534,-0.614111,-0.570065,0.478799,0.159168,0.149110,0.280417,0.936215,0.816181,-0.977577,0.255897
-0.044281,0.515754,0.745007,0.128926,0.420083,0.226341,-1.169606,0.218928,0.967531,0.186989,0.298592,0.164854,0.632531,0.426684,0.224265,0.148776,0.157569,0.192171,-1.279464,0.876451,0.022605,-0.835565,-1.670581,-0.005205,-0.330140,-0.631004,0.814057,0.189799,0.355214,-0.301360,0.597905,0.367462,195.887114,1.068045,-1.342286,0.092379,0.154520,1.885073,-0.318430,0.252873,0.146081,0.136426,0.232879,0.153193,0.936215,0.816181,-0.357510,0.148204
0.536162,0.836910,3.197469,0.061271,0.381092,0.317036,-1.259302,0.289979,0.576241,0.031905,0.189388,0.289579,0.471881,-0.006692,0.191697,0.052910,0.032400,-0.013315,-1.406229,0.734515,0.019478,-0.110822,-1.937574,-0.081708,-0.051034,0.225700,0.779046,0.061501,-0.487120,-0.226065,0.068740,0.299508,877.394645,1.192885,-1.374257,0.057473,0.054295,1.843930,-0.319615,0.520047,0.143543,0.007688,0.154924,0.309479,0.142321,0.749671,0.276020,-0.159657
-0.282169,0.665736,0.903178,0.203443,0.473121,0.201598,-1.141585,0.619306,0.213266,0.086861,0.336123,0.220694,0.652381,0.405477,0.205767,0.119291,0.157079,0.156451,-1.139194,0.963326,0.145316,-0.337568,-1.586665,-0.051275,-0.668694,-0.098833,0.793155,0.162555,-0.671705,-0.418745,0.134789,0.465805,338.601166,0.981107,-1.279431,0.118518,0.134834,1.260541,-0.785648,-0.983714,0.638885,0.101719,0.265315,0.235821,0.703432,0.947833,-0.541661,0.049136
-0.282169,0.703087,0.167145,0.202735,0.348250,0.309985,-1.188618,0.403974,0.723000,0.090527,0.461297,0.205147,0.649464,0.405477,0.102617,0.129627,0.218030,0.230366,-1.289648,1.003706,0.561166,-0.387423,-1.404627,0.909135,-0.668694,0.070403,0.698088,0.104550,-0.381824,-0.361998,0.134789,0.137581,69.420265,1.164049,-1.313302,0.375048,0.214797,1.034918,-0.916485,-0.992723,0.749828,0.134574,0.104350,0.307818,0.703432,0.703185,-0.541661,0.154807
0.083241,0.674946,0.589112,0.118738,0.416464,0.339525,-1.289181,0.185670,0.668796,0.225440,0.259474,0.241864,0.579731,0.436344,0.166203,0.185547,0.136339,0.245949,-1.549663,0.773993,0.007316,-0.396215,-1.821038,0.002237,-0.378653,-0.816624,0.646206,0.180414,0.326285,-0.320698,0.662426,0.280538,154.183582,1.413549,-1.284937,0.073018,0.153131,1.801961,-0.324211,0.512490,0.082315,0.125305,0.258568,0.085747,0.583607,0.961892,-0.265863,0.180152
0.703324,0.868781,2.844210,0.044749,0.349995,0.248498,-0.955007,0.214412,0.343018,0.023059,0.127720,0.246895,0.391676,-0.029051,0.083991,0.049162,0.014620,0.138792,-0.869726,0.728015,-0.007113,-0.056657,-1.509300,-0.181992,-0.051067,0.249763,0.746590,0.068884,-0.389488,-0.219679,0.053702,0.255034,817.848423,0.885596,-1.353860,0.021851,0.039931,1.613968,-0.324211,0.675246,0.087960,0.004152,0.171185,0.222213,0.149996,0.648310,0.242842,-0.241252
-0.043994,0.703410,0.541727,0.278757,0.446534,0.177697,-1.250135,0.556132,0.422203,0.082900,0.318299,0.218798,0.667140,0.496812,0.184715,0.131283,0.166712,0.107708,-1.194687,0.949673,0.270987,-0.150862,-1.831368,0.259735,-0.804450,0.073576,0.662080,0.136350,-0.501581,-0.420425,0.137531,0.546946,243.836764,1.041021,-1.321593,0.147277,0.123206,1.549044,-0.799143,-0.993094,0.695652,0.110499,0.252123,0.254774,0.751974,0.698070,-0.601839,-0.044148
-0.043994,0.730519,0.157124,0.247900,0.309472,0.274996,-1.330760,0.350247,0.801162,0.089056,0.583731,0.196334,0.667140,0.496812,0.154271,0.144037,0.217671,0.109411,-1.484376,0.949673,0.556152,-0.648089,-1.525097,0.659189,-0.804450,0.072983,0.760821,0.083796,-0.133961,-0.258375,0.137531,0.134954,59.119160,1.348240,-1.263275,0.335739,0.179545,1.052328,-0.799143,-1.015446,0.741702,0.151476,0.203849,0.246384,0.751974,0.652804,-0.601839,0.146358
-0.123629,0.779160,1.060812,0.121195,0.400918,0.344222,-1.329438,0.202707,0.724640,0.229064,0.264287,0.168452,0.570261,0.588858,0.210823,0.170669,0.149795,0.132195,-1.524740,0.798763,0.195915,-0.618333,-1.812496,0.056023,-0.386375,-0.320901,0.699445,0.210914,0.213468,-0.416262,0.630370,0.324675,302.092094,1.336140,-1.366698,0.095118,0.173663,1.742353,-0.311678,0.564103,0.121568,0.178820,0.284354,0.130938,0.538398,0.955696,-0.119621,0.144834
0.573144,1.083686,2.630944,0.047936,0.370955,0.268312,-1.311430,0.291811,0.297657,0.041128,0.106409,0.196852,0.436275,-0.027218,0.174708,0.035617,0.025202,0.003002,-1.386996,0.749589,0.017516,-0.047307,-1.423044,-0.143464,-0.049346,0.228971,0.891388,0.046633,-0.490149,-0.223358,0.056763,0.198077,768.061682,1.226657,-1.376255,0.054669,0.056030,2.085146,-0.319125,0.898335,0.074779,0.007376,0.263529,0.209360,0.152834,0.675077,0.227513,-0.196541
-0.181353,0.732036,0.927592,0.310889,0.467676,0.255397,-1.312065,0.601635,0.516250,0.105625,0.397947,0.216151,0.685608,0.641183,0.232529,0.133817,0.160829,0.068840,-1.525741,0.972864,0.291812,-0.159906,-1.806747,0.356069,-0.728294,0.030745,0.774165,0.161043,-0.600390,-0.447598,0.178869,0.618433,306.117977,1.283694,-1.223664,0.155797,0.135680,1.810271,-0.852094,-1.082053,0.739965,0.123383,0.236475,0.318409,0.681789,0.766153,-0.602332,-0.052241
-0.181353,0.781056,0.163433,0.267551,0.331180,0.390242,-1.335530,0.341141,0.996283,0.089117,0.612808,0.240684,0.657213,0.641183,0.162472,0.137273,0.211089,0.199319,-1.542155,0.972864,0.641937,-0.470285,-1.357744,0.730289,-0.728294,0.045648,0.759997,0.118531,-0.114997,-0.270366,0.178869,0.144105,66.903840,1.350668,-1.255932,0.357416,0.203857,1.050195,-0.852094,-1.104460,0.797396,0.144606,0.142090,0.276225,0.681789,0.694922,-0.602332,0.152567
-0.083832,0.663571,0.970445,0.092995,0.428368,0.322001,-1.235108,0.233245,0.821067,0.164545,0.233034,0.205780,0.597086,0.567547,0.206844,0.178204,0.125264,0.197361,-1.320586,0.780219,0.026653,-0.474231,-1.818684,0.004383,-0.580556,-0.870918,0.664274,0.247192,0.262307,-0.360468,0.582202,0.356232,271.920745,1.227053,-1.405303,0.088310,0.172986,1.630874,-0.320253,0.490806,0.106946,0.139134,0.293828,0.135271,0.692684,0.940024,-0.409159,0.352768
0.663122,0.852373,2.694555,0.019770,0.362191,0.243759,-1.074952,0.284103,0.299697,0.037748,0.038828,0.270795,0.391047,-0.028462,0.075375,0.028144,0.011054,0.155464,-1.208666,0.730207,0.026653,0.016074,-1.216714,-0.161591,-0.051593,0.253019,0.751411,0.052584,-0.392869,-0.157757,0.054174,0.264686,784.476284,1.140798,-1.262588,0.025410,0.058084,1.898525,-0.308900,0.732469,0.029949,0.004414,0.239850,0.219634,0.144857,0.768071,0.247145,-0.196788
-0.239878,0.645297,0.880252,0.258547,0.436182,0.168383,-1.059206,0.661029,0.472992,0.092531,0.294289,0.260617,0.649673,0.534236,0.187081,0.120334,0.146268,0.218603,-0.948673,0.966811,0.206864,-0.149134,-1.519308,0.284573,-0.769271,0.029542,0.666461,0.125121,-0.581394,-0.499682,0.140730,0.574638,306.802721,0.895255,-1.170874,0.158464,0.136014,1.309339,-0.818224,-0.962898,0.649910,0.108557,0.219675,0.281890,0.689485,0.769228,-0.599141,-0.027923
-0.239878,0.750317,0.166496,0.224757,0.348747,0.291398,-1.222771,0.379615,0.873549,0.098253,0.533960,0.199547,0.628379,0.534236,0.143376,0.146166,0.225290,0.218603,-1.334055,0.966811,0.607455,-0.531047,-1.372582,0.777206,-0.769271,0.029542,0.709925,0.119375,-0.114859,-0.295704,0.140730,0.078946,65.866599,1.205423,-1.262061,0.377764,0.208031,1.095402,-0.818224,-0.975032,0.788275,0.146783,0.158613,0.265370,0.689485,0.667974,-0.599141,0.227792
-0.052535,0.705069,0.558545,0.114837,0.425872,0.341592,-1.272247,0.221205,0.810839,0.211480,0.276464,0.237342,0.596246,0.549089,0.212647,0.155950,0.137675,0.237563,-1.285031,0.804407,0.006798,-0.583274,-1.719534,0.050052,-0.438869,-0.537645,0.704924,0.232162,0.335273,-0.514158,0.706976,0.296050,162.101916,1.214280,-1.380002,0.084465,0.178442,1.709340,-0.319064,0.493699,0.108778,0.146308,0.244930,0.125163,0.520310,0.906096,-0.532703,0.406302
0.640991,0.771758,2.709707,0.035850,0.375139,0.230227,-1.002543,0.297719,0.382627,0.039315,0.139967,0.198275,0.393778,0.004921,0.091734,0.046716,0.013651,0.049208,-0.691739,0.724168,0.004638,-0.011584,-1.790751,-0.126375,-0.027162,0.132130,0.755615,0.067359,-0.376421,-0.174632,0.091213,0.188985,884.712952,0.709846,-1.378454,0.013354,0.056208,1.842885,-0.318823,0.746148,0.012055,0.006175,0.193798,0.215841,0.101909,0.700836,0.210976,-0.184771
-0.117538,0.585540,0.674145,0.268369,0.448256,0.166381,-1.336288,0.647771,0.405877,0.072586,0.313531,0.171018,0.657412,0.464177,0.164188,0.157984,0.137124,0.119302,-1.266646,0.913587,0.028094,-0.148720,-1.582690,0.310458,-0.740357,0.030863,0.682882,0.136608,-0.510789,-0.313924,0.103742,0.492958,280.651653,1.253427,-1.420409,0.119040,0.098229,1.642629,-0.716815,-0.991268,0.583433,0.090938,0.227354,0.226862,0.684136,0.708074,-0.620572,-0.081486
-0.117538,0.737150,0.161561,0.236706,0.374522,0.311163,-1.149599,0.369640,0.940229,0.131521,0.543815,0.284946,0.657412,0.464177,0.105620,0.194756,0.240602,0.176057,-0.976911,0.925286,0.575569,-0.416654,-1.359077,0.828427,-0.740357,-0.019131,0.656943,0.115962,-0.260295,-0.489716,0.106982,0.081526,58.955861,0.877661,-1.420170,0.412997,0.222110,1.012657,-0.788125,-1.057685,0.754122,0.160039,0.138899,0.339806,0.684136,0.708191,-0.620572,0.331266
0.047010,0.721716,0.694915,0.111284,0.422092,0.394605,-1.243857,0.192245,0.734678,0.257369,0.253416,0.333862,0.620722,0.708550,0.196933,0.252093,0.189377,0.185686,-1.279957,0.919962,0.068206,-0.330055,-1.898716,0.163408,-0.637644,-0.274703,0.685539,0.193656,0.299179,-0.497078,0.901816,0.291624,201.562080,1.183184,-1.471180,0.086043,0.150897,0.580331,-0.314024,0.532762,0.114903,0.186401,0.235729,0.115128,0.771163,0.906061,-0.201353,0.233044
0.614274,0.860591,3.031299,0.028583,0.360839,0.212628,-1.246716,0.274021,0.354077,0.032386,0.119988,0.186309,0.394804,-0.030110,0.081451,0.035069,0.008159,-0.123035,-1.210666,0.721997,0.003672,0.061683,-1.544715,-0.175512,-0.023045,0.268040,0.727047,0.063644,-0.382681,-0.143718,0.052567,0.255987,848.957439,1.193226,-1.406952,0.018921,0.046756,2.067862,-0.315190,0.747643,0.035359,0.003161,0.216431,0.230730,0.125413,0.572577,0.211711,-0.188006
-0.119715,0.683066,0.788073,0.260754,0.453005,0.294809,-1.092188,0.608412,0.498934,0.087833,0.313649,0.192153,0.680702,0.468754,0.223203,0.151701,0.152078,-0.091487,-1.085701,0.937443,0.025655,-0.122360,-1.785692,0.411962,-0.905170,-0.000353,0.737519,0.158707,-0.549907,-0.356298,0.120847,0.564778,282.219790,1.105983,-1.353665,0.141973,0.132057,1.458806,-0.857327,-1.051569,0.672563,0.105747,0.218748,0.274068,0.635139,0.693892,-0.638582,0.005518
-0.119715,0.764738,0.166191,0.233974,0.353046,0.527466,-1.283105,0.369898,0.980710,0.110158,0.565493,0.354516,0.677476,0.468754,0.136918,0.191226,0.236944,0.256225,-1.427120,0.937443,0.581052,-0.493935,-1.410094,0.905074,-0.905170,0.018063,0.664072,0.112685,-0.190802,-0.373682,0.120847,0.104592,64.661816,1.277860,-1.458284,0.390019,0.208249,1.198135,-0.857327,-1.085267,0.777085,0.151895,0.166567,0.320278,0.635139,0.588159,-0.638582,0.236169
0.020512,0.686925,0.755768,0.130441,0.435393,0.340330,-1.348391,0.214731,0.728639,0.266736,0.320461,0.283851,0.601646,0.681060,0.272785,0.266430,0.185966,0.244759,-1.408428,0.841477,0.067445,-0.701336,-1.903962,0.060212,-0.488349,-0.533128,0.844793,0.245233,0.232107,-0.470331,0.811582,0.311088,228.310545,1.248462,-1.424754,0.074871,0.157768,2.075122,-0.318566,0.447069,0.119985,0.192376,0.293362,0.129503,0.616247,0.774738,-0.267721,0.132470
0.740883,0.803200,2.101784,0.029665,0.369983,0.185771,-1.061040,0.305545,0.290051,0.039815,0.143508,0.226223,0.402067,-0.035473,0.063172,0.031122,0.007173,-0.029277,-1.098135,0.731831,0.001525,-0.045792,-1.393207,-0.168289,-0.030767,0.268310,0.739875,0.071366,-0.431424,-0.118629,0.052852,0.231377,679.969572,1.129122,-1.379437,0.021352,0.058700,1.755561,-0.310454,0.710603,0.040728,0.002297,0.153979,0.208920,0.116889,0.607304,0.251573,-0.209581
-0.258558,0.583449,0.513978,0.319875,0.450330,0.212397,-1.325030,0.699409,0.216946,0.087921,0.353821,0.255667,0.655230,0.457667,0.166634,0.122523,0.151170,0.248530,-1.169742,0.932974,0.001525,-0.009089,-1.836071,0.347497,-0.850300,0.049138,0.696313,0.144751,-0.629854,-0.308477,0.127461,0.653322,207.641744,1.125171,-1.314812,0.120744,0.105076,2.039647,-0.916807,-1.030300,0.597755,0.104688,0.190530,0.218028,0.674209,0.709431,-0.561303,-0.101576
-0.258558,0.755871,0.163704,0.275997,0.348458,0.309784,-1.210023,0.410559,0.830341,0.113502,0.578219,0.235155,0.628248,0.457667,0.150795,0.150700,0.254041,0.087828,-1.227699,0.932974,0.654325,-0.550379,-1.305736,1.004893,-0.850300,0.015205,0.757738,0.113659,-0.356081,-0.437584,0.127461,0.130351,61.924123,1.038819,-1.287102,0.377416,0.204751,1.161222,-0.916807,-1.063214,0.772106,0.151645,0.159774,0.334248,0.674209,0.594127,-0.561303,0.232799
0.014574,0.734622,1.086500,0.097709,0.401394,0.416475,-1.431506,0.234552,0.693584,0.177330,0.154867,0.306053,0.549886,0.525305,0.241895,0.215541,0.141977,0.005247,-1.593108,0.782112,0.055821,-0.427299,-2.048254,0.037787,-0.839690,-0.556556,0.747044,0.211787,0.193688,-0.437584,0.512278,0.335383,327.072364,1.331964,-1.336757,0.076877,0.118462,1.903935,-0.309092,0.541358,0.098080,0.136572,0.332720,0.139309,0.746415,0.857436,-0.311344,0.083579
0.694983,0.934868,2.745383,0.057441,0.358083,0.184364,-1.177956,0.236521,0.223946,0.033843,0.109284,0.157776,0.392235,-0.040230,0.079258,0.040129,0.016419,-0.449376,-1.239438,0.734379,-0.004310,0.073706,-1.496836,-0.152881,-0.094859,0.243709,0.753676,0.077358,-0.419575,-0.125130,0.068782,0.255760,902.905381,1.213577,-1.384663,0.019989,0.050929,1.913932,-0.311599,0.868407,0.031995,0.005635,0.182536,0.187025,0.195355,0.640174,0.209041,-0.167057
-0.150275,0.696859,0.566663,0.357970,0.456448,0.237137,-1.112256,0.571208,0.348908,0.073706,0.399541,0.223771,0.671102,0.438698,0.179818,0.185195,0.148216,-0.261634,-1.181429,0.959175,0.114982,-0.014646,-1.934143,0.327203,-0.822789,-0.000215,0.647944,0.202634,-0.632451,-0.310752,0.124172,0.638381,226.970492,1.131416,-1.438099,0.134700,0.112207,2.181514,-0.808851,-1.249851,0.726976,0.100658,0.212989,0.243382,0.731937,0.733020,-0.654568,-0.051544
-0.150275,0.784206,0.165319,0.195192,0.288084,0.285206,-1.191635,0.337238,0.860128,0.062531,0.508994,0.251108,0.557335,0.373601,0.124270,0.102439,0.197785,0.137391,-1.337023,0.959175,0.547878,-0.190388,-1.297521,0.730024,-0.822789,0.050440,0.708901,0.117577,-0.043324,-0.366467,0.124172,0.143776,69.305660,1.171336,-1.461925,0.291919,0.192459,1.119649,-0.839956,-1.253332,0.791641,0.079743,0.154596,0.240831,0.731937,0.610686,-0.654568,0.159512
0.039494,0.636296,0.816742,0.102431,0.395891,0.478242,-1.389635,0.224770,0.721026,0.127818,0.218117,0.381332,0.505573,0.458265,0.220868,0.153180,0.072150,0.245635,-1.384739,0.795267,0.017067,-0.281176,-2.270431,-0.036136,-0.585395,-0.679599,0.711368,0.123091,0.235596,-0.167395,0.385608,0.433537,239.832434,1.189976,-1.425163,0.054029,0.112896,1.945263,-0.311697,0.521425,0.049637,0.102821,0.389734,0.127612,0.472602,0.889512,-0.064781,0.151601
0.759857,0.808955,2.672025,0.049081,0.333041,0.175369,-1.060784,0.251571,0.178406,0.032967,0.184784,0.235331,0.373822,-0.043429,0.057358,0.080229,0.027053,-0.638330,-0.829431,0.802931,0.034413,0.133631,-1.560900,0.050417,-0.137720,0.268342,0.658715,0.076753,-0.545144,-0.057028,0.062342,0.337746,816.701350,0.878743,-1.370606,0.015832,0.043466,1.969591,-0.311136,0.678246,0.050376,0.005922,0.214402,0.218394,0.264723,0.813455,0.145968,-0.223476
-1.046178,0.609719,0.887009,0.475279,0.453532,0.354227,-1.258314,0.927799,0.089087,0.079217,0.424656,0.419519,0.653861,0.196815,0.189654,0.164140,0.176474,-0.032379,-1.098917,0.872866,0.257730,0.091768,-1.542181,0.347560,-0.453788,-0.040310,0.682020,0.164335,-0.817161,-0.268988,0.130242,0.662428,355.795713,0.981982,-1.372987,0.094208,0.088852,0.857697,-0.804880,-1.155725,0.583120,0.090353,0.235541,0.233009,0.797390,1.236705,-0.757777,-0.148238
-1.046178,0.901629,0.175529,0.356481,0.384468,0.448658,-1.247827,0.663659,1.150549,0.088209,0.688023,0.298452,0.624222,0.196815,0.114163,0.148645,0.236982,0.380969,-1.387748,0.986201,0.605137,-0.374339,-1.208943,0.745607,-0.453788,-0.040310,0.697169,0.126578,-0.338960,-0.412790,0.130242,0.303462,68.416074,1.315082,-1.257198,0.392220,0.183117,1.131832,-1.000389,-1.501599,0.767770,0.076656,0.139559,0.435494,0.797390,0.605030,-0.757777,0.173678
-0.125992,0.580431,1.105608,0.123628,0.420016,0.283229,-1.429834,0.263831,0.934904,0.170565,0.264086,0.259885,0.583176,0.558579,0.220586,0.222299,0.151934,0.261143,-1.553235,0.836147,0.069806,-0.384286,-1.415196,-0.053291,-0.903326,-0.933273,0.733576,0.241116,0.462913,-0.572968,0.607889,0.302750,336.056644,1.363659,-1.443069,0.090298,0.166851,1.724604,-0.355134,0.392325,0.133282,0.153995,0.813517,0.120549,0.913875,0.944474,-0.349289,0.175724
0.705451,0.918247,2.803813,0.032489,0.342622,0.145372,-1.252944,0.243660,0.427122,0.028388,0.065318,0.168786,0.412755,-0.049888,0.079165,0.032711,0.012252,-0.370592,-1.343971,0.727025,0.004567,-0.011033,-1.869036,-0.174740,-0.059234,0.258084,0.705511,0.064027,-0.388481,-0.181466,0.056965,0.329684,855.714199,1.354416,-1.433360,0.039591,0.040277,1.643055,-0.308446,0.624679,0.092862,0.003394,0.177246,0.217835,0.216239,0.680972,0.168008,-0.221324
-0.217473,0.681158,0.925834,0.270742,0.477916,0.152257,-1.116514,0.616876,0.241737,0.080500,0.199300,0.225873,0.679129,0.319867,0.209374,0.132329,0.130777,-0.098880,-1.105797,0.950784,-0.022560,-0.276056,-2.026737,-0.142805,-0.629264,-0.022497,0.775972,0.179394,-0.549218,-0.407882,0.150476,0.592744,341.630430,1.087798,-1.516476,0.108938,0.124034,1.545066,-0.816892,-1.210838,0.661470,0.087436,0.283977,0.210134,0.808759,0.845303,-0.681505,-0.007110
-0.217473,0.787289,0.161271,0.273046,0.370844,0.459770,-1.116032,0.424630,0.933888,0.083653,0.437407,0.239794,0.679129,0.319867,0.147732,0.129689,0.188523,0.263963,-1.181103,0.975388,0.594692,-0.427932,-1.768261,0.809029,-0.629264,-0.022497,0.755190,0.110554,-0.335165,-0.348036,0.150476,0.230149,60.853712,1.164978,-1.316268,0.397949,0.179367,0.965887,-0.903015,-1.310094,0.723231,0.109561,0.164133,0.381615,0.808759,0.476115,-0.681505,0.256293
0.039891,0.667822,0.408464,0.130668,0.424090,0.415590,-1.420499,0.208215,0.911793,0.249655,0.258360,0.213011,0.596108,0.451789,0.221953,0.173930,0.193597,0.220860,-1.401517,0.847243,0.307816,-0.484843,-1.563259,0.180714,-0.579748,-0.577935,0.695781,0.190260,0.497402,-0.397515,0.866806,0.287907,118.168915,1.318767,-1.388917,0.138578,0.212636,1.287178,-0.391386,0.464924,0.189699,0.159098,0.286917,0.110641,0.645689,0.859940,-0.275211,0.338364
0.569104,0.742742,2.861267,0.027268,0.362404,0.367301,-1.250300,0.292833,0.538819,0.028782,0.117323,0.274569,0.394285,-0.031662,0.214281,0.037617,0.013955,0.071996,-1.051899,0.720861,-0.007241,-0.011061,-1.550487,-0.189609,-0.026765,0.265564,0.864365,0.073990,-0.406305,-0.203118,0.052452,0.216646,847.319316,0.940699,-1.509472,0.011283,0.045943,1.975363,-0.316905,0.567350,0.084106,0.003254,0.193778,0.270551,0.111214,0.538702,0.271794,-0.187194
-0.044538,0.732804,1.226080,0.160487,0.482269,0.272400,-1.236132,0.595822,0.333436,0.099212,0.294391,0.310464,0.722354,0.560647,0.287634,0.138528,0.119199,0.349731,-1.401515,1.022852,0.076976,-0.163212,-1.430063,0.113875,-0.663026,-0.125765,0.842591,0.150884,-0.725075,-0.431920,0.107144,0.537327,470.718130,1.255203,-1.597199,0.135846,0.161153,1.505979,-0.620364,-1.287160,0.734822,0.087158,0.342775,0.277652,0.571136,0.920949,-0.618596,0.211391
-0.044538,0.872640,0.156845,0.099113,0.371786,0.394775,-1.285817,0.364685,0.830011,0.086867,0.469713,0.290127,0.719169,0.560647,0.147784,0.119092,0.174963,0.361713,-1.471016,1.051071,0.686526,-0.473634,-1.616395,0.876345,-0.663026,-0.014166,0.766402,0.062861,-0.281818,-0.153051,0.141445,0.091182,59.823713,1.338195,-1.321313,0.404543,0.200480,1.048763,-0.757501,-1.348164,0.791858,0.128474,0.206192,0.314903,0.571136,0.510142,-0.618596,0.293703
-0.007277,0.762919,1.426890,0.174654,0.415768,0.218568,-1.355391,0.207902,0.714401,0.290323,0.396590,0.255047,0.637590,0.713573,0.180861,0.270793,0.237765,0.335867,-1.467521,0.894205,0.220524,-0.865450,-1.799742,0.148036,-0.364081,-0.407441,0.704360,0.234596,0.258616,-0.375395,0.876135,0.291676,389.306774,1.338422,-1.409010,0.130308,0.204885,2.308333,-0.372122,0.526285,0.150896,0.217552,0.259081,0.125155,0.825986,0.883308,-0.278619,0.293703
0.622194,0.900482,2.829191,0.033456,0.375321,0.183456,-0.931222,0.252237,0.308594,0.036161,0.132088,0.193024,0.399515,-0.035932,0.109985,0.052435,0.015934,-0.033538,-0.851677,0.731082,-0.003573,-0.060419,-1.361940,-0.176194,-0.047019,0.255886,0.789288,0.084649,-0.467654,-0.246465,0.055630,0.240633,872.197670,0.902655,-1.294291,0.020114,0.053073,1.386334,-0.322020,0.785820,0.055184,0.004786,0.152552,0.221838,0.161921,0.578623,0.265337,-0.186750
-0.395107,0.640225,0.610646,0.265684,0.460565,0.239659,-1.224772,0.661524,0.318185,0.080367,0.297509,0.268285,0.671408,0.539113,0.149178,0.129364,0.169166,0.217085,-1.140119,0.931019,-0.022394,-0.123326,-1.762156,0.172149,-0.802419,0.037706,0.583672,0.146618,-0.657962,-0.387216,0.122281,0.568356,254.626485,1.018698,-1.188931,0.122136,0.098886,1.569500,-0.907841,-1.021761,0.633908,0.114740,0.159779,0.235494,0.767521,0.807864,-0.585651,-0.108242
-0.395107,0.771984,0.175576,0.237952,0.359634,0.315009,-1.355281,0.450405,0.861183,0.100049,0.551062,0.230799,0.607509,0.539113,0.096243,0.134170,0.251875,0.168289,-1.497691,0.946376,0.693321,-0.837440,-1.191752,0.857671,-0.802419,0.059697,0.605124,0.116970,-0.283122,-0.482050,0.122281,0.133064,68.152777,1.390369,-1.354781,0.381974,0.212106,1.085484,-0.907841,-1.085488,0.794497,0.150792,0.135758,0.309065,0.767521,0.609836,-0.585651,0.262729
0.113479,0.619831,1.639800,0.121113,0.444291,0.279682,-1.377169,0.207987,0.843285,0.228540,0.255522,0.278244,0.587404,0.456126,0.207740,0.242986,0.159189,0.209607,-1.558628,0.848508,0.063141,-0.324618,-2.079407,0.059485,-0.661694,-0.476068,0.687990,0.245208,0.289681,-0.457818,0.708054,0.320907,427.436409,1.405073,-1.330698,0.067854,0.116687,1.953334,-0.335978,0.462775,0.093423,0.129411,0.268032,0.136378,0.698167,0.810710,-0.262755,0.149281
0.796723,0.863054,3.382007,0.021180,0.342802,0.174584,-1.130030,0.193031,0.306870,0.021979,0.065573,0.206330,0.381505,-0.033769,0.081055,0.032515,0.012779,0.094305,-0.890996,0.729002,0.012336,0.021509,-1.653557,-0.184563,-0.053385,0.251739,0.754936,0.054044,-0.383512,-0.178874,0.053067,0.232675,1064.507678,0.846562,-1.265813,0.018303,0.033135,1.858524,-0.307960,0.714174,0.061909,0.002678,0.131898,0.200981,0.126687,0.587215,0.274728,-0.225477
-0.296076,0.717779,1.155760,0.255538,0.441369,0.257076,-1.237323,0.613171,0.511184,0.086710,0.307812,0.318793,0.699964,0.623460,0.146384,0.139854,0.191303,0.304844,-1.090501,0.938682,0.308246,-0.318239,-1.809924,0.106733,-0.779578,-0.031973,0.692733,0.172898,-0.562714,-0.441520,0.140304,0.559517,460.724212,0.922505,-1.259878,0.176916,0.120108,1.385675,-0.872359,-1.226176,0.747806,0.124640,0.253824,0.301594,0.827182,0.720396,-0.733931,-0.025813
-0.110077,0.820681,0.304843,0.148018,0.364196,0.194322,-1.131940,0.315069,1.018235,0.069833,0.469192,0.267192,0.503587,0.016936,0.151047,0.109653,0.197365,0.474812,-1.005231,0.938682,0.720424,-0.616664,-1.468578,0.770877,-0.711771,-0.078119,0.742937,0.168132,0.152130,-0.521538,0.140304,0.216565,101.387696,0.842434,-1.441621,0.359284,0.225782,0.442028,-0.882912,-1.228584,0.859311,0.091109,0.215643,0.218145,0.667438,1.364851,-0.733931,0.310181
0.004952,0.343959,1.506525,0.170493,0.439867,0.388558,-1.193171,0.250186,1.106679,0.335769,0.340684,0.410021,0.747289,0.814989,0.214802,0.265879,0.201850,0.303534,-1.087236,0.906404,0.051811,-0.634860,-1.824330,0.202522,-0.504357,-1.542232,0.867698,0.319997,0.512841,-0.342094,1.192716,0.425601,469.298115,0.965904,-1.330556,0.127576,0.221064,1.995707,-0.332191,0.128027,0.132182,0.167595,0.391524,0.170114,0.846153,1.198931,-0.496720,0.572168
0.797897,0.803554,1.966757,0.032083,0.303102,0.131018,-1.329734,0.186986,0.421154,0.019885,0.082947,0.140087,0.361770,-0.030617,0.057687,0.056968,0.019636,-0.280843,-1.468214,0.731042,0.018818,0.017336,-1.380713,-0.119463,-0.036510,0.218293,0.728070,0.077723,-0.623875,-0.238035,0.066447,0.273266,502.380793,1.251749,-1.451403,0.020663,0.055558,1.431902,-0.314392,0.569297,0.134157,0.002634,0.120580,0.287529,0.126236,0.802808,0.243844,0.018981
0.218865,0.697898,0.161418,0.124498,0.232258,0.213695,-0.991183,0.380454,0.790618,0.157927,0.378582,0.249722,0.293354,0.455376,0.071878,0.117904,0.145826,0.047981,-0.915065,0.987528,0.540896,-0.315907,-1.305517,0.500545,-0.180823,-0.071699,0.624434,0.108942,0.091578,-0.412279,0.122751,0.062258,64.423144,0.886393,-1.325869,0.251733,0.141093,0.957652,-0.770482,-0.803497,0.693730,0.117754,0.132906,0.237260,0.383860,0.416621,-0.417791,-0.027521
0.398992,1.276659,0.165997,0.002740,0.246463,0.094373,-0.598442,0.032656,-0.102913,0.003359,0.009334,0.094617,0.252744,-0.043308,0.019564,0.007762,0.003304,0.048188,-0.603690,0.712964,-0.004561,0.024211,-1.006838,-0.205630,-0.010320,0.292982,0.497031,0.007898,-0.165992,-0.185847,0.049799,0.043206,65.268080,0.986674,-1.365437,0.002889,0.009917,0.889973,-0.302982,1.227937,0.018317,0.000991,0.036467,0.015246,0.119485,0.295064,0.078279,-0.314040
0.582995,1.319972,0.825658,0.003380,0.246730,0.106380,-0.677416,0.019065,-0.028721,0.005179,0.020129,0.170678,0.259395,-0.041521,0.049890,0.009704,0.002918,0.277778,-0.571810,0.712464,0.001383,-0.029101,-0.985515,-0.181553,-0.007467,0.297031,0.681861,0.009317,-0.146431,-0.242682,0.049694,0.061389,244.269733,0.939674,-1.605033,0.008247,0.019158,1.818481,-0.302034,1.283317,0.021266,0.000844,0.186111,0.028340,0.111775,0.345738,0.078155,-0.326419
0.378589,1.373740,1.707377,0.036787,0.253988,0.077774,-0.735639,0.043090,0.228994,0.009024,0.076410,0.169394,0.300184,-0.038650,0.023814,0.032714,0.013430,0.241332,-0.592779,0.723690,0.007850,-0.029155,-0.976527,-0.191126,-0.048524,0.248696,0.447247,0.022634,0.102233,-0.158413,0.050968,0.065700,453.136650,0.872802,-1.231919,0.015776,0.021425,1.865347,-0.308229,1.313346,0.027277,0.002556,0.061337,0.034778,0.151303,-0.040267,0.042640,-0.264279
0.154407,0.460964,0.604334,0.229303,0.382741,0.343313,-1.098181,0.355876,0.909815,0.225304,0.575993,0.356192,0.643676,0.531914,0.120380,0.222260,0.278940,0.407041,-1.140651,1.010216,0.683296,-0.636155,-1.337731,0.781383,-0.603325,-0.069734,0.649925,0.099715,-0.585421,-0.893194,0.176115,0.289887,210.347052,0.998649,-1.274039,0.414701,0.251109,2.066170,-0.813728,-0.738003,0.510430,0.180150,0.205516,0.535246,0.705869,0.279786,-0.473882,0.232831
0.154407,0.844589,1.091805,0.209475,0.269308,0.209433,-1.104415,0.266194,0.899909,0.287864,0.465088,0.195443,0.439640,0.531914,0.130127,0.233859,0.284265,0.407041,-0.981199,0.944021,0.663547,-0.636155,-1.370208,0.711312,-0.132753,-0.287386,0.650494,0.182905,0.009732,-0.893194,0.269104,0.132241,291.217980,0.970484,-1.203944,0.256065,0.194080,2.239467,-0.686311,-0.072162,0.291917,0.180171,0.194846,0.233161,1.029540,0.292298,-0.141231,0.232831
0.313229,1.192003,1.366137,0.032167,0.262655,0.150704,-1.289109,0.073700,0.231639,0.015375,0.065028,0.112392,0.363129,-0.039584,0.090670,0.022865,0.007514,0.075621,-1.204519,0.732304,0.012937,-0.249874,-1.176653,-0.102106,-0.034062,0.161692,0.650494,0.043817,-0.117013,-0.559280,0.053610,0.077364,343.867936,1.117157,-1.111903,0.034540,0.059941,1.530989,-0.314164,0.988575,0.075086,0.002240,0.101530,0.077446,0.142211,0.253528,0.056058,-0.144934
0.392788,0.857306,1.613987,0.113704,0.392563,0.239186,-1.284877,0.282113,1.226682,0.087068,0.270816,0.288258,0.721058,0.405133,0.061300,0.104704,0.126937,0.397035,-1.397381,0.919877,0.220444,-0.276478,-1.261262,0.546832,-0.468218,-0.383908,0.592011,0.137638,-0.117013,-0.797463,0.340471,0.092161,523.061123,1.296221,-1.279828,0.274705,0.231753,2.200184,-0.708222,-0.611685,0.769442,0.090600,0.154544,0.413112,0.790344,0.662196,-1.511992,0.484049
0.013776,0.524102,0.167323,0.163460,0.360759,0.282253,-1.234627,0.322600,1.231682,0.197991,0.484606,0.292868,0.710807,0.405133,0.131476,0.140333,0.213273,0.397035,-1.275799,0.919877,0.619672,-0.698597,-1.334890,0.596190,-0.468218,-0.676260,0.658438,0.157879,0.424321,-0.623938,0.529486,0.075915,67.064465,1.083150,-1.323290,0.395832,0.266622,1.029700,-0.728227,-0.611685,0.547273,0.162464,0.189449,0.165360,0.790344,0.917713,-0.639737,0.337793
-0.082327,0.555020,0.926810,0.124590,0.413034,0.357235,-1.375503,0.273732,1.060890,0.079757,0.338667,0.251682,0.577693,0.403604,0.210148,0.207446,0.120445,0.213387,-1.558132,0.799144,0.014264,-0.527723,-1.269235,0.006715,-0.342505,-0.676260,0.796200,0.240791,0.294708,-0.246605,0.495172,0.335021,260.636304,1.326634,-1.455416,0.088372,0.146910,2.027896,-0.332795,0.394189,0.104719,0.092236,0.238352,0.210340,0.651529,0.917713,-0.188039,0.337793
0.668039,0.749933,3.082855,0.053979,0.389887,0.276198,-0.917942,0.314862,0.399916,0.048973,0.136095,0.232515,0.433656,-0.007359,0.084332,0.050058,0.020142,-0.038449,-0.835291,0.737963,0.004231,0.055293,-1.446113,-0.135223,-0.070436,0.242983,0.796200,0.061926,-0.403048,-0.220571,0.065134,0.244613,893.129363,0.912819,-1.403197,0.039887,0.079311,2.000952,-0.317135,0.638757,0.043704,0.006940,0.163324,0.233746,0.184276,0.831702,0.204197,-0.118619
-0.245648,0.551472,0.816373,0.213343,0.443959,0.192739,-1.336369,0.686283,0.200323,0.086780,0.194839,0.253832,0.650213,0.386206,0.205290,0.135930,0.122286,0.112323,-1.196304,0.932736,0.165940,-0.201099,-1.446433,0.144360,-0.689855,-0.037860,0.805387,0.165765,-0.661599,-0.423449,0.102313,0.525606,344.102407,1.154233,-1.409174,0.117602,0.116749,1.646836,-0.743621,-0.980401,0.573744,0.092899,0.230593,0.214225,0.642283,0.954574,-0.486803,-0.030036
-0.245648,0.718099,0.161769,0.185849,0.306012,0.292477,-1.320849,0.396383,0.749339,0.084300,0.523562,0.315440,0.597328,0.386206,0.102315,0.119202,0.196929,0.372426,-1.446748,0.940781,0.644659,-0.440660,-1.323032,0.786052,-0.689855,0.100217,0.657351,0.075665,-0.318166,-0.351512,0.102313,0.088344,61.342654,1.324665,-1.430302,0.326396,0.178434,0.843799,-0.781651,-0.981717,0.745594,0.125565,0.101622,0.320819,0.642283,0.556946,-0.486803,0.143410
0.133109,0.729677,0.904335,0.116721,0.396924,0.256432,-1.216370,0.210199,0.723885,0.201885,0.247313,0.307663,0.552411,0.533659,0.186594,0.227361,0.160658,0.631308,-1.280438,0.787495,0.024421,-0.240755,-1.532929,-0.015058,-0.613958,-0.442998,0.615752,0.130061,0.182902,-0.363164,0.611433,0.222821,247.357513,1.266565,-1.229461,0.079381,0.106692,2.293372,-0.312640,0.562931,0.102916,0.140132,0.232587,0.148564,0.755539,0.780179,-0.346509,0.033038
0.777921,1.034074,2.936456,0.064678,0.363638,0.271857,-1.265007,0.210691,0.198502,0.038536,0.082886,0.163484,0.443283,-0.042685,0.096324,0.037783,0.034433,-0.127771,-1.183191,0.728960,0.020370,-0.046359,-1.597372,-0.169472,-0.055112,0.232538,0.804477,0.039348,-0.416392,-0.211718,0.055943,0.224819,816.596535,1.145837,-1.278585,0.057109,0.061188,2.222874,-0.315972,0.879667,0.070352,0.011770,0.139869,0.171592,0.224801,0.607294,0.200799,-0.211738
-0.391741,0.688013,0.756869,0.295559,0.467211,0.281940,-1.276578,0.674842,0.493552,0.092090,0.364289,0.255540,0.665701,0.518115,0.208721,0.114167,0.147671,0.196791,-1.147828,0.945259,0.224157,-0.198643,-1.604632,0.238726,-0.713355,0.007715,0.716909,0.130719,-0.570297,-0.423302,0.187831,0.620110,260.270651,0.883235,-1.168448,0.142316,0.129013,1.208513,-0.957686,-1.056676,0.697397,0.116981,0.167036,0.268896,0.777328,0.700226,-0.599677,-0.075819
-0.391741,0.785635,0.161989,0.244263,0.332329,0.314225,-1.222626,0.431451,1.008069,0.079680,0.588355,0.247155,0.639468,0.518115,0.158862,0.143577,0.217376,0.192592,-1.307815,0.970726,0.648523,-0.476929,-1.404443,0.687798,-0.713355,0.007715,0.732980,0.110184,-0.179516,-0.358482,0.187831,0.074463,61.793321,1.188429,-1.278465,0.352967,0.199569,1.067262,-0.957686,-1.114700,0.799494,0.140612,0.158846,0.313515,0.777328,0.509686,-0.599677,0.184156
-0.017100,0.713793,1.685075,0.130688,0.444679,0.225940,-1.251370,0.222351,0.833760,0.266291,0.225985,0.267397,0.604889,0.649254,0.217799,0.221720,0.175137,0.337540,-1.275859,0.887845,0.010550,-0.382234,-1.858433,0.049599,-0.446345,-0.502642,0.762303,0.235352,0.377379,-0.420201,0.876330,0.237821,523.037013,1.177546,-1.351516,0.068673,0.162964,2.048933,-0.326418,0.520917,0.113661,0.187431,0.262146,0.122924,0.757256,0.813930,-0.210809,0.243859
0.753463,0.852478,2.474157,0.026519,0.358717,0.291542,-1.072086,0.262250,0.409897,0.026250,0.124531,0.307066,0.411334,-0.019135,0.099929,0.028339,0.011387,0.188916,-0.949051,0.721964,-0.006686,-0.134097,-1.286057,-0.192595,-0.047438,0.248248,0.751082,0.072405,-0.401438,-0.212885,0.077593,0.306350,810.931777,0.872140,-1.299315,0.025270,0.040509,1.887841,-0.310005,0.693020,0.053175,0.004211,0.176407,0.229740,0.128724,0.690085,0.217174,-0.217831
-0.456924,0.642606,0.750200,0.250643,0.449066,0.212650,-1.197586,0.744915,0.461749,0.095581,0.257175,0.349312,0.674129,0.502368,0.167517,0.122055,0.145177,0.337328,-1.150328,0.953814,0.269740,-0.172179,-1.733821,0.271994,-0.644457,-0.013565,0.675034,0.131388,-0.591012,-0.392541,0.129975,0.559232,282.214845,0.945139,-1.259712,0.137539,0.109822,1.489741,-0.904025,-1.115022,0.666563,0.111275,0.198707,0.290951,0.723239,0.781593,-0.653622,-0.081685
-0.456924,0.821573,0.158154,0.214528,0.349821,0.399355,-1.356630,0.412925,0.968174,0.119546,0.511655,0.202968,0.607068,0.502368,0.128719,0.141904,0.222602,0.185769,-1.490938,0.959350,0.672776,-0.560652,-1.306804,0.674225,-0.644457,0.018374,0.710033,0.126466,-0.059964,-0.409251,0.389119,0.147500,56.742392,1.272761,-1.297515,0.359606,0.203627,0.945105,-0.904025,-1.147288,0.853170,0.145648,0.154234,0.245172,0.723239,0.788966,-0.653622,0.282894
-0.109430,0.668596,1.097640,0.097203,0.424561,0.351022,-1.248966,0.271017,0.809475,0.114111,0.226506,0.251774,0.585917,0.298128,0.196906,0.123748,0.103246,0.256236,-1.322000,0.778775,0.005033,-0.263962,-1.957487,-0.038672,-0.601752,-0.584737,0.707808,0.204202,0.283295,-0.459297,0.646964,0.341129,331.946730,1.188728,-1.331713,0.077539,0.160747,2.107236,-0.314718,0.531676,0.079346,0.083267,0.247700,0.130302,0.595989,0.900338,-0.627988,0.349402
0.796555,0.812691,2.426559,0.010613,0.354452,0.254032,-1.024619,0.250381,0.276714,0.033193,0.062394,0.262409,0.369124,-0.013146,0.061452,0.019263,0.007286,0.134015,-0.945971,0.719632,-0.006606,0.016630,-1.632031,-0.200575,-0.062591,0.257420,0.722034,0.038671,-0.442125,-0.192681,0.067741,0.270460,762.941506,0.948635,-1.362578,0.007870,0.055336,1.859965,-0.311639,0.767573,0.025557,0.003985,0.127693,0.193241,0.108148,0.666575,0.240292,-0.188721
-0.487312,0.628354,0.704797,0.286968,0.423047,0.215845,-1.311916,0.744613,0.404050,0.082053,0.301487,0.275139,0.652960,0.506357,0.179274,0.107597,0.151614,0.166789,-1.315929,0.922699,0.301111,-0.122521,-1.562698,0.342191,-0.719016,0.029828,0.674382,0.101646,-0.591559,-0.406970,0.231130,0.557047,263.627989,1.274551,-1.304543,0.147773,0.107814,2.009720,-0.958073,-1.000372,0.643469,0.110903,0.228170,0.273517,0.746623,0.668333,-0.577336,-0.122672
-0.487312,0.744247,0.177600,0.251842,0.355141,0.227080,-1.196319,0.450113,0.844287,0.204138,0.565329,0.257351,0.578597,0.506953,0.144220,0.160563,0.238834,0.318011,-1.158975,0.931852,0.675468,-0.461818,-1.452934,0.753573,-0.719016,-0.392361,0.728039,0.101261,-0.219122,-0.336606,0.578886,0.076362,65.270530,1.099067,-1.282803,0.383193,0.228824,1.025267,-0.958073,-1.016679,0.790132,0.182838,0.171511,0.249921,0.746623,0.897065,-0.577336,0.320680
0.087261,0.617877,1.151761,0.104918,0.411372,0.209138,-1.502728,0.249858,0.811493,0.084461,0.196939,0.221912,0.597538,0.501926,0.205439,0.124542,0.105457,0.318011,-1.422812,0.775966,0.010430,-0.378525,-1.597935,-0.058492,-0.506679,-0.433534,0.742559,0.154986,0.278712,-0.382096,0.438082,0.246711,355.120468,1.171644,-1.191033,0.078452,0.109621,2.177295,-0.322289,0.473718,0.091813,0.097745,0.232670,0.138006,0.574486,0.897065,-0.569553,0.106184
0.892518,0.834126,2.765087,0.032980,0.339605,0.128629,-0.986935,0.203478,0.297028,0.023251,0.121182,0.168897,0.366176,-0.022205,0.038788,0.026348,0.013389,-0.045586,-0.742047,0.722531,0.010212,0.018398,-1.450260,-0.176776,-0.035421,0.262412,0.634334,0.030153,-0.436180,-0.175357,0.062189,0.194474,836.618965,0.839538,-1.238457,0.010541,0.038426,1.599373,-0.309601,0.737789,0.043415,0.003505,0.092211,0.219844,0.121067,0.623844,0.265434,-0.206164
-0.193280,0.675609,0.466814,0.251350,0.433901,0.229276,-1.198725,0.622482,0.412363,0.080747,0.228682,0.216069,0.684446,0.569090,0.165362,0.128266,0.151804,0.040316,-1.105547,0.954028,0.251205,-0.242878,-1.415467,0.308749,-0.682879,0.032947,0.676506,0.130653,-0.605457,-0.317614,0.131880,0.556990,165.203629,1.015781,-1.275865,0.150379,0.121603,1.107833,-0.842758,-1.049921,0.681931,0.108279,0.209922,0.266916,0.715534,0.641367,-0.572623,-0.052431
-0.193280,0.763199,0.167924,0.222671,0.301709,0.202190,-1.250047,0.352399,0.925957,0.070302,0.511384,0.181300,0.603075,0.569090,0.137637,0.111831,0.206909,0.174484,-1.337990,0.954028,0.595392,-0.410911,-1.209850,0.717586,-0.682879,0.055383,0.698863,0.080611,-0.092004,-0.314275,0.131880,0.067975,67.281997,1.167425,-1.352514,0.315696,0.194098,0.949842,-0.842758,-1.068236,0.794074,0.135917,0.115497,0.274474,0.715534,0.498650,-0.572623,0.185657
0.011037,0.675648,1.074025,0.133913,0.424658,0.256322,-1.289083,0.217114,0.850599,0.265925,0.256696,0.274614,0.562358,0.569897,0.214220,0.239492,0.145691,0.174118,-1.246137,0.866449,-0.005907,-0.454915,-1.453376,0.115506,-0.543023,-0.682799,0.737375,0.206953,0.367671,-0.357823,0.840099,0.289138,313.628451,1.065714,-1.378151,0.068125,0.138193,1.448897,-0.317692,0.489128,0.110800,0.148020,0.229036,0.129516,0.669311,0.820244,-0.324718,0.284880
0.760049,0.869975,2.716312,0.022673,0.342589,0.150272,-0.847282,0.212425,0.361695,0.023605,0.093628,0.220848,0.383590,-0.017298,0.068364,0.022166,0.009816,-0.028449,-0.707491,0.721822,0.013154,0.055439,-1.614040,-0.196520,-0.028273,0.270261,0.735399,0.031834,-0.433856,-0.178417,0.052242,0.239066,853.104387,0.859738,-1.366442,0.014416,0.037567,1.922903,-0.309192,0.742689,0.060606,0.002937,0.131433,0.229558,0.108054,0.677485,0.236961,-0.211924
-0.236577,0.652192,0.299356,0.220715,0.445930,0.141457,-1.173141,0.611685,0.373580,0.085422,0.205214,0.233725,0.647511,0.609135,0.148927,0.129873,0.128595,0.110237,-1.262188,0.927611,0.050051,-0.111509,-1.134003,0.345985,-0.591368,0.062075,0.612185,0.091873,-0.556304,-0.288813,0.123608,0.538773,115.775273,1.141815,-1.139138,0.122709,0.070757,1.351819,-0.868886,-1.052487,0.671021,0.102371,0.161413,0.256870,0.670219,0.694700,-0.573199,-0.181255
-0.236577,0.772181,0.176812,0.189336,0.347166,0.266813,-1.263511,0.390364,0.920694,0.218118,0.454346,0.243768,0.570282,0.609135,0.094566,0.209191,0.229537,0.125558,-1.300608,0.934180,0.572703,-0.338801,-1.274853,0.854050,-0.591368,0.051826,0.575980,0.101306,-0.152168,-0.408136,0.821829,0.057557,70.829212,1.277613,-1.324720,0.377273,0.216946,0.988324,-0.868886,-1.087427,0.799728,0.163375,0.155723,0.276657,0.737438,0.822089,-0.573199,0.314590
-0.001798,0.658424,0.770123,0.144468,0.412547,0.355659,-1.158929,0.275124,0.699120,0.233047,0.223155,0.322084,0.576130,0.534649,0.245495,0.212000,0.175525,0.183535,-1.081323,0.842602,0.000696,-0.356107,-2.071796,0.129568,-0.687114,-0.351444,0.707520,0.177520,0.233175,-0.301896,0.821829,0.309326,222.467939,1.050648,-1.480135,0.066279,0.128155,1.398546,-0.319331,0.508442,0.063566,0.142776,0.253493,0.118120,0.737565,0.889346,-0.316922,0.108594
0.886072,0.788789,2.387923,0.020081,0.326594,0.220305,-1.032155,0.216749,0.248817,0.022651,0.098865,0.218680,0.352267,-0.035357,0.044053,0.021799,0.008435,-0.018348,-0.805826,0.725927,0.000560,0.008989,-1.293437,-0.175547,-0.030784,0.270016,0.683307,0.029837,-0.402184,-0.151626,0.052078,0.251597,678.691259,0.895597,-1.315384,0.013720,0.040809,1.852040,-0.310130,0.713743,0.045312,0.000983,0.098268,0.205115,0.112141,0.656412,0.218707,-0.212551
0.081385,0.646137,0.483218,0.336832,0.425053,0.148392,-1.412040,0.556999,0.543081,0.081670,0.367104,0.142775,0.637088,0.381570,0.168105,0.202136,0.162986,-0.166174,-1.372355,0.937717,0.224751,0.110929,-1.752305,0.702243,-0.983629,0.000158,0.663634,0.142166,-0.576299,-0.299004,0.179552,0.604808,174.703612,1.155410,-1.282913,0.144180,0.122576,1.426622,-0.892349,-1.070292,0.674599,0.102794,0.181015,0.313636,0.760479,0.665538,-0.638070,0.006423
0.087787,0.738939,0.160965,0.244313,0.263621,0.228953,-1.273821,0.261308,0.923529,0.065118,0.487084,0.257944,0.561808,0.381570,0.119302,0.163807,0.209279,-0.037589,-1.202620,0.937717,0.478526,-0.314067,-1.165146,0.903723,-0.983629,0.077319,0.664606,0.125517,0.062619,-0.339100,0.179552,0.168807,63.202624,1.062907,-1.254217,0.281007,0.184067,0.976525,-0.892349,-1.075280,0.763882,0.110937,0.121186,0.202778,0.760479,0.519088,-0.638070,0.114775
0.025130,0.717143,1.206437,0.114167,0.374143,0.307291,-1.324133,0.174032,0.766951,0.187762,0.227471,0.256576,0.519136,0.399623,0.222520,0.145919,0.123318,0.036717,-1.388483,0.781451,0.015556,-0.355555,-2.034485,-0.002903,-0.409562,-0.468232,0.775151,0.162295,0.189219,-0.245856,0.595271,0.382438,326.321203,1.218358,-1.228238,0.067259,0.159345,1.064640,-0.319000,0.526211,0.110267,0.109282,0.245889,0.151022,0.588996,0.700504,-0.373889,0.347702
0.639869,0.982235,2.790320,0.023619,0.351696,0.114034,-1.106009,0.239518,0.163317,0.034027,0.076455,0.092057,0.376723,-0.041134,0.087467,0.028188,0.009703,-0.439246,-1.013683,0.725588,0.009749,0.136543,-1.395334,-0.189225,-0.073508,0.267045,0.770928,0.036612,-0.310030,-0.095721,0.051892,0.202212,855.670432,1.126314,-1.419917,0.024757,0.046894,1.780821,-0.308442,0.842348,0.054687,0.002534,0.096590,0.151524,0.181969,0.596131,0.215184,-0.208842
-0.287727,0.644379,0.476206,0.258418,0.440692,0.243645,-1.101964,0.601792,0.321673,0.076865,0.241386,0.262421,0.628484,0.368017,0.145792,0.121459,0.131959,-0.027377,-0.825138,0.922156,-0.010345,-0.069810,-1.559917,0.169892,-0.619684,0.066243,0.684312,0.128709,-0.497979,-0.253417,0.118214,0.512085,184.142368,0.721815,-1.354624,0.103164,0.084150,2.008760,-0.901031,-1.057547,0.639475,0.096160,0.180789,0.210813,0.692213,0.632365,-0.510439,-0.130861
-0.287727,0.725707,0.166794,0.238074,0.268986,0.251502,-1.281606,0.432726,0.814451,0.077507,0.556234,0.246028,0.574963,0.368017,0.097300,0.118811,0.178286,0.119215,-1.371386,0.952554,0.502116,-0.453170,-1.503630,0.762817,-0.619684,0.088164,0.640072,0.056453,-0.115987,-0.296776,0.118214,0.129011,63.310536,1.252786,-1.366394,0.293094,0.161829,0.904606,-0.901031,-1.086600,0.748839,0.107098,0.095195,0.244985,0.692213,0.392965,-0.510439,0.056258
0.221903,0.711138,1.111514,0.128901,0.397643,0.267492,-1.249950,0.160637,0.713129,0.124549,0.276655,0.263233,0.493323,0.243782,0.150125,0.109611,0.089120,0.210683,-1.270578,0.768011,0.000365,-0.397256,-1.624803,-0.059520,-0.139665,-0.421732,0.582522,0.124515,0.275269,-0.298525,0.342833,0.274531,336.064671,1.141580,-1.331540,0.052703,0.099854,2.023303,-0.325203,0.572469,0.072335,0.081085,0.189829,0.127659,0.450583,0.621562,-0.097446,0.102025
0.735837,0.835885,2.054393,0.014148,0.328993,0.207533,-1.417540,0.215708,0.265381,0.028119,0.063631,0.183874,0.356556,-0.031349,0.064472,0.020525,0.010259,0.061502,-1.179422,0.724423,-0.000551,-0.069159,-1.536253,-0.198944,-0.021439,0.267515,0.712751,0.044682,-0.318196,-0.273765,0.051891,0.196995,551.441396,1.123450,-1.438477,0.017999,0.050201,2.320419,-0.316694,0.770572,0.015145,0.003058,0.161962,0.172455,0.119726,0.740215,0.196425,-0.209698
0.386503,0.686039,0.774468,0.354012,0.418165,0.227189,-1.457386,0.403952,0.654581,0.085630,0.468499,0.221454,0.674394,0.452458,0.174997,0.171394,0.126401,0.071744,-1.553255,0.980792,0.145396,0.079791,-1.180857,1.057428,-0.826057,0.023396,0.732785,0.172689,-0.586590,-0.407053,0.181736,0.628957,263.463743,1.297530,-1.433371,0.180199,0.143906,1.038035,-0.713514,-1.005674,0.719209,0.090361,0.207207,0.373892,0.488895,0.747804,-0.554427,-0.037207
0.452477,0.674220,0.159610,0.234840,0.222744,0.079475,-1.330504,0.204324,0.785765,0.039115,0.474653,0.192715,0.381430,0.083381,0.088505,0.159725,0.131536,-0.033155,-1.466673,0.980792,0.471433,-0.471948,-1.181531,1.090228,-0.464143,0.024870,0.696632,0.135195,0.413074,-0.425761,0.137780,0.159961,59.721143,1.286855,-1.462885,0.237255,0.161532,0.886341,-0.650544,-1.005674,0.723097,0.077819,0.146161,0.101634,0.420455,0.683573,-0.554427,0.178228
0.043033,0.640214,1.464407,0.123568,0.370360,0.351676,-1.283365,0.297471,0.648914,0.076491,0.180139,0.312074,0.481658,0.309458,0.188443,0.119996,0.116828,-0.100072,-1.281847,0.750363,0.060519,-0.349052,-2.159862,-0.059021,-0.629586,-0.355212,0.710010,0.072424,0.205442,-0.125614,0.257370,0.495540,404.000785,1.203206,-1.395413,0.055023,0.117299,1.849529,-0.317538,0.442824,0.096847,0.079769,0.317151,0.117844,0.486321,0.777574,-0.054459,0.120917
0.873096,0.832959,2.711188,0.081724,0.363344,0.162450,-1.088949,0.220073,0.105692,0.039103,0.159137,0.148947,0.389591,-0.045843,0.067316,0.054178,0.022883,-0.747391,-0.945053,0.767320,-0.003448,0.089328,-1.525394,-0.053049,-0.121880,0.262983,0.775175,0.063564,-0.431119,-0.039860,0.055580,0.220768,873.116849,0.997237,-1.378208,0.022977,0.052391,1.813383,-0.304847,0.629714,0.095932,0.007779,0.137466,0.129169,0.205832,0.711397,0.160722,-0.221312
-0.873224,0.557249,0.680066,0.399120,0.447354,0.406115,-1.277639,0.864148,0.308513,0.080715,0.387319,0.441875,0.672694,0.294310,0.118179,0.147954,0.130357,0.016023,-1.055689,0.967842,-0.055277,0.039445,-1.848742,0.165470,-0.642450,-0.016479,0.608768,0.151457,-0.668995,-0.322486,0.151506,0.604150,279.403765,1.049341,-1.342887,0.092546,0.085392,1.521529,-0.891062,-1.333812,0.612093,0.107659,0.188714,0.251631,0.710503,0.879071,-0.652357,-0.106576
-0.873224,0.896474,0.174065,0.266134,0.348597,0.237717,-1.223953,0.573084,1.014999,0.083644,0.609637,0.262884,0.629593,0.294310,0.123833,0.115926,0.179511,0.211645,-1.324593,0.979137,0.671369,-0.373940,-1.254203,0.899428,-0.642450,-0.016479,0.667881,0.129028,-0.212210,-0.525454,0.151506,0.262488,69.265049,1.228000,-1.351683,0.351188,0.201677,0.923812,-0.922690,-1.403653,0.830535,0.111645,0.149307,0.333875,0.710503,0.611330,-0.652357,0.161269
0.144723,0.584506,1.127985,0.171102,0.432688,0.267502,-1.450568,0.189557,0.914123,0.157382,0.499460,0.291841,0.503586,0.558338,0.201387,0.332475,0.111770,0.339393,-1.654181,0.782052,0.085348,-0.476740,-1.474896,0.017210,-0.733483,-0.929987,0.731054,0.329262,0.457069,-0.483661,0.414125,0.329503,344.030783,1.465460,-1.450218,0.037825,0.145204,2.152033,-0.313711,0.380627,0.085396,0.131768,0.265415,0.133873,0.487764,0.984156,-0.251811,0.239843
0.853709,0.807875,3.236283,0.031258,0.349022,0.225673,-1.219027,0.197277,0.431457,0.021041,0.088139,0.140949,0.420150,-0.042179,0.069556,0.040297,0.014848,-0.503325,-1.243284,0.732590,-0.002634,-0.167313,-2.081202,-0.213111,-0.070184,0.249582,0.677228,0.081528,-0.335134,-0.349573,0.054553,0.301681,996.443098,1.203274,-1.275155,0.038228,0.034890,2.183794,-0.313107,0.569953,0.102059,0.005076,0.216211,0.229013,0.199655,0.617159,0.229116,-0.236753
-0.440524,0.650649,0.638739,0.251734,0.451514,0.381546,-1.206665,0.690224,0.431802,0.090008,0.315881,0.392702,0.656975,0.519584,0.160949,0.137302,0.169235,0.500538,-1.255299,0.973297,0.219373,-0.332669,-1.416267,-0.083627,-0.765703,0.003023,0.639863,0.146203,-0.476194,-0.464077,0.158454,0.598283,246.545987,1.101084,-1.303091,0.137864,0.117174,1.740366,-0.958363,-1.126068,0.677174,0.112193,0.201932,0.239145,0.841916,0.769593,-0.597023,-0.073457
-0.440524,0.790069,0.168754,0.201233,0.309593,0.289190,-1.239094,0.465391,0.916401,0.071880,0.453513,0.259999,0.627937,0.519584,0.120272,0.127724,0.221399,0.500538,-1.271805,0.986703,0.652247,-0.455929,-1.455533,0.763630,-0.765703,0.019019,0.622600,0.100399,-0.163146,-0.308689,0.158454,0.092504,70.036631,1.133920,-1.262964,0.316138,0.183689,0.927100,-0.958363,-1.142625,0.798473,0.124885,0.173038,0.295006,0.841916,0.550568,-0.597023,0.192114
-0.198698,0.707579,0.939467,0.113888,0.427310,0.302317,-1.403052,0.262155,0.855501,0.168656,0.249386,0.276638,0.572312,0.430243,0.187272,0.161989,0.180114,0.282712,-1.558672,0.798472,0.089403,-0.455929,-1.670545,-0.026472,-0.665799,-0.683573,0.677591,0.198952,0.391867,-0.347445,0.583596,0.257316,290.979996,1.338384,-1.473454,0.078029,0.167162,1.540540,-0.328871,0.545846,0.138846,0.133365,0.260655,0.124790,0.954331,0.768376,-0.372718,0.240917
0.647884,0.887764,3.267532,0.022990,0.358524,0.331741,-1.103705,0.233596,0.411745,0.026930,0.086989,0.359791,0.425462,-0.029702,0.103471,0.030385,0.010193,0.213266,-1.134913,0.727244,0.007838,-0.008267,-1.325966,-0.203819,-0.067604,0.254576,0.815702,0.063036,-0.377044,-0.217234,0.058251,0.246047,962.995872,1.098060,-1.521168,0.036342,0.033359,1.901145,-0.306249,0.694346,0.064024,0.003397,0.151266,0.221411,0.159524,0.599993,0.230708,-0.216769
-0.075937,0.737982,0.865211,0.229769,0.498555,0.242394,-1.412510,0.567264,0.458261,0.103036,0.308740,0.290780,0.752973,0.262353,0.233788,0.190179,0.133270,0.296496,-1.490173,1.003371,-0.024523,-0.311305,-1.441032,-0.247420,-0.950025,-0.056664,0.781881,0.175617,-0.615744,-0.418890,0.099603,0.546449,359.865518,1.202627,-1.491992,0.107529,0.133945,1.418159,-0.595789,-1.551265,0.776292,0.095663,0.265131,0.268205,0.711868,0.815465,-0.710242,0.079245
-0.075937,1.087947,0.176421,0.196712,0.393359,0.312899,-1.325946,0.370308,1.161361,0.070377,0.563464,0.242076,0.747857,0.262353,0.112420,0.128471,0.194132,0.297748,-1.459074,1.110465,0.774231,-0.369660,-1.291707,1.047464,-0.950025,0.011411,0.622756,0.096150,-0.188630,-0.181456,0.154154,0.103913,71.524765,1.318765,-1.100326,0.416791,0.198743,1.106551,-0.867894,-1.765305,0.909914,0.095235,0.186253,0.368155,0.711868,0.471931,-0.710242,0.228668
0.056504,0.704685,1.015633,0.147502,0.432412,0.283454,-1.108838,0.200182,0.856316,0.215404,0.320932,0.223604,0.575893,0.457779,0.180516,0.228389,0.190511,0.478784,-1.263486,0.828173,0.102256,-0.417928,-1.626283,0.126747,-0.403911,-0.605263,0.634476,0.160768,0.453520,-0.457878,0.655904,0.200870,268.799616,1.081706,-1.481889,0.095058,0.176968,2.082623,-0.326300,0.472562,0.173495,0.163275,0.248857,0.100047,0.545771,0.807551,-0.226930,0.228000
0.625409,0.856721,3.513599,0.019427,0.351484,0.244609,-1.213517,0.229788,0.457683,0.021813,0.111268,0.228988,0.394266,-0.020659,0.104248,0.022933,0.010239,-0.098088,-1.129966,0.714790,-0.012259,-0.101891,-1.637182,-0.204403,-0.042901,0.246045,0.727807,0.079942,-0.321774,-0.213758,0.061120,0.243359,1052.133985,1.062462,-1.382397,0.016352,0.036058,1.937449,-0.313590,0.660631,0.082334,0.003564,0.155840,0.219474,0.103346,0.540517,0.265423,-0.187298
-0.262359,0.666812,0.796333,0.251140,0.443567,0.218333,-1.470471,0.610178,0.405189,0.080603,0.330722,0.297163,0.658361,0.617433,0.145397,0.097709,0.122096,0.330194,-1.564319,0.939358,0.174965,-0.170635,-1.556712,0.292167,-0.520941,0.076901,0.639371,0.142377,-0.564325,-0.420179,0.113104,0.513678,313.083620,1.310528,-1.389689,0.141614,0.103574,1.511025,-0.727748,-0.946801,0.651733,0.107325,0.155424,0.249728,0.567298,0.708109,-0.550974,-0.075449
-0.262359,0.713302,0.169023,0.183237,0.313996,0.253128,-1.357181,0.417889,0.834952,0.076726,0.551563,0.178581,0.584635,0.617433,0.110142,0.115825,0.187565,0.044215,-1.409740,0.939358,0.653965,-0.424528,-1.262526,0.735526,-0.520941,0.076901,0.617207,0.081675,-0.180126,-0.230322,0.113104,0.085010,66.086899,1.276501,-1.449396,0.329470,0.193828,1.076928,-0.825694,-0.979726,0.749649,0.135808,0.128488,0.281687,0.567298,0.565719,-0.550974,0.197499
-0.022447,0.735714,1.377148,0.148063,0.423839,0.264946,-1.387310,0.198271,0.807483,0.302907,0.401268,0.288923,0.608546,0.787816,0.230244,0.302834,0.192272,0.433689,-1.515675,0.830646,0.039674,-0.961104,-1.799813,0.166534,-0.399662,-0.757075,0.780850,0.256181,0.301234,-0.526842,0.957496,0.257216,373.548395,1.365878,-1.424115,0.088975,0.177800,1.903678,-0.330520,0.435668,0.133335,0.210140,0.303559,0.138461,0.784186,0.893549,-0.367972,0.305573
0.621322,1.005899,3.591541,0.044456,0.362014,0.226850,-1.287165,0.226362,0.321337,0.029637,0.154306,0.235022,0.390791,-0.024649,0.080739,0.049212,0.015523,0.100344,-1.195029,0.735734,-0.011101,-0.171251,-1.343347,-0.166560,-0.066849,0.235451,0.694198,0.083910,-0.300766,-0.167587,0.060085,0.167361,1059.320768,1.144359,-1.326687,0.020699,0.051913,2.037797,-0.329909,0.812382,0.054616,0.004907,0.123516,0.179786,0.150540,0.495821,0.218332,-0.194450
-0.390694,0.750299,0.830117,0.289886,0.457013,0.229707,-1.321388,0.599981,0.624906,0.097052,0.368231,0.214335,0.707260,0.622299,0.167733,0.152254,0.167081,0.064966,-1.374364,0.950715,0.222582,-0.264683,-2.234796,0.226526,-0.678215,-0.060806,0.669395,0.192491,-0.489189,-0.482960,0.207005,0.552550,340.179572,1.210722,-1.280457,0.169131,0.131017,2.011244,-0.944535,-1.191900,0.765436,0.131172,0.215429,0.303484,0.695778,0.729088,-0.746108,0.013704
-0.390694,0.817014,0.184865,0.234525,0.331082,0.421880,-1.344307,0.402167,1.040127,0.082315,0.567497,0.343023,0.642029,0.622299,0.154358,0.142157,0.204563,0.444757,-1.456756,0.950715,0.679610,-0.492592,-1.512634,0.678971,-0.678215,-0.009758,0.735815,0.153926,0.071070,-0.631841,0.207005,0.216489,69.527816,1.315434,-1.495612,0.338176,0.203124,0.717819,-0.944535,-1.236372,0.825988,0.152067,0.226741,0.251415,0.695778,0.898680,-0.746108,0.185761
-0.014354,0.563286,1.140176,0.171197,0.440887,0.331474,-1.286016,0.232940,0.874232,0.195986,0.450542,0.282081,0.629009,0.654962,0.177207,0.321628,0.171246,0.185696,-1.462720,0.806458,0.062290,-0.574172,-1.799564,0.051276,-0.579542,-1.106512,0.741083,0.348269,0.316879,-0.584336,0.775608,0.461203,310.786142,1.360055,-1.463431,0.091563,0.187539,2.155274,-0.324028,0.381912,0.098251,0.146013,0.301581,0.132406,0.964866,1.128377,-0.270330,0.453226
0.672456,0.791236,2.811346,0.022379,0.340300,0.159081,-1.190044,0.227145,0.319187,0.027156,0.069563,0.177036,0.379978,-0.026937,0.063063,0.040208,0.013236,-0.106057,-1.125695,0.725744,0.010869,0.030792,-1.239234,-0.141026,-0.021992,0.247124,0.742579,0.055413,-0.358971,-0.237549,0.053335,0.253937,817.892302,1.036718,-1.253921,0.018899,0.041816,2.148800,-0.315627,0.606322,0.063509,0.003387,0.165234,0.216364,0.121525,0.664548,0.184614,-0.178351
0.198046,0.779722,0.176164,0.168154,0.246903,0.250789,-1.107854,0.357004,0.798725,0.170719,0.390318,0.276867,0.278794,0.516032,0.092710,0.168276,0.147039,0.059506,-1.302066,0.989527,0.511058,-0.505584,-1.254833,0.556144,-0.090389,-0.143509,0.571418,0.104270,0.040897,-0.627801,0.212499,0.084583,68.225879,1.271602,-1.379919,0.268964,0.141389,1.093004,-0.838932,-0.770668,0.710256,0.115867,0.159464,0.257444,0.306915,0.135034,-0.304399,-0.037590
0.364283,1.306641,0.181734,0.001082,0.242256,0.025718,-0.763607,0.026050,-0.200957,0.001655,0.006306,0.028917,0.245235,-0.041516,0.008555,0.003576,0.001411,-0.170963,-0.769439,0.707715,-0.004878,0.050247,-0.905325,-0.214219,-0.007605,0.297216,0.480248,0.003812,-0.257412,-0.177798,0.049052,0.013005,75.361254,0.969967,-1.124342,0.001224,0.003953,1.090620,-0.301799,1.294488,0.008714,0.000674,0.041774,0.015358,0.107711,0.319342,0.079258,-0.327681
0.374051,1.310687,0.179478,0.004465,0.241171,0.123159,-0.703338,0.024877,-0.134980,0.001783,0.023927,0.111958,0.245904,-0.041682,0.012552,0.004164,0.001620,-0.163075,-0.727313,0.707512,-0.003108,0.034321,-0.994322,-0.205140,-0.007215,0.294889,0.470358,0.006305,-0.180718,-0.176238,0.049185,0.013046,61.374312,1.031749,-1.276273,0.003375,0.005149,1.233128,-0.302963,1.294369,0.008422,0.000597,0.037144,0.010607,0.111145,0.226515,0.066426,-0.319676
0.390672,1.247894,0.160993,0.007264,0.259429,0.137367,-0.707775,0.062847,-0.048233,0.006785,0.018913,0.085509,0.277781,-0.040263,0.029912,0.009700,0.003987,-0.109180,-0.808497,0.713170,-0.004074,0.038970,-1.159821,-0.183473,-0.013362,0.256216,0.501248,0.012086,-0.186376,-0.168877,0.050933,0.069395,48.578311,1.084979,-1.457240,0.006959,0.022426,1.122430,-0.300486,1.115198,0.057447,0.001090,0.093743,0.028846,0.111602,0.259275,-0.039065,-0.267734
0.283380,0.605852,0.236863,0.268931,0.193673,0.418496,-1.322766,0.178477,1.008359,0.031182,0.304403,0.431293,0.301648,0.076583,0.112193,0.178874,0.162413,0.631900,-1.601603,1.043576,0.249275,-0.157107,-1.183332,1.391698,-0.408556,0.229280,0.714506,0.144765,0.385932,-0.430412,0.145093,0.272772,84.796452,1.402209,-1.343890,0.192592,0.181145,1.909486,-0.704334,-1.058824,0.629107,0.072732,0.160664,0.125928,0.371452,0.863433,-0.572042,0.119036
0.501089,0.450594,2.368465,0.210603,0.350462,0.459194,-1.309576,0.096931,0.839177,0.086398,0.523143,0.596941,0.523507,0.744993,0.200615,0.337342,0.575986,0.684889,-1.339715,0.904707,0.424425,-0.172289,-1.285444,-0.298799,-1.073135,-0.575406,0.784317,0.193759,0.437152,-0.993770,0.201385,0.280709,678.843478,1.199332,-1.552650,0.063771,0.173899,1.671358,-0.462480,0.282776,0.086882,0.154738,0.381488,0.123353,3.252002,0.863433,-0.114369,0.275515
0.768698,0.652826,1.279691,0.012438,0.243063,0.237384,-1.313233,0.063773,0.457300,0.010760,0.056316,0.237717,0.284623,-0.036317,0.118939,0.043606,0.008887,-0.528251,-1.197867,0.725078,-0.011186,0.101769,-1.353254,-0.296692,-0.035355,0.101050,1.458468,0.080828,0.170784,-0.395169,0.052133,0.138712,383.037686,1.010829,-1.407160,0.024237,0.040983,1.418467,-0.314970,0.525527,0.053868,0.002017,0.072009,0.070440,0.108042,0.306467,-0.063153,-0.117376
0.896373,0.604789,0.358970,0.195842,0.261205,0.230025,-1.350784,0.148076,0.348457,0.024881,0.392138,0.226748,0.313991,0.057423,0.162140,0.069191,0.092921,-0.528251,-1.501382,0.801009,-0.009938,0.101769,-1.519557,0.234070,-0.506555,0.042998,1.458468,0.131568,0.051006,-0.489680,0.091895,0.123319,107.023564,1.447713,-1.250707,0.036203,0.079275,2.025171,-0.435638,0.269029,0.139608,0.034491,0.222730,0.091468,0.465486,0.318326,-0.284759,-0.108067
0.630614,0.657860,0.628936,0.234417,0.201756,0.396297,-1.153676,0.292968,0.362695,0.042966,0.538280,0.510016,0.311217,0.142609,0.101875,0.189688,0.195500,-0.041899,-1.105555,0.801381,0.083693,-0.418333,-1.206390,0.234070,-0.506555,-0.054448,0.592365,0.159586,-0.089856,-0.524436,0.093257,0.034286,207.574401,1.176809,-1.212349,0.047646,0.083773,1.808118,-0.435638,0.269029,0.263769,0.057074,0.183671,0.154482,0.745718,0.188023,-0.284759,-0.166468
0.503852,1.220003,0.531186,0.014882,0.224199,0.119899,-0.746981,0.058337,-0.060259,0.011214,0.044285,0.143696,0.256026,-0.041341,0.051203,0.021197,0.005377,0.106240,-0.699196,0.714173,0.000649,-0.222701,-1.043356,-0.177630,-0.010254,0.256482,0.557781,0.062332,-0.134163,-0.419628,0.051324,0.041828,153.395567,0.973826,-1.253866,0.018811,0.022031,1.856937,-0.314448,1.048354,0.076805,0.001441,0.102791,0.019031,0.132230,0.175864,0.077927,-0.287700
0.504738,1.270772,1.288562,0.006752,0.269045,0.039717,-0.830337,0.066332,-0.111025,0.006692,0.025169,0.079475,0.332560,-0.038952,0.023945,0.011742,0.003521,-0.205687,-0.783893,0.714351,-0.005208,-0.030941,-0.996756,-0.235535,-0.010655,0.232466,0.463166,0.014829,-0.235268,-0.258235,0.052859,0.025527,355.185032,0.984537,-1.388795,0.016412,0.025077,1.918423,-0.303549,1.175604,0.031949,0.001039,0.077969,0.044610,0.116131,0.226580,0.010702,-0.234311
0.594870,0.800602,1.202231,0.095393,0.373351,0.221370,-1.141820,0.166235,1.174710,0.095717,0.237743,0.178984,0.629978,0.503949,0.030715,0.112903,0.104566,0.152091,-1.142085,0.917317,0.236988,-0.087181,-1.435760,0.516231,-0.476054,-0.219861,0.539648,0.092524,-0.235268,-0.338432,0.232677,0.074652,450.221376,1.094335,-1.331588,0.212713,0.143330,1.472479,-0.666896,-0.678247,0.766052,0.079152,0.096887,0.494855,0.531602,0.719539,-0.958135,0.187140
0.072199,0.549884,0.164793,0.160735,0.331246,0.231086,-1.117695,0.266398,1.177833,0.192460,0.381364,0.231565,0.590993,0.503949,0.139780,0.131935,0.170735,0.356622,-1.054722,0.917317,0.486297,-0.476947,-1.357964,0.632620,-0.476054,-0.664910,0.629298,0.100277,0.471800,-0.528500,0.556487,0.096020,63.988540,0.925925,-1.295003,0.367538,0.209865,1.047912,-0.702860,-0.678247,0.588665,0.154512,0.243097,0.194366,0.675097,0.736709,-0.497722,0.207369
-0.016684,0.516078,1.402878,0.094934,0.426178,0.244532,-1.222996,0.291061,0.968010,0.032368,0.254137,0.123896,0.579130,0.197091,0.188285,0.126206,0.079487,-0.034505,-1.351918,0.850457,0.015416,-0.476947,-1.538519,-0.025548,-0.214201,-0.664910,0.665571,0.176224,0.337636,-0.176652,0.058630,0.277674,381.151601,1.093029,-1.280754,0.071660,0.111395,1.735898,-0.321682,0.362734,0.081694,0.053622,0.240531,0.172137,0.539653,0.720130,-0.161216,0.207369
0.775269,0.725445,2.783437,0.021751,0.359788,0.200407,-1.155062,0.269995,0.462190,0.030607,0.101315,0.250537,0.423109,-0.027050,0.044296,0.047685,0.020479,0.075767,-1.067243,0.728454,0.013390,0.012716,-1.458092,-0.103700,-0.056734,0.262786,0.657771,0.059465,-0.399023,-0.134587,0.079336,0.246018,928.080229,0.948664,-1.302260,0.030074,0.045573,1.970361,-0.308060,0.577059,0.049449,0.003777,0.109435,0.236180,0.156677,0.870893,0.236231,-0.187591
-0.458221,0.564272,0.858858,0.188850,0.449473,0.177413,-1.043038,0.742733,0.286174,0.091835,0.151245,0.251366,0.651816,0.436489,0.175971,0.107524,0.129566,0.247623,-0.933060,0.917540,0.003587,-0.219817,-1.354107,0.059484,-0.697893,0.032859,0.765019,0.146881,-0.619534,-0.477576,0.096128,0.498528,368.479580,0.810824,-1.318955,0.106710,0.111172,1.959148,-0.868686,-1.028765,0.570751,0.101697,0.243179,0.232389,0.625088,0.870893,-0.548547,-0.028751
-0.458221,0.743676,0.164585,0.185208,0.352366,0.304409,-1.105327,0.462236,0.862393,0.099744,0.443219,0.293688,0.651816,0.436489,0.124686,0.143663,0.217699,0.303920,-1.120355,0.940422,0.628107,-0.546222,-1.365635,0.804586,-0.697893,0.032859,0.738166,0.098031,-0.402029,-0.344299,0.097221,0.096811,62.475566,1.003963,-1.309479,0.375794,0.200700,1.023002,-0.868686,-1.108413,0.760883,0.141791,0.159259,0.344768,0.625088,0.534956,-0.548547,0.211387
0.048519,0.694038,1.090409,0.106712,0.425134,0.258219,-1.299059,0.210991,0.784527,0.245655,0.283526,0.162853,0.591140,0.593372,0.229414,0.247725,0.160223,0.259937,-1.408602,0.849161,0.053037,-0.358824,-1.703560,0.069233,-0.624564,-0.686416,0.680500,0.219276,0.277599,-0.638591,0.772801,0.202021,285.128128,1.253715,-1.459855,0.077017,0.147912,1.839936,-0.318688,0.486223,0.128459,0.159397,0.265808,0.135934,0.568908,0.796643,-0.628065,0.189395
0.727070,0.943684,3.175587,0.027496,0.357083,0.256756,-1.225831,0.211876,0.321239,0.026281,0.076402,0.238777,0.412057,-0.029712,0.091768,0.035740,0.019326,0.136062,-1.279411,0.727241,-0.003378,-0.077582,-1.458142,-0.211289,-0.059605,0.248495,0.724430,0.044783,-0.475932,-0.239677,0.057087,0.278659,878.642490,1.285126,-1.328595,0.038904,0.044669,2.099766,-0.318864,0.711832,0.091366,0.006426,0.214757,0.242839,0.172260,0.619701,0.240316,-0.253607
-0.447104,0.706076,0.942672,0.260608,0.460062,0.201541,-1.464635,0.685973,0.341012,0.092140,0.326555,0.292103,0.675004,0.643193,0.187801,0.124025,0.162874,0.302302,-1.663661,0.934045,0.102416,-0.202118,-1.925613,0.154416,-0.777326,0.023874,0.638465,0.140741,-0.608169,-0.480976,0.153690,0.589136,324.695624,1.366239,-1.292558,0.139719,0.130272,1.199244,-0.956741,-1.051137,0.687669,0.123324,0.225024,0.266751,0.785518,0.745290,-0.615982,-0.034445
-0.447104,0.752801,0.166336,0.221128,0.361944,0.375475,-1.470063,0.491594,0.897693,0.099536,0.558461,0.292081,0.675004,0.643193,0.163919,0.159894,0.239413,0.325397,-1.678186,0.968728,0.724626,-0.700213,-1.194688,0.874799,-0.777326,0.023874,0.770378,0.126127,-0.344766,-0.379965,0.153690,0.142026,65.435163,1.486678,-1.240645,0.391690,0.221147,1.120636,-0.956741,-1.098194,0.765770,0.164165,0.232701,0.332987,0.785518,0.628459,-0.615982,0.301293
0.104496,0.696577,0.841135,0.129469,0.453230,0.298344,-1.315230,0.208236,0.781283,0.260243,0.346482,0.286391,0.620652,0.599817,0.209022,0.251240,0.178106,0.295746,-1.267384,0.846460,0.188547,-0.661589,-1.891425,0.047593,-0.420933,-0.645488,0.780152,0.243070,0.348615,-0.452996,0.761177,0.267979,231.220748,1.165999,-1.534294,0.074763,0.170680,1.764500,-0.326446,0.522574,0.136802,0.167586,0.249100,0.103697,0.717536,0.877360,-0.257316,0.243110
0.699904,0.770636,2.918094,0.052158,0.358199,0.243755,-1.027695,0.258400,0.423286,0.025865,0.178290,0.329736,0.407120,-0.023744,0.090119,0.070514,0.018015,0.282197,-1.055250,0.725818,-0.000718,-0.104059,-1.702838,-0.152162,-0.059588,0.239392,0.716122,0.100274,-0.430436,-0.198308,0.055335,0.245024,879.647405,1.081636,-1.297970,0.014922,0.038451,2.105935,-0.318509,0.643952,0.056207,0.003122,0.157527,0.239414,0.117209,0.585388,0.278238,-0.219934
-0.187417,0.664482,0.637187,0.258469,0.433717,0.247806,-1.112013,0.628985,0.432641,0.087210,0.296274,0.258989,0.674649,0.467842,0.219345,0.137470,0.141259,0.129277,-0.903853,0.968204,0.187003,-0.143658,-1.842322,0.318450,-0.708794,0.015930,0.696727,0.158393,-0.581919,-0.378778,0.121501,0.532376,243.188630,0.750483,-1.135757,0.151069,0.121776,1.790646,-0.850363,-1.065284,0.674633,0.110882,0.259954,0.276397,0.645123,0.743719,-0.571817,-0.028449
-0.186690,0.755078,0.161358,0.182894,0.302722,0.213819,-1.337109,0.347350,0.751363,0.072473,0.529190,0.172396,0.613106,0.462680,0.141071,0.118459,0.185469,0.134108,-1.370707,0.968204,0.610568,-0.488873,-1.486280,0.684230,-0.708794,0.073202,0.707346,0.112634,-0.040228,-0.310743,0.121501,0.123657,64.760689,1.201625,-1.345796,0.312732,0.193231,1.017191,-0.850363,-1.067399,0.788676,0.110394,0.159206,0.194003,0.645123,0.659376,-0.571817,0.137832
-0.117368,0.646705,0.922656,0.132399,0.410484,0.283815,-1.301848,0.247266,0.774170,0.177957,0.309573,0.306670,0.564969,0.362860,0.147948,0.161564,0.118318,0.270817,-1.273205,0.758078,0.009351,-0.476862,-1.847568,0.032231,-0.510472,-0.869089,0.597519,0.137984,0.221856,-0.304148,0.624367,0.343604,261.469572,1.054225,-1.422856,0.091101,0.155390,1.799091,-0.311107,0.492995,0.102571,0.097762,0.246279,0.130683,0.721595,0.924771,-0.241876,0.332119
0.686649,0.937242,2.927694,0.039675,0.357732,0.303738,-1.315295,0.278686,0.197073,0.038684,0.154244,0.266636,0.404592,-0.029770,0.074881,0.039778,0.015173,0.210131,-1.220792,0.730531,0.001911,-0.069283,-1.416390,-0.156004,-0.023792,0.247231,0.732309,0.058645,-0.394378,-0.223197,0.054722,0.212464,865.159803,1.175218,-1.218055,0.032844,0.062907,2.002741,-0.313035,0.808211,0.048032,0.005212,0.162889,0.169887,0.134314,0.705091,0.227058,-0.201340
-0.164636,0.646626,0.668752,0.165518,0.445537,0.266247,-1.200993,0.623685,0.319974,0.074588,0.164259,0.275824,0.675264,0.443891,0.132759,0.117194,0.120383,0.380288,-1.001789,0.916820,0.060955,-0.242483,-1.513750,0.178301,-0.745742,0.054492,0.651508,0.122151,-0.649566,-0.375811,0.111161,0.561964,259.275443,0.905116,-1.207599,0.134222,0.118012,1.713670,-0.835217,-0.991427,0.630212,0.096018,0.181578,0.256995,0.602979,0.740821,-0.556718,-0.039785
-0.164636,0.742755,0.167332,0.170722,0.344266,0.323552,-1.208933,0.374545,0.958390,0.105581,0.446627,0.185855,0.602649,0.443891,0.115303,0.135849,0.211359,0.154224,-1.121303,0.925995,0.593714,-0.495083,-1.299520,0.822193,-0.745742,0.063924,0.669477,0.108436,-0.256531,-0.389242,0.111161,0.070325,70.561797,0.973702,-1.288476,0.370756,0.195946,0.994669,-0.835217,-1.015876,0.772907,0.141595,0.140021,0.339035,0.602979,0.642137,-0.556718,0.193172
0.069527,0.676263,0.588066,0.103745,0.415631,0.271702,-1.433034,0.210687,0.761895,0.182886,0.233151,0.191751,0.549987,0.519924,0.210240,0.137524,0.128322,0.131235,-1.600070,0.841407,0.002248,-0.344662,-1.642189,-0.027513,-0.567203,-0.561589,0.707629,0.159512,0.314698,-0.383360,0.591086,0.321553,166.955936,1.401488,-1.267318,0.074400,0.123546,1.706847,-0.315867,0.542622,0.084999,0.120565,0.315306,0.122081,0.534899,0.801722,-0.436497,0.272125
0.730443,0.869532,3.081445,0.019756,0.359173,0.230067,-1.269762,0.258675,0.353960,0.035747,0.065177,0.205633,0.403229,-0.024458,0.095511,0.024791,0.009426,0.086995,-1.110667,0.728558,0.005702,0.041360,-1.466368,-0.149341,-0.045408,0.249857,0.816177,0.058559,-0.354346,-0.185668,0.057072,0.180702,919.089515,1.129103,-1.263739,0.035279,0.048790,1.924564,-0.310293,0.737865,0.035353,0.003023,0.205324,0.188084,0.136306,0.584717,0.225784,-0.197941
-0.120490,0.639081,0.641662,0.210938,0.441444,0.204842,-1.156529,0.644164,0.423384,0.081198,0.218196,0.262483,0.653831,0.493160,0.180151,0.119934,0.143515,0.125159,-1.045271,0.916282,0.053741,-0.245365,-1.596874,0.089675,-0.739247,0.048726,0.711973,0.127157,-0.557718,-0.363352,0.116270,0.547773,255.806784,0.964830,-1.239093,0.129953,0.119040,1.807206,-0.818369,-1.026501,0.634229,0.100249,0.156608,0.248614,0.594894,0.685807,-0.605614,-0.044561
-0.120490,0.736718,0.164984,0.171903,0.302283,0.283763,-1.332634,0.352259,0.894496,0.076010,0.492458,0.204787,0.640695,0.493160,0.123475,0.130244,0.202761,0.124867,-1.282198,0.936062,0.620338,-0.414944,-1.358038,0.680373,-0.739247,0.077000,0.623428,0.086745,-0.166834,-0.235515,0.116270,0.106909,65.018404,1.173706,-1.292073,0.320482,0.174346,0.895237,-0.818369,-1.064808,0.758830,0.120286,0.116480,0.284677,0.594894,0.473304,-0.605614,0.091103
-0.075942,0.679773,0.710742,0.141230,0.427006,0.439888,-1.387408,0.228673,0.802833,0.187364,0.308244,0.287055,0.578909,0.379091,0.216239,0.165903,0.125884,0.334760,-1.268270,0.794829,0.032724,-0.513791,-1.792293,0.031780,-0.497481,-0.696204,0.698421,0.206503,0.284333,-0.335045,0.613929,0.302323,201.466285,1.125598,-1.473981,0.080681,0.178719,2.223069,-0.317006,0.486405,0.126033,0.124667,0.245626,0.120573,0.601047,0.767557,-0.314328,0.373965
0.686075,0.993001,2.938213,0.030456,0.459501,0.308783,-1.255305,0.265274,0.301898,0.270239,0.242661,0.241732,2.574156,-0.026502,0.102347,0.246257,0.012004,0.185084,-1.146155,2.623130,0.011576,-0.078904,-1.494689,7.186072,-0.054672,0.254937,0.823271,0.059040,-0.453424,-0.259022,0.074477,0.205191,886.884443,1.116749,-1.436377,0.352552,0.062665,2.066419,-0.313627,0.743025,0.098664,0.004537,0.130094,0.204477,0.148548,0.690321,0.211004,-0.202473
-0.231863,0.663425,0.599297,0.234623,0.462645,0.202800,-1.385777,0.642652,0.301819,0.081012,0.231611,0.228868,0.667874,0.468028,0.157364,0.126427,0.143032,0.214764,-1.524485,0.911502,0.014450,-0.164417,-1.351790,0.220397,-0.694170,0.054971,0.654731,0.102249,-0.642979,-0.388305,0.109003,0.567665,239.945351,1.358520,-1.362363,0.119987,0.107220,1.305184,-0.888676,-1.037110,0.655447,0.106550,0.166450,0.248787,0.688533,0.755692,-0.581397,-0.104082
-0.231863,0.767494,0.169422,0.195635,0.347593,0.254416,-1.346391,0.437313,0.912898,0.094663,0.455083,0.228340,0.624923,0.468028,0.109497,0.156660,0.228722,0.146356,-1.511622,0.925245,0.585244,-0.605419,-1.495444,0.901557,-0.694170,0.054971,0.598324,0.121709,-0.336726,-0.544134,0.109003,0.124544,67.399097,1.320459,-1.459972,0.370880,0.214494,0.943432,-0.888676,-1.085103,0.782835,0.150772,0.122145,0.343480,0.688533,0.633151,-0.581397,0.269047
0.031749,0.681586,0.469329,0.142378,0.428891,0.361229,-1.429160,0.190531,0.807660,0.281423,0.288853,0.383850,0.596034,0.627228,0.232770,0.252886,0.194731,0.191962,-1.418794,0.924924,0.021398,-0.462124,-2.041663,0.130355,-0.608247,-0.491628,0.742395,0.259781,0.367741,-0.544134,0.907075,0.366711,126.263328,1.237954,-1.363079,0.082461,0.153784,1.990301,-0.320775,0.513122,0.106550,0.175633,0.308895,0.118074,0.883371,0.956432,-0.280309,0.250987
0.597808,0.820519,2.703755,0.023844,0.360825,0.310676,-1.320877,0.284664,0.392578,0.039184,0.091150,0.210658,0.413633,-0.035893,0.083663,0.035386,0.012193,-0.352198,-1.254754,0.747980,-0.002290,0.039703,-1.346732,-0.131227,-0.034078,0.249673,0.744853,0.073241,-0.252124,-0.079216,0.051812,0.199874,863.401002,1.237606,-1.359843,0.039371,0.053228,2.149676,-0.314083,0.691632,0.059853,0.004001,0.114774,0.170595,0.141788,0.560772,0.209399,-0.174774
-0.290710,0.619662,0.642936,0.378877,0.454048,0.260902,-1.318080,0.653134,0.651533,0.098097,0.454605,0.267390,0.655541,0.382791,0.141389,0.194101,0.120992,-0.130009,-1.337207,0.976392,-0.025157,0.063235,-1.783469,0.661898,-0.616071,-0.059951,0.611136,0.182043,-0.395865,-0.328010,0.131692,0.531359,253.710725,1.135841,-1.327715,0.120450,0.140229,1.916541,-0.818826,-1.208469,0.656004,0.093361,0.188234,0.284881,0.587413,0.683114,-0.591333,-0.018523
-0.290710,0.774057,0.163776,0.269392,0.251654,0.368263,-1.226602,0.378818,0.989652,0.070099,0.483524,0.303048,0.575367,0.382791,0.103547,0.154642,0.156465,-0.136514,-1.339407,0.985967,0.382462,-0.179551,-1.197081,0.989186,-0.616071,0.042100,0.641168,0.108794,0.183187,-0.358183,0.131692,0.157332,66.121171,1.206368,-1.356776,0.266669,0.172972,0.872079,-0.826222,-1.298537,0.744002,0.101171,0.151256,0.204847,0.587413,0.656572,-0.591333,0.111430
0.104428,0.706176,0.671477,0.087412,0.400872,0.222675,-1.437950,0.191361,0.676014,0.182688,0.167441,0.278872,0.490338,0.389746,0.175157,0.153858,0.104528,0.140487,-1.539936,0.788052,-0.000399,-0.507248,-1.659777,-0.018656,-0.417968,-0.483800,0.670880,0.156161,0.339623,-0.323081,0.474103,0.301425,188.046436,1.305329,-1.529012,0.047648,0.153834,1.538625,-0.322487,0.535588,0.078310,0.120894,0.303920,0.095909,0.484414,0.799973,-0.230656,0.334438
0.708304,0.829030,2.700148,0.032397,0.348147,0.134178,-1.020064,0.232942,0.325085,0.028879,0.129405,0.175019,0.366687,-0.031702,0.074687,0.037902,0.009372,-0.339099,-0.855046,0.727301,-0.003141,-0.015094,-1.632802,-0.158318,-0.029205,0.254667,0.723373,0.091563,-0.310075,-0.139713,0.052687,0.230189,822.527043,0.878440,-1.388204,0.008325,0.037591,1.740113,-0.310524,0.719406,0.024879,0.001738,0.159576,0.185477,0.100661,0.584581,0.219287,-0.216459
-0.251248,0.639806,0.576708,0.369091,0.445458,0.192907,-1.208345,0.639267,0.439856,0.091600,0.480639,0.209534,0.649958,0.447827,0.176981,0.153390,0.140877,-0.171064,-1.087993,0.950978,-0.003303,-0.077146,-1.966647,0.355137,-0.841630,0.013366,0.677561,0.198051,-0.473865,-0.364555,0.127175,0.563870,220.765229,0.997783,-1.273667,0.124151,0.126445,1.861896,-0.829808,-1.080249,0.644694,0.103044,0.185320,0.238848,0.581157,0.710328,-0.565594,-0.060211
-0.251248,0.799393,0.165275,0.319730,0.350496,0.351041,-1.372812,0.409884,0.884425,0.095428,0.737284,0.284870,0.647626,0.447827,0.135361,0.169431,0.220106,0.131977,-1.501180,0.950978,0.657932,-0.588664,-1.383719,0.729507,-0.841630,0.013366,0.717069,0.136329,-0.110790,-0.358286,0.127175,0.140374,65.403118,1.280125,-1.195857,0.383072,0.215400,0.872929,-0.829808,-1.136909,0.813207,0.131427,0.156017,0.260141,0.581157,0.507954,-0.565594,0.196350
0.025934,0.638644,0.845737,0.133268,0.435013,0.290512,-1.251103,0.197307,0.854178,0.231126,0.313452,0.350304,0.557759,0.444403,0.234178,0.199379,0.126744,0.455095,-1.250827,0.800649,0.003995,-0.534225,-2.171709,-0.004541,-0.423065,-0.711230,0.779009,0.216445,0.368771,-0.413256,0.754816,0.317473,219.526176,1.206491,-1.399261,0.070611,0.154756,2.426949,-0.314004,0.423871,0.131530,0.137046,0.270443,0.120891,0.507683,0.707267,-0.299963,0.299322
0.716086,0.833313,2.392614,0.030259,0.346875,0.288859,-0.964244,0.224567,0.405497,0.017866,0.133606,0.289908,0.422242,-0.033279,0.182342,0.047590,0.018092,0.240384,-0.860116,0.742996,-0.002585,-0.111729,-1.245793,-0.187731,-0.039367,0.264909,0.821942,0.073586,-0.503251,-0.195499,0.052023,0.282954,651.131877,0.847779,-1.424617,0.030218,0.029197,2.045264,-0.316914,0.626236,0.108231,0.004407,0.161501,0.267845,0.126291,0.652563,0.192657,-0.154825
0.178445,0.670555,0.744973,0.298894,0.438729,0.252568,-1.226955,0.502268,0.528845,0.088093,0.374211,0.239563,0.635259,0.616001,0.232134,0.152720,0.151558,0.000322,-1.193555,0.966410,0.166476,0.134370,-1.370459,0.902510,-0.884248,0.000183,0.763270,0.142054,-0.640537,-0.315579,0.144022,0.630861,268.991752,1.086941,-1.370635,0.151122,0.131026,2.398300,-0.829942,-0.904798,0.681507,0.112339,0.201100,0.336497,0.629720,0.762440,-0.531661,-0.064962
0.182052,0.691168,0.167032,0.286069,0.279231,0.323109,-1.371081,0.261464,0.895284,0.069160,0.520793,0.353809,0.629319,0.616001,0.159829,0.171449,0.222660,0.278317,-1.542240,0.966410,0.518413,-0.477625,-1.366713,1.171013,-0.884248,0.099228,0.737835,0.156899,-0.038111,-0.438655,0.144022,0.099946,65.679139,1.330366,-1.430167,0.305361,0.205205,0.967716,-0.829942,-0.905566,0.719993,0.141211,0.118830,0.235453,0.629720,0.675744,-0.518362,0.173085
0.121454,0.626906,1.235891,0.087065,0.395530,0.458363,-1.261056,0.214507,0.628794,0.193641,0.228883,0.463099,0.515901,0.387589,0.253551,0.227060,0.123957,0.389352,-1.273490,0.779643,0.057515,-0.335682,-2.119500,0.091389,-0.758755,-0.444458,0.755171,0.194665,0.189602,-0.350516,0.549779,0.416221,353.636649,1.110662,-1.321470,0.063905,0.139292,1.816776,-0.311813,0.448850,0.074552,0.110937,0.314057,0.121551,0.654295,0.834510,-0.208142,0.129343
0.815216,0.854316,3.636930,0.020928,0.345430,0.175672,-1.364737,0.232967,0.207714,0.039733,0.089152,0.299896,0.396828,-0.041509,0.113775,0.052381,0.020801,-0.704086,-1.350058,0.761427,0.006792,0.146171,-1.600763,-0.110186,-0.091586,0.238255,0.831930,0.078425,-0.475438,-0.065789,0.055136,0.248169,1082.002819,1.332223,-1.414717,0.042739,0.057825,1.908195,-0.309007,0.742929,0.059264,0.006365,0.271090,0.185152,0.232458,0.868810,0.199362,-0.193333
-0.572463,0.623932,0.992447,0.360180,0.463565,0.228303,-1.275865,0.741777,0.264737,0.070286,0.363678,0.277032,0.700762,0.283977,0.184395,0.131873,0.131166,-0.046429,-1.206116,0.898823,-0.027797,0.117216,-1.746774,0.197697,-0.826541,-0.027317,0.751336,0.144298,-0.668126,-0.215971,0.108997,0.594856,376.505927,1.163205,-1.457714,0.103662,0.109019,1.765453,-0.797922,-1.283152,0.644206,0.087307,0.266322,0.234218,0.756329,0.892150,-0.681409,-0.050029
-0.572463,0.870054,0.163447,0.267177,0.349348,0.415688,-1.234556,0.525433,0.974345,0.065568,0.639273,0.349422,0.611848,0.283977,0.136296,0.096987,0.185580,0.485141,-1.301252,0.999912,0.662277,-0.425703,-1.459938,0.812219,-0.826541,0.015044,0.651302,0.091120,-0.249884,-0.473962,0.109245,0.213470,66.105692,1.162880,-1.456754,0.363305,0.184798,1.026785,-0.856065,-1.443125,0.781469,0.092267,0.156239,0.350276,0.756329,0.644404,-0.681409,0.154648
-0.020518,0.674346,0.637204,0.121429,0.416668,0.239371,-1.535182,0.209754,0.801102,0.174427,0.367156,0.328261,0.540612,0.526680,0.203434,0.263067,0.136819,0.380041,-1.750331,0.792268,0.026971,-0.392775,-1.946165,-0.008531,-0.647772,-0.937531,0.777102,0.204752,0.382698,-0.494720,0.448004,0.361574,196.924023,1.522049,-1.415864,0.074327,0.141973,2.150570,-0.311390,0.500279,0.092347,0.140452,0.249011,0.118703,0.637212,0.911657,-0.095567,0.154213
0.620677,0.818779,3.144927,0.034049,0.379957,0.193956,-1.003353,0.266547,0.379757,0.034355,0.100290,0.243517,0.407598,-0.031456,0.093730,0.031142,0.013537,-0.054948,-0.908933,0.720171,-0.008708,-0.170249,-1.392181,-0.194460,-0.042532,0.265110,0.784654,0.066471,-0.408905,-0.176722,0.057192,0.295620,942.123431,0.935391,-1.305060,0.012126,0.044370,1.980854,-0.311408,0.744425,0.028762,0.004134,0.131462,0.228715,0.160636,0.698974,0.231892,-0.178474
-0.311524,0.625075,0.786181,0.212336,0.455769,0.223158,-1.235729,0.652444,0.292540,0.087104,0.220454,0.218812,0.685236,0.505703,0.150429,0.119387,0.145466,0.247439,-1.301801,0.883657,-0.022504,-0.215949,-1.916995,0.067079,-0.741480,0.041462,0.655835,0.145618,-0.628972,-0.378519,0.125172,0.569216,310.483329,1.141749,-1.324344,0.118400,0.120859,1.716458,-0.876407,-1.027302,0.613133,0.107525,0.219497,0.232111,0.713848,0.865039,-0.586166,-0.017383
-0.311524,0.770019,0.167637,0.181071,0.380452,0.404743,-1.213615,0.429697,0.938032,0.119060,0.500680,0.227078,0.667644,0.505703,0.108508,0.160189,0.236377,0.247439,-1.373719,0.931062,0.747392,-0.626210,-1.260834,0.830997,-0.741480,0.000054,0.631431,0.122288,-0.348617,-0.432744,0.125172,0.142681,66.117636,1.208351,-1.304916,0.405338,0.222304,1.049569,-0.876407,-1.104782,0.784805,0.163165,0.134001,0.365434,0.713848,0.452895,-0.586166,0.362069
0.096158,0.729525,1.135687,0.134768,0.429661,0.352520,-1.253304,0.189389,0.772019,0.230095,0.384109,0.266858,0.608757,0.453235,0.234099,0.245394,0.157785,0.382229,-1.308800,0.840465,0.055358,-0.462077,-1.914097,-0.012623,-0.354703,-0.577453,0.709808,0.222069,0.269484,-0.536517,0.619726,0.252785,325.436518,1.249163,-1.420026,0.081514,0.138639,1.967855,-0.316519,0.525650,0.110263,0.140932,0.220408,0.132050,0.663231,0.863262,-0.423789,0.179740
0.677570,0.870204,3.233474,0.019027,0.376071,0.286817,-1.155377,0.232304,0.316230,0.027725,0.087984,0.360356,0.426119,-0.044502,0.123667,0.026018,0.018344,0.255105,-1.067331,0.724162,-0.008414,-0.047190,-1.448908,-0.233902,-0.078722,0.273402,0.807558,0.042721,-0.512195,-0.198809,0.052909,0.293629,1038.033358,1.126288,-1.301524,0.024418,0.036312,1.830530,-0.303271,0.755541,0.038405,0.005154,0.204369,0.242614,0.201971,0.594477,0.249636,-0.160562
-0.169134,0.729508,1.049926,0.260112,0.485743,0.244183,-1.134531,0.574202,0.402287,0.103595,0.266092,0.401461,0.722402,0.446516,0.198410,0.161422,0.146627,0.285099,-1.019319,1.023497,0.108978,-0.360512,-1.678291,-0.121778,-0.803457,-0.089888,0.732465,0.183894,-0.686572,-0.518344,0.136219,0.588452,450.959242,0.895330,-1.404332,0.125270,0.139864,1.728951,-0.892727,-1.485455,0.774159,0.125730,0.243787,0.286846,0.831653,0.768323,-0.713819,0.026806
-0.169134,0.972478,0.176085,0.211180,0.363200,0.257476,-1.206082,0.443714,0.967923,0.086939,0.487128,0.225018,0.718967,0.446516,0.156338,0.152103,0.217385,0.269659,-1.256269,1.074546,0.738011,-0.360512,-1.449152,0.794462,-0.803457,-0.089888,0.696513,0.087348,-0.280588,-0.204575,0.140292,0.108409,69.558661,1.069148,-1.416137,0.385073,0.207087,1.119564,-0.892727,-1.555795,0.881736,0.145738,0.164046,0.336969,0.831653,0.606234,-0.713819,0.255351
0.072398,0.740533,1.266168,0.160790,0.420928,0.406108,-1.427496,0.194334,0.740990,0.291003,0.351544,0.238416,0.614250,0.696250,0.195000,0.277281,0.201931,0.314069,-1.657277,0.830947,0.100164,-0.623265,-1.705793,0.064469,-0.514917,-0.532183,0.648718,0.203967,0.239592,-0.517103,0.810345,0.270047,347.013621,1.392810,-1.371341,0.100115,0.183644,0.797970,-0.325019,0.500056,0.134696,0.184040,0.288054,0.130316,0.619869,0.921363,-0.208508,0.248001
0.643743,0.888845,3.605882,0.033702,0.366161,0.210033,-0.796993,0.274847,0.265316,0.038572,0.111219,0.176794,0.395217,-0.037935,0.075133,0.031869,0.015297,0.034537,-0.756925,0.727741,-0.002322,0.006043,-1.336535,-0.199928,-0.038786,0.242477,0.729477,0.060257,-0.368208,-0.182932,0.052514,0.240517,1066.159052,0.895567,-1.224290,0.018370,0.059271,1.938116,-0.310094,0.822307,0.031997,0.005038,0.119632,0.181688,0.173225,0.646261,0.235821,-0.185620
-0.176924,0.647517,0.646840,0.229640,0.442115,0.237136,-1.288336,0.605887,0.368830,0.074474,0.254204,0.220109,0.657428,0.471718,0.138923,0.127683,0.155200,0.105724,-1.433092,0.931845,0.030556,-0.139882,-1.873229,0.169444,-0.796655,0.064718,0.635099,0.139688,-0.580968,-0.393790,0.118438,0.547757,259.999048,1.203017,-1.347469,0.133587,0.109270,1.674135,-0.859496,-0.970120,0.624161,0.103186,0.177523,0.234132,0.672292,0.662372,-0.528358,-0.080484
-0.176924,0.719985,0.168435,0.201557,0.336530,0.374018,-1.184640,0.383684,0.850381,0.088079,0.563193,0.202936,0.630269,0.471718,0.109074,0.149605,0.237269,0.121988,-1.132203,0.944004,0.701882,-0.522785,-1.586658,0.825479,-0.796655,0.066529,0.641445,0.097812,-0.271688,-0.294804,0.118438,0.115157,66.627023,0.968427,-1.327885,0.361896,0.202047,1.013781,-0.859496,-0.988865,0.758450,0.135262,0.132937,0.293365,0.672292,0.618963,-0.528358,0.207600
0.100973,0.715666,1.205992,0.137408,0.418100,0.291886,-1.319438,0.178334,0.718893,0.255049,0.312586,0.306941,0.569813,0.590625,0.199518,0.271692,0.148301,0.455947,-1.425894,0.845933,0.017808,-0.686092,-1.657003,0.081200,-0.597977,-0.735377,0.678026,0.219092,0.250340,-0.496143,0.855443,0.266556,359.155372,1.226675,-1.451087,0.081964,0.144051,1.973514,-0.317094,0.463474,0.123296,0.150665,0.242109,0.131446,0.512076,0.857213,-0.353739,0.252095
0.604103,1.008615,2.854723,0.023940,0.368668,0.208758,-1.283191,0.270910,0.281856,0.039995,0.081847,0.201396,0.421889,-0.035624,0.099763,0.047737,0.016903,0.028349,-1.368382,0.744490,-0.005840,-0.061901,-1.458642,-0.168179,-0.047440,0.226110,0.775063,0.079961,-0.396376,-0.175960,0.053012,0.216943,874.809830,1.257898,-1.273748,0.046837,0.058441,1.994787,-0.316275,0.804634,0.072808,0.005310,0.190166,0.203224,0.152848,0.608219,0.238681,-0.207407
-0.265132,0.712731,0.635004,0.275516,0.457525,0.297157,-1.220640,0.628819,0.524308,0.091250,0.336179,0.304986,0.698139,0.532209,0.182448,0.136924,0.155577,0.282135,-1.247566,0.962745,0.331067,-0.151702,-2.001804,0.296437,-0.787011,0.015919,0.686469,0.125366,-0.651444,-0.358996,0.111281,0.570858,266.207897,1.132824,-1.249419,0.160055,0.140561,1.656757,-0.805206,-1.093538,0.714392,0.117542,0.183398,0.310817,0.708412,0.722483,-0.677323,0.023623
-0.257147,0.797777,0.170325,0.189973,0.362037,0.432625,-1.183228,0.378806,1.080747,0.087516,0.515131,0.313758,0.620307,0.322963,0.143880,0.131856,0.229136,0.435066,-1.262547,0.962745,0.766119,-0.596664,-1.322788,0.856903,-0.787011,0.016790,0.681813,0.157517,-0.077125,-0.604845,0.111281,0.247656,66.715389,1.162962,-1.269377,0.374334,0.224798,1.046343,-0.839252,-1.212909,0.832510,0.111560,0.124850,0.280540,0.708412,0.771835,-0.677323,0.256796
-0.128532,0.568744,1.569143,0.155715,0.426660,0.390857,-1.383270,0.281129,0.903787,0.406707,0.395293,0.340522,0.613919,0.740429,0.184660,0.295060,0.157548,0.316641,-1.504416,0.902022,0.023036,-0.541867,-1.841955,0.276312,-0.629151,-1.524128,0.728458,0.231960,0.287144,-0.431107,1.406990,0.405171,453.015908,1.393155,-1.475568,0.097839,0.219996,1.854881,-0.307914,0.392796,0.083016,0.167648,0.296903,0.166936,0.710641,1.001225,-0.336171,0.555719
0.731846,0.872302,2.950669,0.028641,0.344794,0.213250,-1.260139,0.215733,0.279678,0.027612,0.093065,0.239317,0.399946,-0.035911,0.068708,0.048789,0.016693,-0.100961,-1.388906,0.728963,-0.007759,-0.049023,-1.431630,-0.165946,-0.085661,0.240507,0.747295,0.082931,-0.461532,-0.284752,0.056326,0.302707,806.026959,1.233587,-1.465940,0.031118,0.048029,1.924046,-0.319243,0.674884,0.068521,0.004135,0.117777,0.219367,0.178723,0.687951,0.189649,-0.212468
-0.014617,0.503614,0.208192,0.234339,0.373854,0.218720,-1.438515,0.431161,0.616844,0.114951,0.558732,0.261941,0.579643,0.409773,0.107525,0.201472,0.179805,0.074670,-1.524852,1.012547,0.501931,-0.317545,-1.384451,0.439104,-0.758998,0.090024,0.610091,0.099040,-0.584619,-0.390933,0.111438,0.423010,73.187898,1.328694,-1.233505,0.380459,0.132723,1.440916,-0.793904,-0.946535,0.508259,0.092188,0.144166,0.464979,0.676121,0.357549,-0.458068,-0.121654
0.368577,1.269992,0.251189,0.003554,0.252833,0.054129,-0.811665,0.040481,-0.083492,0.007705,0.013544,0.067739,0.259963,-0.044596,0.014887,0.008539,0.002788,-0.062915,-0.772549,0.709847,0.002951,-0.006787,-0.967535,-0.170244,-0.007665,0.255074,0.459081,0.018763,-0.209106,-0.163449,0.049143,0.071770,100.271808,0.979742,-1.309920,0.004821,0.024214,1.681236,-0.303860,1.228334,0.019203,0.000710,0.059375,0.037306,0.123773,0.176597,0.091580,-0.261941
0.385541,1.286242,0.312317,0.003016,0.241364,0.053240,-0.659382,0.052747,-0.093395,0.001510,0.009732,0.022371,0.245275,-0.044264,0.005827,0.008090,0.001617,-0.257387,-0.587163,0.707971,-0.001625,0.050584,-1.047925,-0.190873,-0.007328,0.293383,0.462104,0.004849,-0.215195,-0.145554,0.049280,0.057692,80.491937,0.985546,-1.186039,0.002222,0.004950,2.128700,-0.301767,1.265682,0.013811,0.000561,0.020141,0.033650,0.117820,0.244209,0.075153,-0.327184
0.464654,1.269513,1.854486,0.027207,0.286469,0.296915,-0.959286,0.130422,0.109707,0.018568,0.075044,0.310346,0.312673,-0.042570,0.119668,0.024861,0.011037,0.156657,-0.901736,0.728096,0.039519,0.030494,-1.444429,-0.050458,-0.001938,0.255360,0.650502,0.034562,-0.001901,-0.081882,0.048723,0.086230,492.896551,0.974525,-1.430898,0.016515,0.022868,2.104525,-0.299860,1.131299,0.081764,0.003116,0.296692,0.036359,0.151464,0.148721,-0.004855,-0.274042
-0.379020,0.616631,0.162438,0.171173,0.266634,0.539053,-1.434874,0.483212,0.988452,0.096874,0.309194,0.322339,0.654895,0.497422,0.148371,0.219205,0.259633,-0.285953,-1.500443,0.998026,0.266780,-0.062601,-1.288197,1.457952,-0.825087,-0.053737,0.752476,0.210859,-0.468129,-0.199137,0.169488,0.167289,63.999280,1.250402,-1.091342,0.317427,0.170464,1.093570,-0.917615,-1.048262,0.503929,0.120980,0.187190,0.440400,0.693605,0.341591,-0.632342,0.068269
0.467650,0.548540,0.692191,0.212483,0.271886,0.343307,-1.635604,0.106056,0.907156,0.071461,0.530761,0.448069,0.388513,0.497739,0.233956,0.268534,0.201217,0.729631,-1.872690,0.900083,0.123266,-0.571410,-1.522720,0.278769,-0.646031,-0.530255,0.928958,0.224015,0.484081,-0.624420,0.180152,0.184095,188.781281,1.576366,-1.471500,0.083989,0.176056,2.172743,-0.592298,0.444038,0.080323,0.109347,0.198200,0.130689,0.484943,0.539133,-0.586160,0.292958
0.705843,0.690203,0.624735,0.032771,0.273077,0.428351,-1.141408,0.078018,0.517859,0.018388,0.086040,0.268386,0.310168,-0.035269,0.179403,0.059899,0.018155,-0.499225,-1.102276,0.733392,-0.007368,0.084617,-1.471000,-0.328803,-0.051556,0.060021,0.771363,0.071555,0.181573,-0.402944,0.050262,0.070634,150.915474,0.992599,-1.397586,0.025046,0.036051,1.882249,-0.315974,0.614083,0.040045,0.003174,0.303090,0.097953,0.117826,0.278796,-0.153395,-0.130425
0.885973,0.720555,0.231474,0.163263,0.254108,0.196265,-1.108532,0.087341,0.300936,0.018116,0.321900,0.172778,0.312054,0.043330,0.102039,0.064061,0.056280,-0.928285,-1.004987,0.716338,-0.010146,0.157098,-1.436262,-0.076629,-0.391284,0.074350,0.615801,0.118698,-0.076536,-0.368809,0.052294,0.153900,83.645300,1.081613,-1.435574,0.027630,0.034206,1.519642,-0.406377,0.468640,0.087804,0.018484,0.213791,0.126196,0.367695,0.419221,-0.321451,-0.131095
0.577961,0.661188,0.189100,0.229710,0.215433,0.385612,-1.118087,0.243773,0.410998,0.026635,0.479727,0.394553,0.312054,0.043330,0.103988,0.130895,0.117986,-0.221541,-1.060603,0.794438,0.059367,-0.224410,-1.189941,0.107691,-0.391284,0.074350,0.601466,0.123090,-0.076536,-0.433124,0.117873,0.191083,68.564054,1.155404,-1.425427,0.062007,0.089374,1.301809,-0.432829,0.403409,0.150371,0.033099,0.160454,0.151803,0.458765,0.419221,-0.321451,-0.131095
0.481864,0.963028,0.185028,0.101595,0.201163,0.259044,-1.011069,0.133862,0.271187,0.031171,0.220066,0.215316,0.237232,-0.003172,0.070126,0.098074,0.106560,0.068666,-0.659928,0.731604,0.059367,-0.224410,-1.096658,0.052316,-0.386200,0.006889,0.550269,0.101889,-0.090953,-0.433124,0.063263,0.057493,48.167421,0.632892,-1.361706,0.029092,0.050072,1.212543,-0.385593,0.574733,0.199733,0.014188,0.110936,0.107539,0.458765,0.266405,0.110357,-0.191822
0.475577,1.184756,0.772963,0.026299,0.262905,0.133520,-1.361237,0.076924,0.010824,0.008763,0.075759,0.109308,0.378706,-0.038273,0.041860,0.019195,0.008996,0.122983,-1.319935,0.719085,0.018584,-0.110741,-1.018075,-0.173011,-0.054290,0.218226,0.550269,0.048438,-0.145119,-0.372541,0.054286,0.038571,187.567616,1.243410,-1.286464,0.042159,0.030341,2.192997,-0.310541,1.087167,0.031803,0.002959,0.050704,0.052151,0.141477,0.324062,0.000676,-0.184100
0.512423,0.761190,0.855371,0.085679,0.365751,0.221459,-1.413686,0.272467,0.954537,0.075605,0.206584,0.218039,0.616921,0.234980,0.044223,0.070650,0.120646,0.050816,-1.625765,0.874232,0.136694,-0.039753,-1.300765,0.634376,-0.420355,-0.133925,0.557523,0.083174,-0.145119,-0.332418,0.269393,0.053935,262.454281,1.520529,-1.154823,0.202416,0.148177,2.199623,-0.651412,-0.521630,0.676470,0.060116,0.125574,0.381339,0.815195,0.688167,-0.977038,0.219426
0.155871,0.477275,0.165428,0.141746,0.303603,0.269989,-1.283151,0.334279,1.003725,0.163293,0.407624,0.165657,0.580927,0.382444,0.113125,0.093695,0.194571,0.145539,-1.483223,0.874232,0.579473,-0.479495,-1.348072,0.725480,-0.470797,-0.578298,0.599115,0.169840,0.443961,-0.606668,0.456621,0.130170,66.048723,1.404636,-1.341700,0.329536,0.202831,1.036055,-0.666761,-0.521630,0.487432,0.125178,0.245639,0.130537,0.815195,0.865378,-0.400716,0.188327
0.071639,0.519958,0.293824,0.053132,0.385741,0.274474,-1.292898,0.221965,0.986977,0.026776,0.130703,0.176579,0.538732,0.159016,0.170097,0.092257,0.060696,0.140931,-1.378655,0.824946,0.008185,-0.404358,-1.556211,-0.087157,-0.252005,0.117952,0.727490,0.127606,0.377648,-0.156579,0.084416,0.303184,85.074820,1.158779,-1.389995,0.054795,0.087629,0.462872,-0.318002,0.397151,0.075082,0.029586,0.233450,0.160565,0.342149,0.534557,-0.004881,0.173767
0.684107,0.818404,2.835165,0.053305,0.364100,0.267033,-1.231087,0.262872,0.427457,0.029093,0.166321,0.300896,0.428572,-0.010326,0.059836,0.022893,0.018253,0.056154,-1.111929,0.725727,0.007700,-0.033413,-1.408548,-0.183287,-0.041897,0.250123,0.701209,0.040405,-0.416872,-0.205823,0.067444,0.257872,825.854146,1.139965,-1.344308,0.040543,0.052086,2.122464,-0.314555,0.616258,0.085583,0.005258,0.136110,0.258174,0.127325,0.657562,0.209778,-0.202756
0.020213,0.639474,0.635666,0.180202,0.442142,0.205083,-1.114988,0.549240,0.241324,0.064814,0.200483,0.256082,0.660622,0.409435,0.169536,0.121577,0.128055,0.108942,-1.017193,0.899214,0.211981,-0.137432,-1.514130,0.150334,-0.715737,-0.002482,0.665346,0.118749,-0.636118,-0.328888,0.111284,0.455651,261.030475,0.828519,-1.381473,0.118524,0.101495,0.856987,-0.647147,-0.907430,0.628847,0.089191,0.187994,0.228422,0.557780,0.745177,-0.517515,-0.083984
0.020213,0.688142,0.166210,0.141738,0.327026,0.329994,-1.428313,0.302417,0.698892,0.072502,0.479044,0.242738,0.660622,0.409435,0.124161,0.137304,0.191579,0.095392,-1.694563,0.904773,0.623411,-0.419598,-1.551788,0.705097,-0.715737,0.090333,0.657922,0.075874,-0.348900,-0.224122,0.111284,0.071303,67.168049,1.479592,-1.463061,0.355694,0.194738,0.902045,-0.725255,-0.907430,0.730138,0.124294,0.168226,0.285403,0.557780,0.678971,-0.517515,0.188894
0.113158,0.652970,0.537182,0.095861,0.436763,0.288040,-1.261608,0.209043,0.786667,0.164473,0.261919,0.172430,0.519489,0.486535,0.172954,0.219110,0.122393,0.431752,-1.311465,0.800732,0.076088,-0.409660,-1.524286,-0.060954,-0.453225,-0.642727,0.659629,0.203654,0.435260,-0.360679,0.481975,0.196869,151.716987,1.129849,-1.390546,0.044939,0.115111,1.615715,-0.324978,0.467084,0.146400,0.120395,0.224684,0.097895,0.381246,0.866643,-0.406637,0.164402
0.646100,0.834549,2.958236,0.037263,0.346866,0.401769,-1.032660,0.199846,0.479100,0.014776,0.144406,0.279957,0.410862,-0.029244,0.181954,0.034086,0.007240,0.126306,-0.936676,0.730139,0.001136,-0.129641,-1.406920,-0.158105,-0.052140,0.269094,0.745028,0.074699,-0.432312,-0.265120,0.053311,0.307912,901.265119,1.020744,-1.384738,0.036102,0.034491,1.820676,-0.319207,0.553054,0.164861,0.002144,0.230723,0.282550,0.100513,0.576247,0.212244,-0.221062
-0.099300,0.717133,0.687315,0.236584,0.449760,0.207291,-1.048074,0.556565,0.489534,0.082484,0.298594,0.243377,0.672899,0.587102,0.197444,0.117416,0.152494,0.169090,-1.066574,0.918824,0.187923,-0.207319,-1.698994,0.226764,-0.711137,0.010379,0.704428,0.148666,-0.557812,-0.420558,0.126525,0.585218,276.110999,1.034429,-1.288159,0.151465,0.136759,1.345813,-0.807864,-0.958692,0.679336,0.115786,0.218629,0.267016,0.617757,0.720522,-0.616228,0.054611
-0.099300,0.725811,0.163667,0.203932,0.369536,0.417215,-1.263992,0.365272,0.995060,0.098286,0.564956,0.196684,0.672899,0.587102,0.138840,0.150930,0.232233,0.169090,-1.360539,0.928031,0.688984,-0.522497,-1.192419,0.815241,-0.711137,0.036637,0.682544,0.123409,-0.208134,-0.394519,0.126525,0.131924,66.334976,1.275679,-1.353988,0.398638,0.229110,1.015561,-0.807864,-1.048179,0.758444,0.159894,0.170619,0.337070,0.617757,0.680921,-0.616228,0.318512
-0.025454,0.731035,0.942670,0.139368,0.438234,0.268452,-1.448047,0.188718,0.816806,0.332045,0.335852,0.301172,0.637786,0.629655,0.226125,0.291405,0.204920,0.338372,-1.688270,0.867938,-0.001274,-0.628828,-1.707649,0.130076,-0.520488,-1.076993,0.816414,0.240382,0.252078,-0.395079,1.042705,0.338344,276.379346,1.483809,-1.530073,0.104609,0.202942,2.296441,-0.319967,0.479646,0.143105,0.194892,0.323782,0.158926,0.693967,1.000252,-0.311950,0.292913
0.494833,0.898456,2.476795,0.035784,0.378996,0.225387,-1.079035,0.327289,0.319025,0.041231,0.119513,0.261970,0.411822,-0.023883,0.134220,0.044426,0.011404,-0.063327,-0.993627,0.732773,-0.005011,-0.239488,-1.694373,-0.127468,-0.036009,0.212471,0.830837,0.092299,-0.406736,-0.277035,0.055374,0.222166,773.673544,0.976675,-1.394566,0.022454,0.065254,1.828312,-0.320681,0.839228,0.039526,0.003974,0.224798,0.206513,0.103944,0.632800,0.200663,-0.140513
-0.208084,0.684527,0.904083,0.274849,0.446391,0.230979,-1.243282,0.638317,0.436379,0.098772,0.344374,0.410128,0.677591,0.620178,0.230438,0.116905,0.145318,0.347394,-1.297934,0.955475,0.190300,-0.021745,-1.903587,0.319634,-0.673191,-0.038827,0.777336,0.146233,-0.705022,-0.378705,0.111461,0.507906,324.407826,1.122356,-1.516014,0.158574,0.137889,1.231072,-0.789681,-1.011103,0.689875,0.122429,0.230363,0.301034,0.564329,0.875262,-0.586641,0.094732
-0.208084,0.747492,0.165227,0.226445,0.311579,0.439622,-1.272417,0.335413,0.845508,0.076575,0.603672,0.305880,0.639952,0.595526,0.153993,0.105891,0.196346,0.207721,-1.317200,0.955475,0.660345,-0.565631,-1.176508,0.754086,-0.673191,0.096163,0.753633,0.107686,-0.191029,-0.333458,0.111461,0.124870,62.361111,1.115508,-1.310783,0.321818,0.200573,1.064077,-0.789681,-1.019336,0.778867,0.130097,0.145463,0.258669,0.564329,0.679361,-0.586235,0.196442
-0.032419,0.631502,0.239242,0.113319,0.431364,0.498868,-1.280149,0.217102,0.884813,0.212276,0.252804,0.306434,0.585505,0.467273,0.201189,0.193455,0.120998,0.260475,-1.291279,0.790914,0.010340,-0.227784,-1.909651,0.048251,-0.610728,-0.833588,0.663420,0.178258,0.364131,-0.322096,0.670291,0.325959,67.806502,1.151115,-1.296932,0.080407,0.154479,1.433561,-0.320343,0.470564,0.103459,0.126071,0.299779,0.119588,0.709282,1.037458,-0.255267,0.341209
0.659081,0.777865,2.969450,0.024807,0.393446,0.247917,-1.098472,0.333333,0.382673,0.047538,0.084773,0.207923,0.445299,-0.014444,0.085617,0.029939,0.016601,0.057241,-1.047852,0.729915,-0.012718,0.045789,-1.447406,-0.160158,-0.060417,0.248868,0.828288,0.059451,-0.433688,-0.144001,0.066330,0.251360,897.549200,0.970634,-1.315203,0.044275,0.064682,2.068536,-0.318069,0.641756,0.054395,0.006450,0.145009,0.230305,0.121530,0.793774,0.234559,-0.169739
-0.650736,0.548204,0.668883,0.275021,0.446116,0.219904,-1.215830,0.857825,0.190532,0.091888,0.271094,0.310286,0.666107,0.547697,0.135296,0.119761,0.131951,0.398846,-1.127058,0.918149,0.113766,-0.196023,-1.298723,0.169684,-0.631862,0.048244,0.663074,0.147096,-0.723495,-0.462842,0.114779,0.609304,251.632369,0.942920,-1.322254,0.119799,0.101309,1.543933,-0.990210,-1.065954,0.584210,0.119334,0.268589,0.239892,0.635162,1.003386,-0.590565,-0.096007
-0.650736,0.755472,0.171450,0.231222,0.346770,0.250174,-1.378058,0.540346,0.827534,0.095535,0.548424,0.243757,0.578838,0.547697,0.118201,0.114590,0.205375,0.211940,-1.571856,0.943478,0.679750,-0.527921,-1.254529,0.819077,-0.631862,0.050228,0.658208,0.083260,-0.431979,-0.277380,0.114779,0.101097,67.045753,1.367860,-1.402062,0.362579,0.202359,1.101597,-0.990210,-1.088577,0.774113,0.152649,0.168051,0.365844,0.635162,0.623240,-0.590565,0.254210
0.027930,0.619798,0.360343,0.102222,0.439694,0.308416,-1.409939,0.199586,0.925860,0.203967,0.238389,0.260015,0.595003,0.497008,0.192345,0.183757,0.132968,0.217206,-1.519774,0.800930,-0.006965,-0.379646,-1.966913,-0.009666,-0.574363,-0.687514,0.714655,0.211834,0.444822,-0.432282,0.617823,0.268808,110.230941,1.308468,-1.353098,0.077599,0.156775,0.980171,-0.321034,0.422754,0.146484,0.144468,0.236348,0.118452,0.594559,0.821849,-0.411218,0.313398
0.654304,0.770239,3.006701,0.021352,0.363787,0.205402,-1.063774,0.298166,0.476561,0.039169,0.070643,0.192964,0.394087,-0.028048,0.086258,0.023928,0.007762,-0.133485,-0.942026,0.727387,0.001347,0.042140,-1.598948,-0.159506,-0.017883,0.256787,0.766416,0.069321,-0.291933,-0.185888,0.055227,0.257250,878.971365,0.979886,-1.372011,0.025971,0.067570,2.084376,-0.316412,0.581274,0.058061,0.002889,0.193007,0.203873,0.101196,0.544230,0.276089,-0.166270
-0.236689,0.637202,0.777533,0.219008,0.444688,0.282884,-1.311298,0.700650,0.440342,0.085294,0.257620,0.254047,0.658089,0.448844,0.211844,0.116332,0.132427,0.213329,-1.279105,0.922908,0.052992,-0.181084,-1.733747,0.146840,-0.718676,-0.021350,0.792672,0.143545,-0.517332,-0.403488,0.121695,0.518651,312.198373,1.161864,-1.370193,0.129106,0.127002,2.104269,-0.828764,-1.027066,0.626440,0.105258,0.203290,0.236967,0.609090,0.616346,-0.607506,-0.017140
-0.236689,0.755939,0.166870,0.188739,0.360005,0.346505,-1.283488,0.415930,0.981063,0.100355,0.513369,0.274645,0.658089,0.448844,0.155734,0.145834,0.214712,0.216727,-1.423139,0.931329,0.661356,-0.597633,-1.178303,0.783634,-0.718676,0.061721,0.779091,0.111936,-0.225023,-0.350396,0.121695,0.134205,66.049081,1.327209,-1.459184,0.387609,0.227662,1.060070,-0.828764,-1.053842,0.778997,0.155355,0.142429,0.326985,0.609090,0.616576,-0.607506,0.298385
0.058815,0.642406,0.935641,0.135644,0.451733,0.310916,-1.303639,0.224861,0.887005,0.255309,0.294232,0.241636,0.634625,0.691484,0.232039,0.238842,0.168164,0.230162,-1.440542,0.883585,0.047846,-0.544309,-1.683036,0.050244,-0.548705,-0.761529,0.763474,0.243857,0.330977,-0.604202,0.808778,0.280105,270.849361,1.336915,-1.568992,0.088121,0.169042,1.378075,-0.313301,0.408567,0.158667,0.181139,0.302397,0.135849,0.575355,0.922534,-0.677252,0.222732
0.770166,0.918731,2.831189,0.023163,0.343967,0.214078,-0.882900,0.224574,0.397404,0.025246,0.112982,0.270179,0.404353,-0.031072,0.086445,0.028099,0.007796,0.151356,-0.854076,0.722838,-0.005321,-0.035073,-1.796000,-0.185260,-0.052320,0.254653,0.768967,0.063998,-0.407919,-0.163477,0.053930,0.256375,907.974039,0.955382,-1.446740,0.032666,0.039062,1.889196,-0.311090,0.622162,0.101550,0.002892,0.228422,0.239023,0.128863,0.611060,0.210904,-0.227857
-0.072983,0.704567,0.456561,0.230810,0.454238,0.188577,-0.902912,0.563859,0.507161,0.084965,0.277903,0.230335,0.683457,0.490027,0.176285,0.127280,0.128900,0.032707,-0.409436,0.953025,0.193145,-0.105067,-1.736794,0.423589,-0.727462,0.022959,0.664862,0.137784,-0.615909,-0.347287,0.149216,0.591517,206.647568,0.305409,-1.318438,0.146632,0.133011,0.725319,-0.785085,-0.992223,0.688130,0.096979,0.199425,0.299986,0.632552,0.719484,-0.581422,0.037742
-0.072983,0.732785,0.160680,0.171146,0.321134,0.357725,-1.324268,0.356014,0.992333,0.075958,0.547923,0.249005,0.664118,0.490027,0.129542,0.170440,0.207881,0.096743,-1.323042,0.953025,0.639831,-0.400946,-1.144837,0.937348,-0.727462,0.022959,0.634545,0.128348,-0.200464,-0.231174,0.149216,0.160261,62.366974,1.178033,-1.298061,0.347360,0.207275,1.084819,-0.785085,-1.018865,0.752099,0.130188,0.168344,0.317386,0.632552,0.366841,-0.581422,0.174035
-0.148083,0.648134,0.216416,0.221306,0.418968,0.305827,-1.481507,0.211476,1.088516,0.229717,0.509689,0.466222,0.585242,0.470457,0.253360,0.205717,0.148629,0.329912,-1.504477,0.877531,0.055687,-0.638361,-1.699141,-0.021588,-0.477579,-0.515633,0.880873,0.251606,0.553211,-0.517864,0.813986,0.348624,65.182452,1.309979,-1.536782,0.082920,0.219471,0.935236,-0.326795,0.461079,0.138208,0.149674,0.298382,0.126817,0.659082,0.593027,-0.510422,0.477408
0.564943,0.898416,2.186293,0.026889,0.336844,0.255640,-1.289130,0.251840,0.613629,0.019487,0.138709,0.270640,0.440178,-0.034891,0.116010,0.054228,0.016425,-0.293353,-1.391851,0.735381,0.014010,-0.008123,-1.631118,-0.100830,-0.034311,0.242970,0.704643,0.083258,-0.335053,-0.232425,0.057268,0.302682,635.529230,1.233868,-1.396713,0.052631,0.034315,1.956728,-0.318332,0.620279,0.134607,0.001847,0.124679,0.290777,0.126954,0.366229,0.167374,-0.171079
-0.053186,0.719800,0.783732,0.376967,0.482240,0.331489,-1.261550,0.562377,0.588508,0.094338,0.469173,0.273890,0.681109,0.452005,0.210997,0.217363,0.173819,-0.085608,-1.051526,0.972285,-0.016595,0.111962,-1.254063,0.507713,-0.900604,-0.019869,0.765361,0.192103,-0.504756,-0.300880,0.165397,0.498751,318.320147,0.723612,-1.368853,0.125652,0.139632,1.726007,-0.811118,-1.093890,0.709174,0.105738,0.168266,0.286678,0.852787,0.562750,-0.635539,0.025053
-0.053186,0.792337,0.166526,0.322231,0.340591,0.417668,-1.407285,0.321627,1.055425,0.096772,0.587324,0.292487,0.677825,0.452005,0.153215,0.212386,0.245829,-0.028696,-1.462573,1.000587,0.538818,-0.634020,-1.157782,1.052017,-0.900604,0.003721,0.752079,0.166751,-0.036290,-0.532485,0.165397,0.192499,68.085961,1.242664,-1.452291,0.371288,0.233161,0.935164,-0.811118,-1.105206,0.796074,0.146247,0.133457,0.294818,0.852787,0.585128,-0.635539,0.325967
0.090591,0.630609,0.995808,0.092845,0.419863,0.269865,-1.410271,0.214001,0.759202,0.171214,0.172788,0.361629,0.542884,0.336505,0.184521,0.211006,0.197580,0.169700,-1.576912,0.786806,0.157232,-0.349274,-1.908058,-0.022330,-0.693096,-0.452365,0.636411,0.214897,0.347127,-0.490093,0.392900,0.379055,264.232283,1.366039,-1.397682,0.061306,0.106960,2.209037,-0.315302,0.531353,0.075495,0.111238,0.202113,0.102328,0.816805,0.824184,-0.421484,0.065260
0.726909,0.856686,3.129608,0.016220,0.342225,0.192765,-0.900915,0.200476,0.364124,0.026726,0.088199,0.214255,0.381966,-0.019663,0.080377,0.037370,0.013048,-0.036856,-0.845936,0.733044,-0.001461,0.017882,-1.254959,-0.185691,-0.071922,0.254616,0.737432,0.059219,-0.222634,-0.167223,0.075071,0.215346,938.045679,0.895387,-1.347480,0.012880,0.044712,2.040110,-0.306116,0.702595,0.043794,0.004169,0.129754,0.172594,0.205853,0.564005,0.267855,-0.224619
-0.018538,0.678155,0.890975,0.241004,0.438168,0.231115,-0.799714,0.511408,0.580717,0.089215,0.288495,0.297722,0.635011,0.536923,0.158641,0.147437,0.182261,-0.015947,-0.689923,0.981380,0.017169,-0.086168,-1.814076,0.133263,-0.874148,-0.000887,0.695976,0.165028,-0.396905,-0.580720,0.133235,0.530761,374.309049,0.628376,-1.263672,0.135815,0.149318,1.830057,-0.890538,-1.047286,0.658512,0.108831,0.181388,0.251753,0.752607,0.564005,-0.550452,0.008589
-0.018538,0.745336,0.162207,0.248196,0.375828,0.345234,-1.235502,0.347664,1.000956,0.100979,0.511958,0.223654,0.635011,0.536923,0.140252,0.173237,0.271519,-0.049687,-1.403502,1.023180,0.645708,-0.656845,-1.843906,0.937447,-0.874148,-0.108502,0.697375,0.176094,-0.103828,-0.472751,0.133235,0.177049,62.928029,1.277013,-1.201953,0.415565,0.251939,0.971491,-0.890538,-1.062473,0.781103,0.143397,0.172587,0.295453,0.752607,0.323533,-0.550452,0.303856
0.284011,0.705966,1.816048,0.113641,0.420447,0.232891,-1.087808,0.174957,0.748799,0.211134,0.207599,0.282799,0.595971,0.444850,0.185311,0.178782,0.145674,0.350540,-1.155739,0.856891,0.015827,-0.549913,-1.353243,-0.067431,-0.277741,-0.773473,0.735800,0.231422,0.286082,-0.416653,0.604542,0.232181,484.008835,1.034798,-1.421144,0.073132,0.184804,2.119776,-0.317873,0.516182,0.118021,0.139707,0.143169,0.140891,0.661624,0.484497,-0.525003,0.240489
0.826716,0.923812,2.482992,0.031958,0.322804,0.293201,-1.041108,0.164810,0.368960,0.014286,0.135594,0.345188,0.400943,-0.034041,0.166058,0.029716,0.011381,0.440640,-0.815179,0.741742,0.005769,-0.146306,-1.543060,-0.195839,-0.027927,0.265404,0.778537,0.070450,-0.402938,-0.258267,0.052774,0.245974,780.033213,0.921761,-1.352913,0.040149,0.029021,2.125952,-0.314991,0.697765,0.108258,0.002723,0.168856,0.239127,0.125720,0.611024,0.186918,-0.240291
0.152529,0.745095,0.662584,0.290515,0.440241,0.185695,-1.067282,0.485395,0.728104,0.101379,0.383809,0.228001,0.688109,0.508537,0.177995,0.161797,0.145656,0.042839,-0.683368,1.009799,0.217084,0.036998,-1.420662,0.886626,-0.832974,-0.020090,0.712018,0.175757,-0.512285,-0.654603,0.154449,0.626060,279.915446,0.548468,-1.304743,0.176363,0.162480,1.948011,-0.756166,-0.948034,0.753545,0.095484,0.196033,0.363840,0.592299,0.636025,-0.596230,-0.027336
0.152529,0.721118,0.176787,0.305855,0.326489,0.207292,-1.282727,0.257366,0.855734,0.188394,0.508393,0.191865,0.667166,0.508537,0.156080,0.263959,0.234978,0.149443,-1.092981,1.009799,0.414221,-0.684945,-1.301389,1.119155,-0.832974,-0.076261,0.724545,0.198991,0.086084,-0.353351,0.514258,0.207854,70.258333,0.945459,-1.304026,0.363616,0.243158,1.072858,-0.774180,-0.950327,0.755571,0.173546,0.177315,0.211307,0.592299,0.510586,-0.553733,0.231754
0.055400,0.710299,1.983573,0.123201,0.383706,0.397130,-1.602133,0.258863,0.625548,0.056310,0.168392,0.323063,0.533889,0.403072,0.220206,0.153876,0.117752,-0.185508,-1.746787,0.780228,0.038130,-0.230958,-1.964864,0.001571,-0.692484,-0.076261,0.734939,0.178134,0.129044,-0.275818,0.105269,0.402445,591.565994,1.403190,-1.492891,0.068374,0.121004,1.826622,-0.314821,0.514106,0.097429,0.103348,0.221855,0.130386,0.643310,0.510586,-0.068410,0.046974
0.837182,0.802697,2.415143,0.030164,0.360474,0.101832,-0.637419,0.206352,0.161727,0.037680,0.099921,0.193084,0.401164,-0.044727,0.084905,0.040889,0.016028,-0.719615,-0.294145,0.756135,0.011532,0.043033,-1.551730,-0.044936,-0.106173,0.265676,0.734939,0.047486,-0.480374,-0.055792,0.050848,0.316399,765.758552,0.343047,-1.477406,0.027082,0.048737,1.747056,-0.310853,0.625817,0.079709,0.002782,0.128798,0.190908,0.181680,0.857503,0.152023,-0.202778
-0.834956,0.584880,0.842025,0.375014,0.454627,0.218264,-1.303010,0.825321,0.261616,0.076321,0.379639,0.297565,0.689625,0.291463,0.168437,0.160179,0.126532,-0.221978,-1.151068,0.922802,0.001496,0.016805,-2.003837,0.170260,-0.668920,-0.017032,0.675357,0.139569,-0.698841,-0.211315,0.124135,0.577954,345.386033,0.921396,-1.479541,0.096466,0.114576,1.488059,-0.858351,-1.307308,0.598479,0.085396,0.308551,0.250072,0.758925,0.931449,-0.762811,-0.044658
-0.834956,0.883019,0.175552,0.302485,0.386610,0.377638,-1.439041,0.639854,1.059533,0.078972,0.659149,0.289931,0.663849,0.291463,0.136568,0.110676,0.200833,0.248571,-1.514030,1.085380,0.692081,-0.422189,-1.476242,0.832555,-0.668920,-0.013899,0.684211,0.085203,-0.377577,-0.365404,0.124135,0.297759,73.584889,1.280234,-1.383301,0.400534,0.178127,1.056961,-0.950277,-1.473359,0.774203,0.100555,0.192576,0.409605,0.758925,0.509783,-0.762811,0.186071
-0.094099,0.689230,1.169411,0.152915,0.414674,0.301419,-1.157206,0.206870,0.872176,0.239193,0.356937,0.319063,0.592012,0.543983,0.213173,0.294640,0.200563,0.236305,-1.073311,0.834655,0.023177,-0.450803,-1.927947,0.123586,-0.701965,-0.680939,0.729470,0.250963,0.349102,-0.498484,0.651220,0.427693,331.176613,0.967421,-1.356581,0.123248,0.182878,1.849122,-0.346944,0.498035,0.137799,0.182700,0.300758,0.125271,0.956164,0.954386,-0.517137,0.211962
0.526993,0.893441,3.461145,0.018915,0.378711,0.216872,-1.088599,0.298614,0.368875,0.045932,0.073271,0.153210,0.423609,-0.036440,0.097556,0.034840,0.013303,-0.192439,-0.817031,0.745839,-0.005188,-0.083969,-1.604048,-0.150060,-0.069208,0.237560,0.794778,0.070606,-0.302497,-0.177406,0.051341,0.207176,1179.796858,0.803415,-1.209745,0.031410,0.069639,1.836345,-0.310377,0.799544,0.062270,0.003098,0.167187,0.181139,0.133662,0.622625,0.215976,-0.140920
-0.319005,0.633318,0.862769,0.254307,0.437640,0.229215,-1.141704,0.639094,0.463631,0.092412,0.302712,0.295539,0.641613,0.515203,0.150855,0.120625,0.158121,0.337367,-1.050461,0.958097,0.170771,-0.262149,-1.789950,0.093246,-0.752629,0.030157,0.678465,0.151629,-0.502234,-0.537462,0.173514,0.558171,367.239676,1.010362,-1.307361,0.145542,0.132377,1.748988,-0.931721,-1.025621,0.640420,0.116423,0.197199,0.244573,0.714426,0.720632,-0.544038,-0.034281
-0.319005,0.760633,0.162958,0.221476,0.320889,0.301314,-1.244482,0.417501,0.915875,0.079177,0.552840,0.284780,0.618445,0.515203,0.128261,0.137709,0.217756,0.337367,-1.344702,0.961023,0.669134,-0.584302,-1.384455,0.832007,-0.752629,0.030157,0.692335,0.132670,-0.139796,-0.317040,0.173514,0.103517,62.294674,1.175622,-1.362138,0.341039,0.206856,0.939402,-0.931721,-1.055760,0.784993,0.144306,0.194174,0.280985,0.714426,0.566736,-0.544038,0.253487
0.154486,0.673197,1.172793,0.094183,0.420455,0.293719,-1.361464,0.177868,0.818507,0.162655,0.233740,0.243187,0.612775,0.536099,0.230796,0.193005,0.123379,0.311300,-1.421649,0.811995,0.029929,-0.484818,-1.448108,-0.066642,-0.523246,-0.933770,0.727842,0.232644,0.270161,-0.550527,0.515371,0.264199,338.207074,1.288235,-1.392114,0.092051,0.162063,1.909653,-0.312340,0.433218,0.144855,0.137914,0.250041,0.141567,0.573494,0.884243,-0.573736,0.227993
0.715298,0.969948,3.065740,0.020504,0.364216,0.308968,-1.174855,0.254404,0.313721,0.031553,0.112923,0.298245,0.435309,0.027412,0.073601,0.033305,0.014767,0.094642,-1.157743,0.729840,-0.008234,-0.062328,-1.637289,-0.219428,-0.069517,0.265491,0.741830,0.054962,-0.461346,-0.219017,0.084248,0.287665,949.508085,1.015975,-1.385948,0.047657,0.050978,2.030693,-0.311857,0.779940,0.080057,0.008515,0.161253,0.234510,0.176213,0.597138,0.211142,-0.220580
-0.032643,0.764448,0.827564,0.245124,0.502161,0.335546,-1.290783,0.551682,0.470369,0.107181,0.326745,0.224000,0.750822,0.400484,0.194820,0.171072,0.141743,0.189260,-1.423980,1.041466,0.115186,-0.126868,-1.746236,-0.156092,-0.999976,-0.073987,0.706143,0.199137,-0.603666,-0.524746,0.099043,0.621339,310.454534,1.180570,-1.384340,0.113935,0.155202,1.790694,-0.605889,-1.437112,0.795968,0.104830,0.238427,0.274835,0.596041,0.710785,-0.653490,0.125072
-0.032643,0.981048,0.164105,0.192784,0.402056,0.440773,-1.278147,0.365337,1.014281,0.081943,0.599780,0.332227,0.750822,0.400484,0.130172,0.189014,0.219040,0.415348,-1.329863,1.090596,0.718872,-0.364279,-1.465476,0.861563,-0.999976,-0.067145,0.711386,0.115374,-0.231481,-0.334940,0.147111,0.116479,61.235224,1.149431,-1.344222,0.432417,0.185313,1.003402,-0.815144,-1.545284,0.818234,0.114187,0.142447,0.363044,0.596041,0.578001,-0.653490,0.225848
0.009472,0.787779,0.744385,0.208593,0.406175,0.165986,-1.536746,0.198168,0.816636,0.230192,0.432807,0.153326,0.607815,0.485632,0.200245,0.250738,0.193112,0.191903,-1.540161,0.855225,0.307528,-0.983561,-1.523494,0.306938,-0.468439,-0.558053,0.676459,0.202599,0.336107,-0.484502,0.664056,0.273411,229.938769,1.402414,-1.458046,0.181408,0.226223,1.781092,-0.458718,0.483517,0.172387,0.174792,0.274439,0.112662,0.481868,0.879642,-0.246353,0.256398
0.508442,0.858354,3.508047,0.030668,0.380202,0.238587,-0.920157,0.287515,0.442328,0.037410,0.147129,0.190345,0.412022,-0.028688,0.158700,0.046221,0.010042,-0.097326,-0.805365,0.728022,-0.008887,-0.043768,-1.934682,-0.166322,-0.049432,0.251209,0.789424,0.093018,-0.410831,-0.177322,0.057197,0.238566,1014.338321,0.803345,-1.316031,0.015931,0.056527,2.061333,-0.317944,0.762419,0.040705,0.002779,0.164243,0.236818,0.108277,0.630493,0.238466,-0.163777
-0.258307,0.627744,0.796070,0.294617,0.439413,0.164184,-1.344012,0.626481,0.274953,0.086594,0.338372,0.298407,0.638103,0.582302,0.175230,0.116486,0.160478,0.226195,-1.404005,0.930610,0.231901,-0.095721,-2.027994,0.321608,-0.793467,0.035086,0.622407,0.126930,-0.601749,-0.368771,0.140729,0.549718,284.170052,1.202790,-1.235696,0.135367,0.104602,2.018824,-0.852915,-0.939718,0.634747,0.114337,0.184138,0.233947,0.588223,0.789548,-0.502181,-0.086962
-0.258307,0.711512,0.166597,0.243548,0.291681,0.344057,-1.339370,0.373316,0.747503,0.080519,0.620545,0.229452,0.600588,0.582302,0.115514,0.122612,0.221113,0.116709,-1.460540,0.930610,0.654040,-0.525104,-1.476038,0.784112,-0.793467,0.114339,0.659316,0.108030,-0.263447,-0.288840,0.140729,0.087772,65.766525,1.265289,-1.155350,0.307729,0.183922,1.071283,-0.852915,-0.941047,0.747111,0.142130,0.133313,0.267223,0.588223,0.623097,-0.502181,0.144462
0.056937,0.655585,1.068471,0.163905,0.419118,0.396868,-1.194898,0.208939,0.823563,0.213269,0.416603,0.316635,0.569950,0.651785,0.191304,0.324399,0.138675,0.381290,-0.979672,0.800628,0.013040,-0.373855,-2.155979,0.093317,-0.623309,-0.876212,0.633596,0.208693,0.328411,-0.540727,0.639703,0.247915,332.760457,0.861177,-1.306662,0.080097,0.123180,1.898054,-0.313571,0.490574,0.104828,0.160193,0.326356,0.121726,0.629621,0.807142,-0.542569,0.192735
0.735446,0.905805,2.549862,0.048786,0.358340,0.293259,-1.150773,0.258025,0.340336,0.036061,0.096566,0.196547,0.429863,-0.031727,0.087150,0.049107,0.021981,0.004464,-0.973570,0.743488,0.007912,0.041315,-1.505444,-0.180648,-0.063799,0.257126,0.803091,0.079948,-0.410214,-0.237800,0.053214,0.238717,820.012130,1.156368,-1.345305,0.043695,0.049809,1.964186,-0.322349,0.729740,0.057916,0.007263,0.135934,0.205920,0.185106,0.673950,0.250168,-0.220715
-0.222238,0.679688,0.657735,0.264837,0.450396,0.233064,-1.333846,0.658471,0.541195,0.092832,0.317791,0.293714,0.668279,0.556169,0.160015,0.118263,0.164814,0.341914,-1.466376,0.990879,0.251733,-0.185798,-2.021664,0.203626,-0.762119,0.001908,0.620246,0.136609,-0.574269,-0.499951,0.136286,0.576852,260.271691,1.208136,-1.286902,0.169479,0.147481,1.898489,-0.900093,-1.107241,0.696781,0.121251,0.279486,0.297409,0.793508,0.815871,-0.622980,0.015150
-0.178196,0.777703,0.163411,0.171876,0.323686,0.251957,-1.443205,0.342383,0.955651,0.072959,0.510220,0.233984,0.515781,0.233414,0.154270,0.109042,0.218880,0.370448,-1.602483,0.990879,0.684383,-0.492949,-1.493128,0.793247,-0.755619,0.001908,0.728171,0.143478,0.007023,-0.535333,0.136286,0.163786,63.421235,1.372257,-1.454799,0.321415,0.214116,1.050456,-0.900093,-1.118896,0.805109,0.085689,0.158813,0.221294,0.793508,0.975125,-0.622357,0.255754
-0.208203,0.614617,1.108941,0.119131,0.427491,0.481292,-1.424055,0.277670,0.955759,0.198644,0.290812,0.423194,0.590677,0.584866,0.148583,0.209997,0.144419,0.270633,-1.790804,0.907913,0.093837,-0.702721,-2.084121,0.081003,-0.710058,-1.179245,0.654530,0.238260,0.400635,-0.220834,0.918740,0.374031,275.870751,1.564777,-1.259741,0.082894,0.216463,0.952018,-0.321493,0.416119,0.107635,0.128571,0.370423,0.148536,0.651475,1.112197,-0.119620,0.530759
0.602748,0.808132,2.917773,0.029522,0.358632,0.191383,-0.978011,0.265605,0.382882,0.033024,0.112769,0.212015,0.378690,-0.026804,0.055872,0.040927,0.015181,0.017818,-0.832000,0.719161,0.003192,0.020311,-1.842547,-0.171295,-0.060159,0.236660,0.702875,0.060091,-0.347989,-0.202412,0.062852,0.268955,898.484927,0.876274,-1.214735,0.011082,0.050523,1.639897,-0.318755,0.688681,0.038095,0.001951,0.150726,0.220993,0.133971,0.682180,0.219116,-0.183819
0.168840,0.444348,0.165428,0.130605,0.331260,0.227546,-1.189063,0.330917,0.721104,0.089202,0.505327,0.215821,0.554974,0.264392,0.067737,0.148535,0.133647,-0.061487,-1.257412,0.960596,0.531209,-0.313808,-1.410889,0.606832,-0.463679,0.169207,0.564399,0.091931,-0.515094,-0.355916,0.126489,0.293216,67.695748,1.162098,-1.221023,0.356307,0.103745,0.915514,-0.865513,-0.829898,0.459502,0.073911,0.095546,0.441776,0.444163,0.190194,-0.419383,-0.149745
0.382660,1.315954,0.386339,0.004418,0.248115,0.032659,-0.580291,0.031169,-0.097502,0.002802,0.017346,0.051808,0.262388,-0.042340,0.007215,0.008271,0.002429,-0.105036,-0.562402,0.707671,-0.002166,-0.037268,-1.105394,-0.179378,-0.007956,0.293171,0.457655,0.014899,-0.211350,-0.195435,0.048864,0.040615,139.413328,0.955538,-1.154457,0.006621,0.009252,1.359532,-0.302031,1.295184,0.013837,0.000622,0.033861,0.022974,0.108859,0.250277,0.074947,-0.317275
0.413349,1.310039,0.273867,0.000778,0.242855,0.036072,-0.554680,0.020730,-0.066407,0.001133,0.003908,0.011958,0.245440,-0.042205,0.005985,0.002345,0.001069,-0.134370,-0.592442,0.707337,-0.004494,0.039543,-1.078576,-0.212479,-0.007191,0.298314,0.451438,0.003193,-0.167722,-0.181335,0.048595,0.045071,83.151447,0.832340,-1.174413,0.001139,0.005401,1.897827,-0.302568,1.274639,0.019607,0.000621,0.027482,0.027839,0.108995,0.210080,0.083660,-0.331086
0.529810,1.210283,2.147315,0.019401,0.272839,0.137328,-0.731189,0.083851,-0.078718,0.015368,0.069336,0.264265,0.293029,-0.046830,0.050394,0.026169,0.006284,-0.056326,-0.749584,0.718470,0.020644,0.020969,-1.576891,-0.072914,0.004357,0.274908,0.563630,0.044723,-0.210410,-0.026119,0.049834,0.171848,575.289169,0.943636,-1.244901,0.012592,0.024702,2.159168,-0.297826,1.113618,0.063618,0.001575,0.067495,0.030501,0.153983,0.373592,0.014735,-0.242276
